epoch,critic_loss,actor_loss,q1_loss,q2_loss,cost_loss,cql_q1,cql_q2,expected_reward_lcb,expected_inad_cost,expected_immediate_cost,expected_support_cost,expected_smooth_cost,expected_uncertainty_cost,exact_soft_inadmissibility_rate,measured_support,measured_smooth,measured_uncertainty,lambda_inad,lambda_support,lambda_smooth,lambda_uncertainty,lagrange,cost_budget,uses_action_mask,avg_return,survival_rate,mortality_rate,avg_length,inadmissibility_rate,expert_argmax_match,mean_kl_to_expert,policy_entropy,mean_action_deviation_from_expert,soft_survival_rate,soft_inadmissibility_rate,soft_avg_return,soft_policy_entropy,soft_mean_kl_to_expert
1,4.268011569976807,0.9884443879127502,0.03201175853610039,0.0292108952999115,0.956138014793396,3.3405797481536865,3.160722255706787,-0.09364862740039825,0.11929039657115936,2.975575872096685e-18,0.8810282945632935,0.11090929061174393,0.14531315863132477,2.975575872096685e-18,0.8810282945632935,0.11090929061174393,0.14531315863132477,0.0,0.0,0.0,0.0,0.0,0.0001,False,,,,,,,,,,,,,,
2,4.20637845993042,0.94820636510849,0.02967938967049122,0.029478494077920914,0.9401169419288635,3.292984962463379,3.121222496032715,-0.05519571155309677,0.13903656601905823,2.7837636481887543e-18,0.8788731694221497,0.11076288670301437,0.14899243414402008,2.7837636481887543e-18,0.8788731694221497,0.11076288670301437,0.14899243414402008,0.0,0.0,0.0,0.0,0.0,0.0001,False,,,,,,,,,,,,,,
3,4.1434831619262695,0.9053187370300293,0.029236260801553726,0.03138625621795654,0.9212446212768555,3.245837926864624,3.0773935317993164,-0.014173413626849651,0.16294485330581665,2.6040398417526734e-18,0.8764099478721619,0.11075852066278458,0.15494683384895325,2.6040398417526734e-18,0.8764099478721619,0.11075852066278458,0.15494683384895325,0.0,0.0,0.0,0.0,0.0,0.0001,False,,,,,,,,,,,,,,
4,4.082594871520996,0.8652681112289429,0.03009295091032982,0.035074878484010696,0.899528443813324,3.2007551193237305,3.035041570663452,0.024435101076960564,0.19365449249744415,2.433478094576383e-18,0.8740463256835938,0.11057388037443161,0.16413210332393646,2.433478094576383e-18,0.8740463256835938,0.11057388037443161,0.16413210332393646,0.0,0.0,0.0,0.0,0.0,0.0001,False,,,,,,,,,,,,,,
5,4.018631935119629,0.8216608166694641,0.03279080614447594,0.04022004082798958,0.8741708993911743,3.1512062549591064,2.991694450378418,0.06732916831970215,0.22510144114494324,2.2699579291596035e-18,0.8724197745323181,0.11060967296361923,0.17324469983577728,2.2699579291596035e-18,0.8724197745323181,0.11060967296361923,0.17324469983577728,0.0,0.0,0.0,0.0,0.0,0.0001,False,,,,,,,,,,,,,,
6,3.9529106616973877,0.7748712301254272,0.037195030599832535,0.04775196313858032,0.8451393842697144,3.1009626388549805,2.944685935974121,0.11321452260017395,0.26482847332954407,2.1089348152169684e-18,0.8702247142791748,0.11061421781778336,0.18612177670001984,2.1089348152169684e-18,0.8702247142791748,0.11061421781778336,0.18612177670001984,0.0,0.0,0.0,0.0,0.0,0.0001,False,,,,,,,,,,,,,,
7,3.882131814956665,0.7239118218421936,0.043944865465164185,0.05841211974620819,0.8105689287185669,3.046396493911743,2.892014980316162,0.1627999097108841,0.31024014949798584,1.9516797157596654e-18,0.8676294088363647,0.11052466928958893,0.198301300406456,1.9516797157596654e-18,0.8676294088363647,0.11052466928958893,0.198301300406456,0.0,0.0,0.0,0.0,0.0,0.0001,False,,,,,,,,,,,,,,
8,3.812366485595703,0.6708379983901978,0.052800074219703674,0.07091976702213287,0.7719285488128662,2.99198055267334,2.8414559364318848,0.21489953994750977,0.35814788937568665,1.804047415163345e-18,0.8654466271400452,0.11050660163164139,0.21035699546337128,1.804047415163345e-18,0.8654466271400452,0.11050660163164139,0.21035699546337128,0.0,0.0,0.0,0.0,0.0,0.0001,False,,,,,,,,,,,,,,
9,3.7347617149353027,0.6111617088317871,0.06460516899824142,0.08689744770526886,0.7272290587425232,2.9296982288360596,2.7823617458343506,0.27399230003356934,0.41457170248031616,1.665395504284783e-18,0.8634417653083801,0.11060567200183868,0.22454091906547546,1.665395504284783e-18,0.8634417653083801,0.11060567200183868,0.22454091906547546,0.0,0.0,0.0,0.0,0.0,0.0001,False,,,,,,,,,,,,,,
10,3.661646842956543,0.5466803908348083,0.08056306093931198,0.10755308717489243,0.6776726841926575,2.867002010345459,2.7247140407562256,0.33770278096199036,0.4774516820907593,1.5350135383753731e-18,0.8615279197692871,0.11067903786897659,0.23593749105930328,1.5794839555545838e-18,0.8599014282226562,0.11056739091873169,0.23155398666858673,0.0,0.0006099014282226563,0.0,0.0,0.0,0.0001,False,0.7808077335357666,0.7808077335357666,0.2191922664642334,9.376967430114746,0.0,0.9061118364334106,3.9983348846435547,-0.0,1.1047685146331787,0.7781162858009338,1.5628190546176532e-18,0.7781162858009338,0.4940057396888733,0.0071072508580982685
11,3.584996461868286,0.47774049639701843,0.09746148437261581,0.1289394646883011,0.624483048915863,2.8028922080993652,2.665332794189453,0.40511906147003174,0.5398266911506653,1.3968745828741707e-18,0.8585891723632812,0.11049932986497879,0.2448093146085739,1.3968745828741707e-18,0.8585891723632812,0.11049932986497879,0.2448093146085739,0.0,0.0006099014282226563,0.0,0.0,0.0,0.0001,False,,,,,,,,,,,,,,
12,3.5121877193450928,0.4045378565788269,0.11778426915407181,0.15123799443244934,0.5692715644836426,2.7381670475006104,2.609621047973633,0.4770283102989197,0.6029233336448669,1.2892979864528477e-18,0.8567613959312439,0.11079506576061249,0.25013160705566406,1.2892979864528477e-18,0.8567613959312439,0.11079506576061249,0.25013160705566406,0.0,0.0006099014282226563,0.0,0.0,0.0,0.0001,False,,,,,,,,,,,,,,
13,3.440674066543579,0.3289186358451843,0.1393226981163025,0.17396427690982819,0.5117555856704712,2.6744887828826904,2.556774377822876,0.5507212281227112,0.6681492924690247,1.1953827948357209e-18,0.854491114616394,0.11073175817728043,0.2535473108291626,1.1953827948357209e-18,0.854491114616394,0.11073175817728043,0.2535473108291626,0.0,0.0006099014282226563,0.0,0.0,0.0,0.0001,False,,,,,,,,,,,,,,
14,3.3708748817443848,0.25212448835372925,0.1635185182094574,0.196351557970047,0.4531158208847046,2.612440347671509,2.5033376216888428,0.624448299407959,0.7287486791610718,1.1112788958616621e-18,0.8515602350234985,0.11081743985414505,0.252156525850296,1.1112788958616621e-18,0.8515602350234985,0.11081743985414505,0.252156525850296,0.0,0.0006099014282226563,0.0,0.0,0.0,0.0001,False,,,,,,,,,,,,,,
15,3.3037750720977783,0.17522886395454407,0.18643203377723694,0.21632128953933716,0.3962385654449463,2.5512259006500244,2.458340644836426,0.6986700892448425,0.7812756299972534,1.0412370673010048e-18,0.8496106266975403,0.11087029427289963,0.24488940834999084,1.0412370673010048e-18,0.8496106266975403,0.11087029427289963,0.24488940834999084,0.0,0.0006099014282226563,0.0,0.0,0.0,0.0001,False,,,,,,,,,,,,,,
16,3.24479341506958,0.09877976775169373,0.20765447616577148,0.2319178581237793,0.34462377429008484,2.501753568649292,2.419440984725952,0.770718514919281,0.8266870975494385,9.76585147611743e-19,0.8464975953102112,0.11081676185131073,0.2319805771112442,9.76585147611743e-19,0.8464975953102112,0.11081676185131073,0.2319805771112442,0.0,0.0006099014282226563,0.0,0.0,0.0,0.0001,False,,,,,,,,,,,,,,
17,3.1866142749786377,0.029875826090574265,0.2254205197095871,0.24221374094486237,0.2967628240585327,2.4545791149139404,2.389855146408081,0.8359163403511047,0.8618494272232056,9.307838469019521e-19,0.8440253138542175,0.1110500618815422,0.2196113020181656,9.307838469019521e-19,0.8440253138542175,0.1110500618815422,0.2196113020181656,0.0,0.0006099014282226563,0.0,0.0,0.0,0.0001,False,,,,,,,,,,,,,,
18,3.1289801597595215,-0.03107973374426365,0.23715275526046753,0.24511168897151947,0.2551896572113037,2.4167513847351074,2.366300582885742,0.8923784494400024,0.8845356106758118,8.911485572732847e-19,0.8411562442779541,0.1111823096871376,0.20331887900829315,8.911485572732847e-19,0.8411562442779541,0.1111823096871376,0.20331887900829315,0.0,0.0006099014282226563,0.0,0.0,0.0,0.0001,False,,,,,,,,,,,,,,
19,3.079651117324829,-0.07895112782716751,0.2437385469675064,0.24362419545650482,0.22136777639389038,2.3903443813323975,2.351496934890747,0.9367365837097168,0.9001416563987732,8.725978946634408e-19,0.838960587978363,0.11154485493898392,0.19010673463344574,8.725978946634408e-19,0.838960587978363,0.11154485493898392,0.19010673463344574,0.0,0.0006099014282226563,0.0,0.0,0.0,0.0001,False,,,,,,,,,,,,,,
20,3.0336873531341553,-0.11969500035047531,0.24563542008399963,0.23682726919651031,0.19500890374183655,2.368560552597046,2.3438708782196045,0.9729866981506348,0.9012948870658875,8.550188073818287e-19,0.8362136483192444,0.11185953766107559,0.1725877821445465,8.707250179621337e-19,0.834452748298645,0.11206650733947754,0.1695263534784317,0.0,0.0011943541765213014,0.0,0.0,0.0,0.0001,False,0.7854284644126892,0.7854284644126892,0.2145715355873108,8.451679229736328,0.0,0.9148567914962769,4.010022163391113,-0.0,1.4080172777175903,0.7791890501976013,8.619520307708115e-19,0.7791890501976013,0.467896968126297,0.02168935164809227
21,2.9961304664611816,-0.1459975391626358,0.24317066371440887,0.22759747505187988,0.17584258317947388,2.3557591438293457,2.34328031539917,0.9973514080047607,0.8939740657806396,8.419347746451946e-19,0.8344537019729614,0.11251042038202286,0.16588500142097473,8.419347746451946e-19,0.8344537019729614,0.11251042038202286,0.16588500142097473,0.0,0.0011943541765213014,0.0,0.0,0.0,0.0001,False,,,,,,,,,,,,,,
22,2.9624128341674805,-0.16397114098072052,0.23715265095233917,0.2159034162759781,0.16157369315624237,2.348337173461914,2.34722900390625,1.0123316049575806,0.8800244927406311,8.38680284223893e-19,0.8321118950843811,0.11317604780197144,0.15932783484458923,8.38680284223893e-19,0.8321118950843811,0.11317604780197144,0.15932783484458923,0.0,0.0011943541765213014,0.0,0.0,0.0,0.0001,False,,,,,,,,,,,,,,
23,2.9299027919769287,-0.17169226706027985,0.2241642326116562,0.2003512680530548,0.14915794134140015,2.351437568664551,2.3610212802886963,1.017539381980896,0.8526759147644043,8.378684581514605e-19,0.8303771615028381,0.11371266096830368,0.15150804817676544,8.378684581514605e-19,0.8303771615028381,0.11371266096830368,0.15150804817676544,0.0,0.0011943541765213014,0.0,0.0,0.0,0.0001,False,,,,,,,,,,,,,,
24,2.906174659729004,-0.1701924353837967,0.21206270158290863,0.18716715276241302,0.14194366335868835,2.3575494289398193,2.372452735900879,1.014012098312378,0.8230129480361938,8.461345257114912e-19,0.8286142945289612,0.11420243978500366,0.14882712066173553,8.461345257114912e-19,0.8286142945289612,0.11420243978500366,0.14882712066173553,0.0,0.0011943541765213014,0.0,0.0,0.0,0.0001,False,,,,,,,,,,,,,,
25,2.8830156326293945,-0.1732264906167984,0.19895946979522705,0.17431296408176422,0.13469260931015015,2.3648431301116943,2.3852579593658447,1.0152642726898193,0.7938169240951538,8.40343537640584e-19,0.8269666433334351,0.11469773203134537,0.14744573831558228,8.40343537640584e-19,0.8269666433334351,0.11469773203134537,0.14744573831558228,0.0,0.0011943541765213014,0.0,0.0,0.0,0.0001,False,,,,,,,,,,,,,,
26,2.8648457527160645,-0.17176905274391174,0.1878238320350647,0.16428214311599731,0.13036873936653137,2.3723886013031006,2.3923532962799072,1.0113807916641235,0.7608516216278076,8.278093732161445e-19,0.8244518637657166,0.11498776078224182,0.14828146994113922,8.278093732161445e-19,0.8244518637657166,0.11498776078224182,0.14828146994113922,0.0,0.0011943541765213014,0.0,0.0,0.0,0.0001,False,,,,,,,,,,,,,,
27,2.843492031097412,-0.17195485532283783,0.1759517341852188,0.15601103007793427,0.12454445660114288,2.3779940605163574,2.3959758281707764,1.0094350576400757,0.7255445122718811,8.132292292453435e-19,0.8222606778144836,0.11522108316421509,0.1488393247127533,8.132292292453435e-19,0.8222606778144836,0.11522108316421509,0.1488393247127533,0.0,0.0011943541765213014,0.0,0.0,0.0,0.0001,False,,,,,,,,,,,,,,
28,2.827651262283325,-0.16900745034217834,0.16574475169181824,0.14889980852603912,0.11873764544725418,2.388784408569336,2.3997538089752197,1.004673957824707,0.6911134123802185,7.928772257553005e-19,0.8204532265663147,0.11560684442520142,0.14872528612613678,7.928772257553005e-19,0.8204532265663147,0.11560684442520142,0.14872528612613678,0.0,0.0011943541765213014,0.0,0.0,0.0,0.0001,False,,,,,,,,,,,,,,
29,2.8073220252990723,-0.16986647248268127,0.15820534527301788,0.14451174437999725,0.11308339238166809,2.3882358074188232,2.3948073387145996,1.0037728548049927,0.6567609310150146,7.664428598235785e-19,0.8185261487960815,0.11567934602499008,0.15033698081970215,7.664428598235785e-19,0.8185261487960815,0.11567934602499008,0.15033698081970215,0.0,0.0011943541765213014,0.0,0.0,0.0,0.0001,False,,,,,,,,,,,,,,
30,2.793762445449829,-0.1785234957933426,0.15115617215633392,0.1423013061285019,0.10965589433908463,2.3913557529449463,2.3899424076080322,1.010424017906189,0.6289441585540771,7.402492551488978e-19,0.8165150880813599,0.1161227896809578,0.15033461153507233,7.464232681267969e-19,0.8138319253921509,0.11656442284584045,0.1425078958272934,0.0,0.0017581861019134522,0.0,0.0,0.0,0.0001,False,0.7831887006759644,0.7831887006759644,0.21681129932403564,8.193821907043457,0.0,0.9056794047355652,4.03562068939209,-0.0,1.6064190864562988,0.7789683938026428,7.391711264182824e-19,0.7789683938026428,0.43127015233039856,0.0527680367231369
31,2.780001401901245,-0.18391837179660797,0.147822767496109,0.1438896656036377,0.10833282023668289,2.3849992752075195,2.374912977218628,1.0134673118591309,0.6036849021911621,6.966295916059273e-19,0.8136268854141235,0.11619900166988373,0.15104198455810547,6.966295916059273e-19,0.8136268854141235,0.11619900166988373,0.15104198455810547,0.0,0.0017581861019134522,0.0,0.0,0.0,0.0001,False,,,,,,,,,,,,,,
32,2.7626636028289795,-0.20963580906391144,0.1461220532655716,0.14533455669879913,0.10424260795116425,2.374305009841919,2.359623432159424,1.0369082689285278,0.5844546556472778,6.578743187514397e-19,0.8114134669303894,0.11642029136419296,0.15035738050937653,6.578743187514397e-19,0.8114134669303894,0.11642029136419296,0.15035738050937653,0.0,0.0017581861019134522,0.0,0.0,0.0,0.0001,False,,,,,,,,,,,,,,
33,2.749476671218872,-0.2294914573431015,0.14488399028778076,0.14792683720588684,0.10065954923629761,2.3673763275146484,2.3446364402770996,1.0540406703948975,0.5626192688941956,6.262655244978922e-19,0.808857798576355,0.11672956496477127,0.14860926568508148,6.262655244978922e-19,0.808857798576355,0.11672956496477127,0.14860926568508148,0.0,0.0017581861019134522,0.0,0.0,0.0,0.0001,False,,,,,,,,,,,,,,
34,2.7355175018310547,-0.25738444924354553,0.14794382452964783,0.1539860963821411,0.1003398671746254,2.3481428623199463,2.318352460861206,1.079750418663025,0.5518943667411804,5.909701413505608e-19,0.8068438172340393,0.11680813878774643,0.14685361087322235,5.909701413505608e-19,0.8068438172340393,0.11680813878774643,0.14685361087322235,0.0,0.0017581861019134522,0.0,0.0,0.0,0.0001,False,,,,,,,,,,,,,,
35,2.720649242401123,-0.2882179319858551,0.15109850466251373,0.15974146127700806,0.09831815958023071,2.327353000640869,2.2956292629241943,1.1081771850585938,0.5368775725364685,5.576019339341131e-19,0.8044798374176025,0.11691846698522568,0.14635656774044037,5.576019339341131e-19,0.8044798374176025,0.11691846698522568,0.14635656774044037,0.0,0.0017581861019134522,0.0,0.0,0.0,0.0001,False,,,,,,,,,,,,,,
36,2.7054495811462402,-0.3294142782688141,0.1565440148115158,0.16605618596076965,0.09640294313430786,2.3024303913116455,2.270462989807129,1.1462724208831787,0.5287498235702515,5.287867871030987e-19,0.8017541170120239,0.11678241193294525,0.14253628253936768,5.287867871030987e-19,0.8017541170120239,0.11678241193294525,0.14253628253936768,0.0,0.0017581861019134522,0.0,0.0,0.0,0.0001,False,,,,,,,,,,,,,,
37,2.6943488121032715,-0.36326196789741516,0.16322728991508484,0.17349322140216827,0.09530927985906601,2.278623580932617,2.2460145950317383,1.1770992279052734,0.5189698338508606,5.019609062476977e-19,0.7991363406181335,0.1168418601155281,0.13843877613544464,5.019609062476977e-19,0.7991363406181335,0.1168418601155281,0.13843877613544464,0.0,0.0017581861019134522,0.0,0.0,0.0,0.0001,False,,,,,,,,,,,,,,
38,2.6753056049346924,-0.4107852578163147,0.16913102567195892,0.17860731482505798,0.09178189188241959,2.249439001083374,2.2221322059631348,1.2225501537322998,0.5170683264732361,4.7501513590226485e-19,0.7972720265388489,0.11660512536764145,0.13627681136131287,4.7501513590226485e-19,0.7972720265388489,0.11660512536764145,0.13627681136131287,0.0,0.0017581861019134522,0.0,0.0,0.0,0.0001,False,,,,,,,,,,,,,,
39,2.6682190895080566,-0.4439796507358551,0.1769682615995407,0.18445169925689697,0.09129727631807327,2.2279908657073975,2.2030129432678223,1.2534472942352295,0.5139144062995911,4.754005503689263e-19,0.7950210571289062,0.11654696613550186,0.13575421273708344,4.754005503689263e-19,0.7950210571289062,0.11654696613550186,0.13575421273708344,0.0,0.0017581861019134522,0.0,0.0,0.0,0.0001,False,,,,,,,,,,,,,,
40,2.6523966789245605,-0.4887585937976837,0.18441462516784668,0.19196900725364685,0.08764246106147766,2.2008111476898193,2.1759305000305176,1.2966989278793335,0.5154664516448975,4.376192309869316e-19,0.7935492992401123,0.11629004031419754,0.1351272016763687,4.151763410526396e-19,0.7905809283256531,0.11572568118572235,0.1253940314054489,0.0,0.0022987670302391052,0.0,0.0,0.0,0.0001,False,0.7818629145622253,0.7818629145622253,0.21813708543777466,8.387415885925293,0.0,0.8827599287033081,4.072173118591309,-0.0,1.6088581085205078,0.7787810564041138,4.1129873433636016e-19,0.7787810564041138,0.370987206697464,0.1267448216676712
41,2.6401753425598145,-0.5221676230430603,0.1924695372581482,0.1981913447380066,0.08569839596748352,2.173964023590088,2.153667688369751,1.327932357788086,0.5162903070449829,4.2497443115556317e-19,0.791169285774231,0.11583393067121506,0.1328221708536148,4.2497443115556317e-19,0.791169285774231,0.11583393067121506,0.1328221708536148,0.0,0.0022987670302391052,0.0,0.0,0.0,0.0001,False,,,,,,,,,,,,,,
42,2.6252894401550293,-0.573900580406189,0.20079699158668518,0.20497390627861023,0.0829349160194397,2.1459615230560303,2.1272056102752686,1.3771437406539917,0.5168034434318542,4.252351222954881e-19,0.7888239622116089,0.11556106805801392,0.13099582493305206,4.252351222954881e-19,0.7888239622116089,0.11556106805801392,0.13099582493305206,0.0,0.0022987670302391052,0.0,0.0,0.0,0.0001,False,,,,,,,,,,,,,,
43,2.611417770385742,-0.6149007678031921,0.20680010318756104,0.20835711061954498,0.07983805239200592,2.123523235321045,2.1093223094940186,1.4167354106903076,0.5176030993461609,3.992721459153448e-19,0.7874898910522461,0.11495666950941086,0.13019970059394836,3.992721459153448e-19,0.7874898910522461,0.11495666950941086,0.13019970059394836,0.0,0.0022987670302391052,0.0,0.0,0.0,0.0001,False,,,,,,,,,,,,,,
44,2.601776123046875,-0.6425743699073792,0.21103248000144958,0.21117690205574036,0.07785990834236145,2.106475830078125,2.096937656402588,1.441957950592041,0.5122544169425964,4.086298075406099e-19,0.7852711081504822,0.11473123729228973,0.12780748307704926,4.086298075406099e-19,0.7852711081504822,0.11473123729228973,0.12780748307704926,0.0,0.0022987670302391052,0.0,0.0,0.0,0.0001,False,,,,,,,,,,,,,,
45,2.5903453826904297,-0.6867234110832214,0.2151736617088318,0.21405743062496185,0.07509813457727432,2.0892255306243896,2.0828068256378174,1.4854344129562378,0.514613151550293,3.8281810181498723e-19,0.7844913005828857,0.11458542197942734,0.12880800664424896,3.8281810181498723e-19,0.7844913005828857,0.11458542197942734,0.12880800664424896,0.0,0.0022987670302391052,0.0,0.0,0.0,0.0001,False,,,,,,,,,,,,,,
46,2.571850538253784,-0.7130915522575378,0.2170509248971939,0.21514342725276947,0.0713760033249855,2.070927143096924,2.0656332969665527,1.5095429420471191,0.5083279013633728,3.985413318441542e-19,0.7824576497077942,0.11401578038930893,0.12649865448474884,3.985413318441542e-19,0.7824576497077942,0.11401578038930893,0.12649865448474884,0.0,0.0022987670302391052,0.0,0.0,0.0,0.0001,False,,,,,,,,,,,,,,
47,2.561763048171997,-0.7359917163848877,0.2179015427827835,0.2143736481666565,0.06947551667690277,2.0608839988708496,2.05914044380188,1.5303372144699097,0.5045135021209717,3.8045890515980357e-19,0.7805729508399963,0.11374639719724655,0.1242184117436409,3.8045890515980357e-19,0.7805729508399963,0.11374639719724655,0.1242184117436409,0.0,0.0022987670302391052,0.0,0.0,0.0,0.0001,False,,,,,,,,,,,,,,
48,2.5496394634246826,-0.7699957489967346,0.22073745727539062,0.2169654369354248,0.0665435642004013,2.0451748371124268,2.0456113815307617,1.562804102897644,0.5013293623924255,4.0839881735455447e-19,0.7790444493293762,0.11361765116453171,0.12406090646982193,4.0839881735455447e-19,0.7790444493293762,0.11361765116453171,0.12406090646982193,0.0,0.0022987670302391052,0.0,0.0,0.0,0.0001,False,,,,,,,,,,,,,,
49,2.540961265563965,-0.7956920266151428,0.21998044848442078,0.2160777747631073,0.0643317773938179,2.0403695106506348,2.0407726764678955,1.5871223211288452,0.49791693687438965,3.960484938212549e-19,0.7777888774871826,0.11343222856521606,0.12277770787477493,3.960484938212549e-19,0.7777888774871826,0.11343222856521606,0.12277770787477493,0.0,0.0022987670302391052,0.0,0.0,0.0,0.0001,False,,,,,,,,,,,,,,
50,2.531033515930176,-0.8235549926757812,0.22241650521755219,0.218894362449646,0.06186017766594887,2.0288493633270264,2.0268752574920654,1.6126943826675415,0.48686447739601135,3.640860281570528e-19,0.7755637168884277,0.11331061273813248,0.12205379456281662,2.8253596630907687e-19,0.7740625143051147,0.11302746087312698,0.1129317656159401,0.0,0.00282282954454422,0.0,0.0,0.0,0.0001,False,0.7804099321365356,0.7804099321365356,0.21959006786346436,8.727859497070312,0.0,0.8711320161819458,4.085351943969727,-0.0,1.5630767345428467,0.778171181678772,2.799744303648375e-19,0.778171181678772,0.31095463037490845,0.22998297214508057
51,2.5210511684417725,-0.8376679420471191,0.22422580420970917,0.2208675891160965,0.05915924906730652,2.017455816268921,2.016140937805176,1.6254459619522095,0.4749482572078705,3.9465999361490223e-19,0.774034857749939,0.11302344501018524,0.1196068599820137,3.9465999361490223e-19,0.774034857749939,0.11302344501018524,0.1196068599820137,0.0,0.00282282954454422,0.0,0.0,0.0,0.0001,False,,,,,,,,,,,,,,
52,2.5083184242248535,-0.8632404804229736,0.22441981732845306,0.2213953584432602,0.05785776674747467,2.0056722164154053,2.0036182403564453,1.6496399641036987,0.4636273682117462,3.738522394567367e-19,0.772765040397644,0.11295877397060394,0.11847170442342758,3.738522394567367e-19,0.772765040397644,0.11295877397060394,0.11847170442342758,0.0,0.00282282954454422,0.0,0.0,0.0,0.0001,False,,,,,,,,,,,,,,
53,2.496551036834717,-0.8804674744606018,0.22530199587345123,0.22344601154327393,0.05487477779388428,1.9946953058242798,1.9911614656448364,1.6651577949523926,0.4524298906326294,4.2388237180123417e-19,0.7712194323539734,0.11332958936691284,0.11680050939321518,4.2388237180123417e-19,0.7712194323539734,0.11332958936691284,0.11680050939321518,0.0,0.00282282954454422,0.0,0.0,0.0,0.0001,False,,,,,,,,,,,,,,
54,2.492184638977051,-0.8977330327033997,0.22647975385189056,0.22555126249790192,0.055200424045324326,1.988105297088623,1.98180091381073,1.6815447807312012,0.43728649616241455,3.757490938482915e-19,0.7703570127487183,0.11367228627204895,0.11656635254621506,3.757490938482915e-19,0.7703570127487183,0.11367228627204895,0.11656635254621506,0.0,0.00282282954454422,0.0,0.0,0.0,0.0001,False,,,,,,,,,,,,,,
55,2.482360363006592,-0.9160882234573364,0.22640176117420197,0.22775983810424805,0.05255059897899628,1.9811077117919922,1.9701883792877197,1.6985716819763184,0.42568013072013855,4.644239670379242e-19,0.7692612409591675,0.11371006816625595,0.11419267952442169,4.644239670379242e-19,0.7692612409591675,0.11371006816625595,0.11419267952442169,0.0,0.00282282954454422,0.0,0.0,0.0,0.0001,False,,,,,,,,,,,,,,
56,2.4745359420776367,-0.9215204119682312,0.22500762343406677,0.22660019993782043,0.05151145160198212,1.976501226425171,1.9663320779800415,1.7013397216796875,0.41582125425338745,4.618202092647604e-19,0.7669782638549805,0.11394833028316498,0.11036588996648788,4.618202092647604e-19,0.7669782638549805,0.11394833028316498,0.11036588996648788,0.0,0.00282282954454422,0.0,0.0,0.0,0.0001,False,,,,,,,,,,,,,,
57,2.4676198959350586,-0.9559141993522644,0.2267388105392456,0.2286868542432785,0.04944075271487236,1.9676591157913208,1.9578479528427124,1.7362380027770996,0.40065234899520874,4.348476589469961e-19,0.7672611474990845,0.11433014273643494,0.11251559853553772,4.348476589469961e-19,0.7672611474990845,0.11433014273643494,0.11251559853553772,0.0,0.00282282954454422,0.0,0.0,0.0,0.0001,False,,,,,,,,,,,,,,
58,2.4606175422668457,-0.9708316326141357,0.22894428670406342,0.23099561035633087,0.049787115305662155,1.9555495977401733,1.9462316036224365,1.7475067377090454,0.3834550976753235,4.469507071759306e-19,0.7639168500900269,0.11476403474807739,0.10944650322198868,4.469507071759306e-19,0.7639168500900269,0.11476403474807739,0.10944650322198868,0.0,0.00282282954454422,0.0,0.0,0.0,0.0001,False,,,,,,,,,,,,,,
59,2.456085681915283,-0.9903607368469238,0.22800026834011078,0.23054152727127075,0.04823921248316765,1.9541802406311035,1.94442880153656,1.7671308517456055,0.3731144070625305,5.208061485531871e-19,0.7642498016357422,0.11549767851829529,0.10698482394218445,5.208061485531871e-19,0.7642498016357422,0.11549767851829529,0.10698482394218445,0.0,0.00282282954454422,0.0,0.0,0.0,0.0001,False,,,,,,,,,,,,,,
60,2.4484026432037354,-1.0042967796325684,0.22836869955062866,0.23051747679710388,0.0482901893556118,1.946046233177185,1.9364063739776611,1.779231309890747,0.3606084883213043,5.335508304435213e-19,0.7623612880706787,0.11556435376405716,0.10748101770877838,2.5238108975108225e-19,0.7607285976409912,0.11589033156633377,0.09690157324075699,0.0,0.003333558142185211,0.0,0.0,0.0,0.0001,False,0.7804322242736816,0.7804322242736816,0.21956777572631836,8.624468803405762,0.0,0.8768018484115601,4.081121921539307,-0.0,1.6426494121551514,0.7783844470977783,2.501371915966379e-19,0.7783844470977783,0.26394182443618774,0.33281439542770386
61,2.4463841915130615,-1.0187093019485474,0.22847847640514374,0.2295459359884262,0.04793554171919823,1.9442754983901978,1.9365731477737427,1.7936018705368042,0.34944722056388855,5.335650476102995e-19,0.7623038291931152,0.11600711196660995,0.10370592772960663,5.335650476102995e-19,0.7623038291931152,0.11600711196660995,0.10370592772960663,0.0,0.003333558142185211,0.0,0.0,0.0,0.0001,False,,,,,,,,,,,,,,
62,2.440286159515381,-1.0522541999816895,0.23310640454292297,0.233377143740654,0.04649895802140236,1.9302916526794434,1.9243156909942627,1.825908899307251,0.33913570642471313,6.510798055011408e-19,0.7612269520759583,0.11627794802188873,0.10207581520080566,6.510798055011408e-19,0.7612269520759583,0.11627794802188873,0.10207581520080566,0.0,0.003333558142185211,0.0,0.0,0.0,0.0001,False,,,,,,,,,,,,,,
63,2.4324429035186768,-1.0683726072311401,0.23727571964263916,0.23594820499420166,0.04466516524553299,1.9154549837112427,1.9136528968811035,1.8403955698013306,0.3250691890716553,6.934081884091278e-19,0.7597594857215881,0.11681627482175827,0.10034544765949249,6.934081884091278e-19,0.7597594857215881,0.11681627482175827,0.10034544765949249,0.0,0.003333558142185211,0.0,0.0,0.0,0.0001,False,,,,,,,,,,,,,,
64,2.4282724857330322,-1.098991870880127,0.23758015036582947,0.23534949123859406,0.04511934891343117,1.9098241329193115,1.9106229543685913,1.8698917627334595,0.31819531321525574,5.179840150983093e-19,0.7589513659477234,0.11660277098417282,0.09721007943153381,5.179840150983093e-19,0.7589513659477234,0.11660277098417282,0.09721007943153381,0.0,0.003333558142185211,0.0,0.0,0.0,0.0001,False,,,,,,,,,,,,,,
65,2.4239516258239746,-1.107669711112976,0.2440250813961029,0.24005281925201416,0.04392203316092491,1.8945919275283813,1.8973115682601929,1.8764197826385498,0.3074493706226349,6.361372013256766e-19,0.7570193409919739,0.11721929162740707,0.0949934720993042,6.361372013256766e-19,0.7570193409919739,0.11721929162740707,0.0949934720993042,0.0,0.003333558142185211,0.0,0.0,0.0,0.0001,False,,,,,,,,,,,,,,
66,2.423379421234131,-1.1325079202651978,0.24238991737365723,0.23862919211387634,0.04386598989367485,1.8965624570846558,1.9004260301589966,1.9011203050613403,0.30760228633880615,5.861591555103758e-19,0.75676029920578,0.11727891862392426,0.09617340564727783,5.861591555103758e-19,0.75676029920578,0.11727891862392426,0.09617340564727783,0.0,0.003333558142185211,0.0,0.0,0.0,0.0001,False,,,,,,,,,,,,,,
67,2.4182684421539307,-1.1532763242721558,0.24388249218463898,0.23854301869869232,0.04302836209535599,1.8895947933197021,1.8960342407226562,1.9197356700897217,0.30078110098838806,6.999034690728356e-19,0.7548291683197021,0.11725921183824539,0.09393310546875,6.999034690728356e-19,0.7548291683197021,0.11725921183824539,0.09393310546875,0.0,0.003333558142185211,0.0,0.0,0.0,0.0001,False,,,,,,,,,,,,,,
68,2.413198471069336,-1.1601245403289795,0.24526558816432953,0.23961390554904938,0.04255178943276405,1.8817799091339111,1.8897544145584106,1.9260426759719849,0.2987784445285797,7.042257462673666e-19,0.7544361352920532,0.11764159798622131,0.09243161231279373,7.042257462673666e-19,0.7544361352920532,0.11764159798622131,0.09243161231279373,0.0,0.003333558142185211,0.0,0.0,0.0,0.0001,False,,,,,,,,,,,,,,
69,2.410707473754883,-1.181946039199829,0.2495734542608261,0.24356044828891754,0.04166484624147415,1.8717352151870728,1.880082368850708,1.946106195449829,0.2926647663116455,8.107707967660476e-19,0.752811849117279,0.11733685433864594,0.09109611064195633,8.107707967660476e-19,0.752811849117279,0.11733685433864594,0.09109611064195633,0.0,0.003333558142185211,0.0,0.0,0.0,0.0001,False,,,,,,,,,,,,,,
70,2.4111859798431396,-1.2029640674591064,0.24929125607013702,0.24421264231204987,0.04184184595942497,1.8724054098129272,1.8792750835418701,1.9665576219558716,0.28963702917099,6.436764873200029e-19,0.752339243888855,0.11720328778028488,0.09013228863477707,2.827942294737264e-19,0.7504713535308838,0.11695419251918793,0.0805436447262764,0.0,0.003834029495716095,0.0,0.0,0.0,0.0001,False,0.7805026173591614,0.7805026173591614,0.21949738264083862,8.557087898254395,0.0,0.8832885026931763,4.0864763259887695,-0.0,1.6486527919769287,0.7790908813476562,2.803166696268325e-19,0.7790908813476562,0.2280888557434082,0.4284540116786957
71,2.4078030586242676,-1.2137103080749512,0.25127094984054565,0.24553684890270233,0.041646335273981094,1.8651314973831177,1.8735665082931519,1.9770145416259766,0.28752949833869934,7.777866596477659e-19,0.7518531680107117,0.11716717481613159,0.08831476420164108,7.777866596477659e-19,0.7518531680107117,0.11716717481613159,0.08831476420164108,0.0,0.003834029495716095,0.0,0.0,0.0,0.0001,False,,,,,,,,,,,,,,
72,2.4048378467559814,-1.2221087217330933,0.2521684765815735,0.24823613464832306,0.04108276590704918,1.8602465391159058,1.8664544820785522,1.983365774154663,0.28704389929771423,9.512184133568856e-19,0.7496499419212341,0.11679045855998993,0.08985604345798492,9.512184133568856e-19,0.7496499419212341,0.11679045855998993,0.08985604345798492,0.0,0.003834029495716095,0.0,0.0,0.0,0.0001,False,,,,,,,,,,,,,,
73,2.4040584564208984,-1.2518510818481445,0.25095701217651367,0.24625371396541595,0.040302131325006485,1.8637455701828003,1.8693451881408691,2.012848377227783,0.284039705991745,6.650723927430878e-19,0.7497546672821045,0.11697479337453842,0.08612464368343353,6.650723927430878e-19,0.7497546672821045,0.11697479337453842,0.08612464368343353,0.0,0.003834029495716095,0.0,0.0,0.0,0.0001,False,,,,,,,,,,,,,,
74,2.4014339447021484,-1.2569633722305298,0.24934639036655426,0.2463466227054596,0.03994210809469223,1.8644490242004395,1.8671488761901855,2.016190528869629,0.28572773933410645,9.3506884927013e-19,0.7478858828544617,0.1165645644068718,0.0871620923280716,9.3506884927013e-19,0.7478858828544617,0.1165645644068718,0.0871620923280716,0.0,0.003834029495716095,0.0,0.0,0.0,0.0001,False,,,,,,,,,,,,,,
75,2.4000282287597656,-1.2556006908416748,0.24898405373096466,0.2459011673927307,0.04018023610115051,1.8639397621154785,1.865985631942749,2.015277862548828,0.28868719935417175,8.94993085965278e-19,0.7484257817268372,0.11671678721904755,0.0861891657114029,8.94993085965278e-19,0.7484257817268372,0.11671678721904755,0.0861891657114029,0.0,0.003834029495716095,0.0,0.0,0.0,0.0001,False,,,,,,,,,,,,,,
76,2.3973002433776855,-1.2779518365859985,0.25129327178001404,0.24980512261390686,0.040183134377002716,1.8560903072357178,1.8559473752975464,2.0361557006835938,0.2853797972202301,1.016782092876334e-18,0.7468915581703186,0.11623838543891907,0.08682490885257721,1.016782092876334e-18,0.7468915581703186,0.11623838543891907,0.08682490885257721,0.0,0.003834029495716095,0.0,0.0,0.0,0.0001,False,,,,,,,,,,,,,,
77,2.398381233215332,-1.2680025100708008,0.2490127831697464,0.2478911429643631,0.03949751332402229,1.8623104095458984,1.8616492748260498,2.0252878665924072,0.29174700379371643,6.9370902365815565e-19,0.7459432482719421,0.11605910211801529,0.08710458129644394,6.9370902365815565e-19,0.7459432482719421,0.11605910211801529,0.08710458129644394,0.0,0.003834029495716095,0.0,0.0,0.0,0.0001,False,,,,,,,,,,,,,,
78,2.393789291381836,-1.3010579347610474,0.24807731807231903,0.24789166450500488,0.03838158771395683,1.8602359294891357,1.8586413860321045,2.057631731033325,0.28972727060317993,7.000346805975018e-19,0.7455653548240662,0.11643493920564651,0.08368785679340363,7.000346805975018e-19,0.7455653548240662,0.11643493920564651,0.08368785679340363,0.0,0.003834029495716095,0.0,0.0,0.0,0.0001,False,,,,,,,,,,,,,,
79,2.391524314880371,-1.3269550800323486,0.24755895137786865,0.24710386991500854,0.03896254301071167,1.858969807624817,1.856828212738037,2.0821688175201416,0.2852889597415924,1.0780565307269651e-18,0.7440778017044067,0.11624884605407715,0.0849946141242981,1.0780565307269651e-18,0.7440778017044067,0.11624884605407715,0.0849946141242981,0.0,0.003834029495716095,0.0,0.0,0.0,0.0001,False,,,,,,,,,,,,,,
80,2.394848108291626,-1.330295205116272,0.245159313082695,0.24583207070827484,0.03894510120153427,1.8667871952056885,1.863036036491394,2.084644079208374,0.2896002531051636,1.166598253687371e-18,0.7432373762130737,0.11570537090301514,0.08472137898206711,3.3567704401773654e-19,0.7418801784515381,0.11563428491353989,0.07403410971164703,0.0,0.004325909674167633,0.0,0.0,0.0,0.0001,False,0.7823026180267334,0.7823026180267334,0.2176973819732666,8.588720321655273,0.0,0.8898712396621704,4.05736780166626,-0.0,1.6334646940231323,0.7805350422859192,3.327712864276927e-19,0.7805350422859192,0.19513683021068573,0.5308988094329834
81,2.3919076919555664,-1.3377985954284668,0.2479519546031952,0.24896757304668427,0.03881819546222687,1.8584191799163818,1.8539209365844727,2.0932798385620117,0.28919529914855957,7.738645310745574e-19,0.7440134286880493,0.11580874770879745,0.0846097469329834,7.738645310745574e-19,0.7440134286880493,0.11580874770879745,0.0846097469329834,0.0,0.004325909674167633,0.0,0.0,0.0,0.0001,False,,,,,,,,,,,,,,
82,2.3885130882263184,-1.3468248844146729,0.24763250350952148,0.24824917316436768,0.03807796910405159,1.8566256761550903,1.8524810075759888,2.100353479385376,0.291115403175354,1.1815071502528736e-18,0.7420819401741028,0.11554276198148727,0.08437321335077286,1.1815071502528736e-18,0.7420819401741028,0.11554276198148727,0.08437321335077286,0.0,0.004325909674167633,0.0,0.0,0.0,0.0001,False,,,,,,,,,,,,,,
83,2.3872673511505127,-1.351706862449646,0.24783524870872498,0.2484167516231537,0.03656318411231041,1.8564324378967285,1.852471947669983,2.1035776138305664,0.2907963693141937,1.0817116350586838e-18,0.740607738494873,0.11528612673282623,0.08253555744886398,1.0817116350586838e-18,0.740607738494873,0.11528612673282623,0.08253555744886398,0.0,0.004325909674167633,0.0,0.0,0.0,0.0001,False,,,,,,,,,,,,,,
84,2.386664628982544,-1.375271201133728,0.2479550689458847,0.24848835170269012,0.037718452513217926,1.854561686515808,1.8504438400268555,2.1272025108337402,0.29385435581207275,1.3699779780763964e-18,0.7405482530593872,0.11506450176239014,0.08371440321207047,1.3699779780763964e-18,0.7405482530593872,0.11506450176239014,0.08371440321207047,0.0,0.004325909674167633,0.0,0.0,0.0,0.0001,False,,,,,,,,,,,,,,
85,2.3875620365142822,-1.392486572265625,0.24720807373523712,0.24929748475551605,0.03795093670487404,1.8567510843276978,1.8494601249694824,2.144556999206543,0.2871871590614319,1.2563375273796004e-18,0.7406017780303955,0.11511654406785965,0.08453161269426346,1.2563375273796004e-18,0.7406017780303955,0.11511654406785965,0.08453161269426346,0.0,0.004325909674167633,0.0,0.0,0.0,0.0001,False,,,,,,,,,,,,,,
86,2.3828396797180176,-1.3941032886505127,0.25204959511756897,0.2522103786468506,0.03640260174870491,1.8441134691238403,1.8402409553527832,2.144009828567505,0.2878272235393524,1.1381410692664388e-18,0.7386791706085205,0.11484017968177795,0.08215615898370743,1.1381410692664388e-18,0.7386791706085205,0.11484017968177795,0.08215615898370743,0.0,0.004325909674167633,0.0,0.0,0.0,0.0001,False,,,,,,,,,,,,,,
87,2.3843231201171875,-1.40380859375,0.24972403049468994,0.2497798204421997,0.03682044520974159,1.8494244813919067,1.8465732336044312,2.1535394191741943,0.29299378395080566,1.0633979596943364e-18,0.73835289478302,0.11456475406885147,0.08359084278345108,1.0633979596943364e-18,0.73835289478302,0.11456475406885147,0.08359084278345108,0.0,0.004325909674167633,0.0,0.0,0.0,0.0001,False,,,,,,,,,,,,,,
88,2.3811728954315186,-1.4117833375930786,0.24895578622817993,0.2491336464881897,0.035947855561971664,1.848690390586853,1.8455806970596313,2.160851240158081,0.29180946946144104,1.0778279186851708e-18,0.7377822995185852,0.1143607646226883,0.08265773952007294,1.0778279186851708e-18,0.7377822995185852,0.1143607646226883,0.08265773952007294,0.0,0.004325909674167633,0.0,0.0,0.0,0.0001,False,,,,,,,,,,,,,,
89,2.3792436122894287,-1.4259625673294067,0.24787011742591858,0.24819336831569672,0.03618498519062996,1.8486552238464355,1.8453351259231567,2.173398494720459,0.29249000549316406,1.2801158680632028e-18,0.7360602617263794,0.11420565098524094,0.08357895910739899,1.2801158680632028e-18,0.7360602617263794,0.11420565098524094,0.08357895910739899,0.0,0.004325909674167633,0.0,0.0,0.0,0.0001,False,,,,,,,,,,,,,,
90,2.3838706016540527,-1.419191837310791,0.247360497713089,0.2474011480808258,0.036770742386579514,1.8536659479141235,1.851010799407959,2.16739821434021,0.29336801171302795,1.5395199149549855e-18,0.7369018197059631,0.1140550747513771,0.0828380361199379,4.794117063949175e-19,0.7350088357925415,0.11379213631153107,0.07183154672384262,0.0,0.004810918509960175,0.0,0.0,0.0,0.0001,False,0.7817660570144653,0.7817660570144653,0.21823394298553467,8.681703567504883,0.0,0.8929944634437561,4.043881416320801,-0.0,1.6009984016418457,0.7813475728034973,4.752894367224377e-19,0.7813475728034973,0.16730421781539917,0.6433041095733643
91,2.381420612335205,-1.441280722618103,0.2444504052400589,0.24373142421245575,0.03586256504058838,1.857785701751709,1.8569669723510742,2.1894335746765137,0.2929854989051819,1.736347438314402e-18,0.736458957195282,0.11398997157812119,0.08317124843597412,1.736347438314402e-18,0.736458957195282,0.11398997157812119,0.08317124843597412,0.0,0.004810918509960175,0.0,0.0,0.0,0.0001,False,,,,,,,,,,,,,,
92,2.377373456954956,-1.4590113162994385,0.2476654201745987,0.24667952954769135,0.03481961041688919,1.8483306169509888,1.8480873107910156,2.2052571773529053,0.29514631628990173,1.8809493627366343e-18,0.7346478700637817,0.1139964908361435,0.08222118020057678,1.8809493627366343e-18,0.7346478700637817,0.1139964908361435,0.08222118020057678,0.0,0.004810918509960175,0.0,0.0,0.0,0.0001,False,,,,,,,,,,,,,,
93,2.376213550567627,-1.4772042036056519,0.2475569099187851,0.2465319037437439,0.0350208580493927,1.847092866897583,1.8471146821975708,2.222838878631592,0.29848727583885193,2.1884051585922348e-18,0.734074592590332,0.11352334171533585,0.08183690905570984,2.1884051585922348e-18,0.734074592590332,0.11352334171533585,0.08183690905570984,0.0,0.004810918509960175,0.0,0.0,0.0,0.0001,False,,,,,,,,,,,,,,
94,2.37455153465271,-1.49916410446167,0.25143539905548096,0.2496250718832016,0.03467085212469101,1.8382617235183716,1.8393785953521729,2.245178461074829,0.29742228984832764,1.6913045588287455e-18,0.7343556880950928,0.11403785645961761,0.08274637907743454,1.6913045588287455e-18,0.7343556880950928,0.11403785645961761,0.08274637907743454,0.0,0.004810918509960175,0.0,0.0,0.0,0.0001,False,,,,,,,,,,,,,,
95,2.3736350536346436,-1.5256510972976685,0.2516624331474304,0.24930940568447113,0.034303076565265656,1.8370633125305176,1.8396567106246948,2.27073335647583,0.29739660024642944,1.8774884390537124e-18,0.7336046099662781,0.11420580744743347,0.08095730096101761,1.8774884390537124e-18,0.7336046099662781,0.11420580744743347,0.08095730096101761,0.0,0.004810918509960175,0.0,0.0,0.0,0.0001,False,,,,,,,,,,,,,,
96,2.3737127780914307,-1.5189476013183594,0.25337696075439453,0.2517450451850891,0.03352285549044609,1.8347002267837524,1.8354355096817017,2.2641117572784424,0.3004915714263916,2.935249369668653e-18,0.7335718870162964,0.11366073787212372,0.0820346474647522,2.935249369668653e-18,0.7335718870162964,0.11366073787212372,0.0820346474647522,0.0,0.004810918509960175,0.0,0.0,0.0,0.0001,False,,,,,,,,,,,,,,
97,2.3733906745910645,-1.5361460447311401,0.2529309391975403,0.2509317398071289,0.03454505652189255,1.8347069025039673,1.8352587223052979,2.280700206756592,0.29718220233917236,3.1107336686702465e-18,0.7328895330429077,0.1136099100112915,0.08275619894266129,3.1107336686702465e-18,0.7328895330429077,0.1136099100112915,0.08275619894266129,0.0,0.004810918509960175,0.0,0.0,0.0,0.0001,False,,,,,,,,,,,,,,
98,2.372103214263916,-1.5352554321289062,0.2572324872016907,0.2550618648529053,0.033853691071271896,1.8246381282806396,1.8272719383239746,2.278078079223633,0.30588197708129883,1.9371695202494133e-18,0.7312735319137573,0.11340630799531937,0.08164288103580475,1.9371695202494133e-18,0.7312735319137573,0.11340630799531937,0.08164288103580475,0.0,0.004810918509960175,0.0,0.0,0.0,0.0001,False,,,,,,,,,,,,,,
99,2.3715059757232666,-1.5513345003128052,0.2541500926017761,0.25186607241630554,0.033869363367557526,1.8306766748428345,1.832564115524292,2.293851852416992,0.31058189272880554,3.137569682488151e-18,0.7310621738433838,0.1129569560289383,0.08069141954183578,3.137569682488151e-18,0.7310621738433838,0.1129569560289383,0.08069141954183578,0.0,0.004810918509960175,0.0,0.0,0.0,0.0001,False,,,,,,,,,,,,,,
100,2.3693771362304688,-1.560967206954956,0.25663936138153076,0.25399184226989746,0.03331439569592476,1.8235784769058228,1.827284812927246,2.3045170307159424,0.30732017755508423,2.7331883779711902e-18,0.7320067286491394,0.11359091848134995,0.08151411265134811,8.592302219917445e-19,0.7302163243293762,0.11345120519399643,0.06965085864067078,0.0,0.005291134834289551,0.0,0.0,0.0,0.0001,False,0.7813481688499451,0.7813481688499451,0.21865183115005493,8.719446182250977,0.0,0.8984240293502808,4.0412092208862305,-0.0,1.5950496196746826,0.7814091444015503,8.518408323500347e-19,0.7814091444015503,0.14604303240776062,0.7545246481895447
101,2.368689775466919,-1.5741629600524902,0.25473570823669434,0.2529783248901367,0.03314775601029396,1.8276736736297607,1.8279824256896973,2.3179867267608643,0.3028543293476105,2.5164978699601146e-18,0.7320658564567566,0.11343201994895935,0.08013986051082611,2.5164978699601146e-18,0.7320658564567566,0.11343201994895935,0.08013986051082611,0.0,0.005291134834289551,0.0,0.0,0.0,0.0001,False,,,,,,,,,,,,,,
102,2.369171619415283,-1.5927623510360718,0.2516898214817047,0.25030517578125,0.033269431442022324,1.8336495161056519,1.8341647386550903,2.33536434173584,0.30209484696388245,4.7429022583269635e-18,0.7307981252670288,0.11366184055805206,0.08059611171483994,4.7429022583269635e-18,0.7307981252670288,0.11366184055805206,0.08059611171483994,0.0,0.005291134834289551,0.0,0.0,0.0,0.0001,False,,,,,,,,,,,,,,
103,2.366332769393921,-1.591599702835083,0.25036540627479553,0.2493467926979065,0.03261684626340866,1.83440101146698,1.8336063623428345,2.333510637283325,0.30479684472084045,3.3284476058942033e-18,0.7301862239837646,0.11347969621419907,0.07980041950941086,3.3284476058942033e-18,0.7301862239837646,0.11347969621419907,0.07980041950941086,0.0,0.005291134834289551,0.0,0.0,0.0,0.0001,False,,,,,,,,,,,,,,
104,2.369044780731201,-1.591585397720337,0.2503136098384857,0.24930790066719055,0.032886017113924026,1.836655855178833,1.8364185094833374,2.333454132080078,0.3091399371623993,3.2940852824778317e-18,0.7301238179206848,0.11366347223520279,0.07997570931911469,3.2940852824778317e-18,0.7301238179206848,0.11366347223520279,0.07997570931911469,0.0,0.005291134834289551,0.0,0.0,0.0,0.0001,False,,,,,,,,,,,,,,
105,2.367715358734131,-1.6086063385009766,0.252132773399353,0.25093865394592285,0.03277275338768959,1.8321081399917603,1.831634283065796,2.350728988647461,0.310489296913147,3.0999302762799976e-18,0.7304726243019104,0.11376133561134338,0.07898641377687454,3.0999302762799976e-18,0.7304726243019104,0.11376133561134338,0.07898641377687454,0.0,0.005291134834289551,0.0,0.0,0.0,0.0001,False,,,,,,,,,,,,,,
106,2.3676581382751465,-1.6338506937026978,0.251672625541687,0.2503463327884674,0.03308616206049919,1.8326746225357056,1.8324315547943115,2.374499797821045,0.31027013063430786,4.313816377635494e-18,0.7290911078453064,0.11411749571561813,0.07808557152748108,4.313816377635494e-18,0.7290911078453064,0.11411749571561813,0.07808557152748108,0.0,0.005291134834289551,0.0,0.0,0.0,0.0001,False,,,,,,,,,,,,,,
107,2.3707313537597656,-1.6330187320709229,0.25238287448883057,0.2523111402988434,0.03349869325757027,1.833454966545105,1.8316224813461304,2.3741838932037354,0.3125394284725189,5.1547666522553854e-18,0.7295007109642029,0.11450669169425964,0.0790858268737793,5.1547666522553854e-18,0.7295007109642029,0.11450669169425964,0.0790858268737793,0.0,0.005291134834289551,0.0,0.0,0.0,0.0001,False,,,,,,,,,,,,,,
108,2.3646554946899414,-1.6743228435516357,0.25239652395248413,0.2519231140613556,0.03248002007603645,1.8287159204483032,1.8269954919815063,2.415015697479248,0.3127503991127014,4.880780031549752e-18,0.7290226221084595,0.11388669908046722,0.07919064909219742,4.880780031549752e-18,0.7290226221084595,0.11388669908046722,0.07919064909219742,0.0,0.005291134834289551,0.0,0.0,0.0,0.0001,False,,,,,,,,,,,,,,
109,2.366281032562256,-1.6892688274383545,0.25427985191345215,0.25259461998939514,0.032877806574106216,1.8258121013641357,1.8272452354431152,2.429452896118164,0.311306357383728,2.4191738670386567e-18,0.728474497795105,0.11432980000972748,0.07957027107477188,2.4191738670386567e-18,0.728474497795105,0.11432980000972748,0.07957027107477188,0.0,0.005291134834289551,0.0,0.0,0.0,0.0001,False,,,,,,,,,,,,,,
110,2.3645389080047607,-1.6923604011535645,0.2555604875087738,0.2544942796230316,0.03167589381337166,1.822691798210144,1.8229247331619263,2.4311654567718506,0.31329137086868286,4.94665504117225e-18,0.7273117899894714,0.11370737105607986,0.0774560496211052,1.5151234252714258e-18,0.7264920473098755,0.11357001215219498,0.06692599505186081,0.0,0.005767626881599427,0.0,0.0,0.0,0.0001,False,0.7810801267623901,0.7810801267623901,0.21891987323760986,8.705617904663086,0.0,0.9030847549438477,4.036165237426758,-0.0,1.5828394889831543,0.7818965315818787,1.5020962653011245e-18,0.7818964719772339,0.12920701503753662,0.8561549782752991
111,2.364915370941162,-1.7038606405258179,0.25419971346855164,0.25289395451545715,0.03156245872378349,1.8259310722351074,1.8265873193740845,2.444227695465088,0.312732994556427,7.399103282326618e-18,0.7285672426223755,0.11421969532966614,0.07694514095783234,7.399103282326618e-18,0.7285672426223755,0.11421969532966614,0.07694514095783234,0.0,0.005767626881599427,0.0,0.0,0.0,0.0001,False,,,,,,,,,,,,,,
112,2.363980531692505,-1.7219094038009644,0.2544337511062622,0.25362104177474976,0.031405556946992874,1.8247435092926025,1.8242968320846558,2.4605491161346436,0.30926626920700073,7.821666016707495e-18,0.7268156409263611,0.11350040882825851,0.07726451009511948,7.821666016707495e-18,0.7268156409263611,0.11350040882825851,0.07726451009511948,0.0,0.005767626881599427,0.0,0.0,0.0,0.0001,False,,,,,,,,,,,,,,
113,2.3644039630889893,-1.7245709896087646,0.2551766037940979,0.25417524576187134,0.03252419829368591,1.8226569890975952,1.8223989009857178,2.4632697105407715,0.31163227558135986,4.850245900008276e-18,0.7269576787948608,0.11362509429454803,0.0764293372631073,4.850245900008276e-18,0.7269576787948608,0.11362509429454803,0.0764293372631073,0.0,0.005767626881599427,0.0,0.0,0.0,0.0001,False,,,,,,,,,,,,,,
114,2.362745761871338,-1.7206870317459106,0.25562790036201477,0.2551913261413574,0.031542759388685226,1.821333646774292,1.8194336891174316,2.458122491836548,0.3095358610153198,3.798797598238034e-18,0.7256472110748291,0.11376785486936569,0.07694576680660248,3.798797598238034e-18,0.7256472110748291,0.11376785486936569,0.07694576680660248,0.0,0.005767626881599427,0.0,0.0,0.0,0.0001,False,,,,,,,,,,,,,,
115,2.3657917976379395,-1.7413794994354248,0.2536813020706177,0.25346270203590393,0.031852349638938904,1.828064203262329,1.8255270719528198,2.479189395904541,0.3087940514087677,7.087992382139299e-18,0.7259178757667542,0.1135638877749443,0.07793482393026352,7.087992382139299e-18,0.7259178757667542,0.1135638877749443,0.07793482393026352,0.0,0.005767626881599427,0.0,0.0,0.0,0.0001,False,,,,,,,,,,,,,,
116,2.3626394271850586,-1.7399142980575562,0.2538088858127594,0.25361883640289307,0.03094789944589138,1.8250370025634766,1.8234903812408447,2.4770634174346924,0.31045010685920715,4.2600504650001595e-18,0.7254587411880493,0.1132843866944313,0.07592985779047012,4.2600504650001595e-18,0.7254587411880493,0.1132843866944313,0.07592985779047012,0.0,0.005767626881599427,0.0,0.0,0.0,0.0001,False,,,,,,,,,,,,,,
117,2.363265037536621,-1.7580718994140625,0.25444337725639343,0.2536199390888214,0.031169641762971878,1.8244177103042603,1.8236466646194458,2.4955296516418457,0.31012532114982605,1.0857394876539342e-17,0.7256264686584473,0.1132272258400917,0.0772823691368103,1.0857394876539342e-17,0.7256264686584473,0.1132272258400917,0.0772823691368103,0.0,0.005767626881599427,0.0,0.0,0.0,0.0001,False,,,,,,,,,,,,,,
118,2.3623619079589844,-1.7574182748794556,0.2524821162223816,0.25212207436561584,0.03171519935131073,1.8268513679504395,1.8252335786819458,2.4945805072784424,0.3084666430950165,5.746292193688487e-18,0.7254486083984375,0.11229176074266434,0.07614830136299133,5.746292193688487e-18,0.7254486083984375,0.11229176074266434,0.07614830136299133,0.0,0.005767626881599427,0.0,0.0,0.0,0.0001,False,,,,,,,,,,,,,,
119,2.3595893383026123,-1.7812913656234741,0.25542178750038147,0.25430282950401306,0.03110736981034279,1.8184701204299927,1.8190447092056274,2.5177342891693115,0.3082244098186493,5.2290313412407025e-18,0.724751353263855,0.112923264503479,0.07590153813362122,5.2290313412407025e-18,0.724751353263855,0.112923264503479,0.07590153813362122,0.0,0.005767626881599427,0.0,0.0,0.0,0.0001,False,,,,,,,,,,,,,,
120,2.3620171546936035,-1.788002848625183,0.2536030113697052,0.2534126341342926,0.03063129633665085,1.824935793876648,1.8238047361373901,2.524775743484497,0.3115023374557495,5.129176992825445e-18,0.7252320051193237,0.11301911622285843,0.0743873193860054,2.6006698722314867e-18,0.7231757044792175,0.1124124750494957,0.06464824080467224,0.0,0.006240802586078644,0.0,0.0,0.0,0.0001,False,0.7814358472824097,0.7814358472824097,0.21856415271759033,8.629471778869629,0.0,0.9040937423706055,4.03164005279541,-0.0,1.5586591958999634,0.7819693088531494,2.578342899421845e-18,0.7819693088531494,0.11769183725118637,0.9377710223197937
121,2.3603248596191406,-1.814315676689148,0.25515463948249817,0.255270391702652,0.030317258089780807,1.8202574253082275,1.8189079761505127,2.550102472305298,0.30854466557502747,5.6091923838318046e-18,0.7239192128181458,0.11228550225496292,0.07427976280450821,5.6091923838318046e-18,0.7239192128181458,0.11228550225496292,0.07427976280450821,0.0,0.006240802586078644,0.0,0.0,0.0,0.0001,False,,,,,,,,,,,,,,
122,2.360199213027954,-1.8309264183044434,0.2561601996421814,0.25565987825393677,0.030569763854146004,1.81865394115448,1.8169647455215454,2.566100597381592,0.30873483419418335,4.258482130558759e-18,0.7232839465141296,0.1124901995062828,0.07450976222753525,4.258482130558759e-18,0.7232839465141296,0.1124901995062828,0.07450976222753525,0.0,0.006240802586078644,0.0,0.0,0.0,0.0001,False,,,,,,,,,,,,,,
123,2.359030246734619,-1.8372269868850708,0.2542298436164856,0.2545427680015564,0.030123846605420113,1.8214346170425415,1.8188329935073853,2.5721888542175293,0.3112831711769104,1.0516145650733654e-17,0.7229269742965698,0.11272723227739334,0.07597457617521286,1.0516145650733654e-17,0.7229269742965698,0.11272723227739334,0.07597457617521286,0.0,0.006240802586078644,0.0,0.0,0.0,0.0001,False,,,,,,,,,,,,,,
124,2.361306667327881,-1.8416903018951416,0.2525331377983093,0.25278639793395996,0.03009811043739319,1.8269919157028198,1.8247857093811035,2.5764143466949463,0.31198227405548096,4.887576147462488e-18,0.7229087352752686,0.11238202452659607,0.07377009093761444,4.887576147462488e-18,0.7229087352752686,0.11238202452659607,0.07377009093761444,0.0,0.006240802586078644,0.0,0.0,0.0,0.0001,False,,,,,,,,,,,,,,
125,2.3572874069213867,-1.864875316619873,0.2557433247566223,0.25586411356925964,0.029661875218153,1.8174219131469727,1.8146145343780518,2.6003611087799072,0.3116961419582367,1.7160839534896597e-17,0.7236193418502808,0.11233334988355637,0.07422849535942078,1.7160839534896597e-17,0.7236193418502808,0.11233334988355637,0.07422849535942078,0.0,0.006240802586078644,0.0,0.0,0.0,0.0001,False,,,,,,,,,,,,,,
126,2.356602430343628,-1.888883113861084,0.2554337680339813,0.2550637722015381,0.02976509928703308,1.8171031475067139,1.815576434135437,2.6224405765533447,0.30897256731987,1.5274601386118452e-17,0.7218581438064575,0.11226961761713028,0.07261697202920914,1.5274601386118452e-17,0.7218581438064575,0.11226961761713028,0.07261697202920914,0.0,0.006240802586078644,0.0,0.0,0.0,0.0001,False,,,,,,,,,,,,,,
127,2.3565988540649414,-1.8897582292556763,0.2588191330432892,0.2585115134716034,0.029527565464377403,1.810319423675537,1.8091621398925781,2.6240861415863037,0.30688607692718506,5.1021844350766146e-18,0.7227017283439636,0.11301612854003906,0.07180554419755936,5.1021844350766146e-18,0.7227017283439636,0.11301612854003906,0.07180554419755936,0.0,0.006240802586078644,0.0,0.0,0.0,0.0001,False,,,,,,,,,,,,,,
128,2.3573899269104004,-1.9011038541793823,0.25609731674194336,0.25583186745643616,0.030379803851246834,1.816205382347107,1.8139562606811523,2.6356537342071533,0.30894678831100464,3.5174975428645745e-17,0.7227731943130493,0.11230850219726562,0.07329752296209335,3.5174975428645745e-17,0.7227731943130493,0.11230850219726562,0.07329752296209335,0.0,0.006240802586078644,0.0,0.0,0.0,0.0001,False,,,,,,,,,,,,,,
129,2.362677812576294,-1.8976625204086304,0.2552110254764557,0.25601479411125183,0.030088871717453003,1.8232414722442627,1.8194847106933594,2.632223129272461,0.30526500940322876,1.2330124609921616e-17,0.7227649092674255,0.1126847043633461,0.07347927987575531,1.2330124609921616e-17,0.7227649092674255,0.1126847043633461,0.07347927987575531,0.0,0.006240802586078644,0.0,0.0,0.0,0.0001,False,,,,,,,,,,,,,,
130,2.36073899269104,-1.9186128377914429,0.25407299399375916,0.2541772425174713,0.02992042526602745,1.82391357421875,1.8212233781814575,2.6522486209869385,0.3048849105834961,2.916958131578421e-17,0.7218844294548035,0.11246929317712784,0.07308121025562286,5.510400062543004e-18,0.720613420009613,0.11263753473758698,0.0635262280702591,0.0,0.006711416006088257,0.0,0.0,0.0,0.0001,False,0.7819569110870361,0.7819569110870361,0.21804308891296387,8.628706932067871,0.0,0.9028445482254028,4.035616397857666,-0.0,1.5792372226715088,0.7822631597518921,5.463138809908151e-18,0.7822631597518921,0.1063646674156189,1.019683837890625
131,2.3573262691497803,-1.9282212257385254,0.25946930050849915,0.2585049271583557,0.03004363738000393,1.8093698024749756,1.8092470169067383,2.662060022354126,0.30688419938087463,2.284503610718134e-17,0.7216753363609314,0.11292072385549545,0.07375803589820862,2.284503610718134e-17,0.7216753363609314,0.11292072385549545,0.07375803589820862,0.0,0.006711416006088257,0.0,0.0,0.0,0.0001,False,,,,,,,,,,,,,,
132,2.3570377826690674,-1.940409541130066,0.25734466314315796,0.25668323040008545,0.02961808443069458,1.813610553741455,1.8131730556488037,2.674333095550537,0.308022677898407,1.0120280997803539e-17,0.7214474678039551,0.11303934454917908,0.07692795246839523,1.0120280997803539e-17,0.7214474678039551,0.11303934454917908,0.07692795246839523,0.0,0.006711416006088257,0.0,0.0,0.0,0.0001,False,,,,,,,,,,,,,,
133,2.356135845184326,-1.9580047130584717,0.25738614797592163,0.2566130757331848,0.02997864969074726,1.812203288078308,1.81211256980896,2.6914756298065186,0.30480605363845825,2.8804930323268784e-17,0.7212851643562317,0.11280349642038345,0.07399893552064896,2.8804930323268784e-17,0.7212851643562317,0.11280349642038345,0.07399893552064896,0.0,0.006711416006088257,0.0,0.0,0.0,0.0001,False,,,,,,,,,,,,,,
134,2.3558766841888428,-1.9544425010681152,0.2593323588371277,0.2592984139919281,0.02934650145471096,1.8089680671691895,1.8068310022354126,2.6871838569641113,0.302517831325531,2.936593083214715e-17,0.7206016778945923,0.11281602084636688,0.07350418716669083,2.936593083214715e-17,0.7206016778945923,0.11281602084636688,0.07350418716669083,0.0,0.006711416006088257,0.0,0.0,0.0,0.0001,False,,,,,,,,,,,,,,
135,2.3564305305480957,-1.964687466621399,0.2583918869495392,0.2581627070903778,0.029525620862841606,1.8111562728881836,1.8095439672470093,2.6992621421813965,0.30468758940696716,1.4546776745661618e-17,0.722333550453186,0.11298416554927826,0.07452162355184555,1.4546776745661618e-17,0.722333550453186,0.11298416554927826,0.07452162355184555,0.0,0.006711416006088257,0.0,0.0,0.0,0.0001,False,,,,,,,,,,,,,,
136,2.356037139892578,-1.994795560836792,0.257831335067749,0.257703959941864,0.028879698365926743,1.812501311302185,1.8107428550720215,2.7269344329833984,0.29806241393089294,7.081706305792264e-17,0.7201694846153259,0.11298073083162308,0.07188596576452255,7.081706305792264e-17,0.7201694846153259,0.11298073083162308,0.07188596576452255,0.0,0.006711416006088257,0.0,0.0,0.0,0.0001,False,,,,,,,,,,,,,,
137,2.35335373878479,-1.9848048686981201,0.25594326853752136,0.25573816895484924,0.028156176209449768,1.814440131187439,1.8125920295715332,2.718120574951172,0.303733229637146,2.925005937194072e-17,0.7212259769439697,0.11341752856969833,0.07297815382480621,2.925005937194072e-17,0.7212259769439697,0.11341752856969833,0.07297815382480621,0.0,0.006711416006088257,0.0,0.0,0.0,0.0001,False,,,,,,,,,,,,,,
138,2.3550682067871094,-2.004441022872925,0.2549099922180176,0.25460678339004517,0.029236117377877235,1.8172811269760132,1.815349817276001,2.736656904220581,0.30487707257270813,2.2765815365555912e-17,0.7200344204902649,0.11284486949443817,0.0739685520529747,2.2765815365555912e-17,0.7200344204902649,0.11284486949443817,0.0739685520529747,0.0,0.006711416006088257,0.0,0.0,0.0,0.0001,False,,,,,,,,,,,,,,
139,2.35329008102417,-2.014565944671631,0.25425371527671814,0.2531764805316925,0.028550712391734123,1.8174127340316772,1.817205786705017,2.746753692626953,0.3068968951702118,2.2250854075211025e-17,0.7201705574989319,0.11294972896575928,0.07233311235904694,2.2250854075211025e-17,0.7201705574989319,0.11294972896575928,0.07233311235904694,0.0,0.006711416006088257,0.0,0.0,0.0,0.0001,False,,,,,,,,,,,,,,
140,2.354403257369995,-2.038480758666992,0.25778764486312866,0.2580968141555786,0.028519369661808014,1.810925006866455,1.809073805809021,2.7699532508850098,0.3041967451572418,3.9589648284008605e-17,0.7195040583610535,0.11265542358160019,0.07186145335435867,9.486740048516678e-18,0.7185469269752502,0.11256617307662964,0.06260127574205399,0.0,0.007179962933063507,0.0,0.0,0.0,0.0001,False,0.782842218875885,0.782842218875885,0.217157781124115,8.601085662841797,0.0,0.902652382850647,4.033463478088379,-0.0,1.5811562538146973,0.7824537754058838,9.405542492774823e-18,0.782453715801239,0.09710119664669037,1.092895746231079
141,2.3539223670959473,-2.059842586517334,0.25806722044944763,0.25795701146125793,0.028988199308514595,1.8100084066390991,1.8078114986419678,2.7911376953125,0.3058786690235138,4.0857054418562354e-17,0.7189381718635559,0.1127566322684288,0.07233390212059021,4.0857054418562354e-17,0.7189381718635559,0.1127566322684288,0.07233390212059021,0.0,0.007179962933063507,0.0,0.0,0.0,0.0001,False,,,,,,,,,,,,,,
142,2.3553152084350586,-2.06614089012146,0.25542086362838745,0.2560141682624817,0.02879764512181282,1.8167531490325928,1.8134121894836426,2.7975523471832275,0.30683743953704834,2.8427458031258786e-17,0.7190362215042114,0.11250744760036469,0.07256543636322021,2.8427458031258786e-17,0.7190362215042114,0.11250744760036469,0.07256543636322021,0.0,0.007179962933063507,0.0,0.0,0.0,0.0001,False,,,,,,,,,,,,,,
143,2.3542792797088623,-2.0740184783935547,0.2575531303882599,0.25758326053619385,0.028602322563529015,1.811515212059021,1.8095661401748657,2.8048408031463623,0.3016514182090759,2.6746134026905952e-17,0.7184765934944153,0.11262702941894531,0.07228827476501465,2.6746134026905952e-17,0.7184765934944153,0.11262702941894531,0.07228827476501465,0.0,0.007179962933063507,0.0,0.0,0.0,0.0001,False,,,,,,,,,,,,,,
144,2.352630376815796,-2.0993850231170654,0.2593654692173004,0.25984299182891846,0.027877366170287132,1.8071032762527466,1.8039857149124146,2.8302505016326904,0.30099308490753174,3.943344680585654e-17,0.7184714078903198,0.11235596239566803,0.07278884202241898,3.943344680585654e-17,0.7184714078903198,0.11235596239566803,0.07278884202241898,0.0,0.007179962933063507,0.0,0.0,0.0,0.0001,False,,,,,,,,,,,,,,
145,2.350532293319702,-2.099271774291992,0.2594209313392639,0.25938788056373596,0.027902334928512573,1.804934024810791,1.8027080297470093,2.8303685188293457,0.30238282680511475,4.611060422033974e-17,0.7187278866767883,0.11247553676366806,0.07244328409433365,4.611060422033974e-17,0.7187278866767883,0.11247553676366806,0.07244328409433365,0.0,0.007179962933063507,0.0,0.0,0.0,0.0001,False,,,,,,,,,,,,,,
146,2.3531556129455566,-2.1065049171447754,0.2595392167568207,0.25987759232521057,0.028462549671530724,1.806499719619751,1.8040525913238525,2.8375704288482666,0.30052387714385986,4.3456356996946936e-17,0.7186650037765503,0.11264146119356155,0.07281291484832764,4.3456356996946936e-17,0.7186650037765503,0.11264146119356155,0.07281291484832764,0.0,0.007179962933063507,0.0,0.0,0.0,0.0001,False,,,,,,,,,,,,,,
147,2.3544888496398926,-2.1084580421447754,0.25900155305862427,0.2597230076789856,0.028167063370347023,1.8092085123062134,1.805985927581787,2.8388192653656006,0.30184414982795715,3.590487960116254e-17,0.7179139256477356,0.111851267516613,0.07328440994024277,3.590487960116254e-17,0.7179139256477356,0.111851267516613,0.07328440994024277,0.0,0.007179962933063507,0.0,0.0,0.0,0.0001,False,,,,,,,,,,,,,,
148,2.352271318435669,-2.1364030838012695,0.259109765291214,0.25949934124946594,0.027968531474471092,1.8070217370986938,1.8043655157089233,2.8676607608795166,0.29815635085105896,1.2998182473271288e-16,0.7189028859138489,0.11285767704248428,0.07233405113220215,1.2998182473271288e-16,0.7189028859138489,0.11285767704248428,0.07233405113220215,0.0,0.007179962933063507,0.0,0.0,0.0,0.0001,False,,,,,,,,,,,,,,
149,2.3533437252044678,-2.142606019973755,0.2581480145454407,0.25843581557273865,0.02765907719731331,1.8103591203689575,1.807842493057251,2.873413324356079,0.29857122898101807,2.453230754013843e-17,0.7185390591621399,0.11238626390695572,0.07145538926124573,2.453230754013843e-17,0.7185390591621399,0.11238626390695572,0.07145538926124573,0.0,0.007179962933063507,0.0,0.0,0.0,0.0001,False,,,,,,,,,,,,,,
150,2.353904962539673,-2.1545040607452393,0.2582094371318817,0.2583709955215454,0.027965029701590538,1.8104356527328491,1.8082832098007202,2.884990930557251,0.2979740798473358,2.6735000175860988e-17,0.7182453274726868,0.11274904012680054,0.07121187448501587,2.0437253436199212e-17,0.7165098190307617,0.11193207651376724,0.06144413724541664,0.0,0.007646472752094269,0.0,0.0,0.0,0.0001,False,0.7824492454528809,0.7824492454528809,0.21755075454711914,8.614168167114258,0.0,0.9090428352355957,4.021345615386963,-0.0,1.5559290647506714,0.7824031114578247,2.026274062730518e-17,0.7824031114578247,0.09060128033161163,1.1528395414352417
151,2.355437755584717,-2.174391984939575,0.2567589282989502,0.25731542706489563,0.028426064178347588,1.8143528699874878,1.8115216493606567,2.9046449661254883,0.3036624789237976,1.8711403820633783e-16,0.7174991965293884,0.11267439275979996,0.07298459857702255,1.8711403820633783e-16,0.7174991965293884,0.11267439275979996,0.07298459857702255,0.0,0.007646472752094269,0.0,0.0,0.0,0.0001,False,,,,,,,,,,,,,,
152,2.353713274002075,-2.178802013397217,0.26209431886672974,0.2613436281681061,0.027770696207880974,1.802897334098816,1.8021118640899658,2.908235549926758,0.30111879110336304,1.3403092015327426e-16,0.7168401479721069,0.11173883080482483,0.07145605981349945,1.3403092015327426e-16,0.7168401479721069,0.11173883080482483,0.07145605981349945,0.0,0.007646472752094269,0.0,0.0,0.0,0.0001,False,,,,,,,,,,,,,,
153,2.354311466217041,-2.190199375152588,0.26010632514953613,0.2596340477466583,0.027824705466628075,1.807375431060791,1.8061176538467407,2.92000675201416,0.3004375696182251,4.0805312616885937e-17,0.7172358632087708,0.11229671537876129,0.07120930403470993,4.0805312616885937e-17,0.7172358632087708,0.11229671537876129,0.07120930403470993,0.0,0.007646472752094269,0.0,0.0,0.0,0.0001,False,,,,,,,,,,,,,,
154,2.351177453994751,-2.2047548294067383,0.2615477740764618,0.26124104857444763,0.027730312198400497,1.8014341592788696,1.7998825311660767,2.934103012084961,0.30174320936203003,2.2867811698167376e-16,0.7166013717651367,0.11225217580795288,0.07296633720397949,2.2867811698167376e-16,0.7166013717651367,0.11225217580795288,0.07296633720397949,0.0,0.007646472752094269,0.0,0.0,0.0,0.0001,False,,,,,,,,,,,,,,
155,2.3530008792877197,-2.222517251968384,0.26056140661239624,0.2607315480709076,0.02755289152264595,1.8055377006530762,1.8027722835540771,2.953017234802246,0.29964035749435425,5.169129733693695e-16,0.7180185914039612,0.11213979870080948,0.07023439556360245,5.169129733693695e-16,0.7180185914039612,0.11213979870080948,0.07023439556360245,0.0,0.007646472752094269,0.0,0.0,0.0,0.0001,False,,,,,,,,,,,,,,
156,2.3515875339508057,-2.2374470233917236,0.259304016828537,0.2590799033641815,0.02729928120970726,1.8069188594818115,1.8048896789550781,2.966479778289795,0.30296388268470764,1.1083833749428386e-16,0.7164765000343323,0.11198205500841141,0.07108306139707565,1.1083833749428386e-16,0.7164765000343323,0.11198205500841141,0.07108306139707565,0.0,0.007646472752094269,0.0,0.0,0.0,0.0001,False,,,,,,,,,,,,,,
157,2.349597454071045,-2.2569456100463867,0.25871145725250244,0.2588955760002136,0.02716759964823723,1.8062407970428467,1.803404688835144,2.984774112701416,0.29903391003608704,2.5560635316607204e-16,0.7154508233070374,0.11122065037488937,0.0693262591958046,2.5560635316607204e-16,0.7154508233070374,0.11122065037488937,0.0693262591958046,0.0,0.007646472752094269,0.0,0.0,0.0,0.0001,False,,,,,,,,,,,,,,
158,2.3518290519714355,-2.2599070072174072,0.26209747791290283,0.2628772556781769,0.027204448357224464,1.8014235496520996,1.7978761196136475,2.9882490634918213,0.29958871006965637,1.6709088078240562e-16,0.7158516645431519,0.11235789954662323,0.07040784507989883,1.6709088078240562e-16,0.7158516645431519,0.11235789954662323,0.07040784507989883,0.0,0.007646472752094269,0.0,0.0,0.0,0.0001,False,,,,,,,,,,,,,,
159,2.351222515106201,-2.2603700160980225,0.26015183329582214,0.261294960975647,0.027214467525482178,1.804504632949829,1.8006178140640259,2.9890694618225098,0.30090415477752686,4.152575847540655e-16,0.7160632610321045,0.11194831132888794,0.0718388706445694,4.152575847540655e-16,0.7160632610321045,0.11194831132888794,0.0718388706445694,0.0,0.007646472752094269,0.0,0.0,0.0,0.0001,False,,,,,,,,,,,,,,
160,2.3514108657836914,-2.279785394668579,0.258435994386673,0.25931107997894287,0.02738041803240776,1.8080806732177734,1.8044863939285278,3.0087645053863525,0.29658442735671997,2.5145083599662204e-16,0.7164990901947021,0.11238370835781097,0.07025445997714996,4.4300069950062066e-17,0.714693546295166,0.11176417022943497,0.05989395081996918,0.0,0.008111166298389436,0.0,0.0,0.0,0.0001,False,0.7831868529319763,0.7831868529319763,0.21681314706802368,8.614933967590332,0.0,0.9097155332565308,4.019287109375,-0.0,1.5432724952697754,0.7827855348587036,4.3923039846628654e-17,0.7827855348587036,0.0834905356168747,1.2153230905532837
161,2.3466949462890625,-2.278261661529541,0.2623935341835022,0.26249945163726807,0.026659497991204262,1.796162486076355,1.7941222190856934,3.006683826446533,0.29923802614212036,1.327353832604488e-16,0.7155960202217102,0.11205849051475525,0.0704558938741684,1.327353832604488e-16,0.7155960202217102,0.11205849051475525,0.0704558938741684,0.0,0.008111166298389436,0.0,0.0,0.0,0.0001,False,,,,,,,,,,,,,,
162,2.349034309387207,-2.2860867977142334,0.26208969950675964,0.2623063325881958,0.026472635567188263,1.7995123863220215,1.7968189716339111,3.014410972595215,0.29714715480804443,5.015813064471522e-16,0.7156162261962891,0.11205101758241653,0.06925251334905624,5.015813064471522e-16,0.7156162261962891,0.11205101758241653,0.06925251334905624,0.0,0.008111166298389436,0.0,0.0,0.0,0.0001,False,,,,,,,,,,,,,,
163,2.3487775325775146,-2.3060429096221924,0.26111218333244324,0.2609463334083557,0.026790300384163857,1.800331473350525,1.7995260953903198,3.034606456756592,0.29786035418510437,1.1762195967104754e-16,0.7158871293067932,0.11158768087625504,0.06891681998968124,1.1762195967104754e-16,0.7158871293067932,0.11158768087625504,0.06891681998968124,0.0,0.008111166298389436,0.0,0.0,0.0,0.0001,False,,,,,,,,,,,,,,
164,2.3521857261657715,-2.311901092529297,0.26225197315216064,0.2620309591293335,0.026901021599769592,1.8018995523452759,1.800104022026062,3.040536880493164,0.29370155930519104,2.5292499096219974e-16,0.7158649563789368,0.1117682158946991,0.0698123499751091,2.5292499096219974e-16,0.7158649563789368,0.1117682158946991,0.0698123499751091,0.0,0.008111166298389436,0.0,0.0,0.0,0.0001,False,,,,,,,,,,,,,,
165,2.3489880561828613,-2.3463778495788574,0.26016536355018616,0.260000079870224,0.02616841346025467,1.8033980131149292,1.8019105195999146,3.073550224304199,0.29492995142936707,4.886679715289052e-16,0.7146376967430115,0.11187081038951874,0.0675470307469368,4.886679715289052e-16,0.7146376967430115,0.11187081038951874,0.0675470307469368,0.0,0.008111166298389436,0.0,0.0,0.0,0.0001,False,,,,,,,,,,,,,,
166,2.3495097160339355,-2.3503990173339844,0.2606416940689087,0.2602849006652832,0.027010321617126465,1.8021955490112305,1.8009498119354248,3.077286720275879,0.29229217767715454,2.30612978461219e-16,0.7142629623413086,0.11137307435274124,0.06850524991750717,2.30612978461219e-16,0.7142629623413086,0.11137307435274124,0.06850524991750717,0.0,0.008111166298389436,0.0,0.0,0.0,0.0001,False,,,,,,,,,,,,,,
167,2.3494622707366943,-2.367516279220581,0.2618604302406311,0.26130929589271545,0.026175038889050484,1.8006809949874878,1.7995539903640747,3.095004081726074,0.29473382234573364,2.2991790851865804e-16,0.7147030234336853,0.11141737550497055,0.07008430361747742,2.2991790851865804e-16,0.7147030234336853,0.11141737550497055,0.07008430361747742,0.0,0.008111166298389436,0.0,0.0,0.0,0.0001,False,,,,,,,,,,,,,,
168,2.3499274253845215,-2.386638879776001,0.26175689697265625,0.26193439960479736,0.026263292878866196,1.8013442754745483,1.7986012697219849,3.1136856079101562,0.2934708297252655,1.7743648826061044e-16,0.7144480347633362,0.11135359853506088,0.06820021569728851,1.7743648826061044e-16,0.7144480347633362,0.11135359853506088,0.06820021569728851,0.0,0.008111166298389436,0.0,0.0,0.0,0.0001,False,,,,,,,,,,,,,,
169,2.348391532897949,-2.3822100162506104,0.26338475942611694,0.2631968557834625,0.026213141158223152,1.7965401411056519,1.7946534156799316,3.1087071895599365,0.29501989483833313,9.702417641918698e-17,0.7137647271156311,0.11111867427825928,0.06958509236574173,9.702417641918698e-17,0.7137647271156311,0.11111867427825928,0.06958509236574173,0.0,0.008111166298389436,0.0,0.0,0.0,0.0001,False,,,,,,,,,,,,,,
170,2.3508684635162354,-2.3816733360290527,0.26283198595046997,0.2629837989807129,0.026378249749541283,1.7996788024902344,1.797669768333435,3.1087276935577393,0.293611615896225,5.303995907742301e-16,0.7144788503646851,0.11119718849658966,0.06798868626356125,6.294895150545007e-17,0.7129693627357483,0.11104076355695724,0.05768829211592674,0.0,0.008574135661125184,0.0,0.0,0.0,0.0001,False,0.7833508849143982,0.7833508849143982,0.2166491150856018,8.628981590270996,0.0,0.911637544631958,4.017158508300781,-0.0,1.541101336479187,0.7829070091247559,6.241492049213026e-17,0.7829070091247559,0.07810396701097488,1.2688982486724854
171,2.351652145385742,-2.404414176940918,0.2619304656982422,0.26224592328071594,0.02672450989484787,1.8019815683364868,1.79952073097229,3.131660223007202,0.29143649339675903,5.639528422160187e-16,0.7143163681030273,0.11136943101882935,0.068155936896801,5.639528422160187e-16,0.7143163681030273,0.11136943101882935,0.068155936896801,0.0,0.008574135661125184,0.0,0.0,0.0,0.0001,False,,,,,,,,,,,,,,
172,2.351341724395752,-2.409453868865967,0.26309871673583984,0.26230838894844055,0.026661187410354614,1.7999134063720703,1.7986336946487427,3.1357169151306152,0.29196467995643616,3.4096165150265107e-16,0.713362455368042,0.11089588701725006,0.06797480583190918,3.4096165150265107e-16,0.713362455368042,0.11089588701725006,0.06797480583190918,0.0,0.008574135661125184,0.0,0.0,0.0,0.0001,False,,,,,,,,,,,,,,
173,2.3453822135925293,-2.436635732650757,0.26388120651245117,0.2635505497455597,0.02567433938384056,1.7932257652282715,1.7913265228271484,3.1634650230407715,0.28941842913627625,1.1026092572205244e-15,0.7138060331344604,0.11102253198623657,0.06919786334037781,1.1026092572205244e-15,0.7138060331344604,0.11102253198623657,0.06919786334037781,0.0,0.008574135661125184,0.0,0.0,0.0,0.0001,False,,,,,,,,,,,,,,
174,2.3444604873657227,-2.4304306507110596,0.2649444043636322,0.2640261650085449,0.025299424305558205,1.7901054620742798,1.7902754545211792,3.1565847396850586,0.2895824611186981,9.178732904833827e-17,0.7133275866508484,0.11057477444410324,0.06724417954683304,9.178732904833827e-17,0.7133275866508484,0.11057477444410324,0.06724417954683304,0.0,0.008574135661125184,0.0,0.0,0.0,0.0001,False,,,,,,,,,,,,,,
175,2.349447727203369,-2.426356077194214,0.2633252739906311,0.2633022964000702,0.026135457679629326,1.7979520559310913,1.795417308807373,3.1532602310180664,0.29345962405204773,1.2622372483420276e-16,0.7140836715698242,0.11090219765901566,0.0671260729432106,1.2622372483420276e-16,0.7140836715698242,0.11090219765901566,0.0671260729432106,0.0,0.008574135661125184,0.0,0.0,0.0,0.0001,False,,,,,,,,,,,,,,
176,2.346982479095459,-2.458662509918213,0.25959327816963196,0.26008275151252747,0.02552500180900097,1.8033455610275269,1.8002172708511353,3.1848337650299072,0.28970611095428467,1.1676182947684632e-15,0.713422954082489,0.11126058548688889,0.06640186160802841,1.1676182947684632e-15,0.713422954082489,0.11126058548688889,0.06640186160802841,0.0,0.008574135661125184,0.0,0.0,0.0,0.0001,False,,,,,,,,,,,,,,
177,2.34694766998291,-2.466477394104004,0.26095929741859436,0.26076167821884155,0.026028230786323547,1.8001638650894165,1.7982330322265625,3.1914989948272705,0.29140108823776245,1.5935594796164676e-16,0.7124045491218567,0.11110343039035797,0.06516630202531815,1.5935594796164676e-16,0.7124045491218567,0.11110343039035797,0.06516630202531815,0.0,0.008574135661125184,0.0,0.0,0.0,0.0001,False,,,,,,,,,,,,,,
178,2.3493237495422363,-2.4896318912506104,0.26154449582099915,0.2611066401004791,0.026333743706345558,1.8008209466934204,1.7998571395874023,3.2148892879486084,0.2926887571811676,4.255306385663821e-16,0.7125474214553833,0.11104490607976913,0.0660710483789444,4.255306385663821e-16,0.7125474214553833,0.11104490607976913,0.0660710483789444,0.0,0.008574135661125184,0.0,0.0,0.0,0.0001,False,,,,,,,,,,,,,,
179,2.348156452178955,-2.4960997104644775,0.2627655267715454,0.2623949348926544,0.025508657097816467,1.7984375953674316,1.7965373992919922,3.2218215465545654,0.2945447564125061,1.071872681495932e-16,0.7129504084587097,0.1110861748456955,0.0666658952832222,1.071872681495932e-16,0.7129504084587097,0.1110861748456955,0.0666658952832222,0.0,0.008574135661125184,0.0,0.0,0.0,0.0001,False,,,,,,,,,,,,,,
180,2.3479065895080566,-2.5186007022857666,0.26035386323928833,0.2616736888885498,0.02601928822696209,1.801802396774292,1.797917366027832,3.2439277172088623,0.29189184308052063,4.186082088653871e-16,0.7125685811042786,0.11082063615322113,0.06655864417552948,1.126704563232462e-16,0.711613655090332,0.11085652559995651,0.05522523075342178,0.0,0.009035749316215516,0.0,0.0,0.0,0.0001,False,0.7828248143196106,0.7828248143196106,0.2171751856803894,8.635845184326172,0.0,0.9139919281005859,4.0143818855285645,-0.0,1.5317760705947876,0.7829916477203369,1.1171723171020395e-16,0.7829916477203369,0.0726238265633583,1.3232107162475586
181,2.349104881286621,-2.5266873836517334,0.2642363905906677,0.26522859930992126,0.025882801041007042,1.7959462404251099,1.7915679216384888,3.2525508403778076,0.29359906911849976,6.17974009553497e-16,0.7129620313644409,0.1111195906996727,0.06468727439641953,6.17974009553497e-16,0.7129620313644409,0.1111195906996727,0.06468727439641953,0.0,0.009035749316215516,0.0,0.0,0.0,0.0001,False,,,,,,,,,,,,,,
182,2.3511688709259033,-2.5462961196899414,0.26563572883605957,0.26746639609336853,0.02602200023829937,1.7947864532470703,1.7893028259277344,3.2720909118652344,0.28711387515068054,3.5311763308693434e-16,0.7128692269325256,0.11121866852045059,0.06491327285766602,3.5311763308693434e-16,0.7128692269325256,0.11121866852045059,0.06491327285766602,0.0,0.009035749316215516,0.0,0.0,0.0,0.0001,False,,,,,,,,,,,,,,
183,2.3485188484191895,-2.546858310699463,0.26549068093299866,0.265730082988739,0.02571641281247139,1.7929248809814453,1.7902384996414185,3.2720000743865967,0.2922889292240143,6.680735731638655e-16,0.7122081518173218,0.11048927158117294,0.0650695189833641,6.680735731638655e-16,0.7122081518173218,0.11048927158117294,0.0650695189833641,0.0,0.009035749316215516,0.0,0.0,0.0,0.0001,False,,,,,,,,,,,,,,
184,2.3451387882232666,-2.542452335357666,0.26542529463768005,0.2650509178638458,0.024940064176917076,1.7901084423065186,1.7893364429473877,3.267667770385742,0.28921473026275635,4.856783687415712e-16,0.7122624516487122,0.11061785370111465,0.06523087620735168,4.856783687415712e-16,0.7122624516487122,0.11061785370111465,0.06523087620735168,0.0,0.009035749316215516,0.0,0.0,0.0,0.0001,False,,,,,,,,,,,,,,
185,2.345573902130127,-2.569049596786499,0.26272690296173096,0.26219630241394043,0.025168918073177338,1.7961111068725586,1.7948522567749023,3.294917583465576,0.290628582239151,7.925129833900077e-16,0.713006854057312,0.11079949140548706,0.0642499178647995,7.925129833900077e-16,0.713006854057312,0.11079949140548706,0.0642499178647995,0.0,0.009035749316215516,0.0,0.0,0.0,0.0001,False,,,,,,,,,,,,,,
186,2.3457560539245605,-2.5666563510894775,0.2648283541202545,0.26386794447898865,0.0248409416526556,1.7919317483901978,1.7925058603286743,3.2909915447235107,0.2861630618572235,1.4319338142284243e-16,0.7114922404289246,0.11103162914514542,0.06417053937911987,1.4319338142284243e-16,0.7114922404289246,0.11103162914514542,0.06417053937911987,0.0,0.009035749316215516,0.0,0.0,0.0,0.0001,False,,,,,,,,,,,,,,
187,2.3480467796325684,-2.5761396884918213,0.2616729736328125,0.2606450021266937,0.02533283643424511,1.8000879287719727,1.800703763961792,3.299978494644165,0.29036736488342285,3.5069850698957606e-16,0.7110872268676758,0.1101984828710556,0.06332575529813766,3.5069850698957606e-16,0.7110872268676758,0.1101984828710556,0.06332575529813766,0.0,0.009035749316215516,0.0,0.0,0.0,0.0001,False,,,,,,,,,,,,,,
188,2.3466479778289795,-2.612844944000244,0.26415330171585083,0.26399609446525574,0.024784337729215622,1.79497230052948,1.7924561500549316,3.338041305541992,0.2880479693412781,3.760975310668251e-16,0.7123239040374756,0.11142082512378693,0.0643777921795845,3.760975310668251e-16,0.7123239040374756,0.11142082512378693,0.0643777921795845,0.0,0.009035749316215516,0.0,0.0,0.0,0.0001,False,,,,,,,,,,,,,,
189,2.344052791595459,-2.625563383102417,0.2625217139720917,0.2631910741329193,0.024742988869547844,1.7950621843338013,1.7921319007873535,3.3500030040740967,0.28276047110557556,7.049761516977752e-16,0.7116142511367798,0.11092342436313629,0.06396850943565369,7.049761516977752e-16,0.7116142511367798,0.11092342436313629,0.06396850943565369,0.0,0.009035749316215516,0.0,0.0,0.0,0.0001,False,,,,,,,,,,,,,,
190,2.3477845191955566,-2.623356342315674,0.2624925374984741,0.2634582817554474,0.025383083149790764,1.7988001108169556,1.7941011190414429,3.3470232486724854,0.28746503591537476,8.168534809809848e-16,0.7108374238014221,0.11164487153291702,0.06404762715101242,1.8997168046184057e-16,0.7102432250976562,0.11120294034481049,0.05344506725668907,0.0,0.009495992541313173,0.0,0.0,0.0,0.0001,False,0.7836273908615112,0.7836273908615112,0.21637260913848877,8.620997428894043,0.0,0.9140399694442749,4.011548042297363,-0.0,1.5367892980575562,0.783189058303833,1.883685891173159e-16,0.783189058303833,0.06758419424295425,1.3814728260040283
191,2.344740390777588,-2.6554110050201416,0.2657383680343628,0.265993595123291,0.025323884561657906,1.7893099784851074,1.7860591411590576,3.379748821258545,0.28084731101989746,1.5790468670844656e-15,0.7112150192260742,0.1120012104511261,0.06365858763456345,1.5790468670844656e-15,0.7112150192260742,0.1120012104511261,0.06365858763456345,0.0,0.009495992541313173,0.0,0.0,0.0,0.0001,False,,,,,,,,,,,,,,
192,2.350370407104492,-2.6663224697113037,0.26553550362586975,0.2660088837146759,0.02540626749396324,1.7947465181350708,1.79209303855896,3.390773296356201,0.2821873724460602,7.246537329141174e-16,0.71122807264328,0.11145202815532684,0.06469033658504486,7.246537329141174e-16,0.71122807264328,0.11145202815532684,0.06469033658504486,0.0,0.009495992541313173,0.0,0.0,0.0,0.0001,False,,,,,,,,,,,,,,
193,2.3437187671661377,-2.6730682849884033,0.26904743909835815,0.26928940415382385,0.02490716613829136,1.7821577787399292,1.7787915468215942,3.397813320159912,0.2809411883354187,1.9374688587151228e-15,0.7116233706474304,0.11186167597770691,0.06360474973917007,1.9374688587151228e-15,0.7116233706474304,0.11186167597770691,0.06360474973917007,0.0,0.009495992541313173,0.0,0.0,0.0,0.0001,False,,,,,,,,,,,,,,
194,2.346576690673828,-2.678861141204834,0.26743748784065247,0.26875054836273193,0.024700427427887917,1.7879199981689453,1.7834569215774536,3.4034299850463867,0.28173956274986267,2.0056933392099572e-15,0.711430549621582,0.11100782454013824,0.06379303336143494,2.0056933392099572e-15,0.711430549621582,0.11100782454013824,0.06379303336143494,0.0,0.009495992541313173,0.0,0.0,0.0,0.0001,False,,,,,,,,,,,,,,
195,2.3463358879089355,-2.6940860748291016,0.2658047676086426,0.2662479281425476,0.024806570261716843,1.7909942865371704,1.787959098815918,3.417602777481079,0.28355661034584045,6.044413876716886e-16,0.7104981541633606,0.11126600950956345,0.06268692016601562,6.044413876716886e-16,0.7104981541633606,0.11126600950956345,0.06268692016601562,0.0,0.009495992541313173,0.0,0.0,0.0,0.0001,False,,,,,,,,,,,,,,
196,2.343641996383667,-2.689298629760742,0.2674767076969147,0.26670515537261963,0.023851428180933,1.7856100797653198,1.7856073379516602,3.4129631519317627,0.28585827350616455,5.000210717583098e-16,0.7104527354240417,0.11097853630781174,0.06464831531047821,5.000210717583098e-16,0.7104527354240417,0.11097853630781174,0.06464831531047821,0.0,0.009495992541313173,0.0,0.0,0.0,0.0001,False,,,,,,,,,,,,,,
197,2.346958637237549,-2.700704574584961,0.2642737627029419,0.26314577460289,0.024580344557762146,1.7947070598602295,1.7952102422714233,3.423372507095337,0.2839227020740509,2.6278428506165035e-15,0.7096162438392639,0.11086652427911758,0.06309358030557632,2.6278428506165035e-15,0.7096162438392639,0.11086652427911758,0.06309358030557632,0.0,0.009495992541313173,0.0,0.0,0.0,0.0001,False,,,,,,,,,,,,,,
198,2.3497748374938965,-2.7100141048431396,0.26628243923187256,0.265148788690567,0.02478230744600296,1.793672800064087,1.7934495210647583,3.4335248470306396,0.283108651638031,7.282850266864677e-15,0.7104396224021912,0.1110745295882225,0.06324008852243423,7.282850266864677e-15,0.7104396224021912,0.1110745295882225,0.06324008852243423,0.0,0.009495992541313173,0.0,0.0,0.0,0.0001,False,,,,,,,,,,,,,,
199,2.3427886962890625,-2.7165677547454834,0.2640402615070343,0.2638808786869049,0.024020958691835403,1.7913486957550049,1.79034423828125,3.439700126647949,0.28817495703697205,3.237221752156415e-16,0.7100515365600586,0.11065171658992767,0.06337615847587585,3.237221752156415e-16,0.7100515365600586,0.11065171658992767,0.06337615847587585,0.0,0.009495992541313173,0.0,0.0,0.0,0.0001,False,,,,,,,,,,,,,,
200,2.3482437133789062,-2.7320961952209473,0.26450687646865845,0.2651568353176117,0.02465975098311901,1.7955148220062256,1.792325496673584,3.4550445079803467,0.2868924140930176,4.1231883041334633e-16,0.7100182771682739,0.1111389622092247,0.06185351312160492,2.5299625858597053e-16,0.7088847756385803,0.11061367392539978,0.051742758601903915,0.0,0.009954877316951754,0.0,0.0,0.0,0.0001,False,0.7833178043365479,0.7833178043365479,0.21668219566345215,8.631001472473145,0.0,0.9156256318092346,4.00961971282959,-0.0,1.530747413635254,0.7828983664512634,2.5086772621219013e-16,0.7828983664512634,0.06414565443992615,1.4226365089416504
201,2.3483948707580566,-2.7565555572509766,0.26615506410598755,0.2664036750793457,0.02437189407646656,1.7925444841384888,1.79038405418396,3.4797141551971436,0.2872750759124756,1.5331824682103686e-15,0.7098717093467712,0.11057040095329285,0.06214486435055733,1.5331824682103686e-15,0.7098717093467712,0.11057040095329285,0.06214486435055733,0.0,0.009954877316951754,0.0,0.0,0.0,0.0001,False,,,,,,,,,,,,,,
202,2.347243547439575,-2.7747371196746826,0.26531922817230225,0.2651614844799042,0.024341082200407982,1.7931458950042725,1.7916975021362305,3.4973742961883545,0.287029504776001,2.234421828182213e-16,0.7093400359153748,0.11080796271562576,0.06226636469364166,2.234421828182213e-16,0.7093400359153748,0.11080796271562576,0.06226636469364166,0.0,0.009954877316951754,0.0,0.0,0.0,0.0001,False,,,,,,,,,,,,,,
203,2.3456807136535645,-2.774507761001587,0.2663799524307251,0.2657380998134613,0.02445371076464653,1.7894808053970337,1.7887369394302368,3.497061252593994,0.2844848036766052,1.0106289965661143e-15,0.7092397212982178,0.11051888018846512,0.06245600804686546,1.0106289965661143e-15,0.7092397212982178,0.11051888018846512,0.06245600804686546,0.0,0.009954877316951754,0.0,0.0,0.0,0.0001,False,,,,,,,,,,,,,,
204,2.3418688774108887,-2.782038688659668,0.2668684124946594,0.2671523690223694,0.024027561768889427,1.785417079925537,1.782224178314209,3.5050508975982666,0.2831200361251831,1.1440777668566085e-15,0.7097456455230713,0.11022258549928665,0.061958618462085724,1.1440777668566085e-15,0.7097456455230713,0.11022258549928665,0.061958618462085724,0.0,0.009954877316951754,0.0,0.0,0.0,0.0001,False,,,,,,,,,,,,,,
205,2.346221923828125,-2.7942168712615967,0.2647157907485962,0.26574867963790894,0.024383287876844406,1.793570876121521,1.7891772985458374,3.518214702606201,0.2792177200317383,2.099854392066192e-15,0.7107188105583191,0.11052221804857254,0.06195298209786415,2.099854392066192e-15,0.7107188105583191,0.11052221804857254,0.06195298209786415,0.0,0.009954877316951754,0.0,0.0,0.0,0.0001,False,,,,,,,,,,,,,,
206,2.3458545207977295,-2.8250467777252197,0.264430969953537,0.26576516032218933,0.023691948503255844,1.7944190502166748,1.7895139455795288,3.546907663345337,0.2783448100090027,5.625336385128941e-16,0.7086880207061768,0.11037327349185944,0.061058755964040756,5.625336385128941e-16,0.7086880207061768,0.11037327349185944,0.061058755964040756,0.0,0.009954877316951754,0.0,0.0,0.0,0.0001,False,,,,,,,,,,,,,,
207,2.3462555408477783,-2.838848352432251,0.26592838764190674,0.266147643327713,0.023655306547880173,1.7916268110275269,1.789421796798706,3.5614237785339355,0.2768498957157135,1.1851302774364722e-15,0.7092700600624084,0.10990834981203079,0.062375593930482864,1.1851302774364722e-15,0.7092700600624084,0.10990834981203079,0.062375593930482864,0.0,0.009954877316951754,0.0,0.0,0.0,0.0001,False,,,,,,,,,,,,,,
208,2.3450307846069336,-2.8535008430480957,0.27005815505981445,0.27007153630256653,0.02393990568816662,1.7816277742385864,1.78029465675354,3.5756638050079346,0.2795460820198059,2.5842335710853526e-15,0.7089945673942566,0.11011818051338196,0.06099144369363785,2.5842335710853526e-15,0.7089945673942566,0.11011818051338196,0.06099144369363785,0.0,0.009954877316951754,0.0,0.0,0.0,0.0001,False,,,,,,,,,,,,,,
209,2.344694137573242,-2.845557689666748,0.268780380487442,0.2683956027030945,0.02351216785609722,1.784552812576294,1.7834588289260864,3.5679776668548584,0.27739036083221436,3.161868748256607e-15,0.709063708782196,0.10988970100879669,0.06286342442035675,3.161868748256607e-15,0.709063708782196,0.10988970100879669,0.06286342442035675,0.0,0.009954877316951754,0.0,0.0,0.0,0.0001,False,,,,,,,,,,,,,,
210,2.3448948860168457,-2.8570261001586914,0.2657069265842438,0.2669687867164612,0.023767534643411636,1.7906129360198975,1.7862904071807861,3.579665422439575,0.2734271287918091,8.086997088966544e-15,0.7093403339385986,0.11053048819303513,0.06226867437362671,3.6692984821936217e-16,0.7078604698181152,0.1099156066775322,0.05008942261338234,0.0,0.01041273778676987,0.0,0.0,0.0,0.0001,False,0.7831100821495056,0.7831100821495056,0.21688991785049438,8.64657974243164,0.0,0.9172112941741943,4.006040573120117,-0.0,1.5231835842132568,0.7828762531280518,3.638494328244702e-16,0.7828762531280518,0.06076883152127266,1.4634771347045898
211,2.3473918437957764,-2.876620292663574,0.2692389190196991,0.2697925865650177,0.023644795641303062,1.7862790822982788,1.7831519842147827,3.5989389419555664,0.270794153213501,2.608747922188754e-16,0.7088106870651245,0.10969705134630203,0.0611828975379467,2.608747922188754e-16,0.7088106870651245,0.10969705134630203,0.0611828975379467,0.0,0.01041273778676987,0.0,0.0,0.0,0.0001,False,,,,,,,,,,,,,,
212,2.3427114486694336,-2.873882293701172,0.270148366689682,0.2697392404079437,0.022941675037145615,1.7806191444396973,1.7791454792022705,3.596554756164551,0.2747073769569397,3.80184936199404e-15,0.7093093991279602,0.11054893583059311,0.05967491492629051,3.80184936199404e-15,0.7093093991279602,0.11054893583059311,0.05967491492629051,0.0,0.01041273778676987,0.0,0.0,0.0,0.0001,False,,,,,,,,,,,,,,
213,2.3449535369873047,-2.9101903438568115,0.26704293489456177,0.26635652780532837,0.023226870223879814,1.7883903980255127,1.788264274597168,3.6330292224884033,0.2733059525489807,3.34303125504285e-16,0.7093988060951233,0.1105685904622078,0.06042202189564705,3.34303125504285e-16,0.7093988060951233,0.1105685904622078,0.06042202189564705,0.0,0.01041273778676987,0.0,0.0,0.0,0.0001,False,,,,,,,,,,,,,,
214,2.3398165702819824,-2.8984251022338867,0.2667483389377594,0.26537224650382996,0.023380184546113014,1.78348970413208,1.7851417064666748,3.620288848876953,0.2796696424484253,2.6161067856158215e-15,0.7084704041481018,0.11030393093824387,0.06005330756306648,2.6161067856158215e-15,0.7084704041481018,0.11030393093824387,0.06005330756306648,0.0,0.01041273778676987,0.0,0.0,0.0,0.0001,False,,,,,,,,,,,,,,
215,2.3480374813079834,-2.912111759185791,0.2707020342350006,0.2693481147289276,0.023282000795006752,1.784537672996521,1.7848728895187378,3.6349761486053467,0.2778267562389374,1.822245272834226e-15,0.7094358205795288,0.11076080054044724,0.06029156595468521,1.822245272834226e-15,0.7094358205795288,0.11076080054044724,0.06029156595468521,0.0,0.01041273778676987,0.0,0.0,0.0,0.0001,False,,,,,,,,,,,,,,
216,2.34387469291687,-2.903233289718628,0.26997610926628113,0.26960375905036926,0.023348571732640266,1.7813994884490967,1.780493140220642,3.6260323524475098,0.2773182988166809,3.881310369808913e-15,0.7091164588928223,0.11069665849208832,0.062833271920681,3.881310369808913e-15,0.7091164588928223,0.11069665849208832,0.062833271920681,0.0,0.01041273778676987,0.0,0.0,0.0,0.0001,False,,,,,,,,,,,,,,
217,2.3443052768707275,-2.9306366443634033,0.26704272627830505,0.26815223693847656,0.023772040382027626,1.7875205278396606,1.7831556797027588,3.651919364929199,0.27439072728157043,7.503674297312714e-15,0.7078724503517151,0.11021141707897186,0.060236018151044846,7.503674297312714e-15,0.7078724503517151,0.11021141707897186,0.060236018151044846,0.0,0.01041273778676987,0.0,0.0,0.0,0.0001,False,,,,,,,,,,,,,,
218,2.344352960586548,-2.958353042602539,0.2683414816856384,0.26916301250457764,0.023583319038152695,1.7851734161376953,1.781356692314148,3.679922342300415,0.2742350995540619,3.751272601197012e-15,0.708187997341156,0.11015751957893372,0.059911396354436874,3.751272601197012e-15,0.708187997341156,0.11015751957893372,0.059911396354436874,0.0,0.01041273778676987,0.0,0.0,0.0,0.0001,False,,,,,,,,,,,,,,
219,2.3461265563964844,-2.9767839908599854,0.26811105012893677,0.2686310112476349,0.023273233324289322,1.7875229120254517,1.7846994400024414,3.6983702182769775,0.27832654118537903,2.4495458033512623e-15,0.7082307934761047,0.11000502109527588,0.05964308977127075,2.4495458033512623e-15,0.7082307934761047,0.11000502109527588,0.05964308977127075,0.0,0.01041273778676987,0.0,0.0,0.0,0.0001,False,,,,,,,,,,,,,,
220,2.3458189964294434,-2.965768337249756,0.2682914435863495,0.26760998368263245,0.02300477959215641,1.7871143817901611,1.7867110967636108,3.687084913253784,0.2735039293766022,1.969880150925335e-15,0.70807945728302,0.11027628928422928,0.05850384756922722,3.594040749643871e-16,0.7072669863700867,0.11016227304935455,0.04887126758694649,0.0,0.010870004773139956,0.0,0.0,0.0,0.0001,False,0.7830858826637268,0.7830858826637268,0.2169141173362732,8.643572807312012,0.0,0.9174515008926392,4.00557804107666,-0.0,1.5226863622665405,0.7828465104103088,3.5639097808035686e-16,0.7828465104103088,0.057287584990262985,1.51277494430542
221,2.346290111541748,-2.988391637802124,0.27014634013175964,0.2693609893321991,0.0231342576444149,1.7838271856307983,1.7834700345993042,3.7106072902679443,0.2746413052082062,6.549514128603847e-15,0.7085444331169128,0.11064520478248596,0.05952036753296852,6.549514128603847e-15,0.7085444331169128,0.11064520478248596,0.05952036753296852,0.0,0.010870004773139956,0.0,0.0,0.0,0.0001,False,,,,,,,,,,,,,,
222,2.342552900314331,-2.988746166229248,0.2693372964859009,0.2691056728363037,0.02297862432897091,1.7820324897766113,1.780229926109314,3.7117161750793457,0.27175506949424744,5.221389760715154e-15,0.7093324661254883,0.11070049554109573,0.05911187455058098,5.221389760715154e-15,0.7093324661254883,0.11070049554109573,0.05911187455058098,0.0,0.010870004773139956,0.0,0.0,0.0,0.0001,False,,,,,,,,,,,,,,
223,2.3496363162994385,-3.00068998336792,0.2729768753051758,0.27352970838546753,0.02337014675140381,1.781252384185791,1.7782670259475708,3.7232773303985596,0.2711906433105469,1.5986935845377923e-15,0.7087623476982117,0.11076706647872925,0.0610475167632103,1.5986935845377923e-15,0.7087623476982117,0.11076706647872925,0.0610475167632103,0.0,0.010870004773139956,0.0,0.0,0.0,0.0001,False,,,,,,,,,,,,,,
224,2.345101833343506,-3.009798288345337,0.2721467614173889,0.2730032205581665,0.023290792480111122,1.7784253358840942,1.7748963832855225,3.731360673904419,0.2735251784324646,7.558924562396218e-15,0.7078247666358948,0.11043776571750641,0.06022842228412628,7.558924562396218e-15,0.7078247666358948,0.11043776571750641,0.06022842228412628,0.0,0.010870004773139956,0.0,0.0,0.0,0.0001,False,,,,,,,,,,,,,,
225,2.345768690109253,-3.027449607849121,0.2699569761753082,0.27049019932746887,0.023085927590727806,1.7838298082351685,1.7806414365768433,3.7494852542877197,0.2764904499053955,5.668070785504696e-16,0.7083156704902649,0.10988594591617584,0.060070835053920746,5.668070785504696e-16,0.7083156704902649,0.10988594591617584,0.060070835053920746,0.0,0.010870004773139956,0.0,0.0,0.0,0.0001,False,,,,,,,,,,,,,,
226,2.3494210243225098,-3.0449483394622803,0.2700839042663574,0.26989778876304626,0.023344065994024277,1.7869592905044556,1.785231590270996,3.765805721282959,0.2786870300769806,1.1518268265987407e-14,0.7072747349739075,0.10996352881193161,0.058733634650707245,1.1518268265987407e-14,0.7072747349739075,0.10996352881193161,0.058733634650707245,0.0,0.010870004773139956,0.0,0.0,0.0,0.0001,False,,,,,,,,,,,,,,
227,2.345508337020874,-3.035943031311035,0.2687268555164337,0.26785266399383545,0.023776734247803688,1.7852765321731567,1.7850278615951538,3.7570254802703857,0.2772514522075653,1.734573021749551e-15,0.7076313495635986,0.11002197861671448,0.05740101635456085,1.734573021749551e-15,0.7076313495635986,0.11002197861671448,0.05740101635456085,0.0,0.010870004773139956,0.0,0.0,0.0,0.0001,False,,,,,,,,,,,,,,
228,2.3523108959198,-3.0403025150299072,0.2678193151950836,0.2667805254459381,0.023457275703549385,1.7942603826522827,1.7942471504211426,3.7618324756622314,0.2739298939704895,8.725749610809577e-16,0.7079153656959534,0.10969323664903641,0.05903678759932518,8.725749610809577e-16,0.7079153656959534,0.10969323664903641,0.05903678759932518,0.0,0.010870004773139956,0.0,0.0,0.0,0.0001,False,,,,,,,,,,,,,,
229,2.3455841541290283,-3.069061756134033,0.26497557759284973,0.2660796046257019,0.02285308763384819,1.7936888933181763,1.7896629571914673,3.789672374725342,0.2707180082798004,1.543897540872254e-16,0.7072272300720215,0.1098867729306221,0.056787312030792236,1.543897540872254e-16,0.7072272300720215,0.1098867729306221,0.056787312030792236,0.0,0.010870004773139956,0.0,0.0,0.0,0.0001,False,,,,,,,,,,,,,,
230,2.3471031188964844,-3.0763638019561768,0.26761484146118164,0.26856866478919983,0.02308877371251583,1.7898699045181274,1.7857917547225952,3.7974212169647217,0.2738683521747589,7.291165377549635e-16,0.7074444890022278,0.10965322703123093,0.059073250740766525,4.4268299493413325e-16,0.7063668370246887,0.10947982966899872,0.047532543540000916,0.0,0.011326371610164645,0.0,0.0,0.0,0.0001,False,0.7825904488563538,0.7825904488563538,0.21740955114364624,8.680497169494629,0.0,0.9191332459449768,4.002783298492432,-0.0,1.5086363554000854,0.7826090455055237,4.389798414414117e-16,0.7826090455055237,0.05411911383271217,1.5525157451629639
231,2.343864917755127,-3.115746021270752,0.2690928876399994,0.2701934576034546,0.022353533655405045,1.7841695547103882,1.7802807092666626,3.836975336074829,0.2724754512310028,4.473587570264642e-16,0.707373321056366,0.10947136580944061,0.058257702738046646,4.473587570264642e-16,0.707373321056366,0.10947136580944061,0.058257702738046646,0.0,0.011326371610164645,0.0,0.0,0.0,0.0001,False,,,,,,,,,,,,,,
232,2.3440074920654297,-3.1262881755828857,0.27127090096473694,0.27202191948890686,0.022493302822113037,1.7796096801757812,1.776832938194275,3.8476247787475586,0.2691901922225952,4.707673066172249e-16,0.7074390649795532,0.10970795154571533,0.058606427162885666,4.707673066172249e-16,0.7074390649795532,0.10970795154571533,0.058606427162885666,0.0,0.011326371610164645,0.0,0.0,0.0,0.0001,False,,,,,,,,,,,,,,
233,2.3439090251922607,-3.1399190425872803,0.2718640863895416,0.27246415615081787,0.021959595382213593,1.7792272567749023,1.776015043258667,3.860672950744629,0.2686419188976288,2.1952298784105526e-15,0.7070055603981018,0.10951440036296844,0.057195939123630524,2.1952298784105526e-15,0.7070055603981018,0.10951440036296844,0.057195939123630524,0.0,0.011326371610164645,0.0,0.0,0.0,0.0001,False,,,,,,,,,,,,,,
234,2.344416618347168,-3.145202159881592,0.273568719625473,0.274258553981781,0.022601023316383362,1.7754617929458618,1.7725147008895874,3.866772174835205,0.26749637722969055,4.897155289385101e-15,0.7077951431274414,0.11002551764249802,0.0574038065969944,4.897155289385101e-15,0.7077951431274414,0.11002551764249802,0.0574038065969944,0.0,0.011326371610164645,0.0,0.0,0.0,0.0001,False,,,,,,,,,,,,,,
235,2.3458051681518555,-3.1318371295928955,0.274445503950119,0.2753429412841797,0.022490108385682106,1.775359869003296,1.7716933488845825,3.852302312850952,0.2661491632461548,2.171852563159722e-16,0.7065601944923401,0.10945120453834534,0.05877155810594559,2.171852563159722e-16,0.7065601944923401,0.10945120453834534,0.05877155810594559,0.0,0.011326371610164645,0.0,0.0,0.0,0.0001,False,,,,,,,,,,,,,,
236,2.343903064727783,-3.1563479900360107,0.27057310938835144,0.27160120010375977,0.022123640403151512,1.7816334962844849,1.7775769233703613,3.877394199371338,0.26529645919799805,1.229497757334534e-15,0.7073331475257874,0.10928937047719955,0.056842464953660965,1.229497757334534e-15,0.7073331475257874,0.10928937047719955,0.056842464953660965,0.0,0.011326371610164645,0.0,0.0,0.0,0.0001,False,,,,,,,,,,,,,,
237,2.350099802017212,-3.1650478839874268,0.26917532086372375,0.27006834745407104,0.022535551339387894,1.7899837493896484,1.7866572141647339,3.8853368759155273,0.26803600788116455,3.235964014108861e-15,0.7064678072929382,0.10940485447645187,0.05797796696424484,3.235964014108861e-15,0.7064678072929382,0.10940485447645187,0.05797796696424484,0.0,0.011326371610164645,0.0,0.0,0.0,0.0001,False,,,,,,,,,,,,,,
238,2.3440940380096436,-3.1724460124969482,0.2715977132320404,0.27154451608657837,0.022293034940958023,1.7797372341156006,1.7775803804397583,3.8926079273223877,0.2689874768257141,1.595816107736851e-15,0.7063578963279724,0.10943801701068878,0.057815272361040115,1.595816107736851e-15,0.7063578963279724,0.10943801701068878,0.057815272361040115,0.0,0.011326371610164645,0.0,0.0,0.0,0.0001,False,,,,,,,,,,,,,,
239,2.346918821334839,-3.19765043258667,0.2679474651813507,0.26789548993110657,0.0218699611723423,1.7898110151290894,1.7886008024215698,3.9176385402679443,0.2669915556907654,2.5401824579930903e-16,0.706333577632904,0.10887781530618668,0.0562707893550396,2.5401824579930903e-16,0.706333577632904,0.10887781530618668,0.0562707893550396,0.0,0.011326371610164645,0.0,0.0,0.0,0.0001,False,,,,,,,,,,,,,,
240,2.3458919525146484,-3.203835964202881,0.2690155804157257,0.26989680528640747,0.022384829819202423,1.7863303422927856,1.782858967781067,3.923961639404297,0.26807305216789246,9.330402492020284e-16,0.7064002752304077,0.10893486440181732,0.05704977735877037,3.9539637454480743e-16,0.7056093811988831,0.10905838757753372,0.04649168998003006,0.0,0.011781980991363527,0.0,0.0,0.0,0.0001,False,0.7823746204376221,0.7823746204376221,0.21762537956237793,8.693868637084961,0.0,0.9218720197677612,4.000301361083984,-0.0,1.50091552734375,0.782589316368103,3.92093431786253e-16,0.782589316368103,0.05144348740577698,1.5959726572036743
241,2.352837562561035,-3.2223401069641113,0.2715533971786499,0.2724422812461853,0.022983679547905922,1.7878602743148804,1.7838560342788696,3.9426627159118652,0.2680967152118683,1.3848213652461073e-15,0.7062099575996399,0.10867537558078766,0.057679809629917145,1.3848213652461073e-15,0.7062099575996399,0.10867537558078766,0.057679809629917145,0.0,0.011781980991363527,0.0,0.0,0.0,0.0001,False,,,,,,,,,,,,,,
242,2.344055652618408,-3.236207962036133,0.2725396156311035,0.27279582619667053,0.021842265501618385,1.7782514095306396,1.7755045890808105,3.956425666809082,0.2665771245956421,1.0460502203543946e-15,0.7061677575111389,0.10948498547077179,0.057026345282793045,1.0460502203543946e-15,0.7061677575111389,0.10948498547077179,0.057026345282793045,0.0,0.011781980991363527,0.0,0.0,0.0,0.0001,False,,,,,,,,,,,,,,
243,2.3498458862304688,-3.2420904636383057,0.2760506272315979,0.2757544219493866,0.022483238950371742,1.7764251232147217,1.7746905088424683,3.9628028869628906,0.2657673954963684,2.607089484617589e-15,0.7066268920898438,0.1096206083893776,0.05735297128558159,2.607089484617589e-15,0.7066268920898438,0.1096206083893776,0.05735297128558159,0.0,0.011781980991363527,0.0,0.0,0.0,0.0001,False,,,,,,,,,,,,,,
244,2.3483328819274902,-3.2559568881988525,0.27495867013931274,0.27496087551116943,0.022205818444490433,1.7769678831100464,1.775446891784668,3.9765701293945312,0.262923002243042,4.793015976651974e-15,0.7065284848213196,0.10934005677700043,0.05739092081785202,4.793015976651974e-15,0.7065284848213196,0.10934005677700043,0.05739092081785202,0.0,0.011781980991363527,0.0,0.0,0.0,0.0001,False,,,,,,,,,,,,,,
245,2.3443942070007324,-3.249908447265625,0.27135464549064636,0.27117055654525757,0.02241993136703968,1.7800657749176025,1.7788324356079102,3.9693973064422607,0.26000699400901794,2.8682489063765215e-16,0.7055783271789551,0.10898327827453613,0.055684082210063934,2.8682489063765215e-16,0.7055783271789551,0.10898327827453613,0.055684082210063934,0.0,0.011781980991363527,0.0,0.0,0.0,0.0001,False,,,,,,,,,,,,,,
246,2.344357490539551,-3.2562012672424316,0.27332374453544617,0.2730993628501892,0.021604346111416817,1.7768349647521973,1.775825023651123,3.976121187210083,0.26465168595314026,1.3179896186747957e-15,0.7059211730957031,0.10907446593046188,0.0565793551504612,1.3179896186747957e-15,0.7059211730957031,0.10907446593046188,0.0565793551504612,0.0,0.011781980991363527,0.0,0.0,0.0,0.0001,False,,,,,,,,,,,,,,
247,2.345184087753296,-3.286129951477051,0.2729952037334442,0.27234676480293274,0.02155287377536297,1.7787095308303833,1.7778689861297607,4.006246566772461,0.26589831709861755,1.0851127329038028e-14,0.7062376737594604,0.10904563218355179,0.05531006306409836,1.0851127329038028e-14,0.7062376737594604,0.10904563218355179,0.05531006306409836,0.0,0.011781980991363527,0.0,0.0,0.0,0.0001,False,,,,,,,,,,,,,,
248,2.3470804691314697,-3.2906038761138916,0.274933397769928,0.2738525867462158,0.021973080933094025,1.7760144472122192,1.7766283750534058,4.010159492492676,0.2701757252216339,5.3469844180022326e-15,0.7055848836898804,0.10929370671510696,0.05628382787108421,5.3469844180022326e-15,0.7055848836898804,0.10929370671510696,0.05628382787108421,0.0,0.011781980991363527,0.0,0.0,0.0,0.0001,False,,,,,,,,,,,,,,
249,2.3463311195373535,-3.2994766235351562,0.27352893352508545,0.2734067142009735,0.021926280111074448,1.7786271572113037,1.776310920715332,4.019239902496338,0.26625221967697144,1.2007147307538856e-16,0.7057051658630371,0.10920465737581253,0.057145074009895325,1.2007147307538856e-16,0.7057051658630371,0.10920465737581253,0.057145074009895325,0.0,0.011781980991363527,0.0,0.0,0.0,0.0001,False,,,,,,,,,,,,,,
250,2.348060131072998,-3.317683458328247,0.2731153964996338,0.2739489674568176,0.022075895220041275,1.780604600906372,1.7772352695465088,4.038442611694336,0.2697819173336029,6.481513476565325e-15,0.7066276669502258,0.10958205908536911,0.05781662464141846,4.692573553860388e-16,0.7048022747039795,0.109125517308712,0.045712996274232864,0.0,0.012236783266067506,0.0,0.0,0.0,0.0001,False,0.7825120091438293,0.7825120091438293,0.21748799085617065,8.693930625915527,0.0,0.9189890623092651,4.001943588256836,-0.0,1.5045080184936523,0.7824090123176575,4.653439419428843e-16,0.7824090123176575,0.049181755632162094,1.637216329574585
251,2.3482441902160645,-3.30332350730896,0.27171194553375244,0.27270400524139404,0.02234223298728466,1.7833834886550903,1.7795883417129517,4.0239081382751465,0.26763829588890076,4.671403644766411e-16,0.7060957551002502,0.10929814726114273,0.058266058564186096,4.671403644766411e-16,0.7060957551002502,0.10929814726114273,0.058266058564186096,0.0,0.012236783266067506,0.0,0.0,0.0,0.0001,False,,,,,,,,,,,,,,
252,2.3452906608581543,-3.3280136585235596,0.2745641767978668,0.27509012818336487,0.02139396220445633,1.7758437395095825,1.7726409435272217,4.04841423034668,0.26424357295036316,3.735236626379153e-16,0.7059981226921082,0.10978877544403076,0.05738253518939018,3.735236626379153e-16,0.7059981226921082,0.10978877544403076,0.05738253518939018,0.0,0.012236783266067506,0.0,0.0,0.0,0.0001,False,,,,,,,,,,,,,,
253,2.347954273223877,-3.3197450637817383,0.2749376595020294,0.275634229183197,0.02240006998181343,1.7764320373535156,1.7735322713851929,4.039900779724121,0.2587287127971649,4.3092784250903585e-15,0.7058427333831787,0.10929307341575623,0.05653759464621544,4.3092784250903585e-15,0.7058427333831787,0.10929307341575623,0.05653759464621544,0.0,0.012236783266067506,0.0,0.0,0.0,0.0001,False,,,,,,,,,,,,,,
254,2.3485021591186523,-3.3439157009124756,0.27150651812553406,0.2721403241157532,0.02239926904439926,1.7839014530181885,1.7810108661651611,4.063762187957764,0.25896450877189636,3.1702903733346827e-15,0.7056303024291992,0.10922377556562424,0.05551305040717125,3.1702903733346827e-15,0.7056303024291992,0.10922377556562424,0.05551305040717125,0.0,0.012236783266067506,0.0,0.0,0.0,0.0001,False,,,,,,,,,,,,,,
255,2.350611686706543,-3.378296375274658,0.27436068654060364,0.27373823523521423,0.0221403818577528,1.7807456254959106,1.7799992561340332,4.098088264465332,0.25940337777137756,5.641828116611982e-16,0.7055922150611877,0.10863074660301208,0.055342551320791245,5.641828116611982e-16,0.7055922150611877,0.10863074660301208,0.055342551320791245,0.0,0.012236783266067506,0.0,0.0,0.0,0.0001,False,,,,,,,,,,,,,,
256,2.347823143005371,-3.400219440460205,0.273705393075943,0.27245476841926575,0.02189929410815239,1.7791836261749268,1.780343770980835,4.1195387840271,0.25774359703063965,2.645024913951557e-15,0.705094039440155,0.1088816449046135,0.0556686632335186,2.645024913951557e-15,0.705094039440155,0.1088816449046135,0.0556686632335186,0.0,0.012236783266067506,0.0,0.0,0.0,0.0001,False,,,,,,,,,,,,,,
257,2.347275972366333,-3.393383502960205,0.2777777910232544,0.2771974503993988,0.021685319021344185,1.7709290981292725,1.7703014612197876,4.112203121185303,0.2583695650100708,1.454427991752624e-15,0.704687237739563,0.10960035026073456,0.05476612597703934,1.454427991752624e-15,0.704687237739563,0.10960035026073456,0.05476612597703934,0.0,0.012236783266067506,0.0,0.0,0.0,0.0001,False,,,,,,,,,,,,,,
258,2.3524086475372314,-3.3954031467437744,0.2754363417625427,0.2752014696598053,0.022318407893180847,1.7801567316055298,1.7787480354309082,4.115309715270996,0.2595658600330353,3.857842474972286e-15,0.7056177258491516,0.10910071432590485,0.056304775178432465,3.857842474972286e-15,0.7056177258491516,0.10910071432590485,0.056304775178432465,0.0,0.012236783266067506,0.0,0.0,0.0,0.0001,False,,,,,,,,,,,,,,
259,2.345008134841919,-3.41052508354187,0.272051066160202,0.27252161502838135,0.021789025515317917,1.7802549600601196,1.7770379781723022,4.1298065185546875,0.2617417573928833,1.7044412010795186e-15,0.7051954865455627,0.10892757773399353,0.05432307347655296,1.7044412010795186e-15,0.7051954865455627,0.10892757773399353,0.05432307347655296,0.0,0.012236783266067506,0.0,0.0,0.0,0.0001,False,,,,,,,,,,,,,,
260,2.3490991592407227,-3.414181709289551,0.2772696316242218,0.27788302302360535,0.022169368341565132,1.7732806205749512,1.7702738046646118,4.133250713348389,0.2657027244567871,3.564110930622281e-15,0.7049458622932434,0.10896624624729156,0.05469110980629921,1.2312176432280562e-15,0.7038365006446838,0.1087709441781044,0.04507318139076233,0.0,0.01269061976671219,0.0,0.0,0.0,0.0001,False,0.7818278670310974,0.7818278670310974,0.2181721329689026,8.736732482910156,0.0,0.9189410209655762,4.001094818115234,-0.0,1.5048837661743164,0.7823355793952942,1.22096818454669e-15,0.7823355793952942,0.04737181216478348,1.6708589792251587
261,2.34659481048584,-3.4312961101531982,0.2706035375595093,0.27138590812683105,0.021654032170772552,1.7849202156066895,1.7809826135635376,4.150970935821533,0.2660050094127655,7.72686430254067e-16,0.7051328420639038,0.10914240777492523,0.05565185099840164,7.72686430254067e-16,0.7051328420639038,0.10914240777492523,0.05565185099840164,0.0,0.01269061976671219,0.0,0.0,0.0,0.0001,False,,,,,,,,,,,,,,
262,2.3466053009033203,-3.4423563480377197,0.2717133164405823,0.27202486991882324,0.021658772602677345,1.7822729349136353,1.7801434993743896,4.161757469177246,0.26901504397392273,4.113765856688647e-16,0.7048336267471313,0.1093132346868515,0.05595347657799721,4.113765856688647e-16,0.7048336267471313,0.1093132346868515,0.05595347657799721,0.0,0.01269061976671219,0.0,0.0,0.0,0.0001,False,,,,,,,,,,,,,,
263,2.349916934967041,-3.453932046890259,0.27166256308555603,0.27194610238075256,0.021797193214297295,1.7854368686676025,1.7835853099822998,4.172460079193115,0.2609107196331024,4.4296482443455937e-14,0.704054057598114,0.10849029570817947,0.05511021614074707,4.4296482443455937e-14,0.704054057598114,0.10849029570817947,0.05511021614074707,0.0,0.01269061976671219,0.0,0.0,0.0,0.0001,False,,,,,,,,,,,,,,
264,2.3557965755462646,-3.470275402069092,0.27521732449531555,0.2766393721103668,0.021778371185064316,1.7844914197921753,1.7798317670822144,4.189218997955322,0.26229724287986755,1.6523626508670088e-15,0.7044751048088074,0.10871941596269608,0.05498630926012993,1.6523626508670088e-15,0.7044751048088074,0.10871941596269608,0.05498630926012993,0.0,0.01269061976671219,0.0,0.0,0.0,0.0001,False,,,,,,,,,,,,,,
265,2.347137689590454,-3.4726643562316895,0.2708165943622589,0.2725035548210144,0.021334197372198105,1.7848762273788452,1.780090570449829,4.191166877746582,0.2603364884853363,4.3405915390844554e-14,0.7040713429450989,0.10843361169099808,0.05466699227690697,4.3405915390844554e-14,0.7040713429450989,0.10843361169099808,0.05466699227690697,0.0,0.01269061976671219,0.0,0.0,0.0,0.0001,False,,,,,,,,,,,,,,
266,2.349104404449463,-3.511047840118408,0.27389854192733765,0.2756311297416687,0.021596696227788925,1.780397891998291,1.7755581140518188,4.229907512664795,0.25714272260665894,4.502078370478488e-14,0.7045591473579407,0.10841765999794006,0.05331505089998245,4.502078370478488e-14,0.7045591473579407,0.10841765999794006,0.05331505089998245,0.0,0.01269061976671219,0.0,0.0,0.0,0.0001,False,,,,,,,,,,,,,,
267,2.3521745204925537,-3.5186593532562256,0.27995234727859497,0.2800353765487671,0.021458502858877182,1.7717068195343018,1.7697497606277466,4.2365241050720215,0.25966814160346985,1.5129352043974386e-15,0.7035409212112427,0.10812287777662277,0.053694866597652435,1.5129352043974386e-15,0.7035409212112427,0.10812287777662277,0.053694866597652435,0.0,0.01269061976671219,0.0,0.0,0.0,0.0001,False,,,,,,,,,,,,,,
268,2.349764823913574,-3.5091049671173096,0.27978914976119995,0.2792123854160309,0.021133793517947197,1.7698633670806885,1.7693958282470703,4.227212429046631,0.2567848265171051,2.649922670210818e-15,0.7037188410758972,0.10819584876298904,0.05430188402533531,2.649922670210818e-15,0.7037188410758972,0.10819584876298904,0.05430188402533531,0.0,0.01269061976671219,0.0,0.0,0.0,0.0001,False,,,,,,,,,,,,,,
269,2.350613832473755,-3.5147063732147217,0.27814552187919617,0.278155118227005,0.021043989807367325,1.7743195295333862,1.772218942642212,4.233001232147217,0.25804468989372253,2.0433558545283198e-14,0.7038432955741882,0.10789676010608673,0.054963596165180206,2.0433558545283198e-14,0.7038432955741882,0.10789676010608673,0.054963596165180206,0.0,0.01269061976671219,0.0,0.0,0.0,0.0001,False,,,,,,,,,,,,,,
270,2.351252794265747,-3.5260255336761475,0.27879080176353455,0.278450608253479,0.0211286973208189,1.7734708786010742,1.772294521331787,4.244176864624023,0.25739139318466187,1.7810671896199316e-14,0.7037341594696045,0.10802482813596725,0.05456872656941414,1.882981244381743e-15,0.7026575803756714,0.10811036825180054,0.0436742939054966,0.0,0.013143277347087862,0.0,0.0,0.0,0.0001,False,0.7819715738296509,0.7819715738296509,0.21802842617034912,8.742804527282715,0.0,0.9181241989135742,3.9984374046325684,-0.0,1.4950264692306519,0.7822649478912354,1.867347524610584e-15,0.7822649478912354,0.0456240139901638,1.693988561630249
271,2.3458926677703857,-3.525157928466797,0.27676376700401306,0.27737969160079956,0.020760472863912582,1.7724153995513916,1.7695618867874146,4.243332386016846,0.25481435656547546,6.115715437326683e-14,0.7035677433013916,0.10835407674312592,0.053301408886909485,6.115715437326683e-14,0.7035677433013916,0.10835407674312592,0.053301408886909485,0.0,0.013143277347087862,0.0,0.0,0.0,0.0001,False,,,,,,,,,,,,,,
272,2.344005823135376,-3.5449655055999756,0.27223682403564453,0.27274441719055176,0.0205898005515337,1.7798751592636108,1.776994228363037,4.263038158416748,0.2574745714664459,6.373651877545489e-16,0.703433632850647,0.10798118263483047,0.053637806326150894,6.373651877545489e-16,0.703433632850647,0.10798118263483047,0.053637806326150894,0.0,0.013143277347087862,0.0,0.0,0.0,0.0001,False,,,,,,,,,,,,,,
273,2.3460822105407715,-3.564281463623047,0.2721727788448334,0.2728794515132904,0.021359052509069443,1.7817463874816895,1.7775955200195312,4.28236198425293,0.2560289204120636,2.446091814750596e-15,0.7034797072410583,0.10815821588039398,0.05322536081075668,2.446091814750596e-15,0.7034797072410583,0.10815821588039398,0.05322536081075668,0.0,0.013143277347087862,0.0,0.0,0.0,0.0001,False,,,,,,,,,,,,,,
274,2.3521852493286133,-3.592207193374634,0.27520623803138733,0.2754494845867157,0.021835727617144585,1.7809571027755737,1.778430700302124,4.31097412109375,0.2563183307647705,7.962380754733545e-15,0.7039943337440491,0.10818485170602798,0.05491410940885544,7.962380754733545e-15,0.7039943337440491,0.10818485170602798,0.05491410940885544,0.0,0.013143277347087862,0.0,0.0,0.0,0.0001,False,,,,,,,,,,,,,,
275,2.3484957218170166,-3.5963032245635986,0.2769111394882202,0.27743420004844666,0.02137223817408085,1.7741069793701172,1.7714492082595825,4.31484317779541,0.2554565668106079,2.5042121450967523e-16,0.7039811015129089,0.1083761528134346,0.05277325212955475,2.5042121450967523e-16,0.7039811015129089,0.1083761528134346,0.05277325212955475,0.0,0.013143277347087862,0.0,0.0,0.0,0.0001,False,,,,,,,,,,,,,,
276,2.347302198410034,-3.570465087890625,0.27712616324424744,0.2778342068195343,0.021203458309173584,1.7727292776107788,1.7695473432540894,4.288698673248291,0.2520643472671509,4.5955640416142293e-14,0.7036728858947754,0.10823655128479004,0.05285391956567764,4.5955640416142293e-14,0.7036728858947754,0.10823655128479004,0.05285391956567764,0.0,0.013143277347087862,0.0,0.0,0.0,0.0001,False,,,,,,,,,,,,,,
277,2.3490920066833496,-3.59995436668396,0.279413640499115,0.27994590997695923,0.02093122899532318,1.7704298496246338,1.7671723365783691,4.317528247833252,0.2510686218738556,7.727532399777817e-15,0.7028486728668213,0.10810508579015732,0.05452414229512215,7.727532399777817e-15,0.7028486728668213,0.10810508579015732,0.05452414229512215,0.0,0.013143277347087862,0.0,0.0,0.0,0.0001,False,,,,,,,,,,,,,,
278,2.3480401039123535,-3.625885009765625,0.27734121680259705,0.2772478759288788,0.020941046997904778,1.7732597589492798,1.7717602252960205,4.343479633331299,0.2513885796070099,4.851752841104613e-16,0.7029362320899963,0.10841915011405945,0.05382699519395828,4.851752841104613e-16,0.7029362320899963,0.10841915011405945,0.05382699519395828,0.0,0.013143277347087862,0.0,0.0,0.0,0.0001,False,,,,,,,,,,,,,,
279,2.347461223602295,-3.640390634536743,0.2770017981529236,0.27621906995773315,0.020828237757086754,1.773508071899414,1.7733159065246582,4.358004093170166,0.25412991642951965,1.9233725364069167e-15,0.7030103206634521,0.10823054611682892,0.05332077294588089,1.9233725364069167e-15,0.7030103206634521,0.10823054611682892,0.05332077294588089,0.0,0.013143277347087862,0.0,0.0,0.0,0.0001,False,,,,,,,,,,,,,,
280,2.3511645793914795,-3.6377930641174316,0.28184983134269714,0.28081992268562317,0.02056545950472355,1.76759934425354,1.7682594060897827,4.3553948402404785,0.2518777549266815,2.7830509232340712e-14,0.7030268907546997,0.10861585289239883,0.05301136150956154,1.2088074070939868e-15,0.7021747827529907,0.10849587619304657,0.04323315992951393,0.0,0.013595452129840853,0.0,0.0,0.0,0.0001,False,0.7818194031715393,0.7818194031715393,0.2181805968284607,8.746686935424805,0.0,0.9189410209655762,3.997431755065918,-0.0,1.5090986490249634,0.7822872400283813,1.1987815543852946e-15,0.7822872400283813,0.04358572140336037,1.7409998178482056
281,2.3523170948028564,-3.6264169216156006,0.27586010098457336,0.275158166885376,0.020940860733389854,1.7805594205856323,1.7801567316055298,4.344346523284912,0.2564583718776703,3.325881008382878e-15,0.7030341029167175,0.10917644947767258,0.052999574691057205,3.325881008382878e-15,0.7030341029167175,0.10917644947767258,0.052999574691057205,0.0,0.013595452129840853,0.0,0.0,0.0,0.0001,False,,,,,,,,,,,,,,
282,2.3479504585266113,-3.65859317779541,0.27409884333610535,0.2737574577331543,0.020930614322423935,1.7796343564987183,1.778692603111267,4.376106262207031,0.2606413662433624,8.78859786730907e-15,0.7026091814041138,0.10882019996643066,0.05311283469200134,8.78859786730907e-15,0.7026091814041138,0.10882019996643066,0.05311283469200134,0.0,0.013595452129840853,0.0,0.0,0.0,0.0001,False,,,,,,,,,,,,,,
283,2.3457748889923096,-3.678466796875,0.2718844413757324,0.27172359824180603,0.020656656473875046,1.7818726301193237,1.7811475992202759,4.396037578582764,0.26224982738494873,1.1712807593532723e-15,0.7025586366653442,0.10861404240131378,0.05425676703453064,1.1712807593532723e-15,0.7025586366653442,0.10861404240131378,0.05425676703453064,0.0,0.013595452129840853,0.0,0.0,0.0,0.0001,False,,,,,,,,,,,,,,
284,2.3485889434814453,-3.704270601272583,0.27435699105262756,0.2740027606487274,0.02109120786190033,1.7799160480499268,1.77836012840271,4.422398567199707,0.26086464524269104,5.992750055011176e-15,0.7030702233314514,0.10914520919322968,0.054632946848869324,5.992750055011176e-15,0.7030702233314514,0.10914520919322968,0.054632946848869324,0.0,0.013595452129840853,0.0,0.0,0.0,0.0001,False,,,,,,,,,,,,,,
285,2.348733425140381,-3.695896863937378,0.275948703289032,0.2763332724571228,0.021321171894669533,1.7762222290039062,1.7740380764007568,4.412907123565674,0.2570585608482361,3.757810848516868e-14,0.7022084593772888,0.10914939641952515,0.05215463414788246,3.757810848516868e-14,0.7022084593772888,0.10914939641952515,0.05215463414788246,0.0,0.013595452129840853,0.0,0.0,0.0,0.0001,False,,,,,,,,,,,,,,
286,2.3546252250671387,-3.706831216812134,0.2814902365207672,0.281895250082016,0.02080932818353176,1.7715325355529785,1.7693281173706055,4.4242658615112305,0.25069162249565125,4.2960316768282485e-15,0.702552318572998,0.10877679288387299,0.0529506616294384,4.2960316768282485e-15,0.702552318572998,0.10877679288387299,0.0529506616294384,0.0,0.013595452129840853,0.0,0.0,0.0,0.0001,False,,,,,,,,,,,,,,
287,2.3514466285705566,-3.7225818634033203,0.2749653160572052,0.27579304575920105,0.02052411437034607,1.781737208366394,1.7785913944244385,4.440208435058594,0.2498691827058792,4.929483995882956e-16,0.7027255892753601,0.108793705701828,0.05310700833797455,4.929483995882956e-16,0.7027255892753601,0.108793705701828,0.05310700833797455,0.0,0.013595452129840853,0.0,0.0,0.0,0.0001,False,,,,,,,,,,,,,,
288,2.3581607341766357,-3.767123222351074,0.28177493810653687,0.2826099395751953,0.020709391683340073,1.774815559387207,1.7713176012039185,4.484812259674072,0.25329819321632385,1.4993091336057245e-14,0.7028331756591797,0.10875935852527618,0.052645038813352585,1.4993091336057245e-14,0.7028331756591797,0.10875935852527618,0.052645038813352585,0.0,0.013595452129840853,0.0,0.0,0.0,0.0001,False,,,,,,,,,,,,,,
289,2.358325481414795,-3.769085168838501,0.28420311212539673,0.2839357256889343,0.02091778628528118,1.7698016166687012,1.7687363624572754,4.486116886138916,0.2471265196800232,5.931776388303075e-15,0.7022556066513062,0.10851949453353882,0.05190787836909294,5.931776388303075e-15,0.7022556066513062,0.10851949453353882,0.05190787836909294,0.0,0.013595452129840853,0.0,0.0,0.0,0.0001,False,,,,,,,,,,,,,,
290,2.354884386062622,-3.756676197052002,0.2847729027271271,0.2851164937019348,0.021239737048745155,1.7648543119430542,1.7626560926437378,4.474377155303955,0.24486632645130157,5.7768197574159e-15,0.7028630375862122,0.10870139300823212,0.052449192851781845,1.1001442971738914e-15,0.7015633583068848,0.10827797651290894,0.042507220059633255,0.0,0.014047015488147737,0.0,0.0,0.0,0.0001,False,0.781141459941864,0.781141459941864,0.218858540058136,8.757135391235352,0.0,0.9230252504348755,3.9944581985473633,-0.0,1.5049464702606201,0.7820011973381042,1.0910363444341005e-15,0.7820011973381042,0.041332829743623734,1.773642659187317
291,2.348604440689087,-3.74399733543396,0.2833099961280823,0.28417736291885376,0.020423781126737595,1.7624074220657349,1.758979320526123,4.461755752563477,0.2429906278848648,3.0182772348787753e-16,0.7026056051254272,0.10878463834524155,0.052457280457019806,3.0182772348787753e-16,0.7026056051254272,0.10878463834524155,0.052457280457019806,0.0,0.014047015488147737,0.0,0.0,0.0,0.0001,False,,,,,,,,,,,,,,
292,2.3574538230895996,-3.745028018951416,0.28010106086730957,0.28150108456611633,0.020447442308068275,1.7775977849960327,1.773210883140564,4.463081359863281,0.24443349242210388,6.540427921475356e-14,0.7029975652694702,0.10797519236803055,0.051472119987010956,6.540427921475356e-14,0.7029975652694702,0.10797519236803055,0.051472119987010956,0.0,0.014047015488147737,0.0,0.0,0.0,0.0001,False,,,,,,,,,,,,,,
293,2.3557748794555664,-3.7746782302856445,0.2821260988712311,0.2831015884876251,0.020316291600465775,1.7721492052078247,1.7683122158050537,4.491724491119385,0.25130563974380493,1.2564540514853101e-15,0.7019271850585938,0.10791845619678497,0.052205890417099,1.2564540514853101e-15,0.7019271850585938,0.10791845619678497,0.052205890417099,0.0,0.014047015488147737,0.0,0.0,0.0,0.0001,False,,,,,,,,,,,,,,
294,2.351184606552124,-3.7978599071502686,0.275642454624176,0.27559903264045715,0.020200887694954872,1.7804442644119263,1.7790400981903076,4.5160813331604,0.2555907070636749,1.2459083854128757e-14,0.7030680775642395,0.10797444730997086,0.052431393414735794,1.2459083854128757e-14,0.7030680775642395,0.10797444730997086,0.052431393414735794,0.0,0.014047015488147737,0.0,0.0,0.0,0.0001,False,,,,,,,,,,,,,,
295,2.360762357711792,-3.8277933597564697,0.2778094708919525,0.27654317021369934,0.020612964406609535,1.7850706577301025,1.7865228652954102,4.545223236083984,0.25384798645973206,2.3621726184244393e-14,0.7022829055786133,0.10782448947429657,0.05245272070169449,2.3621726184244393e-14,0.7022829055786133,0.10782448947429657,0.05245272070169449,0.0,0.014047015488147737,0.0,0.0,0.0,0.0001,False,,,,,,,,,,,,,,
296,2.354969024658203,-3.8008408546447754,0.2780793309211731,0.2779640257358551,0.020421389490365982,1.7792609930038452,1.7777477502822876,4.518332004547119,0.251041978597641,3.2109909946645215e-16,0.7023802995681763,0.10807127505540848,0.052104756236076355,3.2109909946645215e-16,0.7023802995681763,0.10807127505540848,0.052104756236076355,0.0,0.014047015488147737,0.0,0.0,0.0,0.0001,False,,,,,,,,,,,,,,
297,2.3546788692474365,-3.8124423027038574,0.27874988317489624,0.28025147318840027,0.020719822496175766,1.777291178703308,1.7726240158081055,4.529330730438232,0.2474428415298462,4.982235937288533e-15,0.7018688917160034,0.10741773992776871,0.05125618726015091,4.982235937288533e-15,0.7018688917160034,0.10741773992776871,0.05125618726015091,0.0,0.014047015488147737,0.0,0.0,0.0,0.0001,False,,,,,,,,,,,,,,
298,2.359844446182251,-3.8341121673583984,0.2819841802120209,0.2839827537536621,0.02071177214384079,1.7760546207427979,1.7702769041061401,4.5508575439453125,0.24746373295783997,8.754891038206033e-15,0.701607346534729,0.10788170248270035,0.05241793394088745,8.754891038206033e-15,0.701607346534729,0.10788170248270035,0.05241793394088745,0.0,0.014047015488147737,0.0,0.0,0.0,0.0001,False,,,,,,,,,,,,,,
299,2.3590846061706543,-3.888540744781494,0.28649279475212097,0.28673291206359863,0.0207089614123106,1.7661446332931519,1.7641550302505493,4.605739116668701,0.24684210121631622,1.3037450656008202e-15,0.7020967602729797,0.1075720489025116,0.05202629044651985,1.3037450656008202e-15,0.7020967602729797,0.1075720489025116,0.05202629044651985,0.0,0.014047015488147737,0.0,0.0,0.0,0.0001,False,,,,,,,,,,,,,,
300,2.3600575923919678,-3.900290012359619,0.2839606702327728,0.2831449508666992,0.02036629244685173,1.7729300260543823,1.7722413539886475,4.617914199829102,0.24423101544380188,3.502577798652519e-15,0.702414870262146,0.10798241943120956,0.05299999564886093,1.5489215211929682e-15,0.7011504769325256,0.1076822504401207,0.042152851819992065,0.0,0.014498165965080263,0.0,0.0,0.0,0.0001,False,0.780920147895813,0.780920147895813,0.219079852104187,8.761804580688477,0.0,0.9185566306114197,4.000006198883057,-0.0,1.5025559663772583,0.7820412516593933,1.5361036943280264e-15,0.7820412516593933,0.03904560208320618,1.807554006576538
301,2.3545665740966797,-3.893853187561035,0.28445181250572205,0.2838834226131439,0.020351825281977654,1.7661415338516235,1.7656172513961792,4.6113996505737305,0.24074997007846832,8.898701986056762e-15,0.7020707130432129,0.10780244320631027,0.05253353714942932,8.898701986056762e-15,0.7020707130432129,0.10780244320631027,0.05253353714942932,0.0,0.014498165965080263,0.0,0.0,0.0,0.0001,False,,,,,,,,,,,,,,
302,2.3500308990478516,-3.87085223197937,0.28048980236053467,0.2800060510635376,0.020017042756080627,1.7697337865829468,1.7693023681640625,4.588912487030029,0.24230794608592987,2.9113205317444026e-16,0.7026812434196472,0.1080223023891449,0.05154866352677345,2.9113205317444026e-16,0.7026812434196472,0.1080223023891449,0.05154866352677345,0.0,0.014498165965080263,0.0,0.0,0.0,0.0001,False,,,,,,,,,,,,,,
303,2.352508306503296,-3.8733673095703125,0.2793196439743042,0.2795078456401825,0.020544014871120453,1.774191975593567,1.7720814943313599,4.590962886810303,0.23709674179553986,4.019900121869473e-14,0.7022429704666138,0.10711445659399033,0.05131223797798157,4.019900121869473e-14,0.7022429704666138,0.10711445659399033,0.05131223797798157,0.0,0.014498165965080263,0.0,0.0,0.0,0.0001,False,,,,,,,,,,,,,,
304,2.3513851165771484,-3.910418748855591,0.2787584662437439,0.2794422209262848,0.020201927050948143,1.7746891975402832,1.7712756395339966,4.62774658203125,0.24176651239395142,4.005565444489909e-15,0.7020093202590942,0.1082700565457344,0.050995733588933945,4.005565444489909e-15,0.7020093202590942,0.1082700565457344,0.050995733588933945,0.0,0.014498165965080263,0.0,0.0,0.0,0.0001,False,,,,,,,,,,,,,,
305,2.3548216819763184,-3.9745755195617676,0.2765664756298065,0.2772262692451477,0.020453935489058495,1.7818629741668701,1.7792872190475464,4.691923141479492,0.24403443932533264,2.269475492610944e-15,0.7019968628883362,0.10774991661310196,0.051291417330503464,2.269475492610944e-15,0.7019968628883362,0.10774991661310196,0.051291417330503464,0.0,0.014498165965080263,0.0,0.0,0.0,0.0001,False,,,,,,,,,,,,,,
306,2.3563950061798096,-3.987494945526123,0.28553181886672974,0.28532838821411133,0.020048338919878006,1.7662538290023804,1.7647191286087036,4.704663276672363,0.24401791393756866,2.648184643306347e-14,0.7018096446990967,0.10782031714916229,0.05142872408032417,2.648184643306347e-14,0.7018096446990967,0.10782031714916229,0.05142872408032417,0.0,0.014498165965080263,0.0,0.0,0.0,0.0001,False,,,,,,,,,,,,,,
307,2.356015682220459,-3.94831919670105,0.2827039361000061,0.2827417552471161,0.020562082529067993,1.7707529067993164,1.7692631483078003,4.665083408355713,0.2403850108385086,8.96998785538121e-16,0.7015656232833862,0.10782516747713089,0.04988296329975128,8.96998785538121e-16,0.7015656232833862,0.10782516747713089,0.04988296329975128,0.0,0.014498165965080263,0.0,0.0,0.0,0.0001,False,,,,,,,,,,,,,,
308,2.35854434967041,-3.9365642070770264,0.2841850817203522,0.2851640582084656,0.020207831636071205,1.7710069417953491,1.766968011856079,4.653209209442139,0.23963582515716553,5.688834633536333e-15,0.7013723850250244,0.10743817687034607,0.05062061548233032,5.688834633536333e-15,0.7013723850250244,0.10743817687034607,0.05062061548233032,0.0,0.014498165965080263,0.0,0.0,0.0,0.0001,False,,,,,,,,,,,,,,
309,2.3548665046691895,-3.9446351528167725,0.2830267548561096,0.2841741144657135,0.020680151879787445,1.7691150903701782,1.7648557424545288,4.661200523376465,0.23872321844100952,2.849054081000555e-16,0.7012041807174683,0.10823114216327667,0.05149738863110542,2.849054081000555e-16,0.7012041807174683,0.10823114216327667,0.05149738863110542,0.0,0.014498165965080263,0.0,0.0,0.0,0.0001,False,,,,,,,,,,,,,,
310,2.3627707958221436,-3.9712157249450684,0.2847613990306854,0.2850278317928314,0.020504586398601532,1.7735176086425781,1.771436095237732,4.687793254852295,0.2388782501220703,1.0374871195983036e-14,0.7012373805046082,0.10826066136360168,0.05126414820551872,6.235929022505579e-16,0.7006750702857971,0.10775722563266754,0.04135754331946373,0.0,0.01494884103536606,0.0,0.0,0.0,0.0001,False,0.7822704911231995,0.7822704911231995,0.21772950887680054,8.750173568725586,0.0,0.919998049736023,3.998615264892578,-0.0,1.501493215560913,0.7821462750434875,6.184387683970193e-16,0.7821462750434875,0.03674125671386719,1.8538846969604492
311,2.3579301834106445,-3.994779586791992,0.28103184700012207,0.27997496724128723,0.020112168043851852,1.7765814065933228,1.777040719985962,4.712315559387207,0.24894028902053833,1.7563847554160597e-15,0.7017779350280762,0.1086331158876419,0.052256304770708084,1.7563847554160597e-15,0.7017779350280762,0.1086331158876419,0.052256304770708084,0.0,0.01494884103536606,0.0,0.0,0.0,0.0001,False,,,,,,,,,,,,,,
312,2.3536956310272217,-4.002410888671875,0.2800780236721039,0.27734866738319397,0.019847450777888298,1.7746332883834839,1.7782098054885864,4.719478130340576,0.24803785979747772,3.329537490797497e-16,0.701479434967041,0.10752923786640167,0.050588078796863556,3.329537490797497e-16,0.701479434967041,0.10752923786640167,0.050588078796863556,0.0,0.01494884103536606,0.0,0.0,0.0,0.0001,False,,,,,,,,,,,,,,
313,2.3614234924316406,-3.99615740776062,0.28232020139694214,0.27993127703666687,0.020240789279341698,1.7772542238235474,1.7806085348129272,4.7130656242370605,0.24809017777442932,3.0363407948141245e-15,0.7012704610824585,0.10737930238246918,0.051126666367053986,3.0363407948141245e-15,0.7012704610824585,0.10737930238246918,0.051126666367053986,0.0,0.01494884103536606,0.0,0.0,0.0,0.0001,False,,,,,,,,,,,,,,
314,2.3524506092071533,-3.9858267307281494,0.2810458540916443,0.2800631523132324,0.019832661375403404,1.7711896896362305,1.771828055381775,4.702497959136963,0.24717283248901367,2.6334618554303517e-15,0.7011449933052063,0.10760917514562607,0.050010573118925095,2.6334618554303517e-15,0.7011449933052063,0.10760917514562607,0.050010573118925095,0.0,0.01494884103536606,0.0,0.0,0.0,0.0001,False,,,,,,,,,,,,,,
315,2.3518242835998535,-4.001946449279785,0.2802223265171051,0.28171542286872864,0.01974717527627945,1.7719364166259766,1.7683420181274414,4.718650817871094,0.24279192090034485,1.7529829916905476e-16,0.7011340856552124,0.10752037167549133,0.0504223108291626,1.7529829916905476e-16,0.7011340856552124,0.10752037167549133,0.0504223108291626,0.0,0.01494884103536606,0.0,0.0,0.0,0.0001,False,,,,,,,,,,,,,,
316,2.3573994636535645,-4.040102481842041,0.28152400255203247,0.2828019857406616,0.020078714936971664,1.7746745347976685,1.7713152170181274,4.757805824279785,0.24323071539402008,2.2981819685889845e-16,0.7020477056503296,0.1078309640288353,0.05116823688149452,2.2981819685889845e-16,0.7020477056503296,0.1078309640288353,0.05116823688149452,0.0,0.01494884103536606,0.0,0.0,0.0,0.0001,False,,,,,,,,,,,,,,
317,2.3558006286621094,-4.0930047035217285,0.2823251783847809,0.2827591001987457,0.01965973898768425,1.7729347944259644,1.7691786289215088,4.809623718261719,0.23809736967086792,2.229961617379768e-15,0.7009620070457458,0.10770528018474579,0.05131761357188225,2.229961617379768e-15,0.7009620070457458,0.10770528018474579,0.05131761357188225,0.0,0.01494884103536606,0.0,0.0,0.0,0.0001,False,,,,,,,,,,,,,,
318,2.3595690727233887,-4.0663323402404785,0.2849973738193512,0.2849089503288269,0.01991421729326248,1.7705286741256714,1.7689682245254517,4.783944129943848,0.23619931936264038,1.7431951818778894e-15,0.7019100189208984,0.10808029770851135,0.05164283141493797,1.7431951818778894e-15,0.7019100189208984,0.10808029770851135,0.05164283141493797,0.0,0.01494884103536606,0.0,0.0,0.0,0.0001,False,,,,,,,,,,,,,,
319,2.3548569679260254,-4.064306259155273,0.2841973304748535,0.2838922441005707,0.020055273547768593,1.767207145690918,1.7662172317504883,4.781384468078613,0.22718194127082825,5.181589058952214e-16,0.7015261054039001,0.10818393528461456,0.05018996447324753,5.181589058952214e-16,0.7015261054039001,0.10818393528461456,0.05018996447324753,0.0,0.01494884103536606,0.0,0.0,0.0,0.0001,False,,,,,,,,,,,,,,
320,2.3563356399536133,-4.033503532409668,0.282596617937088,0.2827610671520233,0.01985219120979309,1.7720632553100586,1.7701882123947144,4.750670433044434,0.23036210238933563,1.2226960404164346e-14,0.701572060585022,0.10784754157066345,0.050616439431905746,2.69611382263327e-16,0.700552225112915,0.10773392766714096,0.040148306638002396,0.0,0.015399393260478974,0.0,0.0,0.0,0.0001,False,0.7822704911231995,0.7822704911231995,0.21772950887680054,8.732792854309082,0.0,0.9228329658508301,3.995784282684326,-0.0,1.5035367012023926,0.7821255326271057,2.673848714518168e-16,0.7821255326271057,0.03544599190354347,1.88360595703125
321,2.3559117317199707,-4.0870490074157715,0.28431862592697144,0.28510141372680664,0.02033073455095291,1.767701506614685,1.7646205425262451,4.804626941680908,0.23358823359012604,7.605587607460457e-15,0.7017370462417603,0.10783309489488602,0.04990154504776001,7.605587607460457e-15,0.7017370462417603,0.10783309489488602,0.04990154504776001,0.0,0.015399393260478974,0.0,0.0,0.0,0.0001,False,,,,,,,,,,,,,,
322,2.356027603149414,-4.122395038604736,0.2832415997982025,0.2841697931289673,0.020171761512756348,1.7700682878494263,1.7668201923370361,4.841423511505127,0.23638105392456055,9.232513011888472e-16,0.7031091451644897,0.10788056999444962,0.05048627406358719,9.232513011888472e-16,0.7031091451644897,0.10788056999444962,0.05048627406358719,0.0,0.015399393260478974,0.0,0.0,0.0,0.0001,False,,,,,,,,,,,,,,
323,2.3586180210113525,-4.137150764465332,0.2853952646255493,0.2854999005794525,0.019620675593614578,1.7689540386199951,1.767250418663025,4.854665756225586,0.23524673283100128,3.0680277150357566e-16,0.7017295360565186,0.10798606276512146,0.04931555315852165,3.0680277150357566e-16,0.7017295360565186,0.10798606276512146,0.04931555315852165,0.0,0.015399393260478974,0.0,0.0,0.0,0.0001,False,,,,,,,,,,,,,,
324,2.3635106086730957,-4.136382579803467,0.28927159309387207,0.28842905163764954,0.019953109323978424,1.7659567594528198,1.7657569646835327,4.853280544281006,0.23812319338321686,6.662014715317559e-16,0.7010723948478699,0.10764576494693756,0.04978451505303383,6.662014715317559e-16,0.7010723948478699,0.10764576494693756,0.04978451505303383,0.0,0.015399393260478974,0.0,0.0,0.0,0.0001,False,,,,,,,,,,,,,,
325,2.3536715507507324,-4.122661590576172,0.28144875168800354,0.2816239893436432,0.020040573552250862,1.7714935541152954,1.769622802734375,4.839402198791504,0.23496103286743164,6.475373652368034e-16,0.7008993029594421,0.10807675123214722,0.05000188946723938,6.475373652368034e-16,0.7008993029594421,0.10807675123214722,0.05000188946723938,0.0,0.015399393260478974,0.0,0.0,0.0,0.0001,False,,,,,,,,,,,,,,
326,2.3582568168640137,-4.136845588684082,0.28359878063201904,0.2834952473640442,0.02034095861017704,1.7718420028686523,1.769801378250122,4.853908061981201,0.2328677475452423,3.2184655310284486e-16,0.7013920545578003,0.10756725817918777,0.04823337867856026,3.2184655310284486e-16,0.7013920545578003,0.10756725817918777,0.04823337867856026,0.0,0.015399393260478974,0.0,0.0,0.0,0.0001,False,,,,,,,,,,,,,,
327,2.361876964569092,-4.1682634353637695,0.28258341550827026,0.2827947735786438,0.019966350868344307,1.7772325277328491,1.7758322954177856,4.885024547576904,0.23717600107192993,8.61130023951225e-17,0.7009984850883484,0.10824041068553925,0.049185432493686676,8.61130023951225e-17,0.7009984850883484,0.10824041068553925,0.049185432493686676,0.0,0.015399393260478974,0.0,0.0,0.0,0.0001,False,,,,,,,,,,,,,,
328,2.356696605682373,-4.192847728729248,0.2823910415172577,0.28205007314682007,0.02008822187781334,1.7727108001708984,1.7716237306594849,4.910093307495117,0.24015744030475616,9.626076812313934e-17,0.701396644115448,0.10802743583917618,0.050017617642879486,9.626076812313934e-17,0.701396644115448,0.10802743583917618,0.050017617642879486,0.0,0.015399393260478974,0.0,0.0,0.0,0.0001,False,,,,,,,,,,,,,,
329,2.3606929779052734,-4.193633556365967,0.28685522079467773,0.2859852910041809,0.019964711740612984,1.7682563066482544,1.767519474029541,4.9105401039123535,0.24073752760887146,2.612472590755627e-15,0.7011278867721558,0.10753939300775528,0.04931697994470596,2.612472590755627e-15,0.7011278867721558,0.10753939300775528,0.04931697994470596,0.0,0.015399393260478974,0.0,0.0,0.0,0.0001,False,,,,,,,,,,,,,,
330,2.3545427322387695,-4.181192398071289,0.2844012975692749,0.2841671109199524,0.019469227641820908,1.7667577266693115,1.7662521600723267,4.898335933685303,0.23298367857933044,1.2775805884370493e-16,0.7013826370239258,0.10788384079933167,0.04912281781435013,1.8335739050104457e-16,0.7001882195472717,0.1078888326883316,0.03962714225053787,0.0,0.015849581480026246,0.0,0.0,0.0,0.0001,False,0.7816362380981445,0.7816362380981445,0.21836376190185547,8.75526237487793,0.0,0.9219200611114502,3.994781017303467,-0.0,1.4957435131072998,0.7820359468460083,1.8184513939768337e-16,0.7820359468460083,0.03428047522902489,1.9107615947723389
331,2.358318567276001,-4.175178050994873,0.2856016159057617,0.28641340136528015,0.01975756324827671,1.768523931503296,1.7645680904388428,4.891724109649658,0.2311515510082245,2.2007660328142475e-16,0.7004408240318298,0.10808068513870239,0.049486104398965836,2.2007660328142475e-16,0.7004408240318298,0.10808068513870239,0.049486104398965836,0.0,0.015849581480026246,0.0,0.0,0.0,0.0001,False,,,,,,,,,,,,,,
332,2.360058546066284,-4.198694229125977,0.2851148545742035,0.2866484522819519,0.019672736525535583,1.7710028886795044,1.7662421464920044,4.916406154632568,0.22796230018138885,8.784357011570185e-17,0.7016533017158508,0.10811015963554382,0.04890521615743637,8.784357011570185e-17,0.7016533017158508,0.10811015963554382,0.04890521615743637,0.0,0.015849581480026246,0.0,0.0,0.0,0.0001,False,,,,,,,,,,,,,,
333,2.356025218963623,-4.243613243103027,0.28696146607398987,0.28771424293518066,0.019301606342196465,1.7636550664901733,1.7604410648345947,4.96058464050293,0.23343291878700256,1.1908474321930835e-15,0.7010152339935303,0.10791430622339249,0.047939226031303406,1.1908474321930835e-15,0.7010152339935303,0.10791430622339249,0.047939226031303406,0.0,0.015849581480026246,0.0,0.0,0.0,0.0001,False,,,,,,,,,,,,,,
334,2.3557236194610596,-4.269809246063232,0.28463420271873474,0.2844095826148987,0.019496487453579903,1.767646312713623,1.7667205333709717,4.9865007400512695,0.22936780750751495,1.297243452455933e-15,0.7006359100341797,0.10836829245090485,0.04898260906338692,1.297243452455933e-15,0.7006359100341797,0.10836829245090485,0.04898260906338692,0.0,0.015849581480026246,0.0,0.0,0.0,0.0001,False,,,,,,,,,,,,,,
335,2.3610951900482178,-4.261969566345215,0.28386908769607544,0.28407636284828186,0.01983574777841568,1.7740232944488525,1.7726044654846191,4.978909492492676,0.23341242969036102,3.9564967199763493e-16,0.7008894681930542,0.10794422775506973,0.04892399534583092,3.9564967199763493e-16,0.7008894681930542,0.10794422775506973,0.04892399534583092,0.0,0.015849581480026246,0.0,0.0,0.0,0.0001,False,,,,,,,,,,,,,,
336,2.3628103733062744,-4.224217414855957,0.28731706738471985,0.2868647575378418,0.019891194999217987,1.7693716287612915,1.7681028842926025,4.942026138305664,0.22999875247478485,8.078244274006092e-16,0.701870322227478,0.10784240812063217,0.047672804445028305,8.078244274006092e-16,0.701870322227478,0.10784240812063217,0.047672804445028305,0.0,0.015849581480026246,0.0,0.0,0.0,0.0001,False,,,,,,,,,,,,,,
337,2.3684120178222656,-4.235128879547119,0.28909191489219666,0.2894901633262634,0.019314385950565338,1.77141273021698,1.7696185111999512,4.9518046379089355,0.23473364114761353,2.3271501777477263e-15,0.7005541920661926,0.10762172937393188,0.04965490102767944,2.3271501777477263e-15,0.7005541920661926,0.10762172937393188,0.04965490102767944,0.0,0.015849581480026246,0.0,0.0,0.0,0.0001,False,,,,,,,,,,,,,,
338,2.3622934818267822,-4.271312236785889,0.28675180673599243,0.2865704596042633,0.01967836730182171,1.769819974899292,1.7687656879425049,4.988166332244873,0.23576748371124268,5.154513121397638e-16,0.7007912993431091,0.10747035592794418,0.04907374083995819,5.154513121397638e-16,0.7007912993431091,0.10747035592794418,0.04907374083995819,0.0,0.015849581480026246,0.0,0.0,0.0,0.0001,False,,,,,,,,,,,,,,
339,2.3596866130828857,-4.331569671630859,0.28228408098220825,0.28214991092681885,0.01967226155102253,1.7763489484786987,1.7748119831085205,5.048476219177246,0.23336893320083618,4.147335889970703e-15,0.7009718418121338,0.10773377865552902,0.04774923995137215,4.147335889970703e-15,0.7009718418121338,0.10773377865552902,0.04774923995137215,0.0,0.015849581480026246,0.0,0.0,0.0,0.0001,False,,,,,,,,,,,,,,
340,2.363638401031494,-4.335955619812012,0.28706786036491394,0.2857716679573059,0.019517432898283005,1.770689845085144,1.7718733549118042,5.052861213684082,0.230676531791687,7.812539779331312e-15,0.7009298205375671,0.10746262222528458,0.04815357178449631,1.3623655388824186e-16,0.6998099684715271,0.10766616463661194,0.038723208010196686,0.0,0.016299391448497774,0.0,0.0,0.0,0.0001,False,0.7816141247749329,0.7816141247749329,0.21838587522506714,8.742657661437988,0.0,0.9225447177886963,3.9949350357055664,-0.0,1.4923213720321655,0.7821086645126343,1.3511469164290498e-16,0.7821086645126343,0.033161237835884094,1.9446048736572266
341,2.3615455627441406,-4.287377834320068,0.28905510902404785,0.2883952856063843,0.019572507590055466,1.7646290063858032,1.764416217803955,5.0046610832214355,0.22784222662448883,6.872338819472314e-16,0.700873076915741,0.10776663571596146,0.04935581982135773,6.872338819472314e-16,0.700873076915741,0.10776663571596146,0.04935581982135773,0.0,0.016299391448497774,0.0,0.0,0.0,0.0001,False,,,,,,,,,,,,,,
342,2.3571066856384277,-4.286757469177246,0.2882305085659027,0.2884537875652313,0.018957246094942093,1.7624263763427734,1.7605040073394775,5.0033979415893555,0.2205481082201004,2.3068219693487743e-16,0.7003787159919739,0.10814306139945984,0.047951553016901016,2.3068219693487743e-16,0.7003787159919739,0.10814306139945984,0.047951553016901016,0.0,0.016299391448497774,0.0,0.0,0.0,0.0001,False,,,,,,,,,,,,,,
343,2.3705601692199707,-4.319443702697754,0.29249635338783264,0.2937987744808197,0.019772844389081,1.766484260559082,1.7625001668930054,5.036671161651611,0.22505341470241547,7.471726596822446e-17,0.7009752988815308,0.10795516520738602,0.047730013728141785,7.471726596822446e-17,0.7009752988815308,0.10795516520738602,0.047730013728141785,0.0,0.016299391448497774,0.0,0.0,0.0,0.0001,False,,,,,,,,,,,,,,
344,2.359483480453491,-4.361450672149658,0.2861275374889374,0.28630495071411133,0.019574690610170364,1.7683051824569702,1.7666475772857666,5.078311920166016,0.23335491120815277,5.246368021175854e-16,0.7006189823150635,0.1077166497707367,0.04769890010356903,5.246368021175854e-16,0.7006189823150635,0.1077166497707367,0.04769890010356903,0.0,0.016299391448497774,0.0,0.0,0.0,0.0001,False,,,,,,,,,,,,,,
345,2.3543057441711426,-4.388802528381348,0.28080061078071594,0.27988651394844055,0.019010987132787704,1.7742763757705688,1.7749388217926025,5.106073379516602,0.2327602654695511,1.450961827053341e-15,0.7010570168495178,0.10777243971824646,0.047338154166936874,1.450961827053341e-15,0.7010570168495178,0.10777243971824646,0.047338154166936874,0.0,0.016299391448497774,0.0,0.0,0.0,0.0001,False,,,,,,,,,,,,,,
346,2.3613388538360596,-4.353612899780273,0.286630779504776,0.2862183153629303,0.019881851971149445,1.7690958976745605,1.7681196928024292,5.070395469665527,0.22730015218257904,6.934501508680123e-16,0.7007662057876587,0.10773593187332153,0.045432157814502716,6.934501508680123e-16,0.7007662057876587,0.10773593187332153,0.045432157814502716,0.0,0.016299391448497774,0.0,0.0,0.0,0.0001,False,,,,,,,,,,,,,,
347,2.3589556217193604,-4.336509704589844,0.2847609519958496,0.28449589014053345,0.019286248832941055,1.7712514400482178,1.76957368850708,5.05348014831543,0.2227894812822342,1.55205531518726e-15,0.7006953358650208,0.10747937113046646,0.04799797758460045,1.55205531518726e-15,0.7006953358650208,0.10747937113046646,0.04799797758460045,0.0,0.016299391448497774,0.0,0.0,0.0,0.0001,False,,,,,,,,,,,,,,
348,2.366284132003784,-4.372766971588135,0.28799110651016235,0.28907158970832825,0.019229508936405182,1.7718912363052368,1.7680926322937012,5.089496612548828,0.21794430911540985,3.135224056351302e-15,0.7005001902580261,0.10762502998113632,0.04756438359618187,3.135224056351302e-15,0.7005001902580261,0.10762502998113632,0.04756438359618187,0.0,0.016299391448497774,0.0,0.0,0.0,0.0001,False,,,,,,,,,,,,,,
349,2.367283821105957,-4.410092830657959,0.29009297490119934,0.29155367612838745,0.01948581635951996,1.7681058645248413,1.7641966342926025,5.126987934112549,0.22393405437469482,1.4384480799279611e-15,0.7005804777145386,0.10770996659994125,0.04839708283543587,1.4384480799279611e-15,0.7005804777145386,0.10770996659994125,0.04839708283543587,0.0,0.016299391448497774,0.0,0.0,0.0,0.0001,False,,,,,,,,,,,,,,
350,2.356215000152588,-4.43610954284668,0.28579166531562805,0.2863992154598236,0.0189310722053051,1.766603946685791,1.7635823488235474,5.153133869171143,0.2272314727306366,4.663803218130699e-15,0.7008646726608276,0.10788774490356445,0.04685857892036438,1.6249824684101022e-16,0.6997107863426208,0.10754851251840591,0.03805365413427353,0.0,0.016749102234840395,0.0,0.0,0.0,0.0001,False,0.782680869102478,0.782680869102478,0.21731913089752197,8.737200736999512,0.0,0.9235537052154541,3.9919071197509766,-0.0,1.499342679977417,0.7821877598762512,1.6116052598261073e-16,0.7821877598762512,0.03176729008555412,1.9706499576568604
351,2.3694472312927246,-4.426335334777832,0.29382187128067017,0.2939186990261078,0.019204523414373398,1.7631235122680664,1.7618809938430786,5.14301872253418,0.22595061361789703,9.573918773353281e-17,0.7001824378967285,0.10759364068508148,0.047170739620923996,9.573918773353281e-17,0.7001824378967285,0.10759364068508148,0.047170739620923996,0.0,0.016749102234840395,0.0,0.0,0.0,0.0001,False,,,,,,,,,,,,,,
352,2.3602802753448486,-4.415167331695557,0.2888732850551605,0.28832367062568665,0.019199291244149208,1.7643275260925293,1.7634406089782715,5.132654190063477,0.223560631275177,7.63850923702139e-16,0.70082688331604,0.10744169354438782,0.048683490604162216,7.63850923702139e-16,0.70082688331604,0.10744169354438782,0.048683490604162216,0.0,0.016749102234840395,0.0,0.0,0.0,0.0001,False,,,,,,,,,,,,,,
353,2.3637921810150146,-4.391077518463135,0.28876665234565735,0.28901758790016174,0.01916009560227394,1.7681798934936523,1.7655158042907715,5.108236312866211,0.22295580804347992,3.7668134852572013e-16,0.7005944848060608,0.10783389955759048,0.04775978624820709,3.7668134852572013e-16,0.7005944848060608,0.10783389955759048,0.04775978624820709,0.0,0.016749102234840395,0.0,0.0,0.0,0.0001,False,,,,,,,,,,,,,,
354,2.363844394683838,-4.420949935913086,0.28257808089256287,0.2823035717010498,0.018898187205195427,1.7806646823883057,1.779464602470398,5.138167381286621,0.22602221369743347,7.95984177347415e-16,0.7005887031555176,0.10762400925159454,0.048445578664541245,7.95984177347415e-16,0.7005887031555176,0.10762400925159454,0.048445578664541245,0.0,0.016749102234840395,0.0,0.0,0.0,0.0001,False,,,,,,,,,,,,,,
355,2.352853775024414,-4.475522041320801,0.2816770076751709,0.28144198656082153,0.018454251810908318,1.7717212438583374,1.7708396911621094,5.192525386810303,0.22765469551086426,3.2862231375506683e-17,0.7005245685577393,0.10768508911132812,0.04689374193549156,3.2862231375506683e-17,0.7005245685577393,0.10768508911132812,0.04689374193549156,0.0,0.016749102234840395,0.0,0.0,0.0,0.0001,False,,,,,,,,,,,,,,
356,2.3604016304016113,-4.483112335205078,0.28205254673957825,0.2821367681026459,0.018744314089417458,1.7783397436141968,1.7765963077545166,5.199868679046631,0.22773462533950806,2.665216432408646e-16,0.700229823589325,0.1082211434841156,0.047394875437021255,2.665216432408646e-16,0.700229823589325,0.1082211434841156,0.047394875437021255,0.0,0.016749102234840395,0.0,0.0,0.0,0.0001,False,,,,,,,,,,,,,,
357,2.362064838409424,-4.4728779792785645,0.29094699025154114,0.29040366411209106,0.018988214433193207,1.7618820667266846,1.761569857597351,5.190053462982178,0.22008565068244934,3.825419324300812e-15,0.7005707025527954,0.10782212018966675,0.04819604381918907,3.825419324300812e-15,0.7005707025527954,0.10782212018966675,0.04819604381918907,0.0,0.016749102234840395,0.0,0.0,0.0,0.0001,False,,,,,,,,,,,,,,
358,2.359576463699341,-4.44658088684082,0.29054710268974304,0.2907011806964874,0.018565353006124496,1.761090636253357,1.758434772491455,5.163062572479248,0.21423253417015076,1.4388864194781652e-15,0.7000067234039307,0.10747097432613373,0.04697157070040703,1.4388864194781652e-15,0.7000067234039307,0.10747097432613373,0.04697157070040703,0.0,0.016749102234840395,0.0,0.0,0.0,0.0001,False,,,,,,,,,,,,,,
359,2.3729095458984375,-4.474545001983643,0.294809490442276,0.29662683606147766,0.01922195963561535,1.7649716138839722,1.7595311403274536,5.191316604614258,0.21313050389289856,3.8489748870474804e-15,0.7004052400588989,0.10788051038980484,0.0458194836974144,3.8489748870474804e-15,0.7004052400588989,0.10788051038980484,0.0458194836974144,0.0,0.016749102234840395,0.0,0.0,0.0,0.0001,False,,,,,,,,,,,,,,
360,2.368778705596924,-4.531806945800781,0.2947881519794464,0.2949996888637543,0.018767444416880608,1.761395812034607,1.7590508460998535,5.248504161834717,0.2227199673652649,2.802804229195898e-16,0.7002225518226624,0.10756631940603256,0.046958282589912415,1.7167356426757969e-16,0.6993855237960815,0.10763981938362122,0.03748593106865883,0.0,0.01719848775863648,0.0,0.0,0.0,0.0001,False,0.7819944024085999,0.7819944024085999,0.21800559759140015,8.747798919677734,0.0,0.9261964559555054,3.991572856903076,-0.0,1.4993352890014648,0.7821696400642395,1.7026088393808423e-16,0.7821695804595947,0.030864812433719635,2.0002031326293945
361,2.3674838542938232,-4.53087854385376,0.29282790422439575,0.2922923266887665,0.019327489659190178,1.7636077404022217,1.7624647617340088,5.248211860656738,0.22357556223869324,6.776268210245833e-17,0.7005316019058228,0.10851400345563889,0.04695956036448479,6.776268210245833e-17,0.7005316019058228,0.10851400345563889,0.04695956036448479,0.0,0.01719848775863648,0.0,0.0,0.0,0.0001,False,,,,,,,,,,,,,,
362,2.3629517555236816,-4.513955593109131,0.2901470959186554,0.2890816032886505,0.019019192084670067,1.7642543315887451,1.7651537656784058,5.230832576751709,0.22480960190296173,2.464520498825771e-15,0.7000245451927185,0.10762929171323776,0.047596897929906845,2.464520498825771e-15,0.7000245451927185,0.10762929171323776,0.047596897929906845,0.0,0.01719848775863648,0.0,0.0,0.0,0.0001,False,,,,,,,,,,,,,,
363,2.3771800994873047,-4.513373851776123,0.2922074794769287,0.2915123999118805,0.019405163824558258,1.7739499807357788,1.7741602659225464,5.231063365936279,0.22277188301086426,3.3442859225959706e-16,0.7008917331695557,0.10757161676883698,0.046944212168455124,3.3442859225959706e-16,0.7008917331695557,0.10757161676883698,0.046944212168455124,0.0,0.01719848775863648,0.0,0.0,0.0,0.0001,False,,,,,,,,,,,,,,
364,2.373967170715332,-4.5286173820495605,0.2893955111503601,0.2892008125782013,0.01919584907591343,1.7766855955123901,1.7756643295288086,5.245636940002441,0.224351167678833,1.374712238778864e-15,0.700249195098877,0.10728799551725388,0.046693023294210434,1.374712238778864e-15,0.700249195098877,0.10728799551725388,0.046693023294210434,0.0,0.01719848775863648,0.0,0.0,0.0,0.0001,False,,,,,,,,,,,,,,
365,2.3654565811157227,-4.5869140625,0.28633537888526917,0.2866966128349304,0.019048219546675682,1.7746644020080566,1.7720885276794434,5.303373336791992,0.21918831765651703,7.045431061034914e-16,0.6996724605560303,0.1079251766204834,0.04698581621050835,7.045431061034914e-16,0.6996724605560303,0.1079251766204834,0.04698581621050835,0.0,0.01719848775863648,0.0,0.0,0.0,0.0001,False,,,,,,,,,,,,,,
366,2.3648412227630615,-4.606468200683594,0.2904915511608124,0.2905810475349426,0.01915448158979416,1.7652411460876465,1.7639869451522827,5.323436737060547,0.22052817046642303,1.7305168986025054e-16,0.7001913785934448,0.10726218670606613,0.04680483788251877,1.7305168986025054e-16,0.7001913785934448,0.10726218670606613,0.04680483788251877,0.0,0.01719848775863648,0.0,0.0,0.0,0.0001,False,,,,,,,,,,,,,,
367,2.3729043006896973,-4.605297565460205,0.2977006137371063,0.2971711754798889,0.019467372447252274,1.7588759660720825,1.7582541704177856,5.321930885314941,0.21197134256362915,4.03182897156895e-15,0.6999539136886597,0.10831746459007263,0.045809414237737656,4.03182897156895e-15,0.6999539136886597,0.10831746459007263,0.045809414237737656,0.0,0.01719848775863648,0.0,0.0,0.0,0.0001,False,,,,,,,,,,,,,,
368,2.368511199951172,-4.574313640594482,0.29439428448677063,0.2942992150783539,0.019076790660619736,1.7614585161209106,1.7600234746932983,5.290957450866699,0.2113671451807022,1.3009403277542244e-15,0.6999706625938416,0.10725594311952591,0.0457928404211998,1.3009403277542244e-15,0.6999706625938416,0.10725594311952591,0.0457928404211998,0.0,0.01719848775863648,0.0,0.0,0.0,0.0001,False,,,,,,,,,,,,,,
369,2.366945266723633,-4.574649810791016,0.29216092824935913,0.29208964109420776,0.0188898965716362,1.7646204233169556,1.7629891633987427,5.291377067565918,0.2101171612739563,9.209123520539025e-17,0.7000362277030945,0.1073349341750145,0.045932650566101074,9.209123520539025e-17,0.7000362277030945,0.1073349341750145,0.045932650566101074,0.0,0.01719848775863648,0.0,0.0,0.0,0.0001,False,,,,,,,,,,,,,,
370,2.372365951538086,-4.603882312774658,0.2927596867084503,0.2928343117237091,0.018830126151442528,1.7689213752746582,1.766961932182312,5.320330619812012,0.21196162700653076,4.4164541391811555e-16,0.6997094750404358,0.10758091509342194,0.04648248851299286,2.245245620365386e-16,0.6992618441581726,0.10733400285243988,0.037212539464235306,0.0,0.017647749602794652,0.0,0.0,0.0,0.0001,False,0.7819273471832275,0.7819273471832275,0.21807265281677246,8.769864082336426,0.0,0.9209591150283813,3.9915168285369873,-0.0,1.4878997802734375,0.782280445098877,2.226774110016087e-16,0.7822805047035217,0.02919653430581093,2.0269553661346436
371,2.3685829639434814,-4.632343769073486,0.28924790024757385,0.2881212830543518,0.018910273909568787,1.7720674276351929,1.772539496421814,5.349431037902832,0.21948912739753723,9.439437866946778e-16,0.7000492811203003,0.10731605440378189,0.046266086399555206,9.439437866946778e-16,0.7000492811203003,0.10731605440378189,0.046266086399555206,0.0,0.017647749602794652,0.0,0.0,0.0,0.0001,False,,,,,,,,,,,,,,
372,2.360187292098999,-4.650814533233643,0.28878524899482727,0.28809115290641785,0.01885620690882206,1.764453649520874,1.7644555568695068,5.368490695953369,0.21937036514282227,8.879174276732525e-16,0.7005928754806519,0.10731229186058044,0.04664170369505882,8.879174276732525e-16,0.7005928754806519,0.10731229186058044,0.04664170369505882,0.0,0.017647749602794652,0.0,0.0,0.0,0.0001,False,,,,,,,,,,,,,,
373,2.368213176727295,-4.6288251876831055,0.2914271652698517,0.29049232602119446,0.01935569755733013,1.7671699523925781,1.766705870628357,5.345270156860352,0.21968235075473785,9.296179978671046e-17,0.6994674801826477,0.10742983222007751,0.04576266184449196,9.296179978671046e-17,0.6994674801826477,0.10742983222007751,0.04576266184449196,0.0,0.017647749602794652,0.0,0.0,0.0,0.0001,False,,,,,,,,,,,,,,
374,2.3740060329437256,-4.631925582885742,0.2923107445240021,0.2916233241558075,0.019043510779738426,1.7712761163711548,1.7707809209823608,5.34932279586792,0.21570701897144318,1.7397811891142013e-16,0.7003509998321533,0.10742393881082535,0.046312808990478516,1.7397811891142013e-16,0.7003509998321533,0.10742393881082535,0.046312808990478516,0.0,0.017647749602794652,0.0,0.0,0.0,0.0001,False,,,,,,,,,,,,,,
375,2.378718137741089,-4.649042129516602,0.2957874536514282,0.2960457503795624,0.01939648948609829,1.7689404487609863,1.7660365104675293,5.366272926330566,0.21396926045417786,8.09090635777636e-16,0.7002882361412048,0.10717001557350159,0.045292895287275314,8.09090635777636e-16,0.7002882361412048,0.10717001557350159,0.045292895287275314,0.0,0.017647749602794652,0.0,0.0,0.0,0.0001,False,,,,,,,,,,,,,,
376,2.3623714447021484,-4.665797233581543,0.292185515165329,0.2929268777370453,0.018495870754122734,1.7601510286331177,1.7573753595352173,5.382489204406738,0.21224257349967957,1.0339563104032773e-16,0.6997135877609253,0.10739079862833023,0.045719362795352936,1.0339563104032773e-16,0.6997135877609253,0.10739079862833023,0.045719362795352936,0.0,0.017647749602794652,0.0,0.0,0.0,0.0001,False,,,,,,,,,,,,,,
377,2.377692222595215,-4.708120822906494,0.2937126159667969,0.2944902777671814,0.01911405473947525,1.7718316316604614,1.768918752670288,5.425502777099609,0.21504291892051697,4.1327536883881285e-16,0.7004677057266235,0.10686589777469635,0.04500514641404152,4.1327536883881285e-16,0.7004677057266235,0.10686589777469635,0.04500514641404152,0.0,0.017647749602794652,0.0,0.0,0.0,0.0001,False,,,,,,,,,,,,,,
378,2.3699569702148438,-4.741362571716309,0.2905900180339813,0.2904145419597626,0.01882951147854328,1.7710148096084595,1.7692309617996216,5.45817756652832,0.21612313389778137,2.0722573704303772e-16,0.6998854875564575,0.10743264108896255,0.04521407559514046,2.0722573704303772e-16,0.6998854875564575,0.10743264108896255,0.04521407559514046,0.0,0.017647749602794652,0.0,0.0,0.0,0.0001,False,,,,,,,,,,,,,,
379,2.3691186904907227,-4.708586692810059,0.29235541820526123,0.29159730672836304,0.01900234818458557,1.7663182020187378,1.7660092115402222,5.425326347351074,0.214817613363266,4.0999523375057057e-16,0.6997366547584534,0.10728395730257034,0.045952994376420975,4.0999523375057057e-16,0.6997366547584534,0.10728395730257034,0.045952994376420975,0.0,0.017647749602794652,0.0,0.0,0.0,0.0001,False,,,,,,,,,,,,,,
380,2.3629565238952637,-4.691190719604492,0.2915811538696289,0.2917807996273041,0.018493281677365303,1.7620301246643066,1.7601723670959473,5.408121585845947,0.21115390956401825,3.4553470297553823e-15,0.7000113129615784,0.10738053172826767,0.04505546763539314,2.4067271201631085e-16,0.6989827752113342,0.10724887996912003,0.0362195149064064,0.0,0.018096732378005985,0.0,0.0,0.0,0.0001,False,0.7819753289222717,0.7819753289222717,0.21802467107772827,8.756631851196289,0.0,0.9232654571533203,3.9911391735076904,-0.0,1.4728131294250488,0.7822660207748413,2.3869366636396897e-16,0.7822660207748413,0.0277954563498497,2.0548934936523438
381,2.37375545501709,-4.687629222869873,0.2965603172779083,0.297439843416214,0.018849564716219902,1.7621612548828125,1.7596503496170044,5.404693126678467,0.2084074318408966,4.081735570486022e-16,0.699834406375885,0.10750742256641388,0.04508933797478676,4.081735570486022e-16,0.699834406375885,0.10750742256641388,0.04508933797478676,0.0,0.018096732378005985,0.0,0.0,0.0,0.0001,False,,,,,,,,,,,,,,
382,2.3758277893066406,-4.767723560333252,0.29613178968429565,0.29690036177635193,0.018677260726690292,1.7656949758529663,1.7625417709350586,5.485039234161377,0.2131466120481491,2.3324391573495006e-16,0.6999702453613281,0.10749731212854385,0.04621533304452896,2.3324391573495006e-16,0.6999702453613281,0.10749731212854385,0.04621533304452896,0.0,0.018096732378005985,0.0,0.0,0.0,0.0001,False,,,,,,,,,,,,,,
383,2.3757846355438232,-4.8123908042907715,0.2965451180934906,0.29604753851890564,0.018619511276483536,1.7649208307266235,1.7642238140106201,5.528901100158691,0.21469134092330933,3.1477406622128787e-15,0.6993168592453003,0.10738438367843628,0.04479151964187622,3.1477406622128787e-15,0.6993168592453003,0.10738438367843628,0.04479151964187622,0.0,0.018096732378005985,0.0,0.0,0.0,0.0001,False,,,,,,,,,,,,,,
384,2.375049591064453,-4.7936906814575195,0.3012906014919281,0.300034761428833,0.01923440955579281,1.7539355754852295,1.7550443410873413,5.511108875274658,0.21757391095161438,6.485498872461275e-16,0.7003010511398315,0.10670305788516998,0.04386342316865921,6.485498872461275e-16,0.7003010511398315,0.10670305788516998,0.04386342316865921,0.0,0.018096732378005985,0.0,0.0,0.0,0.0001,False,,,,,,,,,,,,,,
385,2.370089530944824,-4.739232063293457,0.29181167483329773,0.2913072407245636,0.01824318617582321,1.768778681755066,1.768676519393921,5.456093788146973,0.2076534479856491,7.047288180771769e-16,0.6996704339981079,0.10723927617073059,0.04468989744782448,7.047288180771769e-16,0.6996704339981079,0.10723927617073059,0.04468989744782448,0.0,0.018096732378005985,0.0,0.0,0.0,0.0001,False,,,,,,,,,,,,,,
386,2.3669896125793457,-4.7521867752075195,0.2907765209674835,0.29111745953559875,0.018306726589798927,1.7677441835403442,1.7658334970474243,5.469452381134033,0.21172116696834564,2.4805015753207363e-16,0.7000642418861389,0.1077355295419693,0.04475640505552292,2.4805015753207363e-16,0.7000642418861389,0.1077355295419693,0.04475640505552292,0.0,0.018096732378005985,0.0,0.0,0.0,0.0001,False,,,,,,,,,,,,,,
387,2.377035140991211,-4.786815166473389,0.2920217514038086,0.2933993637561798,0.018825827166438103,1.77470064163208,1.7708760499954224,5.503458499908447,0.2152765691280365,4.320295782635295e-16,0.6993622183799744,0.10750384628772736,0.04565180093050003,4.320295782635295e-16,0.6993622183799744,0.10750384628772736,0.04565180093050003,0.0,0.018096732378005985,0.0,0.0,0.0,0.0001,False,,,,,,,,,,,,,,
388,2.366617202758789,-4.829162120819092,0.28784051537513733,0.28757840394973755,0.01846969686448574,1.773497462272644,1.7719600200653076,5.5458598136901855,0.2110191136598587,2.107280965189481e-15,0.6995468139648438,0.10772133618593216,0.04432699829339981,2.107280965189481e-15,0.6995468139648438,0.10772133618593216,0.04432699829339981,0.0,0.018096732378005985,0.0,0.0,0.0,0.0001,False,,,,,,,,,,,,,,
389,2.368673324584961,-4.817652702331543,0.2900402545928955,0.2892891466617584,0.01869329996407032,1.7705379724502563,1.7707635164260864,5.535151481628418,0.20953568816184998,1.0891777498967946e-15,0.7002688646316528,0.10727137327194214,0.04503003880381584,1.0891777498967946e-15,0.7002688646316528,0.10727137327194214,0.04503003880381584,0.0,0.018096732378005985,0.0,0.0,0.0,0.0001,False,,,,,,,,,,,,,,
390,2.3707051277160645,-4.807190895080566,0.2965467870235443,0.29553860425949097,0.018715402111411095,1.7597150802612305,1.7600939273834229,5.523593425750732,0.2039555311203003,3.735508894532136e-15,0.6992235779762268,0.10741247236728668,0.04463314265012741,2.763190128596115e-16,0.6987335085868835,0.10707269608974457,0.0351717434823513,0.0,0.01854546588659287,0.0,0.0,0.0,0.0001,False,0.7824667692184448,0.7824667692184448,0.21753323078155518,8.70435619354248,0.0,0.9237459301948547,3.9921493530273438,-0.0,1.4800407886505127,0.782320499420166,2.7404847322384305e-16,0.782320499420166,0.02632465772330761,2.074483871459961
391,2.3717331886291504,-4.774569511413574,0.29354819655418396,0.29329583048820496,0.01849990338087082,1.767101526260376,1.765676736831665,5.492093086242676,0.20281031727790833,4.626701480975066e-16,0.7001335024833679,0.10734231770038605,0.043491166085004807,4.626701480975066e-16,0.7001335024833679,0.10734231770038605,0.043491166085004807,0.0,0.01854546588659287,0.0,0.0,0.0,0.0001,False,,,,,,,,,,,,,,
392,2.378598690032959,-4.821868419647217,0.29595452547073364,0.296215295791626,0.019090663641691208,1.7679036855697632,1.766772985458374,5.538983345031738,0.2102086991071701,1.6724214498491747e-15,0.6995689272880554,0.10696376860141754,0.045139115303754807,1.6724214498491747e-15,0.6995689272880554,0.10696376860141754,0.045139115303754807,0.0,0.01854546588659287,0.0,0.0,0.0,0.0001,False,,,,,,,,,,,,,,
393,2.367551565170288,-4.867051124572754,0.2923116087913513,0.29184937477111816,0.018215518444776535,1.7657736539840698,1.7645765542984009,5.583982944488525,0.21307076513767242,3.1352234210765915e-15,0.6993955969810486,0.10704568773508072,0.045065850019454956,3.1352234210765915e-15,0.6993955969810486,0.10704568773508072,0.045065850019454956,0.0,0.01854546588659287,0.0,0.0,0.0,0.0001,False,,,,,,,,,,,,,,
394,2.3721885681152344,-4.895985126495361,0.2964855134487152,0.2950332760810852,0.01838766783475876,1.7618029117584229,1.7627613544464111,5.613021373748779,0.20785880088806152,5.235325570279855e-15,0.6995689272880554,0.1067698746919632,0.044403739273548126,5.235325570279855e-15,0.6995689272880554,0.1067698746919632,0.044403739273548126,0.0,0.01854546588659287,0.0,0.0,0.0,0.0001,False,,,,,,,,,,,,,,
395,2.3666844367980957,-4.866500377655029,0.29508647322654724,0.29408255219459534,0.01849968172609806,1.7587100267410278,1.7593213319778442,5.583827495574951,0.20405489206314087,1.4672244361241499e-15,0.6998900175094604,0.10718832165002823,0.04397633299231529,1.4672244361241499e-15,0.6998900175094604,0.10718832165002823,0.04397633299231529,0.0,0.01854546588659287,0.0,0.0,0.0,0.0001,False,,,,,,,,,,,,,,
396,2.369354248046875,-4.85383415222168,0.29033732414245605,0.29025959968566895,0.018234077841043472,1.7712466716766357,1.769800066947937,5.570500373840332,0.19858630001544952,4.309862030791017e-15,0.6992226243019104,0.10743608325719833,0.04415217787027359,4.309862030791017e-15,0.6992226243019104,0.10743608325719833,0.04415217787027359,0.0,0.01854546588659287,0.0,0.0,0.0,0.0001,False,,,,,,,,,,,,,,
397,2.382002830505371,-4.907011032104492,0.2915676534175873,0.2925393879413605,0.018928807228803635,1.7808200120925903,1.777113676071167,5.624415874481201,0.19744373857975006,2.6066060405629437e-15,0.6999692320823669,0.10756292939186096,0.04399646818637848,2.6066060405629437e-15,0.6999692320823669,0.10756292939186096,0.04399646818637848,0.0,0.01854546588659287,0.0,0.0,0.0,0.0001,False,,,,,,,,,,,,,,
398,2.3765766620635986,-4.959566116333008,0.2958754897117615,0.29623669385910034,0.018581688404083252,1.7671794891357422,1.7645859718322754,5.677364349365234,0.2021154910326004,2.2146286534383501e-16,0.7002729773521423,0.10705755650997162,0.04480607807636261,2.2146286534383501e-16,0.7002729773521423,0.10705755650997162,0.04480607807636261,0.0,0.01854546588659287,0.0,0.0,0.0,0.0001,False,,,,,,,,,,,,,,
399,2.368736743927002,-4.954844951629639,0.29505300521850586,0.2951616048812866,0.018690748140215874,1.7607027292251587,1.7589601278305054,5.67129373550415,0.2012939453125,4.238043324803186e-16,0.6989850997924805,0.10708626359701157,0.0443849116563797,4.238043324803186e-16,0.6989850997924805,0.10708626359701157,0.0443849116563797,0.0,0.01854546588659287,0.0,0.0,0.0,0.0001,False,,,,,,,,,,,,,,
400,2.3775076866149902,-4.950516223907471,0.30005574226379395,0.3002259135246277,0.0185169018805027,1.7599256038665771,1.7574928998947144,5.66670036315918,0.1976727843284607,5.8023095198976235e-15,0.69889235496521,0.10743267834186554,0.04270562529563904,1.1010843909955331e-15,0.698765218257904,0.10711865872144699,0.03458281606435776,0.0,0.018994231104850774,0.0,0.0,0.0,0.0001,False,0.7821592092514038,0.7821592092514038,0.2178407907485962,8.782485961914062,0.0,0.9236978888511658,3.9873266220092773,-0.0,1.4827805757522583,0.7822573184967041,1.092027847737941e-15,0.7822573184967041,0.02588622085750103,2.092393398284912
401,2.3763985633850098,-4.904152870178223,0.30164724588394165,0.30162832140922546,0.018511520698666573,1.7551207542419434,1.754102110862732,5.6213507652282715,0.20485372841358185,1.4220170383555907e-14,0.699509859085083,0.10747221112251282,0.043413661420345306,1.4220170383555907e-14,0.699509859085083,0.10747221112251282,0.043413661420345306,0.0,0.018994231104850774,0.0,0.0,0.0,0.0001,False,,,,,,,,,,,,,,
402,2.3854095935821533,-4.949563980102539,0.30149415135383606,0.30099213123321533,0.018602797761559486,1.7645989656448364,1.7640421390533447,5.666579246520996,0.20469999313354492,8.600773224046523e-14,0.699232816696167,0.10690943151712418,0.04439539462327957,8.600773224046523e-14,0.699232816696167,0.10690943151712418,0.04439539462327957,0.0,0.018994231104850774,0.0,0.0,0.0,0.0001,False,,,,,,,,,,,,,,
403,2.3839385509490967,-4.953129768371582,0.29965585470199585,0.2987373471260071,0.018499277532100677,1.7669987678527832,1.7670934200286865,5.670548439025879,0.2096278816461563,3.6122966868157996e-14,0.6995890140533447,0.10739746689796448,0.044839490205049515,3.6122966868157996e-14,0.6995890140533447,0.10739746689796448,0.044839490205049515,0.0,0.018994231104850774,0.0,0.0,0.0,0.0001,False,,,,,,,,,,,,,,
404,2.372771739959717,-4.9713945388793945,0.2956169545650482,0.29493218660354614,0.018613474443554878,1.7635725736618042,1.763645887374878,5.689173221588135,0.2074718475341797,1.8010179919013226e-15,0.6999292969703674,0.10747253149747849,0.044953830540180206,1.8010179919013226e-15,0.6999292969703674,0.10747253149747849,0.044953830540180206,0.0,0.018994231104850774,0.0,0.0,0.0,0.0001,False,,,,,,,,,,,,,,
405,2.3686251640319824,-4.9543070793151855,0.28883159160614014,0.2881608307361603,0.018031015992164612,1.7737916707992554,1.7734118700027466,5.670965671539307,0.19944719970226288,2.341611571256199e-15,0.6989740133285522,0.1067986935377121,0.04346426948904991,2.341611571256199e-15,0.6989740133285522,0.1067986935377121,0.04346426948904991,0.0,0.018994231104850774,0.0,0.0,0.0,0.0001,False,,,,,,,,,,,,,,
406,2.3764777183532715,-4.998157501220703,0.2930988371372223,0.2930195927619934,0.01814313232898712,1.7729696035385132,1.7714625597000122,5.7153425216674805,0.1988724172115326,6.574621561589004e-16,0.6994678974151611,0.10700389742851257,0.04369392991065979,6.574621561589004e-16,0.6994678974151611,0.10700389742851257,0.04369392991065979,0.0,0.018994231104850774,0.0,0.0,0.0,0.0001,False,,,,,,,,,,,,,,
407,2.372988224029541,-5.023655414581299,0.292548269033432,0.2927837669849396,0.018040204420685768,1.7708758115768433,1.7683558464050293,5.740694999694824,0.2007293850183487,2.3912158323506605e-16,0.6992829442024231,0.10725247859954834,0.04416678100824356,2.3912158323506605e-16,0.6992829442024231,0.10725247859954834,0.04416678100824356,0.0,0.018994231104850774,0.0,0.0,0.0,0.0001,False,,,,,,,,,,,,,,
408,2.379056930541992,-5.0287652015686035,0.2969551980495453,0.2973160743713379,0.017985407263040543,1.7680118083953857,1.7655887603759766,5.745654582977295,0.2017810046672821,2.0197858413995712e-13,0.6992443203926086,0.10746050626039505,0.04300547391176224,2.0197858413995712e-13,0.6992443203926086,0.10746050626039505,0.04300547391176224,0.0,0.018994231104850774,0.0,0.0,0.0,0.0001,False,,,,,,,,,,,,,,
409,2.3704988956451416,-4.999499320983887,0.2972211241722107,0.2970848083496094,0.018223578110337257,1.7586218118667603,1.757317066192627,5.716475009918213,0.20554369688034058,3.2254972279796394e-15,0.6992698311805725,0.10707767307758331,0.043619390577077866,3.2254972279796394e-15,0.6992698311805725,0.10707767307758331,0.043619390577077866,0.0,0.018994231104850774,0.0,0.0,0.0,0.0001,False,,,,,,,,,,,,,,
410,2.380394220352173,-5.021605014801025,0.2983134388923645,0.2988656163215637,0.017927346751093864,1.7666330337524414,1.7639425992965698,5.738703727722168,0.2004278302192688,6.026998561683983e-15,0.6993672847747803,0.10742860287427902,0.04383249953389168,1.345972019554865e-15,0.6985965967178345,0.1071275845170021,0.03427701070904732,0.0,0.019442827701568608,0.0,0.0,0.0,0.0001,False,0.7822770476341248,0.7822770476341248,0.21772295236587524,8.772221565246582,0.0,0.9236017465591431,3.989823818206787,-0.0,1.491452693939209,0.7823464870452881,1.3349005548655645e-15,0.7823464870452881,0.02463352307677269,2.112490653991699
411,2.37949275970459,-5.033118724822998,0.29946136474609375,0.2994753122329712,0.018309561535716057,1.7631003856658936,1.7613927125930786,5.75053596496582,0.2020016759634018,9.68244801962401e-15,0.6993295550346375,0.1071072444319725,0.044279519468545914,9.68244801962401e-15,0.6993295550346375,0.1071072444319725,0.044279519468545914,0.0,0.019442827701568608,0.0,0.0,0.0,0.0001,False,,,,,,,,,,,,,,
412,2.3796393871307373,-5.059104919433594,0.29825523495674133,0.29795974493026733,0.018202031031250954,1.7656675577163696,1.7647769451141357,5.776398181915283,0.20465782284736633,4.0020365358250584e-14,0.6992681622505188,0.10716381669044495,0.04366685822606087,4.0020365358250584e-14,0.6992681622505188,0.10716381669044495,0.04366685822606087,0.0,0.019442827701568608,0.0,0.0,0.0,0.0001,False,,,,,,,,,,,,,,
413,2.379586696624756,-5.066098690032959,0.2940026521682739,0.2929384410381317,0.018290061503648758,1.774288535118103,1.7744224071502686,5.783192157745361,0.20208652317523956,2.522709968236247e-15,0.6991048455238342,0.10714682191610336,0.04335630312561989,2.522709968236247e-15,0.6991048455238342,0.10714682191610336,0.04335630312561989,0.0,0.019442827701568608,0.0,0.0,0.0,0.0001,False,,,,,,,,,,,,,,
414,2.3878650665283203,-5.078377723693848,0.3025161921977997,0.3016061782836914,0.018168944865465164,1.7654587030410767,1.7656888961791992,5.795334815979004,0.19579052925109863,4.791434989655924e-14,0.699068546295166,0.10709144175052643,0.04229982942342758,4.791434989655924e-14,0.699068546295166,0.10709144175052643,0.04229982942342758,0.0,0.019442827701568608,0.0,0.0,0.0,0.0001,False,,,,,,,,,,,,,,
415,2.377411365509033,-5.097973823547363,0.29489389061927795,0.2946430444717407,0.018090378493070602,1.7705343961715698,1.769033670425415,5.81519889831543,0.19274644553661346,2.8106641126112667e-15,0.6993014216423035,0.10726159065961838,0.04265328124165535,2.8106641126112667e-15,0.6993014216423035,0.10726159065961838,0.04265328124165535,0.0,0.019442827701568608,0.0,0.0,0.0,0.0001,False,,,,,,,,,,,,,,
416,2.3735251426696777,-5.1302971839904785,0.2925069332122803,0.2927703857421875,0.017962533980607986,1.7718133926391602,1.7687572240829468,5.847522258758545,0.19343215227127075,6.378674359406233e-15,0.6992676854133606,0.1069270446896553,0.04299279302358627,6.378674359406233e-15,0.6992676854133606,0.1069270446896553,0.04299279302358627,0.0,0.019442827701568608,0.0,0.0,0.0,0.0001,False,,,,,,,,,,,,,,
417,2.374697208404541,-5.115878582000732,0.30024561285972595,0.300398588180542,0.018115859478712082,1.7571710348129272,1.754703402519226,5.832943439483643,0.18950188159942627,1.2049965246539035e-14,0.6991608142852783,0.10691331326961517,0.04249360412359238,1.2049965246539035e-14,0.6991608142852783,0.10691331326961517,0.04249360412359238,0.0,0.019442827701568608,0.0,0.0,0.0,0.0001,False,,,,,,,,,,,,,,
418,2.3804290294647217,-5.10429573059082,0.30154091119766235,0.3024226725101471,0.01865616999566555,1.7592527866363525,1.7563656568527222,5.820830821990967,0.1893470734357834,1.361620539897749e-14,0.698702871799469,0.10671190917491913,0.04187016561627388,1.361620539897749e-14,0.698702871799469,0.10671190917491913,0.04187016561627388,0.0,0.019442827701568608,0.0,0.0,0.0,0.0001,False,,,,,,,,,,,,,,
419,2.378477096557617,-5.160929203033447,0.29973945021629333,0.29970410466194153,0.01810072362422943,1.761958360671997,1.7599073648452759,5.8776702880859375,0.19318240880966187,2.5701565187766966e-15,0.6988213062286377,0.10688317567110062,0.04267621412873268,2.5701565187766966e-15,0.6988213062286377,0.10688317567110062,0.04267621412873268,0.0,0.019442827701568608,0.0,0.0,0.0,0.0001,False,,,,,,,,,,,,,,
420,2.383957862854004,-5.180984973907471,0.3053017556667328,0.3040325939655304,0.01833895780146122,1.7555851936340332,1.756983757019043,5.897378921508789,0.1939411461353302,2.260828609708458e-16,0.6985252499580383,0.10657025873661041,0.04225723072886467,3.1724416771109567e-15,0.6984692811965942,0.10685554891824722,0.03354397416114807,0.0,0.019891296982765202,0.0,0.0,0.0,0.0001,False,0.7825143337249756,0.7825143337249756,0.21748566627502441,8.780028343200684,0.0,0.9236978888511658,3.9909353256225586,-0.0,1.4829368591308594,0.7824952602386475,3.1463422682953707e-15,0.7824952602386475,0.02391211688518524,2.1297454833984375
421,2.381711006164551,-5.1482744216918945,0.30578672885894775,0.3045044243335724,0.017758047208189964,1.7532085180282593,1.7541152238845825,5.866121292114258,0.1882747858762741,8.65999912297126e-14,0.6995949149131775,0.10700050741434097,0.04276026785373688,8.65999912297126e-14,0.6995949149131775,0.10700050741434097,0.04276026785373688,0.0,0.019891296982765202,0.0,0.0,0.0,0.0001,False,,,,,,,,,,,,,,
422,2.3773856163024902,-5.1516828536987305,0.300734281539917,0.29989221692085266,0.018431246280670166,1.7581844329833984,1.7584712505340576,5.869775295257568,0.19136230647563934,4.934434818756363e-14,0.6998664736747742,0.10676660388708115,0.04248545318841934,4.934434818756363e-14,0.6998664736747742,0.10676660388708115,0.04248545318841934,0.0,0.019891296982765202,0.0,0.0,0.0,0.0001,False,,,,,,,,,,,,,,
423,2.3688836097717285,-5.157057762145996,0.29513153433799744,0.2946171164512634,0.01792091690003872,1.7613890171051025,1.761038899421692,5.873860836029053,0.19004522264003754,1.0356766713768423e-14,0.6986448764801025,0.106782928109169,0.04198026657104492,1.0356766713768423e-14,0.6986448764801025,0.106782928109169,0.04198026657104492,0.0,0.019891296982765202,0.0,0.0,0.0,0.0001,False,,,,,,,,,,,,,,
424,2.3934643268585205,-5.160314083099365,0.30208688974380493,0.3013049364089966,0.01849968358874321,1.7721999883651733,1.7709455490112305,5.877294063568115,0.19821439683437347,1.117873256798168e-14,0.6988145709037781,0.10696590691804886,0.04203219339251518,1.117873256798168e-14,0.6988145709037781,0.10696590691804886,0.04203219339251518,0.0,0.019891296982765202,0.0,0.0,0.0,0.0001,False,,,,,,,,,,,,,,
425,2.382155418395996,-5.1626787185668945,0.29860353469848633,0.29818323254585266,0.018101343885064125,1.767639398574829,1.766895055770874,5.880300045013428,0.19735489785671234,1.547434055892971e-13,0.6993998289108276,0.10674016922712326,0.04246438667178154,1.547434055892971e-13,0.6993998289108276,0.10674016922712326,0.04246438667178154,0.0,0.019891296982765202,0.0,0.0,0.0,0.0001,False,,,,,,,,,,,,,,
426,2.372313976287842,-5.180001258850098,0.2924651503562927,0.29260656237602234,0.018191393464803696,1.7699733972549438,1.7681282758712769,5.897301197052002,0.19511206448078156,7.709598171185602e-15,0.699106752872467,0.10643290728330612,0.0422685481607914,7.709598171185602e-15,0.699106752872467,0.10643290728330612,0.0422685481607914,0.0,0.019891296982765202,0.0,0.0,0.0,0.0001,False,,,,,,,,,,,,,,
427,2.3854727745056152,-5.182671546936035,0.29876670241355896,0.2996886670589447,0.0185923520475626,1.7701596021652222,1.7666904926300049,5.8998613357543945,0.1946174055337906,7.464571360115899e-14,0.6989635825157166,0.10653536766767502,0.04258282482624054,7.464571360115899e-14,0.6989635825157166,0.10653536766767502,0.04258282482624054,0.0,0.019891296982765202,0.0,0.0,0.0,0.0001,False,,,,,,,,,,,,,,
428,2.3792808055877686,-5.183937072753906,0.2985991835594177,0.29850712418556213,0.017880752682685852,1.7651605606079102,1.7634267807006836,5.901208877563477,0.19379296898841858,1.0823102396945172e-13,0.6990935206413269,0.10682946443557739,0.042120642960071564,1.0823102396945172e-13,0.6990935206413269,0.10682946443557739,0.042120642960071564,0.0,0.019891296982765202,0.0,0.0,0.0,0.0001,False,,,,,,,,,,,,,,
429,2.3717236518859863,-5.234614849090576,0.29409530758857727,0.29354190826416016,0.017809603363275528,1.766470193862915,1.7660833597183228,5.951466083526611,0.19259139895439148,3.349683608288613e-14,0.6987515687942505,0.10706458985805511,0.041359156370162964,3.349683608288613e-14,0.6987515687942505,0.10706458985805511,0.041359156370162964,0.0,0.019891296982765202,0.0,0.0,0.0,0.0001,False,,,,,,,,,,,,,,
430,2.3817336559295654,-5.244377136230469,0.2987929880619049,0.29751908779144287,0.017813852056860924,1.7670825719833374,1.7681328058242798,5.961364269256592,0.19489528238773346,6.283767282281704e-15,0.6988003253936768,0.10703039914369583,0.04224283993244171,4.380878619985174e-15,0.6984305381774902,0.10684853792190552,0.03338532894849777,0.0,0.020339727520942694,0.0,0.0,0.0,0.0001,False,0.7820103764533997,0.7820103764533997,0.21798962354660034,8.767406463623047,0.0,0.9230732917785645,3.989598274230957,-0.0,1.4835550785064697,0.7827129364013672,4.3448376011687955e-15,0.7827129364013672,0.024433491751551628,2.1507906913757324
431,2.38291335105896,-5.253049850463867,0.296795517206192,0.2951371371746063,0.01792616955935955,1.772445559501648,1.7736635208129883,5.97051477432251,0.1933266967535019,6.494671286367973e-15,0.698925793170929,0.1067863330245018,0.04260637238621712,6.494671286367973e-15,0.698925793170929,0.1067863330245018,0.04260637238621712,0.0,0.020339727520942694,0.0,0.0,0.0,0.0001,False,,,,,,,,,,,,,,
432,2.38211727142334,-5.264984607696533,0.2952149212360382,0.29454681277275085,0.01790621131658554,1.774575114250183,1.7743233442306519,5.982874393463135,0.19724123179912567,1.6254270878476168e-14,0.6993781924247742,0.10712948441505432,0.04223896935582161,1.6254270878476168e-14,0.6993781924247742,0.10712948441505432,0.04223896935582161,0.0,0.020339727520942694,0.0,0.0,0.0,0.0001,False,,,,,,,,,,,,,,
433,2.3873627185821533,-5.262178897857666,0.30316266417503357,0.30334869027137756,0.018221663311123848,1.7636162042617798,1.7616430521011353,5.979617595672607,0.1889648586511612,1.5594173088245844e-12,0.6989180445671082,0.10662639141082764,0.04240792617201805,1.5594173088245844e-12,0.6989180445671082,0.10662639141082764,0.04240792617201805,0.0,0.020339727520942694,0.0,0.0,0.0,0.0001,False,,,,,,,,,,,,,,
434,2.38818621635437,-5.2857513427734375,0.3026125729084015,0.30399319529533386,0.018143819645047188,1.7657278776168823,1.7611453533172607,6.003243446350098,0.18841692805290222,1.1184630288986822e-13,0.6988927721977234,0.10736054182052612,0.04319462180137634,1.1184630288986822e-13,0.6988927721977234,0.10736054182052612,0.04319462180137634,0.0,0.020339727520942694,0.0,0.0,0.0,0.0001,False,,,,,,,,,,,,,,
435,2.3803725242614746,-5.292599201202393,0.30448922514915466,0.30604925751686096,0.017593519762158394,1.7543529272079468,1.750128149986267,6.010298728942871,0.1839032620191574,1.4767161560409747e-13,0.6992100477218628,0.10674172639846802,0.042048703879117966,1.4767161560409747e-13,0.6992100477218628,0.10674172639846802,0.042048703879117966,0.0,0.020339727520942694,0.0,0.0,0.0,0.0001,False,,,,,,,,,,,,,,
436,2.3835244178771973,-5.315510272979736,0.30293142795562744,0.3035815954208374,0.01777222938835621,1.7608877420425415,1.7575907707214355,6.032552242279053,0.1770043969154358,1.5668074527548778e-15,0.6986114382743835,0.10656371712684631,0.04158381000161171,1.5668074527548778e-15,0.6986114382743835,0.10656371712684631,0.04158381000161171,0.0,0.020339727520942694,0.0,0.0,0.0,0.0001,False,,,,,,,,,,,,,,
437,2.3762400150299072,-5.291802406311035,0.2991838753223419,0.2992512881755829,0.01765044406056404,1.7616273164749146,1.7586817741394043,6.009054183959961,0.18231618404388428,1.1687908001257e-15,0.6987111568450928,0.10676785558462143,0.04265475645661354,1.1687908001257e-15,0.6987111568450928,0.10676785558462143,0.04265475645661354,0.0,0.020339727520942694,0.0,0.0,0.0,0.0001,False,,,,,,,,,,,,,,
438,2.394263744354248,-5.3438873291015625,0.3028479814529419,0.3018116056919098,0.018290827050805092,1.7714896202087402,1.7711372375488281,6.062164783477783,0.18800775706768036,5.390629823488584e-14,0.6997112035751343,0.1066594123840332,0.04274246469140053,5.390629823488584e-14,0.6997112035751343,0.1066594123840332,0.04274246469140053,0.0,0.020339727520942694,0.0,0.0,0.0,0.0001,False,,,,,,,,,,,,,,
439,2.388918876647949,-5.343724727630615,0.30262869596481323,0.30128970742225647,0.018165219575166702,1.766562819480896,1.7671078443527222,6.061219215393066,0.18910807371139526,7.21945927400423e-16,0.6990209817886353,0.10693047940731049,0.041942298412323,7.21945927400423e-16,0.6990209817886353,0.10693047940731049,0.041942298412323,0.0,0.020339727520942694,0.0,0.0,0.0,0.0001,False,,,,,,,,,,,,,,
440,2.3883109092712402,-5.317032814025879,0.30502909421920776,0.30430251359939575,0.017922285944223404,1.7611973285675049,1.760917067527771,6.034490585327148,0.1886720210313797,7.726288955411248e-14,0.6989524960517883,0.1066017746925354,0.0422324575483799,2.3371055548071663e-15,0.6981611251831055,0.10676255822181702,0.032699305564165115,0.0,0.0207878886461258,0.0,0.0,0.0,0.0001,False,0.782130777835846,0.782130777835846,0.21786922216415405,8.811416625976562,0.0,0.9186526536941528,3.997715711593628,-0.0,1.5081229209899902,0.782646119594574,2.3178973232556046e-15,0.782646119594574,0.024180231615900993,2.1657795906066895
441,2.397277355194092,-5.349229335784912,0.30597662925720215,0.3063880503177643,0.017525440081954002,1.7684216499328613,1.766352891921997,6.067056179046631,0.18573935329914093,1.992819497202876e-15,0.6990870237350464,0.10717449337244034,0.04141101613640785,1.992819497202876e-15,0.6990870237350464,0.10717449337244034,0.04141101613640785,0.0,0.0207878886461258,0.0,0.0,0.0,0.0001,False,,,,,,,,,,,,,,
442,2.374418258666992,-5.389361381530762,0.29879942536354065,0.2986997067928314,0.017763257026672363,1.759706974029541,1.758604884147644,6.106779098510742,0.18153391778469086,3.224054095595755e-15,0.6987354159355164,0.10682986676692963,0.040968239307403564,3.224054095595755e-15,0.6987354159355164,0.10682986676692963,0.040968239307403564,0.0,0.0207878886461258,0.0,0.0,0.0,0.0001,False,,,,,,,,,,,,,,
443,2.380110740661621,-5.368475437164307,0.30087897181510925,0.3002293109893799,0.01760031282901764,1.7612322568893433,1.7615721225738525,6.086333751678467,0.18747147917747498,3.82392685224775e-15,0.6991640329360962,0.10656808316707611,0.04094608128070831,3.82392685224775e-15,0.6991640329360962,0.10656808316707611,0.04094608128070831,0.0,0.0207878886461258,0.0,0.0,0.0,0.0001,False,,,,,,,,,,,,,,
444,2.388058662414551,-5.3934245109558105,0.30425432324409485,0.3029613196849823,0.017573386430740356,1.7631210088729858,1.763418436050415,6.111120700836182,0.19041304290294647,2.3561989609155757e-15,0.6989505887031555,0.10746251046657562,0.04151345044374466,2.3561989609155757e-15,0.6989505887031555,0.10746251046657562,0.04151345044374466,0.0,0.0207878886461258,0.0,0.0,0.0,0.0001,False,,,,,,,,,,,,,,
445,2.3829121589660645,-5.350425720214844,0.3047039210796356,0.3030616044998169,0.017352983355522156,1.7567758560180664,1.7588114738464355,6.067934513092041,0.18427495658397675,2.1250106776765816e-14,0.6987359523773193,0.1066494882106781,0.04184189438819885,2.1250106776765816e-14,0.6987359523773193,0.1066494882106781,0.04184189438819885,0.0,0.0207878886461258,0.0,0.0,0.0,0.0001,False,,,,,,,,,,,,,,
446,2.3969695568084717,-5.365912914276123,0.3045459985733032,0.30401191115379333,0.017416546121239662,1.7713561058044434,1.7706339359283447,6.082610130310059,0.18529140949249268,2.008768492324964e-15,0.6980831623077393,0.10625698417425156,0.04038797318935394,2.008768492324964e-15,0.6980831623077393,0.10625698417425156,0.04038797318935394,0.0,0.0207878886461258,0.0,0.0,0.0,0.0001,False,,,,,,,,,,,,,,
447,2.396160125732422,-5.397470474243164,0.3003237247467041,0.2999402582645416,0.01805884577333927,1.7786905765533447,1.7769840955734253,6.116162300109863,0.1900349110364914,9.73518513795301e-15,0.6999707818031311,0.10661377757787704,0.041117966175079346,9.73518513795301e-15,0.6999707818031311,0.10661377757787704,0.041117966175079346,0.0,0.0207878886461258,0.0,0.0,0.0,0.0001,False,,,,,,,,,,,,,,
448,2.3781776428222656,-5.437295436859131,0.2930968105792999,0.292916476726532,0.01780986599624157,1.7746500968933105,1.7740590572357178,6.154045581817627,0.1840556412935257,3.3047268369812346e-16,0.6980708241462708,0.10674014687538147,0.04103969410061836,3.3047268369812346e-16,0.6980708241462708,0.10674014687538147,0.04103969410061836,0.0,0.0207878886461258,0.0,0.0,0.0,0.0001,False,,,,,,,,,,,,,,
449,2.3939948081970215,-5.476932048797607,0.30185210704803467,0.3012005686759949,0.01814502850174904,1.7728917598724365,1.772702693939209,6.193992614746094,0.17639966309070587,2.7419212479527126e-15,0.6984139084815979,0.10623394697904587,0.040681011974811554,2.7419212479527126e-15,0.6984139084815979,0.10623394697904587,0.040681011974811554,0.0,0.0207878886461258,0.0,0.0,0.0,0.0001,False,,,,,,,,,,,,,,
450,2.3833470344543457,-5.466219902038574,0.30486857891082764,0.30466529726982117,0.017658088356256485,1.7567428350448608,1.7555670738220215,6.1836018562316895,0.1713952124118805,6.5080904058348495e-15,0.698769748210907,0.10622168332338333,0.04023169353604317,2.5401601488041076e-15,0.6978247165679932,0.10655693709850311,0.03161473199725151,0.0,0.02123571336269379,0.0,0.0,0.0,0.0001,False,0.7831904292106628,0.7831904292106628,0.21680957078933716,8.74288558959961,0.0,0.9182202816009521,4.003236770629883,-0.0,1.4946060180664062,0.782421886920929,2.519292454410828e-15,0.782421886920929,0.023755820468068123,2.174549102783203
451,2.384586811065674,-5.444140911102295,0.3101857006549835,0.31073230504989624,0.017392586916685104,1.7477940320968628,1.744758129119873,6.161540985107422,0.1672370731830597,2.625903356925528e-15,0.6985576152801514,0.10671056061983109,0.03941263630986214,2.625903356925528e-15,0.6985576152801514,0.10671056061983109,0.03941263630986214,0.0,0.02123571336269379,0.0,0.0,0.0,0.0001,False,,,,,,,,,,,,,,
452,2.3965766429901123,-5.432816982269287,0.31189829111099243,0.31263357400894165,0.018140504136681557,1.7554200887680054,1.7523884773254395,6.150963306427002,0.1698356717824936,5.633497208762557e-14,0.6992478966712952,0.10656588524580002,0.03988894447684288,5.633497208762557e-14,0.6992478966712952,0.10656588524580002,0.03988894447684288,0.0,0.02123571336269379,0.0,0.0,0.0,0.0001,False,,,,,,,,,,,,,,
453,2.3860559463500977,-5.499578952789307,0.3029763400554657,0.3035223186016083,0.017444850876927376,1.7634960412979126,1.7607288360595703,6.216876029968262,0.17923906445503235,1.168357098080882e-14,0.6983771920204163,0.10609889775514603,0.04028015583753586,1.168357098080882e-14,0.6983771920204163,0.10609889775514603,0.04028015583753586,0.0,0.02123571336269379,0.0,0.0,0.0,0.0001,False,,,,,,,,,,,,,,
454,2.3900532722473145,-5.516489028930664,0.3064839541912079,0.305103600025177,0.017037905752658844,1.7608563899993896,1.7619993686676025,6.233624458312988,0.18702733516693115,7.244788671973215e-14,0.6981347799301147,0.10675301402807236,0.04110540449619293,7.244788671973215e-14,0.6981347799301147,0.10675301402807236,0.04110540449619293,0.0,0.02123571336269379,0.0,0.0,0.0,0.0001,False,,,,,,,,,,,,,,
455,2.392597198486328,-5.4961981773376465,0.3042100965976715,0.30168813467025757,0.017578817903995514,1.767017126083374,1.7712234258651733,6.213892936706543,0.1830826848745346,3.587559258997827e-14,0.6987267136573792,0.10664337873458862,0.040679577738046646,3.587559258997827e-14,0.6987267136573792,0.10664337873458862,0.040679577738046646,0.0,0.02123571336269379,0.0,0.0,0.0,0.0001,False,,,,,,,,,,,,,,
456,2.3910937309265137,-5.451763153076172,0.30473262071609497,0.3039999306201935,0.01740114763379097,1.7649644613265991,1.7649556398391724,6.169026851654053,0.17614233493804932,1.1928693845414742e-14,0.6983383297920227,0.10695688426494598,0.040301404893398285,1.1928693845414742e-14,0.6983383297920227,0.10695688426494598,0.040301404893398285,0.0,0.02123571336269379,0.0,0.0,0.0,0.0001,False,,,,,,,,,,,,,,
457,2.389730215072632,-5.506203651428223,0.3015472888946533,0.3024093508720398,0.017740769311785698,1.7694036960601807,1.7666618824005127,6.223479747772217,0.17380957305431366,1.475028997700151e-15,0.6982604265213013,0.1068660095334053,0.041225556284189224,1.475028997700151e-15,0.6982604265213013,0.1068660095334053,0.041225556284189224,0.0,0.02123571336269379,0.0,0.0,0.0,0.0001,False,,,,,,,,,,,,,,
458,2.39856219291687,-5.554329872131348,0.3076874315738678,0.3090668022632599,0.01749829761683941,1.766241431236267,1.7623778581619263,6.271870136260986,0.17277543246746063,3.1085416714798442e-15,0.6986188888549805,0.10713338106870651,0.04019762575626373,3.1085416714798442e-15,0.6986188888549805,0.10713338106870651,0.04019762575626373,0.0,0.02123571336269379,0.0,0.0,0.0,0.0001,False,,,,,,,,,,,,,,
459,2.392040729522705,-5.576969146728516,0.3112585246562958,0.3109627664089203,0.018042607232928276,1.7521058320999146,1.7514477968215942,6.2939934730529785,0.17554140090942383,3.593049705386106e-16,0.6981992721557617,0.10656179487705231,0.03932596370577812,3.593049705386106e-16,0.6981992721557617,0.10656179487705231,0.03932596370577812,0.0,0.02123571336269379,0.0,0.0,0.0,0.0001,False,,,,,,,,,,,,,,
460,2.3976001739501953,-5.547704219818115,0.3104722797870636,0.309663325548172,0.017752662301063538,1.7599992752075195,1.7594245672225952,6.264787197113037,0.1801103949546814,9.946080417599923e-13,0.6980242729187012,0.10688390582799911,0.04168493673205376,2.343520451988006e-15,0.697555661201477,0.10656473785638809,0.031575221568346024,0.0,0.02168326902389527,0.0,0.0,0.0,0.0001,False,0.7834834456443787,0.7834834456443787,0.21651655435562134,8.798995018005371,0.0,0.9223524928092957,3.99674129486084,-0.0,1.4789022207260132,0.7825055122375488,2.3242854784919947e-15,0.7825055122375488,0.022423986345529556,2.1955342292785645
461,2.3980801105499268,-5.51556396484375,0.304514616727829,0.30406761169433594,0.01770738512277603,1.7723441123962402,1.771236777305603,6.233380317687988,0.18109656870365143,1.1124485528720904e-13,0.6986817121505737,0.10649669170379639,0.039209891110658646,1.1124485528720904e-13,0.6986817121505737,0.10649669170379639,0.039209891110658646,0.0,0.02168326902389527,0.0,0.0,0.0,0.0001,False,,,,,,,,,,,,,,
462,2.3955259323120117,-5.534212112426758,0.30437153577804565,0.3039904236793518,0.017547350376844406,1.7703195810317993,1.7689133882522583,6.252053737640381,0.1838711053133011,5.702894956944281e-15,0.6986203193664551,0.10678602010011673,0.04009828716516495,5.702894956944281e-15,0.6986203193664551,0.10678602010011673,0.04009828716516495,0.0,0.02168326902389527,0.0,0.0,0.0,0.0001,False,,,,,,,,,,,,,,
463,2.3887557983398438,-5.564114570617676,0.30019325017929077,0.30015090107917786,0.017374999821186066,1.771917700767517,1.7701555490493774,6.2816290855407715,0.18874721229076385,5.942749276618281e-14,0.6982945203781128,0.10607532411813736,0.040189895778894424,5.942749276618281e-14,0.6982945203781128,0.10607532411813736,0.040189895778894424,0.0,0.02168326902389527,0.0,0.0,0.0,0.0001,False,,,,,,,,,,,,,,
464,2.3866922855377197,-5.622166156768799,0.298282265663147,0.2981265187263489,0.017309902235865593,1.7736064195632935,1.7723408937454224,6.339527130126953,0.18115919828414917,1.0971130721840281e-15,0.6980571150779724,0.10657817125320435,0.04103374853730202,1.0971130721840281e-15,0.6980571150779724,0.10657817125320435,0.04103374853730202,0.0,0.02168326902389527,0.0,0.0,0.0,0.0001,False,,,,,,,,,,,,,,
465,2.393916606903076,-5.608233451843262,0.3054375946521759,0.30519574880599976,0.017803186550736427,1.7656886577606201,1.7652716636657715,6.326144218444824,0.17839044332504272,2.1782997226740125e-14,0.6986576318740845,0.10685461014509201,0.040436193346977234,2.1782997226740125e-14,0.6986576318740845,0.10685461014509201,0.040436193346977234,0.0,0.02168326902389527,0.0,0.0,0.0,0.0001,False,,,,,,,,,,,,,,
466,2.394124746322632,-5.613306045532227,0.30799004435539246,0.30746185779571533,0.017404496669769287,1.7613776922225952,1.7611591815948486,6.331091403961182,0.16540370881557465,4.9002854996416795e-15,0.6985394954681396,0.10623414814472198,0.04036784544587135,4.9002854996416795e-15,0.6985394954681396,0.10623414814472198,0.04036784544587135,0.0,0.02168326902389527,0.0,0.0,0.0,0.0001,False,,,,,,,,,,,,,,
467,2.3994088172912598,-5.622913837432861,0.31018492579460144,0.31027752161026,0.01744973100721836,1.7626917362213135,1.7603015899658203,6.340640068054199,0.16149447858333588,2.528718819964069e-15,0.6986472606658936,0.10686218738555908,0.03867494314908981,2.528718819964069e-15,0.6986472606658936,0.10686218738555908,0.03867494314908981,0.0,0.02168326902389527,0.0,0.0,0.0,0.0001,False,,,,,,,,,,,,,,
468,2.3898744583129883,-5.633307933807373,0.30611640214920044,0.30643054842948914,0.017581840977072716,1.7611680030822754,1.7583234310150146,6.350241184234619,0.1572655588388443,1.1226810158067833e-14,0.6979085206985474,0.10678134113550186,0.03823557123541832,1.1226810158067833e-14,0.6979085206985474,0.10678134113550186,0.03823557123541832,0.0,0.02168326902389527,0.0,0.0,0.0,0.0001,False,,,,,,,,,,,,,,
469,2.3819572925567627,-5.641563892364502,0.3037399649620056,0.30404308438301086,0.017262347042560577,1.7581981420516968,1.755625605583191,6.359048843383789,0.1633071005344391,1.6373520623713602e-15,0.6982710957527161,0.10645611584186554,0.040096547454595566,1.6373520623713602e-15,0.6982710957527161,0.10645611584186554,0.040096547454595566,0.0,0.02168326902389527,0.0,0.0,0.0,0.0001,False,,,,,,,,,,,,,,
470,2.3887991905212402,-5.663161277770996,0.3050418496131897,0.30514055490493774,0.016743440181016922,1.7626391649246216,1.7611074447631836,6.380604267120361,0.17377328872680664,5.131548872351448e-14,0.6982613205909729,0.10647278279066086,0.03976767137646675,4.309687510261949e-15,0.6973779797554016,0.10629907250404358,0.031093085184693336,0.0,0.02213064700365067,0.0,0.0,0.0,0.0001,False,0.7815461158752441,0.7815461158752441,0.21845388412475586,9.002471923828125,0.0,0.9099557995796204,4.01076078414917,-0.0,1.514998197555542,0.7823091149330139,4.274312378684226e-15,0.7823091149330139,0.021615875884890556,2.2096502780914307
471,2.3952600955963135,-5.675308704376221,0.30717748403549194,0.30630794167518616,0.01732666604220867,1.7644226551055908,1.7644730806350708,6.392733573913574,0.17734195291996002,7.688301221792787e-14,0.6979383826255798,0.10659483075141907,0.03973688930273056,7.688301221792787e-14,0.6979383826255798,0.10659483075141907,0.03973688930273056,0.0,0.02213064700365067,0.0,0.0,0.0,0.0001,False,,,,,,,,,,,,,,
472,2.396915912628174,-5.697512149810791,0.30915263295173645,0.3081456422805786,0.01766960136592388,1.7618298530578613,1.7620664834976196,6.414759159088135,0.17781725525856018,2.9028049495366526e-14,0.6977521181106567,0.1057920828461647,0.03988063707947731,2.9028049495366526e-14,0.6977521181106567,0.1057920828461647,0.03988063707947731,0.0,0.02213064700365067,0.0,0.0,0.0,0.0001,False,,,,,,,,,,,,,,
473,2.3920822143554688,-5.658695220947266,0.30920034646987915,0.30842140316963196,0.01689288206398487,1.7575392723083496,1.7575955390930176,6.376483917236328,0.16802601516246796,4.551376958558109e-15,0.6982475519180298,0.1064649149775505,0.0402301587164402,4.551376958558109e-15,0.6982475519180298,0.1064649149775505,0.0402301587164402,0.0,0.02213064700365067,0.0,0.0,0.0,0.0001,False,,,,,,,,,,,,,,
474,2.3903982639312744,-5.639700889587402,0.30665138363838196,0.3071593642234802,0.017009766772389412,1.7609593868255615,1.758196234703064,6.3568291664123535,0.16238300502300262,1.8663410457386322e-14,0.6977357268333435,0.10645084828138351,0.03884352743625641,1.8663410457386322e-14,0.6977357268333435,0.10645084828138351,0.03884352743625641,0.0,0.02213064700365067,0.0,0.0,0.0,0.0001,False,,,,,,,,,,,,,,
475,2.3895010948181152,-5.695263385772705,0.30352944135665894,0.3048924207687378,0.017412908375263214,1.7656679153442383,1.7616649866104126,6.4126129150390625,0.16643525660037994,1.9055552830647172e-14,0.6979172825813293,0.10622107237577438,0.03918520733714104,1.9055552830647172e-14,0.6979172825813293,0.10622107237577438,0.03918520733714104,0.0,0.02213064700365067,0.0,0.0,0.0,0.0001,False,,,,,,,,,,,,,,
476,2.393458366394043,-5.754245758056641,0.3112752139568329,0.3112272620201111,0.017307419329881668,1.7544034719467163,1.7528938055038452,6.472107887268066,0.17094944417476654,8.6436859460335e-14,0.6983687877655029,0.10666543245315552,0.039750535041093826,8.6436859460335e-14,0.6983687877655029,0.10666543245315552,0.039750535041093826,0.0,0.02213064700365067,0.0,0.0,0.0,0.0001,False,,,,,,,,,,,,,,
477,2.391209363937378,-5.716081142425537,0.30700644850730896,0.3056555986404419,0.017520282417535782,1.760498285293579,1.7615556716918945,6.4334306716918945,0.17326676845550537,2.6709498396099325e-14,0.6977763175964355,0.10628582537174225,0.04061831906437874,2.6709498396099325e-14,0.6977763175964355,0.10628582537174225,0.04061831906437874,0.0,0.02213064700365067,0.0,0.0,0.0,0.0001,False,,,,,,,,,,,,,,
478,2.3962388038635254,-5.680652141571045,0.30591392517089844,0.3038840889930725,0.017024483531713486,1.7683883905410767,1.7704445123672485,6.39784049987793,0.1761104017496109,2.3486156866970448e-15,0.6977120041847229,0.10648441314697266,0.03967033326625824,2.3486156866970448e-15,0.6977120041847229,0.10648441314697266,0.03967033326625824,0.0,0.02213064700365067,0.0,0.0,0.0,0.0001,False,,,,,,,,,,,,,,
479,2.390451192855835,-5.692230701446533,0.30290231108665466,0.3016842007637024,0.016968559473752975,1.7683452367782593,1.7694469690322876,6.409733295440674,0.1742148995399475,5.924291899302018e-16,0.6980023980140686,0.10656552761793137,0.03985896706581116,5.924291899302018e-16,0.6980023980140686,0.10656552761793137,0.03985896706581116,0.0,0.02213064700365067,0.0,0.0,0.0,0.0001,False,,,,,,,,,,,,,,
480,2.388843059539795,-5.75356388092041,0.29794031381607056,0.2980927526950836,0.01749786175787449,1.776252269744873,1.7743722200393677,6.471445083618164,0.1744711995124817,4.418616720174614e-16,0.698284924030304,0.10645837336778641,0.04076814651489258,2.33768909858487e-15,0.6972277760505676,0.10646030306816101,0.031564854085445404,0.0,0.02257787477970124,0.0,0.0,0.0,0.0001,False,0.7812427282333374,0.7812427282333374,0.2187572717666626,8.847635269165039,0.0,0.9150490164756775,4.00433349609375,-0.0,1.4947417974472046,0.7823225855827332,2.318519590712209e-15,0.7823225855827332,0.020052680745720863,2.2372522354125977
481,2.392803192138672,-5.763472080230713,0.30594006180763245,0.3056069612503052,0.017433183267712593,1.7645363807678223,1.7631099224090576,6.481670379638672,0.16875210404396057,7.967048435668508e-16,0.698345422744751,0.10641888529062271,0.04019361361861229,7.967048435668508e-16,0.698345422744751,0.10641888529062271,0.04019361361861229,0.0,0.02257787477970124,0.0,0.0,0.0,0.0001,False,,,,,,,,,,,,,,
482,2.385236978530884,-5.739596366882324,0.30319905281066895,0.30346620082855225,0.01713610626757145,1.7628439664840698,1.760027289390564,6.457432746887207,0.1627894639968872,2.0972759390714552e-13,0.6979992389678955,0.10661521553993225,0.04011005908250809,2.0972759390714552e-13,0.6979992389678955,0.10661521553993225,0.04011005908250809,0.0,0.02257787477970124,0.0,0.0,0.0,0.0001,False,,,,,,,,,,,,,,
483,2.3917365074157715,-5.749139308929443,0.30604270100593567,0.3061182498931885,0.017457902431488037,1.7633366584777832,1.760898470878601,6.466573715209961,0.1580640822649002,1.924721648133656e-15,0.6977249383926392,0.10664883255958557,0.03889600187540054,1.924721648133656e-15,0.6977249383926392,0.10664883255958557,0.03889600187540054,0.0,0.02257787477970124,0.0,0.0,0.0,0.0001,False,,,,,,,,,,,,,,
484,2.3936824798583984,-5.7606282234191895,0.30668511986732483,0.3073652684688568,0.017403412610292435,1.7635185718536377,1.7609390020370483,6.478245258331299,0.16640737652778625,2.1722018054317867e-15,0.6978573799133301,0.10619699954986572,0.03933228179812431,2.1722018054317867e-15,0.6978573799133301,0.10619699954986572,0.03933228179812431,0.0,0.02257787477970124,0.0,0.0,0.0,0.0001,False,,,,,,,,,,,,,,
485,2.4072418212890625,-5.813848972320557,0.3136027455329895,0.3133372366428375,0.017166731879115105,1.763948678970337,1.7623212337493896,6.53172492980957,0.16526928544044495,3.578839986542086e-15,0.6981304883956909,0.10669676214456558,0.03917783126235008,3.578839986542086e-15,0.6981304883956909,0.10669676214456558,0.03917783126235008,0.0,0.02257787477970124,0.0,0.0,0.0,0.0001,False,,,,,,,,,,,,,,
486,2.3971469402313232,-5.843303203582764,0.30923283100128174,0.30757081508636475,0.017297066748142242,1.7622534036636353,1.7638392448425293,6.560513973236084,0.1703234612941742,8.94124726515122e-14,0.6974862813949585,0.1063954308629036,0.03906160220503807,8.94124726515122e-14,0.6974862813949585,0.1063954308629036,0.03906160220503807,0.0,0.02257787477970124,0.0,0.0,0.0,0.0001,False,,,,,,,,,,,,,,
487,2.4050981998443604,-5.810302734375,0.3130451440811157,0.3112390339374542,0.017174310982227325,1.7627886533737183,1.7644908428192139,6.527573585510254,0.16320158541202545,2.5720924125776463e-15,0.6976224184036255,0.10646853595972061,0.03829449415206909,2.5720924125776463e-15,0.6976224184036255,0.10646853595972061,0.03829449415206909,0.0,0.02257787477970124,0.0,0.0,0.0,0.0001,False,,,,,,,,,,,,,,
488,2.4049086570739746,-5.790066719055176,0.3096217215061188,0.3095450699329376,0.01757843978703022,1.7688246965408325,1.7675020694732666,6.50767707824707,0.15367275476455688,2.1376460375573635e-15,0.6979151964187622,0.1061231940984726,0.03868386894464493,2.1376460375573635e-15,0.6979151964187622,0.1061231940984726,0.03868386894464493,0.0,0.02257787477970124,0.0,0.0,0.0,0.0001,False,,,,,,,,,,,,,,
489,2.398212432861328,-5.790096282958984,0.3064282536506653,0.30734071135520935,0.0176836047321558,1.7683745622634888,1.7651450634002686,6.508291244506836,0.1578783541917801,7.195012844355287e-16,0.6984657645225525,0.10652875155210495,0.0389140360057354,7.195012844355287e-16,0.6984657645225525,0.10652875155210495,0.0389140360057354,0.0,0.02257787477970124,0.0,0.0,0.0,0.0001,False,,,,,,,,,,,,,,
490,2.3973405361175537,-5.854369163513184,0.3084871172904968,0.3094955086708069,0.017441025003790855,1.7635107040405273,1.7603230476379395,6.571603775024414,0.16175054013729095,2.4184259738053993e-13,0.6975764632225037,0.10614281892776489,0.03834069147706032,2.474549779624803e-15,0.6972002387046814,0.10638274252414703,0.030427319929003716,0.0,0.02302507501840592,0.0,0.0,0.0,0.0001,False,0.781894326210022,0.781894326210022,0.21810567378997803,8.856710433959961,0.0,0.9088987112045288,4.0109663009643555,-0.0,1.5121228694915771,0.7823689579963684,2.4542576409425292e-15,0.7823689579963684,0.019327988848090172,2.256316900253296
491,2.3937058448791504,-5.88277530670166,0.3088739812374115,0.3090210258960724,0.017599724233150482,1.7590137720108032,1.7574083805084229,6.600327968597412,0.16846688091754913,2.1358074678420533e-14,0.6975520849227905,0.10646095126867294,0.03866872191429138,2.1358074678420533e-14,0.6975520849227905,0.10646095126867294,0.03866872191429138,0.0,0.02302507501840592,0.0,0.0,0.0,0.0001,False,,,,,,,,,,,,,,
492,2.3946120738983154,-5.845505237579346,0.3127537667751312,0.31199246644973755,0.017497150227427483,1.7522274255752563,1.7525101900100708,6.563307285308838,0.16557854413986206,3.29760768387824e-13,0.6977856159210205,0.10687436908483505,0.03877892345190048,3.29760768387824e-13,0.6977856159210205,0.10687436908483505,0.03877892345190048,0.0,0.02302507501840592,0.0,0.0,0.0,0.0001,False,,,,,,,,,,,,,,
493,2.393939971923828,-5.805185317993164,0.31024691462516785,0.3090071380138397,0.016900043934583664,1.7572039365768433,1.7583677768707275,6.523149490356445,0.1615089327096939,7.802397406820889e-15,0.6980298757553101,0.10634901374578476,0.037966541945934296,7.802397406820889e-15,0.6980298757553101,0.10634901374578476,0.037966541945934296,0.0,0.02302507501840592,0.0,0.0,0.0,0.0001,False,,,,,,,,,,,,,,
494,2.39758038520813,-5.872918605804443,0.3035714328289032,0.3027700185775757,0.01722806878387928,1.7740405797958374,1.7739813327789307,6.5906195640563965,0.16181118786334991,8.04953163586336e-14,0.6976512670516968,0.10653644800186157,0.039165984839200974,8.04953163586336e-14,0.6976512670516968,0.10653644800186157,0.039165984839200974,0.0,0.02302507501840592,0.0,0.0,0.0,0.0001,False,,,,,,,,,,,,,,
495,2.3939554691314697,-5.907797813415527,0.3030555546283722,0.30246713757514954,0.017242655158042908,1.771491527557373,1.7708889245986938,6.625761032104492,0.16691674292087555,4.543184455892265e-15,0.6979799270629883,0.10632634907960892,0.03846096992492676,4.543184455892265e-15,0.6979799270629883,0.10632634907960892,0.03846096992492676,0.0,0.02302507501840592,0.0,0.0,0.0,0.0001,False,,,,,,,,,,,,,,
496,2.395484209060669,-5.93557596206665,0.31001877784729004,0.30905279517173767,0.0169867854565382,1.7595207691192627,1.7593308687210083,6.653614521026611,0.15873971581459045,1.949257609165124e-14,0.6980273127555847,0.10676821321249008,0.03871011734008789,1.949257609165124e-14,0.6980273127555847,0.10676821321249008,0.03871011734008789,0.0,0.02302507501840592,0.0,0.0,0.0,0.0001,False,,,,,,,,,,,,,,
497,2.3986027240753174,-5.870599269866943,0.3108275234699249,0.309964120388031,0.01735096238553524,1.7606732845306396,1.760246992111206,6.588329792022705,0.1558726578950882,3.8533897074718645e-14,0.6977587938308716,0.1064646989107132,0.03833654522895813,3.8533897074718645e-14,0.6977587938308716,0.1064646989107132,0.03833654522895813,0.0,0.02302507501840592,0.0,0.0,0.0,0.0001,False,,,,,,,,,,,,,,
498,2.4059743881225586,-5.890211582183838,0.3134729862213135,0.3142605423927307,0.017191661521792412,1.762610673904419,1.7594878673553467,6.608251571655273,0.1527223438024521,1.5106370134291246e-14,0.6981508135795593,0.10649675130844116,0.03746821731328964,1.5106370134291246e-14,0.6981508135795593,0.10649675130844116,0.03746821731328964,0.0,0.02302507501840592,0.0,0.0,0.0,0.0001,False,,,,,,,,,,,,,,
499,2.401721954345703,-5.929547309875488,0.3109125792980194,0.3119259774684906,0.017262063920497894,1.7630500793457031,1.7601925134658813,6.647393703460693,0.15877047181129456,1.6020562968680624e-13,0.6978145241737366,0.10582255572080612,0.03895266726613045,1.6020562968680624e-13,0.6978145241737366,0.10582255572080612,0.03895266726613045,0.0,0.02302507501840592,0.0,0.0,0.0,0.0001,False,,,,,,,,,,,,,,
500,2.3936398029327393,-5.964438438415527,0.31210827827453613,0.31105491518974304,0.01674121804535389,1.753517985343933,1.7539526224136353,6.683070659637451,0.1649741530418396,3.7495156854578174e-14,0.6986997127532959,0.106139175593853,0.03777816891670227,7.0881201225316594e-15,0.6971995234489441,0.10616721957921982,0.02991574816405773,0.0,0.023472274541854864,0.0,0.0,0.0,0.0001,False,0.7819419503211975,0.7819419503211975,0.2180580496788025,8.878748893737793,0.0,0.9141841530799866,4.007196426391602,-0.0,1.5048025846481323,0.7823498845100403,7.0299630098089574e-15,0.7823498845100403,0.018930168822407722,2.2757339477539062
501,2.392408847808838,-5.947474002838135,0.3101291358470917,0.30866381525993347,0.016696378588676453,1.756089448928833,1.7577491998672485,6.665937900543213,0.16520099341869354,3.216878667741327e-14,0.6981651782989502,0.10695522278547287,0.03840366005897522,3.216878667741327e-14,0.6981651782989502,0.10695522278547287,0.03840366005897522,0.0,0.023472274541854864,0.0,0.0,0.0,0.0001,False,,,,,,,,,,,,,,
502,2.398739814758301,-5.912248134613037,0.3060090243816376,0.304355263710022,0.017111925408244133,1.7706421613693237,1.7718852758407593,6.629997253417969,0.15436148643493652,1.755645596349803e-13,0.6975407004356384,0.1061539575457573,0.03762698546051979,1.755645596349803e-13,0.6975407004356384,0.1061539575457573,0.03762698546051979,0.0,0.023472274541854864,0.0,0.0,0.0,0.0001,False,,,,,,,,,,,,,,
503,2.3839592933654785,-5.925881862640381,0.3004118502140045,0.29954224824905396,0.016817424446344376,1.7672936916351318,1.767081618309021,6.643871784210205,0.15583500266075134,1.5532650307018697e-13,0.6977047920227051,0.10656896978616714,0.038382161408662796,1.5532650307018697e-13,0.6977047920227051,0.10656896978616714,0.038382161408662796,0.0,0.023472274541854864,0.0,0.0,0.0,0.0001,False,,,,,,,,,,,,,,
504,2.41890549659729,-5.992798805236816,0.31386932730674744,0.31384792923927307,0.01725262589752674,1.7748799324035645,1.7729910612106323,6.710714340209961,0.15179817378520966,2.5321916550478116e-15,0.6976776123046875,0.10664620250463486,0.03792288899421692,2.5321916550478116e-15,0.6976776123046875,0.10664620250463486,0.03792288899421692,0.0,0.023472274541854864,0.0,0.0,0.0,0.0001,False,,,,,,,,,,,,,,
505,2.4152700901031494,-6.0058393478393555,0.3162696361541748,0.31662073731422424,0.01701635867357254,1.7665534019470215,1.7641736268997192,6.723968982696533,0.15543310344219208,1.6106817688952245e-14,0.697849452495575,0.10578889399766922,0.038286320865154266,1.6106817688952245e-14,0.697849452495575,0.10578889399766922,0.038286320865154266,0.0,0.023472274541854864,0.0,0.0,0.0,0.0001,False,,,,,,,,,,,,,,
506,2.402839183807373,-5.9879679679870605,0.31076642870903015,0.311051607131958,0.0174624715000391,1.764686942100525,1.7624303102493286,6.705988883972168,0.1532449722290039,2.4375115827531468e-15,0.6977497339248657,0.1062789037823677,0.0382467545568943,2.4375115827531468e-15,0.6977497339248657,0.1062789037823677,0.0382467545568943,0.0,0.023472274541854864,0.0,0.0,0.0,0.0001,False,,,,,,,,,,,,,,
507,2.4021739959716797,-5.997454643249512,0.31131139397621155,0.3117912709712982,0.017072539776563644,1.7633121013641357,1.7606852054595947,6.715472221374512,0.15659061074256897,2.1605600067278047e-13,0.6978269219398499,0.10657693445682526,0.03741071745753288,2.1605600067278047e-13,0.6978269219398499,0.10657693445682526,0.03741071745753288,0.0,0.023472274541854864,0.0,0.0,0.0,0.0001,False,,,,,,,,,,,,,,
508,2.403289318084717,-5.995865821838379,0.3096133768558502,0.3097427785396576,0.017336441203951836,1.7676441669464111,1.7655495405197144,6.7140607833862305,0.15673872828483582,3.8295218775588613e-13,0.6979919672012329,0.10617028921842575,0.03750056028366089,3.8295218775588613e-13,0.6979919672012329,0.10617028921842575,0.03750056028366089,0.0,0.023472274541854864,0.0,0.0,0.0,0.0001,False,,,,,,,,,,,,,,
509,2.407315731048584,-6.05008602142334,0.31523701548576355,0.31367287039756775,0.01728454791009426,1.7605446577072144,1.7616978883743286,6.768060684204102,0.1594453752040863,3.189228759485868e-15,0.6977395415306091,0.10615228861570358,0.03785843402147293,3.189228759485868e-15,0.6977395415306091,0.10615228861570358,0.03785843402147293,0.0,0.023472274541854864,0.0,0.0,0.0,0.0001,False,,,,,,,,,,,,,,
510,2.4052681922912598,-6.022496223449707,0.3145410120487213,0.31345170736312866,0.01702762022614479,1.7597451210021973,1.760750651359558,6.740317344665527,0.15178409218788147,1.7185478571896812e-14,0.6976919770240784,0.10620469599962234,0.03682432696223259,9.200965469110172e-15,0.6971069574356079,0.1061895340681076,0.028953226283192635,0.0,0.023919381499290474,0.0,0.0,0.0,0.0001,False,0.7821700572967529,0.7821700572967529,0.21782994270324707,9.01986026763916,0.0,0.8984720706939697,4.028486251831055,-0.0,1.5105373859405518,0.7822625041007996,9.125505303490641e-15,0.7822625041007996,0.018497416749596596,2.2912697792053223
511,2.4202840328216553,-6.063155174255371,0.31953972578048706,0.3188660740852356,0.017068058252334595,1.765316367149353,1.7643040418624878,6.780912399291992,0.15210987627506256,4.0209074134503475e-13,0.6972965598106384,0.1064792051911354,0.037094783037900925,4.0209074134503475e-13,0.6972965598106384,0.1064792051911354,0.037094783037900925,0.0,0.023919381499290474,0.0,0.0,0.0,0.0001,False,,,,,,,,,,,,,,
512,2.409534215927124,-6.048750400543213,0.3165469765663147,0.31547585129737854,0.01726808212697506,1.7605302333831787,1.7599563598632812,6.766891002655029,0.14922671020030975,3.834718475512243e-15,0.697611927986145,0.10615954548120499,0.03774017468094826,3.834718475512243e-15,0.697611927986145,0.10615954548120499,0.03774017468094826,0.0,0.023919381499290474,0.0,0.0,0.0,0.0001,False,,,,,,,,,,,,,,
513,2.405704975128174,-6.046494483947754,0.3116346001625061,0.311033695936203,0.016946634277701378,1.766456961631775,1.765723466873169,6.7645649909973145,0.14761102199554443,4.625712248136626e-13,0.6976600289344788,0.10620549321174622,0.036585256457328796,4.625712248136626e-13,0.6976600289344788,0.10620549321174622,0.036585256457328796,0.0,0.023919381499290474,0.0,0.0,0.0,0.0001,False,,,,,,,,,,,,,,
514,2.3900578022003174,-6.030228137969971,0.3068370819091797,0.30657967925071716,0.01644258387386799,1.7609150409698486,1.7594819068908691,6.748244285583496,0.1452396959066391,1.2327802217633813e-14,0.6976240277290344,0.10592824965715408,0.03632960841059685,1.2327802217633813e-14,0.6976240277290344,0.10592824965715408,0.03632960841059685,0.0,0.023919381499290474,0.0,0.0,0.0,0.0001,False,,,,,,,,,,,,,,
515,2.383960008621216,-6.052987098693848,0.3015279173851013,0.30275464057922363,0.016394855454564095,1.7650460004806519,1.7615190744400024,6.770761489868164,0.14570148289203644,1.5876866878497542e-13,0.6972640752792358,0.10621136426925659,0.0376105010509491,1.5876866878497542e-13,0.6972640752792358,0.10621136426925659,0.0376105010509491,0.0,0.023919381499290474,0.0,0.0,0.0,0.0001,False,,,,,,,,,,,,,,
516,2.412564277648926,-6.122491359710693,0.3138987720012665,0.3145139217376709,0.01719285175204277,1.768366813659668,1.7655507326126099,6.840611457824707,0.14904175698757172,1.0200819139036255e-12,0.6977389454841614,0.10627119988203049,0.03620084747672081,1.0200819139036255e-12,0.6977389454841614,0.10627119988203049,0.03620084747672081,0.0,0.023919381499290474,0.0,0.0,0.0,0.0001,False,,,,,,,,,,,,,,
517,2.4089372158050537,-6.119962215423584,0.318155437707901,0.31762221455574036,0.017000075429677963,1.7562403678894043,1.7560786008834839,6.838342666625977,0.15156184136867523,7.720283153002036e-14,0.6979531645774841,0.10634790360927582,0.036648545414209366,7.720283153002036e-14,0.6979531645774841,0.10634790360927582,0.036648545414209366,0.0,0.023919381499290474,0.0,0.0,0.0,0.0001,False,,,,,,,,,,,,,,
518,2.4054737091064453,-6.113992214202881,0.3185977637767792,0.3170999586582184,0.016770288348197937,1.7521723508834839,1.7538390159606934,6.832162857055664,0.14807476103305817,2.0120242752159727e-14,0.6977331042289734,0.10621913522481918,0.0367874801158905,2.0120242752159727e-14,0.6977331042289734,0.10621913522481918,0.0367874801158905,0.0,0.023919381499290474,0.0,0.0,0.0,0.0001,False,,,,,,,,,,,,,,
519,2.3989837169647217,-6.119946479797363,0.3084828555583954,0.30771735310554504,0.016994742676615715,1.7660651206970215,1.765512466430664,6.837819576263428,0.14907661080360413,1.0824009569231682e-15,0.6974143385887146,0.10540894418954849,0.037086136639118195,1.0824009569231682e-15,0.6974143385887146,0.10540894418954849,0.037086136639118195,0.0,0.023919381499290474,0.0,0.0,0.0,0.0001,False,,,,,,,,,,,,,,
520,2.406029224395752,-6.105448246002197,0.31474387645721436,0.31444135308265686,0.017429860308766365,1.7599738836288452,1.7588542699813843,6.8235883712768555,0.1487184464931488,1.2786618789337786e-14,0.6978222727775574,0.10621140897274017,0.03559376299381256,1.643068034865179e-14,0.6968919634819031,0.10588393360376358,0.028615549206733704,0.0,0.024366273462772377,0.0,0.0,0.0,0.0001,False,0.781209409236908,0.781209409236908,0.21879059076309204,9.245518684387207,0.0,0.8976072072982788,4.034870147705078,-0.0,1.506516456604004,0.7822878956794739,1.6295986085421857e-14,0.7822878956794739,0.019122982397675514,2.293701648712158
521,2.4056849479675293,-6.088187217712402,0.3132181763648987,0.31240296363830566,0.01681603118777275,1.763548731803894,1.7629467248916626,6.806879997253418,0.14671500027179718,4.3529163449230383e-16,0.697907030582428,0.10588698089122772,0.03710692748427391,4.3529163449230383e-16,0.697907030582428,0.10588698089122772,0.03710692748427391,0.0,0.024366273462772377,0.0,0.0,0.0,0.0001,False,,,,,,,,,,,,,,
522,2.40999698638916,-6.140768051147461,0.3120874762535095,0.3116741478443146,0.017010202631354332,1.7694830894470215,1.7689670324325562,6.858658790588379,0.15098164975643158,4.396162660248379e-14,0.6970032453536987,0.1054893434047699,0.03834819421172142,4.396162660248379e-14,0.6970032453536987,0.1054893434047699,0.03834819421172142,0.0,0.024366273462772377,0.0,0.0,0.0,0.0001,False,,,,,,,,,,,,,,
523,2.403813123703003,-6.14653205871582,0.3092711865901947,0.30818456411361694,0.016627563163638115,1.7693582773208618,1.7701013088226318,6.864911079406738,0.15076634287834167,1.5099090733142542e-14,0.6976010203361511,0.10615678131580353,0.03711254522204399,1.5099090733142542e-14,0.6976010203361511,0.10615678131580353,0.03711254522204399,0.0,0.024366273462772377,0.0,0.0,0.0,0.0001,False,,,,,,,,,,,,,,
524,2.4005367755889893,-6.172147750854492,0.3081556558609009,0.3076067268848419,0.017044633626937866,1.767748236656189,1.7677114009857178,6.890390872955322,0.1456582397222519,1.3094546605883772e-13,0.6975514888763428,0.10575444251298904,0.03624191880226135,1.3094546605883772e-13,0.6975514888763428,0.10575444251298904,0.03624191880226135,0.0,0.024366273462772377,0.0,0.0,0.0,0.0001,False,,,,,,,,,,,,,,
525,2.4166009426116943,-6.184976577758789,0.3170956075191498,0.3164403438568115,0.016844626516103745,1.766413927078247,1.7660266160964966,6.903601169586182,0.14066703617572784,3.539020747463095e-13,0.6979309320449829,0.10525183379650116,0.03618036210536957,3.539020747463095e-13,0.6979309320449829,0.10525183379650116,0.03618036210536957,0.0,0.024366273462772377,0.0,0.0,0.0,0.0001,False,,,,,,,,,,,,,,
526,2.4026412963867188,-6.167612075805664,0.3145521581172943,0.31470441818237305,0.016825582832098007,1.7575196027755737,1.7555984258651733,6.885705947875977,0.1421881765127182,1.17503663049634e-14,0.6974144577980042,0.10563627630472183,0.03617113456130028,1.17503663049634e-14,0.6974144577980042,0.10563627630472183,0.03617113456130028,0.0,0.024366273462772377,0.0,0.0,0.0,0.0001,False,,,,,,,,,,,,,,
527,2.411731243133545,-6.177368640899658,0.31633609533309937,0.3169134557247162,0.017170341685414314,1.7627136707305908,1.75990891456604,6.895656108856201,0.14732272922992706,3.376100533034401e-14,0.6975312232971191,0.10620971769094467,0.036940816789865494,3.376100533034401e-14,0.6975312232971191,0.10620971769094467,0.036940816789865494,0.0,0.024366273462772377,0.0,0.0,0.0,0.0001,False,,,,,,,,,,,,,,
528,2.4074018001556396,-6.17805290222168,0.3110024034976959,0.311454713344574,0.017206020653247833,1.768739104270935,1.766737937927246,6.8960700035095215,0.15074509382247925,7.902927850978944e-14,0.697259783744812,0.10595547407865524,0.03698182478547096,7.902927850978944e-14,0.697259783744812,0.10595547407865524,0.03698182478547096,0.0,0.024366273462772377,0.0,0.0,0.0,0.0001,False,,,,,,,,,,,,,,
529,2.411607503890991,-6.218371868133545,0.31332555413246155,0.31212493777275085,0.017289478331804276,1.768568992614746,1.7691662311553955,6.936527252197266,0.14938266575336456,4.370223800898021e-14,0.6974029541015625,0.10566907376050949,0.036895740777254105,4.370223800898021e-14,0.6974029541015625,0.10566907376050949,0.036895740777254105,0.0,0.024366273462772377,0.0,0.0,0.0,0.0001,False,,,,,,,,,,,,,,
530,2.4049224853515625,-6.200531482696533,0.3116871118545532,0.31045255064964294,0.016357779502868652,1.766135573387146,1.7667146921157837,6.918439865112305,0.14581654965877533,1.1875938092360903e-14,0.6971749067306519,0.10601358860731125,0.036771491169929504,2.4408405183593943e-14,0.6964453458786011,0.10573671013116837,0.029350711032748222,0.0,0.024812718808650977,0.0,0.0,0.0,0.0001,False,0.7816019654273987,0.7816019654273987,0.21839803457260132,9.180954933166504,0.0,0.8944358825683594,4.038009166717529,-0.0,1.53654146194458,0.7823852896690369,2.420849698608737e-14,0.7823852896690369,0.017983010038733482,2.310073137283325
531,2.398876190185547,-6.239821434020996,0.3094528615474701,0.30899176001548767,0.01685897447168827,1.7640730142593384,1.7630723714828491,6.958296775817871,0.14307339489459991,3.339606287908539e-14,0.6973798274993896,0.10582838207483292,0.03724467754364014,3.339606287908539e-14,0.6973798274993896,0.10582838207483292,0.03724467754364014,0.0,0.024812718808650977,0.0,0.0,0.0,0.0001,False,,,,,,,,,,,,,,
532,2.4059765338897705,-6.253629207611084,0.3143632709980011,0.31415244936943054,0.016542013734579086,1.7615628242492676,1.7602750062942505,6.971545696258545,0.13419435918331146,3.1326029128960235e-15,0.6969351768493652,0.10589109361171722,0.03616400435566902,3.1326029128960235e-15,0.6969351768493652,0.10589109361171722,0.03616400435566902,0.0,0.024812718808650977,0.0,0.0,0.0,0.0001,False,,,,,,,,,,,,,,
533,2.398874521255493,-6.2960524559021,0.3116829991340637,0.31149938702583313,0.016682589426636696,1.759844183921814,1.7581747770309448,7.014228343963623,0.13812963664531708,1.2132889094448873e-12,0.6971467137336731,0.1057610735297203,0.036643147468566895,1.2132889094448873e-12,0.6971467137336731,0.1057610735297203,0.036643147468566895,0.0,0.024812718808650977,0.0,0.0,0.0,0.0001,False,,,,,,,,,,,,,,
534,2.4069392681121826,-6.286954879760742,0.31644776463508606,0.31598296761512756,0.016700979322195053,1.7584233283996582,1.75719153881073,7.005433559417725,0.13725145161151886,7.502668869204324e-15,0.6975571513175964,0.10555293411016464,0.035456761717796326,7.502668869204324e-15,0.6975571513175964,0.10555293411016464,0.035456761717796326,0.0,0.024812718808650977,0.0,0.0,0.0,0.0001,False,,,,,,,,,,,,,,
535,2.419240951538086,-6.242885112762451,0.32191047072410583,0.32163020968437195,0.016795232892036438,1.7596617937088013,1.7581486701965332,6.961385250091553,0.13902245461940765,1.112204512515591e-12,0.6974748969078064,0.10618001967668533,0.036495257169008255,1.112204512515591e-12,0.6974748969078064,0.10618001967668533,0.036495257169008255,0.0,0.024812718808650977,0.0,0.0,0.0,0.0001,False,,,,,,,,,,,,,,
536,2.407144546508789,-6.252235412597656,0.3123711347579956,0.31191232800483704,0.01651843637228012,1.7669063806533813,1.76577889919281,6.970341682434082,0.1413150280714035,1.1106592804743104e-13,0.6970443725585938,0.1062047928571701,0.036993544548749924,1.1106592804743104e-13,0.6970443725585938,0.1062047928571701,0.036993544548749924,0.0,0.024812718808650977,0.0,0.0,0.0,0.0001,False,,,,,,,,,,,,,,
537,2.4186933040618896,-6.280557632446289,0.3180871903896332,0.31783178448677063,0.01736052706837654,1.7660330533981323,1.7647947072982788,6.998896598815918,0.14327983558177948,7.256584791609857e-14,0.6972196698188782,0.10597831755876541,0.03750726953148842,7.256584791609857e-14,0.6972196698188782,0.10597831755876541,0.03750726953148842,0.0,0.024812718808650977,0.0,0.0,0.0,0.0001,False,,,,,,,,,,,,,,
538,2.399003028869629,-6.280457496643066,0.31311607360839844,0.312012642621994,0.01634322479367256,1.7574800252914429,1.757582426071167,6.998727321624756,0.14261291921138763,6.035586628736194e-15,0.6972805261611938,0.10608357191085815,0.03619005158543587,6.035586628736194e-15,0.6972805261611938,0.10608357191085815,0.03619005158543587,0.0,0.024812718808650977,0.0,0.0,0.0,0.0001,False,,,,,,,,,,,,,,
539,2.4106132984161377,-6.2823567390441895,0.317664235830307,0.31685107946395874,0.01641346514225006,1.759922742843628,1.759446382522583,6.9999098777771,0.13827477395534515,1.6840549815115916e-14,0.6965851187705994,0.1052335575222969,0.03614078834652901,1.6840549815115916e-14,0.6965851187705994,0.1052335575222969,0.03614078834652901,0.0,0.024812718808650977,0.0,0.0,0.0,0.0001,False,,,,,,,,,,,,,,
540,2.4124703407287598,-6.331251621246338,0.31497856974601746,0.31430450081825256,0.016883736476302147,1.7662557363510132,1.7663512229919434,7.0488457679748535,0.13910020887851715,9.538681286893128e-14,0.6965933442115784,0.10587020963430405,0.03643599897623062,2.488969833393802e-14,0.6962404847145081,0.105682872235775,0.028079964220523834,0.0,0.025258959293365486,0.0,0.0,0.0,0.0001,False,0.7837830185890198,0.7837830185890198,0.21621698141098022,8.867044448852539,0.0,0.9053910970687866,4.018128395080566,-0.0,1.5087306499481201,0.782622218132019,2.4686037114501653e-14,0.782622218132019,0.01763020269572735,2.325802803039551
541,2.4101123809814453,-6.28846549987793,0.3141944110393524,0.31366240978240967,0.016715489327907562,1.7659109830856323,1.7651690244674683,7.006802082061768,0.13485242426395416,1.2531229038378194e-13,0.6970089077949524,0.10550111532211304,0.036502040922641754,1.2531229038378194e-13,0.6970089077949524,0.10550111532211304,0.036502040922641754,0.0,0.025258959293365486,0.0,0.0,0.0,0.0001,False,,,,,,,,,,,,,,
542,2.415844202041626,-6.33768367767334,0.3149300515651703,0.314708411693573,0.016360454261302948,1.7703304290771484,1.769360065460205,7.055867671966553,0.13836032152175903,8.004762217656003e-13,0.6969764828681946,0.10557204484939575,0.035329680889844894,8.004762217656003e-13,0.6969764828681946,0.10557204484939575,0.035329680889844894,0.0,0.025258959293365486,0.0,0.0,0.0,0.0001,False,,,,,,,,,,,,,,
543,2.409281015396118,-6.349035739898682,0.31350839138031006,0.3129975497722626,0.016347821801900864,1.767013430595398,1.765841007232666,7.067629337310791,0.13755789399147034,2.547637665065161e-13,0.6973502039909363,0.10592253506183624,0.035598643124103546,2.547637665065161e-13,0.6973502039909363,0.10592253506183624,0.035598643124103546,0.0,0.025258959293365486,0.0,0.0,0.0,0.0001,False,,,,,,,,,,,,,,
544,2.4181880950927734,-6.348762035369873,0.31811416149139404,0.31720879673957825,0.017036234959959984,1.7655847072601318,1.7660729885101318,7.0666632652282715,0.1381862908601761,1.3084618458170105e-11,0.6966370344161987,0.1053759977221489,0.03598145768046379,1.3084618458170105e-11,0.6966370344161987,0.1053759977221489,0.03598145768046379,0.0,0.025258959293365486,0.0,0.0,0.0,0.0001,False,,,,,,,,,,,,,,
545,2.4087610244750977,-6.3717217445373535,0.31462493538856506,0.3134644031524658,0.016563521698117256,1.7639620304107666,1.7642542123794556,7.090078353881836,0.13885128498077393,2.3850794386368057e-13,0.6971121430397034,0.10582166165113449,0.035696763545274734,2.3850794386368057e-13,0.6971121430397034,0.10582166165113449,0.035696763545274734,0.0,0.025258959293365486,0.0,0.0,0.0,0.0001,False,,,,,,,,,,,,,,
546,2.429110050201416,-6.369546890258789,0.3298758268356323,0.32922837138175964,0.016508642584085464,1.753725528717041,1.7532687187194824,7.087486743927002,0.13674254715442657,2.161180305895738e-12,0.6966679692268372,0.10561596602201462,0.03601039573550224,2.161180305895738e-12,0.6966679692268372,0.10561596602201462,0.03601039573550224,0.0,0.025258959293365486,0.0,0.0,0.0,0.0001,False,,,,,,,,,,,,,,
547,2.416257858276367,-6.36285400390625,0.3198075294494629,0.3193136751651764,0.016367418691515923,1.7612559795379639,1.7602825164794922,7.08101749420166,0.13184162974357605,1.8375353864376331e-13,0.6969170570373535,0.10529839247465134,0.035729024559259415,1.8375353864376331e-13,0.6969170570373535,0.10529839247465134,0.035729024559259415,0.0,0.025258959293365486,0.0,0.0,0.0,0.0001,False,,,,,,,,,,,,,,
548,2.4113311767578125,-6.35513973236084,0.31937456130981445,0.3198692500591278,0.016471294686198235,1.756848692893982,1.7543835639953613,7.072952747344971,0.13007999956607819,4.588260584729824e-15,0.6967111825942993,0.10608990490436554,0.03431281819939613,4.588260584729824e-15,0.6967111825942993,0.10608990490436554,0.03431281819939613,0.0,0.025258959293365486,0.0,0.0,0.0,0.0001,False,,,,,,,,,,,,,,
549,2.414395332336426,-6.389150619506836,0.3167247474193573,0.3173232674598694,0.01642138697206974,1.7652320861816406,1.7626198530197144,7.106911659240723,0.13123852014541626,3.0638076168980344e-14,0.6966614723205566,0.10549697279930115,0.03427974879741669,3.0638076168980344e-14,0.6966614723205566,0.10549697279930115,0.03427974879741669,0.0,0.025258959293365486,0.0,0.0,0.0,0.0001,False,,,,,,,,,,,,,,
550,2.4125707149505615,-6.475307464599609,0.3127351701259613,0.3119675815105438,0.01634659245610237,1.7716232538223267,1.7714195251464844,7.193045616149902,0.13587918877601624,2.0881737907828962e-13,0.6965592503547668,0.10575297474861145,0.03514516353607178,2.185761993626167e-14,0.6961318254470825,0.10576365888118744,0.02739192359149456,0.0,0.025705091118812567,0.0,0.0,0.0,0.0001,False,0.7831019759178162,0.7831019759178162,0.21689802408218384,9.229466438293457,0.0,0.8970786333084106,4.032944202423096,-0.0,1.460798978805542,0.7826868891716003,2.16787703664224e-14,0.7826868891716003,0.017291804775595665,2.3478167057037354
551,2.4220621585845947,-6.427333354949951,0.321193665266037,0.3201906979084015,0.016432838514447212,1.764068365097046,1.764421820640564,7.14541482925415,0.13162267208099365,3.150017681592676e-13,0.6966678500175476,0.10567975044250488,0.03429849445819855,3.150017681592676e-13,0.6966678500175476,0.10567975044250488,0.03429849445819855,0.0,0.025705091118812567,0.0,0.0,0.0,0.0001,False,,,,,,,,,,,,,,
552,2.408405303955078,-6.408335208892822,0.31246209144592285,0.3122707009315491,0.016338782384991646,1.7678842544555664,1.7667832374572754,7.126790523529053,0.12240651249885559,3.537499882865641e-13,0.6970782279968262,0.10557863861322403,0.03387971594929695,3.537499882865641e-13,0.6970782279968262,0.10557863861322403,0.03387971594929695,0.0,0.025705091118812567,0.0,0.0,0.0,0.0001,False,,,,,,,,,,,,,,
553,2.4120960235595703,-6.440324306488037,0.3186485767364502,0.31963208317756653,0.016303569078445435,1.7587720155715942,1.7562518119812012,7.158560276031494,0.12742310762405396,5.559056904039239e-13,0.6968573927879333,0.10606379806995392,0.033929381519556046,5.559056904039239e-13,0.6968573927879333,0.10606379806995392,0.033929381519556046,0.0,0.025705091118812567,0.0,0.0,0.0,0.0001,False,,,,,,,,,,,,,,
554,2.415703773498535,-6.512050151824951,0.31758666038513184,0.31736132502555847,0.01715790666639805,1.7643786668777466,1.7628167867660522,7.230597496032715,0.12739448249340057,5.2033213621040936e-14,0.6971458196640015,0.10650810599327087,0.03409617766737938,5.2033213621040936e-14,0.6971458196640015,0.10650810599327087,0.03409617766737938,0.0,0.025705091118812567,0.0,0.0,0.0,0.0001,False,,,,,,,,,,,,,,
555,2.408104419708252,-6.538406848907471,0.3192327916622162,0.31849488615989685,0.016860106959939003,1.753391146659851,1.753641963005066,7.256171703338623,0.1306113451719284,2.1459488239129396e-14,0.6963850855827332,0.10582888126373291,0.034022461622953415,2.1459488239129396e-14,0.6963850855827332,0.10582888126373291,0.034022461622953415,0.0,0.025705091118812567,0.0,0.0,0.0,0.0001,False,,,,,,,,,,,,,,
556,2.4067583084106445,-6.43481969833374,0.3174230754375458,0.3166171610355377,0.016257252544164658,1.7563060522079468,1.7566156387329102,7.152731418609619,0.12657195329666138,1.8115873113688091e-13,0.6964651346206665,0.10606629401445389,0.034689467400312424,1.8115873113688091e-13,0.6964651346206665,0.10606629401445389,0.034689467400312424,0.0,0.025705091118812567,0.0,0.0,0.0,0.0001,False,,,,,,,,,,,,,,
557,2.4017558097839355,-6.417501926422119,0.3113797903060913,0.31099265813827515,0.016260424628853798,1.763579249382019,1.762666940689087,7.13535213470459,0.12534871697425842,2.981369762612013e-13,0.6965043544769287,0.10590072721242905,0.033669956028461456,2.981369762612013e-13,0.6965043544769287,0.10590072721242905,0.033669956028461456,0.0,0.025705091118812567,0.0,0.0,0.0,0.0001,False,,,,,,,,,,,,,,
558,2.415938138961792,-6.444345474243164,0.31657880544662476,0.3169553577899933,0.01631852425634861,1.7671794891357422,1.7649914026260376,7.162349224090576,0.13357321918010712,2.565747907103816e-13,0.6965879201889038,0.1059427484869957,0.03438325971364975,2.565747907103816e-13,0.6965879201889038,0.1059427484869957,0.03438325971364975,0.0,0.025705091118812567,0.0,0.0,0.0,0.0001,False,,,,,,,,,,,,,,
559,2.411113739013672,-6.509564399719238,0.31258511543273926,0.3120518624782562,0.016447577625513077,1.7700976133346558,1.769960641860962,7.228055953979492,0.13789305090904236,2.3808578264276903e-13,0.6969236731529236,0.10577219724655151,0.03581269085407257,2.3808578264276903e-13,0.6969236731529236,0.10577219724655151,0.03581269085407257,0.0,0.025705091118812567,0.0,0.0,0.0,0.0001,False,,,,,,,,,,,,,,
560,2.427903890609741,-6.519513130187988,0.32064491510391235,0.3191448748111725,0.01658848486840725,1.7706656455993652,1.7723854780197144,7.237516403198242,0.13171091675758362,1.9048176867742482e-14,0.696526288986206,0.10587551444768906,0.0349988117814064,1.8724847516531933e-14,0.6960563659667969,0.10566834360361099,0.026976706460118294,0.0,0.026151147484779362,0.0,0.0,0.0,0.0001,False,0.7836999297142029,0.7836999297142029,0.21630007028579712,9.106081008911133,0.0,0.9068326354026794,4.007636070251465,-0.0,1.4534687995910645,0.7827637195587158,1.8571629428523797e-14,0.782763659954071,0.01624089851975441,2.3702332973480225
561,2.401118516921997,-6.496051788330078,0.3086584508419037,0.3073243796825409,0.015991922467947006,1.7690136432647705,1.7692738771438599,7.214523792266846,0.12273210287094116,1.0588860517579679e-13,0.6967421770095825,0.10543247312307358,0.03437929227948189,1.0588860517579679e-13,0.6967421770095825,0.10543247312307358,0.03437929227948189,0.0,0.026151147484779362,0.0,0.0,0.0,0.0001,False,,,,,,,,,,,,,,
562,2.4055964946746826,-6.46768045425415,0.3170580565929413,0.31704795360565186,0.016148468479514122,1.7560502290725708,1.754633903503418,7.1856303215026855,0.11969831585884094,1.0604401878095901e-13,0.696445107460022,0.10549179464578629,0.03218170255422592,1.0604401878095901e-13,0.696445107460022,0.10549179464578629,0.03218170255422592,0.0,0.026151147484779362,0.0,0.0,0.0,0.0001,False,,,,,,,,,,,,,,
563,2.4200363159179688,-6.532909870147705,0.324820876121521,0.3252652585506439,0.016269350424408913,1.754881739616394,1.7524802684783936,7.251674175262451,0.12086620926856995,8.766544517494358e-15,0.697126567363739,0.10567118227481842,0.033363740891218185,8.766544517494358e-15,0.697126567363739,0.10567118227481842,0.033363740891218185,0.0,0.026151147484779362,0.0,0.0,0.0,0.0001,False,,,,,,,,,,,,,,
564,2.4140872955322266,-6.588523864746094,0.31974348425865173,0.31876176595687866,0.01646219752728939,1.7591073513031006,1.7591323852539062,7.306708812713623,0.12819236516952515,3.0076727106044185e-14,0.6964648962020874,0.10550220310688019,0.03433183208107948,3.0076727106044185e-14,0.6964648962020874,0.10550220310688019,0.03433183208107948,0.0,0.026151147484779362,0.0,0.0,0.0,0.0001,False,,,,,,,,,,,,,,
565,2.4166829586029053,-6.568258285522461,0.32361894845962524,0.3218011260032654,0.01705276593565941,1.7532404661178589,1.755179762840271,7.2877678871154785,0.1260862499475479,3.6557354365918115e-11,0.6977643966674805,0.10606033354997635,0.0342569500207901,3.6557354365918115e-11,0.6977643966674805,0.10606033354997635,0.0342569500207901,0.0,0.026151147484779362,0.0,0.0,0.0,0.0001,False,,,,,,,,,,,,,,
566,2.4222071170806885,-6.516765117645264,0.3209003508090973,0.31975090503692627,0.016372941434383392,1.7646632194519043,1.765702724456787,7.235299587249756,0.1290673017501831,7.914604030750255e-14,0.696702241897583,0.105589859187603,0.03539158031344414,7.914604030750255e-14,0.696702241897583,0.105589859187603,0.03539158031344414,0.0,0.026151147484779362,0.0,0.0,0.0,0.0001,False,,,,,,,,,,,,,,
567,2.406658172607422,-6.520848751068115,0.31025588512420654,0.310013085603714,0.016216717660427094,1.7709858417510986,1.7693593502044678,7.239283561706543,0.12796248495578766,2.2039558763078948e-13,0.6967304348945618,0.10547254234552383,0.03414980322122574,2.2039558763078948e-13,0.6967304348945618,0.10547254234552383,0.03414980322122574,0.0,0.026151147484779362,0.0,0.0,0.0,0.0001,False,,,,,,,,,,,,,,
568,2.4142701625823975,-6.583892822265625,0.3128163814544678,0.3130062520503998,0.016914891079068184,1.772597312927246,1.7704678773880005,7.302183151245117,0.13053376972675323,1.4230036962138704e-13,0.6965126395225525,0.10547111183404922,0.03486873582005501,1.4230036962138704e-13,0.6965126395225525,0.10547111183404922,0.03486873582005501,0.0,0.026151147484779362,0.0,0.0,0.0,0.0001,False,,,,,,,,,,,,,,
569,2.4077043533325195,-6.637252330780029,0.3128601312637329,0.3122503459453583,0.016200318932533264,1.7669909000396729,1.7657963037490845,7.355842113494873,0.1278732717037201,3.777765589501464e-13,0.6968874335289001,0.10570331662893295,0.03405078500509262,3.777765589501464e-13,0.6968874335289001,0.10570331662893295,0.03405078500509262,0.0,0.026151147484779362,0.0,0.0,0.0,0.0001,False,,,,,,,,,,,,,,
570,2.4186439514160156,-6.606480598449707,0.3231596052646637,0.3219567835330963,0.016243936493992805,1.757331371307373,1.7572360038757324,7.324270248413086,0.12315329909324646,2.8794745281473643e-15,0.6962360143661499,0.10532868653535843,0.0327022410929203,1.9135464808960523e-14,0.6959827542304993,0.10542666912078857,0.02623138763010502,0.0,0.02659713023900986,0.0,0.0,0.0,0.0001,False,0.7823666930198669,0.7823666930198669,0.21763330698013306,9.013919830322266,0.0,0.8969824910163879,4.0362701416015625,-0.0,1.475166916847229,0.782899022102356,1.8978893415877566e-14,0.782899022102356,0.015442609786987305,2.379331111907959
571,2.4106369018554688,-6.608776092529297,0.31791988015174866,0.317637175321579,0.016633767634630203,1.7591001987457275,1.7577919960021973,7.327605724334717,0.11838977783918381,9.45633328586215e-13,0.6969040036201477,0.10548081248998642,0.033195093274116516,9.45633328586215e-13,0.6969040036201477,0.10548081248998642,0.033195093274116516,0.0,0.02659713023900986,0.0,0.0,0.0,0.0001,False,,,,,,,,,,,,,,
572,2.4057929515838623,-6.584557056427002,0.31650763750076294,0.31702950596809387,0.016375496983528137,1.7571752071380615,1.7545853853225708,7.303216457366943,0.11743717640638351,1.630374031310125e-13,0.6966930627822876,0.10572174936532974,0.03364201635122299,1.630374031310125e-13,0.6966930627822876,0.10572174936532974,0.03364201635122299,0.0,0.02659713023900986,0.0,0.0,0.0,0.0001,False,,,,,,,,,,,,,,
573,2.4083244800567627,-6.6127448081970215,0.31654229760169983,0.31645748019218445,0.01631971076130867,1.7598545551300049,1.758155345916748,7.331340312957764,0.11853574961423874,8.30304317596571e-14,0.6965590715408325,0.1057058796286583,0.034370824694633484,8.30304317596571e-14,0.6965590715408325,0.1057058796286583,0.034370824694633484,0.0,0.02659713023900986,0.0,0.0,0.0,0.0001,False,,,,,,,,,,,,,,
574,2.4150876998901367,-6.642153739929199,0.31663480401039124,0.3155658543109894,0.016562961041927338,1.7663257122039795,1.7663226127624512,7.36094856262207,0.11967729777097702,1.3131696623917399e-14,0.6968199610710144,0.1050916239619255,0.03368551284074783,1.3131696623917399e-14,0.6968199610710144,0.1050916239619255,0.03368551284074783,0.0,0.02659713023900986,0.0,0.0,0.0,0.0001,False,,,,,,,,,,,,,,
575,2.4095754623413086,-6.637317180633545,0.31154489517211914,0.3104369640350342,0.016199316829442978,1.7710816860198975,1.7717068195343018,7.355775356292725,0.12708361446857452,1.3046401676678311e-15,0.6964337825775146,0.10556486994028091,0.03424428403377533,1.3046401676678311e-15,0.6964337825775146,0.10556486994028091,0.03424428403377533,0.0,0.02659713023900986,0.0,0.0,0.0,0.0001,False,,,,,,,,,,,,,,
576,2.406445026397705,-6.638051986694336,0.31220388412475586,0.3115973174571991,0.015934348106384277,1.7670365571975708,1.7663819789886475,7.356622219085693,0.12346644699573517,9.25231113648112e-15,0.6965288519859314,0.10546717047691345,0.03441200032830238,9.25231113648112e-15,0.6965288519859314,0.10546717047691345,0.03441200032830238,0.0,0.02659713023900986,0.0,0.0,0.0,0.0001,False,,,,,,,,,,,,,,
577,2.411581516265869,-6.625490188598633,0.3140944242477417,0.31378644704818726,0.016081098467111588,1.7681219577789307,1.7671170234680176,7.34416389465332,0.12293153256177902,1.257476517661435e-13,0.6966568827629089,0.10594289004802704,0.0341506265103817,1.257476517661435e-13,0.6966568827629089,0.10594289004802704,0.0341506265103817,0.0,0.02659713023900986,0.0,0.0,0.0,0.0001,False,,,,,,,,,,,,,,
578,2.419241189956665,-6.6751227378845215,0.32180047035217285,0.3215973973274231,0.016585716977715492,1.7600284814834595,1.7584868669509888,7.393486499786377,0.12406739592552185,1.886073545606659e-12,0.6963131427764893,0.10569852590560913,0.03453764319419861,1.886073545606659e-12,0.6963131427764893,0.10569852590560913,0.03453764319419861,0.0,0.02659713023900986,0.0,0.0,0.0,0.0001,False,,,,,,,,,,,,,,
579,2.424415111541748,-6.703491687774658,0.3238821029663086,0.3231866657733917,0.016733508557081223,1.7609297037124634,1.760296106338501,7.421945571899414,0.12290293723344803,1.4715484419110941e-13,0.696444034576416,0.10528122633695602,0.034089960157871246,1.4715484419110941e-13,0.696444034576416,0.10528122633695602,0.034089960157871246,0.0,0.02659713023900986,0.0,0.0,0.0,0.0001,False,,,,,,,,,,,,,,
580,2.4253616333007812,-6.678170680999756,0.3228164315223694,0.3213950991630554,0.016777444630861282,1.7635347843170166,1.7652106285095215,7.39737606048584,0.11963219195604324,1.1892301921868909e-14,0.6972047686576843,0.10552827268838882,0.03382432460784912,2.273770057658386e-14,0.6960205435752869,0.10557042062282562,0.026109684258699417,0.0,0.027043150782585148,0.0,0.0,0.0,0.0001,False,0.7838460206985474,0.7838460206985474,0.21615397930145264,9.130563735961914,0.0,0.8987122774124146,4.031133651733398,-0.0,1.4578194618225098,0.782845139503479,2.2551653208524114e-14,0.782845139503479,0.015440966933965683,2.3970084190368652
581,2.4252333641052246,-6.66666316986084,0.3235926628112793,0.3220021724700928,0.016435006633400917,1.7626454830169678,1.7637611627578735,7.385621070861816,0.11674802005290985,3.873221628679108e-15,0.6966599225997925,0.10532936453819275,0.033814411610364914,3.873221628679108e-15,0.6966599225997925,0.10532936453819275,0.033814411610364914,0.0,0.027043150782585148,0.0,0.0,0.0,0.0001,False,,,,,,,,,,,,,,
582,2.4172143936157227,-6.695178031921387,0.316723495721817,0.3160266876220703,0.016481198370456696,1.7679004669189453,1.7680654525756836,7.414238452911377,0.11656598001718521,1.1445318400438078e-14,0.6968071460723877,0.10574924200773239,0.03339957073330879,1.1445318400438078e-14,0.6968071460723877,0.10574924200773239,0.03339957073330879,0.0,0.027043150782585148,0.0,0.0,0.0,0.0001,False,,,,,,,,,,,,,,
583,2.4163923263549805,-6.785191059112549,0.3139592409133911,0.31285324692726135,0.016262590885162354,1.7733170986175537,1.7733174562454224,7.5040178298950195,0.1204177588224411,1.1636820521944424e-13,0.6965270042419434,0.1055699959397316,0.03388013690710068,1.1636820521944424e-13,0.6965270042419434,0.1055699959397316,0.03388013690710068,0.0,0.027043150782585148,0.0,0.0,0.0,0.0001,False,,,,,,,,,,,,,,
584,2.4199087619781494,-6.713000774383545,0.3246020972728729,0.32348015904426575,0.016130704432725906,1.7551536560058594,1.7562378644943237,7.431948661804199,0.11351644992828369,2.7180433468179666e-13,0.6967415809631348,0.10597846657037735,0.032934945076704025,2.7180433468179666e-13,0.6967415809631348,0.10597846657037735,0.032934945076704025,0.0,0.027043150782585148,0.0,0.0,0.0,0.0001,False,,,,,,,,,,,,,,
585,2.4078943729400635,-6.705577850341797,0.31526705622673035,0.31550487875938416,0.016340121626853943,1.7617803812026978,1.7597843408584595,7.424160003662109,0.11418415606021881,1.5103969507393455e-12,0.696385383605957,0.10557311028242111,0.03290342539548874,1.5103969507393455e-12,0.696385383605957,0.10557311028242111,0.03290342539548874,0.0,0.027043150782585148,0.0,0.0,0.0,0.0001,False,,,,,,,,,,,,,,
586,2.420654773712158,-6.724111557006836,0.32218530774116516,0.32244443893432617,0.015770992264151573,1.7613013982772827,1.7592066526412964,7.443021774291992,0.11531642079353333,1.6449873147666993e-13,0.696691632270813,0.10590596497058868,0.03304925560951233,1.6449873147666993e-13,0.696691632270813,0.10590596497058868,0.03304925560951233,0.0,0.027043150782585148,0.0,0.0,0.0,0.0001,False,,,,,,,,,,,,,,
587,2.428828477859497,-6.806680202484131,0.32479140162467957,0.32492417097091675,0.01602347567677498,1.763828158378601,1.7623506784439087,7.52547025680542,0.11440803110599518,1.657439512242967e-13,0.6966323256492615,0.10582058131694794,0.03246799111366272,1.657439512242967e-13,0.6966323256492615,0.10582058131694794,0.03246799111366272,0.0,0.027043150782585148,0.0,0.0,0.0,0.0001,False,,,,,,,,,,,,,,
588,2.4080939292907715,-6.800588607788086,0.3172328472137451,0.31588780879974365,0.01603265292942524,1.7584095001220703,1.7594720125198364,7.519628047943115,0.1182771697640419,1.9384299870003723e-14,0.6967071890830994,0.10550254583358765,0.03415873646736145,1.9384299870003723e-14,0.6967071890830994,0.10550254583358765,0.03415873646736145,0.0,0.027043150782585148,0.0,0.0,0.0,0.0001,False,,,,,,,,,,,,,,
589,2.4257493019104004,-6.766253471374512,0.3257119059562683,0.32425573468208313,0.016419874504208565,1.7590436935424805,1.7596797943115234,7.485182285308838,0.11044866591691971,7.231714040805987e-15,0.6967638731002808,0.10555087774991989,0.03248850256204605,7.231714040805987e-15,0.6967638731002808,0.10555087774991989,0.03248850256204605,0.0,0.027043150782585148,0.0,0.0,0.0,0.0001,False,,,,,,,,,,,,,,
590,2.416060447692871,-6.719799995422363,0.31805291771888733,0.3171653151512146,0.016336625441908836,1.764640212059021,1.7643711566925049,7.438617706298828,0.10956618189811707,1.113245509231503e-13,0.6965709328651428,0.1056927815079689,0.03338473662734032,3.48196507913591e-14,0.6960832476615906,0.1054111123085022,0.025321973487734795,0.0,0.027489234030246737,0.0,0.0,0.0,0.0001,False,0.7837401032447815,0.7837401032447815,0.2162598967552185,9.063774108886719,0.0,0.8944839239120483,4.042758941650391,-0.0,1.4729089736938477,0.7826707363128662,3.4534739143504815e-14,0.7826707363128662,0.016707202419638634,2.39375376701355
591,2.429494857788086,-6.748717784881592,0.32409337162971497,0.3247487246990204,0.016348352655768394,1.7657966613769531,1.7628118991851807,7.4679341316223145,0.10869194567203522,1.7762667150946626e-13,0.6966609358787537,0.10523214936256409,0.033327311277389526,1.7762667150946626e-13,0.6966609358787537,0.10523214936256409,0.033327311277389526,0.0,0.027489234030246737,0.0,0.0,0.0,0.0001,False,,,,,,,,,,,,,,
592,2.42655086517334,-6.863323211669922,0.32132861018180847,0.3219450116157532,0.01593954674899578,1.768792986869812,1.7658827304840088,7.582938194274902,0.11345265060663223,5.109699996290202e-15,0.6970844864845276,0.10548464208841324,0.03296632692217827,5.109699996290202e-15,0.6970844864845276,0.10548464208841324,0.03296632692217827,0.0,0.027489234030246737,0.0,0.0,0.0,0.0001,False,,,,,,,,,,,,,,
593,2.423020601272583,-6.853975296020508,0.3224940598011017,0.32143035531044006,0.01607835479080677,1.7626386880874634,1.763396978378296,7.573185920715332,0.11130467802286148,2.0792876968822593e-12,0.6966717839241028,0.10560426115989685,0.03313912823796272,2.0792876968822593e-12,0.6966717839241028,0.10560426115989685,0.03313912823796272,0.0,0.027489234030246737,0.0,0.0,0.0,0.0001,False,,,,,,,,,,,,,,
594,2.4317851066589355,-6.808236122131348,0.327126145362854,0.3267894685268402,0.01694870926439762,1.7616058588027954,1.7602356672286987,7.5275983810424805,0.11090841889381409,5.4926234323597264e-14,0.6968021392822266,0.10510937869548798,0.03332468494772911,5.4926234323597264e-14,0.6968021392822266,0.10510937869548798,0.03332468494772911,0.0,0.027489234030246737,0.0,0.0,0.0,0.0001,False,,,,,,,,,,,,,,
595,2.4396629333496094,-6.792653560638428,0.32952484488487244,0.32928216457366943,0.01594364084303379,1.7657800912857056,1.764044165611267,7.511489391326904,0.10746805369853973,4.4688983958686423e-13,0.6963469386100769,0.10550568997859955,0.03272431716322899,4.4688983958686423e-13,0.6963469386100769,0.10550568997859955,0.03272431716322899,0.0,0.027489234030246737,0.0,0.0,0.0,0.0001,False,,,,,,,,,,,,,,
596,2.4203968048095703,-6.837604522705078,0.3198516368865967,0.3197910189628601,0.01582918129861355,1.765799880027771,1.764050006866455,7.556708812713623,0.11552301794290543,1.7462691449116052e-13,0.6964736580848694,0.10544951260089874,0.03412826359272003,1.7462691449116052e-13,0.6964736580848694,0.10544951260089874,0.03412826359272003,0.0,0.027489234030246737,0.0,0.0,0.0,0.0001,False,,,,,,,,,,,,,,
597,2.427480936050415,-6.844659328460693,0.32281821966171265,0.32254940271377563,0.01628369651734829,1.7665537595748901,1.7651056051254272,7.563808917999268,0.11656700074672699,8.81101962224573e-12,0.696560263633728,0.10552544891834259,0.033694781363010406,8.81101962224573e-12,0.696560263633728,0.10552544891834259,0.033694781363010406,0.0,0.027489234030246737,0.0,0.0,0.0,0.0001,False,,,,,,,,,,,,,,
598,2.422502279281616,-6.853778839111328,0.3245002031326294,0.3232801854610443,0.015766091644763947,1.7587064504623413,1.7592049837112427,7.57301139831543,0.1146836057305336,4.092844498645304e-13,0.6967867612838745,0.1052769124507904,0.03221503645181656,4.092844498645304e-13,0.6967867612838745,0.1052769124507904,0.03221503645181656,0.0,0.027489234030246737,0.0,0.0,0.0,0.0001,False,,,,,,,,,,,,,,
599,2.412181854248047,-6.8213067054748535,0.3203887641429901,0.31880074739456177,0.01551753655076027,1.7568732500076294,1.7580766677856445,7.540109157562256,0.111491858959198,1.0275759193198453e-12,0.6963028907775879,0.10538309812545776,0.03283693268895149,1.0275759193198453e-12,0.6963028907775879,0.10538309812545776,0.03283693268895149,0.0,0.027489234030246737,0.0,0.0,0.0,0.0001,False,,,,,,,,,,,,,,
600,2.420717239379883,-6.861360549926758,0.32120177149772644,0.3201063275337219,0.015895988792181015,1.7633520364761353,1.763674020767212,7.580330848693848,0.10646515339612961,8.747296506919633e-13,0.696554958820343,0.10533523559570312,0.031946416944265366,1.5956133740449973e-13,0.6959478855133057,0.10519266128540039,0.02450418658554554,0.0,0.027935181915760044,0.0,0.0,0.0,0.0001,False,0.7853544354438782,0.7853544354438782,0.21464556455612183,9.020438194274902,0.0,0.9026042819023132,4.025383472442627,-0.0,1.4752848148345947,0.7828065752983093,1.582562745253586e-13,0.7828065752983093,0.015789831057190895,2.4043006896972656
601,2.409877300262451,-6.894956588745117,0.317069947719574,0.3159938454627991,0.016013769432902336,1.7604929208755493,1.761106252670288,7.614063262939453,0.10603758692741394,3.871400162253069e-12,0.6964627504348755,0.10530908405780792,0.03113497793674469,3.871400162253069e-12,0.6964627504348755,0.10530908405780792,0.03113497793674469,0.0,0.027935181915760044,0.0,0.0,0.0,0.0001,False,,,,,,,,,,,,,,
602,2.4180662631988525,-6.895818710327148,0.3166263997554779,0.31547245383262634,0.015894178301095963,1.7700735330581665,1.7700730562210083,7.615315914154053,0.1047622486948967,5.323334834598419e-15,0.6966890096664429,0.10487133264541626,0.032704900950193405,5.323334834598419e-15,0.6966890096664429,0.10487133264541626,0.032704900950193405,0.0,0.027935181915760044,0.0,0.0,0.0,0.0001,False,,,,,,,,,,,,,,
603,2.4261398315429688,-6.913813591003418,0.32288867235183716,0.3219746947288513,0.016260115429759026,1.7652013301849365,1.7648311853408813,7.632847785949707,0.1024181917309761,2.6756658954435464e-12,0.6962507963180542,0.10548579692840576,0.032607872039079666,2.6756658954435464e-12,0.6962507963180542,0.10548579692840576,0.032607872039079666,0.0,0.027935181915760044,0.0,0.0,0.0,0.0001,False,,,,,,,,,,,,,,
604,2.4232258796691895,-6.8919477462768555,0.3223050832748413,0.3219044804573059,0.01598629541695118,1.76345956325531,1.7626006603240967,7.611268043518066,0.10487307608127594,1.0528067133364072e-11,0.6965287327766418,0.10544688254594803,0.032632336020469666,1.0528067133364072e-11,0.6965287327766418,0.10544688254594803,0.032632336020469666,0.0,0.027935181915760044,0.0,0.0,0.0,0.0001,False,,,,,,,,,,,,,,
605,2.426023006439209,-6.899746417999268,0.3243162930011749,0.324440598487854,0.016044309362769127,1.7621837854385376,1.760259985923767,7.61885929107666,0.10840677469968796,5.367718937518071e-15,0.6963534951210022,0.1048811748623848,0.03233358636498451,5.367718937518071e-15,0.6963534951210022,0.1048811748623848,0.03233358636498451,0.0,0.027935181915760044,0.0,0.0,0.0,0.0001,False,,,,,,,,,,,,,,
606,2.416764259338379,-6.928524017333984,0.32031872868537903,0.31986331939697266,0.01632598601281643,1.7607252597808838,1.7597870826721191,7.647663116455078,0.10564137995243073,1.432367939535606e-11,0.6963942050933838,0.10537785291671753,0.032154470682144165,1.432367939535606e-11,0.6963942050933838,0.10537785291671753,0.032154470682144165,0.0,0.027935181915760044,0.0,0.0,0.0,0.0001,False,,,,,,,,,,,,,,
607,2.410938262939453,-6.9316840171813965,0.31947654485702515,0.3184767961502075,0.015762140974402428,1.7567925453186035,1.7576532363891602,7.650932788848877,0.10274246335029602,1.420777774943649e-12,0.6965247392654419,0.10510148853063583,0.03189517557621002,1.420777774943649e-12,0.6965247392654419,0.10510148853063583,0.03189517557621002,0.0,0.027935181915760044,0.0,0.0,0.0,0.0001,False,,,,,,,,,,,,,,
608,2.4131076335906982,-6.917379379272461,0.3179364502429962,0.31607967615127563,0.015714703127741814,1.763076663017273,1.7636768817901611,7.636429309844971,0.0979519635438919,1.0834698589701208e-11,0.6964414715766907,0.10493049025535583,0.030808907002210617,1.0834698589701208e-11,0.6964414715766907,0.10493049025535583,0.030808907002210617,0.0,0.027935181915760044,0.0,0.0,0.0,0.0001,False,,,,,,,,,,,,,,
609,2.4150753021240234,-6.904165744781494,0.31781408190727234,0.31647664308547974,0.015825284644961357,1.7644697427749634,1.7654491662979126,7.623025417327881,0.09797743707895279,2.5862918577590488e-12,0.6961831450462341,0.1045781746506691,0.0315236896276474,2.5862918577590488e-12,0.6961831450462341,0.1045781746506691,0.0315236896276474,0.0,0.027935181915760044,0.0,0.0,0.0,0.0001,False,,,,,,,,,,,,,,
610,2.4262077808380127,-6.980947971343994,0.3193618655204773,0.3182317614555359,0.016383232548832893,1.7721563577651978,1.7723053693771362,7.700244903564453,0.099674753844738,4.784660948692343e-12,0.6965789794921875,0.10510668903589249,0.031855806708335876,2.919715171712584e-13,0.696020781993866,0.10504946112632751,0.024308545514941216,0.0,0.02838120269775391,0.0,0.0,0.0,0.0001,False,0.7859028577804565,0.7859028577804565,0.21409714221954346,9.059447288513184,0.0,0.9014511108398438,4.027947902679443,-0.0,1.4640178680419922,0.7830811142921448,2.895823421220987e-13,0.7830811142921448,0.015065286308526993,2.422149181365967
611,2.4252986907958984,-6.980081081390381,0.3227216601371765,0.32189685106277466,0.01568872667849064,1.7649449110031128,1.7650381326675415,7.699174880981445,0.10432823747396469,8.372348821172881e-12,0.6961625218391418,0.1052793338894844,0.031027736142277718,8.372348821172881e-12,0.6961625218391418,0.1052793338894844,0.031027736142277718,0.0,0.02838120269775391,0.0,0.0,0.0,0.0001,False,,,,,,,,,,,,,,
612,2.4312093257904053,-6.956773281097412,0.3259239196777344,0.3250502645969391,0.016090111806988716,1.7643165588378906,1.7639737129211426,7.6758623123168945,0.10015642642974854,3.803496146509433e-13,0.6961743831634521,0.1052442342042923,0.030810870230197906,3.803496146509433e-13,0.6961743831634521,0.1052442342042923,0.030810870230197906,0.0,0.02838120269775391,0.0,0.0,0.0,0.0001,False,,,,,,,,,,,,,,
613,2.428271770477295,-6.96963357925415,0.3258418142795563,0.3258139491081238,0.01594248041510582,1.761427640914917,1.75991952419281,7.68853759765625,0.1052093505859375,2.9308903394531516e-12,0.6959515810012817,0.10523755103349686,0.03122306801378727,2.9308903394531516e-12,0.6959515810012817,0.10523755103349686,0.03122306801378727,0.0,0.02838120269775391,0.0,0.0,0.0,0.0001,False,,,,,,,,,,,,,,
614,2.4200010299682617,-7.011874198913574,0.3191089332103729,0.3190547525882721,0.016120651736855507,1.7665318250656128,1.7649013996124268,7.731446266174316,0.10670102387666702,7.663737700003281e-12,0.6965047717094421,0.10491339862346649,0.03225553408265114,7.663737700003281e-12,0.6965047717094421,0.10491339862346649,0.03225553408265114,0.0,0.02838120269775391,0.0,0.0,0.0,0.0001,False,,,,,,,,,,,,,,
615,2.425419330596924,-7.060617446899414,0.32219982147216797,0.3215499222278595,0.0161441583186388,1.7658523321151733,1.7651985883712769,7.779941558837891,0.10787680000066757,1.4075153260788287e-13,0.6962911486625671,0.10518081486225128,0.03200473263859749,1.4075153260788287e-13,0.6962911486625671,0.10518081486225128,0.03200473263859749,0.0,0.02838120269775391,0.0,0.0,0.0,0.0001,False,,,,,,,,,,,,,,
616,2.438894271850586,-7.0111918449401855,0.33100613951683044,0.3290140926837921,0.01652243733406067,1.761235237121582,1.7634681463241577,7.730639457702637,0.10158056765794754,9.176964743673466e-12,0.6965867280960083,0.10469180345535278,0.030193911865353584,9.176964743673466e-12,0.6965867280960083,0.10469180345535278,0.030193911865353584,0.0,0.02838120269775391,0.0,0.0,0.0,0.0001,False,,,,,,,,,,,,,,
617,2.4167251586914062,-6.981130123138428,0.320838063955307,0.3194798231124878,0.015511313453316689,1.760644793510437,1.7611470222473145,7.700187683105469,0.0932542011141777,1.0092658479787797e-11,0.6962001919746399,0.10485528409481049,0.03023802861571312,1.0092658479787797e-11,0.6962001919746399,0.10485528409481049,0.03023802861571312,0.0,0.02838120269775391,0.0,0.0,0.0,0.0001,False,,,,,,,,,,,,,,
618,2.450833797454834,-7.0475077629089355,0.33441439270973206,0.33432891964912415,0.01629074662923813,1.766560435295105,1.7650392055511475,7.7663774490356445,0.09720376133918762,1.1730847413252143e-12,0.6959394216537476,0.10447358340024948,0.031039470806717873,1.1730847413252143e-12,0.6959394216537476,0.10447358340024948,0.031039470806717873,0.0,0.02838120269775391,0.0,0.0,0.0,0.0001,False,,,,,,,,,,,,,,
619,2.4147653579711914,-7.03740119934082,0.3168022334575653,0.3165469467639923,0.015520939603447914,1.7661168575286865,1.7656738758087158,7.756907939910889,0.10578373819589615,6.367829874509567e-12,0.6965135931968689,0.10475268959999084,0.031499747186899185,6.367829874509567e-12,0.6965135931968689,0.10475268959999084,0.031499747186899185,0.0,0.02838120269775391,0.0,0.0,0.0,0.0001,False,,,,,,,,,,,,,,
620,2.4279611110687256,-7.051504611968994,0.3249494731426239,0.3239049017429352,0.016077416017651558,1.762972354888916,1.763086199760437,7.771554946899414,0.0993136391043663,2.1286087042299284e-12,0.6970985531806946,0.1049298420548439,0.030998719856142998,3.747294925575403e-13,0.6957917809486389,0.10481347143650055,0.023401811718940735,0.0,0.02882699447870255,0.0,0.0,0.0,0.0001,False,0.78542560338974,0.78542560338974,0.21457439661026,9.008417129516602,0.0,0.9054391384124756,4.018033027648926,-0.0,1.4737577438354492,0.7832878828048706,3.7166452716687786e-13,0.7832878828048706,0.01648889109492302,2.409116744995117
621,2.4296915531158447,-7.0487380027771,0.32523250579833984,0.3256526589393616,0.01586093194782734,1.7639766931533813,1.7619142532348633,7.768493175506592,0.0956130176782608,7.109393369147954e-12,0.6966662406921387,0.1044704020023346,0.029386987909674644,7.109393369147954e-12,0.6966662406921387,0.1044704020023346,0.029386987909674644,0.0,0.02882699447870255,0.0,0.0,0.0,0.0001,False,,,,,,,,,,,,,,
622,2.4235928058624268,-7.056739807128906,0.32134342193603516,0.3211006224155426,0.01629098691046238,1.765517234802246,1.7641983032226562,7.776175498962402,0.09936103224754333,8.799910453105575e-12,0.6962658762931824,0.10461419075727463,0.030278939753770828,8.799910453105575e-12,0.6962658762931824,0.10461419075727463,0.030278939753770828,0.0,0.02882699447870255,0.0,0.0,0.0,0.0001,False,,,,,,,,,,,,,,
623,2.4258222579956055,-7.109075546264648,0.32426926493644714,0.3236687183380127,0.015702733770012856,1.7625000476837158,1.761862874031067,7.828477382659912,0.09184855222702026,7.407060381714459e-11,0.6962917447090149,0.10516378283500671,0.02967813052237034,7.407060381714459e-11,0.6962917447090149,0.10516378283500671,0.02967813052237034,0.0,0.02882699447870255,0.0,0.0,0.0,0.0001,False,,,,,,,,,,,,,,
624,2.420865058898926,-7.105778217315674,0.32399433851242065,0.32277294993400574,0.015701372176408768,1.7582118511199951,1.7585810422897339,7.825411796569824,0.09589929133653641,1.154936064319545e-12,0.69649338722229,0.10501064360141754,0.029913773760199547,1.154936064319545e-12,0.69649338722229,0.10501064360141754,0.029913773760199547,0.0,0.02882699447870255,0.0,0.0,0.0,0.0001,False,,,,,,,,,,,,,,
625,2.429074287414551,-7.048515796661377,0.3291328549385071,0.3281009793281555,0.015712087973952293,1.7559360265731812,1.7563204765319824,7.768308162689209,0.08972717821598053,1.1143313038259293e-14,0.6966192722320557,0.10442456603050232,0.030208509415388107,1.1143313038259293e-14,0.6966192722320557,0.10442456603050232,0.030208509415388107,0.0,0.02882699447870255,0.0,0.0,0.0,0.0001,False,,,,,,,,,,,,,,
626,2.43558669090271,-7.0523834228515625,0.32549309730529785,0.3254631459712982,0.016225971281528473,1.7690197229385376,1.767789363861084,7.771556377410889,0.09017716348171234,2.402892121389222e-12,0.6960138082504272,0.10517571866512299,0.030198290944099426,2.402892121389222e-12,0.6960138082504272,0.10517571866512299,0.030198290944099426,0.0,0.02882699447870255,0.0,0.0,0.0,0.0001,False,,,,,,,,,,,,,,
627,2.4453177452087402,-7.122961521148682,0.33194947242736816,0.3311035931110382,0.015989787876605988,1.7667748928070068,1.7657748460769653,7.842775821685791,0.09849058091640472,7.126891850110784e-14,0.6965924501419067,0.10506892949342728,0.030682293698191643,7.126891850110784e-14,0.6965924501419067,0.10506892949342728,0.030682293698191643,0.0,0.02882699447870255,0.0,0.0,0.0,0.0001,False,,,,,,,,,,,,,,
628,2.4284257888793945,-7.130087852478027,0.3278579115867615,0.327048122882843,0.015549884177744389,1.7580794095993042,1.757860541343689,7.849253177642822,0.0972355455160141,4.0492747501418014e-13,0.6960042119026184,0.10472679883241653,0.030232908204197884,4.0492747501418014e-13,0.6960042119026184,0.10472679883241653,0.030232908204197884,0.0,0.02882699447870255,0.0,0.0,0.0,0.0001,False,,,,,,,,,,,,,,
629,2.41532301902771,-7.097817897796631,0.3178578019142151,0.3172229528427124,0.01609726808965206,1.7642077207565308,1.7640823125839233,7.817112445831299,0.09585829079151154,6.200976147494042e-13,0.6961922645568848,0.10504120588302612,0.029594654217362404,6.200976147494042e-13,0.6961922645568848,0.10504120588302612,0.029594654217362404,0.0,0.02882699447870255,0.0,0.0,0.0,0.0001,False,,,,,,,,,,,,,,
630,2.4367876052856445,-7.12056827545166,0.3289263844490051,0.328890860080719,0.015530087053775787,1.7644211053848267,1.7624592781066895,7.840115070343018,0.09724955260753632,5.628612268111788e-13,0.696316659450531,0.10520943999290466,0.03083304688334465,1.7570724789924677e-13,0.6955944299697876,0.10489454120397568,0.023189935833215714,0.0,0.029272588908672337,0.0,0.0,0.0,0.0001,False,0.7852169275283813,0.7852169275283813,0.21478307247161865,8.99170207977295,0.0,0.9093311429023743,4.003414154052734,-0.0,1.451817512512207,0.7837879657745361,1.7427142503003918e-13,0.7837879657745361,0.01568770967423916,2.4218153953552246
631,2.437664031982422,-7.168178558349609,0.3284464478492737,0.32784953713417053,0.015608273446559906,1.7659199237823486,1.7655997276306152,7.88798713684082,0.093909852206707,3.063436548704501e-13,0.6962720155715942,0.10517676174640656,0.03079237975180149,3.063436548704501e-13,0.6962720155715942,0.10517676174640656,0.03079237975180149,0.0,0.029272588908672337,0.0,0.0,0.0,0.0001,False,,,,,,,,,,,,,,
632,2.4379563331604004,-7.168001174926758,0.3309837877750397,0.32946228981018066,0.015787983313202858,1.760927438735962,1.762516975402832,7.8878302574157715,0.09640786051750183,1.8724084782650863e-13,0.6962705254554749,0.10516325384378433,0.03102879785001278,1.8724084782650863e-13,0.6962705254554749,0.10516325384378433,0.03102879785001278,0.0,0.029272588908672337,0.0,0.0,0.0,0.0001,False,,,,,,,,,,,,,,
633,2.4169797897338867,-7.129729270935059,0.3197818994522095,0.3186403810977936,0.015627698972821236,1.7629687786102295,1.7628909349441528,7.848839282989502,0.08877742290496826,5.479832299731813e-12,0.695752739906311,0.10511916130781174,0.029126662760972977,5.479832299731813e-12,0.695752739906311,0.10511916130781174,0.029126662760972977,0.0,0.029272588908672337,0.0,0.0,0.0,0.0001,False,,,,,,,,,,,,,,
634,2.4226503372192383,-7.175849437713623,0.3193214535713196,0.31930071115493774,0.015667319297790527,1.7692104578018188,1.7675111293792725,7.895408630371094,0.09353677183389664,3.0950322860157087e-10,0.696178674697876,0.10515894740819931,0.029271364212036133,3.0950322860157087e-10,0.696178674697876,0.10515894740819931,0.029271364212036133,0.0,0.029272588908672337,0.0,0.0,0.0,0.0001,False,,,,,,,,,,,,,,
635,2.4214534759521484,-7.223801612854004,0.3227144777774811,0.3219851553440094,0.01535668782889843,1.761666178703308,1.7611280679702759,7.943782806396484,0.09169898182153702,1.8075906440054301e-12,0.6966003775596619,0.10479595512151718,0.02920602820813656,1.8075906440054301e-12,0.6966003775596619,0.10479595512151718,0.02920602820813656,0.0,0.029272588908672337,0.0,0.0,0.0,0.0001,False,,,,,,,,,,,,,,
636,2.428770065307617,-7.150191307067871,0.3278942406177521,0.326397567987442,0.015837861225008965,1.7586352825164795,1.7586451768875122,7.869383811950684,0.09019670635461807,1.0773442684838819e-12,0.6958180069923401,0.10499159246683121,0.029282307252287865,1.0773442684838819e-12,0.6958180069923401,0.10499159246683121,0.029282307252287865,0.0,0.029272588908672337,0.0,0.0,0.0,0.0001,False,,,,,,,,,,,,,,
637,2.4489123821258545,-7.169538497924805,0.33660054206848145,0.3361346125602722,0.015492752194404602,1.760952353477478,1.7604165077209473,7.88851261138916,0.08681602030992508,5.809115666798037e-13,0.6956661343574524,0.10513169318437576,0.02870292402803898,5.809115666798037e-13,0.6956661343574524,0.10513169318437576,0.02870292402803898,0.0,0.029272588908672337,0.0,0.0,0.0,0.0001,False,,,,,,,,,,,,,,
638,2.431438684463501,-7.182237148284912,0.32878971099853516,0.3282128572463989,0.015651648864150047,1.7591806650161743,1.7583885192871094,7.901358127593994,0.09025057405233383,2.218019469263019e-14,0.6957178115844727,0.10498843342065811,0.029625095427036285,2.218019469263019e-14,0.6957178115844727,0.10498843342065811,0.029625095427036285,0.0,0.029272588908672337,0.0,0.0,0.0,0.0001,False,,,,,,,,,,,,,,
639,2.427272319793701,-7.234053134918213,0.3238246738910675,0.3228466808795929,0.015836313366889954,1.7648063898086548,1.7647227048873901,7.95304012298584,0.08912546187639236,1.0567321757221082e-12,0.6955445408821106,0.10477535426616669,0.030068252235651016,1.0567321757221082e-12,0.6955445408821106,0.10477535426616669,0.030068252235651016,0.0,0.029272588908672337,0.0,0.0,0.0,0.0001,False,,,,,,,,,,,,,,
640,2.435187816619873,-7.196303844451904,0.323760986328125,0.3225322961807251,0.01575467362999916,1.7728588581085205,1.773421049118042,7.915297508239746,0.09251771867275238,9.283538564622273e-13,0.6955470442771912,0.10500393807888031,0.03009023331105709,1.2048035914014378e-13,0.6954888701438904,0.1048380434513092,0.022669553756713867,0.0,0.02971807777881623,0.0,0.0,0.0,0.0001,False,0.7852374315261841,0.7852374315261841,0.21476256847381592,9.137239456176758,0.0,0.9068806767463684,4.016139030456543,-0.0,1.473922848701477,0.7837470769882202,1.1949582856659753e-13,0.7837470769882202,0.015227492898702621,2.4339990615844727
641,2.4289774894714355,-7.2226080894470215,0.32404953241348267,0.32339292764663696,0.01538644079118967,1.7663254737854004,1.7659718990325928,7.943032264709473,0.08908004313707352,2.0669928442462737e-12,0.6966999769210815,0.10483107715845108,0.029474342241883278,2.0669928442462737e-12,0.6966999769210815,0.10483107715845108,0.029474342241883278,0.0,0.02971807777881623,0.0,0.0,0.0,0.0001,False,,,,,,,,,,,,,,
642,2.4239535331726074,-7.248919486999512,0.3226522207260132,0.32211217284202576,0.015412693843245506,1.7642744779586792,1.7632783651351929,7.968703269958496,0.08896255493164062,2.328536235357559e-12,0.6960699558258057,0.10522904992103577,0.029545363038778305,2.328536235357559e-12,0.6960699558258057,0.10522904992103577,0.029545363038778305,0.0,0.02971807777881623,0.0,0.0,0.0,0.0001,False,,,,,,,,,,,,,,
643,2.430133819580078,-7.235827445983887,0.3261969983577728,0.3252691626548767,0.015429476276040077,1.7635551691055298,1.7629213333129883,7.955446243286133,0.09038370847702026,1.7070075821606912e-12,0.6959889531135559,0.10468991100788116,0.02876848541200161,1.7070075821606912e-12,0.6959889531135559,0.10468991100788116,0.02876848541200161,0.0,0.02971807777881623,0.0,0.0,0.0,0.0001,False,,,,,,,,,,,,,,
644,2.4239556789398193,-7.26440954208374,0.3232046365737915,0.323294460773468,0.015559489838778973,1.7630425691604614,1.760751485824585,7.983862400054932,0.08531797677278519,3.128678739694468e-12,0.6959179639816284,0.10538098961114883,0.027781013399362564,3.128678739694468e-12,0.6959179639816284,0.10538098961114883,0.027781013399362564,0.0,0.02971807777881623,0.0,0.0,0.0,0.0001,False,,,,,,,,,,,,,,
645,2.4275801181793213,-7.274764537811279,0.32692936062812805,0.3273051679134369,0.015529952943325043,1.7586073875427246,1.7570240497589111,7.9941301345825195,0.08741500228643417,1.222592231446551e-12,0.6957613825798035,0.1046772301197052,0.028494179248809814,1.222592231446551e-12,0.6957613825798035,0.1046772301197052,0.028494179248809814,0.0,0.02971807777881623,0.0,0.0,0.0,0.0001,False,,,,,,,,,,,,,,
646,2.4457290172576904,-7.270949363708496,0.3326602876186371,0.33253154158592224,0.015635810792446136,1.7657569646835327,1.7640458345413208,7.991097450256348,0.08855944871902466,5.840634508154363e-13,0.6964206695556641,0.10480950772762299,0.029611969366669655,5.840634508154363e-13,0.6964206695556641,0.10480950772762299,0.029611969366669655,0.0,0.02971807777881623,0.0,0.0,0.0,0.0001,False,,,,,,,,,,,,,,
647,2.425295114517212,-7.3062872886657715,0.3243962228298187,0.3231305480003357,0.015013424679636955,1.7625612020492554,1.7629486322402954,8.025723457336426,0.08444748818874359,4.2163904204021996e-13,0.6957482695579529,0.1046547219157219,0.029357044026255608,4.2163904204021996e-13,0.6957482695579529,0.1046547219157219,0.029357044026255608,0.0,0.02971807777881623,0.0,0.0,0.0,0.0001,False,,,,,,,,,,,,,,
648,2.4314661026000977,-7.312152862548828,0.32731232047080994,0.32509034872055054,0.015216615982353687,1.7631422281265259,1.7645514011383057,8.031444549560547,0.0827375277876854,4.602525890111007e-15,0.6956918239593506,0.10494361817836761,0.028521116822957993,4.602525890111007e-15,0.6956918239593506,0.10494361817836761,0.028521116822957993,0.0,0.02971807777881623,0.0,0.0,0.0,0.0001,False,,,,,,,,,,,,,,
649,2.4179975986480713,-7.27022647857666,0.32344555854797363,0.32158875465393066,0.015474543906748295,1.756646990776062,1.7583305835723877,7.989698886871338,0.08514219522476196,7.975997466658225e-12,0.6958838701248169,0.10478197038173676,0.028309348970651627,7.975997466658225e-12,0.6958838701248169,0.10478197038173676,0.028309348970651627,0.0,0.02971807777881623,0.0,0.0,0.0,0.0001,False,,,,,,,,,,,,,,
650,2.4266905784606934,-7.304429054260254,0.323301762342453,0.3226301372051239,0.015320914797484875,1.7653738260269165,1.7655017375946045,8.023828506469727,0.08060991019010544,1.0760861738354568e-13,0.6959004402160645,0.10478012263774872,0.027462046593427658,1.4615683001903243e-13,0.6954300999641418,0.104734405875206,0.020857466384768486,0.0,0.03016350787878037,0.0,0.0,0.0,0.0001,False,0.7845612168312073,0.7845612168312073,0.21543878316879272,8.90351676940918,0.0,0.9211032390594482,3.9860496520996094,-0.0,1.4555134773254395,0.7836416363716125,1.4496247757610075e-13,0.7836416363716125,0.014167738147079945,2.4375686645507812
651,2.4401626586914062,-7.347881317138672,0.33051082491874695,0.3298048675060272,0.015591365285217762,1.7650024890899658,1.7635087966918945,8.06753921508789,0.08058737218379974,2.8220464566531753e-14,0.6957987546920776,0.10451946407556534,0.02797003649175167,2.8220464566531753e-14,0.6957987546920776,0.10451946407556534,0.02797003649175167,0.0,0.03016350787878037,0.0,0.0,0.0,0.0001,False,,,,,,,,,,,,,,
652,2.4297845363616943,-7.336019992828369,0.3284989297389984,0.3280158042907715,0.015367674641311169,1.7582355737686157,1.7575688362121582,8.055915832519531,0.08319524675607681,7.003443235498868e-14,0.6960490942001343,0.10481808334589005,0.02778356336057186,7.003443235498868e-14,0.6960490942001343,0.10481808334589005,0.02778356336057186,0.0,0.03016350787878037,0.0,0.0,0.0,0.0001,False,,,,,,,,,,,,,,
653,2.4340202808380127,-7.3331098556518555,0.32737666368484497,0.32677608728408813,0.015677502378821373,1.7649201154708862,1.7634596824645996,8.053008079528809,0.08089552074670792,2.9506539572787815e-11,0.6959906220436096,0.10505379736423492,0.028389455750584602,2.9506539572787815e-11,0.6959906220436096,0.10505379736423492,0.028389455750584602,0.0,0.03016350787878037,0.0,0.0,0.0,0.0001,False,,,,,,,,,,,,,,
654,2.4274396896362305,-7.336106300354004,0.32517075538635254,0.32486575841903687,0.01528845727443695,1.7626771926879883,1.761552333831787,8.055657386779785,0.078830786049366,5.004161690060072e-13,0.6957380771636963,0.10485706478357315,0.027493417263031006,5.004161690060072e-13,0.6957380771636963,0.10485706478357315,0.027493417263031006,0.0,0.03016350787878037,0.0,0.0,0.0,0.0001,False,,,,,,,,,,,,,,
655,2.420625686645508,-7.340048789978027,0.3212828040122986,0.32106301188468933,0.015130638144910336,1.7643033266067505,1.7619951963424683,8.059988975524902,0.07847612351179123,2.6071389513417087e-13,0.6960426568984985,0.10518381744623184,0.028276793658733368,2.6071389513417087e-13,0.6960426568984985,0.10518381744623184,0.028276793658733368,0.0,0.03016350787878037,0.0,0.0,0.0,0.0001,False,,,,,,,,,,,,,,
656,2.4371399879455566,-7.351633071899414,0.32937848567962646,0.327716588973999,0.015545704402029514,1.764078974723816,1.7649195194244385,8.071556091308594,0.07841648906469345,1.6263336163890862e-12,0.6960097551345825,0.10463738441467285,0.028459664434194565,1.6263336163890862e-12,0.6960097551345825,0.10463738441467285,0.028459664434194565,0.0,0.03016350787878037,0.0,0.0,0.0,0.0001,False,,,,,,,,,,,,,,
657,2.428239345550537,-7.344433784484863,0.32502806186676025,0.32338011264801025,0.01534643117338419,1.7639055252075195,1.765064001083374,8.064414978027344,0.07914239168167114,1.5344733675978078e-13,0.6961267590522766,0.1049041897058487,0.02782365493476391,1.5344733675978078e-13,0.6961267590522766,0.1049041897058487,0.02782365493476391,0.0,0.03016350787878037,0.0,0.0,0.0,0.0001,False,,,,,,,,,,,,,,
658,2.437260627746582,-7.34807825088501,0.32971474528312683,0.32852140069007874,0.015486545860767365,1.763423204421997,1.7636525630950928,8.06791877746582,0.07870198041200638,1.1388164716796823e-12,0.6959290504455566,0.10488235205411911,0.028434012085199356,1.1388164716796823e-12,0.6959290504455566,0.10488235205411911,0.028434012085199356,0.0,0.03016350787878037,0.0,0.0,0.0,0.0001,False,,,,,,,,,,,,,,
659,2.425325870513916,-7.358320713043213,0.32363471388816833,0.3225412964820862,0.015198235400021076,1.763992190361023,1.763911247253418,8.078269004821777,0.0792403593659401,2.1612783784874523e-10,0.6960904002189636,0.10493336617946625,0.027838924899697304,2.1612783784874523e-10,0.6960904002189636,0.10493336617946625,0.027838924899697304,0.0,0.03016350787878037,0.0,0.0,0.0,0.0001,False,,,,,,,,,,,,,,
660,2.426698684692383,-7.3915534019470215,0.32429102063179016,0.3235533833503723,0.015119494870305061,1.7638804912567139,1.7635891437530518,8.111457824707031,0.07642187178134918,7.984697701201443e-14,0.6959901452064514,0.1047586128115654,0.028471291065216064,1.5933654994150225e-13,0.6953226327896118,0.10463940352201462,0.020465875044465065,0.0,0.03060883051156998,0.0,0.0,0.0,0.0001,False,0.7847192883491516,0.7847192883491516,0.2152807116508484,8.919885635375977,0.0,0.9181721806526184,3.9937119483947754,-0.0,1.4517724514007568,0.7836475968360901,1.58034570469815e-13,0.7836475968360901,0.014080683700740337,2.445286273956299
661,2.449570894241333,-7.444807529449463,0.3305360674858093,0.32941681146621704,0.015604745596647263,1.774200201034546,1.7738264799118042,8.164633750915527,0.07797938585281372,1.9088420080692892e-13,0.6957113146781921,0.10460636764764786,0.027448812499642372,1.9088420080692892e-13,0.6957113146781921,0.10460636764764786,0.027448812499642372,0.0,0.03060883051156998,0.0,0.0,0.0,0.0001,False,,,,,,,,,,,,,,
662,2.434091329574585,-7.43584680557251,0.32842448353767395,0.32691964507102966,0.015424120239913464,1.7630572319030762,1.7635890245437622,8.156065940856934,0.07532998919487,1.3637267530508534e-11,0.6960456371307373,0.10434477776288986,0.02790675312280655,1.3637267530508534e-11,0.6960456371307373,0.10434477776288986,0.02790675312280655,0.0,0.03060883051156998,0.0,0.0,0.0,0.0001,False,,,,,,,,,,,,,,
663,2.442584991455078,-7.404812335968018,0.33338499069213867,0.3330649435520172,0.015213267877697945,1.761603832244873,1.760240077972412,8.12514877319336,0.07781942933797836,1.3632456274947913e-10,0.6961252689361572,0.10432622581720352,0.028252793475985527,1.3632456274947913e-10,0.6961252689361572,0.10432622581720352,0.028252793475985527,0.0,0.03060883051156998,0.0,0.0,0.0,0.0001,False,,,,,,,,,,,,,,
664,2.4377846717834473,-7.390349388122559,0.32925477623939514,0.3293145000934601,0.015441982075572014,1.7649613618850708,1.7625852823257446,8.110724449157715,0.07857221364974976,2.1576783667599277e-14,0.6962096691131592,0.10455399006605148,0.027792617678642273,2.1576783667599277e-14,0.6962096691131592,0.10455399006605148,0.027792617678642273,0.0,0.03060883051156998,0.0,0.0,0.0,0.0001,False,,,,,,,,,,,,,,
665,2.435223340988159,-7.449840545654297,0.32633838057518005,0.3267664909362793,0.01563403010368347,1.7680224180221558,1.7649463415145874,8.170597076416016,0.080012746155262,7.949865071799067e-11,0.6966015100479126,0.10431505739688873,0.027600685134530067,7.949865071799067e-11,0.6966015100479126,0.10431505739688873,0.027600685134530067,0.0,0.03060883051156998,0.0,0.0,0.0,0.0001,False,,,,,,,,,,,,,,
666,2.439708709716797,-7.478743076324463,0.33107978105545044,0.33016732335090637,0.015186087228357792,1.7632763385772705,1.763274908065796,8.19875717163086,0.07752693444490433,7.231692241566057e-12,0.6959406733512878,0.10474397242069244,0.02698109671473503,7.231692241566057e-12,0.6959406733512878,0.10474397242069244,0.02698109671473503,0.0,0.03060883051156998,0.0,0.0,0.0,0.0001,False,,,,,,,,,,,,,,
667,2.442967176437378,-7.46290397644043,0.33673110604286194,0.33516016602516174,0.015286299400031567,1.755008578300476,1.75657057762146,8.183123588562012,0.07517953217029572,6.065364183127642e-11,0.6961168646812439,0.10490068793296814,0.027210459113121033,6.065364183127642e-11,0.6961168646812439,0.10490068793296814,0.027210459113121033,0.0,0.03060883051156998,0.0,0.0,0.0,0.0001,False,,,,,,,,,,,,,,
668,2.430142641067505,-7.4272637367248535,0.3253677189350128,0.323649525642395,0.01549519132822752,1.76483154296875,1.766428828239441,8.147502899169922,0.07309171557426453,7.444152932967185e-11,0.6962809562683105,0.1043163388967514,0.025709353387355804,7.444152932967185e-11,0.6962809562683105,0.1043163388967514,0.025709353387355804,0.0,0.03060883051156998,0.0,0.0,0.0,0.0001,False,,,,,,,,,,,,,,
669,2.4435033798217773,-7.451847553253174,0.3338562548160553,0.33324387669563293,0.01507702749222517,1.7614222764968872,1.7612297534942627,8.171133995056152,0.0742969736456871,1.129240255991204e-12,0.6951863765716553,0.10455673933029175,0.027451258152723312,1.129240255991204e-12,0.6951863765716553,0.10455673933029175,0.027451258152723312,0.0,0.03060883051156998,0.0,0.0,0.0,0.0001,False,,,,,,,,,,,,,,
670,2.4436116218566895,-7.539678573608398,0.3301296532154083,0.3288094103336334,0.015791576355695724,1.7689869403839111,1.768775224685669,8.259500503540039,0.07758639752864838,4.076973405143375e-13,0.6956373453140259,0.10466957837343216,0.02818469889461994,1.2685287060455253e-12,0.6954011917114258,0.10438349843025208,0.020175287500023842,0.0,0.031054231703281407,0.0,0.0,0.0,0.0001,False,0.7852359414100647,0.7852359414100647,0.2147640585899353,8.979866981506348,0.0,0.9177877902984619,3.9935355186462402,-0.0,1.4162611961364746,0.7836560010910034,1.2581670782216742e-12,0.7836560010910034,0.01432723831385374,2.445040464401245
671,2.4508237838745117,-7.52324104309082,0.3377171456813812,0.3363517224788666,0.01521346066147089,1.7613903284072876,1.7616926431655884,8.243452072143555,0.07578015327453613,1.191928229293121e-13,0.6957225203514099,0.10436926037073135,0.028063254430890083,1.191928229293121e-13,0.6957225203514099,0.10436926037073135,0.028063254430890083,0.0,0.031054231703281407,0.0,0.0,0.0,0.0001,False,,,,,,,,,,,,,,
672,2.446837902069092,-7.451375484466553,0.3328917324542999,0.33231011033058167,0.015420711599290371,1.7669639587402344,1.7654666900634766,8.171855926513672,0.06980359554290771,9.759480029680745e-11,0.6961696147918701,0.1045854389667511,0.02614692971110344,9.759480029680745e-11,0.6961696147918701,0.1045854389667511,0.02614692971110344,0.0,0.031054231703281407,0.0,0.0,0.0,0.0001,False,,,,,,,,,,,,,,
673,2.4486498832702637,-7.459118366241455,0.3336898982524872,0.33351802825927734,0.01563003659248352,1.7666338682174683,1.7649900913238525,8.179104804992676,0.07237090915441513,2.4741007853545938e-11,0.6955410242080688,0.1044158935546875,0.027693387120962143,2.4741007853545938e-11,0.6955410242080688,0.1044158935546875,0.027693387120962143,0.0,0.031054231703281407,0.0,0.0,0.0,0.0001,False,,,,,,,,,,,,,,
674,2.443279266357422,-7.494848251342773,0.3347671627998352,0.33437609672546387,0.014831685461103916,1.7599059343338013,1.7587025165557861,8.214475631713867,0.07526182383298874,1.182516758124752e-12,0.695231020450592,0.10448664426803589,0.027334585785865784,1.182516758124752e-12,0.695231020450592,0.10448664426803589,0.027334585785865784,0.0,0.031054231703281407,0.0,0.0,0.0,0.0001,False,,,,,,,,,,,,,,
675,2.439770221710205,-7.531784534454346,0.33306729793548584,0.3319410979747772,0.015360345132648945,1.7592157125473022,1.7595869302749634,8.252684593200684,0.07548078149557114,2.9569120589545417e-12,0.6965269446372986,0.10497594624757767,0.02670634351670742,2.9569120589545417e-12,0.6965269446372986,0.10497594624757767,0.02670634351670742,0.0,0.031054231703281407,0.0,0.0,0.0,0.0001,False,,,,,,,,,,,,,,
676,2.4401915073394775,-7.551620006561279,0.33318987488746643,0.3308558166027069,0.015227586962282658,1.7596619129180908,1.7621742486953735,8.271697044372559,0.07321970909833908,1.44655806430527e-11,0.6956496834754944,0.10464317351579666,0.027577446773648262,1.44655806430527e-11,0.6956496834754944,0.10464317351579666,0.027577446773648262,0.0,0.031054231703281407,0.0,0.0,0.0,0.0001,False,,,,,,,,,,,,,,
677,2.455470561981201,-7.526121616363525,0.3412553668022156,0.33907392621040344,0.014866885729134083,1.7592623233795166,1.7612864971160889,8.246345520019531,0.06578168272972107,1.3553639547497776e-12,0.6959864497184753,0.10459912568330765,0.025482047349214554,1.3553639547497776e-12,0.6959864497184753,0.10459912568330765,0.025482047349214554,0.0,0.031054231703281407,0.0,0.0,0.0,0.0001,False,,,,,,,,,,,,,,
678,2.445908546447754,-7.5043535232543945,0.33256521821022034,0.3311237096786499,0.015143328346312046,1.7668594121932983,1.7672933340072632,8.224407196044922,0.06701445579528809,2.2194599334931196e-14,0.6957316994667053,0.10440250486135483,0.026429016143083572,2.2194599334931196e-14,0.6957316994667053,0.10440250486135483,0.026429016143083572,0.0,0.031054231703281407,0.0,0.0,0.0,0.0001,False,,,,,,,,,,,,,,
679,2.4474568367004395,-7.545795917510986,0.3323539197444916,0.3310418128967285,0.015011520124971867,1.7687605619430542,1.7693382501602173,8.26509952545166,0.06460702419281006,7.741315726471354e-13,0.695044755935669,0.10399633646011353,0.02603764645755291,7.741315726471354e-13,0.695044755935669,0.10399633646011353,0.02603764645755291,0.0,0.031054231703281407,0.0,0.0,0.0,0.0001,False,,,,,,,,,,,,,,
680,2.4335036277770996,-7.559957504272461,0.3250052034854889,0.3243858218193054,0.01576666720211506,1.769060492515564,1.7676314115524292,8.280020713806152,0.07064494490623474,8.74874073197602e-15,0.6956803202629089,0.10452363640069962,0.027046717703342438,8.698493332025712e-12,0.6953133940696716,0.10430958122015,0.019321363419294357,0.0,0.031499545097351075,0.0,0.0,0.0,0.0001,False,0.7843495607376099,0.7843495607376099,0.21565043926239014,8.973345756530762,0.0,0.9202383160591125,3.987499237060547,-0.0,1.434758186340332,0.7836316227912903,8.627441193823282e-12,0.7836316227912903,0.014657486230134964,2.4412577152252197
681,2.4334969520568848,-7.552094459533691,0.3277645409107208,0.3275153338909149,0.015163039788603783,1.7638475894927979,1.7622607946395874,8.272923469543457,0.06954602152109146,1.2895919575262038e-11,0.6961987614631653,0.1044599637389183,0.02627863921225071,1.2895919575262038e-11,0.6961987614631653,0.1044599637389183,0.02627863921225071,0.0,0.031499545097351075,0.0,0.0,0.0,0.0001,False,,,,,,,,,,,,,,
682,2.4364209175109863,-7.56198263168335,0.32665809988975525,0.32654446363449097,0.014932735823094845,1.769075632095337,1.76749587059021,8.28230094909668,0.06990545243024826,3.292172923163861e-10,0.6956751346588135,0.10441982001066208,0.026529202237725258,3.292172923163861e-10,0.6956751346588135,0.10441982001066208,0.026529202237725258,0.0,0.031499545097351075,0.0,0.0,0.0,0.0001,False,,,,,,,,,,,,,,
683,2.4451394081115723,-7.6323041915893555,0.33302587270736694,0.3318690359592438,0.015613358467817307,1.7649344205856323,1.7643275260925293,8.353010177612305,0.07086842507123947,3.9519096003449994e-13,0.6960756182670593,0.10429762303829193,0.02631467953324318,3.9519096003449994e-13,0.6960756182670593,0.10429762303829193,0.02631467953324318,0.0,0.031499545097351075,0.0,0.0,0.0,0.0001,False,,,,,,,,,,,,,,
684,2.4340157508850098,-7.585919380187988,0.33280977606773376,0.33125197887420654,0.015050502493977547,1.754370093345642,1.7554365396499634,8.305909156799316,0.06875566393136978,6.580585382165438e-11,0.6953541040420532,0.1042417362332344,0.026638206094503403,6.580585382165438e-11,0.6953541040420532,0.1042417362332344,0.026638206094503403,0.0,0.031499545097351075,0.0,0.0,0.0,0.0001,False,,,,,,,,,,,,,,
685,2.4491825103759766,-7.607661247253418,0.33857402205467224,0.33695656061172485,0.0151790427044034,1.7580872774124146,1.7588584423065186,8.327826499938965,0.06729601323604584,3.770412038139881e-10,0.6956060528755188,0.10427958518266678,0.0257469043135643,3.770412038139881e-10,0.6956060528755188,0.10427958518266678,0.0257469043135643,0.0,0.031499545097351075,0.0,0.0,0.0,0.0001,False,,,,,,,,,,,,,,
686,2.435898780822754,-7.625346660614014,0.3287261724472046,0.32740867137908936,0.01483945082873106,1.764601707458496,1.765247106552124,8.345433235168457,0.06297510117292404,2.956625916317179e-11,0.6956145763397217,0.10407024621963501,0.02485271915793419,2.956625916317179e-11,0.6956145763397217,0.10407024621963501,0.02485271915793419,0.0,0.031499545097351075,0.0,0.0,0.0,0.0001,False,,,,,,,,,,,,,,
687,2.432542085647583,-7.626335620880127,0.32684966921806335,0.32564234733581543,0.014876165427267551,1.7651997804641724,1.7651478052139282,8.34511661529541,0.05836892127990723,2.7458279248417095e-13,0.6944100856781006,0.10376057028770447,0.024225937202572823,2.7458279248417095e-13,0.6944100856781006,0.10376057028770447,0.024225937202572823,0.0,0.031499545097351075,0.0,0.0,0.0,0.0001,False,,,,,,,,,,,,,,
688,2.430157423019409,-7.5666584968566895,0.3263244926929474,0.32607781887054443,0.015145644545555115,1.7635146379470825,1.7617042064666748,8.286050796508789,0.06451468169689178,6.25654195118841e-10,0.6948325037956238,0.10363946110010147,0.025976957753300667,6.25654195118841e-10,0.6948325037956238,0.10363946110010147,0.025976957753300667,0.0,0.031499545097351075,0.0,0.0,0.0,0.0001,False,,,,,,,,,,,,,,
689,2.440760612487793,-7.685497760772705,0.3281385898590088,0.3289563059806824,0.015239402651786804,1.769899845123291,1.7669531106948853,8.4054536819458,0.06605758517980576,2.1372717484702264e-10,0.6954183578491211,0.10382887721061707,0.025592252612113953,2.1372717484702264e-10,0.6954183578491211,0.10382887721061707,0.025592252612113953,0.0,0.031499545097351075,0.0,0.0,0.0,0.0001,False,,,,,,,,,,,,,,
690,2.429835796356201,-7.687386512756348,0.33045658469200134,0.3297881484031677,0.01512770727276802,1.7547732591629028,1.7541533708572388,8.407135963439941,0.06807433813810349,1.4676285187142923e-10,0.6951786279678345,0.1036411002278328,0.026109375059604645,3.722770324425058e-11,0.6938211917877197,0.10368796437978745,0.01924160122871399,0.0,0.0319433662891388,0.0,0.0,0.0,0.0001,False,0.7842606902122498,0.7842606902122498,0.21573930978775024,8.966771125793457,0.0,0.9253796339035034,3.9801383018493652,-0.0,1.4148564338684082,0.7838386297225952,3.6924475725394195e-11,0.7838386297225952,0.015676159411668777,2.430957794189453
691,2.4304661750793457,-7.642502307891846,0.3296685516834259,0.3288543224334717,0.015527583658695221,1.7562015056610107,1.756630301475525,8.362491607666016,0.06540367752313614,6.849332906400107e-11,0.6952261328697205,0.10398513078689575,0.0248777624219656,6.849332906400107e-11,0.6952261328697205,0.10398513078689575,0.0248777624219656,0.0,0.0319433662891388,0.0,0.0,0.0,0.0001,False,,,,,,,,,,,,,,
692,2.4311952590942383,-7.606282711029053,0.33108869194984436,0.33018559217453003,0.014514515176415443,1.7555994987487793,1.7552134990692139,8.326207160949707,0.0625373050570488,2.7169022240314256e-11,0.6950724124908447,0.10414887964725494,0.025799652561545372,2.7169022240314256e-11,0.6950724124908447,0.10414887964725494,0.025799652561545372,0.0,0.0319433662891388,0.0,0.0,0.0,0.0001,False,,,,,,,,,,,,,,
693,2.4544806480407715,-7.655232906341553,0.3380086123943329,0.3368244767189026,0.015212679281830788,1.7647582292556763,1.7641119956970215,8.373869895935059,0.061131663620471954,6.157622745028846e-10,0.6939735412597656,0.10394290834665298,0.024231867864727974,6.157622745028846e-10,0.6939735412597656,0.10394290834665298,0.024231867864727974,0.0,0.0319433662891388,0.0,0.0,0.0,0.0001,False,,,,,,,,,,,,,,
694,2.433959722518921,-7.729037761688232,0.3255928158760071,0.32460588216781616,0.015213029459118843,1.7686012983322144,1.7684946060180664,8.448775291442871,0.06498312950134277,4.00265974878633e-12,0.6949259042739868,0.10398504137992859,0.02544492296874523,4.00265974878633e-12,0.6949259042739868,0.10398504137992859,0.02544492296874523,0.0,0.0319433662891388,0.0,0.0,0.0,0.0001,False,,,,,,,,,,,,,,
695,2.443796157836914,-7.726797103881836,0.32780471444129944,0.3270717263221741,0.014916748739778996,1.774048089981079,1.7739580869674683,8.445743560791016,0.06475050747394562,1.451667230867315e-09,0.6940948367118835,0.1039724051952362,0.026063941419124603,1.451667230867315e-09,0.6940948367118835,0.1039724051952362,0.026063941419124603,0.0,0.0319433662891388,0.0,0.0,0.0,0.0001,False,,,,,,,,,,,,,,
696,2.448625087738037,-7.630343437194824,0.3330753743648529,0.332319974899292,0.015120071358978748,1.7684876918792725,1.7677315473556519,8.349590301513672,0.06426139920949936,5.940644642876691e-10,0.6943864822387695,0.10335326194763184,0.026124851778149605,5.940644642876691e-10,0.6943864822387695,0.10335326194763184,0.026124851778149605,0.0,0.0319433662891388,0.0,0.0,0.0,0.0001,False,,,,,,,,,,,,,,
697,2.4311912059783936,-7.640893936157227,0.32744142413139343,0.3272663652896881,0.014669117517769337,1.7626816034317017,1.7609468698501587,8.359789848327637,0.06271480768918991,1.9376118765013217e-11,0.6940609216690063,0.10334469377994537,0.025941146537661552,1.9376118765013217e-11,0.6940609216690063,0.10334469377994537,0.025941146537661552,0.0,0.0319433662891388,0.0,0.0,0.0,0.0001,False,,,,,,,,,,,,,,
698,2.451173782348633,-7.739315032958984,0.3348485231399536,0.3346754014492035,0.014799907803535461,1.7673405408859253,1.7663594484329224,8.458775520324707,0.0676533654332161,3.358633510197606e-11,0.6945992112159729,0.104182168841362,0.02604632079601288,3.358633510197606e-11,0.6945992112159729,0.104182168841362,0.02604632079601288,0.0,0.0319433662891388,0.0,0.0,0.0,0.0001,False,,,,,,,,,,,,,,
699,2.441934108734131,-7.793246746063232,0.33438390493392944,0.33246633410453796,0.015176869928836823,1.7589137554168701,1.7609000205993652,8.511541366577148,0.0661400780081749,2.552251077148071e-09,0.6935642957687378,0.10369636118412018,0.025014551356434822,2.552251077148071e-09,0.6935642957687378,0.10369636118412018,0.025014551356434822,0.0,0.0319433662891388,0.0,0.0,0.0,0.0001,False,,,,,,,,,,,,,,
700,2.4427788257598877,-7.760254383087158,0.33407846093177795,0.3326893746852875,0.015044644474983215,1.7600091695785522,1.7619234323501587,8.479355812072754,0.06163686886429787,2.573791735294151e-10,0.6943489909172058,0.10376386344432831,0.025015147402882576,1.3042046010422335e-11,0.693152666091919,0.10386455804109573,0.018715983256697655,0.0,0.03238651895523072,0.0,0.0,0.0,0.0001,False,0.783219039440155,0.783219039440155,0.21678096055984497,8.952235221862793,0.0,0.9280703067779541,3.9756863117218018,-0.0,1.4348113536834717,0.7836405038833618,1.2936015072044048e-11,0.7836405038833618,0.015531018376350403,2.4386305809020996
701,2.4277877807617188,-7.630460262298584,0.32579174637794495,0.3247055411338806,0.014658471569418907,1.7624890804290771,1.7627747058868408,8.34949016571045,0.05518624931573868,6.344701240085238e-12,0.6940667629241943,0.10472279042005539,0.02414001151919365,6.344701240085238e-12,0.6940667629241943,0.10472279042005539,0.02414001151919365,0.0,0.03238651895523072,0.0,0.0,0.0,0.0001,False,,,,,,,,,,,,,,
702,2.4571444988250732,-7.689297199249268,0.33747345209121704,0.33806610107421875,0.015187382698059082,1.7673860788345337,1.765448808670044,8.408244132995605,0.057032059878110886,3.069635908306556e-12,0.6939749717712402,0.10425731539726257,0.024223869666457176,3.069635908306556e-12,0.6939749717712402,0.10425731539726257,0.024223869666457176,0.0,0.03238651895523072,0.0,0.0,0.0,0.0001,False,,,,,,,,,,,,,,
703,2.4312615394592285,-7.830496788024902,0.3245975971221924,0.32418859004974365,0.014657844789326191,1.7685199975967407,1.7671148777008057,8.548762321472168,0.0583743080496788,9.921659327449817e-11,0.6932265162467957,0.10373368114233017,0.025208529084920883,9.921659327449817e-11,0.6932265162467957,0.10373368114233017,0.025208529084920883,0.0,0.03238651895523072,0.0,0.0,0.0,0.0001,False,,,,,,,,,,,,,,
704,2.4428460597991943,-7.84566068649292,0.33278942108154297,0.3316499590873718,0.015137411653995514,1.7631112337112427,1.7634273767471313,8.564760208129883,0.06188994646072388,1.5403507636069236e-10,0.6940276622772217,0.10409484803676605,0.02524188905954361,1.5403507636069236e-10,0.6940276622772217,0.10409484803676605,0.02524188905954361,0.0,0.03238651895523072,0.0,0.0,0.0,0.0001,False,,,,,,,,,,,,,,
705,2.448906421661377,-7.7217607498168945,0.33791404962539673,0.3358514904975891,0.015110663138329983,1.7589813470840454,1.7610793113708496,8.440740585327148,0.05480692535638809,2.672617715245712e-13,0.6939697265625,0.10445979237556458,0.02465309016406536,2.672617715245712e-13,0.6939697265625,0.10445979237556458,0.02465309016406536,0.0,0.03238651895523072,0.0,0.0,0.0,0.0001,False,,,,,,,,,,,,,,
706,2.4200494289398193,-7.69008731842041,0.3233703076839447,0.32263755798339844,0.014680556952953339,1.7596666812896729,1.759055256843567,8.40988826751709,0.05530726537108421,4.716451838457369e-13,0.6947295069694519,0.10399968177080154,0.02503056637942791,4.716451838457369e-13,0.6947295069694519,0.10399968177080154,0.02503056637942791,0.0,0.03238651895523072,0.0,0.0,0.0,0.0001,False,,,,,,,,,,,,,,
707,2.4497182369232178,-7.812664985656738,0.3351168632507324,0.33537018299102783,0.014530082233250141,1.7657392024993896,1.7636629343032837,8.531549453735352,0.06101036071777344,6.426321974561944e-11,0.6938986778259277,0.103992760181427,0.02440578304231167,6.426321974561944e-11,0.6938986778259277,0.103992760181427,0.02440578304231167,0.0,0.03238651895523072,0.0,0.0,0.0,0.0001,False,,,,,,,,,,,,,,
708,2.4425735473632812,-7.912679195404053,0.33422356843948364,0.333158940076828,0.015031260438263416,1.7603328227996826,1.7599866390228271,8.632433891296387,0.06364893913269043,1.1922592904264895e-12,0.6945822238922119,0.10395227372646332,0.026093950495123863,1.1922592904264895e-12,0.6945822238922119,0.10395227372646332,0.026093950495123863,0.0,0.03238651895523072,0.0,0.0,0.0,0.0001,False,,,,,,,,,,,,,,
709,2.462247610092163,-7.848651885986328,0.34578731656074524,0.34479010105133057,0.015419562347233295,1.755988597869873,1.7565126419067383,8.567221641540527,0.056004006415605545,3.2334578807871606e-13,0.6935445070266724,0.10387273132801056,0.02493981085717678,3.2334578807871606e-13,0.6935445070266724,0.10387273132801056,0.02493981085717678,0.0,0.03238651895523072,0.0,0.0,0.0,0.0001,False,,,,,,,,,,,,,,
710,2.4346442222595215,-7.720851421356201,0.3302936255931854,0.329529732465744,0.014629989862442017,1.7602880001068115,1.7600940465927124,8.43927001953125,0.05150817334651947,1.1405625575944267e-11,0.6934576630592346,0.10352163016796112,0.02427448146045208,4.51452941714156e-11,0.6932361721992493,0.10338454693555832,0.017170676961541176,0.0,0.032829755127429965,0.0,0.0,0.0,0.0001,False,0.7828169465065002,0.7828169465065002,0.21718305349349976,8.991730690002441,0.0,0.9273977279663086,3.9750027656555176,-0.0,1.4264717102050781,0.7836043238639832,4.477826755342625e-11,0.7836043238639832,0.015328112058341503,2.440978527069092
711,2.43656587600708,-7.766852855682373,0.3267655074596405,0.32703283429145813,0.015004207380115986,1.7680656909942627,1.7674610614776611,8.485801696777344,0.052527304738759995,7.07850167369628e-10,0.693752646446228,0.10366865992546082,0.023512940853834152,7.07850167369628e-10,0.693752646446228,0.10366865992546082,0.023512940853834152,0.0,0.032829755127429965,0.0,0.0,0.0,0.0001,False,,,,,,,,,,,,,,
712,2.4430489540100098,-7.889590263366699,0.33037152886390686,0.33003711700439453,0.014633912593126297,1.7686115503311157,1.7674014568328857,8.60992431640625,0.06009623780846596,5.847032580330591e-11,0.6950023770332336,0.10322427749633789,0.024487756192684174,5.847032580330591e-11,0.6950023770332336,0.10322427749633789,0.024487756192684174,0.0,0.032829755127429965,0.0,0.0,0.0,0.0001,False,,,,,,,,,,,,,,
713,2.436344861984253,-7.893943786621094,0.33239999413490295,0.33093324303627014,0.014881271868944168,1.757728934288025,1.7585315704345703,8.613015174865723,0.05865577980875969,1.192421361650986e-08,0.6938157677650452,0.10310572385787964,0.024102644994854927,1.192421361650986e-08,0.6938157677650452,0.10310572385787964,0.024102644994854927,0.0,0.032829755127429965,0.0,0.0,0.0,0.0001,False,,,,,,,,,,,,,,
714,2.4401631355285645,-7.8151960372924805,0.33171945810317993,0.3303709924221039,0.01498821284621954,1.7628836631774902,1.7632851600646973,8.534235000610352,0.058097101747989655,1.0487457430263802e-10,0.6937230229377747,0.10314511507749557,0.024667225778102875,1.0487457430263802e-10,0.6937230229377747,0.10314511507749557,0.024667225778102875,0.0,0.032829755127429965,0.0,0.0,0.0,0.0001,False,,,,,,,,,,,,,,
715,2.4293112754821777,-7.755239486694336,0.32574254274368286,0.32570934295654297,0.01451281737536192,1.7644635438919067,1.7622294425964355,8.475435256958008,0.055715229362249374,2.07979203303843e-10,0.6949506402015686,0.10371185839176178,0.02358284406363964,2.07979203303843e-10,0.6949506402015686,0.10371185839176178,0.02358284406363964,0.0,0.032829755127429965,0.0,0.0,0.0,0.0001,False,,,,,,,,,,,,,,
716,2.443816900253296,-7.8886566162109375,0.32849982380867004,0.3279287815093994,0.015339341945946217,1.7725398540496826,1.7715582847595215,8.607897758483887,0.05582951009273529,8.242019566839787e-11,0.6940446496009827,0.10335494577884674,0.023388484492897987,8.242019566839787e-11,0.6940446496009827,0.10335494577884674,0.023388484492897987,0.0,0.032829755127429965,0.0,0.0,0.0,0.0001,False,,,,,,,,,,,,,,
717,2.451524496078491,-7.9560770988464355,0.33725985884666443,0.3359832465648651,0.014558827504515648,1.7638685703277588,1.7635765075683594,8.675966262817383,0.06030191108584404,4.889564864107854e-10,0.694598376750946,0.10295675694942474,0.02416951023042202,4.889564864107854e-10,0.694598376750946,0.10295675694942474,0.02416951023042202,0.0,0.032829755127429965,0.0,0.0,0.0,0.0001,False,,,,,,,,,,,,,,
718,2.453684091567993,-7.884079456329346,0.3388197720050812,0.3375059962272644,0.01497796643525362,1.7620736360549927,1.762687087059021,8.60323715209961,0.05560455843806267,1.2174175556545208e-10,0.6939350366592407,0.10282765328884125,0.023716866970062256,1.2174175556545208e-10,0.6939350366592407,0.10282765328884125,0.023716866970062256,0.0,0.032829755127429965,0.0,0.0,0.0,0.0001,False,,,,,,,,,,,,,,
719,2.427119255065918,-7.797788143157959,0.32757511734962463,0.3267425000667572,0.01455112174153328,1.758621096611023,1.7578797340393066,8.517008781433105,0.0513484887778759,1.4424546002089755e-09,0.6940324306488037,0.10300958901643753,0.02332787960767746,1.4424546002089755e-09,0.6940324306488037,0.10300958901643753,0.02332787960767746,0.0,0.032829755127429965,0.0,0.0,0.0,0.0001,False,,,,,,,,,,,,,,
720,2.4375853538513184,-7.85261869430542,0.3290083408355713,0.32894080877304077,0.014435251243412495,1.7661341428756714,1.764268159866333,8.57154369354248,0.04922861233353615,1.1826137291670591e-11,0.6938356161117554,0.10302101075649261,0.022388257086277008,9.633916852572441e-11,0.6930732131004333,0.10316015034914017,0.016474422067403793,0.0,0.0332728283405304,0.0,0.0,0.0,0.0001,False,0.7828044891357422,0.7828044891357422,0.2171955108642578,8.995328903198242,0.0,0.9255717992782593,3.9767069816589355,-0.0,1.4208602905273438,0.7834596633911133,9.555596080295526e-11,0.7834596633911133,0.012993672862648964,2.4516806602478027
721,2.443394899368286,-7.942795753479004,0.32926681637763977,0.32914331555366516,0.014627654105424881,1.7712756395339966,1.7694387435913086,8.662300109863281,0.05557277426123619,1.575253172347857e-08,0.6939941644668579,0.10312262177467346,0.023488923907279968,1.575253172347857e-08,0.6939941644668579,0.10312262177467346,0.023488923907279968,0.0,0.0332728283405304,0.0,0.0,0.0,0.0001,False,,,,,,,,,,,,,,
722,2.4457926750183105,-8.021327018737793,0.33358755707740784,0.332623690366745,0.014931066893041134,1.7644407749176025,1.7648601531982422,8.740996360778809,0.060187384486198425,6.468151101529651e-12,0.6940997242927551,0.10345957428216934,0.024042757228016853,6.468151101529651e-12,0.6940997242927551,0.10345957428216934,0.024042757228016853,0.0,0.0332728283405304,0.0,0.0,0.0,0.0001,False,,,,,,,,,,,,,,
723,2.4474806785583496,-7.932164192199707,0.3369816243648529,0.3356580138206482,0.015237713232636452,1.759108304977417,1.7600985765457153,8.651222229003906,0.05334487557411194,2.98465072101628e-12,0.6935857534408569,0.10322128236293793,0.023211240768432617,2.98465072101628e-12,0.6935857534408569,0.10322128236293793,0.023211240768432617,0.0,0.0332728283405304,0.0,0.0,0.0,0.0001,False,,,,,,,,,,,,,,
724,2.4417011737823486,-7.84405517578125,0.3311648368835449,0.33051326870918274,0.01500017661601305,1.7653980255126953,1.7646477222442627,8.56303882598877,0.04750711843371391,2.635449192212036e-09,0.6935139298439026,0.10317379236221313,0.023182202130556107,2.635449192212036e-09,0.6935139298439026,0.10317379236221313,0.023182202130556107,0.0,0.0332728283405304,0.0,0.0,0.0,0.0001,False,,,,,,,,,,,,,,
725,2.4472270011901855,-7.934426307678223,0.33395159244537354,0.33355751633644104,0.015329739078879356,1.7653388977050781,1.7634378671646118,8.65361499786377,0.04882827401161194,2.0861798954996402e-09,0.6937283873558044,0.10345529764890671,0.023044530302286148,2.0861798954996402e-09,0.6937283873558044,0.10345529764890671,0.023044530302286148,0.0,0.0332728283405304,0.0,0.0,0.0,0.0001,False,,,,,,,,,,,,,,
726,2.4471964836120605,-8.031078338623047,0.3367763161659241,0.3364793062210083,0.014857697300612926,1.7600407600402832,1.7581254243850708,8.750361442565918,0.05022430792450905,3.221395719621434e-11,0.6937206387519836,0.10301850736141205,0.024044008925557137,3.221395719621434e-11,0.6937206387519836,0.10301850736141205,0.024044008925557137,0.0,0.0332728283405304,0.0,0.0,0.0,0.0001,False,,,,,,,,,,,,,,
727,2.451937437057495,-8.026008605957031,0.33859485387802124,0.3376593291759491,0.014645449817180634,1.7610491514205933,1.7610265016555786,8.745085716247559,0.051933106034994125,1.0410059481102962e-09,0.6936190724372864,0.10297659784555435,0.023066703230142593,1.0410059481102962e-09,0.6936190724372864,0.10297659784555435,0.023066703230142593,0.0,0.0332728283405304,0.0,0.0,0.0,0.0001,False,,,,,,,,,,,,,,
728,2.4424524307250977,-7.923991680145264,0.3344667851924896,0.33391398191452026,0.014774024486541748,1.7596111297607422,1.758984088897705,8.64379596710205,0.045922230929136276,5.839482786207384e-10,0.6943256258964539,0.10294187068939209,0.023035157471895218,5.839482786207384e-10,0.6943256258964539,0.10294187068939209,0.023035157471895218,0.0,0.0332728283405304,0.0,0.0,0.0,0.0001,False,,,,,,,,,,,,,,
729,2.4354817867279053,-7.8736724853515625,0.32987895607948303,0.3287227749824524,0.014657831750810146,1.7621060609817505,1.7623382806777954,8.593305587768555,0.04735350236296654,1.3727284933762185e-11,0.6942027807235718,0.1033630520105362,0.022550396621227264,1.3727284933762185e-11,0.6942027807235718,0.1033630520105362,0.022550396621227264,0.0,0.0332728283405304,0.0,0.0,0.0,0.0001,False,,,,,,,,,,,,,,
730,2.4603915214538574,-7.9856719970703125,0.33990052342414856,0.3390684723854065,0.014986279420554638,1.7666523456573486,1.7662203311920166,8.704480171203613,0.04996294155716896,7.833691917369379e-09,0.6933202147483826,0.10339995473623276,0.023460229858756065,1.7434360722549565e-10,0.6931032538414001,0.10307181626558304,0.016716495156288147,0.0,0.0337159315943718,0.0,0.0,0.0,0.0001,False,0.7825208902359009,0.7825208902359009,0.21747910976409912,8.986432075500488,0.0,0.9250432848930359,3.9772398471832275,-0.0,1.4099712371826172,0.7834886312484741,1.7292636779754727e-10,0.7834886312484741,0.01200486347079277,2.4731788635253906
731,2.4421894550323486,-8.062572479248047,0.33025065064430237,0.3282325863838196,0.015119574032723904,1.7680867910385132,1.7690865993499756,8.782710075378418,0.0600656233727932,8.787323646508582e-11,0.6942591071128845,0.10322802513837814,0.02402501553297043,8.787323646508582e-11,0.6942591071128845,0.10322802513837814,0.02402501553297043,0.0,0.0337159315943718,0.0,0.0,0.0,0.0001,False,,,,,,,,,,,,,,
732,2.450791358947754,-8.02285099029541,0.3405417203903198,0.3391142785549164,0.015106352977454662,1.7553976774215698,1.756659984588623,8.742647171020508,0.05496308207511902,8.966167652085799e-13,0.6939733624458313,0.10336073487997055,0.02356679178774357,8.966167652085799e-13,0.6939733624458313,0.10336073487997055,0.02356679178774357,0.0,0.0337159315943718,0.0,0.0,0.0,0.0001,False,,,,,,,,,,,,,,
733,2.4423060417175293,-7.976848602294922,0.33309486508369446,0.3315947949886322,0.014838275499641895,1.7624545097351074,1.7631016969680786,8.696146965026855,0.047351863235235214,6.941213714917183e-10,0.6935909986495972,0.10314621776342392,0.022456906735897064,6.941213714917183e-10,0.6935909986495972,0.10314621776342392,0.022456906735897064,0.0,0.0337159315943718,0.0,0.0,0.0,0.0001,False,,,,,,,,,,,,,,
734,2.447247266769409,-7.951035976409912,0.3351897597312927,0.3348541557788849,0.014603628776967525,1.7636629343032837,1.7615364789962769,8.67066478729248,0.04875525087118149,6.667162932849635e-10,0.6938843727111816,0.10281871259212494,0.02276153303682804,6.667162932849635e-10,0.6938843727111816,0.10281871259212494,0.02276153303682804,0.0,0.0337159315943718,0.0,0.0,0.0,0.0001,False,,,,,,,,,,,,,,
735,2.449517250061035,-8.0179443359375,0.3363819420337677,0.3358335793018341,0.01435618195682764,1.7637206315994263,1.7621707916259766,8.737716674804688,0.050222743302583694,5.2485422258330416e-11,0.6940261721611023,0.10320252180099487,0.022764641791582108,5.2485422258330416e-11,0.6940261721611023,0.10320252180099487,0.022764641791582108,0.0,0.0337159315943718,0.0,0.0,0.0,0.0001,False,,,,,,,,,,,,,,
736,2.4421885013580322,-8.078299522399902,0.33240410685539246,0.3323715925216675,0.014429292641580105,1.7636018991470337,1.7623652219772339,8.79820728302002,0.051863893866539,7.450877137493706e-10,0.6941136717796326,0.10330945998430252,0.023168521001935005,7.450877137493706e-10,0.6941136717796326,0.10330945998430252,0.023168521001935005,0.0,0.0337159315943718,0.0,0.0,0.0,0.0001,False,,,,,,,,,,,,,,
737,2.4309780597686768,-8.053644180297852,0.3296576142311096,0.32850217819213867,0.01464404072612524,1.7576470375061035,1.7587013244628906,8.772920608520508,0.04471799358725548,2.767040596651782e-09,0.6936485767364502,0.10298850387334824,0.021634962409734726,2.767040596651782e-09,0.6936485767364502,0.10298850387334824,0.021634962409734726,0.0,0.0337159315943718,0.0,0.0,0.0,0.0001,False,,,,,,,,,,,,,,
738,2.458221912384033,-8.019524574279785,0.3404284417629242,0.33860209584236145,0.014706071466207504,1.7638784646987915,1.7650920152664185,8.739251136779785,0.045400213450193405,8.359053538242733e-08,0.6940428614616394,0.10323314368724823,0.022104449570178986,8.359053538242733e-08,0.6940428614616394,0.10323314368724823,0.022104449570178986,0.0,0.0337159315943718,0.0,0.0,0.0,0.0001,False,,,,,,,,,,,,,,
739,2.449225902557373,-8.013628959655762,0.3356189429759979,0.3340911567211151,0.0145647581666708,1.765017032623291,1.7648850679397583,8.732943534851074,0.046500708907842636,1.1660712395666906e-08,0.6936376690864563,0.10331330448389053,0.02217697724699974,1.1660712395666906e-08,0.6936376690864563,0.10331330448389053,0.02217697724699974,0.0,0.0337159315943718,0.0,0.0,0.0,0.0001,False,,,,,,,,,,,,,,
740,2.4550249576568604,-8.064790725708008,0.33680015802383423,0.33579641580581665,0.014944487251341343,1.7675429582595825,1.7674249410629272,8.784652709960938,0.05420231819152832,2.0054715665906997e-09,0.6940388679504395,0.10317185521125793,0.023503409698605537,6.072359074103889e-10,0.693178653717041,0.1029851958155632,0.01651962846517563,0.0,0.03415911024808884,0.0,0.0,0.0,0.0001,False,0.7832558751106262,0.7832558751106262,0.21674412488937378,9.00759220123291,0.0,0.9265808463096619,3.975975275039673,-0.0,1.4080631732940674,0.7835448384284973,6.02299539368605e-10,0.7835447788238525,0.011422108858823776,2.486682891845703
741,2.4470627307891846,-8.097814559936523,0.33557918667793274,0.3340591490268707,0.014279704540967941,1.7625232934951782,1.7637659311294556,8.817176818847656,0.050165239721536636,3.584134988798837e-09,0.693278968334198,0.1029810756444931,0.02323775738477707,3.584134988798837e-09,0.693278968334198,0.1029810756444931,0.02323775738477707,0.0,0.03415911024808884,0.0,0.0,0.0,0.0001,False,,,,,,,,,,,,,,
742,2.4417028427124023,-8.04243278503418,0.33338823914527893,0.3317815959453583,0.014500046148896217,1.7615314722061157,1.7625346183776855,8.761908531188965,0.051367271691560745,1.4421368099704068e-08,0.6934309005737305,0.10304729640483856,0.022764641791582108,1.4421368099704068e-08,0.6934309005737305,0.10304729640483856,0.022764641791582108,0.0,0.03415911024808884,0.0,0.0,0.0,0.0001,False,,,,,,,,,,,,,,
743,2.4414987564086914,-8.005563735961914,0.32863685488700867,0.32794028520584106,0.014776956290006638,1.7704218626022339,1.7698677778244019,8.72512435913086,0.04540473595261574,8.754355462770036e-09,0.6935427188873291,0.10316652059555054,0.02252325415611267,8.754355462770036e-09,0.6935427188873291,0.10316652059555054,0.02252325415611267,0.0,0.03415911024808884,0.0,0.0,0.0,0.0001,False,,,,,,,,,,,,,,
744,2.4665257930755615,-8.111204147338867,0.3418532907962799,0.34186676144599915,0.014611361548304558,1.7690626382827759,1.7673261165618896,8.830582618713379,0.04692108556628227,1.3105358812048884e-11,0.693396806716919,0.1032286062836647,0.022173933684825897,1.3105358812048884e-11,0.693396806716919,0.1032286062836647,0.022173933684825897,0.0,0.03415911024808884,0.0,0.0,0.0,0.0001,False,,,,,,,,,,,,,,
745,2.441960334777832,-8.137846946716309,0.33368632197380066,0.332258015871048,0.014533297158777714,1.7612801790237427,1.7616852521896362,8.857994079589844,0.04728665202856064,2.53879317568817e-08,0.6940923929214478,0.10344535857439041,0.022697189822793007,2.53879317568817e-08,0.6940923929214478,0.10344535857439041,0.022697189822793007,0.0,0.03415911024808884,0.0,0.0,0.0,0.0001,False,,,,,,,,,,,,,,
746,2.461287021636963,-8.109193801879883,0.34300416707992554,0.34135568141937256,0.014338014647364616,1.7621678113937378,1.7630103826522827,8.828391075134277,0.042212698608636856,3.2178860465137404e-08,0.6933542490005493,0.10296963900327682,0.020818687975406647,3.2178860465137404e-08,0.6933542490005493,0.10296963900327682,0.020818687975406647,0.0,0.03415911024808884,0.0,0.0,0.0,0.0001,False,,,,,,,,,,,,,,
747,2.4300496578216553,-8.065407752990723,0.3259374499320984,0.32495206594467163,0.014353331178426743,1.7648292779922485,1.7647842168807983,8.785202026367188,0.04147517308592796,1.273302245863306e-07,0.6939067244529724,0.10293377190828323,0.021080614998936653,1.273302245863306e-07,0.6939067244529724,0.10293377190828323,0.021080614998936653,0.0,0.03415911024808884,0.0,0.0,0.0,0.0001,False,,,,,,,,,,,,,,
748,2.439028263092041,-8.101036071777344,0.3301074802875519,0.3293592631816864,0.014789121225476265,1.7652839422225952,1.76426100730896,8.820521354675293,0.04509945958852768,7.55056683843236e-10,0.693511962890625,0.10286478698253632,0.02205333672463894,7.55056683843236e-10,0.693511962890625,0.10286478698253632,0.02205333672463894,0.0,0.03415911024808884,0.0,0.0,0.0,0.0001,False,,,,,,,,,,,,,,
749,2.4352686405181885,-8.14694595336914,0.326494961977005,0.3255331814289093,0.01482000108808279,1.7685035467147827,1.7683374881744385,8.866389274597168,0.04371699318289757,2.800772724853573e-09,0.6934716105461121,0.10348343104124069,0.02206609398126602,2.800772724853573e-09,0.6934716105461121,0.10348343104124069,0.02206609398126602,0.0,0.03415911024808884,0.0,0.0,0.0,0.0001,False,,,,,,,,,,,,,,
750,2.4481654167175293,-8.141737937927246,0.333692342042923,0.3326054513454437,0.014466233551502228,1.7675398588180542,1.7672628164291382,8.861393928527832,0.04635465517640114,2.664868992141578e-09,0.6936516761779785,0.10259735584259033,0.02234487608075142,4.107449695037903e-10,0.6930985450744629,0.10289353132247925,0.016106799244880676,0.0,0.0346022087931633,0.0,0.0,0.0,0.0001,False,0.7834980487823486,0.7834980487823486,0.21650195121765137,9.004878044128418,0.0,0.9247549772262573,3.978529691696167,-0.0,1.4070003032684326,0.7835472822189331,4.074057958797243e-10,0.7835472822189331,0.010920723900198936,2.496690273284912
751,2.441331148147583,-8.112911224365234,0.33453333377838135,0.33321377635002136,0.014411164447665215,1.7592991590499878,1.7590467929840088,8.832560539245605,0.045375142246484756,4.217897142666516e-08,0.693341851234436,0.10297489166259766,0.022390156984329224,4.217897142666516e-08,0.693341851234436,0.10297489166259766,0.022390156984329224,0.0,0.0346022087931633,0.0,0.0,0.0,0.0001,False,,,,,,,,,,,,,,
752,2.444671630859375,-8.124131202697754,0.3352765142917633,0.33364248275756836,0.014615523628890514,1.7612059116363525,1.7610684633255005,8.843966484069824,0.040322445333004,3.158420192050926e-10,0.6935971975326538,0.102596215903759,0.021626947447657585,3.158420192050926e-10,0.6935971975326538,0.102596215903759,0.021626947447657585,0.0,0.0346022087931633,0.0,0.0,0.0,0.0001,False,,,,,,,,,,,,,,
753,2.442366600036621,-8.191054344177246,0.3324946165084839,0.331606924533844,0.014467607252299786,1.7640093564987183,1.7635855674743652,8.910701751708984,0.041715461760759354,2.7127002900917407e-12,0.6933783888816833,0.10312185436487198,0.021984782069921494,2.7127002900917407e-12,0.6933783888816833,0.10312185436487198,0.021984782069921494,0.0,0.0346022087931633,0.0,0.0,0.0,0.0001,False,,,,,,,,,,,,,,
754,2.443634510040283,-8.2005033493042,0.3354538679122925,0.33389338850975037,0.014377277344465256,1.75954270362854,1.7602770328521729,8.92041015625,0.043731652200222015,2.2306452240883345e-09,0.6936938762664795,0.10285945236682892,0.021334270015358925,2.2306452240883345e-09,0.6936938762664795,0.10285945236682892,0.021334270015358925,0.0,0.0346022087931633,0.0,0.0,0.0,0.0001,False,,,,,,,,,,,,,,
755,2.4637227058410645,-8.134995460510254,0.34709632396698,0.34520965814590454,0.014168770983815193,1.7570208311080933,1.7574752569198608,8.854743957519531,0.041969623416662216,2.2155748347074677e-09,0.6935044527053833,0.1029524952173233,0.021688461303710938,2.2155748347074677e-09,0.6935044527053833,0.1029524952173233,0.021688461303710938,0.0,0.0346022087931633,0.0,0.0,0.0,0.0001,False,,,,,,,,,,,,,,
756,2.454868793487549,-8.170848846435547,0.3360133171081543,0.33474287390708923,0.01482797134667635,1.7697442770004272,1.768824815750122,8.891388893127441,0.038653772324323654,6.112369499433612e-10,0.6943495273590088,0.10303793102502823,0.02089141495525837,6.112369499433612e-10,0.6943495273590088,0.10303793102502823,0.02089141495525837,0.0,0.0346022087931633,0.0,0.0,0.0,0.0001,False,,,,,,,,,,,,,,
757,2.4344229698181152,-8.17199993133545,0.32765647768974304,0.3279697895050049,0.014234925620257854,1.7656991481781006,1.7634243965148926,8.891804695129395,0.04114082083106041,2.993221004388147e-09,0.6935684680938721,0.1032850593328476,0.021585708484053612,2.993221004388147e-09,0.6935684680938721,0.1032850593328476,0.021585708484053612,0.0,0.0346022087931633,0.0,0.0,0.0,0.0001,False,,,,,,,,,,,,,,
758,2.442124843597412,-8.205395698547363,0.33386385440826416,0.3328213095664978,0.014149577356874943,1.7615916728973389,1.760988473892212,8.925148010253906,0.043662603944540024,7.0387842221464325e-09,0.6934980154037476,0.10330460220575333,0.021806245669722557,7.0387842221464325e-09,0.6934980154037476,0.10330460220575333,0.021806245669722557,0.0,0.0346022087931633,0.0,0.0,0.0,0.0001,False,,,,,,,,,,,,,,
759,2.4286108016967773,-8.22826099395752,0.32652902603149414,0.3256436586380005,0.01447333861142397,1.7623569965362549,1.7615727186203003,8.948046684265137,0.044450510293245316,1.1653190412630465e-08,0.6935591697692871,0.10309745371341705,0.021479282528162003,1.1653190412630465e-08,0.6935591697692871,0.10309745371341705,0.021479282528162003,0.0,0.0346022087931633,0.0,0.0,0.0,0.0001,False,,,,,,,,,,,,,,
760,2.449007987976074,-8.229780197143555,0.3385092318058014,0.33676666021347046,0.014685572125017643,1.7581626176834106,1.7599302530288696,8.94986629486084,0.04370151460170746,4.5977374685257644e-11,0.6938527226448059,0.1030605360865593,0.02150476723909378,3.026371524737873e-10,0.6929900050163269,0.10314340144395828,0.015450666658580303,0.0,0.035045198798179626,0.0,0.0,0.0,0.0001,False,0.783563494682312,0.783563494682312,0.216436505317688,9.014812469482422,0.0,0.9258120656013489,3.9736201763153076,-0.0,1.4057948589324951,0.7833910584449768,3.0017792633939205e-10,0.7833910584449768,0.01100448239594698,2.5110254287719727
761,2.4295687675476074,-8.225428581237793,0.3271893858909607,0.32510578632354736,0.014358832500874996,1.7619788646697998,1.7638508081436157,8.945408821105957,0.04138123616576195,9.406429413161277e-09,0.6934301853179932,0.10270319879055023,0.021705418825149536,9.406429413161277e-09,0.6934301853179932,0.10270319879055023,0.021705418825149536,0.0,0.035045198798179626,0.0,0.0,0.0,0.0001,False,,,,,,,,,,,,,,
762,2.459700107574463,-8.196823120117188,0.3426903486251831,0.34099358320236206,0.014057201333343983,1.7615127563476562,1.7624053955078125,8.916926383972168,0.03852912411093712,3.581094087934389e-09,0.6936319470405579,0.10316276550292969,0.02083260379731655,3.581094087934389e-09,0.6936319470405579,0.10316276550292969,0.02083260379731655,0.0,0.035045198798179626,0.0,0.0,0.0,0.0001,False,,,,,,,,,,,,,,
763,2.4587924480438232,-8.268938064575195,0.339881032705307,0.33887046575546265,0.014257125556468964,1.7656031847000122,1.7659645080566406,8.988909721374512,0.043092187494039536,7.656320910598424e-09,0.6934385895729065,0.10319674015045166,0.021552320569753647,7.656320910598424e-09,0.6934385895729065,0.10319674015045166,0.021552320569753647,0.0,0.035045198798179626,0.0,0.0,0.0,0.0001,False,,,,,,,,,,,,,,
764,2.455535650253296,-8.296134948730469,0.33423733711242676,0.33318889141082764,0.014663556590676308,1.7734500169754028,1.7734415531158447,9.015789985656738,0.04229158163070679,1.7123978623967417e-10,0.6931195855140686,0.1031964123249054,0.02164699137210846,1.7123978623967417e-10,0.6931195855140686,0.1031964123249054,0.02164699137210846,0.0,0.035045198798179626,0.0,0.0,0.0,0.0001,False,,,,,,,,,,,,,,
765,2.434968948364258,-8.250776290893555,0.3272373080253601,0.3264792561531067,0.014419219456613064,1.767148494720459,1.7665181159973145,8.970564842224121,0.04043794795870781,2.2835902058204738e-08,0.6932745575904846,0.10299747437238693,0.021415239199995995,2.2835902058204738e-08,0.6932745575904846,0.10299747437238693,0.021415239199995995,0.0,0.035045198798179626,0.0,0.0,0.0,0.0001,False,,,,,,,,,,,,,,
766,2.438272714614868,-8.161222457885742,0.33079850673675537,0.33024758100509644,0.014176552183926105,1.7640302181243896,1.7620699405670166,8.881185531616211,0.040681540966033936,1.601450527743964e-08,0.693466067314148,0.10379555821418762,0.021183419972658157,1.601450527743964e-08,0.693466067314148,0.10379555821418762,0.021183419972658157,0.0,0.035045198798179626,0.0,0.0,0.0,0.0001,False,,,,,,,,,,,,,,
767,2.464486837387085,-8.252540588378906,0.338894784450531,0.33818426728248596,0.014545047655701637,1.7738759517669678,1.7718496322631836,8.972480773925781,0.03969575837254524,3.2607866407019515e-10,0.6934458613395691,0.10353309661149979,0.02116934396326542,3.2607866407019515e-10,0.6934458613395691,0.10353309661149979,0.02116934396326542,0.0,0.035045198798179626,0.0,0.0,0.0,0.0001,False,,,,,,,,,,,,,,
768,2.4420998096466064,-8.366991996765137,0.3324168622493744,0.33114734292030334,0.014259622432291508,1.7645269632339478,1.764025092124939,9.087005615234375,0.04330271854996681,5.541314074264392e-10,0.6934371590614319,0.10332222282886505,0.021947676315903664,5.541314074264392e-10,0.6934371590614319,0.10332222282886505,0.021947676315903664,0.0,0.035045198798179626,0.0,0.0,0.0,0.0001,False,,,,,,,,,,,,,,
769,2.4444549083709717,-8.3560791015625,0.33692237734794617,0.33547744154930115,0.01463701669126749,1.75690495967865,1.7579312324523926,9.076125144958496,0.03969346731901169,2.5188853669533273e-08,0.693574070930481,0.10331619530916214,0.020891930907964706,2.5188853669533273e-08,0.693574070930481,0.10331619530916214,0.020891930907964706,0.0,0.035045198798179626,0.0,0.0,0.0,0.0001,False,,,,,,,,,,,,,,
770,2.449836254119873,-8.246745109558105,0.33847901225090027,0.3364820182323456,0.014225109480321407,1.7600518465042114,1.7612484693527222,8.966374397277832,0.03545159846544266,7.082250785828137e-09,0.6932104825973511,0.10310438275337219,0.02046237327158451,1.1539232035409e-09,0.6929539442062378,0.10316085815429688,0.014449473470449448,0.0,0.03548815274238586,0.0,0.0,0.0,0.0001,False,0.7841412425041199,0.7841412425041199,0.21585875749588013,9.01781940460205,0.0,0.9260042905807495,3.974471092224121,-0.0,1.4122183322906494,0.7833802103996277,1.1445461221110526e-09,0.7833802103996277,0.010695607401430607,2.5221662521362305
771,2.445756673812866,-8.261496543884277,0.331142783164978,0.3298538029193878,0.014803824946284294,1.7697633504867554,1.7701492309570312,8.981752395629883,0.03659234195947647,1.677720982973252e-11,0.6934781074523926,0.10341712087392807,0.020909324288368225,1.677720982973252e-11,0.6934781074523926,0.10341712087392807,0.020909324288368225,0.0,0.03548815274238586,0.0,0.0,0.0,0.0001,False,,,,,,,,,,,,,,
772,2.4451897144317627,-8.367420196533203,0.3362530767917633,0.33601006865501404,0.014285558834671974,1.7591150999069214,1.758167028427124,9.087682723999023,0.03949904441833496,1.242268954371184e-08,0.6934654712677002,0.1033986359834671,0.0211179219186306,1.242268954371184e-08,0.6934654712677002,0.1033986359834671,0.0211179219186306,0.0,0.03548815274238586,0.0,0.0,0.0,0.0001,False,,,,,,,,,,,,,,
773,2.4441301822662354,-8.386032104492188,0.3382568657398224,0.33692416548728943,0.014243518002331257,1.7548915147781372,1.7545199394226074,9.106050491333008,0.04218180105090141,9.053914595824608e-08,0.693267822265625,0.10322229564189911,0.020677290856838226,9.053914595824608e-08,0.693267822265625,0.10322229564189911,0.020677290856838226,0.0,0.03548815274238586,0.0,0.0,0.0,0.0001,False,,,,,,,,,,,,,,
774,2.46205997467041,-8.318280220031738,0.3449217975139618,0.34358105063438416,0.01475414726883173,1.7588189840316772,1.7587867975234985,9.03852367401123,0.042687926441431046,1.6665306645791134e-07,0.6934662461280823,0.10300415754318237,0.02087773010134697,1.6665306645791134e-07,0.6934662461280823,0.10300415754318237,0.02087773010134697,0.0,0.03548815274238586,0.0,0.0,0.0,0.0001,False,,,,,,,,,,,,,,
775,2.446803569793701,-8.264143943786621,0.33651646971702576,0.33675479888916016,0.014265398494899273,1.7601858377456665,1.7583481073379517,8.984457015991211,0.036133766174316406,6.366059901452559e-10,0.693584680557251,0.10319972783327103,0.020354945212602615,6.366059901452559e-10,0.693584680557251,0.10319972783327103,0.020354945212602615,0.0,0.03548815274238586,0.0,0.0,0.0,0.0001,False,,,,,,,,,,,,,,
776,2.4387729167938232,-8.304646492004395,0.32596781849861145,0.32590243220329285,0.014256739988923073,1.7734898328781128,1.7718020677566528,9.025004386901855,0.0419854037463665,5.379684111378458e-12,0.6935344338417053,0.10327164828777313,0.02135123685002327,5.379684111378458e-12,0.6935344338417053,0.10327164828777313,0.02135123685002327,0.0,0.03548815274238586,0.0,0.0,0.0,0.0001,False,,,,,,,,,,,,,,
777,2.444780111312866,-8.394237518310547,0.3320252597332001,0.33169108629226685,0.01410309411585331,1.7677125930786133,1.7662088871002197,9.114665031433105,0.039059899747371674,9.68147007007758e-10,0.6936560273170471,0.10308603942394257,0.020825481042265892,9.68147007007758e-10,0.6936560273170471,0.10308603942394257,0.020825481042265892,0.0,0.03548815274238586,0.0,0.0,0.0,0.0001,False,,,,,,,,,,,,,,
778,2.442749500274658,-8.36827278137207,0.3312355875968933,0.3304150104522705,0.014526530168950558,1.7667126655578613,1.7664320468902588,9.0886869430542,0.03950401395559311,3.4121608649684276e-08,0.6936559081077576,0.10296005010604858,0.020628314465284348,3.4121608649684276e-08,0.6936559081077576,0.10296005010604858,0.020628314465284348,0.0,0.03548815274238586,0.0,0.0,0.0,0.0001,False,,,,,,,,,,,,,,
779,2.43296480178833,-8.349575996398926,0.33010736107826233,0.3284319341182709,0.014127637259662151,1.7597875595092773,1.7608082294464111,9.06987190246582,0.037072546780109406,5.238059291867714e-11,0.693638026714325,0.10363943874835968,0.019640712067484856,5.238059291867714e-11,0.693638026714325,0.10363943874835968,0.019640712067484856,0.0,0.03548815274238586,0.0,0.0,0.0,0.0001,False,,,,,,,,,,,,,,
780,2.4459309577941895,-8.362563133239746,0.3326534628868103,0.3308640122413635,0.013981539756059647,1.7679455280303955,1.7689181566238403,9.082972526550293,0.03805011883378029,2.4867245415616246e-11,0.693693995475769,0.1029689610004425,0.020229799672961235,8.089228413374797e-10,0.6929135322570801,0.10331369936466217,0.014543035067617893,0.0,0.035931066274642945,0.0,0.0,0.0,0.0001,False,0.7837617993354797,0.7837617993354797,0.21623820066452026,9.018539428710938,0.0,0.9268211126327515,3.973918914794922,-0.0,1.410395860671997,0.7832148671150208,8.023495126402906e-10,0.7832148671150208,0.01031301636248827,2.5282864570617676
781,2.439659357070923,-8.35844612121582,0.3327352702617645,0.3315301537513733,0.01392641756683588,1.7617326974868774,1.761202335357666,9.07949447631836,0.03902319818735123,1.8475885710245166e-08,0.6939662098884583,0.10332086682319641,0.02067236416041851,1.8475885710245166e-08,0.6939662098884583,0.10332086682319641,0.02067236416041851,0.0,0.035931066274642945,0.0,0.0,0.0,0.0001,False,,,,,,,,,,,,,,
782,2.4494221210479736,-8.358036994934082,0.3388757109642029,0.3388521373271942,0.014063965529203415,1.7585633993148804,1.756697416305542,9.078465461730957,0.03841722011566162,1.0109513226552735e-09,0.6933779120445251,0.10319497436285019,0.02060268446803093,1.0109513226552735e-09,0.6933779120445251,0.10319497436285019,0.02060268446803093,0.0,0.035931066274642945,0.0,0.0,0.0,0.0001,False,,,,,,,,,,,,,,
783,2.4489617347717285,-8.416971206665039,0.33257588744163513,0.33197101950645447,0.014371637254953384,1.7705626487731934,1.7695235013961792,9.136934280395508,0.033776164054870605,1.5978534051441784e-09,0.6930138468742371,0.10324256122112274,0.019691312685608864,1.5978534051441784e-09,0.6930138468742371,0.10324256122112274,0.019691312685608864,0.0,0.035931066274642945,0.0,0.0,0.0,0.0001,False,,,,,,,,,,,,,,
784,2.4648711681365967,-8.399880409240723,0.3393658399581909,0.33809369802474976,0.014448748901486397,1.7730119228363037,1.7729135751724243,9.120426177978516,0.03839085251092911,1.0974757561066362e-11,0.6934402585029602,0.10349137336015701,0.02108604833483696,1.0974757561066362e-11,0.6934402585029602,0.10349137336015701,0.02108604833483696,0.0,0.035931066274642945,0.0,0.0,0.0,0.0001,False,,,,,,,,,,,,,,
785,2.447309970855713,-8.406102180480957,0.3362104892730713,0.3347531855106354,0.013794190250337124,1.7623023986816406,1.7628015279769897,9.126462936401367,0.03593747317790985,8.861964495565644e-09,0.693313479423523,0.10361820459365845,0.020587557926774025,8.861964495565644e-09,0.693313479423523,0.10361820459365845,0.020587557926774025,0.0,0.035931066274642945,0.0,0.0,0.0,0.0001,False,,,,,,,,,,,,,,
786,2.4392685890197754,-8.388323783874512,0.33047211170196533,0.3296850919723511,0.014158581383526325,1.7651605606079102,1.7647453546524048,9.10859203338623,0.03661159798502922,5.294344389977779e-12,0.6933568716049194,0.10284104198217392,0.01920095458626747,5.294344389977779e-12,0.6933568716049194,0.10284104198217392,0.01920095458626747,0.0,0.035931066274642945,0.0,0.0,0.0,0.0001,False,,,,,,,,,,,,,,
787,2.453958749771118,-8.414177894592285,0.3365396559238434,0.3353903591632843,0.014746329747140408,1.7674229145050049,1.7671419382095337,9.13461685180664,0.03477833420038223,2.068616979100657e-11,0.6935049295425415,0.10322675853967667,0.01940751075744629,2.068616979100657e-11,0.6935049295425415,0.10322675853967667,0.01940751075744629,0.0,0.035931066274642945,0.0,0.0,0.0,0.0001,False,,,,,,,,,,,,,,
788,2.4711754322052,-8.43824577331543,0.3488197922706604,0.3475559651851654,0.01392423827201128,1.7610265016555786,1.760724425315857,9.158602714538574,0.0354960672557354,5.55501686316795e-11,0.6933094263076782,0.10322744399309158,0.020569587126374245,5.55501686316795e-11,0.6933094263076782,0.10322744399309158,0.020569587126374245,0.0,0.035931066274642945,0.0,0.0,0.0,0.0001,False,,,,,,,,,,,,,,
789,2.445821523666382,-8.466058731079102,0.3349776566028595,0.33368945121765137,0.014110643416643143,1.763116717338562,1.7629711627960205,9.186915397644043,0.03834758326411247,4.835208344822206e-10,0.6938114166259766,0.10313551872968674,0.020359477028250694,4.835208344822206e-10,0.6938114166259766,0.10313551872968674,0.020359477028250694,0.0,0.035931066274642945,0.0,0.0,0.0,0.0001,False,,,,,,,,,,,,,,
790,2.453106641769409,-8.477758407592773,0.33887070417404175,0.3378118574619293,0.013926858082413673,1.7623685598373413,1.762625813484192,9.197962760925293,0.03844397887587547,2.6516322124137126e-11,0.6931611895561218,0.10353577136993408,0.020602457225322723,8.055731072832039e-10,0.6928966641426086,0.10327278077602386,0.014426049776375294,0.0,0.03637396293878555,0.0,0.0,0.0,0.0001,False,0.783657968044281,0.783657968044281,0.216342031955719,9.018242835998535,0.0,0.9259082078933716,3.9751596450805664,-0.0,1.4095416069030762,0.7832661867141724,7.990269431516966e-10,0.7832661271095276,0.010185466147959232,2.539447784423828
791,2.4477896690368652,-8.434295654296875,0.33634263277053833,0.33516475558280945,0.013995158486068249,1.7626423835754395,1.7619317770004272,9.155195236206055,0.03380633145570755,1.1284307532832827e-07,0.6935647130012512,0.10333973914384842,0.02026498131453991,1.1284307532832827e-07,0.6935647130012512,0.10333973914384842,0.02026498131453991,0.0,0.03637396293878555,0.0,0.0,0.0,0.0001,False,,,,,,,,,,,,,,
792,2.4615938663482666,-8.431760787963867,0.34084567427635193,0.3399161398410797,0.014351592399179935,1.7670226097106934,1.76593816280365,9.152896881103516,0.03552357479929924,1.5683997156568097e-10,0.6938130855560303,0.10345804691314697,0.020070357248187065,1.5683997156568097e-10,0.6938130855560303,0.10345804691314697,0.020070357248187065,0.0,0.03637396293878555,0.0,0.0,0.0,0.0001,False,,,,,,,,,,,,,,
793,2.454801321029663,-8.466737747192383,0.33737361431121826,0.336252897977829,0.014268934726715088,1.7674487829208374,1.7663626670837402,9.187689781188965,0.038552578538656235,4.104214745836998e-09,0.6936349272727966,0.10285905003547668,0.020077336579561234,4.104214745836998e-09,0.6936349272727966,0.10285905003547668,0.020077336579561234,0.0,0.03637396293878555,0.0,0.0,0.0,0.0001,False,,,,,,,,,,,,,,
794,2.4440643787384033,-8.487451553344727,0.3342648446559906,0.33317509293556213,0.014207396656274796,1.7627125978469849,1.7621216773986816,9.208223342895508,0.033237457275390625,5.371961151467985e-07,0.6935784220695496,0.1031586080789566,0.01871582120656967,5.371961151467985e-07,0.6935784220695496,0.1031586080789566,0.01871582120656967,0.0,0.03637396293878555,0.0,0.0,0.0,0.0001,False,,,,,,,,,,,,,,
795,2.451432943344116,-8.455157279968262,0.3383879065513611,0.33765485882759094,0.014096575789153576,1.7617641687393188,1.7608228921890259,9.176506996154785,0.03411193937063217,2.4139716892079832e-09,0.6940162777900696,0.10285214334726334,0.02017592079937458,2.4139716892079832e-09,0.6940162777900696,0.10285214334726334,0.02017592079937458,0.0,0.03637396293878555,0.0,0.0,0.0,0.0001,False,,,,,,,,,,,,,,
796,2.449708938598633,-8.520705223083496,0.3345801830291748,0.33417022228240967,0.014420656487345695,1.767159342765808,1.7659164667129517,9.241497039794922,0.03422094136476517,9.494737440718382e-09,0.6934666633605957,0.10282200574874878,0.020250821486115456,9.494737440718382e-09,0.6934666633605957,0.10282200574874878,0.020250821486115456,0.0,0.03637396293878555,0.0,0.0,0.0,0.0001,False,,,,,,,,,,,,,,
797,2.4593734741210938,-8.49903678894043,0.3414402902126312,0.3403991758823395,0.014447775669395924,1.7631112337112427,1.763061285018921,9.219582557678223,0.03549845516681671,1.7797839646505054e-08,0.6932832598686218,0.1032136008143425,0.019678818061947823,1.7797839646505054e-08,0.6932832598686218,0.1032136008143425,0.019678818061947823,0.0,0.03637396293878555,0.0,0.0,0.0,0.0001,False,,,,,,,,,,,,,,
798,2.454449415206909,-8.498068809509277,0.34065762162208557,0.3388018012046814,0.014142865315079689,1.7605165243148804,1.7611777782440186,9.219013214111328,0.03150869533419609,4.5030887352304205e-10,0.6935996413230896,0.10331186652183533,0.020348794758319855,4.5030887352304205e-10,0.6935996413230896,0.10331186652183533,0.020348794758319855,0.0,0.03637396293878555,0.0,0.0,0.0,0.0001,False,,,,,,,,,,,,,,
799,2.465384006500244,-8.530132293701172,0.34633079171180725,0.3454153835773468,0.014240335673093796,1.7597458362579346,1.7590490579605103,9.250365257263184,0.034035805612802505,1.7617522019008902e-07,0.6929845213890076,0.10350953787565231,0.019566548988223076,1.7617522019008902e-07,0.6929845213890076,0.10350953787565231,0.019566548988223076,0.0,0.03637396293878555,0.0,0.0,0.0,0.0001,False,,,,,,,,,,,,,,
800,2.4452619552612305,-8.53222942352295,0.3348478078842163,0.3333708345890045,0.014441732317209244,1.7628374099731445,1.7623660564422607,9.252737998962402,0.03133128583431244,3.85148267445512e-11,0.6932860612869263,0.103306345641613,0.019294708967208862,1.2348970301479958e-09,0.6929022073745728,0.10315825790166855,0.013684066012501717,0.0,0.03681686514616012,0.0,0.0,0.0,0.0001,False,0.7836866974830627,0.7836866974830627,0.21631330251693726,9.031106948852539,0.0,0.9273976683616638,3.9737024307250977,-0.0,1.407524585723877,0.7834385633468628,1.2248623005956132e-09,0.7834385633468628,0.010715465992689133,2.555893898010254
801,2.4539237022399902,-8.54294490814209,0.3372565805912018,0.3358325958251953,0.014330649748444557,1.766659140586853,1.7663484811782837,9.264284133911133,0.031396910548210144,4.4809791432953716e-08,0.6937350034713745,0.10300703346729279,0.019893109798431396,4.4809791432953716e-08,0.6937350034713745,0.10300703346729279,0.019893109798431396,0.0,0.03681686514616012,0.0,0.0,0.0,0.0001,False,,,,,,,,,,,,,,
802,2.4598312377929688,-8.516241073608398,0.3415217101573944,0.340484082698822,0.01377512700855732,1.7645221948623657,1.7635787725448608,9.237285614013672,0.028163719922304153,1.0886870427384565e-07,0.6934570074081421,0.10333537310361862,0.019767211750149727,1.0886870427384565e-07,0.6934570074081421,0.10333537310361862,0.019767211750149727,0.0,0.03681686514616012,0.0,0.0,0.0,0.0001,False,,,,,,,,,,,,,,
803,2.4688494205474854,-8.566970825195312,0.3409162759780884,0.33906441926956177,0.01437260303646326,1.7743103504180908,1.7746816873550415,9.287677764892578,0.031060529872775078,2.943260923871094e-08,0.6931779384613037,0.10300558060407639,0.019302058964967728,2.943260923871094e-08,0.6931779384613037,0.10300558060407639,0.019302058964967728,0.0,0.03681686514616012,0.0,0.0,0.0,0.0001,False,,,,,,,,,,,,,,
804,2.459364175796509,-8.571107864379883,0.34176763892173767,0.34055188298225403,0.013964240439236164,1.7630153894424438,1.7631455659866333,9.292098999023438,0.03505302220582962,1.0408251149840453e-08,0.6933788061141968,0.10322506725788116,0.02004515938460827,1.0408251149840453e-08,0.6933788061141968,0.10322506725788116,0.02004515938460827,0.0,0.03681686514616012,0.0,0.0,0.0,0.0001,False,,,,,,,,,,,,,,
805,2.4576549530029297,-8.540506362915039,0.3374955952167511,0.33610549569129944,0.014044005423784256,1.769879698753357,1.7701398134231567,9.261017799377441,0.034238263964653015,5.39983391334431e-10,0.6928383708000183,0.10322306305170059,0.02083856612443924,5.39983391334431e-10,0.6928383708000183,0.10322306305170059,0.02083856612443924,0.0,0.03681686514616012,0.0,0.0,0.0,0.0001,False,,,,,,,,,,,,,,
806,2.4415526390075684,-8.547825813293457,0.3337063193321228,0.33211976289749146,0.014019067399203777,1.761552333831787,1.7618626356124878,9.268320083618164,0.03339186683297157,4.360901084687896e-10,0.6929521560668945,0.10310904681682587,0.019496694207191467,4.360901084687896e-10,0.6929521560668945,0.10310904681682587,0.019496694207191467,0.0,0.03681686514616012,0.0,0.0,0.0,0.0001,False,,,,,,,,,,,,,,
807,2.45182728767395,-8.552033424377441,0.33568042516708374,0.33489155769348145,0.01393961999565363,1.7682238817214966,1.7664074897766113,9.27295207977295,0.034354034811258316,1.0820777163189632e-07,0.6932948231697083,0.10295729339122772,0.020169159397482872,1.0820777163189632e-07,0.6932948231697083,0.10295729339122772,0.020169159397482872,0.0,0.03681686514616012,0.0,0.0,0.0,0.0001,False,,,,,,,,,,,,,,
808,2.4432156085968018,-8.597987174987793,0.3346293866634369,0.33387163281440735,0.014304357580840588,1.7611172199249268,1.759703516960144,9.318841934204102,0.03558725118637085,7.042348371122387e-10,0.6931885480880737,0.1030849888920784,0.02064592018723488,7.042348371122387e-10,0.6931885480880737,0.1030849888920784,0.02064592018723488,0.0,0.03681686514616012,0.0,0.0,0.0,0.0001,False,,,,,,,,,,,,,,
809,2.4586687088012695,-8.626960754394531,0.3392260670661926,0.33821842074394226,0.014269794337451458,1.7674826383590698,1.76642644405365,9.347540855407715,0.03213965520262718,2.7415888226300922e-08,0.6930181980133057,0.10327842831611633,0.019665643572807312,2.7415888226300922e-08,0.6930181980133057,0.10327842831611633,0.019665643572807312,0.0,0.03681686514616012,0.0,0.0,0.0,0.0001,False,,,,,,,,,,,,,,
810,2.4442086219787598,-8.5875244140625,0.33395782113075256,0.33265581727027893,0.014267043210566044,1.7632602453231812,1.7633957862854004,9.308479309082031,0.03289487957954407,1.4980584828183652e-10,0.6933884024620056,0.10279250144958496,0.019606584683060646,6.893622015683264e-10,0.6927606463432312,0.10308441519737244,0.01366499625146389,0.0,0.03725962579250335,0.0,0.0,0.0,0.0001,False,0.7835538983345032,0.7835538983345032,0.21644610166549683,9.022717475891113,0.0,0.9263405799865723,3.974731922149658,-0.0,1.4118508100509644,0.7833191156387329,6.837629216405981e-10,0.7833191156387329,0.010409140028059483,2.5627803802490234
811,2.444857120513916,-8.588855743408203,0.3325754702091217,0.33081284165382385,0.014400430023670197,1.7671078443527222,1.7670289278030396,9.310023307800293,0.029438462108373642,2.905867546587615e-09,0.6932989954948425,0.10326621681451797,0.01956772804260254,2.905867546587615e-09,0.6932989954948425,0.10326621681451797,0.01956772804260254,0.0,0.03725962579250335,0.0,0.0,0.0,0.0001,False,,,,,,,,,,,,,,
812,2.4458301067352295,-8.604154586791992,0.33372780680656433,0.3321400284767151,0.014061665162444115,1.7658735513687134,1.7659275531768799,9.325355529785156,0.02875644713640213,1.038320818214089e-10,0.6934157013893127,0.10310664027929306,0.018690049648284912,1.038320818214089e-10,0.6934157013893127,0.10310664027929306,0.018690049648284912,0.0,0.03725962579250335,0.0,0.0,0.0,0.0001,False,,,,,,,,,,,,,,
813,2.435832977294922,-8.60014820098877,0.3302921652793884,0.3286563456058502,0.014269080013036728,1.7626519203186035,1.7625789642333984,9.321025848388672,0.03302808851003647,2.9203340190520066e-08,0.6930497288703918,0.10279504954814911,0.019260164350271225,2.9203340190520066e-08,0.6930497288703918,0.10279504954814911,0.019260164350271225,0.0,0.03725962579250335,0.0,0.0,0.0,0.0001,False,,,,,,,,,,,,,,
814,2.4391796588897705,-8.618097305297852,0.3306155800819397,0.32995760440826416,0.014095673337578773,1.7650026082992554,1.764019250869751,9.339502334594727,0.03354925289750099,1.0816865181340063e-09,0.6934611201286316,0.10331299901008606,0.020263340324163437,1.0816865181340063e-09,0.6934611201286316,0.10331299901008606,0.020263340324163437,0.0,0.03725962579250335,0.0,0.0,0.0,0.0001,False,,,,,,,,,,,,,,
815,2.4491567611694336,-8.641729354858398,0.3370872735977173,0.3364957273006439,0.014005972072482109,1.761944055557251,1.7611913681030273,9.362812042236328,0.030032729730010033,2.1023445571227706e-12,0.6932485699653625,0.10251013189554214,0.019274897873401642,2.1023445571227706e-12,0.6932485699653625,0.10251013189554214,0.019274897873401642,0.0,0.03725962579250335,0.0,0.0,0.0,0.0001,False,,,,,,,,,,,,,,
816,2.447916030883789,-8.653648376464844,0.33853426575660706,0.33694735169410706,0.013379930518567562,1.7588449716567993,1.7592638731002808,9.374670028686523,0.029168132692575455,2.530477494211425e-10,0.6932271122932434,0.10301415622234344,0.018846778199076653,2.530477494211425e-10,0.6932271122932434,0.10301415622234344,0.018846778199076653,0.0,0.03725962579250335,0.0,0.0,0.0,0.0001,False,,,,,,,,,,,,,,
817,2.452924966812134,-8.673255920410156,0.34074392914772034,0.339507132768631,0.01400529034435749,1.7588616609573364,1.758475422859192,9.394251823425293,0.028550701215863228,3.562958150737927e-09,0.6932508945465088,0.1028074100613594,0.01837780885398388,3.562958150737927e-09,0.6932508945465088,0.1028074100613594,0.01837780885398388,0.0,0.03725962579250335,0.0,0.0,0.0,0.0001,False,,,,,,,,,,,,,,
818,2.432490825653076,-8.641460418701172,0.3295246362686157,0.32787027955055237,0.013663409277796745,1.7611865997314453,1.7616785764694214,9.362482070922852,0.025780752301216125,3.4661052694673344e-08,0.693254828453064,0.1030077114701271,0.018577685579657555,3.4661052694673344e-08,0.693254828453064,0.1030077114701271,0.018577685579657555,0.0,0.03725962579250335,0.0,0.0,0.0,0.0001,False,,,,,,,,,,,,,,
819,2.4527502059936523,-8.649888038635254,0.33827894926071167,0.33670610189437866,0.013890075497329235,1.7639662027359009,1.7637840509414673,9.370828628540039,0.028858469799160957,1.6588511897452918e-08,0.6930984258651733,0.10330531001091003,0.019375329837203026,1.6588511897452918e-08,0.6930984258651733,0.10330531001091003,0.019375329837203026,0.0,0.03725962579250335,0.0,0.0,0.0,0.0001,False,,,,,,,,,,,,,,
820,2.438354015350342,-8.688685417175293,0.3296153247356415,0.3288637101650238,0.013799884356558323,1.7665084600448608,1.765641689300537,9.40939712524414,0.02672496996819973,3.981214025117197e-09,0.6930168271064758,0.10320490598678589,0.01793144829571247,8.7784162179306e-10,0.6927006244659424,0.1028137058019638,0.013219459913671017,0.0,0.037702326416969294,0.0,0.0,0.0,0.0001,False,0.7846918106079102,0.7846918106079102,0.21530818939208984,9.027925491333008,0.0,0.9273496270179749,3.974429130554199,-0.0,1.4008820056915283,0.783383309841156,8.707114126371419e-10,0.783383309841156,0.011881151236593723,2.5579748153686523
821,2.437720537185669,-8.663156509399414,0.3313063681125641,0.33016979694366455,0.01437623705714941,1.7620265483856201,1.7617098093032837,9.38415813446045,0.02947423607110977,1.7947626024250596e-11,0.6929669976234436,0.10296809673309326,0.018293306231498718,1.7947626024250596e-11,0.6929669976234436,0.10296809673309326,0.018293306231498718,0.0,0.037702326416969294,0.0,0.0,0.0,0.0001,False,,,,,,,,,,,,,,
822,2.4686052799224854,-8.65796184539795,0.34466561675071716,0.34429705142974854,0.013938135467469692,1.7665845155715942,1.7648242712020874,9.379172325134277,0.030589256435632706,3.063714837381326e-09,0.6931685209274292,0.10295804589986801,0.01829376257956028,3.063714837381326e-09,0.6931685209274292,0.10295804589986801,0.01829376257956028,0.0,0.037702326416969294,0.0,0.0,0.0,0.0001,False,,,,,,,,,,,,,,
823,2.4578018188476562,-8.679677963256836,0.3393891155719757,0.3378872573375702,0.013703021220862865,1.7663681507110596,1.767276644706726,9.400911331176758,0.03024822473526001,2.982529223594099e-10,0.6930843591690063,0.1028532087802887,0.019415393471717834,2.982529223594099e-10,0.6930843591690063,0.1028532087802887,0.019415393471717834,0.0,0.037702326416969294,0.0,0.0,0.0,0.0001,False,,,,,,,,,,,,,,
824,2.441622495651245,-8.678902626037598,0.3318262994289398,0.32973480224609375,0.0142018161714077,1.7650513648986816,1.7666676044464111,9.400411605834961,0.030190983787178993,1.1577007408281048e-10,0.6934194564819336,0.10287750512361526,0.018725410103797913,1.1577007408281048e-10,0.6934194564819336,0.10287750512361526,0.018725410103797913,0.0,0.037702326416969294,0.0,0.0,0.0,0.0001,False,,,,,,,,,,,,,,
825,2.4567034244537354,-8.73061752319336,0.338765949010849,0.3363289535045624,0.013834282755851746,1.7667866945266724,1.7687617540359497,9.452119827270508,0.02929076924920082,1.128824944629514e-08,0.6934022307395935,0.10277580469846725,0.01881088688969612,1.128824944629514e-08,0.6934022307395935,0.10277580469846725,0.01881088688969612,0.0,0.037702326416969294,0.0,0.0,0.0,0.0001,False,,,,,,,,,,,,,,
826,2.4609551429748535,-8.705032348632812,0.34372517466545105,0.3413873314857483,0.014016003347933292,1.7609037160873413,1.762749433517456,9.427016258239746,0.027367234230041504,5.4291028561692656e-08,0.6939030289649963,0.103167325258255,0.018445219844579697,5.4291028561692656e-08,0.6939030289649963,0.103167325258255,0.018445219844579697,0.0,0.037702326416969294,0.0,0.0,0.0,0.0001,False,,,,,,,,,,,,,,
827,2.4599578380584717,-8.66699504852295,0.3450147807598114,0.34426403045654297,0.014009717851877213,1.7571372985839844,1.756201148033142,9.388574600219727,0.025104660540819168,9.385720645127549e-09,0.6934599280357361,0.10239154100418091,0.018995337188243866,9.385720645127549e-09,0.6934599280357361,0.10239154100418091,0.018995337188243866,0.0,0.037702326416969294,0.0,0.0,0.0,0.0001,False,,,,,,,,,,,,,,
828,2.446378707885742,-8.71020793914795,0.3332415223121643,0.33331695199012756,0.013955219648778439,1.7671138048171997,1.764615774154663,9.431507110595703,0.026899438351392746,7.802049006855327e-10,0.6932012438774109,0.10248642414808273,0.01883567124605179,7.802049006855327e-10,0.6932012438774109,0.10248642414808273,0.01883567124605179,0.0,0.037702326416969294,0.0,0.0,0.0,0.0001,False,,,,,,,,,,,,,,
829,2.4504899978637695,-8.806615829467773,0.3344631791114807,0.33468103408813477,0.014141281135380268,1.768791913986206,1.7656172513961792,9.52810287475586,0.029645239934325218,1.190564358211077e-08,0.6934020519256592,0.10226195305585861,0.01867830939590931,1.190564358211077e-08,0.6934020519256592,0.10226195305585861,0.01867830939590931,0.0,0.037702326416969294,0.0,0.0,0.0,0.0001,False,,,,,,,,,,,,,,
830,2.4584288597106934,-8.704559326171875,0.3427511751651764,0.3419245779514313,0.013988832011818886,1.7600903511047363,1.759437918663025,9.425980567932129,0.028818374499678612,4.061941893951371e-08,0.6933021545410156,0.10208079218864441,0.019011622294783592,1.295911807885031e-09,0.6926173567771912,0.10254321247339249,0.013014550320804119,0.0,0.038144943773746484,0.0,0.0,0.0,0.0001,False,0.7848155498504639,0.7848155498504639,0.21518445014953613,9.032176971435547,0.0,0.9279261827468872,3.973026990890503,-0.0,1.3968782424926758,0.7836378216743469,1.2853911040434964e-09,0.7836378216743469,0.011656755581498146,2.562441825866699
831,2.4485647678375244,-8.68156909942627,0.33437204360961914,0.33325743675231934,0.013878032565116882,1.7675576210021973,1.7665568590164185,9.402521133422852,0.02961081452667713,9.413719226358808e-08,0.6925862431526184,0.10242488235235214,0.018681254237890244,9.413719226358808e-08,0.6925862431526184,0.10242488235235214,0.018681254237890244,0.0,0.038144943773746484,0.0,0.0,0.0,0.0001,False,,,,,,,,,,,,,,
832,2.4583544731140137,-8.742218971252441,0.33583635091781616,0.3343353867530823,0.01434228103607893,1.7739524841308594,1.7737282514572144,9.46339225769043,0.026938626542687416,9.950005619430158e-08,0.6927698850631714,0.10261793434619904,0.018976015970110893,9.950005619430158e-08,0.6927698850631714,0.10261793434619904,0.018976015970110893,0.0,0.038144943773746484,0.0,0.0,0.0,0.0001,False,,,,,,,,,,,,,,
833,2.4556479454040527,-8.819808006286621,0.3363681137561798,0.33443984389305115,0.014503263868391514,1.7698396444320679,1.7708340883255005,9.541487693786621,0.029881827533245087,1.9621080316056805e-09,0.6932286620140076,0.10285165160894394,0.01932809315621853,1.9621080316056805e-09,0.6932286620140076,0.10285165160894394,0.01932809315621853,0.0,0.038144943773746484,0.0,0.0,0.0,0.0001,False,,,,,,,,,,,,,,
834,2.4529519081115723,-8.791622161865234,0.3423926830291748,0.3401927351951599,0.013977736234664917,1.7554357051849365,1.7573418617248535,9.513543128967285,0.028052637353539467,3.67019725722173e-09,0.6935474872589111,0.10247548669576645,0.018413662910461426,3.67019725722173e-09,0.6935474872589111,0.10247548669576645,0.018413662910461426,0.0,0.038144943773746484,0.0,0.0,0.0,0.0001,False,,,,,,,,,,,,,,
835,2.463630199432373,-8.718016624450684,0.3433547914028168,0.34191304445266724,0.013832425698637962,1.764479398727417,1.764580488204956,9.439663887023926,0.02863350883126259,1.3282090094435262e-08,0.6932881474494934,0.10223548114299774,0.018379414454102516,1.3282090094435262e-08,0.6932881474494934,0.10223548114299774,0.018379414454102516,0.0,0.038144943773746484,0.0,0.0,0.0,0.0001,False,,,,,,,,,,,,,,
836,2.4665980339050293,-8.809555053710938,0.3435627520084381,0.3430507779121399,0.014184117317199707,1.766404390335083,1.7651962041854858,9.531590461730957,0.02966606803238392,8.846220977964947e-11,0.6936166882514954,0.10242269188165665,0.01887768879532814,8.846220977964947e-11,0.6936166882514954,0.10242269188165665,0.01887768879532814,0.0,0.038144943773746484,0.0,0.0,0.0,0.0001,False,,,,,,,,,,,,,,
837,2.4519593715667725,-8.827430725097656,0.3408266603946686,0.33991506695747375,0.013942877762019634,1.7578383684158325,1.7567111253738403,9.548952102661133,0.026897845789790154,5.7009458487300435e-08,0.6931336522102356,0.1025719940662384,0.018713172525167465,5.7009458487300435e-08,0.6931336522102356,0.1025719940662384,0.018713172525167465,0.0,0.038144943773746484,0.0,0.0,0.0,0.0001,False,,,,,,,,,,,,,,
838,2.4565393924713135,-8.787453651428223,0.33817753195762634,0.3375720679759979,0.014171558432281017,1.767512321472168,1.7657241821289062,9.508798599243164,0.027264701202511787,1.037943864190538e-08,0.6929963231086731,0.10241972655057907,0.01835755817592144,1.037943864190538e-08,0.6929963231086731,0.10241972655057907,0.01835755817592144,0.0,0.038144943773746484,0.0,0.0,0.0,0.0001,False,,,,,,,,,,,,,,
839,2.4608540534973145,-8.784680366516113,0.3406970500946045,0.34008413553237915,0.013692810200154781,1.7670847177505493,1.7656755447387695,9.50636100769043,0.024891506880521774,2.179616700459519e-07,0.6933570504188538,0.10241962969303131,0.01794305071234703,2.179616700459519e-07,0.6933570504188538,0.10241962969303131,0.01794305071234703,0.0,0.038144943773746484,0.0,0.0,0.0,0.0001,False,,,,,,,,,,,,,,
840,2.453639507293701,-8.823297500610352,0.33851519227027893,0.3372562825679779,0.013923860155045986,1.7640595436096191,1.7638286352157593,9.544662475585938,0.030128268525004387,2.8095528126215186e-09,0.693009614944458,0.10256730020046234,0.018441390246152878,1.3255687485079438e-09,0.692506730556488,0.10236620157957077,0.012896907515823841,0.0,0.03858745050430297,0.0,0.0,0.0,0.0001,False,0.7843830585479736,0.7843830585479736,0.21561694145202637,9.04740047454834,0.0,0.927926242351532,3.97430157661438,-0.0,1.3941911458969116,0.7835298776626587,1.3148069039777157e-09,0.7835298776626587,0.010671276599168777,2.5622506141662598
841,2.4487593173980713,-8.840115547180176,0.339270681142807,0.33745166659355164,0.013742916285991669,1.757893443107605,1.7586945295333862,9.561878204345703,0.027308639138936996,3.0886863555679156e-07,0.6930242776870728,0.10238219797611237,0.019087722525000572,3.0886863555679156e-07,0.6930242776870728,0.10238219797611237,0.019087722525000572,0.0,0.03858745050430297,0.0,0.0,0.0,0.0001,False,,,,,,,,,,,,,,
842,2.4778084754943848,-8.818933486938477,0.35153472423553467,0.34994322061538696,0.014059142209589481,1.7618646621704102,1.7626782655715942,9.541075706481934,0.027576206251978874,1.6193618890270045e-08,0.6934061646461487,0.102361761033535,0.019032413139939308,1.6193618890270045e-08,0.6934061646461487,0.102361761033535,0.019032413139939308,0.0,0.03858745050430297,0.0,0.0,0.0,0.0001,False,,,,,,,,,,,,,,
843,2.4559926986694336,-8.776995658874512,0.33986896276474,0.33799001574516296,0.013623963110148907,1.764456868171692,1.7645624876022339,9.498662948608398,0.025871625170111656,3.484908717155122e-08,0.69304358959198,0.10238278657197952,0.01804421842098236,3.484908717155122e-08,0.69304358959198,0.10238278657197952,0.01804421842098236,0.0,0.03858745050430297,0.0,0.0,0.0,0.0001,False,,,,,,,,,,,,,,
844,2.446075677871704,-8.812483787536621,0.331195205450058,0.3304605185985565,0.013773443177342415,1.7712087631225586,1.770084261894226,9.534285545349121,0.025757601484656334,2.07150474551554e-09,0.6932041049003601,0.10240498930215836,0.017735956236720085,2.07150474551554e-09,0.6932041049003601,0.10240498930215836,0.017735956236720085,0.0,0.03858745050430297,0.0,0.0,0.0,0.0001,False,,,,,,,,,,,,,,
845,2.4721574783325195,-8.910204887390137,0.3437909781932831,0.3425179421901703,0.014145775698125362,1.7719098329544067,1.7714959383010864,9.63210391998291,0.025740137323737144,4.1865449995626136e-10,0.6933072805404663,0.10260950028896332,0.01761353388428688,4.1865449995626136e-10,0.6933072805404663,0.10260950028896332,0.01761353388428688,0.0,0.03858745050430297,0.0,0.0,0.0,0.0001,False,,,,,,,,,,,,,,
846,2.463876724243164,-8.90186595916748,0.3423353433609009,0.34037280082702637,0.014171299524605274,1.766693353652954,1.767301082611084,9.623451232910156,0.026140572503209114,2.4221520789069473e-08,0.6929360032081604,0.10258930921554565,0.018293483182787895,2.4221520789069473e-08,0.6929360032081604,0.10258930921554565,0.018293483182787895,0.0,0.03858745050430297,0.0,0.0,0.0,0.0001,False,,,,,,,,,,,,,,
847,2.470750331878662,-8.86788272857666,0.3481875956058502,0.34737637639045715,0.014583023265004158,1.7613309621810913,1.759876012802124,9.58932113647461,0.023568959906697273,6.182435452473101e-09,0.6928666234016418,0.10223102569580078,0.017561523243784904,6.182435452473101e-09,0.6928666234016418,0.10223102569580078,0.017561523243784904,0.0,0.03858745050430297,0.0,0.0,0.0,0.0001,False,,,,,,,,,,,,,,
848,2.46004056930542,-8.877877235412598,0.3456949293613434,0.34385696053504944,0.013729767873883247,1.756702184677124,1.7568159103393555,9.599973678588867,0.024593356996774673,6.283613060986681e-07,0.6934884190559387,0.1027868241071701,0.017556997016072273,6.283613060986681e-07,0.6934884190559387,0.1027868241071701,0.017556997016072273,0.0,0.03858745050430297,0.0,0.0,0.0,0.0001,False,,,,,,,,,,,,,,
849,2.4324018955230713,-8.897604942321777,0.33009690046310425,0.32945144176483154,0.013866105116903782,1.75969398021698,1.7582809925079346,9.61933708190918,0.023757342249155045,8.55634993968124e-08,0.6931919455528259,0.10243518650531769,0.017086777836084366,8.55634993968124e-08,0.6931919455528259,0.10243518650531769,0.017086777836084366,0.0,0.03858745050430297,0.0,0.0,0.0,0.0001,False,,,,,,,,,,,,,,
850,2.4514176845550537,-8.900517463684082,0.3368041515350342,0.33540529012680054,0.013939592987298965,1.7652124166488647,1.765324592590332,9.622415542602539,0.02630026452243328,8.032117748690837e-10,0.693236231803894,0.10243399441242218,0.0183501485735178,1.8309868641889104e-09,0.6925194263458252,0.10231913626194,0.012713698670268059,0.0,0.03902996993064879,0.0,0.0,0.0,0.0001,False,0.7846762537956238,0.7846762537956238,0.21532374620437622,9.04944896697998,0.0,0.9290313720703125,3.97304630279541,-0.0,1.3957206010818481,0.7835494875907898,1.8161214381762567e-09,0.7835494875907898,0.010553436353802681,2.5737838745117188
851,2.4588117599487305,-8.846160888671875,0.3419286012649536,0.3404923379421234,0.013875470496714115,1.762422800064087,1.7626075744628906,9.568304061889648,0.025736771523952484,8.791209982206283e-10,0.6931837201118469,0.10218212008476257,0.01827157661318779,8.791209982206283e-10,0.6931837201118469,0.10218212008476257,0.01827157661318779,0.0,0.03902996993064879,0.0,0.0,0.0,0.0001,False,,,,,,,,,,,,,,
852,2.461867332458496,-8.873966217041016,0.34015706181526184,0.33836376667022705,0.01368619129061699,1.7692123651504517,1.7701079845428467,9.595742225646973,0.02347051538527012,7.3884671714097294e-09,0.6929348111152649,0.10258988291025162,0.017177989706397057,7.3884671714097294e-09,0.6929348111152649,0.10258988291025162,0.017177989706397057,0.0,0.03902996993064879,0.0,0.0,0.0,0.0001,False,,,,,,,,,,,,,,
853,2.454308271408081,-8.915708541870117,0.3353806138038635,0.3342733085155487,0.013660149648785591,1.7709547281265259,1.7710338830947876,9.637650489807129,0.027112465351819992,9.994523264555966e-11,0.6930134892463684,0.1023397147655487,0.0180295929312706,9.994523264555966e-11,0.6930134892463684,0.1023397147655487,0.0180295929312706,0.0,0.03902996993064879,0.0,0.0,0.0,0.0001,False,,,,,,,,,,,,,,
854,2.4361820220947266,-8.943493843078613,0.3299168050289154,0.3284538686275482,0.013468669727444649,1.763818621635437,1.7648669481277466,9.66552448272705,0.025840407237410545,2.454793313066972e-11,0.6930647492408752,0.10241436958312988,0.01835053041577339,2.454793313066972e-11,0.6930647492408752,0.10241436958312988,0.01835053041577339,0.0,0.03902996993064879,0.0,0.0,0.0,0.0001,False,,,,,,,,,,,,,,
855,2.4581637382507324,-8.877382278442383,0.3420538306236267,0.34112486243247986,0.013637453317642212,1.7617624998092651,1.7609326839447021,9.599727630615234,0.022838125005364418,3.365996370519042e-09,0.693429708480835,0.10262269526720047,0.0177094005048275,3.365996370519042e-09,0.693429708480835,0.10262269526720047,0.0177094005048275,0.0,0.03902996993064879,0.0,0.0,0.0,0.0001,False,,,,,,,,,,,,,,
856,2.461402416229248,-8.900754928588867,0.3407317101955414,0.3396587073802948,0.01369086466729641,1.7681573629379272,1.7664848566055298,9.6224365234375,0.024805009365081787,2.1208570455399922e-09,0.6928253173828125,0.10239612311124802,0.017385337501764297,2.1208570455399922e-09,0.6928253173828125,0.10239612311124802,0.017385337501764297,0.0,0.03902996993064879,0.0,0.0,0.0,0.0001,False,,,,,,,,,,,,,,
857,2.448145866394043,-8.952672004699707,0.3356311321258545,0.3350306749343872,0.013877368532121181,1.7643604278564453,1.7628527879714966,9.674592971801758,0.024368058890104294,6.295570642578241e-08,0.6929870247840881,0.10226642340421677,0.01803501695394516,6.295570642578241e-08,0.6929870247840881,0.10226642340421677,0.01803501695394516,0.0,0.03902996993064879,0.0,0.0,0.0,0.0001,False,,,,,,,,,,,,,,
858,2.454594135284424,-8.958584785461426,0.3390606939792633,0.3377872407436371,0.013624321669340134,1.7644132375717163,1.7638301849365234,9.680377006530762,0.023955069482326508,1.738737070988705e-10,0.6929789781570435,0.10278680175542831,0.01686711423099041,1.738737070988705e-10,0.6929789781570435,0.10278680175542831,0.01686711423099041,0.0,0.03902996993064879,0.0,0.0,0.0,0.0001,False,,,,,,,,,,,,,,
859,2.460543155670166,-8.94260311126709,0.3394080102443695,0.3386538624763489,0.013948319479823112,1.7689450979232788,1.7681211233139038,9.665034294128418,0.026989014819264412,7.791448042304694e-10,0.6934468746185303,0.10258857905864716,0.018419316038489342,7.791448042304694e-10,0.6934468746185303,0.10258857905864716,0.018419316038489342,0.0,0.03902996993064879,0.0,0.0,0.0,0.0001,False,,,,,,,,,,,,,,
860,2.4533753395080566,-8.899507522583008,0.3385520577430725,0.3369430899620056,0.013602123595774174,1.7640751600265503,1.7644805908203125,9.621198654174805,0.02360633760690689,2.6362828364767665e-08,0.6928190588951111,0.10235036909580231,0.017527272924780846,2.046261111074307e-09,0.6924575567245483,0.10230235755443573,0.012412105686962605,0.0,0.03947242748737334,0.0,0.0,0.0,0.0001,False,0.7845152020454407,0.7845152020454407,0.21548479795455933,9.051922798156738,0.0,0.9287911057472229,3.9737889766693115,-0.0,1.3837952613830566,0.7835372090339661,2.0296487030413797e-09,0.7835372090339661,0.010052384808659554,2.580030918121338
861,2.4451076984405518,-8.90031623840332,0.3335477113723755,0.3319723308086395,0.013697460293769836,1.7661186456680298,1.7656614780426025,9.622553825378418,0.025234194472432137,2.148364330878394e-08,0.6930147409439087,0.10220473259687424,0.01786728762090206,2.148364330878394e-08,0.6930147409439087,0.10220473259687424,0.01786728762090206,0.0,0.03947242748737334,0.0,0.0,0.0,0.0001,False,,,,,,,,,,,,,,
862,2.4255619049072266,-9.002880096435547,0.32142773270606995,0.32066670060157776,0.013628538697957993,1.7700378894805908,1.7696399688720703,9.725282669067383,0.026561584323644638,1.285849293708452e-08,0.693166971206665,0.10261279344558716,0.017959363758563995,1.285849293708452e-08,0.693166971206665,0.10261279344558716,0.017959363758563995,0.0,0.03947242748737334,0.0,0.0,0.0,0.0001,False,,,,,,,,,,,,,,
863,2.444894552230835,-8.997591018676758,0.337151437997818,0.3356741666793823,0.013559925369918346,1.7583972215652466,1.7586208581924438,9.71988582611084,0.025360314175486565,6.177434386245295e-08,0.6930640935897827,0.10255137830972672,0.017948951572179794,6.177434386245295e-08,0.6930640935897827,0.10255137830972672,0.017948951572179794,0.0,0.03947242748737334,0.0,0.0,0.0,0.0001,False,,,,,,,,,,,,,,
864,2.482206344604492,-8.898822784423828,0.3535979688167572,0.35206085443496704,0.013446386903524399,1.7631052732467651,1.7630969285964966,9.620641708374023,0.021319221705198288,1.5588556223633532e-08,0.6926430463790894,0.10252790153026581,0.017563704401254654,1.5588556223633532e-08,0.6926430463790894,0.10252790153026581,0.017563704401254654,0.0,0.03947242748737334,0.0,0.0,0.0,0.0001,False,,,,,,,,,,,,,,
865,2.446491241455078,-8.907459259033203,0.3320324122905731,0.3319140076637268,0.014253285713493824,1.7694207429885864,1.767162799835205,9.630377769470215,0.021769976243376732,4.5677441562474996e-07,0.6937345266342163,0.10193119943141937,0.017172982916235924,4.5677441562474996e-07,0.6937345266342163,0.10193119943141937,0.017172982916235924,0.0,0.03947242748737334,0.0,0.0,0.0,0.0001,False,,,,,,,,,,,,,,
866,2.4527478218078613,-9.0383882522583,0.3380519449710846,0.3372550904750824,0.014060582965612411,1.7639673948287964,1.7627930641174316,9.760666847229004,0.022611849009990692,1.4108567647497239e-09,0.693044126033783,0.10263847559690475,0.017997320741415024,1.4108567647497239e-09,0.693044126033783,0.10263847559690475,0.017997320741415024,0.0,0.03947242748737334,0.0,0.0,0.0,0.0001,False,,,,,,,,,,,,,,
867,2.4849066734313965,-9.101537704467773,0.35192182660102844,0.3502189517021179,0.013653162866830826,1.7690134048461914,1.7692118883132935,9.823948860168457,0.023167641833424568,1.2784576064461817e-08,0.6931683421134949,0.10186701267957687,0.017982613295316696,1.2784576064461817e-08,0.6931683421134949,0.10186701267957687,0.017982613295316696,0.0,0.03947242748737334,0.0,0.0,0.0,0.0001,False,,,,,,,,,,,,,,
868,2.4883604049682617,-8.975006103515625,0.3579193651676178,0.35694006085395813,0.014005831442773342,1.7593226432800293,1.7596677541732788,9.697440147399902,0.022030821070075035,2.3433281626239477e-07,0.693315863609314,0.10254459828138351,0.016677940264344215,2.3433281626239477e-07,0.693315863609314,0.10254459828138351,0.016677940264344215,0.0,0.03947242748737334,0.0,0.0,0.0,0.0001,False,,,,,,,,,,,,,,
869,2.4541831016540527,-8.913400650024414,0.3401964008808136,0.3388806879520416,0.013668686151504517,1.7617264986038208,1.76114821434021,9.636068344116211,0.021224746480584145,1.1681267153562658e-07,0.693570613861084,0.1020457074046135,0.016376521438360214,1.1681267153562658e-07,0.693570613861084,0.1020457074046135,0.016376521438360214,0.0,0.03947242748737334,0.0,0.0,0.0,0.0001,False,,,,,,,,,,,,,,
870,2.453364372253418,-9.036850929260254,0.3375887870788574,0.3371945321559906,0.014221461489796638,1.7649279832839966,1.7637912034988403,9.758803367614746,0.022771600633859634,1.1804813127014313e-08,0.6927355527877808,0.10234197229146957,0.01791362836956978,2.9209563663943416e-09,0.6924412846565247,0.10227469354867935,0.01262396015226841,0.0,0.03991486877202986,0.0,0.0,0.0,0.0001,False,0.7844808101654053,0.7844808101654053,0.21551918983459473,9.055342674255371,0.0,0.9307130575180054,3.969376802444458,-0.0,1.3832685947418213,0.7835818529129028,2.8972528716564634e-09,0.7835818529129028,0.009412222541868687,2.5965933799743652
871,2.4400382041931152,-9.03344440460205,0.3350631296634674,0.3337189853191376,0.013378491625189781,1.7579498291015625,1.757805347442627,9.756043434143066,0.02153564617037773,1.7966540255542895e-08,0.6930594444274902,0.10251754522323608,0.01798662543296814,1.7966540255542895e-08,0.6930594444274902,0.10251754522323608,0.01798662543296814,0.0,0.03991486877202986,0.0,0.0,0.0,0.0001,False,,,,,,,,,,,,,,
872,2.4680047035217285,-9.057282447814941,0.34504246711730957,0.3433186709880829,0.013730945996940136,1.7655301094055176,1.7662951946258545,9.779808044433594,0.02210698276758194,4.975948542096376e-09,0.6930876970291138,0.10234493762254715,0.016927571967244148,4.975948542096376e-09,0.6930876970291138,0.10234493762254715,0.016927571967244148,0.0,0.03991486877202986,0.0,0.0,0.0,0.0001,False,,,,,,,,,,,,,,
873,2.439612627029419,-8.985207557678223,0.33264872431755066,0.33089974522590637,0.013612968847155571,1.7619948387145996,1.7629073858261108,9.707892417907715,0.019869910553097725,3.6385960910934045e-09,0.6932473182678223,0.1020868569612503,0.016901975497603416,3.6385960910934045e-09,0.6932473182678223,0.1020868569612503,0.016901975497603416,0.0,0.03991486877202986,0.0,0.0,0.0,0.0001,False,,,,,,,,,,,,,,
874,2.4419662952423096,-8.992209434509277,0.33216211199760437,0.3306887745857239,0.013459372334182262,1.7656065225601196,1.7657054662704468,9.714707374572754,0.020369211211800575,2.0519291155096653e-08,0.6930769085884094,0.10189537703990936,0.016774730756878853,2.0519291155096653e-08,0.6930769085884094,0.10189537703990936,0.016774730756878853,0.0,0.03991486877202986,0.0,0.0,0.0,0.0001,False,,,,,,,,,,,,,,
875,2.4452576637268066,-9.091682434082031,0.3349608778953552,0.3337840437889099,0.01371202152222395,1.7628718614578247,1.7627294063568115,9.814438819885254,0.0214531347155571,9.85128506547639e-11,0.6932004690170288,0.10259098559617996,0.018065376207232475,9.85128506547639e-11,0.6932004690170288,0.10259098559617996,0.018065376207232475,0.0,0.03991486877202986,0.0,0.0,0.0,0.0001,False,,,,,,,,,,,,,,
876,2.466459274291992,-9.09445571899414,0.3459392488002777,0.34425461292266846,0.013493523001670837,1.7627030611038208,1.7628408670425415,9.817399024963379,0.02376958541572094,2.632073003994151e-09,0.6934991478919983,0.102277472615242,0.016911081969738007,2.632073003994151e-09,0.6934991478919983,0.102277472615242,0.016911081969738007,0.0,0.03991486877202986,0.0,0.0,0.0,0.0001,False,,,,,,,,,,,,,,
877,2.452925205230713,-9.012399673461914,0.3382033109664917,0.33726605772972107,0.013448870740830898,1.764166235923767,1.7638474702835083,9.735602378845215,0.02192113921046257,1.285522244209858e-09,0.693724513053894,0.10311095416545868,0.01711699552834034,1.285522244209858e-09,0.693724513053894,0.10311095416545868,0.01711699552834034,0.0,0.03991486877202986,0.0,0.0,0.0,0.0001,False,,,,,,,,,,,,,,
878,2.4416146278381348,-9.090815544128418,0.3333299160003662,0.3323306739330292,0.013410720974206924,1.762873649597168,1.7622129917144775,9.813302040100098,0.021055303514003754,1.5484040438717983e-10,0.6930185556411743,0.10249266773462296,0.017270319163799286,1.5484040438717983e-10,0.6930185556411743,0.10249266773462296,0.017270319163799286,0.0,0.03991486877202986,0.0,0.0,0.0,0.0001,False,,,,,,,,,,,,,,
879,2.444647789001465,-9.088735580444336,0.33593669533729553,0.33527863025665283,0.013364552520215511,1.7604901790618896,1.759645938873291,9.810917854309082,0.02123950608074665,5.110087353266124e-10,0.6928388476371765,0.1020137295126915,0.016066143289208412,5.110087353266124e-10,0.6928388476371765,0.1020137295126915,0.016066143289208412,0.0,0.03991486877202986,0.0,0.0,0.0,0.0001,False,,,,,,,,,,,,,,
880,2.450467348098755,-9.102041244506836,0.3371807336807251,0.3359781503677368,0.013539754785597324,1.763749599456787,1.7637877464294434,9.824540138244629,0.020059367641806602,6.650098782756686e-08,0.6931190490722656,0.10233550518751144,0.016337942332029343,3.2094530793056865e-09,0.6925459504127502,0.10226815193891525,0.012588744051754475,0.0,0.040357414722442614,0.0,0.0,0.0,0.0001,False,0.7848179936408997,0.7848179936408997,0.21518200635910034,9.06190299987793,0.0,0.9291274547576904,3.97165846824646,-0.0,1.3855321407318115,0.7836124300956726,3.1833981429891168e-09,0.7836124300956726,0.01002540998160839,2.605865955352783
881,2.452263832092285,-9.10534954071045,0.3401683568954468,0.3382243514060974,0.01326135266572237,1.7598402500152588,1.7613791227340698,9.828227043151855,0.022342855110764503,8.679940037836786e-07,0.6931086182594299,0.10207080841064453,0.016951443627476692,8.679940037836786e-07,0.6931086182594299,0.10207080841064453,0.016951443627476692,0.0,0.040357414722442614,0.0,0.0,0.0,0.0001,False,,,,,,,,,,,,,,
882,2.4511728286743164,-9.065607070922852,0.336160808801651,0.33442556858062744,0.013372475281357765,1.766776204109192,1.7676520347595215,9.788607597351074,0.02081885375082493,1.9010911955774645e-07,0.6932862401008606,0.10225794464349747,0.016531426459550858,1.9010911955774645e-07,0.6932862401008606,0.10225794464349747,0.016531426459550858,0.0,0.040357414722442614,0.0,0.0,0.0,0.0001,False,,,,,,,,,,,,,,
883,2.452836275100708,-9.155539512634277,0.3363073468208313,0.3346763849258423,0.013336912728846073,1.7684286832809448,1.7686023712158203,9.878609657287598,0.01966232620179653,9.429939495930739e-08,0.6933262348175049,0.10211291164159775,0.016837945207953453,9.429939495930739e-08,0.6933262348175049,0.10211291164159775,0.016837945207953453,0.0,0.040357414722442614,0.0,0.0,0.0,0.0001,False,,,,,,,,,,,,,,
884,2.458893060684204,-9.129645347595215,0.3372534215450287,0.3356555998325348,0.013389782048761845,1.7727233171463013,1.7724651098251343,9.852886199951172,0.0215454064309597,1.6409221359481307e-07,0.6934304237365723,0.10222373902797699,0.017438221722841263,1.6409221359481307e-07,0.6934304237365723,0.10222373902797699,0.017438221722841263,0.0,0.040357414722442614,0.0,0.0,0.0,0.0001,False,,,,,,,,,,,,,,
885,2.442885398864746,-9.156133651733398,0.3347454369068146,0.3337116837501526,0.01368569117039442,1.7612318992614746,1.7602531909942627,9.878904342651367,0.01993505097925663,5.1481201523984055e-09,0.6929972171783447,0.10204681754112244,0.01726156286895275,5.1481201523984055e-09,0.6929972171783447,0.10204681754112244,0.01726156286895275,0.0,0.040357414722442614,0.0,0.0,0.0,0.0001,False,,,,,,,,,,,,,,
886,2.450674533843994,-9.127862930297852,0.33751949667930603,0.3372134268283844,0.013491015881299973,1.7635265588760376,1.761374592781067,9.850607872009277,0.021067311987280846,3.829863093329777e-09,0.693023145198822,0.10239924490451813,0.016711624339222908,3.829863093329777e-09,0.693023145198822,0.10239924490451813,0.016711624339222908,0.0,0.040357414722442614,0.0,0.0,0.0,0.0001,False,,,,,,,,,,,,,,
887,2.4739978313446045,-9.15523910522461,0.3475184738636017,0.3468579947948456,0.013972592540085316,1.766716718673706,1.7645808458328247,9.877820014953613,0.0230283010751009,2.440113178181491e-07,0.6927381157875061,0.10262728482484818,0.018033303320407867,2.440113178181491e-07,0.6927381157875061,0.10262728482484818,0.018033303320407867,0.0,0.040357414722442614,0.0,0.0,0.0,0.0001,False,,,,,,,,,,,,,,
888,2.4565062522888184,-9.169841766357422,0.3410179913043976,0.3397633135318756,0.01398426853120327,1.7622613906860352,1.7612202167510986,9.892874717712402,0.02280488796532154,1.7840643407041057e-09,0.6932430863380432,0.10248827189207077,0.017350072041153908,1.7840643407041057e-09,0.6932430863380432,0.10248827189207077,0.017350072041153908,0.0,0.040357414722442614,0.0,0.0,0.0,0.0001,False,,,,,,,,,,,,,,
889,2.4652512073516846,-9.180912971496582,0.3455442190170288,0.34405457973480225,0.013341623358428478,1.7623982429504395,1.7622231245040894,9.903827667236328,0.02003803849220276,1.1191350068884276e-08,0.6931822896003723,0.1024518758058548,0.016816364601254463,1.1191350068884276e-08,0.6931822896003723,0.1024518758058548,0.016816364601254463,0.0,0.040357414722442614,0.0,0.0,0.0,0.0001,False,,,,,,,,,,,,,,
890,2.4454874992370605,-9.119940757751465,0.3365738093852997,0.3349873721599579,0.013204572722315788,1.7604540586471558,1.7609893083572388,9.843071937561035,0.019274208694696426,1.630944410635493e-07,0.6933503150939941,0.10256882756948471,0.017168238759040833,3.776035650076415e-09,0.69253009557724,0.10221497714519501,0.01193785760551691,0.0,0.04079994481801985,0.0,0.0,0.0,0.0001,False,0.7840286493301392,0.7840286493301392,0.21597135066986084,9.035234451293945,0.0,0.9290313720703125,3.9739227294921875,-0.0,1.3881734609603882,0.7836744785308838,3.745379493217208e-09,0.7836744785308838,0.009812699630856514,2.612759590148926
891,2.444611072540283,-9.134319305419922,0.3319939970970154,0.3311951756477356,0.013775347732007504,1.7675548791885376,1.7677379846572876,9.857787132263184,0.02162228152155876,4.199072805022297e-07,0.6933497786521912,0.10274317860603333,0.01739993318915367,4.199072805022297e-07,0.6933497786521912,0.10274317860603333,0.01739993318915367,0.0,0.04079994481801985,0.0,0.0,0.0,0.0001,False,,,,,,,,,,,,,,
892,2.4531338214874268,-9.195052146911621,0.34016382694244385,0.33832162618637085,0.013355602510273457,1.761022925376892,1.761562705039978,9.91835880279541,0.022706467658281326,2.70031890181599e-08,0.6932230591773987,0.10240228474140167,0.017192985862493515,2.70031890181599e-08,0.6932230591773987,0.10240228474140167,0.017192985862493515,0.0,0.04079994481801985,0.0,0.0,0.0,0.0001,False,,,,,,,,,,,,,,
893,2.4430153369903564,-9.182225227355957,0.3343304395675659,0.33274224400520325,0.01364399679005146,1.7622183561325073,1.7623790502548218,9.905927658081055,0.02147815376520157,9.784865362405526e-09,0.6936808824539185,0.10206963121891022,0.016442330554127693,9.784865362405526e-09,0.6936808824539185,0.10206963121891022,0.016442330554127693,0.0,0.04079994481801985,0.0,0.0,0.0,0.0001,False,,,,,,,,,,,,,,
894,2.46407413482666,-9.182727813720703,0.3431459665298462,0.3416764438152313,0.013759009540081024,1.765596866607666,1.7653882503509521,9.90628719329834,0.01961420848965645,2.0726935190396034e-07,0.6934349536895752,0.10203340649604797,0.01750209927558899,2.0726935190396034e-07,0.6934349536895752,0.10203340649604797,0.01750209927558899,0.0,0.04079994481801985,0.0,0.0,0.0,0.0001,False,,,,,,,,,,,,,,
895,2.444655179977417,-9.182555198669434,0.33353474736213684,0.3319719135761261,0.013347288593649864,1.765801191329956,1.7658010721206665,9.906623840332031,0.02162593975663185,1.3217403648013715e-05,0.6936986446380615,0.1024320125579834,0.01658058725297451,1.3217403648013715e-05,0.6936986446380615,0.1024320125579834,0.01658058725297451,0.0,0.04079994481801985,0.0,0.0,0.0,0.0001,False,,,,,,,,,,,,,,
896,2.4593286514282227,-9.210749626159668,0.34013864398002625,0.33938029408454895,0.013360843993723392,1.767115831375122,1.7657816410064697,9.933597564697266,0.02270469442009926,1.2256089476636589e-08,0.6928287148475647,0.10241115093231201,0.01673078164458275,1.2256089476636589e-08,0.6928287148475647,0.10241115093231201,0.01673078164458275,0.0,0.04079994481801985,0.0,0.0,0.0,0.0001,False,,,,,,,,,,,,,,
897,2.4620437622070312,-9.225863456726074,0.343320369720459,0.3421380817890167,0.013144589960575104,1.76377534866333,1.7631064653396606,9.948846817016602,0.019942104816436768,1.072884980857225e-08,0.6929655075073242,0.10244876146316528,0.016672421246767044,1.072884980857225e-08,0.6929655075073242,0.10244876146316528,0.016672421246767044,0.0,0.04079994481801985,0.0,0.0,0.0,0.0001,False,,,,,,,,,,,,,,
898,2.453739881515503,-9.15248966217041,0.3389507234096527,0.3378821015357971,0.013558474369347095,1.7634788751602173,1.7632182836532593,9.875287055969238,0.02110818773508072,3.183425967279163e-09,0.6927096843719482,0.10220342874526978,0.017396774142980576,3.183425967279163e-09,0.6927096843719482,0.10220342874526978,0.017396774142980576,0.0,0.04079994481801985,0.0,0.0,0.0,0.0001,False,,,,,,,,,,,,,,
899,2.4712114334106445,-9.240447998046875,0.3428241014480591,0.3415900468826294,0.013931957073509693,1.7729682922363281,1.7727622985839844,9.96310043334961,0.020234042778611183,5.115247669884582e-10,0.6926265358924866,0.10229884088039398,0.016855420544743538,5.115247669884582e-10,0.6926265358924866,0.10229884088039398,0.016855420544743538,0.0,0.04079994481801985,0.0,0.0,0.0,0.0001,False,,,,,,,,,,,,,,
900,2.4424920082092285,-9.265450477600098,0.33223459124565125,0.3305480182170868,0.013319461606442928,1.766048789024353,1.7667310237884521,9.988247871398926,0.020104173570871353,8.505269266656512e-10,0.6927783489227295,0.10252708196640015,0.01671058125793934,1.7281340779265113e-10,0.6923535466194153,0.1023363471031189,0.012209403328597546,0.0,0.04124229836463927,0.0,0.0,0.0,0.0001,False,0.7848153710365295,0.7848153710365295,0.21518462896347046,9.046479225158691,0.0,0.9291274547576904,3.971663475036621,-0.0,1.3831746578216553,0.7835168242454529,1.714110347331797e-10,0.7835168242454529,0.009079390205442905,2.6028940677642822
901,2.4631707668304443,-9.190621376037598,0.3448452353477478,0.34262391924858093,0.013486957177519798,1.7614762783050537,1.7629530429840088,9.913553237915039,0.02073582261800766,1.483009132163815e-10,0.692586362361908,0.10227762162685394,0.016994813457131386,1.483009132163815e-10,0.692586362361908,0.10227762162685394,0.016994813457131386,0.0,0.04124229836463927,0.0,0.0,0.0,0.0001,False,,,,,,,,,,,,,,
902,2.4466419219970703,-9.226275444030762,0.3344419002532959,0.33322447538375854,0.013363071717321873,1.765500545501709,1.7657246589660645,9.9492769241333,0.020351283252239227,4.621364957380081e-10,0.6926442980766296,0.10245317220687866,0.017084386199712753,4.621364957380081e-10,0.6926442980766296,0.10245317220687866,0.017084386199712753,0.0,0.04124229836463927,0.0,0.0,0.0,0.0001,False,,,,,,,,,,,,,,
903,2.4611878395080566,-9.280557632446289,0.3417088985443115,0.3399008512496948,0.013506494462490082,1.7660205364227295,1.766122579574585,10.003721237182617,0.020306026563048363,4.660976671289063e-08,0.6928699612617493,0.10230644792318344,0.016396142542362213,4.660976671289063e-08,0.6928699612617493,0.10230644792318344,0.016396142542362213,0.0,0.04124229836463927,0.0,0.0,0.0,0.0001,False,,,,,,,,,,,,,,
904,2.455524444580078,-9.24903678894043,0.3415932357311249,0.340906023979187,0.013465449213981628,1.7601267099380493,1.7589927911758423,9.971841812133789,0.02185281552374363,1.213260394927751e-11,0.69248366355896,0.10260520875453949,0.01677553914487362,1.213260394927751e-11,0.69248366355896,0.10260520875453949,0.01677553914487362,0.0,0.04124229836463927,0.0,0.0,0.0,0.0001,False,,,,,,,,,,,,,,
905,2.44830060005188,-9.223255157470703,0.33326876163482666,0.3329296112060547,0.013471859507262707,1.769709587097168,1.7675511837005615,9.946508407592773,0.017526866868138313,1.26614732587349e-10,0.692950963973999,0.10202966630458832,0.01641758531332016,1.26614732587349e-10,0.692950963973999,0.10202966630458832,0.01641758531332016,0.0,0.04124229836463927,0.0,0.0,0.0,0.0001,False,,,,,,,,,,,,,,
906,2.4583663940429688,-9.264575958251953,0.33809593319892883,0.3379601240158081,0.013632283546030521,1.769935131072998,1.7674208879470825,9.987668991088867,0.021586528047919273,1.2219905642929518e-11,0.6927375793457031,0.10232719779014587,0.017035026103258133,1.2219905642929518e-11,0.6927375793457031,0.10232719779014587,0.017035026103258133,0.0,0.04124229836463927,0.0,0.0,0.0,0.0001,False,,,,,,,,,,,,,,
907,2.4861109256744385,-9.360387802124023,0.35168108344078064,0.35108712315559387,0.01343373954296112,1.7710819244384766,1.7687358856201172,10.083157539367676,0.0179614145308733,6.375978911510316e-11,0.6924796104431152,0.1025436744093895,0.016483085229992867,6.375978911510316e-11,0.6924796104431152,0.1025436744093895,0.016483085229992867,0.0,0.04124229836463927,0.0,0.0,0.0,0.0001,False,,,,,,,,,,,,,,
908,2.4620161056518555,-9.269062042236328,0.34411177039146423,0.34314247965812683,0.014033288694918156,1.7607636451721191,1.7606936693191528,9.991875648498535,0.019120246171951294,1.0023774345280234e-11,0.692595362663269,0.1023666113615036,0.01570807583630085,1.0023774345280234e-11,0.692595362663269,0.1023666113615036,0.01570807583630085,0.0,0.04124229836463927,0.0,0.0,0.0,0.0001,False,,,,,,,,,,,,,,
909,2.4642715454101562,-9.229480743408203,0.3465456962585449,0.3442378044128418,0.013477095402777195,1.7598845958709717,1.7601375579833984,9.953105926513672,0.019473284482955933,3.0554947461070014e-10,0.6932445168495178,0.10217808187007904,0.01712014153599739,3.0554947461070014e-10,0.6932445168495178,0.10217808187007904,0.01712014153599739,0.0,0.04124229836463927,0.0,0.0,0.0,0.0001,False,,,,,,,,,,,,,,
910,2.464285373687744,-9.279730796813965,0.3447013795375824,0.34309494495391846,0.013606509193778038,1.7626465559005737,1.7631182670593262,10.003161430358887,0.020579878240823746,8.244179228178439e-10,0.6930875778198242,0.1024787575006485,0.01671445742249489,6.580803457407652e-11,0.6923829913139343,0.10222584754228592,0.011750280857086182,0.0,0.0416846813559532,0.0,0.0,0.0,0.0001,False,0.7844812870025635,0.7844812870025635,0.21551871299743652,9.04298210144043,0.0,0.930184543132782,3.9698781967163086,-0.0,1.380008578300476,0.7834458351135254,6.527375647802498e-11,0.7834458351135254,0.008807206526398659,2.600693941116333
911,2.442045211791992,-9.348690032958984,0.3340394198894501,0.33213168382644653,0.013473313301801682,1.7615594863891602,1.763242244720459,10.072355270385742,0.020569507032632828,3.017562241747207e-11,0.6930185556411743,0.10196290165185928,0.016793332993984222,3.017562241747207e-11,0.6930185556411743,0.10196290165185928,0.016793332993984222,0.0,0.0416846813559532,0.0,0.0,0.0,0.0001,False,,,,,,,,,,,,,,
912,2.4610698223114014,-9.328400611877441,0.34119725227355957,0.33871084451675415,0.01339756976813078,1.7669049501419067,1.7686234712600708,10.051749229431152,0.01866915449500084,1.0268198617768842e-11,0.6927266120910645,0.10254775732755661,0.016664139926433563,1.0268198617768842e-11,0.6927266120910645,0.10254775732755661,0.016664139926433563,0.0,0.0416846813559532,0.0,0.0,0.0,0.0001,False,,,,,,,,,,,,,,
913,2.4844460487365723,-9.254469871520996,0.35202232003211975,0.3499162197113037,0.013597716577351093,1.768559455871582,1.7692598104476929,9.977655410766602,0.017279397696256638,3.070763643364671e-10,0.6926398873329163,0.10241901129484177,0.01590915583074093,3.070763643364671e-10,0.6926398873329163,0.10241901129484177,0.01590915583074093,0.0,0.0416846813559532,0.0,0.0,0.0,0.0001,False,,,,,,,,,,,,,,
914,2.4457974433898926,-9.274312973022461,0.33305373787879944,0.3318704664707184,0.013574627228081226,1.7673847675323486,1.7672127485275269,9.998098373413086,0.018221789970993996,3.882056343051943e-10,0.6931148171424866,0.10228470712900162,0.017010273411870003,3.882056343051943e-10,0.6931148171424866,0.10228470712900162,0.017010273411870003,0.0,0.0416846813559532,0.0,0.0,0.0,0.0001,False,,,,,,,,,,,,,,
915,2.4760377407073975,-9.381352424621582,0.3489421308040619,0.34750112891197205,0.013312580063939095,1.7668505907058716,1.765713095664978,10.105265617370605,0.018701646476984024,8.49603443153768e-11,0.6933430433273315,0.10229410976171494,0.01591608300805092,8.49603443153768e-11,0.6933430433273315,0.10229410976171494,0.01591608300805092,0.0,0.0416846813559532,0.0,0.0,0.0,0.0001,False,,,,,,,,,,,,,,
916,2.448657512664795,-9.371779441833496,0.3380623757839203,0.3374367952346802,0.013505848124623299,1.7600468397140503,1.7592580318450928,10.095207214355469,0.01883428730070591,7.286459213773355e-10,0.6927840113639832,0.10226086527109146,0.016846999526023865,7.286459213773355e-10,0.6927840113639832,0.10226086527109146,0.016846999526023865,0.0,0.0416846813559532,0.0,0.0,0.0,0.0001,False,,,,,,,,,,,,,,
917,2.468503713607788,-9.295358657836914,0.34149643778800964,0.34056031703948975,0.013764179311692715,1.7734616994857788,1.7719035148620605,10.018904685974121,0.015678415074944496,1.6192104948520303e-11,0.6929776072502136,0.10222280025482178,0.01601072959601879,1.6192104948520303e-11,0.6929776072502136,0.10222280025482178,0.01601072959601879,0.0,0.0416846813559532,0.0,0.0,0.0,0.0001,False,,,,,,,,,,,,,,
918,2.451751232147217,-9.297171592712402,0.3357138931751251,0.33528032898902893,0.013589354231953621,1.7677894830703735,1.7665457725524902,10.021079063415527,0.017068568617105484,3.927049241347902e-10,0.6933711171150208,0.10182943940162659,0.015540734864771366,3.927049241347902e-10,0.6933711171150208,0.10182943940162659,0.015540734864771366,0.0,0.0416846813559532,0.0,0.0,0.0,0.0001,False,,,,,,,,,,,,,,
919,2.4540507793426514,-9.3466215133667,0.33729472756385803,0.33642327785491943,0.013506206683814526,1.76726233959198,1.7663909196853638,10.070320129394531,0.018450681120157242,1.6393701951500361e-09,0.6930322647094727,0.10252207517623901,0.016975000500679016,1.6393701951500361e-09,0.6930322647094727,0.10252207517623901,0.016975000500679016,0.0,0.0416846813559532,0.0,0.0,0.0,0.0001,False,,,,,,,,,,,,,,
920,2.464721918106079,-9.391136169433594,0.3416532874107361,0.3406980633735657,0.013443045318126678,1.7689849138259888,1.7688703536987305,10.114717483520508,0.017259879037737846,4.325208802224978e-10,0.6929735541343689,0.10232745856046677,0.016426432877779007,1.3306949403999193e-10,0.6924104690551758,0.10219287127256393,0.011838230304419994,0.0,0.04212709182500837,0.0,0.0,0.0,0.0001,False,0.7839582562446594,0.7839582562446594,0.21604174375534058,9.03979778289795,0.0,0.9295598864555359,3.9736275672912598,-0.0,1.385530710220337,0.7834277749061584,1.3198965043570497e-10,0.7834277749061584,0.009209156967699528,2.607344388961792
921,2.4704408645629883,-9.348832130432129,0.3461894094944,0.34387972950935364,0.013808165676891804,1.7657599449157715,1.7673671245574951,10.072458267211914,0.017876671627163887,4.753177296201727e-10,0.692760705947876,0.10231913626194,0.016000397503376007,4.753177296201727e-10,0.692760705947876,0.10231913626194,0.016000397503376007,0.0,0.04212709182500837,0.0,0.0,0.0,0.0001,False,,,,,,,,,,,,,,
922,2.4497480392456055,-9.344818115234375,0.33992999792099,0.33824583888053894,0.013141837902367115,1.7580487728118896,1.7588121891021729,10.068979263305664,0.016052937135100365,2.01498540075562e-10,0.6933161616325378,0.10227454453706741,0.015581745654344559,2.01498540075562e-10,0.6933161616325378,0.10227454453706741,0.015581745654344559,0.0,0.04212709182500837,0.0,0.0,0.0,0.0001,False,,,,,,,,,,,,,,
923,2.449110984802246,-9.388384819030762,0.33885660767555237,0.3374548852443695,0.013501293957233429,1.7593629360198975,1.7592331171035767,10.11194133758545,0.017413172870874405,5.358940846633686e-09,0.6927001476287842,0.10235761851072311,0.015951890498399734,5.358940846633686e-09,0.6927001476287842,0.10235761851072311,0.015951890498399734,0.0,0.04212709182500837,0.0,0.0,0.0,0.0001,False,,,,,,,,,,,,,,
924,2.4602863788604736,-9.422842025756836,0.34375452995300293,0.34196823835372925,0.01311913039535284,1.7612667083740234,1.7616221904754639,10.146347045898438,0.017947198823094368,6.232057231381205e-11,0.6925795078277588,0.10224045068025589,0.01666365936398506,6.232057231381205e-11,0.6925795078277588,0.10224045068025589,0.01666365936398506,0.0,0.04212709182500837,0.0,0.0,0.0,0.0001,False,,,,,,,,,,,,,,
925,2.4381062984466553,-9.363568305969238,0.32990726828575134,0.3298003375530243,0.013263233006000519,1.7660678625106812,1.7642029523849487,10.087072372436523,0.018788237124681473,2.524212228127709e-10,0.6926166415214539,0.10246715694665909,0.016257015988230705,2.524212228127709e-10,0.6926166415214539,0.10246715694665909,0.016257015988230705,0.0,0.04212709182500837,0.0,0.0,0.0,0.0001,False,,,,,,,,,,,,,,
926,2.472149610519409,-9.40358829498291,0.34402069449424744,0.34353625774383545,0.013637996278703213,1.7724072933197021,1.7695019245147705,10.127565383911133,0.016747307032346725,1.4773756870645194e-11,0.6930915117263794,0.10216248780488968,0.016064127907156944,1.4773756870645194e-11,0.6930915117263794,0.10216248780488968,0.016064127907156944,0.0,0.04212709182500837,0.0,0.0,0.0,0.0001,False,,,,,,,,,,,,,,
927,2.440377950668335,-9.437373161315918,0.33001551032066345,0.3302282392978668,0.013542666099965572,1.7680768966674805,1.7651063203811646,10.160737991333008,0.01676427759230137,3.889192023986965e-10,0.6926038265228271,0.10197345912456512,0.015063847415149212,3.889192023986965e-10,0.6926038265228271,0.10197345912456512,0.015063847415149212,0.0,0.04212709182500837,0.0,0.0,0.0,0.0001,False,,,,,,,,,,,,,,
928,2.4531846046447754,-9.445843696594238,0.3385394513607025,0.3378603160381317,0.013589667156338692,1.763681411743164,1.7627089023590088,10.170182228088379,0.019020304083824158,3.7372499539500836e-10,0.6934491395950317,0.10232356190681458,0.015968071296811104,3.7372499539500836e-10,0.6934491395950317,0.10232356190681458,0.015968071296811104,0.0,0.04212709182500837,0.0,0.0,0.0,0.0001,False,,,,,,,,,,,,,,
929,2.4498441219329834,-9.396805763244629,0.34023913741111755,0.33796560764312744,0.01375383511185646,1.7573295831680298,1.7584415674209595,10.120479583740234,0.01689600944519043,2.3230133094909178e-12,0.6928094625473022,0.10239385813474655,0.01599515788257122,2.3230133094909178e-12,0.6928094625473022,0.10239385813474655,0.01599515788257122,0.0,0.04212709182500837,0.0,0.0,0.0,0.0001,False,,,,,,,,,,,,,,
930,2.455653667449951,-9.438785552978516,0.3388088345527649,0.33610835671424866,0.013779601082205772,1.7659313678741455,1.7679821252822876,10.162781715393066,0.01839730329811573,5.1833615524743415e-12,0.6930414438247681,0.10249660909175873,0.016792694106698036,4.4295254229464385e-11,0.692093551158905,0.10222073644399643,0.012074152939021587,0.0,0.04256918537616728,0.0,0.0,0.0,0.0001,False,0.7842198014259338,0.7842198014259338,0.21578019857406616,9.048625946044922,0.0,0.9306169748306274,3.970932960510254,-0.0,1.384171485900879,0.7833582758903503,4.3936147104805875e-11,0.7833582758903503,0.010462394915521145,2.610640287399292
931,2.469620943069458,-9.423914909362793,0.34844645857810974,0.34556111693382263,0.012970814481377602,1.7614763975143433,1.7638086080551147,10.147673606872559,0.016932329162955284,6.888196124599233e-10,0.6926479935646057,0.10222339630126953,0.015501746907830238,6.888196124599233e-10,0.6926479935646057,0.10222339630126953,0.015501746907830238,0.0,0.04256918537616728,0.0,0.0,0.0,0.0001,False,,,,,,,,,,,,,,
932,2.4523978233337402,-9.419026374816895,0.341567724943161,0.3389875888824463,0.012972262687981129,1.7580338716506958,1.7597066164016724,10.142361640930176,0.014121142216026783,3.5007949230475566e-12,0.6921860575675964,0.1023615151643753,0.01603087969124317,3.5007949230475566e-12,0.6921860575675964,0.1023615151643753,0.01603087969124317,0.0,0.04256918537616728,0.0,0.0,0.0,0.0001,False,,,,,,,,,,,,,,
933,2.4671244621276855,-9.447826385498047,0.34451308846473694,0.342963844537735,0.013747287914156914,1.765974760055542,1.7658257484436035,10.171757698059082,0.014274735003709793,2.0512963549990104e-10,0.6927855014801025,0.10252319276332855,0.0157542135566473,2.0512963549990104e-10,0.6927855014801025,0.10252319276332855,0.0157542135566473,0.0,0.04256918537616728,0.0,0.0,0.0,0.0001,False,,,,,,,,,,,,,,
934,2.453268051147461,-9.446613311767578,0.3353671729564667,0.33460283279418945,0.013433339074254036,1.7705895900726318,1.7691398859024048,10.170289993286133,0.015615232288837433,9.143212764683994e-08,0.6925226449966431,0.10181281715631485,0.01592594012618065,9.143212764683994e-08,0.6925226449966431,0.10181281715631485,0.01592594012618065,0.0,0.04256918537616728,0.0,0.0,0.0,0.0001,False,,,,,,,,,,,,,,
935,2.4300119876861572,-9.417560577392578,0.32437098026275635,0.3248136639595032,0.013525143265724182,1.7687854766845703,1.7658191919326782,10.141525268554688,0.017784779891371727,1.2145739058597171e-12,0.692768931388855,0.1028486043214798,0.016284381970763206,1.2145739058597171e-12,0.692768931388855,0.1028486043214798,0.016284381970763206,0.0,0.04256918537616728,0.0,0.0,0.0,0.0001,False,,,,,,,,,,,,,,
936,2.4534130096435547,-9.434440612792969,0.3341522812843323,0.3342173099517822,0.01310799177736044,1.7734814882278442,1.7703895568847656,10.15791130065918,0.016635354608297348,3.3062697024632826e-10,0.6923136711120605,0.10199019312858582,0.01605963706970215,3.3062697024632826e-10,0.6923136711120605,0.10199019312858582,0.01605963706970215,0.0,0.04256918537616728,0.0,0.0,0.0,0.0001,False,,,,,,,,,,,,,,
937,2.442829132080078,-9.537677764892578,0.3308355510234833,0.3300100862979889,0.013274417258799076,1.7694005966186523,1.7680176496505737,10.261455535888672,0.014540056698024273,1.6968422500429625e-10,0.6926199793815613,0.10204986482858658,0.015966737642884254,1.6968422500429625e-10,0.6926199793815613,0.10204986482858658,0.015966737642884254,0.0,0.04256918537616728,0.0,0.0,0.0,0.0001,False,,,,,,,,,,,,,,
938,2.455385446548462,-9.465776443481445,0.3385956883430481,0.33648818731307983,0.013456536456942558,1.7664402723312378,1.767249584197998,10.189072608947754,0.014902668073773384,5.087843479856247e-10,0.6921956539154053,0.10255502164363861,0.015553719364106655,5.087843479856247e-10,0.6921956539154053,0.10255502164363861,0.015553719364106655,0.0,0.04256918537616728,0.0,0.0,0.0,0.0001,False,,,,,,,,,,,,,,
939,2.4489333629608154,-9.449430465698242,0.3381180763244629,0.3358137607574463,0.013495140708982944,1.7607288360595703,1.7622836828231812,10.172653198242188,0.014881429262459278,5.66759278397555e-11,0.6920844316482544,0.10214291512966156,0.01598707027733326,5.66759278397555e-11,0.6920844316482544,0.10214291512966156,0.01598707027733326,0.0,0.04256918537616728,0.0,0.0,0.0,0.0001,False,,,,,,,,,,,,,,
940,2.4326493740081787,-9.487885475158691,0.3310963809490204,0.3289869427680969,0.012874661944806576,1.7589033842086792,1.7604795694351196,10.211429595947266,0.01663682609796524,6.791617268575578e-11,0.6923247575759888,0.10203305631875992,0.016725918278098106,1.1334288175314165e-10,0.6918885707855225,0.10207392275333405,0.011707489378750324,0.0,0.043011073946952805,0.0,0.0,0.0,0.0001,False,0.7836322784423828,0.7836322784423828,0.2163677215576172,9.045432090759277,0.0,0.930953323841095,3.972789764404297,-0.0,1.3858662843704224,0.7830521464347839,1.124239653966176e-10,0.7830521464347839,0.01050490327179432,2.6084389686584473
941,2.4432787895202637,-9.522135734558105,0.336303174495697,0.3341386616230011,0.013305188156664371,1.7590055465698242,1.7600581645965576,10.246000289916992,0.01570122502744198,4.071393500115761e-10,0.6924574375152588,0.10220072418451309,0.015459499321877956,4.071393500115761e-10,0.6924574375152588,0.10220072418451309,0.015459499321877956,0.0,0.043011073946952805,0.0,0.0,0.0,0.0001,False,,,,,,,,,,,,,,
942,2.455822229385376,-9.531831741333008,0.34133046865463257,0.3395591378211975,0.013340238481760025,1.7611013650894165,1.7620835304260254,10.255824089050293,0.01638704165816307,4.999519731541113e-08,0.6925659775733948,0.10247839987277985,0.015601053833961487,4.999519731541113e-08,0.6925659775733948,0.10247839987277985,0.015601053833961487,0.0,0.043011073946952805,0.0,0.0,0.0,0.0001,False,,,,,,,,,,,,,,
943,2.4548051357269287,-9.474946022033691,0.3393358886241913,0.3375765085220337,0.013228727504611015,1.764724612236023,1.7646033763885498,10.198966979980469,0.01504068449139595,9.762729513695945e-10,0.6924468278884888,0.1019267588853836,0.017141275107860565,9.762729513695945e-10,0.6924468278884888,0.1019267588853836,0.017141275107860565,0.0,0.043011073946952805,0.0,0.0,0.0,0.0001,False,,,,,,,,,,,,,,
944,2.443814516067505,-9.464391708374023,0.3314095437526703,0.33083483576774597,0.013401652686297894,1.7688782215118408,1.7674585580825806,10.188074111938477,0.016877608373761177,2.1300665398182872e-10,0.6921570897102356,0.10214858502149582,0.016733642667531967,2.1300665398182872e-10,0.6921570897102356,0.10214858502149582,0.016733642667531967,0.0,0.043011073946952805,0.0,0.0,0.0,0.0001,False,,,,,,,,,,,,,,
945,2.4590749740600586,-9.518744468688965,0.3383435010910034,0.33792755007743835,0.013187163509428501,1.7705391645431519,1.7686939239501953,10.242486953735352,0.014891824685037136,1.3330114789766867e-09,0.6923819184303284,0.10206601768732071,0.015019690617918968,1.3330114789766867e-09,0.6923819184303284,0.10206601768732071,0.015019690617918968,0.0,0.043011073946952805,0.0,0.0,0.0,0.0001,False,,,,,,,,,,,,,,
946,2.4532432556152344,-9.555442810058594,0.3379015326499939,0.3367025554180145,0.013095632195472717,1.7663816213607788,1.7647055387496948,10.27970027923584,0.016093673184514046,6.946097030890996e-10,0.69277024269104,0.10207441449165344,0.016154980286955833,6.946097030890996e-10,0.69277024269104,0.10207441449165344,0.016154980286955833,0.0,0.043011073946952805,0.0,0.0,0.0,0.0001,False,,,,,,,,,,,,,,
947,2.4617693424224854,-9.535199165344238,0.3460393249988556,0.3437584340572357,0.013137872330844402,1.7583438158035278,1.7593233585357666,10.25954818725586,0.015762872993946075,1.6619619458424495e-08,0.6928708553314209,0.10211373120546341,0.01599016599357128,1.6619619458424495e-08,0.6928708553314209,0.10211373120546341,0.01599016599357128,0.0,0.043011073946952805,0.0,0.0,0.0,0.0001,False,,,,,,,,,,,,,,
948,2.4437716007232666,-9.568286895751953,0.33082038164138794,0.32974597811698914,0.013260988518595695,1.7698472738265991,1.7700413465499878,10.292588233947754,0.015078995376825333,1.3034458234972846e-10,0.6927991509437561,0.1017632707953453,0.016321344301104546,1.3034458234972846e-10,0.6927991509437561,0.1017632707953453,0.016321344301104546,0.0,0.043011073946952805,0.0,0.0,0.0,0.0001,False,,,,,,,,,,,,,,
949,2.442882776260376,-9.526558876037598,0.3370254337787628,0.3351030647754669,0.01325474213808775,1.7570339441299438,1.757965087890625,10.250092506408691,0.014609838835895061,7.265552159907429e-09,0.6920628547668457,0.10210992395877838,0.016203349456191063,7.265552159907429e-09,0.6920628547668457,0.10210992395877838,0.016203349456191063,0.0,0.043011073946952805,0.0,0.0,0.0,0.0001,False,,,,,,,,,,,,,,
950,2.4512624740600586,-9.537575721740723,0.3373791575431824,0.3357897698879242,0.013349272310733795,1.7646698951721191,1.7648186683654785,10.261767387390137,0.014226170256733894,8.990709565726007e-11,0.6927862763404846,0.10226086527109146,0.015320788137614727,2.691417281751532e-10,0.6918801069259644,0.10202758014202118,0.011391318403184414,0.0,0.04345295405387877,0.0,0.0,0.0,0.0001,False,0.7835814952850342,0.7835814952850342,0.21641850471496582,9.068297386169434,0.0,0.9303767085075378,3.972126007080078,-0.0,1.382918357849121,0.7829834818840027,2.669597312938614e-10,0.7829834818840027,0.010275878012180328,2.6167449951171875
951,2.4586822986602783,-9.560721397399902,0.34324154257774353,0.3422655761241913,0.012956545688211918,1.760730504989624,1.7597066164016724,10.28492259979248,0.013746879063546658,2.1943334260754455e-08,0.6924843788146973,0.10210573673248291,0.015467573888599873,2.1943334260754455e-08,0.6924843788146973,0.10210573673248291,0.015467573888599873,0.0,0.04345295405387877,0.0,0.0,0.0,0.0001,False,,,,,,,,,,,,,,
952,2.4449634552001953,-9.603265762329102,0.3329268991947174,0.3315317928791046,0.013467725366353989,1.767281413078308,1.7667930126190186,10.327783584594727,0.015184396877884865,2.315408753617021e-09,0.6927303075790405,0.10252296924591064,0.01609988510608673,2.315408753617021e-09,0.6927303075790405,0.10252296924591064,0.01609988510608673,0.0,0.04345295405387877,0.0,0.0,0.0,0.0001,False,,,,,,,,,,,,,,
953,2.44966721534729,-9.512188911437988,0.33173033595085144,0.33104121685028076,0.013474901206791401,1.7737764120101929,1.7730650901794434,10.23630428314209,0.015521444380283356,4.4092911544169056e-09,0.6923521161079407,0.10168296098709106,0.01601092889904976,4.4092911544169056e-09,0.6923521161079407,0.10168296098709106,0.01601092889904976,0.0,0.04345295405387877,0.0,0.0,0.0,0.0001,False,,,,,,,,,,,,,,
954,2.4637670516967773,-9.545112609863281,0.3404844403266907,0.33946090936660767,0.013623001985251904,1.7705241441726685,1.7698729038238525,10.269042015075684,0.014340568333864212,6.93178092703306e-09,0.6922011971473694,0.10254762321710587,0.015725014731287956,6.93178092703306e-09,0.6922011971473694,0.10254762321710587,0.015725014731287956,0.0,0.04345295405387877,0.0,0.0,0.0,0.0001,False,,,,,,,,,,,,,,
955,2.4479732513427734,-9.581869125366211,0.3339047431945801,0.333773136138916,0.013026697561144829,1.7683268785476685,1.7662104368209839,10.306187629699707,0.01673465594649315,8.174338289590466e-11,0.6925919651985168,0.10198648273944855,0.015529450960457325,8.174338289590466e-11,0.6925919651985168,0.10198648273944855,0.015529450960457325,0.0,0.04345295405387877,0.0,0.0,0.0,0.0001,False,,,,,,,,,,,,,,
956,2.4568798542022705,-9.631287574768066,0.33767271041870117,0.33656173944473267,0.01357495877891779,1.770094871520996,1.7680459022521973,10.355327606201172,0.01431996189057827,6.555327947133094e-10,0.6923515200614929,0.10194731503725052,0.015259502455592155,6.555327947133094e-10,0.6923515200614929,0.10194731503725052,0.015259502455592155,0.0,0.04345295405387877,0.0,0.0,0.0,0.0001,False,,,,,,,,,,,,,,
957,2.453099489212036,-9.648670196533203,0.3354308307170868,0.33487582206726074,0.013196200132369995,1.770336627960205,1.7688565254211426,10.372588157653809,0.015057836659252644,5.507080555466892e-11,0.6921528577804565,0.10236059874296188,0.016092762351036072,5.507080555466892e-11,0.6921528577804565,0.10236059874296188,0.016092762351036072,0.0,0.04345295405387877,0.0,0.0,0.0,0.0001,False,,,,,,,,,,,,,,
958,2.444091796875,-9.616199493408203,0.33651092648506165,0.33585336804389954,0.01321769692003727,1.7589271068572998,1.7580927610397339,10.340219497680664,0.01631425879895687,1.8369933352246903e-10,0.6923123598098755,0.10279982537031174,0.015486983582377434,1.8369933352246903e-10,0.6923123598098755,0.10279982537031174,0.015486983582377434,0.0,0.04345295405387877,0.0,0.0,0.0,0.0001,False,,,,,,,,,,,,,,
959,2.4475350379943848,-9.610034942626953,0.33992281556129456,0.33813631534576416,0.013106306083500385,1.7561781406402588,1.756561040878296,10.334171295166016,0.01446289848536253,5.014995640983955e-10,0.6923880577087402,0.10266643762588501,0.0158311128616333,5.014995640983955e-10,0.6923880577087402,0.10266643762588501,0.0158311128616333,0.0,0.04345295405387877,0.0,0.0,0.0,0.0001,False,,,,,,,,,,,,,,
960,2.458759069442749,-9.624699592590332,0.3411390483379364,0.3390420377254486,0.013718578964471817,1.7644211053848267,1.7652976512908936,10.348766326904297,0.014924397692084312,4.14486833744121e-10,0.6922899484634399,0.10225973278284073,0.01615205593407154,2.3341014927567787e-10,0.6918859481811523,0.10205508023500443,0.011356361210346222,0.0,0.043894840002059926,0.0,0.0,0.0,0.0001,False,0.7835543751716614,0.7835543751716614,0.21644562482833862,9.06772232055664,0.0,0.9303767085075378,3.9718105792999268,-0.0,1.3818060159683228,0.7828992009162903,2.315178563421372e-10,0.7828992009162903,0.010338622145354748,2.624340772628784
961,2.4495670795440674,-9.625576972961426,0.3380390703678131,0.3364769220352173,0.013120966032147408,1.7616795301437378,1.762181043624878,10.350186347961426,0.01425833348184824,1.7887635817004366e-09,0.6925986409187317,0.10193838179111481,0.015326829627156258,1.7887635817004366e-09,0.6925986409187317,0.10193838179111481,0.015326829627156258,0.0,0.043894840002059926,0.0,0.0,0.0,0.0001,False,,,,,,,,,,,,,,
962,2.4278573989868164,-9.604040145874023,0.32615065574645996,0.32477468252182007,0.01282837800681591,1.7638968229293823,1.7643104791641235,10.328984260559082,0.015824060887098312,6.682034925376001e-10,0.692867636680603,0.10234273970127106,0.01585315354168415,6.682034925376001e-10,0.692867636680603,0.10234273970127106,0.01585315354168415,0.0,0.043894840002059926,0.0,0.0,0.0,0.0001,False,,,,,,,,,,,,,,
963,2.4567489624023438,-9.629105567932129,0.3360942006111145,0.3354140818119049,0.013489468954503536,1.772469401359558,1.771032691001892,10.35326099395752,0.014213447459042072,1.1974965907768365e-08,0.6920772790908813,0.10224157571792603,0.016209213063120842,1.1974965907768365e-08,0.6920772790908813,0.10224157571792603,0.016209213063120842,0.0,0.043894840002059926,0.0,0.0,0.0,0.0001,False,,,,,,,,,,,,,,
964,2.449040174484253,-9.643936157226562,0.3377453088760376,0.33628225326538086,0.01325305551290512,1.7617371082305908,1.761782169342041,10.368453025817871,0.01321727316826582,9.599092631873418e-10,0.6925215721130371,0.10178809612989426,0.015174725092947483,9.599092631873418e-10,0.6925215721130371,0.10178809612989426,0.015174725092947483,0.0,0.043894840002059926,0.0,0.0,0.0,0.0001,False,,,,,,,,,,,,,,
965,2.435706615447998,-9.631731986999512,0.3316887319087982,0.3305845856666565,0.01314005721360445,1.7603522539138794,1.7602341175079346,10.356416702270508,0.015627412125468254,2.1911460146295525e-10,0.6926369071006775,0.10198524594306946,0.0156569741666317,2.1911460146295525e-10,0.6926369071006775,0.10198524594306946,0.0156569741666317,0.0,0.043894840002059926,0.0,0.0,0.0,0.0001,False,,,,,,,,,,,,,,
966,2.4492998123168945,-9.677700996398926,0.3391666114330292,0.33778640627861023,0.013368755578994751,1.7590932846069336,1.7588624954223633,10.401941299438477,0.013394795358181,1.6929303514601202e-09,0.6922712326049805,0.10194330662488937,0.01501180324703455,1.6929303514601202e-09,0.6922712326049805,0.10194330662488937,0.01501180324703455,0.0,0.043894840002059926,0.0,0.0,0.0,0.0001,False,,,,,,,,,,,,,,
967,2.461216449737549,-9.678560256958008,0.34408941864967346,0.3422907888889313,0.013160472735762596,1.761570930480957,1.7617807388305664,10.403138160705566,0.016019286587834358,1.5477030768096256e-09,0.692481279373169,0.10200067609548569,0.01619274541735649,1.5477030768096256e-09,0.692481279373169,0.10200067609548569,0.01619274541735649,0.0,0.043894840002059926,0.0,0.0,0.0,0.0001,False,,,,,,,,,,,,,,
968,2.4371793270111084,-9.646029472351074,0.33383429050445557,0.3326401114463806,0.012968442402780056,1.7576838731765747,1.7577892541885376,10.370695114135742,0.012607005424797535,1.5130748876046596e-09,0.692642867565155,0.10221778601408005,0.015386911109089851,1.5130748876046596e-09,0.692642867565155,0.10221778601408005,0.015386911109089851,0.0,0.043894840002059926,0.0,0.0,0.0,0.0001,False,,,,,,,,,,,,,,
969,2.454993724822998,-9.681978225708008,0.3387148082256317,0.33710306882858276,0.013194099068641663,1.7662382125854492,1.7657254934310913,10.406434059143066,0.014980466105043888,3.153362848618002e-10,0.6924429535865784,0.10191792249679565,0.01539696380496025,3.153362848618002e-10,0.6924429535865784,0.10191792249679565,0.01539696380496025,0.0,0.043894840002059926,0.0,0.0,0.0,0.0001,False,,,,,,,,,,,,,,
970,2.467329263687134,-9.692718505859375,0.3431689143180847,0.3417684733867645,0.013193292543292046,1.769395112991333,1.7690019607543945,10.417092323303223,0.012645297683775425,1.6613800335463225e-09,0.6923723816871643,0.10202805697917938,0.015319290570914745,2.4523799934622096e-10,0.6919603943824768,0.10198546200990677,0.011061327531933784,0.0,0.0443368003964424,0.0,0.0,0.0,0.0001,False,0.7834420800209045,0.7834420800209045,0.21655791997909546,9.07256031036377,0.0,0.930088460445404,3.972135543823242,-0.0,1.3818942308425903,0.782794713973999,2.432497900584685e-10,0.782794713973999,0.010366410948336124,2.625919818878174
971,2.453244209289551,-9.68211841583252,0.3342578709125519,0.33301252126693726,0.013266758061945438,1.7724330425262451,1.7729811668395996,10.40681266784668,0.013690370135009289,8.24595114412574e-10,0.6924053430557251,0.10195399075746536,0.015133660286664963,8.24595114412574e-10,0.6924053430557251,0.10195399075746536,0.015133660286664963,0.0,0.0443368003964424,0.0,0.0,0.0,0.0001,False,,,,,,,,,,,,,,
972,2.4474782943725586,-9.649861335754395,0.32796812057495117,0.3262591063976288,0.013222000561654568,1.7798038721084595,1.7802542448043823,10.375039100646973,0.0151312705129385,6.802068353017887e-10,0.6928060054779053,0.10236488282680511,0.015738647431135178,6.802068353017887e-10,0.6928060054779053,0.10236488282680511,0.015738647431135178,0.0,0.0443368003964424,0.0,0.0,0.0,0.0001,False,,,,,,,,,,,,,,
973,2.4505515098571777,-9.694503784179688,0.3319702446460724,0.3306078016757965,0.013170690275728703,1.7748191356658936,1.7747862339019775,10.4190092086792,0.01323020365089178,1.534047194828858e-10,0.6921858191490173,0.10206735134124756,0.015495016239583492,1.534047194828858e-10,0.6921858191490173,0.10206735134124756,0.015495016239583492,0.0,0.0443368003964424,0.0,0.0,0.0,0.0001,False,,,,,,,,,,,,,,
974,2.4601025581359863,-9.749791145324707,0.34095072746276855,0.3398495018482208,0.012848022393882275,1.7668439149856567,1.7660645246505737,10.474983215332031,0.014830383472144604,1.639502644756874e-09,0.6927933096885681,0.10199455916881561,0.016055703163146973,1.639502644756874e-09,0.6927933096885681,0.10199455916881561,0.016055703163146973,0.0,0.0443368003964424,0.0,0.0,0.0,0.0001,False,,,,,,,,,,,,,,
975,2.44677472114563,-9.710814476013184,0.33281639218330383,0.33147087693214417,0.013055584393441677,1.7695281505584717,1.7693356275558472,10.435892105102539,0.01484941877424717,6.685071696210798e-08,0.692718505859375,0.10188676416873932,0.01565583236515522,6.685071696210798e-08,0.692718505859375,0.10188676416873932,0.01565583236515522,0.0,0.0443368003964424,0.0,0.0,0.0,0.0001,False,,,,,,,,,,,,,,
976,2.4502782821655273,-9.682937622070312,0.3389016091823578,0.33831077814102173,0.01300659030675888,1.7607789039611816,1.759339690208435,10.407755851745605,0.014993531629443169,2.528575682170242e-10,0.6924880743026733,0.1020919531583786,0.015462920069694519,2.528575682170242e-10,0.6924880743026733,0.1020919531583786,0.015462920069694519,0.0,0.0443368003964424,0.0,0.0,0.0,0.0001,False,,,,,,,,,,,,,,
977,2.4659366607666016,-9.733201026916504,0.3452624976634979,0.344900518655777,0.013209205120801926,1.7634576559066772,1.7616714239120483,10.45778751373291,0.013491135090589523,6.833930643601605e-11,0.6922870874404907,0.101624995470047,0.015281334519386292,6.833930643601605e-11,0.6922870874404907,0.101624995470047,0.015281334519386292,0.0,0.0443368003964424,0.0,0.0,0.0,0.0001,False,,,,,,,,,,,,,,
978,2.4726502895355225,-9.76733684539795,0.34843215346336365,0.34753671288490295,0.013134065084159374,1.7640581130981445,1.7630366086959839,10.492087364196777,0.014813483692705631,6.718625655821597e-08,0.69237220287323,0.10190984606742859,0.016020311042666435,6.718625655821597e-08,0.69237220287323,0.10190984606742859,0.016020311042666435,0.0,0.0443368003964424,0.0,0.0,0.0,0.0001,False,,,,,,,,,,,,,,
979,2.451275587081909,-9.744093894958496,0.3375650942325592,0.3355078101158142,0.013167701661586761,1.7647408246994019,1.7653290033340454,10.469111442565918,0.013712797313928604,2.75791306458828e-10,0.6926743984222412,0.10192498564720154,0.015573505312204361,2.75791306458828e-10,0.6926743984222412,0.10192498564720154,0.015573505312204361,0.0,0.0443368003964424,0.0,0.0,0.0,0.0001,False,,,,,,,,,,,,,,
980,2.4538755416870117,-9.702276229858398,0.33821430802345276,0.33631667494773865,0.013469608500599861,1.7656259536743164,1.7661237716674805,10.427275657653809,0.015708860009908676,2.328343029489588e-08,0.6927589774131775,0.10183922946453094,0.01450417097657919,5.604547513851795e-10,0.6919615268707275,0.10194441676139832,0.0110972560942173,0.0,0.04477876192331313,0.0,0.0,0.0,0.0001,False,0.7833619713783264,0.7833619713783264,0.21663802862167358,9.074522972106934,0.0,0.9315299391746521,3.9718778133392334,-0.0,1.3814043998718262,0.7828699350357056,5.559110323638589e-10,0.7828699350357056,0.01102337148040533,2.6351587772369385
981,2.4769039154052734,-9.76241397857666,0.34635159373283386,0.3444415330886841,0.01359681785106659,1.7721009254455566,1.7729268074035645,10.487211227416992,0.012928567826747894,8.746178892238277e-09,0.692214846611023,0.1019207164645195,0.015084191225469112,8.746178892238277e-09,0.692214846611023,0.1019207164645195,0.015084191225469112,0.0,0.04477876192331313,0.0,0.0,0.0,0.0001,False,,,,,,,,,,,,,,
982,2.4560890197753906,-9.791974067687988,0.342331200838089,0.3408690392971039,0.013143506832420826,1.759789228439331,1.7597016096115112,10.517258644104004,0.016269436106085777,1.1506854497023156e-11,0.692689061164856,0.10147358477115631,0.014967719092965126,1.1506854497023156e-11,0.692689061164856,0.10147358477115631,0.014967719092965126,0.0,0.04477876192331313,0.0,0.0,0.0,0.0001,False,,,,,,,,,,,,,,
983,2.474702835083008,-9.711432456970215,0.35294869542121887,0.3514843285083771,0.013065001927316189,1.7575335502624512,1.7568761110305786,10.436132431030273,0.013612831011414528,8.838680543021837e-08,0.6921690702438354,0.10203865170478821,0.014542054384946823,8.838680543021837e-08,0.6921690702438354,0.10203865170478821,0.014542054384946823,0.0,0.04477876192331313,0.0,0.0,0.0,0.0001,False,,,,,,,,,,,,,,
984,2.4583520889282227,-9.7406587600708,0.3396417200565338,0.3393304646015167,0.013640130870044231,1.7666804790496826,1.7647992372512817,10.465618133544922,0.013419721275568008,6.8697167954212546e-09,0.6923859715461731,0.10197320580482483,0.014895478263497353,6.8697167954212546e-09,0.6923859715461731,0.10197320580482483,0.014895478263497353,0.0,0.04477876192331313,0.0,0.0,0.0,0.0001,False,,,,,,,,,,,,,,
985,2.433922052383423,-9.827940940856934,0.32860761880874634,0.32771188020706177,0.012891486287117004,1.7649608850479126,1.7644611597061157,10.55270004272461,0.013402525335550308,3.6767500155576727e-10,0.6922096610069275,0.1021231859922409,0.014728033915162086,3.6767500155576727e-10,0.6922096610069275,0.1021231859922409,0.014728033915162086,0.0,0.04477876192331313,0.0,0.0,0.0,0.0001,False,,,,,,,,,,,,,,
986,2.4595298767089844,-9.807297706604004,0.338140070438385,0.3373411297798157,0.013799176551401615,1.770692229270935,1.7698067426681519,10.532240867614746,0.014693843200802803,3.868343423363285e-09,0.6923961043357849,0.10186342895030975,0.014630735851824284,3.868343423363285e-09,0.6923961043357849,0.10186342895030975,0.014630735851824284,0.0,0.04477876192331313,0.0,0.0,0.0,0.0001,False,,,,,,,,,,,,,,
987,2.4497551918029785,-9.781841278076172,0.33694973587989807,0.33540642261505127,0.013239268213510513,1.7639354467391968,1.764384150505066,10.507013320922852,0.014523865655064583,1.070423888416272e-10,0.6925420165061951,0.10194748640060425,0.015392747707664967,1.070423888416272e-10,0.6925420165061951,0.10194748640060425,0.015392747707664967,0.0,0.04477876192331313,0.0,0.0,0.0,0.0001,False,,,,,,,,,,,,,,
988,2.456084728240967,-9.762582778930664,0.3410816490650177,0.339544415473938,0.013164623640477657,1.7620450258255005,1.7625428438186646,10.487825393676758,0.012599603272974491,3.7499168215049394e-09,0.6926960945129395,0.10150489211082458,0.014512292109429836,3.7499168215049394e-09,0.6926960945129395,0.10150489211082458,0.014512292109429836,0.0,0.04477876192331313,0.0,0.0,0.0,0.0001,False,,,,,,,,,,,,,,
989,2.453897714614868,-9.785269737243652,0.33957183361053467,0.3382214903831482,0.01289966981858015,1.7631518840789795,1.7632575035095215,10.51047420501709,0.01404435746371746,1.7306675190176257e-11,0.6925870180130005,0.10204276442527771,0.015246865339577198,1.7306675190176257e-11,0.6925870180130005,0.10204276442527771,0.015246865339577198,0.0,0.04477876192331313,0.0,0.0,0.0,0.0001,False,,,,,,,,,,,,,,
990,2.4759891033172607,-9.862857818603516,0.35064175724983215,0.3493289649486542,0.013341635465621948,1.7628682851791382,1.7624852657318115,10.588046073913574,0.015930229797959328,3.439642126679132e-09,0.6925402283668518,0.1021614596247673,0.015603618696331978,2.037112833905477e-09,0.6920453906059265,0.10186837613582611,0.011150051839649677,0.0,0.04522080731391905,0.0,0.0,0.0,0.0001,False,0.7832825183868408,0.7832825183868408,0.21671748161315918,9.080864906311035,0.0,0.930088460445404,3.9724507331848145,-0.0,1.3832241296768188,0.7827718257904053,2.0205899235107493e-09,0.7827718257904053,0.011200734414160252,2.647031784057617
991,2.4697751998901367,-9.800599098205566,0.3462418019771576,0.3446432650089264,0.013441672548651695,1.7654122114181519,1.7654848098754883,10.526639938354492,0.013825416564941406,1.1050453885275147e-08,0.6931028366088867,0.10167504101991653,0.015197835862636566,1.1050453885275147e-08,0.6931028366088867,0.10167504101991653,0.015197835862636566,0.0,0.04522080731391905,0.0,0.0,0.0,0.0001,False,,,,,,,,,,,,,,
992,2.44148588180542,-9.73210620880127,0.33002856373786926,0.32912781834602356,0.01290898397564888,1.7695003747940063,1.7693406343460083,10.457544326782227,0.012676447629928589,4.4687411104860075e-08,0.692516565322876,0.10238323360681534,0.015227895230054855,4.4687411104860075e-08,0.692516565322876,0.10238323360681534,0.015227895230054855,0.0,0.04522080731391905,0.0,0.0,0.0,0.0001,False,,,,,,,,,,,,,,
993,2.4699888229370117,-9.786081314086914,0.3425600230693817,0.3419998288154602,0.012972179800271988,1.773398518562317,1.7715150117874146,10.512186050415039,0.014349318109452724,6.197455881817859e-10,0.6931586265563965,0.10213615000247955,0.015227839350700378,6.197455881817859e-10,0.6931586265563965,0.10213615000247955,0.015227839350700378,0.0,0.04522080731391905,0.0,0.0,0.0,0.0001,False,,,,,,,,,,,,,,
994,2.4452385902404785,-9.882243156433105,0.3288061022758484,0.32795190811157227,0.013235576450824738,1.7755413055419922,1.7749484777450562,10.60805606842041,0.013554967008531094,2.711387780962582e-09,0.6928105354309082,0.10150764137506485,0.01594974473118782,2.711387780962582e-09,0.6928105354309082,0.10150764137506485,0.01594974473118782,0.0,0.04522080731391905,0.0,0.0,0.0,0.0001,False,,,,,,,,,,,,,,
995,2.455497980117798,-9.785848617553711,0.3408156931400299,0.3398648202419281,0.01317287515848875,1.761912226676941,1.7613770961761475,10.51108169555664,0.011963951401412487,4.684648780006739e-10,0.6923307776451111,0.10206510126590729,0.01513390801846981,4.684648780006739e-10,0.6923307776451111,0.10206510126590729,0.01513390801846981,0.0,0.04522080731391905,0.0,0.0,0.0,0.0001,False,,,,,,,,,,,,,,
996,2.4547059535980225,-9.748234748840332,0.33769068121910095,0.3363875448703766,0.012958969920873642,1.7678414583206177,1.7674962282180786,10.474106788635254,0.011627197265625,2.652225383759088e-10,0.6929140090942383,0.10115769505500793,0.015448017977178097,2.652225383759088e-10,0.6929140090942383,0.10115769505500793,0.015448017977178097,0.0,0.04522080731391905,0.0,0.0,0.0,0.0001,False,,,,,,,,,,,,,,
997,2.469418525695801,-9.864415168762207,0.34609535336494446,0.34548431634902954,0.013457146473228931,1.7648226022720337,1.7639405727386475,10.589930534362793,0.013488324359059334,2.386173321156093e-07,0.6925585865974426,0.10195928812026978,0.015569831244647503,2.386173321156093e-07,0.6925585865974426,0.10195928812026978,0.015569831244647503,0.0,0.04522080731391905,0.0,0.0,0.0,0.0001,False,,,,,,,,,,,,,,
998,2.447657823562622,-9.89288330078125,0.3356611430644989,0.3345962464809418,0.012998821213841438,1.7644591331481934,1.7643440961837769,10.618427276611328,0.01328703761100769,6.119522311109904e-08,0.6925907731056213,0.10191697627305984,0.015522975474596024,6.119522311109904e-08,0.6925907731056213,0.10191697627305984,0.015522975474596024,0.0,0.04522080731391905,0.0,0.0,0.0,0.0001,False,,,,,,,,,,,,,,
999,2.452280044555664,-9.791193008422852,0.33952173590660095,0.3381993770599365,0.013207352720201015,1.761349081993103,1.761353850364685,10.516175270080566,0.013130483217537403,9.742099571496965e-09,0.6920748353004456,0.10193533450365067,0.015299866907298565,9.742099571496965e-09,0.6920748353004456,0.10193533450365067,0.015299866907298565,0.0,0.04522080731391905,0.0,0.0,0.0,0.0001,False,,,,,,,,,,,,,,
1000,2.4634053707122803,-9.86007022857666,0.34266355633735657,0.34181568026542664,0.012976611964404583,1.7662696838378906,1.765629529953003,10.585384368896484,0.012735568918287754,1.8868180629016962e-10,0.6924116611480713,0.10183850675821304,0.015139109455049038,1.5951826157035635e-09,0.6919795870780945,0.10185688734054565,0.011133359745144844,0.0,0.04566278690099715,0.0,0.0,0.0,0.0001,False,0.7831034660339355,0.7831034660339355,0.21689653396606445,9.077757835388184,0.0,0.9321064949035645,3.970975875854492,-0.0,1.3837107419967651,0.7825746536254883,1.5822499342950264e-09,0.7825746536254883,0.01066832710057497,2.6519742012023926
