epoch,critic_loss,actor_loss,q1_loss,q2_loss,cost_loss,cql_q1,cql_q2,expected_immediate_cost,expected_cost_to_go,cost_budget,lagrange,expert_kl,smoothness,avg_return,survival_rate,mortality_rate,avg_length,inadmissibility_rate,expert_argmax_match,mean_kl_to_expert,policy_entropy,mean_action_deviation_from_expert,soft_survival_rate,soft_inadmissibility_rate,soft_avg_return,soft_policy_entropy,soft_mean_kl_to_expert,trajectory_mean_action_jump,trajectory_normalised_action_jump
1,0.03959280624985695,0.05859965831041336,0.019658822566270828,0.018302565440535545,0.001631421153433621,0.0,0.0,0.0,0.025936434045433998,0.0,0.0,0.06349098682403564,0.1287136822938919,,,,,,,,,,,,,,,,
2,0.026855919510126114,0.03972957283258438,0.01299714483320713,0.012719779275357723,0.001138995517976582,0.0,0.0,0.0,0.020531266927719116,0.0,0.0,0.06196650490164757,0.1284584403038025,,,,,,,,,,,,,,,,
3,0.018877370283007622,0.029260480776429176,0.00901319831609726,0.00911534484475851,0.000748826190829277,0.0,0.0,0.0,0.015036835335195065,0.0,0.0,0.06151394173502922,0.12853144109249115,,,,,,,,,,,,,,,,
4,0.01522156223654747,0.026266921311616898,0.007289682049304247,0.007218426559120417,0.000713453337084502,0.0,0.0,0.0,0.01183448638767004,0.0,0.0,0.06081634387373924,0.12863342463970184,,,,,,,,,,,,,,,,
5,0.013613243587315083,0.025765452533960342,0.006700963247567415,0.0062758126296103,0.0006364679429680109,0.0,0.0,0.0,0.00797389354556799,0.0,0.0,0.06018130108714104,0.12881134450435638,,,,,,,,,,,,,,,,
6,0.013738451525568962,0.024104677140712738,0.00691017834469676,0.006230045575648546,0.0005982278380542994,0.0,0.0,0.0,0.005868851672858,0.0,0.0,0.059997472912073135,0.12901249527931213,,,,,,,,,,,,,,,,
7,0.013215196318924427,0.018620017915964127,0.0065168049186468124,0.006158726289868355,0.0005396648775786161,0.0,0.0,0.0,0.004474092274904251,0.0,0.0,0.059611089527606964,0.1292816400527954,,,,,,,,,,,,,,,,
8,0.012554905377328396,0.010157155804336071,0.0060058217495679855,0.0060574570670723915,0.0004916265606880188,0.0,0.0,0.0,0.00362391141243279,0.0,0.0,0.06006372720003128,0.1296842098236084,,,,,,,,,,,,,,,,
9,0.011716889217495918,0.004441846162080765,0.005493507720530033,0.005762722808867693,0.0004606585134752095,0.0,0.0,0.0,0.002813839353621006,0.0,0.0,0.06047338247299194,0.1300894170999527,,,,,,,,,,,,,,,,
10,0.010389802046120167,-0.001930415746755898,0.0047650448977947235,0.005185042507946491,0.0004397145821712911,0.0,0.0,0.0,0.00242294161580503,0.0,0.0,0.06149314343929291,0.13054311275482178,,,,,,,,,,,,,,,,
11,0.00926832016557455,-0.006788582541048527,0.004188081715255976,0.004665609914809465,0.0004146281280554831,0.0,0.0,0.0,0.0017329707043245435,0.0,0.0,0.062196485698223114,0.13113613426685333,,,,,,,,,,,,,,,,
12,0.008348039351403713,-0.009324688464403152,0.0038289001677185297,0.004126759245991707,0.00039238028693944216,0.0,0.0,0.0,0.0017680057790130377,0.0,0.0,0.06337136775255203,0.13161662220954895,,,,,,,,,,,,,,,,
13,0.007481813430786133,-0.011639405973255634,0.00340819894336164,0.0036903121508657932,0.0003833025984931737,0.0,0.0,0.0,0.0012232981389388442,0.0,0.0,0.06474479287862778,0.13211879134178162,,,,,,,,,,,,,,,,
14,0.007166304159909487,-0.013619442470371723,0.0032540278043597937,0.0035413773730397224,0.00037089857505634427,0.0,0.0,0.0,0.001227116328664124,0.0,0.0,0.06691639870405197,0.13266590237617493,,,,,,,,,,,,,,,,
15,0.00672750361263752,-0.013669903390109539,0.0030821645632386208,0.0032965587452054024,0.00034878033329732716,0.0,0.0,0.0,0.0010476772440597415,0.0,0.0,0.06909950822591782,0.1331537961959839,,,,,,,,,,,,,,,,
16,0.006400686223059893,-0.014785348437726498,0.00287427706643939,0.003186727873980999,0.00033968142815865576,0.0,0.0,0.0,0.0010540088405832648,0.0,0.0,0.0715608075261116,0.13376687467098236,,,,,,,,,,,,,,,,
17,0.006295460741966963,-0.015019185841083527,0.002875878941267729,0.0030962200835347176,0.00032336186268366873,0.0,0.0,0.0,0.0011703369673341513,0.0,0.0,0.07485563308000565,0.13423550128936768,,,,,,,,,,,,,,,,
18,0.0060505191795527935,-0.015087760984897614,0.0027545865159481764,0.002981413621455431,0.00031451915856450796,0.0,0.0,0.0,0.0009443784365430474,0.0,0.0,0.0779084786772728,0.13477939367294312,,,,,,,,,,,,,,,,
19,0.00587050337344408,-0.016392003744840622,0.0026954214554280043,0.002879127860069275,0.00029595399973914027,0.0,0.0,0.0,0.0013487664982676506,0.0,0.0,0.0828946903347969,0.13558436930179596,,,,,,,,,,,,,,,,
20,0.005606330931186676,-0.016772080212831497,0.0025461309123784304,0.002780546434223652,0.00027965387562289834,0.0,0.0,0.0,0.0010218661045655608,0.0,0.0,0.0875091552734375,0.13611669838428497,,,,,,,,,,,,,,,,
21,0.005496691912412643,-0.019626636058092117,0.002485634759068489,0.002745238831266761,0.00026581797283142805,0.0,0.0,0.0,0.0011404616525396705,0.0,0.0,0.09236755222082138,0.13674195110797882,,,,,,,,,,,,,,,,
22,0.005146276205778122,-0.0232247281819582,0.002344886539503932,0.0025543617084622383,0.0002470278413966298,0.0,0.0,0.0,0.0013339266879484057,0.0,0.0,0.09902910888195038,0.13753753900527954,,,,,,,,,,,,,,,,
23,0.005059475544840097,-0.025758914649486542,0.002342713065445423,0.002470934996381402,0.0002458275994285941,0.0,0.0,0.0,0.0014094195794314146,0.0,0.0,0.1063680648803711,0.13842765986919403,,,,,,,,,,,,,,,,
24,0.0048026107251644135,-0.028584513813257217,0.002197457244619727,0.0023690727539360523,0.0002360811922699213,0.0,0.0,0.0,0.0012810148764401674,0.0,0.0,0.11429663747549057,0.13923989236354828,,,,,,,,,,,,,,,,
25,0.004521631170064211,-0.03156009688973427,0.002126444596797228,0.0021808368619531393,0.00021434976952150464,0.0,0.0,0.0,0.001229850109666586,0.0,0.0,0.1223871111869812,0.1399375945329666,,,,,,,,,,,,,,,,
26,0.004165842663496733,-0.032303571701049805,0.0019042653730139136,0.0020550242625176907,0.0002065527660306543,0.0,0.0,0.0,0.0013872564304620028,0.0,0.0,0.13325077295303345,0.1409650295972824,,,,,,,,,,,,,,,,
27,0.003969492856413126,-0.03321031481027603,0.001831387053243816,0.001946002128534019,0.00019210360187571496,0.0,0.0,0.0,0.0017158235423266888,0.0,0.0,0.14636960625648499,0.1420828104019165,,,,,,,,,,,,,,,,
28,0.0038982525002211332,-0.03548229858279228,0.0018299228977411985,0.0018853708170354366,0.0001829588582040742,0.0,0.0,0.0,0.001313790213316679,0.0,0.0,0.15912184119224548,0.14319171011447906,,,,,,,,,,,,,,,,
29,0.003834271105006337,-0.036929670721292496,0.0017764181829988956,0.0018794442294165492,0.00017840850341599435,0.0,0.0,0.0,0.0018809187458828092,0.0,0.0,0.17377477884292603,0.14438322186470032,,,,,,,,,,,,,,,,
30,0.003588286926969886,-0.03869786113500595,0.0016734414966776967,0.0017447374993935227,0.00017010800365824252,0.0,0.0,0.0,0.0015004589222371578,0.0,0.0,0.19096849858760834,0.14565995335578918,,,,,,,,,,,,,,,,
31,0.003651835722848773,-0.04066985845565796,0.0016464571235701442,0.0018434252124279737,0.0001619536051293835,0.0,0.0,0.0,0.0018884169403463602,0.0,0.0,0.21131373941898346,0.14712703227996826,,,,,,,,,,,,,,,,
32,0.003363907104358077,-0.04223253205418587,0.0015377781819552183,0.0016729800263419747,0.00015314886695705354,0.0,0.0,0.0,0.0018953430699184537,0.0,0.0,0.23272529244422913,0.1486191302537918,,,,,,,,,,,,,,,,
33,0.003458030754700303,-0.042775288224220276,0.0015695333713665605,0.001740646897815168,0.00014785051462240517,0.0,0.0,0.0,0.0020359524060040712,0.0,0.0,0.25629425048828125,0.1501091569662094,,,,,,,,,,,,,,,,
34,0.0032196457032114267,-0.04484032839536667,0.001461456879042089,0.0016158176586031914,0.00014237103459890932,0.0,0.0,0.0,0.0020544161088764668,0.0,0.0,0.28289875388145447,0.15175245702266693,,,,,,,,,,,,,,,,
35,0.003081283299252391,-0.04653516411781311,0.0013928940752521157,0.001556245842948556,0.0001321432355325669,0.0,0.0,0.0,0.0020985628943890333,0.0,0.0,0.3162037134170532,0.15369842946529388,,,,,,,,,,,,,,,,
36,0.0031081216875463724,-0.04757646843791008,0.0014374939491972327,0.0015434089582413435,0.0001272189838346094,0.0,0.0,0.0,0.002119885990396142,0.0,0.0,0.34787899255752563,0.1552782952785492,,,,,,,,,,,,,,,,
37,0.0030509307980537415,-0.04944165423512459,0.00143534317612648,0.0014972841599956155,0.00011830346920760348,0.0,0.0,0.0,0.0025548087432980537,0.0,0.0,0.3847827911376953,0.15704122185707092,,,,,,,,,,,,,,,,
38,0.002938073594123125,-0.05110668018460274,0.0013634192291647196,0.0014549654442816973,0.00011968889884883538,0.0,0.0,0.0,0.002444593468680978,0.0,0.0,0.4218948483467102,0.1585642546415329,,,,,,,,,,,,,,,,
39,0.0026983842253684998,-0.05152829363942146,0.0013085700338706374,0.0012821926502510905,0.00010762144665932283,0.0,0.0,0.0,0.0027558458968997,0.0,0.0,0.45651713013648987,0.15994645655155182,,,,,,,,,,,,,,,,
40,0.0025632758624851704,-0.05501100420951843,0.0012020221911370754,0.0012523188488557935,0.00010893497528741136,0.0,0.0,0.0,0.0025241728872060776,0.0,0.0,0.5012971758842468,0.1615743786096573,,,,,,,,,,,,,,,,
41,0.0025438687298446894,-0.05400459095835686,0.0011962170246988535,0.0012486340710893273,9.901762678055093e-05,0.0,0.0,0.0,0.0026688994839787483,0.0,0.0,0.5416707992553711,0.16289958357810974,,,,,,,,,,,,,,,,
42,0.002671139547601342,-0.057496532797813416,0.0012863071169704199,0.0012827507453039289,0.00010208156163571402,0.0,0.0,0.0,0.002811637008562684,0.0,0.0,0.5808202624320984,0.16420185565948486,,,,,,,,,,,,,,,,
43,0.0026099735405296087,-0.05788472294807434,0.0012487458297982812,0.0012653368758037686,9.58908349275589e-05,0.0,0.0,0.0,0.0025852853432297707,0.0,0.0,0.621190071105957,0.165156289935112,,,,,,,,,,,,,,,,
44,0.002494586631655693,-0.06023762747645378,0.001179221086204052,0.0012224047677591443,9.2960792244412e-05,0.0,0.0,0.0,0.0027276452165097,0.0,0.0,0.6621854305267334,0.16621246933937073,,,,,,,,,,,,,,,,
45,0.0024664639495313168,-0.060861825942993164,0.0011590716894716024,0.0012183352373540401,8.905692811822519e-05,0.0,0.0,0.0,0.0027724297251552343,0.0,0.0,0.7004905939102173,0.1671711802482605,,,,,,,,,,,,,,,,
46,0.002411671681329608,-0.06167300418019295,0.0011655280832201242,0.001153657678514719,9.248597052646801e-05,0.0,0.0,0.0,0.0026914009358733892,0.0,0.0,0.7275656461715698,0.16804303228855133,,,,,,,,,,,,,,,,
47,0.0023075733333826065,-0.06101209297776222,0.0011251228861510754,0.0011026430875062943,7.980743976077065e-05,0.0,0.0,0.0,0.0028089936822652817,0.0,0.0,0.7618264555931091,0.16876554489135742,,,,,,,,,,,,,,,,
48,0.002390177920460701,-0.05992185324430466,0.001155272126197815,0.0011484927963465452,8.641305612400174e-05,0.0,0.0,0.0,0.0029934749472886324,0.0,0.0,0.7999040484428406,0.16953328251838684,,,,,,,,,,,,,,,,
49,0.002282229019328952,-0.06005304679274559,0.0010797171853482723,0.0011185725452378392,8.393941243411973e-05,0.0,0.0,0.0,0.0027199352625757456,0.0,0.0,0.8210213780403137,0.1700720638036728,,,,,,,,,,,,,,,,
50,0.0021997708827257156,-0.061633091419935226,0.0010309163480997086,0.0010951452422887087,7.37092414055951e-05,0.0,0.0,0.0,0.0027699742931872606,0.0,0.0,0.840575098991394,0.17050479352474213,,,,,,,,,,,,,,,,
51,0.0022328847553581,-0.06384949386119843,0.0010897060856223106,0.001068588811904192,7.458979962393641e-05,0.0,0.0,0.0,0.0019913373980671167,0.0,0.0,0.8669883608818054,0.17100973427295685,,,,,,,,,,,,,,,,
52,0.0021930886432528496,-0.0651102215051651,0.0010352873941883445,0.0010870021069422364,7.079918577801436e-05,0.0,0.0,0.0,0.002501021372154355,0.0,0.0,0.868980348110199,0.1711231768131256,,,,,,,,,,,,,,,,
53,0.0021806342992931604,-0.06603067368268967,0.0010340857552364469,0.0010755661642178893,7.098245987435803e-05,0.0,0.0,0.0,0.002283360343426466,0.0,0.0,0.8814954161643982,0.17142903804779053,,,,,,,,,,,,,,,,
54,0.0021557770669460297,-0.06837546825408936,0.0010264014126732945,0.0010574458865448833,7.192985503934324e-05,0.0,0.0,0.0,0.00230561220087111,0.0,0.0,0.8920227885246277,0.17166666686534882,,,,,,,,,,,,,,,,
55,0.0021095462143421173,-0.06997193396091461,0.0010170146124437451,0.001029031234793365,6.350029434543103e-05,0.0,0.0,0.0,0.0022671653423458338,0.0,0.0,0.8940975666046143,0.1718050241470337,,,,,,,,,,,,,,,,
56,0.0020282587502151728,-0.0728408619761467,0.0009782470297068357,0.000987878069281578,6.213354208739474e-05,0.0,0.0,0.0,0.002409452572464943,0.0,0.0,0.8902788162231445,0.17181961238384247,,,,,,,,,,,,,,,,
57,0.0020522549748420715,-0.07418794184923172,0.0009660470532253385,0.0010290003847330809,5.720731496694498e-05,0.0,0.0,0.0,0.002353923162445426,0.0,0.0,0.8965961933135986,0.17210276424884796,,,,,,,,,,,,,,,,
58,0.001990118296816945,-0.07406221330165863,0.0009697213536128402,0.0009653339511714876,5.506305751623586e-05,0.0,0.0,0.0,0.0016454498982056975,0.0,0.0,0.8827064037322998,0.17186900973320007,,,,,,,,,,,,,,,,
59,0.0019357593264430761,-0.07475967705249786,0.0009226773981936276,0.0009569062385708094,5.617576607619412e-05,0.0,0.0,0.0,0.00171339837834239,0.0,0.0,0.8838623762130737,0.17198880016803741,,,,,,,,,,,,,,,,
60,0.00202358840033412,-0.07556761801242828,0.0009956196881830692,0.0009747458389028907,5.322284050635062e-05,0.0,0.0,0.0,0.0018263089004904032,0.0,0.0,0.8710084557533264,0.1719348281621933,,,,,,,,,,,,,,,,
61,0.0018861180869862437,-0.07724195718765259,0.0008801138028502464,0.0009543622727505863,5.164192043594085e-05,0.0,0.0,0.0,0.001883914927020669,0.0,0.0,0.8629869818687439,0.17194610834121704,,,,,,,,,,,,,,,,
62,0.0019194385968148708,-0.07688514143228531,0.0009126679506152868,0.0009482569876126945,5.851365131093189e-05,0.0,0.0,0.0,0.001955424901098013,0.0,0.0,0.85364830493927,0.1718067079782486,,,,,,,,,,,,,,,,
63,0.0018345755524933338,-0.07676680386066437,0.0008915795478969812,0.000893680437002331,4.931566218147054e-05,0.0,0.0,0.0,0.0014346068492159247,0.0,0.0,0.8433986902236938,0.1716807335615158,,,,,,,,,,,,,,,,
64,0.0019082351354882121,-0.07896808534860611,0.0009129723766818643,0.0009434716776013374,5.1791106670862064e-05,0.0,0.0,0.0,0.0017168415943160653,0.0,0.0,0.8263423442840576,0.17137396335601807,,,,,,,,,,,,,,,,
65,0.0018664115341380239,-0.08023830503225327,0.0008948746253736317,0.0009230051073245704,4.8531768698012456e-05,0.0,0.0,0.0,0.00137701362837106,0.0,0.0,0.8179631233215332,0.17129924893379211,,,,,,,,,,,,,,,,
66,0.0018994833808392286,-0.08070020377635956,0.0009293904877267778,0.0009203592198900878,4.97336768603418e-05,0.0,0.0,0.0,0.0015257718041539192,0.0,0.0,0.8066670298576355,0.17110133171081543,,,,,,,,,,,,,,,,
67,0.001904196571558714,-0.08377551287412643,0.0009389460901729763,0.0009166841045953333,4.8566384066361934e-05,0.0,0.0,0.0,0.0014330466510728002,0.0,0.0,0.7963774800300598,0.17105741798877716,,,,,,,,,,,,,,,,
68,0.0017864784458652139,-0.0843423530459404,0.0008723423234187067,0.0008712163544259965,4.291974619263783e-05,0.0,0.0,0.0,0.001245821826159954,0.0,0.0,0.7876932621002197,0.1709412932395935,,,,,,,,,,,,,,,,
69,0.0017959873657673597,-0.08611391484737396,0.0008648432558402419,0.0008859308436512947,4.5213280827738345e-05,0.0,0.0,0.0,0.0013806918868795037,0.0,0.0,0.7823185920715332,0.17089664936065674,,,,,,,,,,,,,,,,
70,0.0017461305251345038,-0.08780212700366974,0.000837391649838537,0.0008681021281518042,4.063680171384476e-05,0.0,0.0,0.0,0.0011480357497930527,0.0,0.0,0.7644475698471069,0.17051514983177185,,,,,,,,,,,,,,,,
71,0.0017641177400946617,-0.0876057893037796,0.000840517517644912,0.00088166119530797,4.193906352156773e-05,0.0,0.0,0.0,0.0012623940128833055,0.0,0.0,0.7571669816970825,0.17042332887649536,,,,,,,,,,,,,,,,
72,0.0016768150962889194,-0.08734078705310822,0.0007996708736754954,0.0008379077189601958,3.9236452721524984e-05,0.0,0.0,0.0,0.001224806997925043,0.0,0.0,0.7512920498847961,0.17041172087192535,,,,,,,,,,,,,,,,
73,0.0016100015491247177,-0.08807391673326492,0.0007574455812573433,0.0008163944585248828,3.616146568674594e-05,0.0,0.0,0.0,0.0012100553140044212,0.0,0.0,0.7471628785133362,0.17032699286937714,,,,,,,,,,,,,,,,
74,0.001700668130069971,-0.08972465246915817,0.0008220058516599238,0.0008414899348281324,3.717235449585132e-05,0.0,0.0,0.0,0.0012439613929018378,0.0,0.0,0.739112377166748,0.17014028131961823,,,,,,,,,,,,,,,,
75,0.0016811704263091087,-0.08870647847652435,0.000817027292214334,0.0008280293550342321,3.611376087064855e-05,0.0,0.0,0.0,0.001177063211798668,0.0,0.0,0.7381466031074524,0.17023518681526184,,,,,,,,,,,,,,,,
76,0.0016114696627482772,-0.09040497243404388,0.0007839268655516207,0.000792379432823509,3.516338256304152e-05,0.0,0.0,0.0,0.001210430171340704,0.0,0.0,0.7366539239883423,0.1702580600976944,,,,,,,,,,,,,,,,
77,0.0016408716328442097,-0.09211903810501099,0.0007991712191142142,0.0008062759879976511,3.5424429370323196e-05,0.0,0.0,0.0,0.0012323918053880334,0.0,0.0,0.7299224734306335,0.17012305557727814,,,,,,,,,,,,,,,,
78,0.0016343991737812757,-0.09428416192531586,0.000802716996986419,0.0007986075361259282,3.307461884105578e-05,0.0,0.0,0.0,0.0012351189507171512,0.0,0.0,0.7311939001083374,0.17029128968715668,,,,,,,,,,,,,,,,
79,0.0015997953014448285,-0.09534524381160736,0.0007875197916291654,0.000780842499807477,3.143294088658877e-05,0.0,0.0,0.0,0.0011581056751310825,0.0,0.0,0.730341374874115,0.17019617557525635,,,,,,,,,,,,,,,,
80,0.001613830914720893,-0.09537817537784576,0.0007766092894598842,0.0008108086767606437,2.64130412688246e-05,0.0,0.0,0.0,0.0011809904826804996,0.0,0.0,0.7233492732048035,0.17017050087451935,,,,,,,,,,,,,,,,
81,0.0015931610250845551,-0.09516911953687668,0.0007852078415453434,0.0007775304256938398,3.042267962882761e-05,0.0,0.0,0.0,0.0014895384665578604,0.0,0.0,0.7297292947769165,0.17031727731227875,,,,,,,,,,,,,,,,
82,0.0015716466587036848,-0.09647135436534882,0.0007785566267557442,0.0007665157318115234,2.6574309231364168e-05,0.0,0.0,0.0,0.0009009522618725896,0.0,0.0,0.7276771664619446,0.17038366198539734,,,,,,,,,,,,,,,,
83,0.0014871692983433604,-0.09748657792806625,0.0007202241686172783,0.0007380149909295142,2.8930131520610303e-05,0.0,0.0,0.0,0.0012465862091630697,0.0,0.0,0.7392756938934326,0.17068541049957275,,,,,,,,,,,,,,,,
84,0.0015616746386513114,-0.09694953262805939,0.0007634948124177754,0.0007726722396910191,2.5507637474220246e-05,0.0,0.0,0.0,0.0012575325090438128,0.0,0.0,0.7406415939331055,0.1707536280155182,,,,,,,,,,,,,,,,
85,0.00149704294744879,-0.09945724904537201,0.0007061734795570374,0.0007656710222363472,2.5198472940246575e-05,0.0,0.0,0.0,0.0010356662096455693,0.0,0.0,0.7430184483528137,0.17088793218135834,,,,,,,,,,,,,,,,
86,0.001566847786307335,-0.09929969906806946,0.0007704048766754568,0.0007679315167479217,2.8511445634649135e-05,0.0,0.0,0.0,0.000958789954893291,0.0,0.0,0.7367367744445801,0.17086680233478546,,,,,,,,,,,,,,,,
87,0.0015392679488286376,-0.09913699328899384,0.0007504380773752928,0.000763649761211127,2.518010114727076e-05,0.0,0.0,0.0,0.000968795211520046,0.0,0.0,0.7467265725135803,0.17113645374774933,,,,,,,,,,,,,,,,
88,0.0014968274626880884,-0.10242310911417007,0.0007192861521616578,0.0007560516241937876,2.1489717255462892e-05,0.0,0.0,0.0,0.001000089687295258,0.0,0.0,0.7497401237487793,0.17125211656093597,,,,,,,,,,,,,,,,
89,0.001562967780046165,-0.10403614491224289,0.0007712176302447915,0.000768108235206455,2.3642009182367474e-05,0.0,0.0,0.0,0.0012249450664967299,0.0,0.0,0.7520924210548401,0.17144668102264404,,,,,,,,,,,,,,,,
90,0.0014337883330881596,-0.1035810336470604,0.0007025060476735234,0.0007055840105749667,2.5698211175040342e-05,0.0,0.0,0.0,0.0012400716077536345,0.0,0.0,0.7553366422653198,0.1716458797454834,,,,,,,,,,,,,,,,
91,0.0015407268656417727,-0.1048649251461029,0.0007631094194948673,0.0007541913655586541,2.342610969208181e-05,0.0,0.0,0.0,0.0010071189608424902,0.0,0.0,0.7605823874473572,0.1716337502002716,,,,,,,,,,,,,,,,
92,0.0014637920539826155,-0.10451842844486237,0.0007243324653245509,0.000719640520401299,1.981904642889276e-05,0.0,0.0,0.0,0.0011297577293589711,0.0,0.0,0.7570127844810486,0.1717233508825302,,,,,,,,,,,,,,,,
93,0.0014210969675332308,-0.10556080937385559,0.0006914168479852378,0.0007071078871376812,2.2572290617972612e-05,0.0,0.0,0.0,0.0008605062612332404,0.0,0.0,0.7581908106803894,0.17169131338596344,,,,,,,,,,,,,,,,
94,0.0014116542879492044,-0.10736273229122162,0.0006860438734292984,0.0007051069987937808,2.0503362975432537e-05,0.0,0.0,0.0,0.0008903307025320828,0.0,0.0,0.7708988189697266,0.17214636504650116,,,,,,,,,,,,,,,,
95,0.0014316916931420565,-0.1066649854183197,0.0007267128094099462,0.0006836220854893327,2.135682007065043e-05,0.0,0.0,0.0,0.0007222125423140824,0.0,0.0,0.7711001634597778,0.1720721423625946,,,,,,,,,,,,,,,,
96,0.0014023581752553582,-0.10837269574403763,0.0006936346762813628,0.0006898388382978737,1.8884626115323044e-05,0.0,0.0,0.0,0.001053915941156447,0.0,0.0,0.7670564651489258,0.17211660742759705,,,,,,,,,,,,,,,,
97,0.0013931345893070102,-0.10762297362089157,0.0006887285271659493,0.0006835911190137267,2.0814904928556643e-05,0.0,0.0,0.0,0.0006580462795682251,0.0,0.0,0.7762072682380676,0.17220595479011536,,,,,,,,,,,,,,,,
98,0.0014397506602108479,-0.11095695942640305,0.0006965103675611317,0.0007235884550027549,1.9651864931802265e-05,0.0,0.0,0.0,0.0006649396382272243,0.0,0.0,0.7752863764762878,0.17225381731987,,,,,,,,,,,,,,,,
99,0.0013804055051878095,-0.10997235774993896,0.0006674940814264119,0.0006932091782800853,1.9702272766153328e-05,0.0,0.0,0.0,0.0008751177228987217,0.0,0.0,0.7779827117919922,0.17231237888336182,,,,,,,,,,,,,,,,
100,0.0013798497384414077,-0.11309318244457245,0.0006793388747610152,0.0006845425232313573,1.596838228579145e-05,0.0,0.0,0.0,0.0006399645353667438,0.0,0.0,0.777459979057312,0.17236164212226868,,,,,,,,,,,,,,,,
101,0.0013263694709166884,-0.11377374827861786,0.000635642500128597,0.0006729715969413519,1.775531745806802e-05,0.0,0.0,0.0,0.0008627975475974381,0.0,0.0,0.7734223008155823,0.1723337173461914,,,,,,,,,,,,,,,,
102,0.0013392072869464755,-0.11424923688173294,0.0006617801263928413,0.0006600760971195996,1.7351119822706096e-05,0.0,0.0,0.0,0.000951336114667356,0.0,0.0,0.7791076898574829,0.17235812544822693,,,,,,,,,,,,,,,,
103,0.0013356672134250402,-0.11375688016414642,0.0006428732885979116,0.000675063522066921,1.7730359104461968e-05,0.0,0.0,0.0,0.0009788841707631946,0.0,0.0,0.7757027745246887,0.1722787320613861,,,,,,,,,,,,,,,,
104,0.0013707077596336603,-0.11405473947525024,0.0006753210327588022,0.0006767567829228938,1.8629983969731256e-05,0.0,0.0,0.0,0.0006417128024622798,0.0,0.0,0.7687168121337891,0.17216283082962036,,,,,,,,,,,,,,,,
105,0.0013968333369120955,-0.11402807384729385,0.0006851013167761266,0.0006945491768419743,1.7182821466121823e-05,0.0,0.0,0.0,0.0005543254083022475,0.0,0.0,0.7750388979911804,0.1722639501094818,,,,,,,,,,,,,,,,
106,0.00132085382938385,-0.11653927713632584,0.000653195078484714,0.0006467613275162876,2.089751978928689e-05,0.0,0.0,0.0,0.0005723905633203685,0.0,0.0,0.7675407528877258,0.17206734418869019,,,,,,,,,,,,,,,,
107,0.0013621952384710312,-0.11947833746671677,0.0006730262539349496,0.000675339309964329,1.382961909257574e-05,0.0,0.0,0.0,0.000515779189299792,0.0,0.0,0.7605425119400024,0.17192986607551575,,,,,,,,,,,,,,,,
108,0.0012311245081946254,-0.12100425362586975,0.0006103813066147268,0.0006052058306522667,1.5537381841568276e-05,0.0,0.0,0.0,0.0006655960460193455,0.0,0.0,0.7630704641342163,0.17210005223751068,,,,,,,,,,,,,,,,
109,0.0013266499154269695,-0.1216893121600151,0.0006591866258531809,0.000654777220916003,1.2686059562838636e-05,0.0,0.0,0.0,0.0006222474039532244,0.0,0.0,0.7618135213851929,0.17208576202392578,,,,,,,,,,,,,,,,
110,0.0012585384538397193,-0.1218026652932167,0.0006154886796139181,0.0006303711561486125,1.2678677194344345e-05,0.0,0.0,0.0,0.0005034185014665127,0.0,0.0,0.7574568390846252,0.1719030886888504,,,,,,,,,,,,,,,,
111,0.0013131487648934126,-0.1218322217464447,0.0006423269514925778,0.0006576001760549843,1.3221672816143837e-05,0.0,0.0,0.0,0.0008788976701907814,0.0,0.0,0.7560936212539673,0.17194430530071259,,,,,,,,,,,,,,,,
112,0.0013519164640456438,-0.12241295725107193,0.0006567117525264621,0.000681572244502604,1.363242063234793e-05,0.0,0.0,0.0,0.0007934878231026232,0.0,0.0,0.7591162323951721,0.17204120755195618,,,,,,,,,,,,,,,,
113,0.0013122945092618465,-0.1239253580570221,0.0006479594158008695,0.0006516414578072727,1.2693732060142793e-05,0.0,0.0,0.0,0.000466235913336277,0.0,0.0,0.7592319846153259,0.1721210479736328,,,,,,,,,,,,,,,,
114,0.0012544026831164956,-0.12441610544919968,0.0006173983565531671,0.000619552272837609,1.74520264408784e-05,0.0,0.0,0.0,0.0006290984456427395,0.0,0.0,0.7556368708610535,0.17188648879528046,,,,,,,,,,,,,,,,
115,0.0012160243932157755,-0.12308818101882935,0.0006008342024870217,0.0006047585047781467,1.0431742339278571e-05,0.0,0.0,0.0,0.0005850099842064083,0.0,0.0,0.7579445242881775,0.17203548550605774,,,,,,,,,,,,,,,,
116,0.0012444215826690197,-0.12478026747703552,0.0006191455759108067,0.0006145879742689431,1.0688146176107693e-05,0.0,0.0,0.0,0.0006784925353713334,0.0,0.0,0.7611576318740845,0.17209456861019135,,,,,,,,,,,,,,,,
117,0.001246814732439816,-0.12540394067764282,0.0006332105840556324,0.0006009216303937137,1.268254254682688e-05,0.0,0.0,0.0,0.0004087805573362857,0.0,0.0,0.7614346146583557,0.17201358079910278,,,,,,,,,,,,,,,,
118,0.0012030773796141148,-0.12612687051296234,0.0006008468335494399,0.0005910667823627591,1.1163745512021706e-05,0.0,0.0,0.0,0.000392655172618106,0.0,0.0,0.7594299912452698,0.1720249354839325,,,,,,,,,,,,,,,,
119,0.0012363187270238996,-0.12762874364852905,0.0006271227612160146,0.000598429178353399,1.076683747669449e-05,0.0,0.0,0.0,0.0007654665387235582,0.0,0.0,0.7696782946586609,0.17214837670326233,,,,,,,,,,,,,,,,
120,0.0012380194384604692,-0.12868791818618774,0.0006018762360326946,0.0006242218078114092,1.1921417353732977e-05,0.0,0.0,0.0,0.0005638558650389314,0.0,0.0,0.7570985555648804,0.1720685362815857,,,,,,,,,,,,,,,,
121,0.0012373669305816293,-0.12898050248622894,0.0006254520267248154,0.0006014670943841338,1.0447784006828442e-05,0.0,0.0,0.0,0.0007727629854343832,0.0,0.0,0.7600651383399963,0.17206326127052307,,,,,,,,,,,,,,,,
122,0.0012241086224094033,-0.12989933788776398,0.0006098495796322823,0.0006024249014444649,1.183420499728527e-05,0.0,0.0,0.0,0.0007677842513658106,0.0,0.0,0.762926459312439,0.17220596969127655,,,,,,,,,,,,,,,,
123,0.0012156771263107657,-0.13053099811077118,0.0005899186944589019,0.0006154777365736663,1.0280800779582933e-05,0.0,0.0,0.0,0.0007174632628448308,0.0,0.0,0.767178475856781,0.17225874960422516,,,,,,,,,,,,,,,,
124,0.0012545408681035042,-0.13208220899105072,0.0006311843753792346,0.0006134916911832988,9.864813364401925e-06,0.0,0.0,0.0,0.00043856605770997703,0.0,0.0,0.769363284111023,0.17224794626235962,,,,,,,,,,,,,,,,
125,0.0011914892820641398,-0.1320071816444397,0.0005917474045418203,0.000590000010561198,9.74187241808977e-06,0.0,0.0,0.0,0.0006984674255363643,0.0,0.0,0.7625096440315247,0.17210742831230164,,,,,,,,,,,,,,,,
126,0.0012101304018869996,-0.13290275633335114,0.0005944977165199816,0.0006065678899176419,9.064837286132388e-06,0.0,0.0,0.0,0.00070967833744362,0.0,0.0,0.7679596543312073,0.17226684093475342,,,,,,,,,,,,,,,,
127,0.0011929190950468183,-0.13406148552894592,0.0005925318109802902,0.000591058109421283,9.32920829654904e-06,0.0,0.0,0.0,0.0008584103197790682,0.0,0.0,0.7582114338874817,0.17203271389007568,,,,,,,,,,,,,,,,
128,0.0011856008786708117,-0.13530057668685913,0.0005902841221541166,0.0005872880574315786,8.028677257243544e-06,0.0,0.0,0.0,0.00055025884648785,0.0,0.0,0.7619163393974304,0.17205941677093506,,,,,,,,,,,,,,,,
129,0.0011837915517389774,-0.13711367547512054,0.0005756549071520567,0.0006002018344588578,7.934840141388122e-06,0.0,0.0,0.0,0.0005442589754238725,0.0,0.0,0.7559299468994141,0.17191672325134277,,,,,,,,,,,,,,,,
130,0.0011314356233924627,-0.1372859925031662,0.0005570657085627317,0.0005661286995746195,8.241237992479e-06,0.0,0.0,0.0,0.0005760863423347473,0.0,0.0,0.761661946773529,0.17208941280841827,,,,,,,,,,,,,,,,
131,0.0011780670611187816,-0.13824240863323212,0.0005876507493667305,0.0005810170550830662,9.39925666898489e-06,0.0,0.0,0.0,0.0004995646304450929,0.0,0.0,0.7647522687911987,0.17209823429584503,,,,,,,,,,,,,,,,
132,0.0011320568155497313,-0.13775084912776947,0.0005725580849684775,0.0005528114852495492,6.687197128485423e-06,0.0,0.0,0.0,0.0004113962349947542,0.0,0.0,0.7659062147140503,0.17206168174743652,,,,,,,,,,,,,,,,
133,0.0011165495961904526,-0.13628153502941132,0.000546473020222038,0.0005619372241199017,8.139343663060572e-06,0.0,0.0,0.0,0.0005732037243433297,0.0,0.0,0.765044093132019,0.17212088406085968,,,,,,,,,,,,,,,,
134,0.00115799973718822,-0.13781213760375977,0.0005656956345774233,0.0005843391991220415,7.964907126734033e-06,0.0,0.0,0.0,0.0005229951348155737,0.0,0.0,0.7686282992362976,0.17223003506660461,,,,,,,,,,,,,,,,
135,0.0011406521080061793,-0.13893403112888336,0.000573722121771425,0.0005596007104031742,7.329304935410619e-06,0.0,0.0,0.0,0.00043355851084925234,0.0,0.0,0.7653008699417114,0.17207133769989014,,,,,,,,,,,,,,,,
136,0.001205077045597136,-0.1403542309999466,0.0005878530209884048,0.0006102469633333385,6.977167686272878e-06,0.0,0.0,0.0,0.0004912191070616245,0.0,0.0,0.7650154829025269,0.17212536931037903,,,,,,,,,,,,,,,,
137,0.0011416372144594789,-0.14321880042552948,0.0005591330118477345,0.000574794365093112,7.709845704084728e-06,0.0,0.0,0.0,0.0002614760887809098,0.0,0.0,0.7622392177581787,0.17195025086402893,,,,,,,,,,,,,,,,
138,0.0012155649019405246,-0.14393232762813568,0.0006075199926272035,0.0006005312316119671,7.513621312682517e-06,0.0,0.0,0.0,0.0005475042853504419,0.0,0.0,0.7592934966087341,0.17196063697338104,,,,,,,,,,,,,,,,
139,0.0011162166483700275,-0.14526040852069855,0.000557780615054071,0.0005523792351596057,6.0568081607925706e-06,0.0,0.0,0.0,0.0005248271045275033,0.0,0.0,0.7531893253326416,0.17173881828784943,,,,,,,,,,,,,,,,
140,0.0010850332910194993,-0.14351460337638855,0.0005269894609227777,0.0005510204937309027,7.023370471870294e-06,0.0,0.0,0.0,0.0004774143744725734,0.0,0.0,0.7545521855354309,0.17181646823883057,,,,,,,,,,,,,,,,
141,0.0011291520204395056,-0.1421201527118683,0.0005608350038528442,0.000561893277335912,6.42375471215928e-06,0.0,0.0,0.0,0.0003877420967910439,0.0,0.0,0.7527310252189636,0.17174889147281647,,,,,,,,,,,,,,,,
142,0.0011424458352848887,-0.14098414778709412,0.0005650487146340311,0.0005695989821106195,7.798043043294456e-06,0.0,0.0,0.0,0.0004624192661140114,0.0,0.0,0.7512873411178589,0.17173568904399872,,,,,,,,,,,,,,,,
143,0.0011604336323216558,-0.14350032806396484,0.0005859318771399558,0.0005682498449459672,6.251857485040091e-06,0.0,0.0,0.0,0.0004829129029531032,0.0,0.0,0.7554726600646973,0.1718132495880127,,,,,,,,,,,,,,,,
144,0.001104309456422925,-0.14600525796413422,0.0005460238899104297,0.0005517221870832145,6.563412625837373e-06,0.0,0.0,0.0,0.00040077409357763827,0.0,0.0,0.7509322166442871,0.17168676853179932,,,,,,,,,,,,,,,,
145,0.0010539931245148182,-0.14771120250225067,0.0005264303763397038,0.0005221383180469275,5.42443967788131e-06,0.0,0.0,0.0,0.00020466827845666558,0.0,0.0,0.7428882122039795,0.17158755660057068,,,,,,,,,,,,,,,,
146,0.0010557888308539987,-0.1492568701505661,0.0005144381430000067,0.000536015082616359,5.335685273166746e-06,0.0,0.0,0.0,0.0002853440819308162,0.0,0.0,0.7497600317001343,0.17165571451187134,,,,,,,,,,,,,,,,
147,0.00107727968133986,-0.14913025498390198,0.0005445695715025067,0.0005271007539704442,5.6094104365911335e-06,0.0,0.0,0.0,0.00021873449441045523,0.0,0.0,0.7559767961502075,0.17182618379592896,,,,,,,,,,,,,,,,
148,0.001065657357685268,-0.1498173475265503,0.0005282220081426203,0.0005298784235492349,7.556830951216398e-06,0.0,0.0,0.0,0.00022873980924487114,0.0,0.0,0.7569580078125,0.17175327241420746,,,,,,,,,,,,,,,,
149,0.0010956128826364875,-0.14937478303909302,0.0005500444676727057,0.0005380514776334167,7.516881851188373e-06,0.0,0.0,0.0,0.0004551869642455131,0.0,0.0,0.7631985545158386,0.1718994379043579,,,,,,,,,,,,,,,,
150,0.0011129118502140045,-0.14978769421577454,0.0005504593136720359,0.0005575917894020677,4.860806257056538e-06,0.0,0.0,0.0,0.0003021824231836945,0.0,0.0,0.7558469176292419,0.1717779040336609,,,,,,,,,,,,,,,,
151,0.001075491076335311,-0.1510823369026184,0.0005357639165595174,0.0005351066938601434,4.620467279892182e-06,0.0,0.0,0.0,0.0003107336233370006,0.0,0.0,0.7528536319732666,0.1716398000717163,,,,,,,,,,,,,,,,
152,0.001085838070139289,-0.1519661396741867,0.0005398743087425828,0.000538535532541573,7.428206117765512e-06,0.0,0.0,0.0,0.00030675058951601386,0.0,0.0,0.754274845123291,0.17169058322906494,,,,,,,,,,,,,,,,
153,0.0010517425835132599,-0.15210764110088348,0.0005253326380625367,0.0005223517073318362,4.05820355808828e-06,0.0,0.0,0.0,0.0004978547221980989,0.0,0.0,0.7506118416786194,0.17171384394168854,,,,,,,,,,,,,,,,
154,0.0010273864027112722,-0.15428932011127472,0.0005153096280992031,0.0005079844268038869,4.092340532224625e-06,0.0,0.0,0.0,0.00019082626386079937,0.0,0.0,0.7550647854804993,0.17170003056526184,,,,,,,,,,,,,,,,
155,0.0010685332817956805,-0.1562006175518036,0.0005337371258065104,0.0005308467079885304,3.949435267713852e-06,0.0,0.0,0.0,0.0002691922418307513,0.0,0.0,0.7476405501365662,0.17153437435626984,,,,,,,,,,,,,,,,
156,0.001104848925024271,-0.15680144727230072,0.0005442757974378765,0.0005544734885916114,6.099659003666602e-06,0.0,0.0,0.0,0.00021308197756297886,0.0,0.0,0.7474556565284729,0.17144064605236053,,,,,,,,,,,,,,,,
157,0.001038510468788445,-0.15466372668743134,0.0005131756188347936,0.0005209535011090338,4.381285179988481e-06,0.0,0.0,0.0,0.00042091208160854876,0.0,0.0,0.7542925477027893,0.1716395914554596,,,,,,,,,,,,,,,,
158,0.00110448501072824,-0.15567371249198914,0.0005457036895677447,0.0005518091493286192,6.972068604227388e-06,0.0,0.0,0.0,0.00020559734548442066,0.0,0.0,0.7507261037826538,0.17157794535160065,,,,,,,,,,,,,,,,
159,0.0010130235459655523,-0.1555410623550415,0.0005104462616145611,0.0004972792812623084,5.2981167755206116e-06,0.0,0.0,0.0,0.0003938276204280555,0.0,0.0,0.7526780366897583,0.17161840200424194,,,,,,,,,,,,,,,,
160,0.0010529994033277035,-0.15622571110725403,0.0005254908464848995,0.0005237942677922547,3.7142956443858566e-06,0.0,0.0,0.0,0.0003739356470759958,0.0,0.0,0.7482865452766418,0.17157797515392303,,,,,,,,,,,,,,,,
161,0.0010310953948646784,-0.1575547605752945,0.0005159782012924552,0.0005097844987176359,5.332748969522072e-06,0.0,0.0,0.0,0.00033546757185831666,0.0,0.0,0.7510290741920471,0.17157460749149323,,,,,,,,,,,,,,,,
162,0.001066416734829545,-0.15949824452400208,0.0005314383888617158,0.0005317534669302404,3.2249010928353528e-06,0.0,0.0,0.0,0.00034731629421003163,0.0,0.0,0.7527515292167664,0.1715960055589676,,,,,,,,,,,,,,,,
163,0.001035015913657844,-0.1606801599264145,0.0005265586078166962,0.0005047050071880221,3.752300699488842e-06,0.0,0.0,0.0,0.0003589981934055686,0.0,0.0,0.755708634853363,0.17166875302791595,,,,,,,,,,,,,,,,
164,0.0010334696853533387,-0.16191281378269196,0.0005304104997776449,0.0004977634525857866,5.2957698244426865e-06,0.0,0.0,0.0,0.00046775484224781394,0.0,0.0,0.7577654123306274,0.17170009016990662,,,,,,,,,,,,,,,,
165,0.001078008208423853,-0.1622810810804367,0.0005381078808568418,0.0005365076940506697,3.392535518287332e-06,0.0,0.0,0.0,0.0002894728968385607,0.0,0.0,0.7563949227333069,0.17170797288417816,,,,,,,,,,,,,,,,
166,0.0009988500969484448,-0.16353434324264526,0.0004980996018275619,0.0004970842273905873,3.6662252114183502e-06,0.0,0.0,0.0,0.0003227436973247677,0.0,0.0,0.7564700245857239,0.17170792818069458,,,,,,,,,,,,,,,,
167,0.001024496741592884,-0.16243192553520203,0.0004948168061673641,0.0005259725148789585,3.7074030387884704e-06,0.0,0.0,0.0,0.0004038069164380431,0.0,0.0,0.7537307143211365,0.17166373133659363,,,,,,,,,,,,,,,,
168,0.0010500040370970964,-0.16131959855556488,0.0005260012112557888,0.0005195859121158719,4.4168991735205054e-06,0.0,0.0,0.0,0.00037997402250766754,0.0,0.0,0.7549004554748535,0.1716890186071396,,,,,,,,,,,,,,,,
169,0.0010518860071897507,-0.16141588985919952,0.0005350317806005478,0.0005118903354741633,4.963955689163413e-06,0.0,0.0,0.0,0.00044898089254274964,0.0,0.0,0.7487956285476685,0.17152538895606995,,,,,,,,,,,,,,,,
170,0.0009779309621080756,-0.16127195954322815,0.00047287027700804174,0.0005015531205572188,3.5075677260465454e-06,0.0,0.0,0.0,0.00041155132930725813,0.0,0.0,0.7494560480117798,0.17151933908462524,,,,,,,,,,,,,,,,
171,0.001030665123835206,-0.1648118495941162,0.0005077172536402941,0.0005187210044823587,4.22683888245956e-06,0.0,0.0,0.0,0.0002822497335728258,0.0,0.0,0.7496160268783569,0.17163342237472534,,,,,,,,,,,,,,,,
172,0.0009624587837606668,-0.16710056364536285,0.0004847802047152072,0.0004736189148388803,4.0596282815386076e-06,0.0,0.0,0.0,0.00024194821889977902,0.0,0.0,0.7477195262908936,0.17144165933132172,,,,,,,,,,,,,,,,
173,0.0009630384156480432,-0.1680057942867279,0.000470753206172958,0.0004887317772954702,3.553439000825165e-06,0.0,0.0,0.0,0.00028250718605704606,0.0,0.0,0.7501968145370483,0.17152713239192963,,,,,,,,,,,,,,,,
174,0.0009731783648021519,-0.1678442806005478,0.0004758439026772976,0.0004936041659675539,3.730280013769516e-06,0.0,0.0,0.0,0.0001301996089750901,0.0,0.0,0.7392098903656006,0.17131799459457397,,,,,,,,,,,,,,,,
175,0.0009865009924396873,-0.16755732893943787,0.000502537121064961,0.0004804775526281446,3.4862950997194275e-06,0.0,0.0,0.0,0.0003897913557011634,0.0,0.0,0.7450863122940063,0.17136219143867493,,,,,,,,,,,,,,,,
176,0.0009242813684977591,-0.168210968375206,0.000453382934210822,0.0004683875886257738,2.51086612479412e-06,0.0,0.0,0.0,0.0002693620917852968,0.0,0.0,0.7459848523139954,0.17140130698680878,,,,,,,,,,,,,,,,
177,0.0009605903760530055,-0.16828706860542297,0.00047885923413559794,0.00047961334348656237,2.117784788424615e-06,0.0,0.0,0.0,0.0002638783189468086,0.0,0.0,0.7446106672286987,0.1714548021554947,,,,,,,,,,,,,,,,
178,0.0009348021703772247,-0.16876429319381714,0.00046466142521239817,0.00046812338405288756,2.017364522544085e-06,0.0,0.0,0.0,0.0003329725586809218,0.0,0.0,0.7489017844200134,0.17152416706085205,,,,,,,,,,,,,,,,
179,0.0009419391863048077,-0.17100286483764648,0.000468634971184656,0.0004696731048170477,3.631117579061538e-06,0.0,0.0,0.0,0.0002551524084992707,0.0,0.0,0.7413162589073181,0.17144620418548584,,,,,,,,,,,,,,,,
180,0.0009468610514886677,-0.17299243807792664,0.0004778412985615432,0.000465638586319983,3.3811866160249338e-06,0.0,0.0,0.0,0.00017973418289329857,0.0,0.0,0.7416346669197083,0.1713722050189972,,,,,,,,,,,,,,,,
181,0.000950521556660533,-0.1721344143152237,0.0004674088559113443,0.0004802041803486645,2.9085399546602275e-06,0.0,0.0,0.0,0.00024703232338652015,0.0,0.0,0.7449134588241577,0.1714187115430832,,,,,,,,,,,,,,,,
182,0.0009440121939405799,-0.17057690024375916,0.00046125511289574206,0.0004806309298146516,2.126165099980426e-06,0.0,0.0,0.0,0.00036136218113824725,0.0,0.0,0.7511303424835205,0.1715635061264038,,,,,,,,,,,,,,,,
183,0.0009711178718134761,-0.17198458313941956,0.0004885675152763724,0.0004792291729245335,3.321236135889194e-06,0.0,0.0,0.0,0.00014255162386689335,0.0,0.0,0.743552565574646,0.171489879488945,,,,,,,,,,,,,,,,
184,0.000997304916381836,-0.17364536225795746,0.0004964001709595323,0.0004985459381714463,2.3587638224853436e-06,0.0,0.0,0.0,0.0002012254553847015,0.0,0.0,0.7414392828941345,0.1713830530643463,,,,,,,,,,,,,,,,
185,0.0009567063534632325,-0.1742003709077835,0.00047988505684770644,0.00047427386743947864,2.547406893427251e-06,0.0,0.0,0.0,0.00015153262938838452,0.0,0.0,0.7433546185493469,0.17155858874320984,,,,,,,,,,,,,,,,
186,0.0009348004241473973,-0.17268826067447662,0.00047276230179704726,0.00046018455759622157,1.8535714616518817e-06,0.0,0.0,0.0,0.00023822850198484957,0.0,0.0,0.7375423312187195,0.1713804304599762,,,,,,,,,,,,,,,,
187,0.0010175006464123726,-0.17548754811286926,0.0005087830941192806,0.0005062514101155102,2.466168780301814e-06,0.0,0.0,0.0,0.00032636444666422904,0.0,0.0,0.736274242401123,0.17131543159484863,,,,,,,,,,,,,,,,
188,0.0009362112614326179,-0.1777980625629425,0.0004734066897071898,0.00045992888044565916,2.875720156225725e-06,0.0,0.0,0.0,8.668028021929786e-05,0.0,0.0,0.7345258593559265,0.17123469710350037,,,,,,,,,,,,,,,,
189,0.0009464207105338573,-0.17809666693210602,0.0004778477887157351,0.00046608998673036695,2.4828998448356288e-06,0.0,0.0,0.0,0.0002591008960735053,0.0,0.0,0.7381776571273804,0.17124074697494507,,,,,,,,,,,,,,,,
190,0.0009600662742741406,-0.1775304079055786,0.00048590381629765034,0.0004702922306023538,3.870246473525185e-06,0.0,0.0,0.0,0.00016372925892937928,0.0,0.0,0.7380426526069641,0.1712578386068344,,,,,,,,,,,,,,,,
191,0.0009443284943699837,-0.17856982350349426,0.00047608083696104586,0.0004651982453651726,3.0493608846882125e-06,0.0,0.0,0.0,0.00021636589372064918,0.0,0.0,0.7468854784965515,0.17151278257369995,,,,,,,,,,,,,,,,
192,0.0009347606683149934,-0.17881761491298676,0.00046584769734181464,0.0004668824258260429,2.0305230918893358e-06,0.0,0.0,0.0,0.00030054571107029915,0.0,0.0,0.7366922497749329,0.17132218182086945,,,,,,,,,,,,,,,,
193,0.0009209354175254703,-0.17872361838817596,0.00045715627493336797,0.00046064320486038923,3.1359243166662054e-06,0.0,0.0,0.0,0.0001814458955777809,0.0,0.0,0.7417716383934021,0.17154929041862488,,,,,,,,,,,,,,,,
194,0.0008808098500594497,-0.179276704788208,0.00044015212915837765,0.00043778191320598125,2.875818154279841e-06,0.0,0.0,0.0,0.00010085000394610688,0.0,0.0,0.739729642868042,0.17144560813903809,,,,,,,,,,,,,,,,
195,0.0009173147263936698,-0.18169088661670685,0.00045699492329731584,0.00045794632751494646,2.3734701244393364e-06,0.0,0.0,0.0,0.00032248496427200735,0.0,0.0,0.7399460673332214,0.17151810228824615,,,,,,,,,,,,,,,,
196,0.000896594428922981,-0.18159613013267517,0.00045499985571950674,0.0004401253827381879,1.4691971728097997e-06,0.0,0.0,0.0,0.00032703723991289735,0.0,0.0,0.7403947710990906,0.17139041423797607,,,,,,,,,,,,,,,,
197,0.0009306202991865575,-0.18263600766658783,0.0004630334733519703,0.0004650398332159966,2.5469855700066546e-06,0.0,0.0,0.0,0.00025885910145007074,0.0,0.0,0.7393656969070435,0.17132841050624847,,,,,,,,,,,,,,,,
198,0.0008754061418585479,-0.18244107067584991,0.0004464970261324197,0.0004274408856872469,1.4682112805530778e-06,0.0,0.0,0.0,0.00031485382351092994,0.0,0.0,0.7356926798820496,0.17122799158096313,,,,,,,,,,,,,,,,
199,0.0009464105824008584,-0.1815020889043808,0.0004702845762949437,0.0004743122844956815,1.8137640154236578e-06,0.0,0.0,0.0,0.00027042668079957366,0.0,0.0,0.7414555549621582,0.1714506298303604,,,,,,,,,,,,,,,,
200,0.0009218812338076532,-0.1838156133890152,0.0004686656757257879,0.0004517681081779301,1.4474281897491892e-06,0.0,0.0,0.0,0.00010242198186460882,0.0,0.0,0.7304182648658752,0.1711808443069458,,,,,,,,,,,,,,,,
201,0.0008982907165773213,-0.18496845662593842,0.0004514169122558087,0.0004455915477592498,1.2822520147892646e-06,0.0,0.0,0.0,0.00022120610810816288,0.0,0.0,0.7344135046005249,0.17124521732330322,,,,,,,,,,,,,,,,
202,0.0009298916556872427,-0.1857536882162094,0.00045615952694788575,0.0004723759484477341,1.3561524383476353e-06,0.0,0.0,0.0,0.00010935700993286446,0.0,0.0,0.7327572703361511,0.1711757928133011,,,,,,,,,,,,,,,,
203,0.0008744178339838982,-0.18608611822128296,0.00042747927363961935,0.00044522067764773965,1.7178681446239352e-06,0.0,0.0,0.0,0.00029531848849728703,0.0,0.0,0.7309699654579163,0.17116761207580566,,,,,,,,,,,,,,,,
204,0.0008453933405689895,-0.1859315186738968,0.0004208993923384696,0.00042307274998165667,1.421192223460821e-06,0.0,0.0,0.0,0.0001582995755597949,0.0,0.0,0.7342892289161682,0.1712334156036377,,,,,,,,,,,,,,,,
205,0.0008545654709450901,-0.18780803680419922,0.00043371523497626185,0.0004197899252176285,1.0603263262964902e-06,0.0,0.0,0.0,0.00019795568368863314,0.0,0.0,0.732139527797699,0.17118656635284424,,,,,,,,,,,,,,,,
206,0.0009105947101488709,-0.18816809356212616,0.000431989406934008,0.00047742275637574494,1.1825654837593902e-06,0.0,0.0,0.0,0.00022275849187280983,0.0,0.0,0.7328790426254272,0.17119497060775757,,,,,,,,,,,,,,,,
207,0.0009513529948890209,-0.18658198416233063,0.00048333790618926287,0.0004653423384297639,2.672769824130228e-06,0.0,0.0,0.0,0.00017315393779426813,0.0,0.0,0.7368727922439575,0.17123085260391235,,,,,,,,,,,,,,,,
208,0.0008910766919143498,-0.18773840367794037,0.00045153911923989654,0.0004382519982755184,1.2855807653977536e-06,0.0,0.0,0.0,0.00015866175817791373,0.0,0.0,0.725852370262146,0.17096084356307983,,,,,,,,,,,,,,,,
209,0.0008850024896673858,-0.18994273245334625,0.00043423043098300695,0.00044771016109734774,3.0618762139056344e-06,0.0,0.0,0.0,0.00014323799405246973,0.0,0.0,0.7296531200408936,0.17095431685447693,,,,,,,,,,,,,,,,
210,0.0008459811215288937,-0.19025446474552155,0.000421637378167361,0.00042333590681664646,1.0078808827529429e-06,0.0,0.0,0.0,0.00016028762911446393,0.0,0.0,0.7278629541397095,0.17078924179077148,,,,,,,,,,,,,,,,
211,0.0008563706069253385,-0.19093002378940582,0.0004364817577879876,0.0004181631375104189,1.7256847968383227e-06,0.0,0.0,0.0,0.00021716368792112917,0.0,0.0,0.7227561473846436,0.170892596244812,,,,,,,,,,,,,,,,
212,0.000859973079059273,-0.19172774255275726,0.0004257909895386547,0.00043302110861986876,1.1609296279857517e-06,0.0,0.0,0.0,0.00011969482147833332,0.0,0.0,0.7302093505859375,0.17101572453975677,,,,,,,,,,,,,,,,
213,0.0008588022319599986,-0.1913968175649643,0.00042118769488297403,0.0004367058863863349,9.085931651497958e-07,0.0,0.0,0.0,6.0112623032182455e-05,0.0,0.0,0.7250095009803772,0.17080725729465485,,,,,,,,,,,,,,,,
214,0.0008811930892989039,-0.19157308340072632,0.00044375521247275174,0.00043654924957081676,8.886066780178226e-07,0.0,0.0,0.0,8.692923438502476e-05,0.0,0.0,0.7255731225013733,0.1707516312599182,,,,,,,,,,,,,,,,
215,0.0008373765740543604,-0.19123457372188568,0.00041376909939572215,0.00042196488357149065,1.642621100472752e-06,0.0,0.0,0.0,0.00010787083738250658,0.0,0.0,0.7310831546783447,0.17103947699069977,,,,,,,,,,,,,,,,
216,0.0008792437729425728,-0.19358931481838226,0.0004314291290938854,0.00044630124466493726,1.5133740589590161e-06,0.0,0.0,0.0,0.00015350559260696173,0.0,0.0,0.7268247008323669,0.17072752118110657,,,,,,,,,,,,,,,,
217,0.0008652732940390706,-0.19413091242313385,0.00043150101555511355,0.0004323710163589567,1.4012665587870288e-06,0.0,0.0,0.0,0.0001543816615594551,0.0,0.0,0.722296416759491,0.17068730294704437,,,,,,,,,,,,,,,,
218,0.0008026677533052862,-0.19497168064117432,0.00040106993401423097,0.00040047039510682225,1.1274103144387482e-06,0.0,0.0,0.0,0.0001594698114786297,0.0,0.0,0.7291624546051025,0.1709127426147461,,,,,,,,,,,,,,,,
219,0.000878413615282625,-0.19661147892475128,0.0004361736064311117,0.00044003143557347357,2.2085587261244655e-06,0.0,0.0,0.0,0.00011650480882963166,0.0,0.0,0.7301963567733765,0.17086300253868103,,,,,,,,,,,,,,,,
220,0.0008425142150372267,-0.1975855529308319,0.0004173683119006455,0.000424451834987849,6.940639991626085e-07,0.0,0.0,0.0,2.192821557400748e-05,0.0,0.0,0.7254456877708435,0.17076027393341064,,,,,,,,,,,,,,,,
221,0.0008260842296294868,-0.19899414479732513,0.00040276453364640474,0.00042248130193911493,8.383450449400698e-07,0.0,0.0,0.0,0.0001719458232400939,0.0,0.0,0.7305439710617065,0.17089684307575226,,,,,,,,,,,,,,,,
222,0.0008797806804068387,-0.1987438201904297,0.0004495576722547412,0.0004276702820789069,2.5526724130031653e-06,0.0,0.0,0.0,0.00013240554835647345,0.0,0.0,0.7335487604141235,0.17101696133613586,,,,,,,,,,,,,,,,
223,0.0007965817931108177,-0.19965621829032898,0.0004009807016700506,0.00039474587538279593,8.55247435538331e-07,0.0,0.0,0.0,8.040534885367379e-05,0.0,0.0,0.7375407218933105,0.17120923101902008,,,,,,,,,,,,,,,,
224,0.0007891083369031549,-0.1971646547317505,0.0003879502764903009,0.0004005612572655082,5.967948482066276e-07,0.0,0.0,0.0,3.185664172633551e-05,0.0,0.0,0.742435872554779,0.17123940587043762,,,,,,,,,,,,,,,,
225,0.000827610376290977,-0.19789765775203705,0.0004043688240926713,0.0004214879299979657,1.7536229961478966e-06,0.0,0.0,0.0,0.00018806550360750407,0.0,0.0,0.7401876449584961,0.17117196321487427,,,,,,,,,,,,,,,,
226,0.0008214801782742143,-0.2019912153482437,0.00040793055086396635,0.00041307287756353617,4.767373411596054e-07,0.0,0.0,0.0,0.0001465809327783063,0.0,0.0,0.7354776263237,0.17105402052402496,,,,,,,,,,,,,,,,
227,0.0008334662998095155,-0.2021901160478592,0.00041746473289094865,0.00041382008930668235,2.181495119657484e-06,0.0,0.0,0.0,0.00019816587155219167,0.0,0.0,0.737413763999939,0.17112649977207184,,,,,,,,,,,,,,,,
228,0.0008486599544994533,-0.20139233767986298,0.00043049282976426184,0.0004173185443505645,8.486368869853322e-07,0.0,0.0,0.0,0.000186911755008623,0.0,0.0,0.7425569891929626,0.17132118344306946,,,,,,,,,,,,,,,,
229,0.0008010740857571363,-0.2021421492099762,0.00039704778464511037,0.00040287338197231293,1.1529181165315094e-06,0.0,0.0,0.0,0.0001677823020145297,0.0,0.0,0.7377989888191223,0.1711927354335785,,,,,,,,,,,,,,,,
230,0.0007732967496849597,-0.20078235864639282,0.0003830596397165209,0.00038991434848867357,3.227440288355865e-07,0.0,0.0,0.0,0.00016339913418050855,0.0,0.0,0.7293747067451477,0.1709132194519043,,,,,,,,,,,,,,,,
231,0.0008124470477923751,-0.20192600786685944,0.0004020809137728065,0.0004093946481589228,9.714954103401396e-07,0.0,0.0,0.0,0.00015417356917168945,0.0,0.0,0.7359119653701782,0.17100121080875397,,,,,,,,,,,,,,,,
232,0.0008111381903290749,-0.20507965981960297,0.0003974229912273586,0.00041301644523628056,6.987423830651096e-07,0.0,0.0,0.0,0.0001434871373930946,0.0,0.0,0.7437570095062256,0.17128853499889374,,,,,,,,,,,,,,,,
233,0.0008377042831853032,-0.20542261004447937,0.00040810927748680115,0.0004290901415515691,5.049059268458223e-07,0.0,0.0,0.0,0.00011512777564348653,0.0,0.0,0.7325164079666138,0.17097951471805573,,,,,,,,,,,,,,,,
234,0.0007888921536505222,-0.2069101631641388,0.00039153030957095325,0.0003968629753217101,4.988306159248168e-07,0.0,0.0,0.0,7.540827937191352e-05,0.0,0.0,0.7278300523757935,0.17089581489562988,,,,,,,,,,,,,,,,
235,0.0008047925075516105,-0.2082890123128891,0.0004054609453305602,0.000398129690438509,1.2018936104141176e-06,0.0,0.0,0.0,0.00011237392027396709,0.0,0.0,0.7318416833877563,0.17090320587158203,,,,,,,,,,,,,,,,
236,0.0007932882872410119,-0.20887912809848785,0.0003984116483479738,0.00039416749496012926,7.09148991973052e-07,0.0,0.0,0.0,0.0001349318481516093,0.0,0.0,0.7224572896957397,0.17066527903079987,,,,,,,,,,,,,,,,
237,0.0007556417258456349,-0.20803701877593994,0.0003714773338288069,0.0003823894658125937,1.7748997152011725e-06,0.0,0.0,0.0,0.00019705024897120893,0.0,0.0,0.7212759256362915,0.17079484462738037,,,,,,,,,,,,,,,,
238,0.0007648964528925717,-0.20714645087718964,0.0003818571858573705,0.00038262814632616937,4.111082034796709e-07,0.0,0.0,0.0,9.292511822422966e-05,0.0,0.0,0.7182355523109436,0.17060786485671997,,,,,,,,,,,,,,,,
239,0.0007954569300636649,-0.20776201784610748,0.0004050197603646666,0.000388703920179978,1.7332594097752008e-06,0.0,0.0,0.0,7.100593211362138e-05,0.0,0.0,0.7203928232192993,0.1706416755914688,,,,,,,,,,,,,,,,
240,0.0007939140778034925,-0.2095801830291748,0.0003898822469636798,0.00040338526014238596,6.465448905146332e-07,0.0,0.0,0.0,7.84061849117279e-05,0.0,0.0,0.7161041498184204,0.17065155506134033,,,,,,,,,,,,,,,,
241,0.0007521110819652677,-0.2111508548259735,0.0003725266724359244,0.0003787730529438704,8.113768785733555e-07,0.0,0.0,0.0,1.899243898151326e-06,0.0,0.0,0.7265551686286926,0.17085348069667816,,,,,,,,,,,,,,,,
242,0.0008254264830611646,-0.2116025984287262,0.0004215007065795362,0.0004029503033962101,9.754768370839884e-07,0.0,0.0,0.0,0.0001486011897213757,0.0,0.0,0.7273438572883606,0.17083747684955597,,,,,,,,,,,,,,,,
243,0.0008698110468685627,-0.21017485857009888,0.0004294048994779587,0.0004388470551930368,1.5591044757456984e-06,0.0,0.0,0.0,0.00016868108650669456,0.0,0.0,0.7321270108222961,0.1709195375442505,,,,,,,,,,,,,,,,
244,0.000757167930714786,-0.21163150668144226,0.0003662451053969562,0.0003898218274116516,1.1009776699211216e-06,0.0,0.0,0.0,0.0001358906738460064,0.0,0.0,0.7317389845848083,0.17094723880290985,,,,,,,,,,,,,,,,
245,0.0007903015939518809,-0.2102944254875183,0.000396608782466501,0.0003933676634915173,3.2513219139218563e-07,0.0,0.0,0.0,5.762467117165215e-05,0.0,0.0,0.7328755855560303,0.171019047498703,,,,,,,,,,,,,,,,
246,0.000808095617685467,-0.2125595062971115,0.00039899800322018564,0.0004085891996510327,5.08425443968008e-07,0.0,0.0,0.0,9.099620365304872e-05,0.0,0.0,0.7308584451675415,0.17094892263412476,,,,,,,,,,,,,,,,
247,0.0007459563203155994,-0.21482503414154053,0.00038337777368724346,0.0003609399718698114,1.638570324757893e-06,0.0,0.0,0.0,9.330689499620348e-05,0.0,0.0,0.7351503372192383,0.17111073434352875,,,,,,,,,,,,,,,,
248,0.0007305947947315872,-0.21426907181739807,0.0003758710518013686,0.0003544478677213192,2.758300752248033e-07,0.0,0.0,0.0,0.00014426255074795336,0.0,0.0,0.7338446974754333,0.17111340165138245,,,,,,,,,,,,,,,,
249,0.0007269641500897706,-0.2152966856956482,0.000357409764546901,0.00036915860255248845,3.957725880354701e-07,0.0,0.0,0.0,1.5303243344533257e-05,0.0,0.0,0.7286789417266846,0.17093051970005035,,,,,,,,,,,,,,,,
250,0.0007435771403834224,-0.2146426886320114,0.0003646687837317586,0.000377497635781765,1.4106948356129578e-06,0.0,0.0,0.0,0.00011829277354991063,0.0,0.0,0.7272384762763977,0.1709681898355484,,,,,,,,,,,,,,,,
251,0.0007183921989053488,-0.21463769674301147,0.00036279065534472466,0.0003553515998646617,2.499440086012328e-07,0.0,0.0,0.0,9.81473785941489e-05,0.0,0.0,0.7314028143882751,0.17083394527435303,,,,,,,,,,,,,,,,
252,0.0007757690036669374,-0.21755965054035187,0.00038182642310857773,0.00039362211828120053,3.2049922538135434e-07,0.0,0.0,0.0,9.747829608386382e-05,0.0,0.0,0.7170805335044861,0.17052003741264343,,,,,,,,,,,,,,,,
253,0.0007789729861542583,-0.21857503056526184,0.00038456293987110257,0.00039347034180536866,9.396988502885506e-07,0.0,0.0,0.0,0.00017645786283537745,0.0,0.0,0.7197761535644531,0.17059263586997986,,,,,,,,,,,,,,,,
254,0.0007862710044719279,-0.22101923823356628,0.00039460964035242796,0.0003903372271452099,1.3241921124063083e-06,0.0,0.0,0.0,7.221661508083344e-05,0.0,0.0,0.7197291254997253,0.17066866159439087,,,,,,,,,,,,,,,,
255,0.0007977841305546463,-0.2189953774213791,0.00040203906246460974,0.0003951841208618134,5.609711593024258e-07,0.0,0.0,0.0,4.823055860470049e-06,0.0,0.0,0.7227526307106018,0.17073123157024384,,,,,,,,,,,,,,,,
256,0.0007710857316851616,-0.2170918732881546,0.0003855884133372456,0.0003847590123768896,7.383117122117255e-07,0.0,0.0,0.0,0.00010550712613621727,0.0,0.0,0.7196592092514038,0.17061667144298553,,,,,,,,,,,,,,,,
257,0.0007350752130150795,-0.21777886152267456,0.00037148213596083224,0.00036288349656388164,7.095682690305694e-07,0.0,0.0,0.0,4.205884033581242e-05,0.0,0.0,0.7204257249832153,0.1705595701932907,,,,,,,,,,,,,,,,
258,0.0007737512933090329,-0.21842744946479797,0.0003854258975479752,0.00038793013663962483,3.952461042899813e-07,0.0,0.0,0.0,7.707635086262599e-05,0.0,0.0,0.7148484587669373,0.17036665976047516,,,,,,,,,,,,,,,,
259,0.0007454903679899871,-0.22088806331157684,0.00035859784111380577,0.0003866400511469692,2.5242681545023515e-07,0.0,0.0,0.0,0.0001316377311013639,0.0,0.0,0.7106174826622009,0.17040367424488068,,,,,,,,,,,,,,,,
260,0.000794825202319771,-0.223463237285614,0.0003991203266195953,0.00039506814209744334,6.367621381286881e-07,0.0,0.0,0.0,7.013472350081429e-05,0.0,0.0,0.7166754603385925,0.1705193668603897,,,,,,,,,,,,,,,,
261,0.0007263771258294582,-0.22257991135120392,0.00036557676503434777,0.000359914090950042,8.862473350745859e-07,0.0,0.0,0.0,7.005891529843211e-05,0.0,0.0,0.7125630974769592,0.1703345626592636,,,,,,,,,,,,,,,,
262,0.0007413268904201686,-0.22217108309268951,0.0003733289195224643,0.00036756033659912646,4.3767670376837486e-07,0.0,0.0,0.0,0.00013375328853726387,0.0,0.0,0.7120504379272461,0.170288547873497,,,,,,,,,,,,,,,,
263,0.0007752827950753272,-0.22302374243736267,0.0003824773011729121,0.0003925817145500332,2.2381172470886668e-07,0.0,0.0,0.0,0.00012156322918599471,0.0,0.0,0.7161169648170471,0.17041310667991638,,,,,,,,,,,,,,,,
264,0.0007701330468989909,-0.2250523418188095,0.00039337569614872336,0.00037650534068234265,2.519582551485655e-07,0.0,0.0,0.0,0.00012780383985955268,0.0,0.0,0.7106517553329468,0.17022696137428284,,,,,,,,,,,,,,,,
265,0.0007405419601127505,-0.2266244888305664,0.0003825488092843443,0.0003577165771275759,2.7657964096761134e-07,0.0,0.0,0.0,7.09119121893309e-05,0.0,0.0,0.7149757742881775,0.1704040765762329,,,,,,,,,,,,,,,,
266,0.0007574184564873576,-0.22690406441688538,0.00038629534537903965,0.0003708244767040014,2.9862553674320225e-07,0.0,0.0,0.0,5.6931043218355626e-05,0.0,0.0,0.7178359031677246,0.17041897773742676,,,,,,,,,,,,,,,,
267,0.0007448789547197521,-0.22749526798725128,0.00036276818718761206,0.00038193396176211536,1.7679981567653158e-07,0.0,0.0,0.0,0.00014154802192933857,0.0,0.0,0.7158598303794861,0.17045147716999054,,,,,,,,,,,,,,,,
268,0.0007378756999969482,-0.22423948347568512,0.00036629431997425854,0.0003703326510731131,1.2487124649851467e-06,0.0,0.0,0.0,0.0001169734459836036,0.0,0.0,0.7206128239631653,0.17054888606071472,,,,,,,,,,,,,,,,
269,0.0007815523422323167,-0.22577503323554993,0.0003856983094010502,0.00039540434954687953,4.496488088534534e-07,0.0,0.0,0.0,0.00011872677714563906,0.0,0.0,0.7202132940292358,0.17047394812107086,,,,,,,,,,,,,,,,
270,0.0007198292878456414,-0.22536268830299377,0.00036274257581681013,0.0003565647639334202,5.219410468271235e-07,0.0,0.0,0.0,0.00012337288353592157,0.0,0.0,0.7180521488189697,0.17040853202342987,,,,,,,,,,,,,,,,
271,0.0007380052702501416,-0.22910438477993011,0.000368202046956867,0.0003695375635288656,2.656458093497349e-07,0.0,0.0,0.0,5.337134643923491e-05,0.0,0.0,0.7133540511131287,0.17025262117385864,,,,,,,,,,,,,,,,
272,0.0007247372413985431,-0.23055602610111237,0.000364337902283296,0.00035767670487985015,2.7226867587160086e-06,0.0,0.0,0.0,0.00010796107380883768,0.0,0.0,0.721691370010376,0.17041562497615814,,,,,,,,,,,,,,,,
273,0.0007508982089348137,-0.23083852231502533,0.00037201258237473667,0.00037795514799654484,9.304234822593571e-07,0.0,0.0,0.0,0.00011697968875523657,0.0,0.0,0.709356427192688,0.17019306123256683,,,,,,,,,,,,,,,,
274,0.0007247909670695662,-0.23068678379058838,0.0003601432836148888,0.0003638759662862867,7.717254675299046e-07,0.0,0.0,0.0,3.429163189139217e-05,0.0,0.0,0.7132507562637329,0.17017047107219696,,,,,,,,,,,,,,,,
275,0.0007399528403766453,-0.2297426164150238,0.00036709188134409487,0.00037272661575116217,1.3435229107017221e-07,0.0,0.0,0.0,6.385428423527628e-05,0.0,0.0,0.7102916836738586,0.17012165486812592,,,,,,,,,,,,,,,,
276,0.0007481498760171235,-0.23043374717235565,0.00037455468554981053,0.00037326867459341884,3.264619010678871e-07,0.0,0.0,0.0,9.950777894118801e-05,0.0,0.0,0.7049652338027954,0.16996066272258759,,,,,,,,,,,,,,,,
277,0.0006815058295615017,-0.23286062479019165,0.00034599879290908575,0.0003347750462125987,7.319450787690585e-07,0.0,0.0,0.0,6.301898247329518e-05,0.0,0.0,0.7065397500991821,0.1700771450996399,,,,,,,,,,,,,,,,
278,0.0006914128898642957,-0.23387938737869263,0.0003342528361827135,0.0003569033578969538,2.56694050904116e-07,0.0,0.0,0.0,6.0987964388914406e-05,0.0,0.0,0.7015805244445801,0.16988076269626617,,,,,,,,,,,,,,,,
279,0.000693973561283201,-0.23212507367134094,0.0003366010496392846,0.0003563607460819185,1.01173964139889e-06,0.0,0.0,0.0,7.384220225503668e-05,0.0,0.0,0.7139737010002136,0.1700861006975174,,,,,,,,,,,,,,,,
280,0.0006669992581009865,-0.23223350942134857,0.0003286173741798848,0.0003382605209480971,1.213822002910092e-07,0.0,0.0,0.0,0.00010036310413852334,0.0,0.0,0.7005456686019897,0.16981641948223114,,,,,,,,,,,,,,,,
281,0.0006961460458114743,-0.2339596003293991,0.0003431295626796782,0.00035217381082475185,8.426988529208757e-07,0.0,0.0,0.0,1.960621193575207e-05,0.0,0.0,0.7096233367919922,0.17003197968006134,,,,,,,,,,,,,,,,
282,0.0007020288030616939,-0.23501165211200714,0.00034886988578364253,0.0003527853696141392,3.7353669313233695e-07,0.0,0.0,0.0,3.839848068309948e-05,0.0,0.0,0.7093668580055237,0.17003826797008514,,,,,,,,,,,,,,,,
283,0.0006393244839273393,-0.23634026944637299,0.0003204829408787191,0.00031841007876209915,4.3147690576006426e-07,0.0,0.0,0.0,8.222712494898587e-05,0.0,0.0,0.712430477142334,0.17012441158294678,,,,,,,,,,,,,,,,
284,0.0007565304404124618,-0.2352675348520279,0.0003818290715571493,0.0003745593421626836,1.4200000464370532e-07,0.0,0.0,0.0,0.00010634707723511383,0.0,0.0,0.7059484720230103,0.17005883157253265,,,,,,,,,,,,,,,,
285,0.0007052927976474166,-0.23620323836803436,0.00036630313843488693,0.00033884518779814243,1.4447871876654972e-07,0.0,0.0,0.0,0.00014154076052363962,0.0,0.0,0.7129015922546387,0.1702302247285843,,,,,,,,,,,,,,,,
286,0.000700739270541817,-0.23691989481449127,0.0003511016257107258,0.00034950929693877697,1.283556230191607e-07,0.0,0.0,0.0,0.00012261416122782975,0.0,0.0,0.7113949656486511,0.17023886740207672,,,,,,,,,,,,,,,,
287,0.0006927623762749135,-0.23650382459163666,0.00035263504832983017,0.0003398297121748328,2.9761781661363784e-07,0.0,0.0,0.0,3.0662413337267935e-05,0.0,0.0,0.7116668224334717,0.17008037865161896,,,,,,,,,,,,,,,,
288,0.0007195647922344506,-0.23689252138137817,0.000355065829353407,0.0003641184594016522,3.805185144756251e-07,0.0,0.0,0.0,5.4810443543829024e-05,0.0,0.0,0.7095304727554321,0.1699017733335495,,,,,,,,,,,,,,,,
289,0.0007191490149125457,-0.23987241089344025,0.00036364729749038815,0.00035513428156264126,3.673785329283419e-07,0.0,0.0,0.0,6.914580808370374e-06,0.0,0.0,0.7070199847221375,0.16983681917190552,,,,,,,,,,,,,,,,
290,0.0007359939627349377,-0.24042342603206635,0.00036837905645370483,0.0003668754652608186,7.394870635835105e-07,0.0,0.0,0.0,3.2751529943197966e-05,0.0,0.0,0.7078559994697571,0.169976145029068,,,,,,,,,,,,,,,,
291,0.0006933502154424787,-0.2390030473470688,0.00032795919105410576,0.0003650913422461599,2.996782768605044e-07,0.0,0.0,0.0,7.40494579076767e-05,0.0,0.0,0.7117608189582825,0.16998149454593658,,,,,,,,,,,,,,,,
292,0.0006819870322942734,-0.23896412551403046,0.00033784887637011707,0.00034396539558656514,1.727413945218359e-07,0.0,0.0,0.0,3.575008304324001e-05,0.0,0.0,0.703093409538269,0.16983921825885773,,,,,,,,,,,,,,,,
293,0.0006655886536464095,-0.24011965095996857,0.00033136020647361875,0.0003340408147778362,1.8768000131785811e-07,0.0,0.0,0.0,2.6372727006673813e-05,0.0,0.0,0.702068567276001,0.16977469623088837,,,,,,,,,,,,,,,,
294,0.0007819262682460248,-0.24410101771354675,0.00039050422492437065,0.0003904606564901769,9.61437649493746e-07,0.0,0.0,0.0,3.5575936863097013e-07,0.0,0.0,0.7003512978553772,0.1697319746017456,,,,,,,,,,,,,,,,
295,0.0007203124696388841,-0.24340780079364777,0.00035770286922343075,0.00036239338805899024,2.1615873890823423e-07,0.0,0.0,0.0,8.554589294362813e-05,0.0,0.0,0.7055020332336426,0.169747456908226,,,,,,,,,,,,,,,,
296,0.0006754804053343832,-0.24229276180267334,0.00034448946826159954,0.0003308710001874715,1.1998196214335621e-07,0.0,0.0,0.0,8.177558629540727e-05,0.0,0.0,0.6985582113265991,0.16965308785438538,,,,,,,,,,,,,,,,
297,0.0007083806558512151,-0.24091187119483948,0.00035449431743472815,0.00035353927523829043,3.4708742191469355e-07,0.0,0.0,0.0,6.900772132212296e-05,0.0,0.0,0.6969490647315979,0.1696363240480423,,,,,,,,,,,,,,,,
298,0.0006697323988191783,-0.2427186369895935,0.0003243809915147722,0.0003452077799011022,1.4362657907440735e-07,0.0,0.0,0.0,6.381195998983458e-05,0.0,0.0,0.7025918364524841,0.16966430842876434,,,,,,,,,,,,,,,,
299,0.0006828198092989624,-0.24463270604610443,0.00034405296901240945,0.000338329205987975,4.3764600832219003e-07,0.0,0.0,0.0,5.2590094128390774e-05,0.0,0.0,0.6967689990997314,0.16956420242786407,,,,,,,,,,,,,,,,
300,0.000625144166406244,-0.24640946090221405,0.0003137212770525366,0.0003112276899628341,1.9517939620072866e-07,0.0,0.0,0.0,8.39239073684439e-05,0.0,0.0,0.6932841539382935,0.16953562200069427,,,,,,,,,,,,,,,,
301,0.0007047283579595387,-0.2465202957391739,0.0003480337036307901,0.00035661651054397225,7.816031910579113e-08,0.0,0.0,0.0,3.495379496598616e-05,0.0,0.0,0.6975839734077454,0.16949540376663208,,,,,,,,,,,,,,,,
302,0.000681028759572655,-0.24722228944301605,0.0003386257158126682,0.0003421295841690153,2.7343995157025347e-07,0.0,0.0,0.0,8.724380313651636e-05,0.0,0.0,0.6908754706382751,0.16933287680149078,,,,,,,,,,,,,,,,
303,0.000639044854324311,-0.24659870564937592,0.0003255850460845977,0.00031239865347743034,1.0612000096443808e-06,0.0,0.0,0.0,5.2269948355387896e-05,0.0,0.0,0.6945874094963074,0.1695173680782318,,,,,,,,,,,,,,,,
304,0.0006325432914309204,-0.24827921390533447,0.000325559958582744,0.00030643868376500905,5.446206614578841e-07,0.0,0.0,0.0,3.363792711752467e-05,0.0,0.0,0.6988803744316101,0.16970829665660858,,,,,,,,,,,,,,,,
305,0.0006411280483007431,-0.24913650751113892,0.00031657348154112697,0.0003239374200347811,6.171437121338386e-07,0.0,0.0,0.0,5.622105527436361e-05,0.0,0.0,0.708990216255188,0.16993755102157593,,,,,,,,,,,,,,,,
306,0.0006662844680249691,-0.2503102719783783,0.0003291226748842746,0.0003370711056049913,9.071177942132636e-08,0.0,0.0,0.0,1.268798041564878e-05,0.0,0.0,0.7054754495620728,0.1697465032339096,,,,,,,,,,,,,,,,
307,0.0006932472460903227,-0.2493005394935608,0.0003516464203130454,0.00034063198836520314,9.688569662102964e-07,0.0,0.0,0.0,1.183384119940456e-05,0.0,0.0,0.7055129408836365,0.16965286433696747,,,,,,,,,,,,,,,,
308,0.0007027909159660339,-0.2501409947872162,0.0003484556218609214,0.00035428788396529853,4.737385950193129e-08,0.0,0.0,0.0,7.503302185796201e-05,0.0,0.0,0.7112569808959961,0.1698647290468216,,,,,,,,,,,,,,,,
309,0.000686467217747122,-0.2489999532699585,0.0003483027103357017,0.0003377973334863782,3.6716434692607436e-07,0.0,0.0,0.0,4.860324042965658e-05,0.0,0.0,0.7142336964607239,0.16988900303840637,,,,,,,,,,,,,,,,
310,0.0006675915792584419,-0.25051891803741455,0.000328170252032578,0.0003393827355466783,3.8608220620517386e-08,0.0,0.0,0.0,6.345444126054645e-05,0.0,0.0,0.7061697244644165,0.16968359053134918,,,,,,,,,,,,,,,,
311,0.0007080853101797402,-0.25094711780548096,0.00035120980464853346,0.0003568194224499166,5.606764830190514e-08,0.0,0.0,0.0,7.095040200510994e-05,0.0,0.0,0.7040732502937317,0.1695336252450943,,,,,,,,,,,,,,,,
312,0.0006383515428751707,-0.2539461851119995,0.00032053038012236357,0.00031763376318849623,1.8745635088635026e-07,0.0,0.0,0.0,5.715984298149124e-05,0.0,0.0,0.6955847144126892,0.1692461520433426,,,,,,,,,,,,,,,,
313,0.0006866429466754198,-0.25434568524360657,0.00034924104693345726,0.0003367487224750221,6.532351335408748e-07,0.0,0.0,0.0,2.120391945936717e-05,0.0,0.0,0.6887624263763428,0.16908030211925507,,,,,,,,,,,,,,,,
314,0.0006635734462179244,-0.2532082796096802,0.00033090554643422365,0.00033216015435755253,5.077347395854304e-07,0.0,0.0,0.0,3.8967434079495433e-07,0.0,0.0,0.6909693479537964,0.16910560429096222,,,,,,,,,,,,,,,,
315,0.000698345247656107,-0.25228461623191833,0.00035064591793343425,0.0003468625945970416,8.367075565729465e-07,0.0,0.0,0.0,4.879236439592205e-05,0.0,0.0,0.6921011209487915,0.16923362016677856,,,,,,,,,,,,,,,,
316,0.0006414740346372128,-0.2535603940486908,0.00032274459954351187,0.00031842500902712345,3.044532093099406e-07,0.0,0.0,0.0,8.542280556866899e-05,0.0,0.0,0.6957239508628845,0.16913335025310516,,,,,,,,,,,,,,,,
317,0.000623769941739738,-0.2522483468055725,0.00031474014394916594,0.0003084544150624424,5.754051812800753e-07,0.0,0.0,0.0,3.633905726019293e-05,0.0,0.0,0.6919219493865967,0.16901710629463196,,,,,,,,,,,,,,,,
318,0.0006388647598214447,-0.25620001554489136,0.0003185852547176182,0.0003201684739906341,1.1098748586846341e-07,0.0,0.0,0.0,8.451937901554629e-05,0.0,0.0,0.6922431588172913,0.16895100474357605,,,,,,,,,,,,,,,,
319,0.0006464932230301201,-0.2556636929512024,0.00031764101004227996,0.000328408379573375,4.438602729806007e-07,0.0,0.0,0.0,8.689009700901806e-05,0.0,0.0,0.6971291899681091,0.16900141537189484,,,,,,,,,,,,,,,,
320,0.0006512883119285107,-0.25846415758132935,0.00032265466870740056,0.00032818070030771196,4.5297613837647077e-07,0.0,0.0,0.0,2.857830622815527e-05,0.0,0.0,0.6952100396156311,0.16894660890102386,,,,,,,,,,,,,,,,
321,0.0006511136889457703,-0.25944989919662476,0.00032630006899125874,0.0003246513078920543,1.6229380150889483e-07,0.0,0.0,0.0,9.290432353736833e-05,0.0,0.0,0.6959167718887329,0.16903068125247955,,,,,,,,,,,,,,,,
322,0.0006872996455058455,-0.25792109966278076,0.0003460808948148042,0.000341163162374869,5.560195504017429e-08,0.0,0.0,0.0,5.2279843657743186e-05,0.0,0.0,0.6961783766746521,0.16883666813373566,,,,,,,,,,,,,,,,
323,0.0006869023782201111,-0.2577343285083771,0.0003386409080121666,0.0003476798883639276,5.815546728626941e-07,0.0,0.0,0.0,3.4529537515481934e-05,0.0,0.0,0.7003624439239502,0.1690089851617813,,,,,,,,,,,,,,,,
324,0.0006274438346736133,-0.2585959732532501,0.00031424398184753954,0.00031314438092522323,5.547212822420988e-08,0.0,0.0,0.0,8.074699144344777e-05,0.0,0.0,0.7024391293525696,0.1691923439502716,,,,,,,,,,,,,,,,
325,0.0006765537546016276,-0.2593223750591278,0.00033973308745771646,0.0003367795725353062,4.109451978706602e-08,0.0,0.0,0.0,5.4600579460384324e-05,0.0,0.0,0.7093449831008911,0.16926434636116028,,,,,,,,,,,,,,,,
326,0.0006407455075532198,-0.25928589701652527,0.0003200150968041271,0.00032064697006717324,8.348387581236238e-08,0.0,0.0,0.0,9.109978418564424e-05,0.0,0.0,0.6974121332168579,0.16905847191810608,,,,,,,,,,,,,,,,
327,0.0006287600845098495,-0.2601430416107178,0.00031705567380413413,0.0003115236177109182,1.8081271946357447e-07,0.0,0.0,0.0,0.00012377463281154633,0.0,0.0,0.703129231929779,0.16916529834270477,,,,,,,,,,,,,,,,
328,0.0006602267385460436,-0.26212742924690247,0.0003216630138922483,0.0003374265506863594,1.1372011385901715e-06,0.0,0.0,0.0,0.0001239045086549595,0.0,0.0,0.6997514367103577,0.16920524835586548,,,,,,,,,,,,,,,,
329,0.0006039474392309785,-0.2617616057395935,0.00030419902759604156,0.00029965859721414745,8.981716348444024e-08,0.0,0.0,0.0,8.198055002139881e-05,0.0,0.0,0.700156569480896,0.16904105246067047,,,,,,,,,,,,,,,,
330,0.0006426290492527187,-0.26199424266815186,0.00031471310649067163,0.00032788445241749287,3.146691796018786e-08,0.0,0.0,0.0,0.00011298764729872346,0.0,0.0,0.6993590593338013,0.16887111961841583,,,,,,,,,,,,,,,,
331,0.0006028874195180833,-0.26274481415748596,0.00030231100390665233,0.0003004178579431027,1.5857770563343365e-07,0.0,0.0,0.0,7.791542157065123e-05,0.0,0.0,0.6916770935058594,0.1687479466199875,,,,,,,,,,,,,,,,
332,0.0006311158067546785,-0.2637212574481964,0.00031023164046928287,0.00032073966576717794,1.4455159202952927e-07,0.0,0.0,0.0,0.0001030378116411157,0.0,0.0,0.6870938539505005,0.1685968041419983,,,,,,,,,,,,,,,,
333,0.0005785503308288753,-0.26405513286590576,0.00028750411001965404,0.0002902653068304062,7.809214821463684e-07,0.0,0.0,0.0,0.00011546620953595266,0.0,0.0,0.6816059350967407,0.168317049741745,,,,,,,,,,,,,,,,
334,0.0006015987019054592,-0.2657122313976288,0.00030078415875323117,0.00030042012804187834,3.9442531374334067e-07,0.0,0.0,0.0,5.5413263908121735e-05,0.0,0.0,0.6797941327095032,0.16842269897460938,,,,,,,,,,,,,,,,
335,0.0006357933743856847,-0.26590728759765625,0.0003197306068614125,0.00031596614280715585,9.661621191980885e-08,0.0,0.0,0.0,8.526985038770363e-05,0.0,0.0,0.6866722106933594,0.16845983266830444,,,,,,,,,,,,,,,,
336,0.000634745869319886,-0.2663414776325226,0.0003101647016592324,0.00032436897163279355,2.1214508194589143e-07,0.0,0.0,0.0,5.787597183370963e-05,0.0,0.0,0.6873295903205872,0.1685699075460434,,,,,,,,,,,,,,,,
337,0.000669765577185899,-0.26687487959861755,0.0003308650339022279,0.00033829081803560257,6.09706887644279e-07,0.0,0.0,0.0,5.793851596536115e-05,0.0,0.0,0.6814346313476562,0.16856324672698975,,,,,,,,,,,,,,,,
338,0.0006438907003030181,-0.26523351669311523,0.0003186731191817671,0.0003249113215133548,3.06285045326149e-07,0.0,0.0,0.0,4.186042133369483e-05,0.0,0.0,0.6842244267463684,0.16835033893585205,,,,,,,,,,,,,,,,
339,0.0006127974484115839,-0.2659379243850708,0.0003080274036619812,0.0003038350259885192,9.350538903163397e-07,0.0,0.0,0.0,0.00010901653149630874,0.0,0.0,0.687419056892395,0.16851085424423218,,,,,,,,,,,,,,,,
340,0.0005948775797151029,-0.26617729663848877,0.00029776350129395723,0.0002959959383588284,1.1180892443007906e-06,0.0,0.0,0.0,8.083167813310865e-06,0.0,0.0,0.6821418404579163,0.1685297042131424,,,,,,,,,,,,,,,,
341,0.0006208291160874069,-0.26958557963371277,0.0003122687339782715,0.0003084505442529917,1.0982102338630284e-07,0.0,0.0,0.0,4.99767302244436e-05,0.0,0.0,0.6881447434425354,0.1684642732143402,,,,,,,,,,,,,,,,
342,0.0006150737754069269,-0.27103522419929504,0.00030775993946008384,0.0003071760875172913,1.3776232776763209e-07,0.0,0.0,0.0,0.00010466962703503668,0.0,0.0,0.6902286410331726,0.16849185526371002,,,,,,,,,,,,,,,,
343,0.0006724915001541376,-0.26990458369255066,0.00033786759013310075,0.00033459000405855477,3.3882034955468043e-08,0.0,0.0,0.0,5.4631462262477726e-05,0.0,0.0,0.6927415728569031,0.1684994101524353,,,,,,,,,,,,,,,,
344,0.0006004073657095432,-0.26865166425704956,0.0002986185427289456,0.00030158451409079134,2.0433205349945638e-07,0.0,0.0,0.0,5.106193202664144e-05,0.0,0.0,0.6916029453277588,0.1685928851366043,,,,,,,,,,,,,,,,
345,0.0006712346221320331,-0.2700311839580536,0.00034000075538642704,0.0003304204437881708,8.134315407914983e-07,0.0,0.0,0.0,5.839376058247581e-07,0.0,0.0,0.6909865140914917,0.1684180051088333,,,,,,,,,,,,,,,,
346,0.0005901039694435894,-0.27198636531829834,0.00029293165425769985,0.000296364160021767,8.081340183707653e-07,0.0,0.0,0.0,6.962893530726433e-05,0.0,0.0,0.6868090033531189,0.1682443767786026,,,,,,,,,,,,,,,,
347,0.0006071733660064638,-0.2735591232776642,0.00029613907099701464,0.0003109930839855224,4.122730601352487e-08,0.0,0.0,0.0,6.012097401253413e-06,0.0,0.0,0.6898333430290222,0.1684144139289856,,,,,,,,,,,,,,,,
348,0.0006174680311232805,-0.2735757529735565,0.0003092599508818239,0.0003080650349147618,1.4310271012618614e-07,0.0,0.0,0.0,6.55667026876472e-05,0.0,0.0,0.6909863352775574,0.16835831105709076,,,,,,,,,,,,,,,,
349,0.000598252285271883,-0.27096128463745117,0.00029547588201239705,0.0003020016010850668,7.747966606075352e-07,0.0,0.0,0.0,9.853953088168055e-05,0.0,0.0,0.6922658681869507,0.16824081540107727,,,,,,,,,,,,,,,,
350,0.0006144759245216846,-0.27127742767333984,0.00030906652682460845,0.00030539141152985394,1.7959425946401097e-08,0.0,0.0,0.0,8.18276239442639e-05,0.0,0.0,0.6950591802597046,0.16862758994102478,,,,,,,,,,,,,,,,
351,0.0005875324713997543,-0.27246180176734924,0.0002916906087193638,0.0002952971844933927,5.446297564049019e-07,0.0,0.0,0.0,3.422226882321411e-06,0.0,0.0,0.6893331408500671,0.1683003306388855,,,,,,,,,,,,,,,,
352,0.0005958836991339922,-0.27673590183258057,0.0003006966726388782,0.000295005738735199,1.8128231715763832e-07,0.0,0.0,0.0,3.969806130044162e-05,0.0,0.0,0.6814346313476562,0.16805922985076904,,,,,,,,,,,,,,,,
353,0.0006421092548407614,-0.27697622776031494,0.00032112040207721293,0.00032092456240206957,6.429432630739029e-08,0.0,0.0,0.0,2.9048864234937355e-05,0.0,0.0,0.6791296005249023,0.16766498982906342,,,,,,,,,,,,,,,,
354,0.0005730263073928654,-0.2767474055290222,0.00028630104498006403,0.00028625380946323276,4.714515569048672e-07,0.0,0.0,0.0,4.0760598494671285e-05,0.0,0.0,0.6768625378608704,0.16781821846961975,,,,,,,,,,,,,,,,
355,0.0006189559353515506,-0.2748135030269623,0.0003065265482291579,0.00031217094510793686,2.58452956813926e-07,0.0,0.0,0.0,7.248578185681254e-05,0.0,0.0,0.6784128546714783,0.1676941215991974,,,,,,,,,,,,,,,,
356,0.0006213624146766961,-0.27533823251724243,0.00030601402977481484,0.00031442835461348295,9.200314252666431e-07,0.0,0.0,0.0,7.258407276822254e-05,0.0,0.0,0.6809596419334412,0.16780689358711243,,,,,,,,,,,,,,,,
357,0.0005634867120534182,-0.2773577868938446,0.0002776403271127492,0.0002857592480722815,8.714008004062634e-08,0.0,0.0,0.0,7.77869499870576e-05,0.0,0.0,0.6819626688957214,0.16803814470767975,,,,,,,,,,,,,,,,
358,0.0006040967418812215,-0.27712464332580566,0.0002997580450028181,0.0003042729804292321,6.570405020056569e-08,0.0,0.0,0.0,3.387097240192816e-05,0.0,0.0,0.688478410243988,0.16806620359420776,,,,,,,,,,,,,,,,
359,0.000589585630223155,-0.27816423773765564,0.0003003626479767263,0.00028854442643933,6.786090693822189e-07,0.0,0.0,0.0,6.86808125465177e-05,0.0,0.0,0.6816623210906982,0.16790494322776794,,,,,,,,,,,,,,,,
360,0.0006024509202688932,-0.27856576442718506,0.0002970021159853786,0.00030521120061166584,2.3758560985243093e-07,0.0,0.0,0.0,1.801425923986244e-06,0.0,0.0,0.6813945174217224,0.16784259676933289,,,,,,,,,,,,,,,,
361,0.0006225003162398934,-0.2792383134365082,0.0003069964877795428,0.0003148939285892993,6.099062375142239e-07,0.0,0.0,0.0,0.0,0.0,0.0,0.6743002533912659,0.16731998324394226,,,,,,,,,,,,,,,,
362,0.0005710024852305651,-0.28167811036109924,0.0002829250297509134,0.0002880456449929625,3.175432183866178e-08,0.0,0.0,0.0,5.2074524319323245e-06,0.0,0.0,0.6701026558876038,0.1671840101480484,,,,,,,,,,,,,,,,
363,0.0005725056398659945,-0.2809904217720032,0.0002840171509888023,0.0002878382510971278,6.50251024580939e-07,0.0,0.0,0.0,6.1501566960942e-05,0.0,0.0,0.6786125302314758,0.16746439039707184,,,,,,,,,,,,,,,,
364,0.0006274093757383525,-0.2810792028903961,0.00030590553069487214,0.00032138972892425954,1.1413603573373621e-07,0.0,0.0,0.0,0.00015404348960146308,0.0,0.0,0.6792650818824768,0.16747444868087769,,,,,,,,,,,,,,,,
365,0.0005980929709039629,-0.28204500675201416,0.0002978873089887202,0.0003001772565767169,2.837848711578772e-08,0.0,0.0,0.0,0.00012823089491575956,0.0,0.0,0.6775209903717041,0.16749119758605957,,,,,,,,,,,,,,,,
366,0.0005785929970443249,-0.28226909041404724,0.00028709889738820493,0.0002883448323700577,3.149263420709758e-06,0.0,0.0,0.0,0.00011575880489544943,0.0,0.0,0.6869418621063232,0.16800744831562042,,,,,,,,,,,,,,,,
367,0.0005669072852469981,-0.2831066846847534,0.00028007320361211896,0.00028624164406210184,5.924114248045953e-07,0.0,0.0,0.0,7.004808139754459e-05,0.0,0.0,0.6876170039176941,0.16770268976688385,,,,,,,,,,,,,,,,
368,0.0005662908661179245,-0.28346124291419983,0.0002876447979360819,0.00027861451962962747,3.1548875512044106e-08,0.0,0.0,0.0,3.2825548260007054e-05,0.0,0.0,0.6899099946022034,0.16798806190490723,,,,,,,,,,,,,,,,
369,0.0005591042572632432,-0.28398236632347107,0.0002769810089375824,0.00028201614622958004,1.0709170084055586e-07,0.0,0.0,0.0,5.559185956371948e-05,0.0,0.0,0.6782687306404114,0.1677529364824295,,,,,,,,,,,,,,,,
370,0.0005848344299010932,-0.2840636074542999,0.0002880093816202134,0.00029607326723635197,7.517523954447825e-07,0.0,0.0,0.0,7.772579556331038e-05,0.0,0.0,0.6765516996383667,0.16754744946956635,,,,,,,,,,,,,,,,
371,0.0006010170327499509,-0.2852775454521179,0.0003031926753465086,0.0002977160329464823,1.0829742791429453e-07,0.0,0.0,0.0,7.37408990971744e-05,0.0,0.0,0.6854076385498047,0.16758784651756287,,,,,,,,,,,,,,,,
372,0.000584475405048579,-0.2871316373348236,0.0002932113711722195,0.000291183969238773,8.003888041230312e-08,0.0,0.0,0.0,0.0001253442605957389,0.0,0.0,0.6644402146339417,0.16713131964206696,,,,,,,,,,,,,,,,
373,0.0005725080263800919,-0.28477945923805237,0.00028054285212419927,0.0002919448015745729,2.0391148325415998e-08,0.0,0.0,0.0,2.7145997592015192e-05,0.0,0.0,0.6636189222335815,0.16720102727413177,,,,,,,,,,,,,,,,
374,0.0005732402787543833,-0.2846963405609131,0.00028632814064621925,0.0002868438314180821,6.829436927091592e-08,0.0,0.0,0.0,5.125263487570919e-05,0.0,0.0,0.6669317483901978,0.16735446453094482,,,,,,,,,,,,,,,,
375,0.0005819241632707417,-0.2880323529243469,0.00029411242576316,0.0002877245715353638,8.710784271670491e-08,0.0,0.0,0.0,0.0001410733675584197,0.0,0.0,0.6794515252113342,0.16748864948749542,,,,,,,,,,,,,,,,
376,0.0005957972607575357,-0.28717952966690063,0.00030167598742991686,0.00029336308944039047,7.581596150885161e-07,0.0,0.0,0.0,6.384323933161795e-05,0.0,0.0,0.679824709892273,0.1676013469696045,,,,,,,,,,,,,,,,
377,0.0005877715302631259,-0.2860657572746277,0.00029474825714714825,0.0002925306907854974,4.925460075355659e-07,0.0,0.0,0.0,2.373556162638124e-05,0.0,0.0,0.6820149421691895,0.16763590276241302,,,,,,,,,,,,,,,,
378,0.0005379237700253725,-0.287479966878891,0.0002703123609535396,0.0002668619272299111,7.494564897569944e-07,0.0,0.0,0.0,6.463415775215253e-05,0.0,0.0,0.6830209493637085,0.16780029237270355,,,,,,,,,,,,,,,,
379,0.0006637952174060047,-0.2886510491371155,0.0003269172157160938,0.00033584696939215064,1.0310570814908715e-06,0.0,0.0,0.0,0.00010071584256365895,0.0,0.0,0.6775298714637756,0.16759981215000153,,,,,,,,,,,,,,,,
380,0.0005638199509121478,-0.28939303755760193,0.00027482083532959223,0.00028891611145809293,8.302568943463484e-08,0.0,0.0,0.0,9.811662312131375e-05,0.0,0.0,0.6733452081680298,0.16749995946884155,,,,,,,,,,,,,,,,
381,0.0005571068613789976,-0.29095926880836487,0.0002748692349996418,0.00028210494201630354,1.326268233015071e-07,0.0,0.0,0.0,7.562148675788194e-05,0.0,0.0,0.677613377571106,0.1674557477235794,,,,,,,,,,,,,,,,
382,0.0005611780798062682,-0.29009905457496643,0.0002809717261698097,0.0002796970074996352,5.093053232485545e-07,0.0,0.0,0.0,4.7585599531885237e-05,0.0,0.0,0.6736494898796082,0.16705794632434845,,,,,,,,,,,,,,,,
383,0.0005671395920217037,-0.2904933989048004,0.000281843967968598,0.0002845007984433323,7.948506777211151e-07,0.0,0.0,0.0,5.4851319873705506e-05,0.0,0.0,0.6735591292381287,0.1671927571296692,,,,,,,,,,,,,,,,
384,0.0005954442895017564,-0.29179149866104126,0.00029976997757330537,0.000295518635539338,1.5569307265650423e-07,0.0,0.0,0.0,3.105618816334754e-05,0.0,0.0,0.6868919134140015,0.16754303872585297,,,,,,,,,,,,,,,,
385,0.0005661201430484653,-0.293314665555954,0.0002820085792336613,0.0002840851084329188,2.6416387299832422e-08,0.0,0.0,0.0,0.0001110655430238694,0.0,0.0,0.6741621494293213,0.1672285497188568,,,,,,,,,,,,,,,,
386,0.0005644953344017267,-0.2926255762577057,0.00027856320957653224,0.0002851446042768657,7.875385108491173e-07,0.0,0.0,0.0,7.089343125699088e-05,0.0,0.0,0.6772163510322571,0.1675960123538971,,,,,,,,,,,,,,,,
387,0.0005689472309313715,-0.29289379715919495,0.00028495705919340253,0.00028347759507596493,5.125730808686058e-07,0.0,0.0,0.0,5.488632450578734e-05,0.0,0.0,0.6813390254974365,0.16736102104187012,,,,,,,,,,,,,,,,
388,0.0005843660910613835,-0.2937474846839905,0.00029961264226585627,0.000284394744085148,3.5875001458407496e-07,0.0,0.0,0.0,4.213509600958787e-05,0.0,0.0,0.6684060096740723,0.16685751080513,,,,,,,,,,,,,,,,
389,0.0005553262890316546,-0.2951340973377228,0.00027831358602270484,0.0002768330159597099,1.7966071652608662e-07,0.0,0.0,0.0,9.983498603105545e-05,0.0,0.0,0.6766180992126465,0.16756024956703186,,,,,,,,,,,,,,,,
390,0.0005404307157732546,-0.295329749584198,0.0002731585409492254,0.00026718899607658386,8.319781130694537e-08,0.0,0.0,0.0,2.5683053536340594e-05,0.0,0.0,0.672476053237915,0.16686631739139557,,,,,,,,,,,,,,,,
391,0.0005704339127987623,-0.2952128052711487,0.0002921754203271121,0.0002780453360173851,2.1313833542535576e-07,0.0,0.0,0.0,3.500789534882642e-05,0.0,0.0,0.672839879989624,0.16697345674037933,,,,,,,,,,,,,,,,
392,0.0005481935222633183,-0.29567351937294006,0.00026832649018615484,0.0002797950292006135,7.201552421065571e-08,0.0,0.0,0.0,4.671473288908601e-05,0.0,0.0,0.6790141463279724,0.16725698113441467,,,,,,,,,,,,,,,,
393,0.000564741319976747,-0.2987498939037323,0.000283367553493008,0.0002812604943756014,1.1327235682756509e-07,0.0,0.0,0.0,5.891972978133708e-05,0.0,0.0,0.6870694160461426,0.16761256754398346,,,,,,,,,,,,,,,,
394,0.0005221938481554389,-0.29985126852989197,0.0002560398424975574,0.0002661111648194492,4.2867458915907264e-08,0.0,0.0,0.0,5.3887415560893714e-05,0.0,0.0,0.687429666519165,0.16776207089424133,,,,,,,,,,,,,,,,
395,0.0005236350116319954,-0.297792911529541,0.0002532860089559108,0.0002701815392356366,1.6746311359838728e-07,0.0,0.0,0.0,1.8491151422495022e-05,0.0,0.0,0.6855387687683105,0.16766490042209625,,,,,,,,,,,,,,,,
396,0.0005563543527387083,-0.29758793115615845,0.0002757493348326534,0.0002805372350849211,6.780652483939775e-08,0.0,0.0,0.0,2.937570752692409e-05,0.0,0.0,0.6887528896331787,0.16797323524951935,,,,,,,,,,,,,,,,
397,0.0005757870385423303,-0.2988406717777252,0.00028594877221621573,0.00028932307031936944,5.151795221536304e-07,0.0,0.0,0.0,4.528218141786056e-06,0.0,0.0,0.6862350106239319,0.1675960272550583,,,,,,,,,,,,,,,,
398,0.0005724038928747177,-0.2979034185409546,0.00029433867894113064,0.00027796984068118036,9.53554959437497e-08,0.0,0.0,0.0,3.396097963559441e-05,0.0,0.0,0.6838860511779785,0.16746853291988373,,,,,,,,,,,,,,,,
399,0.000522204558365047,-0.29800480604171753,0.0002618353464640677,0.00025989196728914976,4.772229544869333e-07,0.0,0.0,0.0,5.1111954235238954e-05,0.0,0.0,0.6702926754951477,0.1667817384004593,,,,,,,,,,,,,,,,
400,0.0005885453429073095,-0.299150288105011,0.0002959475968964398,0.0002925656153820455,3.210971044609323e-08,0.0,0.0,0.0,7.621462282259017e-05,0.0,0.0,0.6696345806121826,0.16700778901576996,,,,,,,,,,,,,,,,
401,0.0005264846258796751,-0.30133846402168274,0.00026470841839909554,0.00026153706130571663,2.3920011926747975e-07,0.0,0.0,0.0,6.658885104116052e-05,0.0,0.0,0.6581422686576843,0.16641122102737427,,,,,,,,,,,,,,,,
402,0.0005775709869340062,-0.3034987449645996,0.00028767628828063607,0.00028965872479602695,2.3597571896516456e-07,0.0,0.0,0.0,0.0001057355257216841,0.0,0.0,0.6658304333686829,0.1668492704629898,,,,,,,,,,,,,,,,
403,0.0005470425239764154,-0.303178995847702,0.0002749421983025968,0.0002720440970733762,5.622103316227367e-08,0.0,0.0,0.0,7.862677620096292e-08,0.0,0.0,0.6666375398635864,0.1667652577161789,,,,,,,,,,,,,,,,
404,0.0005851856549270451,-0.30049893260002136,0.0002915741060860455,0.00029326858930289745,3.4298119544473593e-07,0.0,0.0,0.0,0.00011285660730209202,0.0,0.0,0.6678500771522522,0.16696010529994965,,,,,,,,,,,,,,,,
405,0.0005032281042076647,-0.3036032021045685,0.0002465076104272157,0.00025618422660045326,5.362408046494238e-07,0.0,0.0,0.0,0.00010500970529392362,0.0,0.0,0.6654664874076843,0.1670747697353363,,,,,,,,,,,,,,,,
406,0.0005553376395255327,-0.3057052791118622,0.0002790843427646905,0.0002759596682153642,2.9357133257690293e-07,0.0,0.0,0.0,4.6477980504278094e-05,0.0,0.0,0.663973331451416,0.16692674160003662,,,,,,,,,,,,,,,,
407,0.0005560156423598528,-0.3059213161468506,0.0002763912489172071,0.00027915314421989024,4.7123688773353933e-07,0.0,0.0,0.0,0.0001269709609914571,0.0,0.0,0.6672492623329163,0.1667514443397522,,,,,,,,,,,,,,,,
408,0.0005807746783830225,-0.30469179153442383,0.00029225926846265793,0.0002877906081266701,7.248164592965622e-07,0.0,0.0,0.0,0.0001087019918486476,0.0,0.0,0.6772489547729492,0.1670467108488083,,,,,,,,,,,,,,,,
409,0.0005200800951570272,-0.30431386828422546,0.00025571841979399323,0.0002640729071572423,2.887483105951105e-07,0.0,0.0,0.0,4.586219438351691e-05,0.0,0.0,0.684434175491333,0.16713349521160126,,,,,,,,,,,,,,,,
410,0.0005024571437388659,-0.30419063568115234,0.0002524379233364016,0.000249973323661834,4.586400592643258e-08,0.0,0.0,0.0,7.14587586116977e-05,0.0,0.0,0.6768828630447388,0.16693240404129028,,,,,,,,,,,,,,,,
411,0.0005777795449830592,-0.3067406415939331,0.0002883664856199175,0.0002891222247853875,2.9087499342494993e-07,0.0,0.0,0.0,7.326177001232281e-05,0.0,0.0,0.6824069619178772,0.16740484535694122,,,,,,,,,,,,,,,,
412,0.0005595076363533735,-0.3076641857624054,0.00028272074996493757,0.000276734383078292,5.248246637279408e-08,0.0,0.0,0.0,2.8585793188540265e-05,0.0,0.0,0.6714699864387512,0.16710233688354492,,,,,,,,,,,,,,,,
413,0.0005300993798300624,-0.3073224723339081,0.00026590932975523174,0.0002637143188621849,4.757153817536164e-07,0.0,0.0,0.0,6.58899443806149e-05,0.0,0.0,0.6661103963851929,0.1668550670146942,,,,,,,,,,,,,,,,
414,0.0004966540727764368,-0.3049917221069336,0.00024875649251043797,0.0002475011278875172,3.964542543144489e-07,0.0,0.0,0.0,4.196503505227156e-05,0.0,0.0,0.660937488079071,0.16645129024982452,,,,,,,,,,,,,,,,
415,0.0005218021688051522,-0.3059791326522827,0.0002670142857823521,0.00025424963678233325,5.382719336921582e-07,0.0,0.0,0.0,8.455907845927868e-06,0.0,0.0,0.6592264771461487,0.1664329320192337,,,,,,,,,,,,,,,,
416,0.0005494537181220949,-0.3094591498374939,0.0002693668066058308,0.00027985789347440004,2.2905416585672356e-07,0.0,0.0,0.0,7.579410157632083e-05,0.0,0.0,0.6536386609077454,0.16644896566867828,,,,,,,,,,,,,,,,
417,0.0005118089029565454,-0.3112230598926544,0.0002567546907812357,0.00025489419931545854,1.6001558833522722e-07,0.0,0.0,0.0,6.195757305249572e-05,0.0,0.0,0.668012261390686,0.1669054627418518,,,,,,,,,,,,,,,,
418,0.0005508350441232324,-0.31063294410705566,0.0002758676710072905,0.0002746821555774659,2.852103477835044e-07,0.0,0.0,0.0,0.0,0.0,0.0,0.6709587574005127,0.16688571870326996,,,,,,,,,,,,,,,,
419,0.0005882804398424923,-0.31067532300949097,0.0002891595649998635,0.00029909712611697614,2.3773331747634074e-08,0.0,0.0,0.0,0.00010659722465788946,0.0,0.0,0.6661636829376221,0.16672492027282715,,,,,,,,,,,,,,,,
420,0.0005324134835973382,-0.31146368384361267,0.0002608544018585235,0.000271501048700884,5.806047553846838e-08,0.0,0.0,0.0,4.921014260617085e-05,0.0,0.0,0.667238175868988,0.16676564514636993,,,,,,,,,,,,,,,,
421,0.0005575999384745955,-0.3126276135444641,0.00027446667081676424,0.0002824448747560382,6.883716423544683e-07,0.0,0.0,0.0,4.358066144050099e-05,0.0,0.0,0.6660186052322388,0.16695545613765717,,,,,,,,,,,,,,,,
422,0.0005179833387956023,-0.31116771697998047,0.0002558100095484406,0.0002620932355057448,8.011053154177716e-08,0.0,0.0,0.0,4.2891811062872875e-06,0.0,0.0,0.6596700549125671,0.16663123667240143,,,,,,,,,,,,,,,,
423,0.0005282771890051663,-0.3119669556617737,0.0002652975672390312,0.000262961199041456,1.845197239447316e-08,0.0,0.0,0.0,3.282361649326049e-05,0.0,0.0,0.6589699387550354,0.1663738638162613,,,,,,,,,,,,,,,,
424,0.000498710316605866,-0.31387951970100403,0.0002533252991270274,0.00024525163462385535,1.3341265514554834e-07,0.0,0.0,0.0,9.266404231311753e-05,0.0,0.0,0.6620546579360962,0.16645625233650208,,,,,,,,,,,,,,,,
425,0.0005120282876305282,-0.3159681260585785,0.0002559841959737241,0.0002560157445259392,2.8318238420865782e-08,0.0,0.0,0.0,6.412044604076073e-05,0.0,0.0,0.6666650176048279,0.16637977957725525,,,,,,,,,,,,,,,,
426,0.0005495955119840801,-0.3143966794013977,0.00026920123491436243,0.0002803487004712224,4.557736943411328e-08,0.0,0.0,0.0,2.4990162827975837e-08,0.0,0.0,0.6804503202438354,0.16717948019504547,,,,,,,,,,,,,,,,
427,0.0004988720174878836,-0.3120900094509125,0.00024595108698122203,0.0002526468597352505,2.7403194735597936e-07,0.0,0.0,0.0,7.537587953265756e-05,0.0,0.0,0.6795685291290283,0.16708464920520782,,,,,,,,,,,,,,,,
428,0.0005483386921696365,-0.31340840458869934,0.0002730596752371639,0.0002752438304014504,3.5222939231971395e-08,0.0,0.0,0.0,7.052038563415408e-05,0.0,0.0,0.6740588545799255,0.16687291860580444,,,,,,,,,,,,,,,,
429,0.0005182702443562448,-0.3177197575569153,0.00025685771834105253,0.00026131272898055613,9.980350057503529e-08,0.0,0.0,0.0,3.628180274972692e-05,0.0,0.0,0.6698827743530273,0.16671663522720337,,,,,,,,,,,,,,,,
430,0.0004963286337442696,-0.31788381934165955,0.0002451544860377908,0.000250713579589501,4.60619304476495e-07,0.0,0.0,0.0,2.418776784907095e-05,0.0,0.0,0.6522324085235596,0.16620419919490814,,,,,,,,,,,,,,,,
431,0.0005066724843345582,-0.31569549441337585,0.00025398857542313635,0.00025265253498218954,3.1364830732627524e-08,0.0,0.0,0.0,5.4842854297021404e-05,0.0,0.0,0.646679162979126,0.16601069271564484,,,,,,,,,,,,,,,,
432,0.0005083439173176885,-0.31577587127685547,0.0002590900694485754,0.0002492287312634289,2.5133086722917142e-08,0.0,0.0,0.0,1.7114129150286317e-05,0.0,0.0,0.6419755220413208,0.16597609221935272,,,,,,,,,,,,,,,,
433,0.0004758250724989921,-0.3170025944709778,0.00023963242711033672,0.00023553513165097684,6.575266979780281e-07,0.0,0.0,0.0,0.00011923275451408699,0.0,0.0,0.641950249671936,0.1658700853586197,,,,,,,,,,,,,,,,
434,0.0005049460451118648,-0.3179885447025299,0.00025364896282553673,0.00025125843239948153,3.864126796315759e-08,0.0,0.0,0.0,0.0,0.0,0.0,0.6546834111213684,0.1663423627614975,,,,,,,,,,,,,,,,
435,0.0005171106313355267,-0.31909993290901184,0.0002563288726378232,0.0002601277956273407,6.539920605064253e-07,0.0,0.0,0.0,6.0709116951329634e-05,0.0,0.0,0.6533761620521545,0.1661025732755661,,,,,,,,,,,,,,,,
436,0.0004885342204943299,-0.31679660081863403,0.00024569249944761395,0.0002426517748972401,1.8994010986261856e-07,0.0,0.0,0.0,8.920874097384512e-05,0.0,0.0,0.6529843211174011,0.16606129705905914,,,,,,,,,,,,,,,,
437,0.0005014886846765876,-0.3193320035934448,0.0002494310319889337,0.00025178250507451594,2.751198167061375e-07,0.0,0.0,0.0,6.496730202343315e-05,0.0,0.0,0.6399808526039124,0.16603533923625946,,,,,,,,,,,,,,,,
438,0.00046989493421278894,-0.31918007135391235,0.00023247345234267414,0.00023730678367428482,1.1469077065839883e-07,0.0,0.0,0.0,2.9493770853150636e-05,0.0,0.0,0.6327158212661743,0.16556091606616974,,,,,,,,,,,,,,,,
439,0.0004960498190484941,-0.3195975124835968,0.0002488043683115393,0.00024722208036109805,2.3316705011211525e-08,0.0,0.0,0.0,0.00011710677790688351,0.0,0.0,0.6328920125961304,0.16565610468387604,,,,,,,,,,,,,,,,
440,0.0005174794350750744,-0.3213891386985779,0.0002602626627776772,0.0002571704098954797,4.6410750798031586e-08,0.0,0.0,0.0,8.246893412433565e-05,0.0,0.0,0.636786162853241,0.16595612466335297,,,,,,,,,,,,,,,,
441,0.00046370283234864473,-0.3235885202884674,0.00023061885440256447,0.0002329895069124177,9.44707494454633e-08,0.0,0.0,0.0,3.9257054595509544e-05,0.0,0.0,0.6384788751602173,0.165742427110672,,,,,,,,,,,,,,,,
442,0.0004909239360131323,-0.3228406608104706,0.00024070159997791052,0.00024941301671788096,8.09309426585969e-07,0.0,0.0,0.0,9.83939171419479e-05,0.0,0.0,0.647575855255127,0.16611570119857788,,,,,,,,,,,,,,,,
443,0.0005119834095239639,-0.32205161452293396,0.0002565690956544131,0.0002549574710428715,4.5682898530685634e-07,0.0,0.0,0.0,5.979239722364582e-05,0.0,0.0,0.6520310640335083,0.1661491096019745,,,,,,,,,,,,,,,,
444,0.00051529286429286,-0.3204113841056824,0.0002543443697504699,0.00026087771402671933,7.076872776679011e-08,0.0,0.0,0.0,6.576627492904663e-05,0.0,0.0,0.6531838774681091,0.16623221337795258,,,,,,,,,,,,,,,,
445,0.0004792463150806725,-0.3206616938114166,0.0002455971552990377,0.00023273310216609389,9.160658578366565e-07,0.0,0.0,0.0,5.4959236877039075e-05,0.0,0.0,0.6503322124481201,0.1664712280035019,,,,,,,,,,,,,,,,
446,0.0005422933027148247,-0.32554906606674194,0.00027619197499006987,0.00026606436586007476,3.6975485784296325e-08,0.0,0.0,0.0,5.4313295549945906e-05,0.0,0.0,0.6344081163406372,0.16574814915657043,,,,,,,,,,,,,,,,
447,0.0004883375950157642,-0.3285481035709381,0.0002493474166840315,0.00023833822342567146,6.519812245642242e-07,0.0,0.0,0.0,8.063677523750812e-05,0.0,0.0,0.6403809785842896,0.1656198650598526,,,,,,,,,,,,,,,,
448,0.0005078492104075849,-0.3253631293773651,0.0002496945089660585,0.00025808557984419167,6.910774175139522e-08,0.0,0.0,0.0,7.87496361454032e-08,0.0,0.0,0.6412311792373657,0.16571998596191406,,,,,,,,,,,,,,,,
449,0.0005170865333639085,-0.32235589623451233,0.0002604260225780308,0.00025609531439840794,5.651736501022242e-07,0.0,0.0,0.0,5.490115290740505e-05,0.0,0.0,0.6460623145103455,0.16543801128864288,,,,,,,,,,,,,,,,
450,0.0005181592423468828,-0.3249787390232086,0.0002573655510786921,0.0002604407200124115,3.529755758790998e-07,0.0,0.0,0.0,4.9693455366650596e-05,0.0,0.0,0.6449653506278992,0.16542288661003113,,,,,,,,,,,,,,,,
451,0.0004970213049091399,-0.3302779197692871,0.0002491518098395318,0.0002477127709425986,1.5673336406507588e-07,0.0,0.0,0.0,5.9044177760370076e-05,0.0,0.0,0.6473450660705566,0.16542759537696838,,,,,,,,,,,,,,,,
452,0.0005404282128438354,-0.33144980669021606,0.0002626724890433252,0.00027769539155997336,6.028965771065486e-08,0.0,0.0,0.0,7.132359314709902e-05,0.0,0.0,0.646905779838562,0.1657734215259552,,,,,,,,,,,,,,,,
453,0.0005239623715169728,-0.32471156120300293,0.00026704248739406466,0.00025673420168459415,1.8571137161416118e-07,0.0,0.0,0.0,6.41166334389709e-05,0.0,0.0,0.641103982925415,0.16552722454071045,,,,,,,,,,,,,,,,
454,0.00047904677921906114,-0.3222562372684479,0.00024516682606190443,0.0002335174649488181,3.6249380741537607e-07,0.0,0.0,0.0,5.610405423794873e-06,0.0,0.0,0.6406395435333252,0.1653066873550415,,,,,,,,,,,,,,,,
455,0.0005047968588769436,-0.32714536786079407,0.00025265890872105956,0.00025196518981829286,1.727403571294417e-07,0.0,0.0,0.0,5.872000110684894e-05,0.0,0.0,0.6367746591567993,0.16521960496902466,,,,,,,,,,,,,,,,
456,0.00047678538248874247,-0.33440911769866943,0.00023819634225219488,0.0002384528488619253,1.3618911509638565e-07,0.0,0.0,0.0,7.739078137092292e-05,0.0,0.0,0.6209666132926941,0.16448737680912018,,,,,,,,,,,,,,,,
457,0.0005174935213290155,-0.3344985544681549,0.0002575020189397037,0.000259947992162779,4.346265569665775e-08,0.0,0.0,0.0,8.978623372968286e-05,0.0,0.0,0.629706084728241,0.1650806963443756,,,,,,,,,,,,,,,,
458,0.0005659446469508111,-0.32662564516067505,0.00027956857229582965,0.0002862644905690104,1.1160249613340056e-07,0.0,0.0,0.0,4.4213211367605254e-05,0.0,0.0,0.6464939713478088,0.1660013347864151,,,,,,,,,,,,,,,,
459,0.0005332133150659502,-0.32596006989479065,0.0002695530711207539,0.0002636328572407365,2.741823301732893e-08,0.0,0.0,0.0,2.4616978407721035e-05,0.0,0.0,0.6430687308311462,0.1653522104024887,,,,,,,,,,,,,,,,
460,0.0005205031484365463,-0.3312462270259857,0.0002638123114593327,0.00025620972155593336,4.811452072317479e-07,0.0,0.0,0.0,8.897584848455153e-06,0.0,0.0,0.6604422926902771,0.1664348691701889,,,,,,,,,,,,,,,,
461,0.0004622426931746304,-0.3361901342868805,0.00022938248002901673,0.00023267803771886975,1.8218290165350481e-07,0.0,0.0,0.0,6.104942440288141e-05,0.0,0.0,0.6576449871063232,0.16614504158496857,,,,,,,,,,,,,,,,
462,0.00048296141903847456,-0.33392560482025146,0.0002406024868832901,0.00024234467127826065,1.4266118952832585e-08,0.0,0.0,0.0,8.61704393173568e-05,0.0,0.0,0.6599831581115723,0.16620971262454987,,,,,,,,,,,,,,,,
463,0.0004937092890031636,-0.33060145378112793,0.0002549690252635628,0.000238440785324201,2.9948134283586114e-07,0.0,0.0,0.0,6.785437290091068e-05,0.0,0.0,0.6549639105796814,0.16627109050750732,,,,,,,,,,,,,,,,
464,0.000502156326547265,-0.3303658962249756,0.00024760302039794624,0.00025398950674571097,5.638280526909512e-07,0.0,0.0,0.0,5.304202568368055e-05,0.0,0.0,0.6452793478965759,0.1657540202140808,,,,,,,,,,,,,,,,
465,0.0005504060536623001,-0.3335952162742615,0.0002780022332444787,0.0002723331854213029,7.068677376764754e-08,0.0,0.0,0.0,6.191209831740707e-05,0.0,0.0,0.6539899706840515,0.16627968847751617,,,,,,,,,,,,,,,,
466,0.0005138502456247807,-0.3369929790496826,0.00025539196212776005,0.0002582395391073078,2.187491503491401e-07,0.0,0.0,0.0,5.705144576495513e-05,0.0,0.0,0.64058917760849,0.16589005291461945,,,,,,,,,,,,,,,,
467,0.0004778348084073514,-0.3375830054283142,0.00023921462707221508,0.00023834385501686484,2.763340489764232e-07,0.0,0.0,0.0,9.74890572251752e-05,0.0,0.0,0.6445204615592957,0.16580024361610413,,,,,,,,,,,,,,,,
468,0.0004703471786342561,-0.3350086212158203,0.0002307339309481904,0.00023955266806297004,6.058191104330035e-08,0.0,0.0,0.0,7.135405030567199e-05,0.0,0.0,0.6534896492958069,0.16550646722316742,,,,,,,,,,,,,,,,
469,0.00047433277359232306,-0.3331642746925354,0.00023425754625350237,0.00023983501887414604,2.4022327238526486e-07,0.0,0.0,0.0,5.4965428716968745e-05,0.0,0.0,0.6378549337387085,0.16486744582653046,,,,,,,,,,,,,,,,
470,0.00046908410149626434,-0.3363734185695648,0.00023666731431148946,0.0002323993539903313,1.7434395260806923e-08,0.0,0.0,0.0,4.375815478852019e-05,0.0,0.0,0.6328011155128479,0.1650581806898117,,,,,,,,,,,,,,,,
471,0.0004935311153531075,-0.3387625813484192,0.00024992978433147073,0.00024352813488803804,7.32113107915211e-08,0.0,0.0,0.0,4.5778931962559e-05,0.0,0.0,0.635453462600708,0.16513772308826447,,,,,,,,,,,,,,,,
472,0.0005486681475304067,-0.33756229281425476,0.00027694308664649725,0.00027164313360117376,8.188366962258442e-08,0.0,0.0,0.0,6.285752169787884e-05,0.0,0.0,0.6462686061859131,0.16547740995883942,,,,,,,,,,,,,,,,
473,0.00046719578676857054,-0.3367427587509155,0.00023880712979007512,0.0002283635112689808,2.513223407163423e-08,0.0,0.0,0.0,1.048742870324304e-08,0.0,0.0,0.6352027654647827,0.16502322256565094,,,,,,,,,,,,,,,,
474,0.00042778882198035717,-0.33804041147232056,0.0002162242599297315,0.00021100425510667264,5.603047839031206e-07,0.0,0.0,0.0,7.090685016919451e-08,0.0,0.0,0.6327788829803467,0.16539674997329712,,,,,,,,,,,,,,,,
475,0.00044172772322781384,-0.34001946449279785,0.00021865544840693474,0.0002229619858553633,1.1027884028180779e-07,0.0,0.0,0.0,2.479774775565602e-05,0.0,0.0,0.644396960735321,0.16513048112392426,,,,,,,,,,,,,,,,
476,0.0004676871176343411,-0.3405265510082245,0.00022745082969777286,0.00024020903219934553,2.7268297841942513e-08,0.0,0.0,0.0,8.529142360202968e-05,0.0,0.0,0.6327841877937317,0.1647467166185379,,,,,,,,,,,,,,,,
477,0.0004891532007604837,-0.3408678472042084,0.00024279113858938217,0.0002462623524479568,9.973658876560876e-08,0.0,0.0,0.0,0.00010096927871927619,0.0,0.0,0.642371654510498,0.16508951783180237,,,,,,,,,,,,,,,,
478,0.00046765716979280114,-0.3387530446052551,0.0002346967812627554,0.00023288908414542675,7.129901291591523e-08,0.0,0.0,0.0,3.6634151911130175e-05,0.0,0.0,0.6411779522895813,0.16521207988262177,,,,,,,,,,,,,,,,
479,0.00048330635763704777,-0.3384459316730499,0.0002442837576381862,0.00023781353957019746,1.2090555401300662e-06,0.0,0.0,0.0,1.018627813209605e-07,0.0,0.0,0.6421501040458679,0.16519726812839508,,,,,,,,,,,,,,,,
480,0.0004775499110110104,-0.3404912054538727,0.00023865354887675494,0.00023884419351816177,5.215046883222385e-08,0.0,0.0,0.0,4.399985118652694e-05,0.0,0.0,0.6358301639556885,0.16468539834022522,,,,,,,,,,,,,,,,
481,0.0005074386135675013,-0.34335798025131226,0.0002558659762144089,0.0002514875086490065,8.518230032450447e-08,0.0,0.0,0.0,6.855635001556948e-05,0.0,0.0,0.6361072063446045,0.16481971740722656,,,,,,,,,,,,,,,,
482,0.00045920893899165094,-0.3425193428993225,0.00022644473938271403,0.00023224066535476595,5.235357320998446e-07,0.0,0.0,0.0,0.0,0.0,0.0,0.6415364742279053,0.16504506766796112,,,,,,,,,,,,,,,,
483,0.00045797403436154127,-0.3411409258842468,0.0002314299636054784,0.0002260264882352203,5.17588318871276e-07,0.0,0.0,0.0,4.4661323954642285e-06,0.0,0.0,0.6422757506370544,0.16514842212200165,,,,,,,,,,,,,,,,
484,0.00044583764974959195,-0.34059861302375793,0.0002188940270571038,0.0002263066271552816,6.369845664266904e-07,0.0,0.0,0.0,5.6056996982079e-05,0.0,0.0,0.6413602828979492,0.16530655324459076,,,,,,,,,,,,,,,,
485,0.00048741509090177715,-0.342288076877594,0.00024363516422454268,0.00024370942264795303,7.053024830838694e-08,0.0,0.0,0.0,2.3385933673125692e-05,0.0,0.0,0.635534405708313,0.16478928923606873,,,,,,,,,,,,,,,,
486,0.0004692232178058475,-0.3453555107116699,0.00024025957100093365,0.0002288828109158203,8.080871083393504e-08,0.0,0.0,0.0,0.0,0.0,0.0,0.6272086501121521,0.16465936601161957,,,,,,,,,,,,,,,,
487,0.0005096365930512547,-0.3469943106174469,0.0002519667032174766,0.0002576244587544352,4.540128983876457e-08,0.0,0.0,0.0,8.743062790017575e-05,0.0,0.0,0.6248409152030945,0.1648232638835907,,,,,,,,,,,,,,,,
488,0.00047796222497709095,-0.34375327825546265,0.00023901660460978746,0.00023841015354264528,5.354865493245597e-07,0.0,0.0,0.0,5.276932370179566e-06,0.0,0.0,0.6243898272514343,0.164304718375206,,,,,,,,,,,,,,,,
489,0.00045553603558801115,-0.3436948359012604,0.00023203158343676478,0.0002234727144241333,3.1765743813139125e-08,0.0,0.0,0.0,1.5144401004363317e-06,0.0,0.0,0.628183901309967,0.16504453122615814,,,,,,,,,,,,,,,,
490,0.0004477335314732045,-0.3488665819168091,0.00022623642871621996,0.00022117732441984117,3.197701516910456e-07,0.0,0.0,0.0,5.78123472223524e-05,0.0,0.0,0.626503586769104,0.16452613472938538,,,,,,,,,,,,,,,,
491,0.0004843922215513885,-0.3504100739955902,0.0002410671004327014,0.00024329693405888975,2.8174524047130944e-08,0.0,0.0,0.0,3.4241688240399526e-07,0.0,0.0,0.6283172965049744,0.16501924395561218,,,,,,,,,,,,,,,,
492,0.000435518886661157,-0.3465728461742401,0.00021671810827683657,0.00021871936041861773,8.139836182863291e-08,0.0,0.0,0.0,2.9534137865994126e-05,0.0,0.0,0.6306634545326233,0.1647116243839264,,,,,,,,,,,,,,,,
493,0.0004079036007169634,-0.34387993812561035,0.00020275544375181198,0.00020509275782387704,5.539515868235867e-08,0.0,0.0,0.0,4.2662904888857156e-05,0.0,0.0,0.6312382817268372,0.16475382447242737,,,,,,,,,,,,,,,,
494,0.00047816315782256424,-0.3455106019973755,0.00023637220147065818,0.00024175102589651942,3.9930917239416885e-08,0.0,0.0,0.0,2.130033499270212e-05,0.0,0.0,0.6328319311141968,0.16482335329055786,,,,,,,,,,,,,,,,
495,0.0004580764507409185,-0.3511534631252289,0.0002281490305904299,0.0002298204053658992,1.0702090946779208e-07,0.0,0.0,0.0,3.666962220449932e-05,0.0,0.0,0.6357714533805847,0.16487166285514832,,,,,,,,,,,,,,,,
496,0.000434283196227625,-0.3515182137489319,0.00021619848848786205,0.00021759326045867056,4.914414262202627e-07,0.0,0.0,0.0,4.4825090299127623e-05,0.0,0.0,0.6362372636795044,0.16520456969738007,,,,,,,,,,,,,,,,
497,0.00045782612869516015,-0.35009148716926575,0.00022893311688676476,0.00022888276726007462,1.0246796300350525e-08,0.0,0.0,0.0,2.7898047960661643e-07,0.0,0.0,0.646324872970581,0.16496877372264862,,,,,,,,,,,,,,,,
498,0.0004275574174243957,-0.34621545672416687,0.00021385766740422696,0.00021359410311561078,1.0565553765218283e-07,0.0,0.0,0.0,2.15051199070615e-09,0.0,0.0,0.6494398713111877,0.16545724868774414,,,,,,,,,,,,,,,,
499,0.0004933427553623915,-0.3508293330669403,0.000250090699410066,0.00024305812257807702,1.9395758954487974e-07,0.0,0.0,0.0,3.980010099269293e-09,0.0,0.0,0.642734944820404,0.16515928506851196,,,,,,,,,,,,,,,,
500,0.0004479405761230737,-0.35448482632637024,0.00022909881954547018,0.00021877666586078703,6.510781247470732e-08,0.0,0.0,0.0,3.13024592912825e-08,0.0,0.0,0.6444050073623657,0.16491585969924927,,,,,,,,,,,,,,,,
501,0.000461845746031031,-0.3534011244773865,0.0002299534244230017,0.00023144872102420777,4.4360277229316125e-07,0.0,0.0,0.0,4.694556992035359e-05,0.0,0.0,0.6410190463066101,0.16514691710472107,,,,,,,,,,,,,,,,
502,0.0004678441327996552,-0.35027456283569336,0.00023744849022477865,0.000230353805818595,4.184616386737616e-08,0.0,0.0,0.0,6.162195495562628e-05,0.0,0.0,0.6410015225410461,0.16485437750816345,,,,,,,,,,,,,,,,
503,0.0004573309561237693,-0.3479950428009033,0.00022878829622641206,0.00022837471624370664,1.6793087809219287e-07,0.0,0.0,0.0,6.904218025738373e-05,0.0,0.0,0.6352332830429077,0.16490177810192108,,,,,,,,,,,,,,,,
504,0.0004490833671297878,-0.352118581533432,0.00022342795273289084,0.00022550750873051584,1.4789992519581574e-07,0.0,0.0,0.0,1.545365921629127e-05,0.0,0.0,0.6328862309455872,0.16447727382183075,,,,,,,,,,,,,,,,
505,0.0004571584868244827,-0.35630002617836,0.0002298032195540145,0.00022715139493811876,2.0386610799505434e-07,0.0,0.0,0.0,8.254945714725181e-05,0.0,0.0,0.6276257038116455,0.16455209255218506,,,,,,,,,,,,,,,,
506,0.000532009988091886,-0.3549988269805908,0.0002655407297424972,0.00026606922619976103,3.999789157660416e-07,0.0,0.0,0.0,7.548090070486069e-05,0.0,0.0,0.6278376579284668,0.16407236456871033,,,,,,,,,,,,,,,,
507,0.0004280979628674686,-0.35046616196632385,0.000216880944208242,0.0002111612557200715,5.577352268915092e-08,0.0,0.0,0.0,8.632816025055945e-05,0.0,0.0,0.6272535920143127,0.16468095779418945,,,,,,,,,,,,,,,,
508,0.0004500884097069502,-0.35369619727134705,0.00022920008632354438,0.00022080555208958685,8.278299645780862e-08,0.0,0.0,0.0,2.478970964148175e-05,0.0,0.0,0.6099198460578918,0.16346347332000732,,,,,,,,,,,,,,,,
509,0.00043338342220522463,-0.35833483934402466,0.0002245729265268892,0.00020875025074929,6.02394933935102e-08,0.0,0.0,0.0,1.9815919586108066e-05,0.0,0.0,0.6115279793739319,0.16389304399490356,,,,,,,,,,,,,,,,
510,0.00045023526763543487,-0.3594234585762024,0.0002270734403282404,0.00022291274217423052,2.4907825491027324e-07,0.0,0.0,0.0,3.464220935711637e-05,0.0,0.0,0.6030533909797668,0.1631162017583847,,,,,,,,,,,,,,,,
511,0.00043782981811091304,-0.3559821844100952,0.0002193454565713182,0.00021842414571437985,6.02237903990499e-08,0.0,0.0,0.0,1.2899134560484526e-07,0.0,0.0,0.6067401766777039,0.1636456698179245,,,,,,,,,,,,,,,,
512,0.0004506268887780607,-0.35325300693511963,0.00022648544108960778,0.00022410239034797996,3.904732537307609e-08,0.0,0.0,0.0,4.4731619709637016e-05,0.0,0.0,0.6198638677597046,0.16374745965003967,,,,,,,,,,,,,,,,
513,0.00043900313903577626,-0.3539178967475891,0.0002221604809165001,0.0002164671604987234,3.7548659292951925e-07,0.0,0.0,0.0,2.1333911718102172e-05,0.0,0.0,0.6292015314102173,0.16433030366897583,,,,,,,,,,,,,,,,
514,0.0004482247168198228,-0.35962918400764465,0.0002300436026416719,0.00021816804655827582,1.3073753635239882e-08,0.0,0.0,0.0,3.643734453362413e-05,0.0,0.0,0.6400501132011414,0.16496501863002777,,,,,,,,,,,,,,,,
515,0.0004447359824553132,-0.36163705587387085,0.00022619799710810184,0.0002181711606681347,3.6681333881460887e-07,0.0,0.0,0.0,4.6048156946199015e-05,0.0,0.0,0.6417469382286072,0.16497758030891418,,,,,,,,,,,,,,,,
516,0.0004570820601657033,-0.35712915658950806,0.00022547677508555353,0.00023158971453085542,1.5567035660524198e-08,0.0,0.0,0.0,2.4600542019470595e-05,0.0,0.0,0.6432276368141174,0.16499455273151398,,,,,,,,,,,,,,,,
517,0.0004506392579060048,-0.35702431201934814,0.00022912854910828173,0.00022140334476716816,1.0735358557667496e-07,0.0,0.0,0.0,3.898707655025646e-05,0.0,0.0,0.6518404483795166,0.16545094549655914,,,,,,,,,,,,,,,,
518,0.00043063878547400236,-0.36240196228027344,0.00021219153131823987,0.0002182423195336014,2.0495919272889296e-07,0.0,0.0,0.0,0.00011391934094717726,0.0,0.0,0.6491740345954895,0.16583938896656036,,,,,,,,,,,,,,,,
519,0.00044862646609544754,-0.36239615082740784,0.00022456749866250902,0.00022398981673177332,6.915997374790095e-08,0.0,0.0,0.0,4.508445999817923e-05,0.0,0.0,0.6480441689491272,0.16578376293182373,,,,,,,,,,,,,,,,
520,0.00044830329716205597,-0.3587535619735718,0.00022314387024380267,0.0002251342957606539,2.514962282873512e-08,0.0,0.0,0.0,3.187535548931919e-05,0.0,0.0,0.6509671807289124,0.1656193882226944,,,,,,,,,,,,,,,,
521,0.0004506487457547337,-0.35543838143348694,0.00022414464910980314,0.00022618651564698666,3.1759367402628413e-07,0.0,0.0,0.0,6.617070903303102e-05,0.0,0.0,0.6345046758651733,0.16468693315982819,,,,,,,,,,,,,,,,
522,0.0004449567059054971,-0.35786184668540955,0.0002194167609559372,0.0002251891855848953,3.5076868698524777e-07,0.0,0.0,0.0,7.576792995678261e-05,0.0,0.0,0.6192958354949951,0.1642991304397583,,,,,,,,,,,,,,,,
523,0.000452822947409004,-0.3630008101463318,0.00022976959007792175,0.00022289936896413565,1.5399449182496028e-07,0.0,0.0,0.0,8.568715088586032e-07,0.0,0.0,0.6036581993103027,0.1638564169406891,,,,,,,,,,,,,,,,
524,0.0004770524683408439,-0.36463433504104614,0.00023848243290558457,0.00023835791216697544,2.1209444867054117e-07,0.0,0.0,0.0,6.438980926759541e-05,0.0,0.0,0.5860059261322021,0.1626947522163391,,,,,,,,,,,,,,,,
525,0.0004421741468831897,-0.3629874885082245,0.00021969241788610816,0.00022213200281839818,3.497012528441701e-07,0.0,0.0,0.0,6.268933066166937e-05,0.0,0.0,0.589188277721405,0.16276726126670837,,,,,,,,,,,,,,,,
526,0.000439644354628399,-0.36130157113075256,0.000218297413084656,0.00022115823230706155,1.8870467499709775e-07,0.0,0.0,0.0,4.366233042674139e-05,0.0,0.0,0.5881708860397339,0.16257813572883606,,,,,,,,,,,,,,,,
527,0.0004544130642898381,-0.36220601201057434,0.0002302276116097346,0.00022293953225016594,1.2459383924579015e-06,0.0,0.0,0.0,6.943751213839278e-05,0.0,0.0,0.6015129685401917,0.16370873153209686,,,,,,,,,,,,,,,,
528,0.0004261085414327681,-0.3640007972717285,0.00020852393936365843,0.00021741334057878703,1.712378718821128e-07,0.0,0.0,0.0,4.162230106885545e-05,0.0,0.0,0.6072544455528259,0.16336888074874878,,,,,,,,,,,,,,,,
529,0.00039731161086820066,-0.36418136954307556,0.0001989433221751824,0.00019831967074424028,4.864663338821629e-08,0.0,0.0,0.0,6.997543823672459e-05,0.0,0.0,0.6207188963890076,0.16412042081356049,,,,,,,,,,,,,,,,
530,0.00048057103413157165,-0.3613162040710449,0.00024575882707722485,0.00023470507585443556,1.071312780709377e-07,0.0,0.0,0.0,7.68427416915074e-05,0.0,0.0,0.6238027215003967,0.164231538772583,,,,,,,,,,,,,,,,
531,0.00039219914469867945,-0.3609311878681183,0.00019708243780769408,0.00019505206728354096,6.463938007073011e-08,0.0,0.0,0.0,0.0,0.0,0.0,0.6213593482971191,0.1637478768825531,,,,,,,,,,,,,,,,
532,0.00041898569907061756,-0.3676675260066986,0.00021102333266753703,0.00020787809626199305,8.425377018284053e-08,0.0,0.0,0.0,5.107496690470725e-05,0.0,0.0,0.6314049363136292,0.16449105739593506,,,,,,,,,,,,,,,,
533,0.00041969993617385626,-0.3713401257991791,0.00020651609520427883,0.00021314270270522684,4.1154063268322716e-08,0.0,0.0,0.0,3.65436208085157e-05,0.0,0.0,0.6272995471954346,0.16398057341575623,,,,,,,,,,,,,,,,
534,0.0004642195417545736,-0.36680927872657776,0.000231781363254413,0.00023209399660117924,3.441882938659546e-07,0.0,0.0,0.0,2.6221907774015563e-06,0.0,0.0,0.6352522969245911,0.16426894068717957,,,,,,,,,,,,,,,,
535,0.0004173426132183522,-0.3638059198856354,0.0002055520162684843,0.0002117092808475718,8.132979445463207e-08,0.0,0.0,0.0,0.0,0.0,0.0,0.6300190091133118,0.1641322672367096,,,,,,,,,,,,,,,,
536,0.00046023327740840614,-0.36518770456314087,0.0002266193914692849,0.00023341085761785507,2.030140962006044e-07,0.0,0.0,0.0,1.980097840714734e-05,0.0,0.0,0.6335211992263794,0.1644124686717987,,,,,,,,,,,,,,,,
537,0.00039344141259789467,-0.37048324942588806,0.00019820674788206816,0.00019495017477311194,2.8449488809201284e-07,0.0,0.0,0.0,5.863704427611083e-05,0.0,0.0,0.6175456047058105,0.16345027089118958,,,,,,,,,,,,,,,,
538,0.00044126491411589086,-0.37018826603889465,0.00022188662842381746,0.000219048437429592,3.2983257369778585e-07,0.0,0.0,0.0,1.6066391253843904e-05,0.0,0.0,0.6225602626800537,0.16408796608448029,,,,,,,,,,,,,,,,
539,0.000438531453255564,-0.36605361104011536,0.0002229312085546553,0.00021527681383304298,3.234374617022695e-07,0.0,0.0,0.0,4.556512794806622e-05,0.0,0.0,0.6076032519340515,0.16317218542099,,,,,,,,,,,,,,,,
540,0.00040092557901516557,-0.36775240302085876,0.00019803100440185517,0.00020284063066355884,5.395639490757276e-08,0.0,0.0,0.0,1.346264161838917e-05,0.0,0.0,0.599693775177002,0.16255901753902435,,,,,,,,,,,,,,,,
541,0.0004116780182812363,-0.3713364899158478,0.0002070517948595807,0.00020447354472707957,1.5267292496901064e-07,0.0,0.0,0.0,2.910155126301106e-05,0.0,0.0,0.5925899744033813,0.16286712884902954,,,,,,,,,,,,,,,,
542,0.0004113208269700408,-0.3729739487171173,0.00021407812891993672,0.00019692769274115562,3.1500633212999674e-07,0.0,0.0,0.0,3.418542110011913e-05,0.0,0.0,0.5971925258636475,0.16283228993415833,,,,,,,,,,,,,,,,
543,0.00042675092117860913,-0.3712646961212158,0.0002137889969162643,0.00021278484200593084,1.7708107691305486e-07,0.0,0.0,0.0,5.7789993661572225e-06,0.0,0.0,0.6003031730651855,0.16255784034729004,,,,,,,,,,,,,,,,
544,0.00043339497642591596,-0.3701331615447998,0.00021227632532827556,0.00022022583289071918,8.928209354053251e-07,0.0,0.0,0.0,3.174018274876289e-05,0.0,0.0,0.605099081993103,0.1627885103225708,,,,,,,,,,,,,,,,
545,0.00040229992009699345,-0.36898893117904663,0.00020108824537601322,0.0002009043237194419,3.073473635595292e-07,0.0,0.0,0.0,3.14518365485128e-05,0.0,0.0,0.6085759997367859,0.16307377815246582,,,,,,,,,,,,,,,,
546,0.0003951207036152482,-0.3724892735481262,0.00019919978512916714,0.00019534119928721339,5.797162998533167e-07,0.0,0.0,0.0,3.8378519093384966e-05,0.0,0.0,0.6166465878486633,0.1628311425447464,,,,,,,,,,,,,,,,
547,0.0003847569169010967,-0.3747834265232086,0.0001913549640448764,0.00019293204240966588,4.6992451530059043e-07,0.0,0.0,0.0,3.1745868909638375e-05,0.0,0.0,0.6111657023429871,0.16295991837978363,,,,,,,,,,,,,,,,
548,0.0003993159916717559,-0.37399372458457947,0.00020367778779473156,0.00019559044449124485,4.775609241391976e-08,0.0,0.0,0.0,3.01409399980912e-05,0.0,0.0,0.6233352422714233,0.16331350803375244,,,,,,,,,,,,,,,,
549,0.00040305714355781674,-0.37257900834083557,0.00019917158351745456,0.00020379609486553818,8.947501584088968e-08,0.0,0.0,0.0,2.1330672097974457e-05,0.0,0.0,0.6252224445343018,0.16348125040531158,,,,,,,,,,,,,,,,
550,0.0005083229043520987,-0.3744795322418213,0.00025141783407889307,0.0002565970062278211,3.081147497141501e-07,0.0,0.0,0.0,1.2108796454413095e-07,0.0,0.0,0.618861198425293,0.16335192322731018,,,,,,,,,,,,,,,,
551,0.00041936771594919264,-0.3760983645915985,0.00021059544815216213,0.00020847326959483325,2.9897964282099565e-07,0.0,0.0,0.0,1.663375223870389e-05,0.0,0.0,0.6265690326690674,0.16332775354385376,,,,,,,,,,,,,,,,
552,0.0003816512180492282,-0.37584054470062256,0.00019001246255356818,0.00019160514057148248,3.3604472093884397e-08,0.0,0.0,0.0,0.0,0.0,0.0,0.6216190457344055,0.16338413953781128,,,,,,,,,,,,,,,,
553,0.00042832145118154585,-0.37217363715171814,0.0002137417468475178,0.00021443091100081801,1.4881233312280528e-07,0.0,0.0,0.0,0.0,0.0,0.0,0.6296079158782959,0.1635257750749588,,,,,,,,,,,,,,,,
554,0.0004056534089613706,-0.3744560182094574,0.0002020543033722788,0.00020343443611636758,1.6466393049086037e-07,0.0,0.0,0.0,5.2979689826315735e-06,0.0,0.0,0.6153489947319031,0.16362477838993073,,,,,,,,,,,,,,,,
555,0.0004035391903016716,-0.3760499060153961,0.00020234879048075527,0.000200920898350887,2.695140040032129e-07,0.0,0.0,0.0,2.824578041327186e-05,0.0,0.0,0.6056378483772278,0.16258999705314636,,,,,,,,,,,,,,,,
556,0.00037777668330818415,-0.37775281071662903,0.00018614644068293273,0.00019141843949910253,2.118035666853757e-07,0.0,0.0,0.0,3.2995310927930177e-09,0.0,0.0,0.6033207178115845,0.16291725635528564,,,,,,,,,,,,,,,,
557,0.0003985301882494241,-0.37851864099502563,0.00019817784777842462,0.0002003344416152686,1.7890238623863297e-08,0.0,0.0,0.0,3.369978003320284e-06,0.0,0.0,0.5931881070137024,0.16212894022464752,,,,,,,,,,,,,,,,
558,0.0003977264859713614,-0.37705695629119873,0.00019733118824660778,0.0002001382235903293,2.5708379780553514e-07,0.0,0.0,0.0,3.585900412872434e-05,0.0,0.0,0.5801970958709717,0.16153927147388458,,,,,,,,,,,,,,,,
559,0.0004183404380455613,-0.37900310754776,0.00021151083637960255,0.0002065772860078141,2.5234166400878166e-07,0.0,0.0,0.0,2.1476181188972987e-07,0.0,0.0,0.5731090903282166,0.16137665510177612,,,,,,,,,,,,,,,,
560,0.0004028119146823883,-0.37967461347579956,0.00020251156820449978,0.000200280686840415,1.9665309380911822e-08,0.0,0.0,0.0,2.711547608669207e-08,0.0,0.0,0.5791438221931458,0.16187016665935516,,,,,,,,,,,,,,,,
561,0.00039635199937038124,-0.3774334788322449,0.00019754956883843988,0.0001987833238672465,1.9126428441040844e-08,0.0,0.0,0.0,1.3561499144998379e-05,0.0,0.0,0.5952157378196716,0.16229556500911713,,,,,,,,,,,,,,,,
562,0.0003835603129118681,-0.37699946761131287,0.000194024876691401,0.0001892953150672838,2.4011566779336135e-07,0.0,0.0,0.0,7.073538290569559e-05,0.0,0.0,0.6049357056617737,0.1628883183002472,,,,,,,,,,,,,,,,
563,0.00042980455327779055,-0.3805530369281769,0.00021779778762720525,0.00021120728342793882,7.994909196895605e-07,0.0,0.0,0.0,4.1606272134231403e-05,0.0,0.0,0.6204041242599487,0.16326677799224854,,,,,,,,,,,,,,,,
564,0.0003980636829510331,-0.38213685154914856,0.00020054529886692762,0.00019738836272154003,1.3003408128042793e-07,0.0,0.0,0.0,6.937487341929227e-05,0.0,0.0,0.6312332153320312,0.163473442196846,,,,,,,,,,,,,,,,
565,0.00042406527791172266,-0.382040411233902,0.00021345922141335905,0.0002105958410538733,1.0217534374135084e-08,0.0,0.0,0.0,1.0905860214904806e-08,0.0,0.0,0.633994460105896,0.1637166142463684,,,,,,,,,,,,,,,,
566,0.0003814328811131418,-0.38017651438713074,0.00019360054284334183,0.000187802201253362,3.01579063943791e-08,0.0,0.0,0.0,2.4890407075872645e-05,0.0,0.0,0.6324427723884583,0.16381117701530457,,,,,,,,,,,,,,,,
567,0.0004038825863972306,-0.382156103849411,0.00020724721252918243,0.00019663057173602283,4.806911757526677e-09,0.0,0.0,0.0,9.33270669634112e-08,0.0,0.0,0.623599112033844,0.16363555192947388,,,,,,,,,,,,,,,,
568,0.0003768709721043706,-0.38142871856689453,0.00018799582903739065,0.00018871309293899685,1.6206210773361818e-07,0.0,0.0,0.0,6.771538755856454e-05,0.0,0.0,0.6316788792610168,0.16379649937152863,,,,,,,,,,,,,,,,
569,0.00036106668994762003,-0.3812323212623596,0.0001824016508180648,0.0001785071799531579,1.5786257279160054e-07,0.0,0.0,0.0,1.0807921171362977e-05,0.0,0.0,0.6123891472816467,0.16262297332286835,,,,,,,,,,,,,,,,
570,0.0003862219746224582,-0.38219985365867615,0.00019510007405187935,0.00019108042761217803,4.14675831450495e-08,0.0,0.0,0.0,3.3501126495139033e-07,0.0,0.0,0.6092160940170288,0.16234299540519714,,,,,,,,,,,,,,,,
571,0.0003460213774815202,-0.384523868560791,0.00017361665959469974,0.00017219374421983957,2.1097136482239875e-07,0.0,0.0,0.0,4.6992110583232716e-05,0.0,0.0,0.5946515202522278,0.16177873313426971,,,,,,,,,,,,,,,,
572,0.00036078173434361815,-0.3846215009689331,0.00018281915981788188,0.0001778867735993117,7.578575633715445e-08,0.0,0.0,0.0,0.0,0.0,0.0,0.5892112255096436,0.16189773380756378,,,,,,,,,,,,,,,,
573,0.0003769536560866982,-0.3851984143257141,0.00018958064902108163,0.00018732257012743503,5.0436472776027585e-08,0.0,0.0,0.0,2.4468605261063203e-05,0.0,0.0,0.588249146938324,0.16156966984272003,,,,,,,,,,,,,,,,
574,0.0003859151038341224,-0.386616051197052,0.0001939447975018993,0.00019175963825546205,2.1065065425318608e-07,0.0,0.0,0.0,4.467238795768935e-06,0.0,0.0,0.6023046970367432,0.1620715707540512,,,,,,,,,,,,,,,,
575,0.0003837088297586888,-0.38637784123420715,0.00018937577260658145,0.0001943257375387475,7.303185167728543e-09,0.0,0.0,0.0,6.647463305853307e-05,0.0,0.0,0.5999007821083069,0.16224683821201324,,,,,,,,,,,,,,,,
576,0.0003948142984881997,-0.38444286584854126,0.0001928961864905432,0.00020172781660221517,1.9026718689474365e-07,0.0,0.0,0.0,4.885027010459453e-05,0.0,0.0,0.6176960468292236,0.1627059280872345,,,,,,,,,,,,,,,,
577,0.00038767949445173144,-0.384111613035202,0.00019867286027874798,0.00018898303096648306,2.3599998399959077e-08,0.0,0.0,0.0,8.325026357169918e-08,0.0,0.0,0.616172730922699,0.16256943345069885,,,,,,,,,,,,,,,,
578,0.00040387632907368243,-0.38550350069999695,0.0002036612422671169,0.00020003688405267894,1.7819506581417954e-07,0.0,0.0,0.0,0.0,0.0,0.0,0.6152260303497314,0.16260655224323273,,,,,,,,,,,,,,,,
579,0.0004164836718700826,-0.38744112849235535,0.0002060816332232207,0.000210215148399584,1.868920378456096e-07,0.0,0.0,0.0,6.016610495862551e-05,0.0,0.0,0.6165288686752319,0.1626143902540207,,,,,,,,,,,,,,,,
580,0.0003900544252246618,-0.38866889476776123,0.00019591505406424403,0.00019396042625885457,1.7893185599859862e-07,0.0,0.0,0.0,2.571668301243335e-05,0.0,0.0,0.6034829020500183,0.16191354393959045,,,,,,,,,,,,,,,,
581,0.0003879025171045214,-0.3880763053894043,0.00019637281366158277,0.00019142669043503702,1.0301086206254695e-07,0.0,0.0,0.0,1.3810996506435913e-06,0.0,0.0,0.5968974828720093,0.16209568083286285,,,,,,,,,,,,,,,,
582,0.00037248569424264133,-0.3864268958568573,0.00018568921950645745,0.0001866446400526911,1.5183572088517394e-07,0.0,0.0,0.0,2.320775638509076e-05,0.0,0.0,0.5863027572631836,0.16168922185897827,,,,,,,,,,,,,,,,
583,0.00036425041616894305,-0.3886176645755768,0.0001825606741476804,0.0001815228897612542,1.6685555692674825e-07,0.0,0.0,0.0,0.0,0.0,0.0,0.5952059626579285,0.16165558993816376,,,,,,,,,,,,,,,,
584,0.0004111095331609249,-0.3911963403224945,0.00020351599960122257,0.00020752583805005997,6.769136717821311e-08,0.0,0.0,0.0,6.2475255617755465e-06,0.0,0.0,0.6070979833602905,0.1622091680765152,,,,,,,,,,,,,,,,
585,0.0003807704779319465,-0.38974902033805847,0.0001907274272525683,0.0001900323259178549,1.071448263445518e-08,0.0,0.0,0.0,4.223390715196729e-05,0.0,0.0,0.6022008061408997,0.16193106770515442,,,,,,,,,,,,,,,,
586,0.0003664061368908733,-0.3876633048057556,0.0001835857838159427,0.00018278564675711095,3.4713057317503626e-08,0.0,0.0,0.0,5.767635957454331e-05,0.0,0.0,0.6063070893287659,0.1624419093132019,,,,,,,,,,,,,,,,
587,0.0004122622194699943,-0.3888683021068573,0.0002029377646977082,0.0002091655187541619,1.5892442206677515e-07,0.0,0.0,0.0,2.87751554424176e-05,0.0,0.0,0.6064058542251587,0.16207097470760345,,,,,,,,,,,,,,,,
588,0.00037838349817320704,-0.3930703103542328,0.00019186425197403878,0.00018648471450433135,3.4522265934811e-08,0.0,0.0,0.0,0.0,0.0,0.0,0.6037369966506958,0.16186265647411346,,,,,,,,,,,,,,,,
589,0.00039720660424791276,-0.3940051794052124,0.00020121631678193808,0.00019583728862926364,1.5299349342967616e-07,0.0,0.0,0.0,2.225258322141599e-05,0.0,0.0,0.6029175519943237,0.16177697479724884,,,,,,,,,,,,,,,,
590,0.0003791216295212507,-0.3901371657848358,0.0001896305475383997,0.00018945788906421512,3.316970165201383e-08,0.0,0.0,0.0,4.000951230409555e-05,0.0,0.0,0.612581193447113,0.16246365010738373,,,,,,,,,,,,,,,,
591,0.00042349210707470775,-0.3900398313999176,0.00021209486294537783,0.00021139219461474568,5.05723818378101e-09,0.0,0.0,0.0,4.39165503962613e-08,0.0,0.0,0.6125420928001404,0.16222797334194183,,,,,,,,,,,,,,,,
592,0.0003889594809152186,-0.39470282196998596,0.00019437614537309855,0.00019443609926383942,1.472359087983932e-07,0.0,0.0,0.0,2.4913157176342793e-05,0.0,0.0,0.6107903122901917,0.16246452927589417,,,,,,,,,,,,,,,,
593,0.0003892803506460041,-0.3960826098918915,0.00020145616144873202,0.00018779103993438184,3.316228713856617e-08,0.0,0.0,0.0,3.706299321493134e-05,0.0,0.0,0.6167607307434082,0.16248279809951782,,,,,,,,,,,,,,,,
594,0.00038751447573304176,-0.3917623460292816,0.00019499537302181125,0.00019247844466008246,4.066264835955735e-08,0.0,0.0,0.0,1.9562490706448443e-05,0.0,0.0,0.612108588218689,0.16229069232940674,,,,,,,,,,,,,,,,
595,0.00037185728433541954,-0.3914047181606293,0.00018760487728286535,0.0001841879857238382,6.441712230298435e-08,0.0,0.0,0.0,2.847369796654675e-05,0.0,0.0,0.6091819405555725,0.1624564826488495,,,,,,,,,,,,,,,,
596,0.00035920715890824795,-0.39510074257850647,0.00017946743173524737,0.00017955688235815614,1.828435074457957e-07,0.0,0.0,0.0,2.349548776692245e-05,0.0,0.0,0.5961050391197205,0.161942720413208,,,,,,,,,,,,,,,,
597,0.0003897396964021027,-0.3970580995082855,0.00019178801449015737,0.0001979409862542525,1.0701652897182612e-08,0.0,0.0,0.0,3.526243119722494e-08,0.0,0.0,0.5821184515953064,0.1611773520708084,,,,,,,,,,,,,,,,
598,0.00037573155714198947,-0.3938286602497101,0.00018681571236811578,0.00018890942737925798,6.402882668510301e-09,0.0,0.0,0.0,1.4663362890132703e-05,0.0,0.0,0.5838762521743774,0.16134020686149597,,,,,,,,,,,,,,,,
599,0.0003814264782704413,-0.3912246525287628,0.00019199120288249105,0.00018929498037323356,1.4028000805410556e-07,0.0,0.0,0.0,2.289306758029852e-05,0.0,0.0,0.5868887901306152,0.16165247559547424,,,,,,,,,,,,,,,,
600,0.00039035413647070527,-0.3956930339336395,0.0001936669141286984,0.00019668188178911805,5.362435828715206e-09,0.0,0.0,0.0,2.758764094323851e-05,0.0,0.0,0.580201268196106,0.16087956726551056,,,,,,,,,,,,,,,,
601,0.0004258551634848118,-0.40115979313850403,0.00021273392485454679,0.00021297071361914277,1.5051932678034063e-07,0.0,0.0,0.0,4.729162174044177e-05,0.0,0.0,0.5883684754371643,0.16120992600917816,,,,,,,,,,,,,,,,
602,0.00039976846892386675,-0.3997562825679779,0.00020035877241753042,0.0001991702156374231,2.3946165583765833e-07,0.0,0.0,0.0,4.100329675793546e-08,0.0,0.0,0.5866406559944153,0.161034494638443,,,,,,,,,,,,,,,,
603,0.0003719796659424901,-0.3938091993331909,0.00018388107127975672,0.00018807835294865072,2.0247988175015053e-08,0.0,0.0,0.0,4.786030331160873e-05,0.0,0.0,0.5928959250450134,0.16198046505451202,,,,,,,,,,,,,,,,
604,0.00038354110438376665,-0.3967369496822357,0.0001934205211000517,0.0001901119394460693,8.653530336744097e-09,0.0,0.0,0.0,4.7498426283709705e-05,0.0,0.0,0.6063640713691711,0.16235965490341187,,,,,,,,,,,,,,,,
605,0.0003750951145775616,-0.39939674735069275,0.00019076127500738949,0.00018432724755257368,6.582938194554799e-09,0.0,0.0,0.0,1.4903931742082932e-06,0.0,0.0,0.5975881814956665,0.16169215738773346,,,,,,,,,,,,,,,,
606,0.0003736470243893564,-0.4007549583911896,0.00018870874191634357,0.00018407827883493155,8.600243290857179e-07,0.0,0.0,0.0,3.582877616281621e-05,0.0,0.0,0.6057250499725342,0.1617923527956009,,,,,,,,,,,,,,,,
607,0.00036430044565349817,-0.39728638529777527,0.00018377916421741247,0.0001805029169190675,1.8358157660713914e-08,0.0,0.0,0.0,0.0,0.0,0.0,0.6098321676254272,0.16251249611377716,,,,,,,,,,,,,,,,
608,0.0003670444421004504,-0.39624303579330444,0.00018404817092232406,0.0001828228560043499,1.7344346758818574e-07,0.0,0.0,0.0,1.8924731193692423e-05,0.0,0.0,0.6119749546051025,0.1626110076904297,,,,,,,,,,,,,,,,
609,0.00036534821265377104,-0.40115341544151306,0.00018089408695232123,0.0001843166828621179,1.3745325588843116e-07,0.0,0.0,0.0,5.130774297867902e-06,0.0,0.0,0.6129645705223083,0.162195086479187,,,,,,,,,,,,,,,,
610,0.00036800591624341905,-0.40458089113235474,0.00018739055667538196,0.00018056813860312104,4.722518909261453e-08,0.0,0.0,0.0,1.6121779481181875e-05,0.0,0.0,0.5957788228988647,0.16165325045585632,,,,,,,,,,,,,,,,
611,0.0003925746714230627,-0.4009973108768463,0.00019666489970404655,0.00019551586592569947,3.939111934414541e-07,0.0,0.0,0.0,1.1785064998548478e-05,0.0,0.0,0.6016362309455872,0.16128450632095337,,,,,,,,,,,,,,,,
612,0.00038213134394027293,-0.4002043306827545,0.00019491273269522935,0.00018709087453316897,1.2773888613537565e-07,0.0,0.0,0.0,3.0130822779028676e-05,0.0,0.0,0.593417763710022,0.1611417979001999,,,,,,,,,,,,,,,,
613,0.0003567782405298203,-0.39940235018730164,0.00017874139302875847,0.00017803124501369894,5.61740920446141e-09,0.0,0.0,0.0,2.669121568033006e-05,0.0,0.0,0.5909338593482971,0.16147461533546448,,,,,,,,,,,,,,,,
614,0.0003604994562920183,-0.40398555994033813,0.00017947546439245343,0.00018100834859069437,1.562374762897889e-08,0.0,0.0,0.0,5.750212608290894e-07,0.0,0.0,0.5861668586730957,0.16040797531604767,,,,,,,,,,,,,,,,
615,0.000405649101594463,-0.40084534883499146,0.00020282417244743556,0.0002027914160862565,3.350766419885076e-08,0.0,0.0,0.0,2.0265267153263267e-07,0.0,0.0,0.5955827236175537,0.1609766036272049,,,,,,,,,,,,,,,,
616,0.00035006710095331073,-0.40067023038864136,0.00017763515643309802,0.0001723053283058107,1.2659050696584018e-07,0.0,0.0,0.0,7.089024165907176e-06,0.0,0.0,0.5853216052055359,0.16045686602592468,,,,,,,,,,,,,,,,
617,0.0003434205718804151,-0.4038194715976715,0.00016857915034051985,0.00017476333596277982,7.808406365938936e-08,0.0,0.0,0.0,3.898342765751295e-05,0.0,0.0,0.5886684060096741,0.16060896217823029,,,,,,,,,,,,,,,,
618,0.0003336950030643493,-0.40576428174972534,0.00016578813665546477,0.00016777847486082464,1.2837875829063705e-07,0.0,0.0,0.0,1.8300987392194656e-07,0.0,0.0,0.5832021236419678,0.16018348932266235,,,,,,,,,,,,,,,,
619,0.0004050414718221873,-0.40555891394615173,0.00020163226872682571,0.00020328693790361285,1.222739030026787e-07,0.0,0.0,0.0,4.506222467171028e-05,0.0,0.0,0.6014847159385681,0.16127361357212067,,,,,,,,,,,,,,,,
620,0.0003430547076277435,-0.40332451462745667,0.000169629420270212,0.000173328589880839,9.668406875107394e-08,0.0,0.0,0.0,1.700078513522385e-07,0.0,0.0,0.6075460314750671,0.16146805882453918,,,,,,,,,,,,,,,,
621,0.0003661231021396816,-0.4038815498352051,0.0001874324952950701,0.00017856732301879674,1.2328959542173834e-07,0.0,0.0,0.0,1.3641733858094085e-06,0.0,0.0,0.6051574349403381,0.16148920357227325,,,,,,,,,,,,,,,,
622,0.0003817901888396591,-0.40554407238960266,0.00019433443958405405,0.0001873921137303114,6.364120963553432e-08,0.0,0.0,0.0,2.1595928046735935e-05,0.0,0.0,0.6051182150840759,0.161775603890419,,,,,,,,,,,,,,,,
623,0.00037667853757739067,-0.40590229630470276,0.00018795704818330705,0.00018857314717024565,1.4834245121164713e-07,0.0,0.0,0.0,7.136976364563452e-06,0.0,0.0,0.602475643157959,0.16258956491947174,,,,,,,,,,,,,,,,
624,0.0003375825472176075,-0.40583255887031555,0.00016838894225656986,0.0001690797071205452,1.1392272369903367e-07,0.0,0.0,0.0,1.8086647912696208e-07,0.0,0.0,0.5907422304153442,0.16154217720031738,,,,,,,,,,,,,,,,
625,0.0003556395531632006,-0.4069746732711792,0.00017809659766498953,0.00017753083375282586,1.2113817504655344e-08,0.0,0.0,0.0,1.9803583484190312e-07,0.0,0.0,0.5906192064285278,0.16104203462600708,,,,,,,,,,,,,,,,
626,0.00034756018430925906,-0.4081515669822693,0.0001698715059319511,0.00017758153262548149,1.07121508108321e-07,0.0,0.0,0.0,0.0,0.0,0.0,0.5857766270637512,0.16077731549739838,,,,,,,,,,,,,,,,
627,0.0003636141191236675,-0.409441202878952,0.00018281534721609205,0.0001807951193768531,3.673949589000358e-09,0.0,0.0,0.0,0.0,0.0,0.0,0.589125394821167,0.16084542870521545,,,,,,,,,,,,,,,,
628,0.0003262385434936732,-0.4068836569786072,0.00016632549522910267,0.00015980954049155116,1.0352029278237751e-07,0.0,0.0,0.0,2.0142970242886804e-05,0.0,0.0,0.584446907043457,0.16074515879154205,,,,,,,,,,,,,,,,
629,0.00037619698559865355,-0.4033381938934326,0.00018893148808274418,0.00018717620696406811,8.928354588988441e-08,0.0,0.0,0.0,8.65885795064969e-06,0.0,0.0,0.580014705657959,0.1606728732585907,,,,,,,,,,,,,,,,
630,0.00037127366522327065,-0.40744659304618835,0.00018262832600157708,0.00018854773952625692,9.761581765133087e-08,0.0,0.0,0.0,1.869611514848657e-05,0.0,0.0,0.5673839449882507,0.16029666364192963,,,,,,,,,,,,,,,,
631,0.0003265739360358566,-0.41212841868400574,0.00016585364937782288,0.00016070259152911603,1.769957336250627e-08,0.0,0.0,0.0,0.0,0.0,0.0,0.5470733046531677,0.15921984612941742,,,,,,,,,,,,,,,,
632,0.00034321716520935297,-0.4118114709854126,0.00017372870934195817,0.00016947866242844611,9.784820953484541e-09,0.0,0.0,0.0,3.975312574766576e-05,0.0,0.0,0.5515406131744385,0.15933625400066376,,,,,,,,,,,,,,,,
633,0.00039204925997182727,-0.4093688428401947,0.00019582682580221444,0.00019617828365880996,4.4139351729199916e-08,0.0,0.0,0.0,4.57825217381469e-06,0.0,0.0,0.5676641464233398,0.15997563302516937,,,,,,,,,,,,,,,,
634,0.00042522102012299,-0.40773847699165344,0.0002147081686416641,0.00021042312437202781,8.973398735179217e-08,0.0,0.0,0.0,2.085573214571923e-05,0.0,0.0,0.5803928971290588,0.15989921987056732,,,,,,,,,,,,,,,,
635,0.00036525202449411154,-0.4111570715904236,0.00018241799261886626,0.00018273676687385887,9.727746430598927e-08,0.0,0.0,0.0,1.6838514056871645e-05,0.0,0.0,0.6017303466796875,0.16134662926197052,,,,,,,,,,,,,,,,
636,0.00033812993206083775,-0.4123266339302063,0.0001700198627077043,0.0001679913984844461,1.1867820859379208e-07,0.0,0.0,0.0,3.1703926595127996e-08,0.0,0.0,0.6182619333267212,0.16183719038963318,,,,,,,,,,,,,,,,
637,0.0003645377291832119,-0.41032692790031433,0.00018158166494686157,0.00018287792045157403,7.813688540636576e-08,0.0,0.0,0.0,2.1441088392748497e-05,0.0,0.0,0.6136100888252258,0.161786288022995,,,,,,,,,,,,,,,,
638,0.0003688388387672603,-0.41009485721588135,0.00018430224736221135,0.00018441765860188752,1.1892883122754938e-07,0.0,0.0,0.0,7.619990356033668e-05,0.0,0.0,0.6130944490432739,0.16173668205738068,,,,,,,,,,,,,,,,
639,0.0003346952435094863,-0.4109227657318115,0.00016753420641180128,0.000167078324011527,8.27222663701832e-08,0.0,0.0,0.0,4.3113919673487544e-05,0.0,0.0,0.6048821806907654,0.16101160645484924,,,,,,,,,,,,,,,,
640,0.0004291022487450391,-0.4129253923892975,0.00021698744967579842,0.00021204246149864048,7.233098386905112e-08,0.0,0.0,0.0,2.5413761250092648e-05,0.0,0.0,0.5932320356369019,0.16073095798492432,,,,,,,,,,,,,,,,
641,0.0003631696163211018,-0.4140580892562866,0.00018582674965728074,0.00017716287402436137,1.799948989855693e-07,0.0,0.0,0.0,7.974274012667593e-06,0.0,0.0,0.5878608822822571,0.1602654904127121,,,,,,,,,,,,,,,,
642,0.0003342832496855408,-0.41416120529174805,0.00017061737889889628,0.00016358793072868139,7.795049583592117e-08,0.0,0.0,0.0,1.653260551393032e-05,0.0,0.0,0.5750311017036438,0.15959669649600983,,,,,,,,,,,,,,,,
643,0.00039646049845032394,-0.4140413999557495,0.00019961495127063245,0.00019676913507282734,7.639291510486146e-08,0.0,0.0,0.0,1.3261220374261029e-05,0.0,0.0,0.5716442465782166,0.15946201980113983,,,,,,,,,,,,,,,,
644,0.0003612223663367331,-0.4136984348297119,0.00018197584722656757,0.00017917156219482422,7.495714982042045e-08,0.0,0.0,0.0,0.0,0.0,0.0,0.5607853531837463,0.1592179536819458,,,,,,,,,,,,,,,,
645,0.0003208561975043267,-0.4147307872772217,0.00016187310393434018,0.00015874909877311438,2.3399120152589603e-07,0.0,0.0,0.0,0.0,0.0,0.0,0.5678414702415466,0.1590132862329483,,,,,,,,,,,,,,,,
646,0.0003447451163083315,-0.4141369163990021,0.00017704901983961463,0.00016761748702265322,7.861596884595201e-08,0.0,0.0,0.0,4.8042534217529465e-06,0.0,0.0,0.5674982070922852,0.1597207635641098,,,,,,,,,,,,,,,,
647,0.00034198336652480066,-0.41442424058914185,0.00017362681683152914,0.0001682858564890921,7.06904828007282e-08,0.0,0.0,0.0,1.431078260338836e-07,0.0,0.0,0.5706346035003662,0.16027620434761047,,,,,,,,,,,,,,,,
648,0.0003499321755953133,-0.4160628616809845,0.00017457370995543897,0.00017508870223537087,2.697498473480664e-07,0.0,0.0,0.0,4.667970188165782e-06,0.0,0.0,0.5772987008094788,0.1600259691476822,,,,,,,,,,,,,,,,
649,0.0003395355597604066,-0.41681256890296936,0.00017242673493456095,0.0001670410274527967,6.778783756544726e-08,0.0,0.0,0.0,1.9104313651041593e-06,0.0,0.0,0.5856081247329712,0.16010631620883942,,,,,,,,,,,,,,,,
650,0.0003467713831923902,-0.4171920120716095,0.00017058150842785835,0.00017616427794564515,2.5615316090465967e-08,0.0,0.0,0.0,4.344899551256276e-08,0.0,0.0,0.5825279355049133,0.16019974648952484,,,,,,,,,,,,,,,,
651,0.0003372139181010425,-0.4159375727176666,0.00016931051504798234,0.00016783815226517618,6.525883833319313e-08,0.0,0.0,0.0,4.8550798936730644e-08,0.0,0.0,0.5908243656158447,0.1605692207813263,,,,,,,,,,,,,,,,
652,0.00040557203465141356,-0.4161912500858307,0.00020575925009325147,0.00019979932403657585,1.3476434190806685e-08,0.0,0.0,0.0,1.84825221367646e-05,0.0,0.0,0.5956584215164185,0.16144688427448273,,,,,,,,,,,,,,,,
653,0.00038878247141838074,-0.41873225569725037,0.0001973561302293092,0.00019136423361487687,6.210606073864255e-08,0.0,0.0,0.0,1.1403439259538573e-07,0.0,0.0,0.5967438817024231,0.16123171150684357,,,,,,,,,,,,,,,,
654,0.00033532013185322285,-0.4185609817504883,0.00016776096890680492,0.00016749833594076335,6.08214989483713e-08,0.0,0.0,0.0,1.1650495679305095e-08,0.0,0.0,0.5964454412460327,0.16073650121688843,,,,,,,,,,,,,,,,
655,0.00031040713656693697,-0.4158896803855896,0.00015126056678127497,0.0001590867614140734,5.981105033470158e-08,0.0,0.0,0.0,6.15585975083377e-07,0.0,0.0,0.5957414507865906,0.1610635221004486,,,,,,,,,,,,,,,,
656,0.00033673757570795715,-0.4177113175392151,0.00016815758135635406,0.00016852204862516373,5.794819912807725e-08,0.0,0.0,0.0,3.762948836083524e-05,0.0,0.0,0.5910112857818604,0.16078560054302216,,,,,,,,,,,,,,,,
657,0.0003575790033210069,-0.4221174120903015,0.0001813869457691908,0.00017613543604966253,5.661719981731039e-08,0.0,0.0,0.0,1.654255720495712e-05,0.0,0.0,0.5903397798538208,0.1600886732339859,,,,,,,,,,,,,,,,
658,0.00033421270200051367,-0.4219253957271576,0.0001674560917308554,0.00016672980564180762,2.6803549602050225e-08,0.0,0.0,0.0,5.767919919463793e-09,0.0,0.0,0.5829415321350098,0.16020365059375763,,,,,,,,,,,,,,,,
659,0.0003459085419308394,-0.41887447237968445,0.00017534129437990487,0.00017051317263394594,5.407079584074381e-08,0.0,0.0,0.0,1.707776853265841e-08,0.0,0.0,0.5661028027534485,0.1588449627161026,,,,,,,,,,,,,,,,
660,0.00034229314769618213,-0.42047810554504395,0.00017207690689247102,0.00017016087076626718,5.537756919693493e-08,0.0,0.0,0.0,8.700860234966967e-06,0.0,0.0,0.5605108141899109,0.15897153317928314,,,,,,,,,,,,,,,,
661,0.00032292562536895275,-0.42232242226600647,0.0001627577730687335,0.0001601160183781758,5.183314044643339e-08,0.0,0.0,0.0,6.825530817877734e-06,0.0,0.0,0.5554360747337341,0.157990962266922,,,,,,,,,,,,,,,,
662,0.00031453761039301753,-0.42457303404808044,0.00015831163909751922,0.00015617534518241882,5.064894281758825e-08,0.0,0.0,0.0,2.931669314421015e-06,0.0,0.0,0.5635918974876404,0.1578024923801422,,,,,,,,,,,,,,,,
663,0.0003927004581782967,-0.4201101064682007,0.00019628508016467094,0.0001963597460417077,5.562576887996329e-08,0.0,0.0,0.0,1.0362898450466673e-07,0.0,0.0,0.5716168880462646,0.1584540158510208,,,,,,,,,,,,,,,,
664,0.0003809967020060867,-0.4201255142688751,0.0001903223746921867,0.00019063510990235955,3.919236135629944e-08,0.0,0.0,0.0,0.0,0.0,0.0,0.5801355242729187,0.15956491231918335,,,,,,,,,,,,,,,,
665,0.0003905805351678282,-0.4236913323402405,0.00019571949087549,0.0001948133867699653,4.765742644963211e-08,0.0,0.0,0.0,1.8005636093221256e-08,0.0,0.0,0.6042253375053406,0.16051577031612396,,,,,,,,,,,,,,,,
666,0.00033221475314348936,-0.4268825650215149,0.00016877675079740584,0.00016342630260623991,1.1694246460081104e-08,0.0,0.0,0.0,5.027336555940565e-06,0.0,0.0,0.6025347113609314,0.16099970042705536,,,,,,,,,,,,,,,,
667,0.0003769072354771197,-0.42298299074172974,0.00019024101493414491,0.0001866460806922987,2.0128377187234037e-08,0.0,0.0,0.0,7.339077455981169e-06,0.0,0.0,0.6141619086265564,0.16159451007843018,,,,,,,,,,,,,,,,
668,0.0003200654755346477,-0.42195361852645874,0.00016140061779879034,0.000158602386363782,6.245675621130431e-08,0.0,0.0,0.0,5.484301723868157e-08,0.0,0.0,0.6282424926757812,0.16207271814346313,,,,,,,,,,,,,,,,
669,0.0003463353787083179,-0.4223347008228302,0.00017355316958855838,0.00017272052355110645,6.167378785448818e-08,0.0,0.0,0.0,1.4000598014263232e-07,0.0,0.0,0.6195042729377747,0.16128818690776825,,,,,,,,,,,,,,,,
670,0.00032958915107883513,-0.4255114495754242,0.00016495041199959815,0.00016457120364066213,6.754999049007893e-08,0.0,0.0,0.0,1.980512394084144e-07,0.0,0.0,0.6121464371681213,0.16085933148860931,,,,,,,,,,,,,,,,
671,0.0003102573682554066,-0.4246293008327484,0.0001548538712086156,0.00015536083083134145,4.26623962823669e-08,0.0,0.0,0.0,2.958078039227985e-05,0.0,0.0,0.590224027633667,0.16041244566440582,,,,,,,,,,,,,,,,
672,0.00034517940366640687,-0.42666444182395935,0.00017119190306402743,0.00017394544556736946,4.2047862081062704e-08,0.0,0.0,0.0,8.004344920209405e-08,0.0,0.0,0.5823290944099426,0.16006158292293549,,,,,,,,,,,,,,,,
673,0.0003066511999350041,-0.42749443650245667,0.00015106803039088845,0.00015554155106656253,4.162441058497279e-08,0.0,0.0,0.0,3.835968527710065e-06,0.0,0.0,0.5620214343070984,0.15927352011203766,,,,,,,,,,,,,,,,
674,0.000327275600284338,-0.42740368843078613,0.00016546831466257572,0.00016180436068680137,2.9231117526506978e-09,0.0,0.0,0.0,1.2186426829430275e-05,0.0,0.0,0.5552311539649963,0.1591731309890747,,,,,,,,,,,,,,,,
675,0.0003385947784408927,-0.4267204701900482,0.00017111135821323842,0.00016743993910495192,4.349070792386556e-08,0.0,0.0,0.0,4.2931493027253964e-08,0.0,0.0,0.5460026860237122,0.15831592679023743,,,,,,,,,,,,,,,,
676,0.0003474303230177611,-0.4275228977203369,0.0001744932815199718,0.00017289539391640574,4.164111899740419e-08,0.0,0.0,0.0,6.484022918584742e-08,0.0,0.0,0.5489005446434021,0.15866497159004211,,,,,,,,,,,,,,,,
677,0.00031480580219067633,-0.4267411231994629,0.00016088440315797925,0.0001538800133857876,4.1389291993709776e-08,0.0,0.0,0.0,1.4065556570130866e-05,0.0,0.0,0.5468899607658386,0.15895269811153412,,,,,,,,,,,,,,,,
678,0.00035816189483739436,-0.4258553385734558,0.00018109944358002394,0.0001769774971762672,8.496282077885553e-08,0.0,0.0,0.0,0.0,0.0,0.0,0.5473329424858093,0.15909262001514435,,,,,,,,,,,,,,,,
679,0.0003263634571339935,-0.42941540479660034,0.0001637970271985978,0.00016250304179266095,6.339048042036666e-08,0.0,0.0,0.0,2.2124482711660676e-05,0.0,0.0,0.5602229833602905,0.15924327075481415,,,,,,,,,,,,,,,,
680,0.00031169335125014186,-0.4308900535106659,0.0001584266865393147,0.00015322677791118622,3.988247598840644e-08,0.0,0.0,0.0,2.1387631932157092e-05,0.0,0.0,0.5666922926902771,0.15961642563343048,,,,,,,,,,,,,,,,
681,0.0003635316388681531,-0.4295463562011719,0.0001842272758949548,0.00017926786676980555,3.6508936318568885e-08,0.0,0.0,0.0,2.7021860660170205e-05,0.0,0.0,0.5741750597953796,0.16066965460777283,,,,,,,,,,,,,,,,
682,0.0003386967582628131,-0.42912542819976807,0.0001673582155490294,0.00017130318155977875,3.535301473789332e-08,0.0,0.0,0.0,9.685504664957989e-06,0.0,0.0,0.5862109065055847,0.16065721213817596,,,,,,,,,,,,,,,,
683,0.0003086065989919007,-0.42997559905052185,0.00015532840916421264,0.00015323741536121815,4.0786918731328115e-08,0.0,0.0,0.0,3.308489249320701e-05,0.0,0.0,0.5951333045959473,0.16041059792041779,,,,,,,,,,,,,,,,
684,0.00033455310040153563,-0.43025487661361694,0.0001651344500714913,0.00016921100905165076,2.076699701092366e-07,0.0,0.0,0.0,4.622893623462687e-09,0.0,0.0,0.600097119808197,0.16087257862091064,,,,,,,,,,,,,,,,
685,0.0002896742953453213,-0.4290141463279724,0.0001442737557226792,0.0001453673467040062,3.319465591289372e-08,0.0,0.0,0.0,2.7806634534499608e-05,0.0,0.0,0.5908671021461487,0.1601482480764389,,,,,,,,,,,,,,,,
686,0.0003187107213307172,-0.4306439161300659,0.00016045349184423685,0.00015821889974176884,3.833834938404834e-08,0.0,0.0,0.0,1.2761252037307713e-06,0.0,0.0,0.5918959379196167,0.16051951050758362,,,,,,,,,,,,,,,,
687,0.00036554556572809815,-0.43413296341896057,0.0001832054549595341,0.00018227598047815263,6.414327913262241e-08,0.0,0.0,0.0,5.874061681510057e-09,0.0,0.0,0.5780322551727295,0.1595110446214676,,,,,,,,,,,,,,,,
688,0.00034674638300202787,-0.4333455264568329,0.00017369823763146996,0.0001730226940708235,2.546697785987817e-08,0.0,0.0,0.0,3.4559524686450516e-10,0.0,0.0,0.5663187503814697,0.15893831849098206,,,,,,,,,,,,,,,,
689,0.00032057741191238165,-0.4312751889228821,0.00015962595352903008,0.00016092104488052428,3.041169094331053e-08,0.0,0.0,0.0,2.698597018024884e-05,0.0,0.0,0.5694661140441895,0.15904538333415985,,,,,,,,,,,,,,,,
690,0.0003212755254935473,-0.43175753951072693,0.0001608145103091374,0.00016043118375819176,2.9831365822019507e-08,0.0,0.0,0.0,3.9186451306072456e-10,0.0,0.0,0.5783892273902893,0.15905797481536865,,,,,,,,,,,,,,,,
691,0.000329386442899704,-0.4321368932723999,0.00016369923832826316,0.00016565812984481454,2.9060236883537982e-08,0.0,0.0,0.0,7.242744686664082e-06,0.0,0.0,0.5704721212387085,0.1587439477443695,,,,,,,,,,,,,,,,
692,0.0003268338623456657,-0.43453410267829895,0.00016393947589676827,0.0001628659520065412,2.8421091258223896e-08,0.0,0.0,0.0,2.3445529222954065e-05,0.0,0.0,0.5630327463150024,0.15858060121536255,,,,,,,,,,,,,,,,
693,0.0003544712089933455,-0.43315044045448303,0.00017819849017541856,0.00017624480824451894,2.792337028267866e-08,0.0,0.0,0.0,1.4550087144016288e-06,0.0,0.0,0.5611741542816162,0.15862424671649933,,,,,,,,,,,,,,,,
694,0.0003091072430834174,-0.43370193243026733,0.000155147718032822,0.00015395288937725127,6.639177652090211e-09,0.0,0.0,0.0,3.714029617185588e-08,0.0,0.0,0.5804554224014282,0.15944184362888336,,,,,,,,,,,,,,,,
695,0.0003185201494488865,-0.4349968731403351,0.0001590162719367072,0.00015948808868415654,1.579660491302093e-08,0.0,0.0,0.0,2.4707231816023523e-09,0.0,0.0,0.5721259117126465,0.1593177616596222,,,,,,,,,,,,,,,,
696,0.00031217659125104547,-0.4347022473812103,0.0001602968986844644,0.00015185357187874615,2.613590588396164e-08,0.0,0.0,0.0,2.149132853901392e-07,0.0,0.0,0.5729346871376038,0.15897251665592194,,,,,,,,,,,,,,,,
697,0.00030751689337193966,-0.4343234896659851,0.0001542634126963094,0.00015322762192226946,2.584055636134508e-08,0.0,0.0,0.0,0.0,0.0,0.0,0.5628172159194946,0.15923945605754852,,,,,,,,,,,,,,,,
698,0.0003742928383871913,-0.43528199195861816,0.00018792381160892546,0.00018634347361512482,2.554766354023741e-08,0.0,0.0,0.0,2.6894213078776374e-05,0.0,0.0,0.5556312799453735,0.15867213904857635,,,,,,,,,,,,,,,,
699,0.0003126352676190436,-0.4377778172492981,0.00015651158173568547,0.00015609912225045264,2.455606384899056e-08,0.0,0.0,0.0,5.226479515840765e-06,0.0,0.0,0.5453864336013794,0.15819358825683594,,,,,,,,,,,,,,,,
700,0.0003134659200441092,-0.43766164779663086,0.0001574789494043216,0.00015590767725370824,7.931054568643958e-08,0.0,0.0,0.0,1.213814737610619e-08,0.0,0.0,0.5537436604499817,0.15790404379367828,,,,,,,,,,,,,,,,
701,0.00033551923115737736,-0.4361391067504883,0.0001677467953413725,0.00016774883260950446,2.3606931520703256e-08,0.0,0.0,0.0,0.0,0.0,0.0,0.5589936375617981,0.15865331888198853,,,,,,,,,,,,,,,,
702,0.00031715637305751443,-0.4366771876811981,0.00015856005484238267,0.00015856960089877248,2.670478949085009e-08,0.0,0.0,0.0,1.5874302334850654e-06,0.0,0.0,0.5632873177528381,0.15899179875850677,,,,,,,,,,,,,,,,
703,0.00033790504676289856,-0.43851447105407715,0.0001658291439525783,0.00017207015480380505,5.7199844860633675e-09,0.0,0.0,0.0,0.0,0.0,0.0,0.58160400390625,0.15905271470546722,,,,,,,,,,,,,,,,
704,0.0002896108780987561,-0.4383373260498047,0.00014365969400387257,0.00014592899242416024,2.2174120317686175e-08,0.0,0.0,0.0,4.837259126588833e-08,0.0,0.0,0.5771968364715576,0.15937502682209015,,,,,,,,,,,,,,,,
705,0.0003405690658837557,-0.43726885318756104,0.0001731013908283785,0.00016744511958677322,2.2541257749253418e-08,0.0,0.0,0.0,6.340603153631719e-09,0.0,0.0,0.5697838068008423,0.1584455668926239,,,,,,,,,,,,,,,,
706,0.00034696844522841275,-0.4390747547149658,0.0001732526143314317,0.00017369324632454664,2.2573351188270863e-08,0.0,0.0,0.0,0.0,0.0,0.0,0.5680512189865112,0.15832193195819855,,,,,,,,,,,,,,,,
707,0.000328691559843719,-0.4410111606121063,0.0001646401360630989,0.00016403077461291105,2.067132953698092e-08,0.0,0.0,0.0,5.81928727427794e-09,0.0,0.0,0.576035737991333,0.15924808382987976,,,,,,,,,,,,,,,,
708,0.00032403372460976243,-0.4403430223464966,0.00015900372818578035,0.00016500576748512685,2.4214886096274313e-08,0.0,0.0,0.0,0.0,0.0,0.0,0.5689654350280762,0.15864180028438568,,,,,,,,,,,,,,,,
709,0.0003074205305892974,-0.43931707739830017,0.00015415540838148445,0.00015324550622608513,1.9630139291848536e-08,0.0,0.0,0.0,1.0657671737135388e-05,0.0,0.0,0.5716168880462646,0.15833060443401337,,,,,,,,,,,,,,,,
710,0.00034414403489790857,-0.44125130772590637,0.00017269326781388372,0.00017143152945209295,1.92406446331006e-08,0.0,0.0,0.0,3.239493366891111e-07,0.0,0.0,0.5788766741752625,0.15892085433006287,,,,,,,,,,,,,,,,
711,0.0002889386669266969,-0.4431695342063904,0.00014454324264079332,0.00014437508070841432,2.0352436180814948e-08,0.0,0.0,0.0,8.696091846616127e-09,0.0,0.0,0.5842893719673157,0.1587536782026291,,,,,,,,,,,,,,,,
712,0.00031855690758675337,-0.44112926721572876,0.0001574412890477106,0.00016109785065054893,1.775235425327537e-08,0.0,0.0,0.0,3.7898057598795276e-06,0.0,0.0,0.5836538672447205,0.1598789244890213,,,,,,,,,,,,,,,,
713,0.00031103132641874254,-0.44030338525772095,0.00015737027570139617,0.00015364335558842868,1.768210111663393e-08,0.0,0.0,0.0,9.651100896235221e-08,0.0,0.0,0.5782359838485718,0.15980161726474762,,,,,,,,,,,,,,,,
714,0.00031919259345158935,-0.44264358282089233,0.00016217176744248718,0.0001570044842083007,1.635979174352542e-08,0.0,0.0,0.0,1.6895066892175237e-06,0.0,0.0,0.5826894044876099,0.15892209112644196,,,,,,,,,,,,,,,,
715,0.0003348978061694652,-0.443558931350708,0.00016917299944907427,0.00016570862499065697,1.6193112628570816e-08,0.0,0.0,0.0,1.3519681374418724e-07,0.0,0.0,0.5698047876358032,0.15886494517326355,,,,,,,,,,,,,,,,
716,0.00032537966035306454,-0.44185903668403625,0.00016654781938996166,0.00015881653234828264,1.5305451128710956e-08,0.0,0.0,0.0,2.9966494707878155e-07,0.0,0.0,0.5584026575088501,0.15821526944637299,,,,,,,,,,,,,,,,
717,0.0003095343126915395,-0.4437808096408844,0.00015353760682046413,0.00015598184836562723,1.4849606877476162e-08,0.0,0.0,0.0,5.793064361547806e-10,0.0,0.0,0.5684111714363098,0.15877074003219604,,,,,,,,,,,,,,,,
718,0.0003135544538963586,-0.4445323944091797,0.0001594476489117369,0.0001540925877634436,1.424448292652869e-08,0.0,0.0,0.0,9.1286083261366e-06,0.0,0.0,0.5677656531333923,0.15873931348323822,,,,,,,,,,,,,,,,
719,0.00033036680542863905,-0.44233250617980957,0.00016556128684896976,0.00016479191253893077,1.3600554460424519e-08,0.0,0.0,0.0,2.2029266801837366e-06,0.0,0.0,0.5712775588035583,0.1581084430217743,,,,,,,,,,,,,,,,
720,0.0003075029235333204,-0.4436520040035248,0.00015258615894708782,0.00015488358621951193,3.316599617164684e-08,0.0,0.0,0.0,0.0,0.0,0.0,0.5671201348304749,0.15815061330795288,,,,,,,,,,,,,,,,
721,0.00031198564101941884,-0.446828156709671,0.0001569309097249061,0.0001550412125652656,1.3524375397366839e-08,0.0,0.0,0.0,9.914650433984207e-08,0.0,0.0,0.5571953654289246,0.1578136533498764,,,,,,,,,,,,,,,,
722,0.00031868350924924016,-0.44784340262413025,0.00015961179451551288,0.00015906036423984915,1.1364163832183749e-08,0.0,0.0,0.0,0.0,0.0,0.0,0.552600085735321,0.15798510611057281,,,,,,,,,,,,,,,,
723,0.00031339205452241004,-0.44520312547683716,0.00015619676560163498,0.00015718102804385126,1.4250607804910942e-08,0.0,0.0,0.0,0.0,0.0,0.0,0.5550217032432556,0.1575707644224167,,,,,,,,,,,,,,,,
724,0.0002968906192108989,-0.44557416439056396,0.00014771321730222553,0.00014916709915269166,1.0308026432426232e-08,0.0,0.0,0.0,5.8042751049924846e-08,0.0,0.0,0.5568979382514954,0.15792258083820343,,,,,,,,,,,,,,,,
725,0.0003107325464952737,-0.44638651609420776,0.00015659192285966128,0.00015412928769364953,1.1310027581146187e-08,0.0,0.0,0.0,0.0,0.0,0.0,0.5576751232147217,0.1574297547340393,,,,,,,,,,,,,,,,
726,0.0003169203409925103,-0.4463392198085785,0.00016213947674259543,0.00015477149281650782,9.36024324715845e-09,0.0,0.0,0.0,0.0,0.0,0.0,0.5627768635749817,0.15805059671401978,,,,,,,,,,,,,,,,
727,0.00029863149393349886,-0.4456462562084198,0.00014943353016860783,0.00014919741079211235,5.440600192585521e-10,0.0,0.0,0.0,1.285322923649801e-07,0.0,0.0,0.5672580003738403,0.1583067923784256,,,,,,,,,,,,,,,,
728,0.00031794802634976804,-0.4473433792591095,0.00016226085426751524,0.00015568682283628732,3.581362983950953e-10,0.0,0.0,0.0,1.1436942486398038e-06,0.0,0.0,0.5679148435592651,0.1578773558139801,,,,,,,,,,,,,,,,
729,0.0002982979640364647,-0.44953081011772156,0.00014987459871917963,0.0001484151289332658,8.237599935512208e-09,0.0,0.0,0.0,1.2758708180626854e-05,0.0,0.0,0.5656995177268982,0.15843287110328674,,,,,,,,,,,,,,,,
730,0.00030204231734387577,-0.44792500138282776,0.0001503073435742408,0.00015171649283729494,1.847942954213977e-08,0.0,0.0,0.0,1.3155459832603356e-08,0.0,0.0,0.5609665513038635,0.15839189291000366,,,,,,,,,,,,,,,,
731,0.00029965449357405305,-0.44862398505210876,0.00015392774366773665,0.00014571912470273674,7.639493482258786e-09,0.0,0.0,0.0,3.8766467813644567e-10,0.0,0.0,0.557937502861023,0.15801045298576355,,,,,,,,,,,,,,,,
732,0.00030553835676983,-0.449783593416214,0.00015504764451179653,0.0001504829415353015,7.75792408092002e-09,0.0,0.0,0.0,4.871392775385175e-06,0.0,0.0,0.5478830933570862,0.1575324982404709,,,,,,,,,,,,,,,,
733,0.0003407414769753814,-0.44966113567352295,0.00017231966194231063,0.00016841474280226976,7.075783070575881e-09,0.0,0.0,0.0,7.159649956234304e-11,0.0,0.0,0.5433200597763062,0.1571822613477707,,,,,,,,,,,,,,,,
734,0.0002953446819446981,-0.44982725381851196,0.0001473475422244519,0.00014799399650655687,3.133246551101365e-09,0.0,0.0,0.0,2.1352737633595353e-10,0.0,0.0,0.5391395688056946,0.15727917850017548,,,,,,,,,,,,,,,,
735,0.0003102326882071793,-0.44984638690948486,0.0001550920569570735,0.000155136629473418,4.0044683125017855e-09,0.0,0.0,0.0,8.871472090277166e-08,0.0,0.0,0.5362364649772644,0.15674884617328644,,,,,,,,,,,,,,,,
736,0.00027768948348239064,-0.4511522054672241,0.00014121409913059324,0.00013646909792441875,6.2982108417486415e-09,0.0,0.0,0.0,4.6665737940543295e-09,0.0,0.0,0.5430432558059692,0.15782487392425537,,,,,,,,,,,,,,,,
737,0.00030910602072253823,-0.4517439901828766,0.00015446874022018164,0.0001546352868899703,1.969528318213065e-09,0.0,0.0,0.0,4.835751497012097e-07,0.0,0.0,0.5497008562088013,0.15733259916305542,,,,,,,,,,,,,,,,
738,0.00030145159689709544,-0.44941455125808716,0.0001508140267105773,0.00015063176397234201,5.819887682889657e-09,0.0,0.0,0.0,1.6592188103459193e-06,0.0,0.0,0.565619945526123,0.15829554200172424,,,,,,,,,,,,,,,,
739,0.0003115363942924887,-0.45225009322166443,0.00015828445611987263,0.0001532452879473567,6.671913244105099e-09,0.0,0.0,0.0,1.794158777101984e-07,0.0,0.0,0.5700857043266296,0.15854983031749725,,,,,,,,,,,,,,,,
740,0.0003031430533155799,-0.4529370367527008,0.00015060833538882434,0.00015252907178364694,5.636222599747498e-09,0.0,0.0,0.0,5.464224614115665e-06,0.0,0.0,0.573944091796875,0.15849943459033966,,,,,,,,,,,,,,,,
741,0.0002981345169246197,-0.4517286717891693,0.0001484660606365651,0.00014966173330321908,6.712402633723968e-09,0.0,0.0,0.0,7.125469547730745e-09,0.0,0.0,0.5736163258552551,0.15938429534435272,,,,,,,,,,,,,,,,
742,0.0002677328302524984,-0.45031654834747314,0.00013582102837972343,0.00013190678146202117,4.995663882567669e-09,0.0,0.0,0.0,3.198082154654003e-08,0.0,0.0,0.5746229290962219,0.15829116106033325,,,,,,,,,,,,,,,,
743,0.0002980329445563257,-0.4513077139854431,0.00014921085676178336,0.00014881738752592355,4.7270156677825526e-09,0.0,0.0,0.0,6.3303996284957975e-06,0.0,0.0,0.5768480896949768,0.15875868499279022,,,,,,,,,,,,,,,,
744,0.00030320114456117153,-0.45510685443878174,0.00015387932944577187,0.00014931726036593318,4.540520848195229e-09,0.0,0.0,0.0,1.3487538197409776e-08,0.0,0.0,0.5627282857894897,0.15791283547878265,,,,,,,,,,,,,,,,
745,0.0002996384573634714,-0.45263704657554626,0.0001507931883679703,0.00014884093252476305,4.341408121888435e-09,0.0,0.0,0.0,2.3193546638822227e-08,0.0,0.0,0.5549575090408325,0.15779218077659607,,,,,,,,,,,,,,,,
746,0.0002770370920188725,-0.45163509249687195,0.0001402643247274682,0.000136768605443649,4.157021393780269e-09,0.0,0.0,0.0,1.2831620779252262e-06,0.0,0.0,0.5434572696685791,0.1570141762495041,,,,,,,,,,,,,,,,
747,0.0002947939792647958,-0.4552590548992157,0.00014921108959242702,0.00014557596296072006,6.915345629465719e-09,0.0,0.0,0.0,1.6039982710935874e-06,0.0,0.0,0.5293915867805481,0.15615707635879517,,,,,,,,,,,,,,,,
748,0.0002832963364198804,-0.4584166705608368,0.00014090514741837978,0.00014221708988770843,1.7410914665560995e-07,0.0,0.0,0.0,3.317271648484166e-07,0.0,0.0,0.5318692326545715,0.1565832793712616,,,,,,,,,,,,,,,,
749,0.0003215037868358195,-0.4536859095096588,0.00015887054905761033,0.00016263144789263606,1.8105072996377203e-09,0.0,0.0,0.0,6.211602112671244e-07,0.0,0.0,0.5259854197502136,0.15575185418128967,,,,,,,,,,,,,,,,
750,0.0003278414369560778,-0.4528543949127197,0.00016670550394337624,0.00016112155572045594,1.4386850821779262e-08,0.0,0.0,0.0,2.620140730869025e-05,0.0,0.0,0.5270012021064758,0.15567447245121002,,,,,,,,,,,,,,,,
751,0.0003838623524643481,-0.4561823308467865,0.00019211851758882403,0.00019174025510437787,3.570247208983801e-09,0.0,0.0,0.0,1.254355811397545e-05,0.0,0.0,0.5282028913497925,0.15563403069972992,,,,,,,,,,,,,,,,
752,0.00040644261753186584,-0.45923081040382385,0.00020374910673126578,0.0002026904548984021,3.043423291160252e-09,0.0,0.0,0.0,4.330778722305695e-07,0.0,0.0,0.546697735786438,0.1569289267063141,,,,,,,,,,,,,,,,
753,0.00031797942938283086,-0.45464301109313965,0.0001597880618646741,0.0001581803080625832,1.1049713144473117e-08,0.0,0.0,0.0,1.0904938818612209e-07,0.0,0.0,0.5624005198478699,0.1582024097442627,,,,,,,,,,,,,,,,
754,0.0002958245459012687,-0.45433011651039124,0.0001470381102990359,0.0001487837580498308,2.6763982141631004e-09,0.0,0.0,0.0,1.7596981706446968e-05,0.0,0.0,0.5701175928115845,0.15868501365184784,,,,,,,,,,,,,,,,
755,0.00031426589703187346,-0.46072933077812195,0.00015772412007208914,0.00015653262380510569,9.125307620649892e-09,0.0,0.0,0.0,3.48217181453947e-05,0.0,0.0,0.5724097490310669,0.15860296785831451,,,,,,,,,,,,,,,,
756,0.00031917134765535593,-0.4620357155799866,0.00016143042012117803,0.00015773814811836928,2.7842326222327074e-09,0.0,0.0,0.0,4.940370104122849e-07,0.0,0.0,0.572351336479187,0.15850400924682617,,,,,,,,,,,,,,,,
757,0.00028419317095540464,-0.4572995901107788,0.00014295948494691402,0.00014103154535405338,2.0212196716329345e-07,0.0,0.0,0.0,1.8643316934685572e-06,0.0,0.0,0.564115047454834,0.15818865597248077,,,,,,,,,,,,,,,,
758,0.0002841678506229073,-0.45811590552330017,0.00014175855903886259,0.00014240726886782795,2.007173316442845e-09,0.0,0.0,0.0,0.0,0.0,0.0,0.5657353401184082,0.157914400100708,,,,,,,,,,,,,,,,
759,0.0003018208371941,-0.45871931314468384,0.00015408414765261114,0.00014773444854654372,2.2381096975720993e-09,0.0,0.0,0.0,6.496757798402086e-09,0.0,0.0,0.5628454089164734,0.15767736732959747,,,,,,,,,,,,,,,,
760,0.00029777458985336125,-0.4593730568885803,0.00015141844050958753,0.00014635446132160723,1.6898775712093084e-09,0.0,0.0,0.0,2.4932532483035175e-07,0.0,0.0,0.5504965782165527,0.15694737434387207,,,,,,,,,,,,,,,,
761,0.0002999037387780845,-0.4583086371421814,0.00015132910630200058,0.00014843260578345507,1.4202274201124965e-07,0.0,0.0,0.0,7.298080504369864e-07,0.0,0.0,0.5603832602500916,0.15750493109226227,,,,,,,,,,,,,,,,
762,0.00029512355104088783,-0.46083635091781616,0.0001465572859160602,0.00014856485358905047,1.4002596859796768e-09,0.0,0.0,0.0,9.603236321709119e-06,0.0,0.0,0.5448596477508545,0.1568034291267395,,,,,,,,,,,,,,,,
763,0.00027349722222425044,-0.46299439668655396,0.00014035428466740996,0.00013314122043084353,1.7053183309911901e-09,0.0,0.0,0.0,6.5136191551573575e-06,0.0,0.0,0.5354803204536438,0.15582850575447083,,,,,,,,,,,,,,,,
764,0.000318815466016531,-0.4608207046985626,0.0001617729285499081,0.00015704106772318482,1.4440977302854208e-09,0.0,0.0,0.0,5.748273679273552e-08,0.0,0.0,0.5466510653495789,0.1562715768814087,,,,,,,,,,,,,,,,
765,0.0002866963332053274,-0.4605051577091217,0.00014216323324944824,0.0001445098896510899,2.3204568933010705e-08,0.0,0.0,0.0,3.696090189464485e-08,0.0,0.0,0.5471039414405823,0.1565982550382614,,,,,,,,,,,,,,,,
766,0.0002906550362240523,-0.4642736613750458,0.0001453448348911479,0.00014530224143527448,7.932786871833741e-09,0.0,0.0,0.0,7.078727293219345e-08,0.0,0.0,0.5478131771087646,0.15715685486793518,,,,,,,,,,,,,,,,
767,0.00027475805836729705,-0.46186500787734985,0.0001374021958326921,0.00013735424727201462,1.588153275555726e-09,0.0,0.0,0.0,4.0002652212933754e-07,0.0,0.0,0.5736963748931885,0.15707232058048248,,,,,,,,,,,,,,,,
768,0.0002904796856455505,-0.45972850918769836,0.00014702443149872124,0.00014345336239784956,1.893190049173654e-09,0.0,0.0,0.0,2.3535439222510668e-11,0.0,0.0,0.5682969093322754,0.15764431655406952,,,,,,,,,,,,,,,,
769,0.00029124674620106816,-0.4628371298313141,0.00014326869859360158,0.00014796834148000926,9.729682837189557e-09,0.0,0.0,0.0,2.1628272861562436e-07,0.0,0.0,0.5726434588432312,0.15780074894428253,,,,,,,,,,,,,,,,
770,0.00028849279624409974,-0.4653759002685547,0.0001444907538825646,0.0001440007472410798,1.3129124454280827e-09,0.0,0.0,0.0,0.0,0.0,0.0,0.5609965324401855,0.1575421690940857,,,,,,,,,,,,,,,,
771,0.0003007014747709036,-0.4645046889781952,0.00015166850062087178,0.000149032668559812,2.9746571872379945e-10,0.0,0.0,0.0,3.090342914902067e-08,0.0,0.0,0.5614447593688965,0.1577359139919281,,,,,,,,,,,,,,,,
772,0.00031106406822800636,-0.46013593673706055,0.00015505093324463814,0.00015601293125655502,2.1677801220754134e-10,0.0,0.0,0.0,3.839672579886155e-09,0.0,0.0,0.5697999000549316,0.1583850085735321,,,,,,,,,,,,,,,,
773,0.0002892535412684083,-0.46457046270370483,0.00014545039448421448,0.00014380297216121107,1.6432859240023134e-10,0.0,0.0,0.0,1.6538295710688544e-07,0.0,0.0,0.5665485858917236,0.1584342122077942,,,,,,,,,,,,,,,,
774,0.00032270385418087244,-0.4668663740158081,0.00016238781972788274,0.00016031315317377448,2.8706876875617127e-09,0.0,0.0,0.0,1.1922766773864168e-08,0.0,0.0,0.5596444010734558,0.1576041728258133,,,,,,,,,,,,,,,,
775,0.0002819101791828871,-0.4646470844745636,0.00014246671344153583,0.0001394433929817751,4.40021283298897e-11,0.0,0.0,0.0,2.8785661854158207e-08,0.0,0.0,0.5521225333213806,0.1571664661169052,,,,,,,,,,,,,,,,
776,0.0002583524619694799,-0.46188822388648987,0.00012843182776123285,0.00012992059055250138,1.486083998913923e-11,0.0,0.0,0.0,2.7430209215140167e-08,0.0,0.0,0.5475765466690063,0.15661688148975372,,,,,,,,,,,,,,,,
777,0.0002837542851921171,-0.4661048650741577,0.00014242544420994818,0.0001413258141838014,3.03147840163831e-09,0.0,0.0,0.0,3.121144676043741e-09,0.0,0.0,0.5398104786872864,0.15665745735168457,,,,,,,,,,,,,,,,
778,0.0002964780433103442,-0.47023648023605347,0.00014803113299421966,0.0001484468812122941,2.372941773631787e-11,0.0,0.0,0.0,0.0,0.0,0.0,0.5228970050811768,0.15517529845237732,,,,,,,,,,,,,,,,
779,0.0003126676892861724,-0.46657270193099976,0.0001560797682031989,0.00015658776101190597,1.6543856562467596e-10,0.0,0.0,0.0,4.832197373616509e-05,0.0,0.0,0.5201928019523621,0.15479601919651031,,,,,,,,,,,,,,,,
780,0.000267737457761541,-0.4641910195350647,0.00013458411558531225,0.000133147623273544,5.720774076678481e-09,0.0,0.0,0.0,0.0,0.0,0.0,0.5273466110229492,0.15545693039894104,,,,,,,,,,,,,,,,
781,0.00030944685568101704,-0.46904024481773376,0.0001557697105454281,0.00015367653395514935,6.190511436798829e-10,0.0,0.0,0.0,2.908996350470261e-07,0.0,0.0,0.5318002104759216,0.1559465080499649,,,,,,,,,,,,,,,,
782,0.0003327926096972078,-0.46583232283592224,0.00017098239914048463,0.00016180705279111862,3.1793963017889837e-09,0.0,0.0,0.0,3.821752159183234e-08,0.0,0.0,0.5452545881271362,0.15660329163074493,,,,,,,,,,,,,,,,
783,0.000346836430253461,-0.4641799330711365,0.00017197401029989123,0.00017478618246968836,7.621510889066485e-08,0.0,0.0,0.0,1.1290384804851783e-07,0.0,0.0,0.5592404007911682,0.1576133370399475,,,,,,,,,,,,,,,,
784,0.0004448042600415647,-0.4679129719734192,0.00022098062618169934,0.00022382329916581511,3.5905448059203593e-10,0.0,0.0,0.0,9.497826169990731e-08,0.0,0.0,0.5662098526954651,0.15748487412929535,,,,,,,,,,,,,,,,
785,0.0002840834786184132,-0.4709773659706116,0.00014253832341637462,0.00014152492803987116,2.0228732466875954e-08,0.0,0.0,0.0,1.1555977286192842e-09,0.0,0.0,0.5618090033531189,0.15734347701072693,,,,,,,,,,,,,,,,
786,0.00029003043891862035,-0.46793097257614136,0.00014626602933276445,0.000143763332744129,1.06739972416392e-09,0.0,0.0,0.0,3.536296588890764e-08,0.0,0.0,0.5601388216018677,0.15802764892578125,,,,,,,,,,,,,,,,
787,0.0002734754525590688,-0.46678921580314636,0.00013644344289787114,0.00013702205615118146,9.957109803337971e-09,0.0,0.0,0.0,5.883902809422636e-10,0.0,0.0,0.5546566843986511,0.15697866678237915,,,,,,,,,,,,,,,,
788,0.0002946722088381648,-0.47308793663978577,0.00015018611156847328,0.00014447965077124536,6.456253753839292e-09,0.0,0.0,0.0,1.1581642311853102e-09,0.0,0.0,0.5642595887184143,0.157800555229187,,,,,,,,,,,,,,,,
789,0.0002712413261178881,-0.4717819094657898,0.00013453533756546676,0.00013670467888005078,1.322164155936889e-09,0.0,0.0,0.0,0.0,0.0,0.0,0.5460197329521179,0.15727567672729492,,,,,,,,,,,,,,,,
790,0.0002919850521720946,-0.4669750928878784,0.00014778954209759831,0.00014418669161386788,8.806231299729461e-09,0.0,0.0,0.0,3.1129509636684816e-08,0.0,0.0,0.5341375470161438,0.15720127522945404,,,,,,,,,,,,,,,,
791,0.00027474318630993366,-0.46907246112823486,0.0001361619506496936,0.0001385798677802086,1.3612022620179687e-09,0.0,0.0,0.0,5.3720491166586726e-08,0.0,0.0,0.5505349636077881,0.15721051394939423,,,,,,,,,,,,,,,,
792,0.0002875812351703644,-0.47222545742988586,0.00014541368000209332,0.0001421638735337183,3.6630585231733903e-09,0.0,0.0,0.0,0.0,0.0,0.0,0.5326717495918274,0.15637537837028503,,,,,,,,,,,,,,,,
793,0.0002920036786235869,-0.4721309244632721,0.00014682166511192918,0.00014518201351165771,0.0,0.0,0.0,0.0,8.993108480126466e-08,0.0,0.0,0.5286006927490234,0.15498396754264832,,,,,,,,,,,,,,,,
794,0.0002629052323754877,-0.46839576959609985,0.00013008472160436213,0.00013281492283567786,5.587550866437141e-09,0.0,0.0,0.0,1.4011586335627157e-09,0.0,0.0,0.5341364741325378,0.15538381040096283,,,,,,,,,,,,,,,,
795,0.0002749037812463939,-0.47074007987976074,0.00013700456474907696,0.00013789923104923218,0.0,0.0,0.0,0.0,8.585788435766517e-08,0.0,0.0,0.5272704362869263,0.1548522561788559,,,,,,,,,,,,,,,,
796,0.0002596478152554482,-0.4752201437950134,0.00012987815716769546,0.00012976948346477002,1.6754092557746958e-10,0.0,0.0,0.0,0.0,0.0,0.0,0.5350340008735657,0.1546747237443924,,,,,,,,,,,,,,,,
797,0.00027316107298247516,-0.472625195980072,0.00013926565588917583,0.00013368154759518802,2.138757366765276e-07,0.0,0.0,0.0,7.691921766195264e-09,0.0,0.0,0.5348042845726013,0.1548534482717514,,,,,,,,,,,,,,,,
798,0.0002657806617207825,-0.47078102827072144,0.00013502794899977744,0.0001307527272729203,7.332006096011368e-13,0.0,0.0,0.0,1.5869928982059633e-10,0.0,0.0,0.5520854592323303,0.1566316932439804,,,,,,,,,,,,,,,,
799,0.00027635457809083164,-0.47256025671958923,0.00014096034283284098,0.00013539423525799066,0.0,0.0,0.0,0.0,7.80217987994547e-08,0.0,0.0,0.5571184754371643,0.15748359262943268,,,,,,,,,,,,,,,,
800,0.0002709754335228354,-0.47646668553352356,0.00013648781168740243,0.0001344875927316025,2.880940451477354e-11,0.0,0.0,0.0,6.63885657559149e-09,0.0,0.0,0.5573868155479431,0.15642327070236206,,,,,,,,,,,,,,,,
801,0.00028288268367759883,-0.4738273322582245,0.0001419111795257777,0.00014097150415182114,0.0,0.0,0.0,0.0,0.0,0.0,0.0,0.557085394859314,0.1565946638584137,,,,,,,,,,,,,,,,
802,0.00025932330754585564,-0.4731910228729248,0.00012974887795280665,0.00012957434228155762,9.615742924129478e-11,0.0,0.0,0.0,1.0595352932796231e-06,0.0,0.0,0.5405834317207336,0.1570231020450592,,,,,,,,,,,,,,,,
803,0.00027728162240237,-0.4745870530605316,0.00013879954349249601,0.00013848183152731508,2.207723448499621e-10,0.0,0.0,0.0,9.91857476151381e-08,0.0,0.0,0.5406613945960999,0.1564714014530182,,,,,,,,,,,,,,,,
804,0.00026585120940580964,-0.4759829640388489,0.00013505890092346817,0.00013079230848234147,1.07515706407324e-11,0.0,0.0,0.0,3.146330527670216e-06,0.0,0.0,0.5470576882362366,0.156309574842453,,,,,,,,,,,,,,,,
805,0.0002895234792958945,-0.4745274782180786,0.00014769331028219312,0.00014182641461957246,3.7579641620766324e-09,0.0,0.0,0.0,0.0,0.0,0.0,0.5503381490707397,0.1566668003797531,,,,,,,,,,,,,,,,
806,0.00027624767972156405,-0.4757542014122009,0.00013883784413337708,0.00013740983558818698,9.307666399768766e-13,0.0,0.0,0.0,2.9447306815200136e-08,0.0,0.0,0.5426071286201477,0.15639878809452057,,,,,,,,,,,,,,,,
807,0.0002550514764152467,-0.4775536358356476,0.0001269236672669649,0.00012812782370019704,8.909078336172271e-12,0.0,0.0,0.0,3.017566418961337e-09,0.0,0.0,0.5185714364051819,0.15551257133483887,,,,,,,,,,,,,,,,
808,0.00027923553716391325,-0.47651001811027527,0.00014035965432412922,0.00013887581008020788,6.255499590546165e-11,0.0,0.0,0.0,1.3849791685061064e-05,0.0,0.0,0.5156170725822449,0.1549878567457199,,,,,,,,,,,,,,,,
809,0.0003567105159163475,-0.475168377161026,0.00018030006322078407,0.00017639918951317668,1.1263959542873181e-08,0.0,0.0,0.0,2.8560609280248173e-05,0.0,0.0,0.5183844566345215,0.15442787110805511,,,,,,,,,,,,,,,,
810,0.0002634639386087656,-0.4782707989215851,0.00013327390479389578,0.00013019003381486982,0.0,0.0,0.0,0.0,7.858378878178307e-12,0.0,0.0,0.5264280438423157,0.1549873799085617,,,,,,,,,,,,,,,,
811,0.00027187319938093424,-0.4790630042552948,0.00013579882215708494,0.000136074231704697,1.4630839595408673e-10,0.0,0.0,0.0,6.445924238818179e-09,0.0,0.0,0.5327645540237427,0.15560103952884674,,,,,,,,,,,,,,,,
812,0.00040375912794843316,-0.4756288528442383,0.00020250717352610081,0.00020125042647123337,1.5278082132752502e-09,0.0,0.0,0.0,1.1011717333531124e-06,0.0,0.0,0.5379636287689209,0.1566298007965088,,,,,,,,,,,,,,,,
813,0.00026959265233017504,-0.4772208333015442,0.00013523601228371263,0.00013435664004646242,3.6987444357317045e-12,0.0,0.0,0.0,1.849638109341356e-09,0.0,0.0,0.5459114909172058,0.15715165436267853,,,,,,,,,,,,,,,,
814,0.00026966669247485697,-0.4793238043785095,0.00013435307482723147,0.0001353130501229316,5.501120670103887e-10,0.0,0.0,0.0,4.097581950190943e-06,0.0,0.0,0.5360898971557617,0.15654893219470978,,,,,,,,,,,,,,,,
815,0.0002456560614518821,-0.4793111979961395,0.00012406229507178068,0.00012159377365605906,0.0,0.0,0.0,0.0,3.27320151427557e-07,0.0,0.0,0.5303036570549011,0.15567903220653534,,,,,,,,,,,,,,,,
816,0.0002733193105086684,-0.4784584045410156,0.0001347399957012385,0.00013857928570359945,2.307443645876983e-11,0.0,0.0,0.0,0.0,0.0,0.0,0.5189824104309082,0.15541790425777435,,,,,,,,,,,,,,,,
817,0.00027131548267789185,-0.48008203506469727,0.00013809016672894359,0.00013322448648978025,8.332576850733631e-10,0.0,0.0,0.0,3.109792942268541e-06,0.0,0.0,0.5156713724136353,0.15506938099861145,,,,,,,,,,,,,,,,
818,0.0002752390573732555,-0.4812544286251068,0.00014058272063266486,0.00013465582742355764,5.166017613689178e-10,0.0,0.0,0.0,0.0,0.0,0.0,0.5239290595054626,0.15513493120670319,,,,,,,,,,,,,,,,
819,0.00026165053714066744,-0.4792875647544861,0.0001324745244346559,0.0001291759981540963,0.0,0.0,0.0,0.0,0.0,0.0,0.0,0.5252785086631775,0.15568725764751434,,,,,,,,,,,,,,,,
820,0.0002896161167882383,-0.4798554480075836,0.0001471496361773461,0.00014246272621676326,3.757784750035853e-09,0.0,0.0,0.0,8.181172574950324e-07,0.0,0.0,0.5289074778556824,0.15576055645942688,,,,,,,,,,,,,,,,
821,0.0002759540802799165,-0.48091721534729004,0.0001375777501380071,0.00013835936260875314,1.6962010462862054e-08,0.0,0.0,0.0,4.44974830315914e-06,0.0,0.0,0.5348095297813416,0.1557653844356537,,,,,,,,,,,,,,,,
822,0.0002785133838187903,-0.4810333847999573,0.0001399876200594008,0.00013841092004440725,1.1484270601158642e-07,0.0,0.0,0.0,0.0,0.0,0.0,0.5493825674057007,0.15620896220207214,,,,,,,,,,,,,,,,
823,0.00027305586263537407,-0.4811554253101349,0.00013605374260805547,0.00013700198906008154,1.2478956756822868e-10,0.0,0.0,0.0,1.5315722023956369e-09,0.0,0.0,0.5474964380264282,0.15652772784233093,,,,,,,,,,,,,,,,
824,0.0002558886772021651,-0.481669157743454,0.0001294900430366397,0.0001263986196136102,0.0,0.0,0.0,0.0,1.0094665412907489e-05,0.0,0.0,0.5446908473968506,0.15669424831867218,,,,,,,,,,,,,,,,
825,0.00026231913943775,-0.48359566926956177,0.00013497048348654062,0.00012734529445879161,3.34287086900531e-09,0.0,0.0,0.0,1.9643363202703767e-07,0.0,0.0,0.5400165915489197,0.15576939284801483,,,,,,,,,,,,,,,,
826,0.0002594337274786085,-0.48299333453178406,0.0001305747136939317,0.00012885899923276156,4.03037880847279e-11,0.0,0.0,0.0,1.8784689359563345e-07,0.0,0.0,0.5481629967689514,0.1560874730348587,,,,,,,,,,,,,,,,
827,0.0002660268801264465,-0.48146480321884155,0.00013397904695011675,0.00013204784772824496,3.0514757387578584e-12,0.0,0.0,0.0,4.226278349506174e-08,0.0,0.0,0.5367717742919922,0.15611308813095093,,,,,,,,,,,,,,,,
828,0.00026576968957670033,-0.48422715067863464,0.0001333521504420787,0.00013241753913462162,3.3322637184307613e-12,0.0,0.0,0.0,5.235294153749237e-08,0.0,0.0,0.5336898565292358,0.15565723180770874,,,,,,,,,,,,,,,,
829,0.00025303481379523873,-0.48468106985092163,0.00012680621875915676,0.00012622858048416674,1.0898875552056708e-11,0.0,0.0,0.0,2.4614021931768093e-09,0.0,0.0,0.5284371376037598,0.15583135187625885,,,,,,,,,,,,,,,,
830,0.0002657758886925876,-0.48170042037963867,0.00013153655163478106,0.00013423933705780655,2.9983632764130075e-12,0.0,0.0,0.0,2.398783465196175e-07,0.0,0.0,0.5248322486877441,0.15619060397148132,,,,,,,,,,,,,,,,
831,0.0002560760476626456,-0.48331594467163086,0.0001284221070818603,0.00012764960411004722,4.345603432653888e-09,0.0,0.0,0.0,9.132879341677835e-08,0.0,0.0,0.5245568752288818,0.15557551383972168,,,,,,,,,,,,,,,,
832,0.00025460709002800286,-0.4875454604625702,0.00012794279609806836,0.00012666294060181826,1.3731250581017207e-09,0.0,0.0,0.0,8.379650040524211e-08,0.0,0.0,0.5248019695281982,0.1557883769273758,,,,,,,,,,,,,,,,
833,0.0002522566355764866,-0.4859869182109833,0.00013000397302675992,0.00012225250247865915,1.7044718414460647e-10,0.0,0.0,0.0,0.0,0.0,0.0,0.5322980880737305,0.15669670701026917,,,,,,,,,,,,,,,,
834,0.00024474909878335893,-0.4825908839702606,0.00012041730951750651,0.00012433173833414912,6.160080778805366e-11,0.0,0.0,0.0,1.6127563728929317e-09,0.0,0.0,0.5354989767074585,0.15626735985279083,,,,,,,,,,,,,,,,
835,0.00028338198899291456,-0.4856213927268982,0.00013957366172689945,0.00014379776257555932,1.0573376840739002e-08,0.0,0.0,0.0,1.899122858972646e-09,0.0,0.0,0.5316081047058105,0.1565508246421814,,,,,,,,,,,,,,,,
836,0.00025864262715913355,-0.48833760619163513,0.00013062475773040205,0.00012801308184862137,4.805432940457877e-09,0.0,0.0,0.0,0.0,0.0,0.0,0.5187840461730957,0.15551263093948364,,,,,,,,,,,,,,,,
837,0.0002533904043957591,-0.4859723448753357,0.00012936638086102903,0.00012402402353473008,0.0,0.0,0.0,0.0,1.0382294135524717e-08,0.0,0.0,0.5265710353851318,0.15554054081439972,,,,,,,,,,,,,,,,
838,0.0002536510583013296,-0.4857015907764435,0.00012634191079996526,0.00012723947293125093,6.966603649516401e-08,0.0,0.0,0.0,5.336461939009496e-09,0.0,0.0,0.5219951272010803,0.15554171800613403,,,,,,,,,,,,,,,,
839,0.0002558627165853977,-0.48870646953582764,0.00012996340228710324,0.00012589812104124576,1.1815821654437286e-09,0.0,0.0,0.0,2.6385940099515892e-09,0.0,0.0,0.5291240811347961,0.15572489798069,,,,,,,,,,,,,,,,
840,0.0002571106015238911,-0.4882591664791107,0.00012750181485898793,0.00012960807362105697,7.371281918189254e-10,0.0,0.0,0.0,9.008265067222965e-08,0.0,0.0,0.5175595879554749,0.15544654428958893,,,,,,,,,,,,,,,,
841,0.00026646736660040915,-0.4862770140171051,0.00013371648674365133,0.00013275057426653802,3.099366041592333e-10,0.0,0.0,0.0,2.148225419773553e-08,0.0,0.0,0.5230106711387634,0.15560318529605865,,,,,,,,,,,,,,,,
842,0.0002392943570157513,-0.4886680245399475,0.00011989890481345356,0.00011939542309846729,3.460716088699023e-11,0.0,0.0,0.0,7.608453245211422e-08,0.0,0.0,0.5229434967041016,0.1552591621875763,,,,,,,,,,,,,,,,
843,0.0002571234363131225,-0.489510715007782,0.00012908638746012002,0.00012803697609342635,5.0826839265161183e-11,0.0,0.0,0.0,0.0,0.0,0.0,0.5179991126060486,0.15507853031158447,,,,,,,,,,,,,,,,
844,0.0002536110405344516,-0.4880651831626892,0.0001291900989599526,0.00012440670980140567,1.4230758793587484e-08,0.0,0.0,0.0,8.230409065390631e-08,0.0,0.0,0.5138088464736938,0.15405791997909546,,,,,,,,,,,,,,,,
845,0.00025772981462068856,-0.48903000354766846,0.00013248066534288228,0.00012524914927780628,0.0,0.0,0.0,0.0,0.0,0.0,0.0,0.5165853500366211,0.15465275943279266,,,,,,,,,,,,,,,,
846,0.0002469944301992655,-0.4917444586753845,0.00012352678459137678,0.00012346766015980393,7.864655649815477e-13,0.0,0.0,0.0,1.6006158176651297e-08,0.0,0.0,0.5138760209083557,0.1544797122478485,,,,,,,,,,,,,,,,
847,0.0002668097149580717,-0.4890194535255432,0.00013458334433380514,0.00013222568668425083,6.911852201696433e-10,0.0,0.0,0.0,2.7830948212681506e-08,0.0,0.0,0.5093024373054504,0.15446902811527252,,,,,,,,,,,,,,,,
848,0.00025839032605290413,-0.4883868396282196,0.0001281507866224274,0.00013023574138060212,3.7774765537790245e-09,0.0,0.0,0.0,2.503449181290307e-08,0.0,0.0,0.5130988359451294,0.15431268513202667,,,,,,,,,,,,,,,,
849,0.00025116451433859766,-0.49108678102493286,0.00012535230780486017,0.00012581217742990702,1.9798919448366092e-11,0.0,0.0,0.0,7.183562189538861e-08,0.0,0.0,0.5162296891212463,0.15425114333629608,,,,,,,,,,,,,,,,
850,0.00026713236002251506,-0.49206259846687317,0.00013256483362056315,0.00013456122542265803,6.27849061629604e-09,0.0,0.0,0.0,0.0,0.0,0.0,0.517021656036377,0.15463069081306458,,,,,,,,,,,,,,,,
851,0.00024702015798538923,-0.4906586706638336,0.00012608127144630998,0.00012093879195163026,7.98844324023662e-11,0.0,0.0,0.0,2.1348428802525632e-08,0.0,0.0,0.5282762050628662,0.1551104038953781,,,,,,,,,,,,,,,,
852,0.0003547767410054803,-0.49046456813812256,0.00017910203314386308,0.00017567389295436442,8.198624557032019e-10,0.0,0.0,0.0,2.590688836789923e-07,0.0,0.0,0.5231948494911194,0.15450039505958557,,,,,,,,,,,,,,,,
853,0.0002673318958841264,-0.4941549599170685,0.00013449692050926387,0.00013283411681186408,8.844771026694787e-10,0.0,0.0,0.0,5.044576028012671e-06,0.0,0.0,0.5258216857910156,0.15499424934387207,,,,,,,,,,,,,,,,
854,0.00024137244326993823,-0.49347397685050964,0.000122036763059441,0.00011933535279240459,3.2097774438355486e-10,0.0,0.0,0.0,1.426601681231432e-08,0.0,0.0,0.5307691097259521,0.15507644414901733,,,,,,,,,,,,,,,,
855,0.0002586853224784136,-0.4898719787597656,0.0001287415507249534,0.00012994377175346017,0.0,0.0,0.0,0.0,6.421802112299702e-08,0.0,0.0,0.538606584072113,0.15557564795017242,,,,,,,,,,,,,,,,
856,0.00025804867618717253,-0.4916049838066101,0.0001284904865315184,0.00012954682460986078,1.136668004164676e-08,0.0,0.0,0.0,0.0,0.0,0.0,0.5348354578018188,0.15546253323554993,,,,,,,,,,,,,,,,
857,0.00025599246146157384,-0.49513134360313416,0.00012874453386757523,0.00012724772386718541,2.0674502387851845e-10,0.0,0.0,0.0,2.5488167132436956e-10,0.0,0.0,0.5281118154525757,0.1549975723028183,,,,,,,,,,,,,,,,
858,0.00025081209605559707,-0.4931877851486206,0.0001293996028834954,0.00012141249317210168,5.8888246180972305e-15,0.0,0.0,0.0,0.0,0.0,0.0,0.5189749002456665,0.1547669768333435,,,,,,,,,,,,,,,,
859,0.00027792039327323437,-0.4926663339138031,0.0001402848429279402,0.00013763555034529418,0.0,0.0,0.0,0.0,0.0,0.0,0.0,0.5223138332366943,0.15457268059253693,,,,,,,,,,,,,,,,
860,0.00021295205806382,-0.4943586587905884,0.00010671264317352325,0.00010622855188557878,1.085078515927762e-08,0.0,0.0,0.0,0.0,0.0,0.0,0.5104714632034302,0.15377718210220337,,,,,,,,,,,,,,,,
861,0.00027284526731818914,-0.4943749010562897,0.00013924769882578403,0.00013359625882003456,1.3162347878292735e-09,0.0,0.0,0.0,6.479016434468576e-09,0.0,0.0,0.507408618927002,0.15414971113204956,,,,,,,,,,,,,,,,
862,0.00025383420870639384,-0.49438610672950745,0.00012733603944070637,0.00012649816926568747,1.132235451228869e-11,0.0,0.0,0.0,0.0,0.0,0.0,0.5122684836387634,0.1537289321422577,,,,,,,,,,,,,,,,
863,0.00030319078359752893,-0.49217694997787476,0.00015384437574539334,0.00014934639330022037,0.0,0.0,0.0,0.0,3.338857634815895e-09,0.0,0.0,0.5074260830879211,0.15345540642738342,,,,,,,,,,,,,,,,
864,0.0002505443408153951,-0.49384480714797974,0.0001272075460292399,0.00012333608174230903,6.92627066811724e-10,0.0,0.0,0.0,3.9136307350418065e-06,0.0,0.0,0.5096145868301392,0.1542086899280548,,,,,,,,,,,,,,,,
865,0.0002695870934985578,-0.4983598589897156,0.0001356820430373773,0.00013390506501309574,0.0,0.0,0.0,0.0,0.0,0.0,0.0,0.5093070864677429,0.1543724089860916,,,,,,,,,,,,,,,,
866,0.0002456663642078638,-0.49735796451568604,0.00012414841330610216,0.00012151794362580404,3.2127083111899157e-12,0.0,0.0,0.0,0.0,0.0,0.0,0.5146635174751282,0.15479612350463867,,,,,,,,,,,,,,,,
867,0.00024719821522012353,-0.4939897060394287,0.0001225560117745772,0.0001246421888936311,0.0,0.0,0.0,0.0,5.8136318870083414e-08,0.0,0.0,0.5256490707397461,0.15495316684246063,,,,,,,,,,,,,,,,
868,0.0004377351433504373,-0.4941999614238739,0.00021800768445245922,0.00021972745889797807,5.1074431142716925e-12,0.0,0.0,0.0,0.0,0.0,0.0,0.5177381038665771,0.15499795973300934,,,,,,,,,,,,,,,,
869,0.00027663615765050054,-0.49859756231307983,0.00013704472803510725,0.00013959142961539328,2.2962306969048774e-12,0.0,0.0,0.0,1.7179399236511017e-08,0.0,0.0,0.5157771706581116,0.15494965016841888,,,,,,,,,,,,,,,,
870,0.000258945015957579,-0.497636079788208,0.00013070920249447227,0.0001282357407035306,8.751228908199238e-11,0.0,0.0,0.0,5.638653632900059e-08,0.0,0.0,0.5130265355110168,0.15455876290798187,,,,,,,,,,,,,,,,
871,0.0002488217724021524,-0.4937990605831146,0.00012440343562047929,0.00012441833678167313,0.0,0.0,0.0,0.0,1.2589521647399238e-09,0.0,0.0,0.506411612033844,0.15430571138858795,,,,,,,,,,,,,,,,
872,0.0002650842070579529,-0.4962250888347626,0.00013345564366318285,0.00013162617688067257,2.380023733650205e-09,0.0,0.0,0.0,3.763397415923464e-08,0.0,0.0,0.5178024172782898,0.15439744293689728,,,,,,,,,,,,,,,,
873,0.0002855299971997738,-0.5032345056533813,0.00014366020332090557,0.00014186912449076772,6.549639164354915e-10,0.0,0.0,0.0,9.861115479736782e-09,0.0,0.0,0.5104069113731384,0.1541944444179535,,,,,,,,,,,,,,,,
874,0.0002781652146950364,-0.49865633249282837,0.00013797760766465217,0.00014018760703038424,0.0,0.0,0.0,0.0,1.4705275885873448e-09,0.0,0.0,0.5050310492515564,0.15431097149848938,,,,,,,,,,,,,,,,
875,0.0002674688585102558,-0.4955205023288727,0.00013575682532973588,0.0001317120186286047,1.0032298342760315e-12,0.0,0.0,0.0,9.361576758237788e-08,0.0,0.0,0.5037487149238586,0.15474079549312592,,,,,,,,,,,,,,,,
876,0.0002623178588692099,-0.49910348653793335,0.0001305393234360963,0.00013177795335650444,5.838023398041514e-10,0.0,0.0,0.0,5.203247383178677e-06,0.0,0.0,0.5105097889900208,0.1537477672100067,,,,,,,,,,,,,,,,
877,0.0002490291080903262,-0.50180983543396,0.00012517577852122486,0.00012385318404994905,1.3919716768118207e-10,0.0,0.0,0.0,1.4780972890093835e-07,0.0,0.0,0.5106973052024841,0.15339604020118713,,,,,,,,,,,,,,,,
878,0.0002802959061227739,-0.4985392391681671,0.00014025045675225556,0.00014003126125317067,1.4197296671625281e-08,0.0,0.0,0.0,2.4010248012018565e-07,0.0,0.0,0.5116904973983765,0.15383587777614594,,,,,,,,,,,,,,,,
879,0.00029929715674370527,-0.5007209777832031,0.00014961851411499083,0.00014967865718062967,0.0,0.0,0.0,0.0,6.644480095019389e-07,0.0,0.0,0.5202938318252563,0.15388283133506775,,,,,,,,,,,,,,,,
880,0.0002756841713562608,-0.5033906698226929,0.00013842245971318334,0.00013726171164307743,0.0,0.0,0.0,0.0,3.3744586858119874e-07,0.0,0.0,0.5119490027427673,0.1537853479385376,,,,,,,,,,,,,,,,
881,0.00025079812621697783,-0.5007258653640747,0.00012828741455450654,0.00012250797590240836,2.7417894621351024e-09,0.0,0.0,0.0,3.339083870512738e-11,0.0,0.0,0.5198385119438171,0.15416988730430603,,,,,,,,,,,,,,,,
882,0.0002507557219360024,-0.4977397918701172,0.00012725524720735848,0.00012350038741715252,8.298574327714192e-11,0.0,0.0,0.0,4.7303835515322135e-08,0.0,0.0,0.5166144371032715,0.15448644757270813,,,,,,,,,,,,,,,,
883,0.0002863751142285764,-0.5011212825775146,0.0001422761270077899,0.00014409897266887128,7.952137754708988e-13,0.0,0.0,0.0,1.3376356378103083e-07,0.0,0.0,0.5110880136489868,0.15427730977535248,,,,,,,,,,,,,,,,
884,0.00023256611893884838,-0.504520833492279,0.00011582805018406361,0.00011673085100483149,7.221319542338733e-09,0.0,0.0,0.0,9.049914950765015e-08,0.0,0.0,0.512424647808075,0.15424953401088715,,,,,,,,,,,,,,,,
885,0.00028762739384546876,-0.5004978775978088,0.00014334276784211397,0.00014428439317271113,2.2001979405050776e-10,0.0,0.0,0.0,7.598823117405118e-07,0.0,0.0,0.5038779973983765,0.15402474999427795,,,,,,,,,,,,,,,,
886,0.00024425392621196806,-0.5008997917175293,0.00012856349349021912,0.00011568952322704718,9.12602438063459e-10,0.0,0.0,0.0,2.8836213914473774e-06,0.0,0.0,0.5107556581497192,0.15391187369823456,,,,,,,,,,,,,,,,
887,0.00025892400299198925,-0.5049178600311279,0.00013029525871388614,0.00012862012954428792,8.612332180746307e-09,0.0,0.0,0.0,3.4580100560788196e-08,0.0,0.0,0.5002164244651794,0.1537615805864334,,,,,,,,,,,,,,,,
888,0.00025770059437491,-0.5046048164367676,0.00012896933185402304,0.00012873126252088696,0.0,0.0,0.0,0.0,2.3445101859920214e-08,0.0,0.0,0.50437331199646,0.1537000983953476,,,,,,,,,,,,,,,,
889,0.0002284712390974164,-0.5010266304016113,0.00011428608559072018,0.0001141535904025659,3.1561878444108515e-08,0.0,0.0,0.0,0.0,0.0,0.0,0.5127362012863159,0.15472818911075592,,,,,,,,,,,,,,,,
890,0.00025025158538483083,-0.5020961761474609,0.00012982664338778704,0.00012042468006256968,2.683795408131573e-10,0.0,0.0,0.0,0.0,0.0,0.0,0.5106726288795471,0.15435095131397247,,,,,,,,,,,,,,,,
891,0.00025174629990942776,-0.5067343711853027,0.00012664437235798687,0.00012509613588918,5.78084291547043e-09,0.0,0.0,0.0,9.079426632752075e-08,0.0,0.0,0.5121177434921265,0.1542021781206131,,,,,,,,,,,,,,,,
892,0.000244435592321679,-0.505952775478363,0.00012503901962190866,0.00011939654359593987,2.475721884442894e-11,0.0,0.0,0.0,0.0,0.0,0.0,0.5087306499481201,0.15366393327713013,,,,,,,,,,,,,,,,
893,0.00023798283655196428,-0.5024887323379517,0.000120488868560642,0.00011749397526727989,0.0,0.0,0.0,0.0,3.1917984699703084e-08,0.0,0.0,0.5030152201652527,0.15295664966106415,,,,,,,,,,,,,,,,
894,0.00024732769816182554,-0.5043964385986328,0.00012367579620331526,0.00012365097063593566,9.342762119501913e-10,0.0,0.0,0.0,1.731258834070104e-07,0.0,0.0,0.4965214431285858,0.15286053717136383,,,,,,,,,,,,,,,,
895,0.00025678172823973,-0.5089521408081055,0.00013103849778417498,0.00012574323045555502,4.6344564911236525e-15,0.0,0.0,0.0,1.8395882595001467e-09,0.0,0.0,0.49252864718437195,0.15229618549346924,,,,,,,,,,,,,,,,
896,0.00026208165218122303,-0.5042092204093933,0.0001346660719718784,0.00012741550744976848,7.978369354066928e-11,0.0,0.0,0.0,9.812403112263723e-10,0.0,0.0,0.5084336996078491,0.15262094140052795,,,,,,,,,,,,,,,,
897,0.0002199050795752555,-0.5023829340934753,0.00010814356937771663,0.00011176100088050589,5.044610840165831e-10,0.0,0.0,0.0,2.1792692095345956e-08,0.0,0.0,0.5094232559204102,0.1532474160194397,,,,,,,,,,,,,,,,
898,0.00026066796272061765,-0.5085099339485168,0.00013134346227161586,0.0001293245004490018,5.250576882998015e-12,0.0,0.0,0.0,1.799700655169545e-08,0.0,0.0,0.5163152813911438,0.15352492034435272,,,,,,,,,,,,,,,,
899,0.00024800209212116897,-0.509255588054657,0.00012382327986415476,0.00012417881225701421,1.272160545309764e-12,0.0,0.0,0.0,3.04669817152714e-10,0.0,0.0,0.5167540311813354,0.15379928052425385,,,,,,,,,,,,,,,,
900,0.00026801988133229315,-0.5058050751686096,0.00013462883362080902,0.00013339104771148413,2.16596692296199e-14,0.0,0.0,0.0,2.4847992552423648e-09,0.0,0.0,0.5258618593215942,0.15445324778556824,,,,,,,,,,,,,,,,
901,0.0002452011394780129,-0.506248950958252,0.0001251578505616635,0.00012004318705294281,8.3853778087839e-11,0.0,0.0,0.0,1.6192869267683818e-08,0.0,0.0,0.5245271921157837,0.1544036865234375,,,,,,,,,,,,,,,,
902,0.00024819979444146156,-0.508884608745575,0.00012588853132911026,0.0001223068538820371,4.430338762517749e-09,0.0,0.0,0.0,2.5580664253510577e-09,0.0,0.0,0.5265812873840332,0.15413324534893036,,,,,,,,,,,,,,,,
903,0.0002546663745306432,-0.5105018019676208,0.00012823005090467632,0.0001264363236259669,0.0,0.0,0.0,0.0,7.775997068470986e-10,0.0,0.0,0.5332197546958923,0.15488417446613312,,,,,,,,,,,,,,,,
904,0.0002459087991155684,-0.5087904930114746,0.0001248494372703135,0.00012105937639717013,0.0,0.0,0.0,0.0,1.1578936920386695e-08,0.0,0.0,0.5262387990951538,0.15531069040298462,,,,,,,,,,,,,,,,
905,0.0002823190006893128,-0.50712651014328,0.00014054481289349496,0.00014176804688759148,6.138081598550116e-09,0.0,0.0,0.0,4.180238192930119e-06,0.0,0.0,0.5166081190109253,0.15460152924060822,,,,,,,,,,,,,,,,
906,0.0002401361707597971,-0.5089715719223022,0.0001217421522596851,0.00011839399667223915,3.5748765059295806e-11,0.0,0.0,0.0,2.75171885277814e-08,0.0,0.0,0.5148424506187439,0.15471096336841583,,,,,,,,,,,,,,,,
907,0.0002301736531080678,-0.5114321112632751,0.0001138521110988222,0.00011632146924966946,7.624587766708046e-11,0.0,0.0,0.0,3.0484045510092983e-07,0.0,0.0,0.5053977966308594,0.15378865599632263,,,,,,,,,,,,,,,,
908,0.00021796856890432537,-0.5075913667678833,0.00010976930934702978,0.00010819817543961108,1.0834657615532706e-09,0.0,0.0,0.0,0.0,0.0,0.0,0.5048326253890991,0.1533525288105011,,,,,,,,,,,,,,,,
909,0.00028421496972441673,-0.5069789886474609,0.0001469560811528936,0.00013725880126003176,9.163644149046135e-11,0.0,0.0,0.0,0.0,0.0,0.0,0.49719947576522827,0.15316574275493622,,,,,,,,,,,,,,,,
910,0.00024504243629053235,-0.5100502371788025,0.0001224070438183844,0.00012263520329724997,1.7969767340808573e-10,0.0,0.0,0.0,0.0,0.0,0.0,0.4867205023765564,0.15205839276313782,,,,,,,,,,,,,,,,
911,0.00023842553491704166,-0.5122494697570801,0.00011834583710879087,0.0001200797050842084,1.9956078890076556e-12,0.0,0.0,0.0,0.0,0.0,0.0,0.4837568700313568,0.15227873623371124,,,,,,,,,,,,,,,,
912,0.0002505238517187536,-0.510181725025177,0.00012611212150659412,0.00012441171566024423,0.0,0.0,0.0,0.0,0.0,0.0,0.0,0.4785290062427521,0.15142224729061127,,,,,,,,,,,,,,,,
913,0.0002280835760757327,-0.5101433396339417,0.00011587826884351671,0.000112205307232216,6.599576354154868e-12,0.0,0.0,0.0,7.568127813328829e-08,0.0,0.0,0.47714999318122864,0.15079645812511444,,,,,,,,,,,,,,,,
914,0.00025185520644299686,-0.5123279690742493,0.00012717739446088672,0.00012467779743019491,2.205608265470893e-11,0.0,0.0,0.0,5.5849578295408264e-09,0.0,0.0,0.46731117367744446,0.150597482919693,,,,,,,,,,,,,,,,
915,0.00024283898528665304,-0.5145207047462463,0.0001227963948622346,0.00012002907897112891,1.3501751716660237e-08,0.0,0.0,0.0,1.2682428405241808e-06,0.0,0.0,0.4829269051551819,0.1519356518983841,,,,,,,,,,,,,,,,
916,0.00023244431940838695,-0.5116158723831177,0.00011884202103829011,0.00011360229109413922,0.0,0.0,0.0,0.0,5.806273861708178e-07,0.0,0.0,0.4989112317562103,0.1526482254266739,,,,,,,,,,,,,,,,
917,0.00030564935877919197,-0.5108621120452881,0.0001533329050289467,0.00015231627912726253,1.6823244186614517e-10,0.0,0.0,0.0,4.2365636545582674e-06,0.0,0.0,0.5087485909461975,0.15356247127056122,,,,,,,,,,,,,,,,
918,0.0003853831149172038,-0.5123714208602905,0.000195504238945432,0.00018987870134878904,1.726138676438893e-10,0.0,0.0,0.0,4.213583082446348e-08,0.0,0.0,0.5142983794212341,0.1544543206691742,,,,,,,,,,,,,,,,
919,0.00021433141955640167,-0.514604389667511,0.00010579506488284096,0.00010853539424715564,9.56259960105399e-10,0.0,0.0,0.0,0.0,0.0,0.0,0.518261730670929,0.1546376645565033,,,,,,,,,,,,,,,,
920,0.00024660967756062746,-0.5134915709495544,0.00012444522872101516,0.0001221644488396123,1.0988560755764709e-11,0.0,0.0,0.0,2.3864279228291707e-06,0.0,0.0,0.5338441133499146,0.15567547082901,,,,,,,,,,,,,,,,
921,0.00022410244855564088,-0.5110492706298828,0.00011252427793806419,0.00011157817061757669,6.5578792396436825e-12,0.0,0.0,0.0,1.8130072096389505e-11,0.0,0.0,0.5315052270889282,0.15580056607723236,,,,,,,,,,,,,,,,
922,0.0002445673744659871,-0.5159501433372498,0.00012221124779898673,0.0001223557919729501,3.065092624154886e-10,0.0,0.0,0.0,0.0,0.0,0.0,0.5341495871543884,0.1556503176689148,,,,,,,,,,,,,,,,
923,0.0002444327110424638,-0.5159760117530823,0.00012089770461898297,0.00012353462807368487,3.6414837811804546e-10,0.0,0.0,0.0,1.3315721858475627e-08,0.0,0.0,0.5215549468994141,0.15527887642383575,,,,,,,,,,,,,,,,
924,0.00022596474445890635,-0.5127408504486084,0.00011235281272092834,0.00011359622294548899,1.5696445032631345e-08,0.0,0.0,0.0,8.991667854729712e-09,0.0,0.0,0.5082716345787048,0.15384100377559662,,,,,,,,,,,,,,,,
925,0.0002579527208581567,-0.5125722289085388,0.0001306096964981407,0.000127343024360016,0.0,0.0,0.0,0.0,1.9051855204565982e-08,0.0,0.0,0.49400976300239563,0.15306323766708374,,,,,,,,,,,,,,,,
926,0.00024231706629507244,-0.5162208080291748,0.00012229254934936762,0.00012002307630609721,1.4469130338312652e-09,0.0,0.0,0.0,2.937080694209726e-07,0.0,0.0,0.48145177960395813,0.15210290253162384,,,,,,,,,,,,,,,,
927,0.00035556204966269433,-0.5165244340896606,0.00017998588737100363,0.00017557603132445365,1.4103786194485934e-10,0.0,0.0,0.0,1.4481006394007068e-09,0.0,0.0,0.4723869860172272,0.1502174437046051,,,,,,,,,,,,,,,,
928,0.00022320295101962984,-0.5150044560432434,0.00011145438475068659,0.00011174855899298564,1.9687967619044788e-13,0.0,0.0,0.0,6.350664705223608e-08,0.0,0.0,0.47018635272979736,0.15095612406730652,,,,,,,,,,,,,,,,
929,0.00029819057090207934,-0.5151727199554443,0.00014935573562979698,0.000148834238643758,5.83156301026122e-10,0.0,0.0,0.0,1.6609423836300152e-09,0.0,0.0,0.4674369692802429,0.15033836662769318,,,,,,,,,,,,,,,,
930,0.00023122777929529548,-0.5180255174636841,0.00011679358431138098,0.00011443420225987211,0.0,0.0,0.0,0.0,1.0036950826020075e-08,0.0,0.0,0.4710824489593506,0.15026314556598663,,,,,,,,,,,,,,,,
931,0.0002388339926255867,-0.5181557536125183,0.00012110709212720394,0.0001177268786705099,1.4578305576606887e-11,0.0,0.0,0.0,0.0,0.0,0.0,0.4760967493057251,0.1510782092809677,,,,,,,,,,,,,,,,
932,0.00026858222554437816,-0.5147935152053833,0.0001346784847555682,0.0001338956644758582,8.065457635098028e-09,0.0,0.0,0.0,2.784991792736946e-09,0.0,0.0,0.4835585057735443,0.15189798176288605,,,,,,,,,,,,,,,,
933,0.00023167852486949414,-0.518714189529419,0.00011409985017962754,0.00011757855099858716,1.3493178796508687e-10,0.0,0.0,0.0,2.2393642495899257e-09,0.0,0.0,0.4987625777721405,0.15280084311962128,,,,,,,,,,,,,,,,
934,0.00023816281463950872,-0.519942581653595,0.00012046188930980861,0.0001177009180537425,0.0,0.0,0.0,0.0,2.506830014681327e-07,0.0,0.0,0.5132652521133423,0.15377284586429596,,,,,,,,,,,,,,,,
935,0.0002266525843879208,-0.516045093536377,0.00011506698501762003,0.00011158554843859747,4.800766381651833e-11,0.0,0.0,0.0,5.211988174380622e-09,0.0,0.0,0.526085615158081,0.15408550202846527,,,,,,,,,,,,,,,,
936,0.0003101568145211786,-0.5164109468460083,0.0001552561006974429,0.00015490071382373571,1.031336994972154e-11,0.0,0.0,0.0,1.2208319910556042e-09,0.0,0.0,0.5209425091743469,0.1542215794324875,,,,,,,,,,,,,,,,
937,0.00023176490503828973,-0.5208187103271484,0.00011789984273491427,0.000113865033199545,3.475097987148956e-11,0.0,0.0,0.0,5.172562378419343e-11,0.0,0.0,0.5244682431221008,0.15445144474506378,,,,,,,,,,,,,,,,
938,0.0002280118060298264,-0.5212666988372803,0.00011511552293086424,0.00011289544636383653,8.385150906953243e-10,0.0,0.0,0.0,1.5714546179879108e-06,0.0,0.0,0.5024507641792297,0.15326635539531708,,,,,,,,,,,,,,,,
939,0.00024232396390289068,-0.5173905491828918,0.0001221443817485124,0.00012017945846309885,1.186893361371233e-10,0.0,0.0,0.0,1.2456499831614565e-08,0.0,0.0,0.5032572150230408,0.15315960347652435,,,,,,,,,,,,,,,,
940,0.00022267263557296246,-0.5197734236717224,0.00011196453124284744,0.00011070774053223431,3.681149551848506e-10,0.0,0.0,0.0,1.8290682746169296e-08,0.0,0.0,0.49722203612327576,0.1532156616449356,,,,,,,,,,,,,,,,
941,0.00022244604770094156,-0.5222681760787964,0.00011115699453512207,0.00011128295591333881,6.098592741921038e-09,0.0,0.0,0.0,0.0,0.0,0.0,0.49919289350509644,0.1532934308052063,,,,,,,,,,,,,,,,
942,0.0002933285431936383,-0.5176953673362732,0.00014887178258504719,0.00014445019769482315,6.565393118052043e-09,0.0,0.0,0.0,1.13506757770665e-06,0.0,0.0,0.4877373278141022,0.15178051590919495,,,,,,,,,,,,,,,,
943,0.00024710287107154727,-0.5174488425254822,0.00012322416296228766,0.0001238786499015987,6.117699402619081e-11,0.0,0.0,0.0,1.7667123586306843e-07,0.0,0.0,0.48117804527282715,0.15183867514133453,,,,,,,,,,,,,,,,
944,0.0002406835264991969,-0.5237802863121033,0.00012434925884008408,0.00011633412213996053,1.3893212968962843e-10,0.0,0.0,0.0,1.3786552699457388e-05,0.0,0.0,0.4750782549381256,0.15189316868782043,,,,,,,,,,,,,,,,
945,0.00023089081514626741,-0.5224483013153076,0.00011428350262576714,0.0001166072761407122,2.578671477737604e-11,0.0,0.0,0.0,7.329380657949969e-09,0.0,0.0,0.4819164574146271,0.15190716087818146,,,,,,,,,,,,,,,,
946,0.00022937162430025637,-0.5178330540657043,0.00011639537115115672,0.00011297609307803214,1.542717203983912e-10,0.0,0.0,0.0,3.7551142213487765e-06,0.0,0.0,0.4847439229488373,0.1516362726688385,,,,,,,,,,,,,,,,
947,0.0002510930353309959,-0.5224409699440002,0.00012435828102752566,0.00012673404125962406,7.238548649368681e-10,0.0,0.0,0.0,3.779055305130896e-06,0.0,0.0,0.4947078227996826,0.152547225356102,,,,,,,,,,,,,,,,
948,0.0002068747708108276,-0.5241824388504028,0.00010507129627512768,0.0001018034599837847,1.7699874552135064e-11,0.0,0.0,0.0,2.2192477189264537e-08,0.0,0.0,0.4917062819004059,0.1527436226606369,,,,,,,,,,,,,,,,
949,0.00030452990904450417,-0.5216941237449646,0.00015435558452736586,0.00015017433906905353,4.573620670557388e-13,0.0,0.0,0.0,5.127714786112847e-08,0.0,0.0,0.5061864256858826,0.15250737965106964,,,,,,,,,,,,,,,,
950,0.00025487563107162714,-0.5206061005592346,0.0001266845501959324,0.00012819086259696633,2.2114174380583052e-10,0.0,0.0,0.0,7.099773569052559e-08,0.0,0.0,0.5013502836227417,0.15267400443553925,,,,,,,,,,,,,,,,
951,0.00022671300393994898,-0.5242698788642883,0.00011186560004716739,0.00011483944399515167,7.963812720390706e-09,0.0,0.0,0.0,2.298940415812467e-08,0.0,0.0,0.5095580220222473,0.1534084677696228,,,,,,,,,,,,,,,,
952,0.00022221021936275065,-0.5235224962234497,0.00010964704415528104,0.00011256317520746961,3.817707434905504e-12,0.0,0.0,0.0,1.594416971784085e-07,0.0,0.0,0.5030304193496704,0.15228421986103058,,,,,,,,,,,,,,,,
953,0.0003021097800228745,-0.5209066867828369,0.00015115129644982517,0.00015095846902113408,1.9334998879738663e-11,0.0,0.0,0.0,3.802591663770727e-07,0.0,0.0,0.49166592955589294,0.15235751867294312,,,,,,,,,,,,,,,,
954,0.00021460175048559904,-0.5238099098205566,0.00010608115553623065,0.00010852058767341077,0.0,0.0,0.0,0.0,3.7962101373523183e-07,0.0,0.0,0.4880457818508148,0.15179240703582764,,,,,,,,,,,,,,,,
955,0.00020594867237377912,-0.5275206565856934,0.00010192795161856338,0.00010400006431154907,2.065178250632016e-08,0.0,0.0,0.0,2.4005706222851586e-07,0.0,0.0,0.4937175512313843,0.15186618268489838,,,,,,,,,,,,,,,,
956,0.0002510583435650915,-0.5225229263305664,0.00012551169493235648,0.0001255461829714477,4.593952440679061e-10,0.0,0.0,0.0,8.563739015698957e-07,0.0,0.0,0.48330703377723694,0.15178409218788147,,,,,,,,,,,,,,,,
957,0.00023530240287072957,-0.5216348171234131,0.00011851220187963918,0.00011677651491481811,1.3677182053584147e-08,0.0,0.0,0.0,7.571369309289366e-09,0.0,0.0,0.4934060573577881,0.15257765352725983,,,,,,,,,,,,,,,,
958,0.00022910682309884578,-0.5269685983657837,0.00011503032874315977,0.00011407372949179262,2.7715976180786583e-09,0.0,0.0,0.0,1.2737007182295201e-07,0.0,0.0,0.48633116483688354,0.15185390412807465,,,,,,,,,,,,,,,,
959,0.00023846676049288362,-0.5288259387016296,0.00012026206968585029,0.00011820463987533003,5.055671853382293e-11,0.0,0.0,0.0,6.011804742911409e-08,0.0,0.0,0.49228426814079285,0.15296195447444916,,,,,,,,,,,,,,,,
960,0.00022724656446371228,-0.5242618322372437,0.00011569811613298953,0.00011153991363244131,8.541808149686858e-09,0.0,0.0,0.0,0.0,0.0,0.0,0.4902167022228241,0.15271048247814178,,,,,,,,,,,,,,,,
961,0.0002470995532348752,-0.5234144330024719,0.00012260743824299425,0.00012448852066881955,3.5952136823169667e-09,0.0,0.0,0.0,0.0,0.0,0.0,0.49221673607826233,0.15226970613002777,,,,,,,,,,,,,,,,
962,0.00022691476624459028,-0.5282511711120605,0.00011304576037218794,0.00011386899132048711,8.642392357316453e-12,0.0,0.0,0.0,8.526922101737e-08,0.0,0.0,0.4913051128387451,0.15210263431072235,,,,,,,,,,,,,,,,
963,0.0002331456053070724,-0.5288022756576538,0.00011626472405623645,0.00011685983918141574,2.1039831210600823e-08,0.0,0.0,0.0,0.0,0.0,0.0,0.4907779097557068,0.15181122720241547,,,,,,,,,,,,,,,,
964,0.00020701202447526157,-0.5235410928726196,0.00010305527393938974,0.00010395653225714341,2.1837914809808012e-10,0.0,0.0,0.0,4.070002113110149e-09,0.0,0.0,0.49944615364074707,0.15254148840904236,,,,,,,,,,,,,,,,
965,0.0002248156670248136,-0.5240586996078491,0.0001137369399657473,0.00011107869067927822,4.016351487501346e-11,0.0,0.0,0.0,1.0429152297319888e-07,0.0,0.0,0.4880276322364807,0.15182168781757355,,,,,,,,,,,,,,,,
966,0.00019577179045882076,-0.5296866297721863,9.881056030280888e-05,9.696123015601188e-05,2.4025781906501786e-13,0.0,0.0,0.0,1.934533089276158e-10,0.0,0.0,0.47346043586730957,0.15093600749969482,,,,,,,,,,,,,,,,
967,0.0002329395938431844,-0.5278206467628479,0.0001170154646388255,0.00011592410010052845,2.3515606129009825e-11,0.0,0.0,0.0,4.73296495329123e-06,0.0,0.0,0.4717966318130493,0.15118709206581116,,,,,,,,,,,,,,,,
968,0.000236770705669187,-0.5273301601409912,0.000119275544420816,0.0001174951103166677,3.836243128718664e-11,0.0,0.0,0.0,1.980878096219385e-06,0.0,0.0,0.47943055629730225,0.15122269093990326,,,,,,,,,,,,,,,,
969,0.00023011113808024675,-0.5297937393188477,0.00011380348587408662,0.0001163076376542449,2.079365499230157e-11,0.0,0.0,0.0,1.795535986559571e-08,0.0,0.0,0.4853515625,0.1516217142343521,,,,,,,,,,,,,,,,
970,0.00023061607498675585,-0.5283566117286682,0.00011818490747828037,0.00011242838081670925,2.7867617102828035e-09,0.0,0.0,0.0,1.0442861508863643e-07,0.0,0.0,0.49992087483406067,0.15211553871631622,,,,,,,,,,,,,,,,
971,0.00024673136067576706,-0.5279964804649353,0.00012285517004784197,0.00012386632442940027,9.871414796691624e-09,0.0,0.0,0.0,0.0,0.0,0.0,0.49733754992485046,0.15290407836437225,,,,,,,,,,,,,,,,
972,0.00020235247211530805,-0.5293561220169067,0.00010278658010065556,9.956551366485655e-05,3.72913450119583e-10,0.0,0.0,0.0,7.945927471553205e-09,0.0,0.0,0.49381574988365173,0.15233208239078522,,,,,,,,,,,,,,,,
973,0.0002114254457410425,-0.5280571579933167,0.00010617924272082746,0.00010524621029617265,0.0,0.0,0.0,0.0,2.2356603679440923e-08,0.0,0.0,0.49755850434303284,0.15294060111045837,,,,,,,,,,,,,,,,
974,0.0002135317918146029,-0.5292134284973145,0.0001087247219402343,0.00010480548371560872,1.583197684063009e-09,0.0,0.0,0.0,7.318762929031664e-09,0.0,0.0,0.5003771781921387,0.1525702327489853,,,,,,,,,,,,,,,,
975,0.00022960311616770923,-0.5310320258140564,0.00011520974658196792,0.00011439236550359055,1.0029517216736394e-09,0.0,0.0,0.0,3.252443203649591e-09,0.0,0.0,0.4900086224079132,0.15210163593292236,,,,,,,,,,,,,,,,
976,0.00021193399152252823,-0.5317819714546204,0.00010803789336932823,0.00010388046212028712,1.5638898176462135e-08,0.0,0.0,0.0,0.0,0.0,0.0,0.4806775748729706,0.15193875133991241,,,,,,,,,,,,,,,,
977,0.00022796570556238294,-0.5288900136947632,0.0001142597320722416,0.00011370477295713499,1.1889916828877745e-09,0.0,0.0,0.0,0.0,0.0,0.0,0.46811339259147644,0.15044721961021423,,,,,,,,,,,,,,,,
978,0.0002288671093992889,-0.5294950008392334,0.00011411194282118231,0.00011475516657810658,0.0,0.0,0.0,0.0,0.0,0.0,0.0,0.46222540736198425,0.15123885869979858,,,,,,,,,,,,,,,,
979,0.0002091241767629981,-0.5318343639373779,0.00010571337770670652,0.00010340971493860707,1.080280309651016e-09,0.0,0.0,0.0,1.736071286728702e-09,0.0,0.0,0.46007153391838074,0.1498725712299347,,,,,,,,,,,,,,,,
980,0.00022940116468816996,-0.5313892960548401,0.00011546367022674531,0.00011393748718546703,0.0,0.0,0.0,0.0,0.0,0.0,0.0,0.4665772318840027,0.15090766549110413,,,,,,,,,,,,,,,,
981,0.0002304300433024764,-0.5313547849655151,0.000115943570563104,0.00011448489385657012,1.5723469193318351e-09,0.0,0.0,0.0,1.3601290049791714e-07,0.0,0.0,0.46733909845352173,0.15104925632476807,,,,,,,,,,,,,,,,
982,0.0002021582331508398,-0.5320786237716675,0.00010335371916880831,9.880452125798911e-05,1.3654129910056767e-12,0.0,0.0,0.0,0.0,0.0,0.0,0.4852519929409027,0.1515771746635437,,,,,,,,,,,,,,,,
983,0.0002094833180308342,-0.5323020219802856,0.00010602945985738188,0.00010345385817345232,0.0,0.0,0.0,0.0,2.9604518658743473e-06,0.0,0.0,0.4815565347671509,0.15165875852108002,,,,,,,,,,,,,,,,
984,0.0002034642529906705,-0.5326324105262756,0.00010180796380154788,0.00010165536514250562,9.111217891266676e-10,0.0,0.0,0.0,0.0,0.0,0.0,0.4953986406326294,0.15278318524360657,,,,,,,,,,,,,,,,
985,0.000203773015527986,-0.5352360606193542,0.00010146204294869676,0.000102310958027374,8.036413548517807e-12,0.0,0.0,0.0,2.9679636526225295e-08,0.0,0.0,0.5052382946014404,0.1534852832555771,,,,,,,,,,,,,,,,
986,0.0002305795787833631,-0.5323712229728699,0.00011520092084538192,0.0001153776393039152,1.011521533200721e-09,0.0,0.0,0.0,6.571175270586593e-10,0.0,0.0,0.4950565993785858,0.15318089723587036,,,,,,,,,,,,,,,,
987,0.00022509126574732363,-0.5332072973251343,0.00011240775347687304,0.00011268336675129831,1.3852953506532373e-10,0.0,0.0,0.0,3.6809993941844255e-10,0.0,0.0,0.483576238155365,0.15238402783870697,,,,,,,,,,,,,,,,
988,0.00020909204613417387,-0.5347241759300232,0.00010420852777315304,0.00010488351836102083,4.214866736879097e-12,0.0,0.0,0.0,4.2682843925945235e-09,0.0,0.0,0.49547818303108215,0.15211543440818787,,,,,,,,,,,,,,,,
989,0.000208186378586106,-0.5340754985809326,0.00010429475514683872,0.00010389162343926728,1.7216027865460393e-12,0.0,0.0,0.0,3.103711510021867e-09,0.0,0.0,0.47950929403305054,0.15223272144794464,,,,,,,,,,,,,,,,
990,0.0002191159874200821,-0.5328496098518372,0.00011062152043450624,0.00010849442332983017,4.114484447592659e-11,0.0,0.0,0.0,7.615424402196425e-10,0.0,0.0,0.4765224754810333,0.15238811075687408,,,,,,,,,,,,,,,,
991,0.00023115574731491506,-0.535089910030365,0.00011647402425296605,0.00011468173033790663,3.411916799436754e-12,0.0,0.0,0.0,0.0,0.0,0.0,0.4724794328212738,0.15041415393352509,,,,,,,,,,,,,,,,
992,0.00021504083997569978,-0.5369599461555481,0.00010788568761199713,0.000107154919533059,2.2779086950031058e-10,0.0,0.0,0.0,5.212348241911968e-07,0.0,0.0,0.46245279908180237,0.1499607115983963,,,,,,,,,,,,,,,,
993,0.00022729825286660343,-0.5345486998558044,0.00011374705354683101,0.00011355114111211151,5.45763538528643e-11,0.0,0.0,0.0,1.978557595538888e-10,0.0,0.0,0.47128409147262573,0.15036968886852264,,,,,,,,,,,,,,,,
994,0.0002125333994626999,-0.535086452960968,0.00010787620703922585,0.0001046571705956012,2.719614984603158e-11,0.0,0.0,0.0,6.554683551485141e-08,0.0,0.0,0.47247543931007385,0.15108747780323029,,,,,,,,,,,,,,,,
995,0.00022803567117080092,-0.5364503860473633,0.00011307858949294314,0.00011495708167785779,0.0,0.0,0.0,0.0,5.739756225864312e-09,0.0,0.0,0.4795423746109009,0.15099391341209412,,,,,,,,,,,,,,,,
996,0.00020999427943024784,-0.5355111360549927,0.00010406361252535135,0.0001059306669048965,3.0837680499440356e-12,0.0,0.0,0.0,8.174222898560402e-08,0.0,0.0,0.4828642010688782,0.15156742930412292,,,,,,,,,,,,,,,,
997,0.0001852493587648496,-0.5356257557868958,9.396647510584444e-05,9.128093370236456e-05,1.952634498536554e-09,0.0,0.0,0.0,1.7469674595815832e-09,0.0,0.0,0.48468586802482605,0.151554673910141,,,,,,,,,,,,,,,,
998,0.00021287046547513455,-0.5387962460517883,0.00010648489842424169,0.0001063853851519525,1.834195573202635e-10,0.0,0.0,0.0,3.8683570124931066e-08,0.0,0.0,0.4734754264354706,0.1513214111328125,,,,,,,,,,,,,,,,
999,0.00023079341917764395,-0.538278341293335,0.00011559600534383208,0.00011519732652232051,9.25678145247133e-11,0.0,0.0,0.0,4.897520256008647e-08,0.0,0.0,0.47228819131851196,0.15059976279735565,,,,,,,,,,,,,,,,
1000,0.0001973600301425904,-0.53727787733078,9.871841757558286e-05,9.864060120889917e-05,1.01767783089457e-09,0.0,0.0,0.0,1.1322255204504472e-06,0.0,0.0,0.49264129996299744,0.15244360268115997,0.8060688376426697,0.8060688376426697,0.19393116235733032,6.998035430908203,0.0,0.7475495338439941,4.613846778869629,-0.0,2.3852310180664062,0.8049201965332031,0.0,0.8049201965332031,0.29112327098846436,0.27866312861442566,2.0211723679840583,0.08421551533266909
