epoch,critic_loss,actor_loss,q1_loss,q2_loss,cost_loss,cql_q1,cql_q2,expected_immediate_cost,expected_cost_to_go,cost_budget,lagrange,expert_kl,smoothness,avg_return,survival_rate,mortality_rate,avg_length,inadmissibility_rate,expert_argmax_match,mean_kl_to_expert,policy_entropy,mean_action_deviation_from_expert,soft_survival_rate,soft_inadmissibility_rate,soft_avg_return,soft_policy_entropy,soft_mean_kl_to_expert
1,4.159098148345947,0.10143812745809555,0.032862339168787,0.02921576425433159,0.867462158203125,3.237417221069336,3.221698760986328,0.8817191123962402,0.06280835717916489,0.0,0.00017634382247924807,2.452817678451538,0.3554686903953552,,,,,,,,,,,,,,
2,4.088057994842529,0.10964638739824295,0.03312677890062332,0.029375392943620682,0.8409698605537415,3.192129135131836,3.1770427227020264,0.8809868693351746,0.08199305832386017,0.0,0.000352541196346283,2.440500497817993,0.35552334785461426,,,,,,,,,,,,,,
3,4.015443325042725,0.11850391328334808,0.03543331101536751,0.03183860704302788,0.8097506761550903,3.1458773612976074,3.1309635639190674,0.8798103332519531,0.10497884452342987,0.0,0.0005285032629966736,2.422231674194336,0.35554182529449463,,,,,,,,,,,,,,
4,3.944540500640869,0.12922394275665283,0.03912590816617012,0.036254510283470154,0.7738770246505737,3.104419469833374,3.086146831512451,0.8784260153770447,0.13146407902240753,0.0,0.0007041884660720825,2.4035391807556152,0.35552269220352173,,,,,,,,,,,,,,
5,3.8707714080810547,0.1396755874156952,0.04439478740096092,0.042647309601306915,0.7347995638847351,3.0582473278045654,3.03961181640625,0.8767279386520386,0.16197097301483154,0.0,0.0008795340538024902,2.3835816383361816,0.3557054102420807,,,,,,,,,,,,,,
6,3.794282913208008,0.14956410229206085,0.05153299868106842,0.05178043618798256,0.6918941140174866,3.011730194091797,2.9864203929901123,0.8747840523719788,0.1964264065027237,0.0,0.001054490864276886,2.361783027648926,0.35565945506095886,,,,,,,,,,,,,,
7,3.7226083278656006,0.15782278776168823,0.05971404165029526,0.06288263201713562,0.647850513458252,2.968174457550049,2.936147689819336,0.8729407787322998,0.235075443983078,0.0,0.001229079020023346,2.340134859085083,0.3557650148868561,,,,,,,,,,,,,,
8,3.646064519882202,0.16519613564014435,0.07005029916763306,0.07701199501752853,0.5986358523368835,2.9208645820617676,2.8798677921295166,0.8705328702926636,0.2795000374317169,0.0,0.0014031855940818787,2.3162710666656494,0.3558388948440552,,,,,,,,,,,,,,
9,3.5702009201049805,0.17124833166599274,0.0816945731639862,0.09367314726114273,0.5481014251708984,2.8701202869415283,2.823343276977539,0.8682666420936584,0.32911309599876404,0.0,0.0015768389225006103,2.291511297225952,0.35582658648490906,,,,,,,,,,,,,,
10,3.493927478790283,0.17096397280693054,0.09427573531866074,0.11295468360185623,0.49530094861984253,2.8186545372009277,2.7641379833221436,0.8653905987739563,0.3813633322715759,0.0,0.0017499170422554016,2.2629642486572266,0.35579225420951843,0.7794474959373474,0.7794474959373474,0.2205525040626526,9.51073932647705,0.74577836386475,0.23303864896297455,13.512567520141602,-0.0,7.554605007171631,0.7756864428520203,0.8522108031842935,0.7756864428520203,3.2038216590881348,2.5167839527130127
11,3.422187089920044,0.16823121905326843,0.10704665631055832,0.13276149332523346,0.44366616010665894,2.767860174179077,2.7095651626586914,0.8627834916114807,0.4391229450702667,0.0,0.0019224737405776978,2.239377498626709,0.3559074103832245,,,,,,,,,,,,,,
12,3.3550190925598145,0.15986260771751404,0.12069860100746155,0.15366123616695404,0.3935346305370331,2.717862367630005,2.6563870906829834,0.8595549464225769,0.5022501945495605,0.0,0.002094384729862213,2.2106616497039795,0.3561175465583801,,,,,,,,,,,,,,
13,3.2900803089141846,0.14626827836036682,0.1328376829624176,0.17432072758674622,0.34550079703330994,2.6701762676239014,2.604665756225586,0.8560801148414612,0.5689400434494019,0.0,0.0022656007528305054,2.1789774894714355,0.35607266426086426,,,,,,,,,,,,,,
14,3.230761766433716,0.12577365338802338,0.14626364409923553,0.1930832415819168,0.3017256259918213,2.6224098205566406,2.556968927383423,0.8522008061408997,0.6321757435798645,0.0,0.0024360409140586855,2.1482362747192383,0.3562362492084503,,,,,,,,,,,,,,
15,3.1750781536102295,0.10051852464675903,0.15618129074573517,0.2090175300836563,0.2639760971069336,2.576910972595215,2.51489520072937,0.8482890129089355,0.6934545040130615,0.0,0.0026056987166404727,2.1163952350616455,0.35639265179634094,,,,,,,,,,,,,,
16,3.1280596256256104,0.06953800469636917,0.16487804055213928,0.22116334736347198,0.23285730183124542,2.539210796356201,2.4791111946105957,0.843755841255188,0.7574836611747742,0.0,0.0027744498848915103,2.081432580947876,0.35638952255249023,,,,,,,,,,,,,,
17,3.0821619033813477,0.033860448747873306,0.17133042216300964,0.22755908966064453,0.20663347840309143,2.5031044483184814,2.4501736164093018,0.8388199210166931,0.811931312084198,0.0,0.002942213869094849,2.0458548069000244,0.3565835654735565,,,,,,,,,,,,,,
18,3.0462193489074707,-0.0029118156526237726,0.1743994504213333,0.22903315722942352,0.1875317543745041,2.4796223640441895,2.4308879375457764,0.8331701755523682,0.8566024899482727,0.0,0.0031088479042053227,2.0063297748565674,0.35666191577911377,,,,,,,,,,,,,,
19,3.016231060028076,-0.04076206311583519,0.17886942625045776,0.22961486876010895,0.1737416535615921,2.4560658931732178,2.411944627761841,0.8272311091423035,0.8936771750450134,0.0,0.0032742941260337833,1.9670065641403198,0.35656699538230896,,,,,,,,,,,,,,
20,2.9864249229431152,-0.0780552476644516,0.1793210208415985,0.22272756695747375,0.16270074248313904,2.4377334117889404,2.405618190765381,0.8206565380096436,0.915771484375,0.0,0.003438425433635712,1.925826907157898,0.3564373552799225,0.7835614085197449,0.7835614085197449,0.21643859148025513,9.425326347351074,0.6058040481137076,0.5449259877204895,7.743562698364258,-0.0,5.092395782470703,0.7763270139694214,0.8051167661786874,0.7763270139694214,3.1230385303497314,2.0240731239318848
21,2.958613395690918,-0.11244863271713257,0.17950187623500824,0.2151489406824112,0.15246248245239258,2.422995090484619,2.400005340576172,0.813689649105072,0.9271126389503479,0.0,0.0036011633634567266,1.8841052055358887,0.3562085032463074,,,,,,,,,,,,,,
22,2.932669162750244,-0.14335285127162933,0.1782601773738861,0.20501692593097687,0.14222274720668793,2.411773204803467,2.4025652408599854,0.806290328502655,0.9259864091873169,0.0,0.0037624214291572576,1.8443968296051025,0.3561646342277527,,,,,,,,,,,,,,
23,2.9159765243530273,-0.1721504032611847,0.17792724072933197,0.19553446769714355,0.1377502828836441,2.4025590419769287,2.406970500946045,0.7978597283363342,0.9230578541755676,0.0,0.003921993374824524,1.7986050844192505,0.3556450605392456,,,,,,,,,,,,,,
24,2.8885302543640137,-0.1974191963672638,0.1757156401872635,0.18439030647277832,0.1248045265674591,2.394016981124878,2.413222551345825,0.7883323431015015,0.9076684713363647,0.0,0.004079659843444825,1.7510366439819336,0.3549354076385498,,,,,,,,,,,,,,
25,2.8730170726776123,-0.21755699813365936,0.174513578414917,0.1746298372745514,0.11991148442029953,2.3867721557617188,2.421152114868164,0.7787547707557678,0.8860993981361389,0.0,0.004235410797595978,1.7064627408981323,0.3541657030582428,,,,,,,,,,,,,,
26,2.8569812774658203,-0.23861779272556305,0.17214031517505646,0.16620852053165436,0.11372151225805283,2.381256103515625,2.428565502166748,0.7682122588157654,0.8646619915962219,0.0,0.004389053249359131,1.6592720746994019,0.35303300619125366,,,,,,,,,,,,,,
27,2.8384742736816406,-0.25876784324645996,0.1712179183959961,0.15894709527492523,0.10741700232028961,2.3692471981048584,2.432537078857422,0.7574005722999573,0.8388710618019104,0.0,0.004540533363819123,1.6163140535354614,0.35251176357269287,,,,,,,,,,,,,,
28,2.8199973106384277,-0.27852243185043335,0.16892367601394653,0.1516120731830597,0.10055594146251678,2.362610101699829,2.435201644897461,0.7451584339141846,0.8117888569831848,0.0,0.00468956505060196,1.5683934688568115,0.3509650230407715,,,,,,,,,,,,,,
29,2.8027312755584717,-0.3025611937046051,0.17112547159194946,0.147907555103302,0.0989450141787529,2.3420398235321045,2.427466869354248,0.7321516275405884,0.785456120967865,0.0,0.004835995376110077,1.523110270500183,0.34925052523612976,,,,,,,,,,,,,,
30,2.7889161109924316,-0.32597067952156067,0.17068180441856384,0.14428073167800903,0.09586846083402634,2.3323633670806885,2.423806667327881,0.7204173803329468,0.7674804925918579,0.0,0.004980078852176667,1.4856175184249878,0.3479517102241516,0.778175950050354,0.778175950050354,0.221824049949646,9.232367515563965,0.7106826691364251,0.6225734949111938,6.478233337402344,-0.0,4.698973655700684,0.7778285145759583,0.7041667583335423,0.7778285145759583,2.6806790828704834,1.313653588294983
31,2.77594256401062,-0.35876181721687317,0.17196892201900482,0.14247694611549377,0.09291347861289978,2.3205580711364746,2.4166085720062256,0.7066198587417603,0.7489222884178162,0.0,0.005121402823925019,1.443339228630066,0.345895379781723,,,,,,,,,,,,,,
32,2.759345054626465,-0.3900904953479767,0.17400775849819183,0.1428997963666916,0.0922764390707016,2.3018672466278076,2.3984549045562744,0.6933857202529907,0.7309544682502747,0.0,0.005260079967975617,1.4064092636108398,0.34446981549263,,,,,,,,,,,,,,
33,2.7455575466156006,-0.4324524700641632,0.17755289375782013,0.14540719985961914,0.09104546904563904,2.2832963466644287,2.379807710647583,0.6776923537254333,0.7154059410095215,0.0,0.0053956184387207035,1.3706556558609009,0.34153375029563904,,,,,,,,,,,,,,
34,2.7329561710357666,-0.4696967303752899,0.17985564470291138,0.14784559607505798,0.09058350324630737,2.2681784629821777,2.3611643314361572,0.6654845476150513,0.704730212688446,0.0,0.005528715348243713,1.3418413400650024,0.3396141231060028,,,,,,,,,,,,,,
35,2.717531442642212,-0.5207297205924988,0.18501953780651093,0.15347632765769958,0.08897556364536285,2.245643138885498,2.334477186203003,0.6513404250144958,0.697613000869751,0.0,0.0056589834332466124,1.315469741821289,0.3370243310928345,,,,,,,,,,,,,,
36,2.703078031539917,-0.5673651695251465,0.19019122421741486,0.15989482402801514,0.08821544051170349,2.222912311553955,2.306640625,0.6390882730484009,0.689081072807312,0.0,0.005786801087856293,1.2985848188400269,0.33477574586868286,,,,,,,,,,,,,,
37,2.6905899047851562,-0.607933759689331,0.19219870865345,0.16557320952415466,0.08651800453662872,2.208052158355713,2.284547805786133,0.6295575499534607,0.6846929788589478,0.0,0.005912712597846985,1.2941542863845825,0.3333437740802765,,,,,,,,,,,,,,
38,2.676560401916504,-0.6698451638221741,0.19724008440971375,0.17412947118282318,0.0828004702925682,2.189410448074341,2.2553703784942627,0.6158548593521118,0.6825893521308899,0.0,0.0060358835697174075,1.2821882963180542,0.32966306805610657,,,,,,,,,,,,,,
39,2.665943145751953,-0.7168409824371338,0.1995563954114914,0.18100881576538086,0.08076032996177673,2.175421714782715,2.2338132858276367,0.6075417995452881,0.6862549185752869,0.0,0.006157391929626465,1.288366675376892,0.32820332050323486,,,,,,,,,,,,,,
40,2.6525940895080566,-0.7687897682189941,0.20446765422821045,0.1896788626909256,0.0781429260969162,2.1569666862487793,2.2036426067352295,0.5991912484169006,0.6869962811470032,0.0,0.006277230179309846,1.2996697425842285,0.326790988445282,0.7783045172691345,0.7783045172691345,0.22169548273086548,9.212190628051758,0.7270968650934886,0.6233422756195068,6.469225883483887,-0.0,4.775040626525879,0.7791606187820435,0.6141348377163829,0.7791606187820435,1.475069284439087,0.8057316541671753
41,2.641688346862793,-0.8135099411010742,0.2081589698791504,0.1978161484003067,0.07723736763000488,2.1395962238311768,2.1773555278778076,0.5922632217407227,0.6898473501205444,0.0,0.0063956828236579905,1.321616530418396,0.3254782259464264,,,,,,,,,,,,,,
42,2.629216194152832,-0.8479686379432678,0.20908904075622559,0.20327086746692657,0.0734279677271843,2.128464937210083,2.1583917140960693,0.5872899889945984,0.6931731104850769,0.0,0.00651314082145691,1.3478621244430542,0.32452160120010376,,,,,,,,,,,,,,
43,2.6137633323669434,-0.8789018392562866,0.2087090015411377,0.20643797516822815,0.06999135762453079,2.1183533668518066,2.1388962268829346,0.583843469619751,0.6968652009963989,0.0,0.00662990951538086,1.3865996599197388,0.32457098364830017,,,,,,,,,,,,,,
44,2.602559804916382,-0.9085875749588013,0.20938922464847565,0.2100912630558014,0.0679754912853241,2.107882022857666,2.1223251819610596,0.5813950300216675,0.7024226784706116,0.0,0.006746188521385194,1.4255372285842896,0.3237687051296234,,,,,,,,,,,,,,
45,2.5938353538513184,-0.925709068775177,0.2088199406862259,0.21190446615219116,0.06615158915519714,2.10219144821167,2.111726999282837,0.5805658102035522,0.7087672352790833,0.0,0.006862301683425905,1.4771569967269897,0.3244819641113281,,,,,,,,,,,,,,
46,2.5863213539123535,-0.9417256712913513,0.21013003587722778,0.21396878361701965,0.06491401791572571,2.094809055328369,2.0998077392578125,0.5818060636520386,0.7192574143409729,0.0,0.006978662896156312,1.538987636566162,0.3256143629550934,,,,,,,,,,,,,,
47,2.570728302001953,-0.9573989510536194,0.206777885556221,0.2116049975156784,0.061903126537799835,2.0896449089050293,2.0912399291992188,0.5803166031837463,0.7241478562355042,0.0,0.007094726216793062,1.5953052043914795,0.3252224624156952,,,,,,,,,,,,,,
48,2.565385341644287,-0.9647421836853027,0.20857761800289154,0.21228370070457458,0.05984441190958023,2.082766056060791,2.0865933895111084,0.5809647440910339,0.7313485145568848,0.0,0.007210919165611268,1.6540782451629639,0.3265035152435303,,,,,,,,,,,,,,
49,2.5556204319000244,-0.9598174691200256,0.20793040096759796,0.21103540062904358,0.05948321521282196,2.076331615447998,2.0780110359191895,0.5815457701683044,0.7428571581840515,0.0,0.007327228319644929,1.7025535106658936,0.32654714584350586,,,,,,,,,,,,,,
50,2.5427937507629395,-0.9737346172332764,0.20665229856967926,0.2085089534521103,0.05741824954748154,2.0671539306640625,2.073274850845337,0.5814683437347412,0.7475239634513855,0.0,0.007443521988391878,1.7562354803085327,0.3265076279640198,0.7783045172691345,0.7783045172691345,0.22169548273086548,9.212190628051758,0.7270968650934886,0.6233422756195068,6.469225883483887,-0.0,4.775040626525879,0.7792890667915344,0.6255300914001396,0.7792890667915344,0.5575041174888611,0.9424291849136353
51,2.5377566814422607,-0.9630529284477234,0.20730042457580566,0.20825177431106567,0.05633298307657242,2.062326192855835,2.0694167613983154,0.5815919041633606,0.7551715970039368,0.0,0.00755984036922455,1.7995637655258179,0.3271905779838562,,,,,,,,,,,,,,
52,2.530348777770996,-0.9686848521232605,0.2114669680595398,0.2099062204360962,0.05625443160533905,2.0473690032958984,2.0580735206604004,0.5820820331573486,0.7644243836402893,0.0,0.00767625677585602,1.8464995622634888,0.3275775611400604,,,,,,,,,,,,,,
53,2.517214298248291,-0.9582432508468628,0.21382667124271393,0.21146170794963837,0.053152743726968765,2.0323572158813477,2.045189380645752,0.5824925303459167,0.769997775554657,0.0,0.007792755281925204,1.882460594177246,0.32798245549201965,,,,,,,,,,,,,,
54,2.5123417377471924,-0.9669168591499329,0.21342307329177856,0.2099437564611435,0.05393485352396965,2.027845621109009,2.0422346591949463,0.5822912454605103,0.7708430290222168,0.0,0.007909213531017307,1.9205641746520996,0.32807788252830505,,,,,,,,,,,,,,
55,2.508056879043579,-0.9714301824569702,0.21628180146217346,0.2113017588853836,0.05296098813414574,2.0190579891204834,2.035966634750366,0.5812200307846069,0.7724094390869141,0.0,0.008025457537174228,1.9411108493804932,0.32778266072273254,,,,,,,,,,,,,,
56,2.49601411819458,-0.9821556806564331,0.2195490151643753,0.21320323646068573,0.05122321471571922,2.002535104751587,2.0215423107147217,0.579524040222168,0.7679712772369385,0.0,0.008141362345218662,1.961193561553955,0.3272709250450134,,,,,,,,,,,,,,
57,2.490995168685913,-0.9801225662231445,0.22403588891029358,0.21727561950683594,0.050729766488075256,1.9886317253112793,2.0092761516571045,0.5762258172035217,0.7703574299812317,0.0,0.008256607508659366,1.966333031654358,0.32580065727233887,,,,,,,,,,,,,,
58,2.4816715717315674,-0.9836921095848083,0.22633576393127441,0.2189282476902008,0.049343496561050415,1.9767667055130005,1.997361421585083,0.5744005441665649,0.7654557824134827,0.0,0.008371487617492679,1.9670265913009644,0.3248302638530731,,,,,,,,,,,,,,
59,2.4791011810302734,-0.9877949953079224,0.22603680193424225,0.21906320750713348,0.049241840839385986,1.9745291471481323,1.9949897527694702,0.5717993974685669,0.7590214014053345,0.0,0.008485847496986392,1.9683973789215088,0.32446640729904175,,,,,,,,,,,,,,
60,2.470933437347412,-0.990961492061615,0.22994469106197357,0.22368058562278748,0.04905357584357262,1.959832787513733,1.9766764640808105,0.5670835375785828,0.7542308568954468,0.0,0.008599264204502109,1.9549399614334106,0.32253509759902954,0.7783045172691345,0.7783045172691345,0.22169548273086548,9.212190628051758,0.7270968650934886,0.6233422756195068,6.469225883483887,-0.0,4.775040626525879,0.7797566056251526,0.604342516211433,0.7797566056251526,0.40909719467163086,1.001920223236084
61,2.4653923511505127,-1.0092120170593262,0.23068618774414062,0.22429564595222473,0.04742127284407616,1.954437017440796,1.971541404724121,0.5634498596191406,0.7513329386711121,0.0,0.008711954176425937,1.9467114210128784,0.32135912775993347,,,,,,,,,,,,,,
62,2.4593939781188965,-1.004185438156128,0.23511792719364166,0.22967343032360077,0.04677523672580719,1.9408185482025146,1.954836368560791,0.5585471987724304,0.739150881767273,0.0,0.008823663616180423,1.926257848739624,0.31908106803894043,,,,,,,,,,,,,,
63,2.4531280994415283,-1.0220054388046265,0.23343445360660553,0.22893448173999786,0.04612847790122032,1.9377758502960205,1.951485514640808,0.5519128441810608,0.7325226068496704,0.0,0.008934046185016635,1.8933361768722534,0.31684306263923645,,,,,,,,,,,,,,
64,2.449169635772705,-1.0418524742126465,0.23428329825401306,0.2299286425113678,0.045408833771944046,1.9337043762207031,1.9453935623168945,0.5449573993682861,0.7236506938934326,0.0,0.009043037664890292,1.864397406578064,0.31400245428085327,,,,,,,,,,,,,,
65,2.444244384765625,-1.0356969833374023,0.2381768375635147,0.23607733845710754,0.04429579898715019,1.9221394062042236,1.9292492866516113,0.5381943583488464,0.7169941663742065,0.0,0.009150676536560062,1.825118899345398,0.3115329444408417,,,,,,,,,,,,,,
66,2.4391186237335205,-1.0493932962417603,0.23764032125473022,0.23556745052337646,0.043382078409194946,1.918115258216858,1.9269423484802246,0.5293428301811218,0.710507869720459,0.0,0.009256545102596287,1.7719825506210327,0.3079155683517456,,,,,,,,,,,,,,
67,2.4377284049987793,-1.051817774772644,0.24011141061782837,0.2388707399368286,0.04459021985530853,1.9115612506866455,1.9167509078979492,0.5206027030944824,0.7048461437225342,0.0,0.009360665643215183,1.7459841966629028,0.3049890995025635,,,,,,,,,,,,,,
68,2.4359748363494873,-1.0706309080123901,0.23873385787010193,0.2381649911403656,0.043660968542099,1.9128004312515259,1.91802978515625,0.510050356388092,0.6882928609848022,0.0,0.009462675714492802,1.7038328647613525,0.3005552589893341,,,,,,,,,,,,,,
69,2.42995548248291,-1.0748778581619263,0.23839576542377472,0.23889383673667908,0.04288028925657272,1.908728837966919,1.9108422994613647,0.49942952394485474,0.6838096976280212,0.0,0.009562561619281772,1.6289341449737549,0.29665327072143555,,,,,,,,,,,,,,
70,2.4271411895751953,-1.0925483703613281,0.23956671357154846,0.23939356207847595,0.04266234114766121,1.903583288192749,1.9074538946151733,0.48849746584892273,0.6766665577888489,0.0,0.009660261112451557,1.597731590270996,0.29270046949386597,0.7801351547241211,0.7801351547241211,0.2198648452758789,9.357877731323242,0.6060321249156428,0.6358351111412048,6.211478233337402,-0.0,4.16215181350708,0.781286895275116,0.4939008600616902,0.781286895275116,0.5215100646018982,0.7825709581375122
71,2.4227542877197266,-1.1055456399917603,0.2435815930366516,0.24369660019874573,0.04270177334547043,1.8912110328674316,1.8943376541137695,0.4772477149963379,0.6685130000114441,0.0,0.009755710655450825,1.555792212486267,0.28867107629776,,,,,,,,,,,,,,
72,2.418525218963623,-1.1167469024658203,0.24194249510765076,0.2422555685043335,0.04143436625599861,1.891970157623291,1.8938156366348267,0.4650265872478485,0.6596938371658325,0.0,0.009848715972900395,1.4983651638031006,0.2839515507221222,,,,,,,,,,,,,,
73,2.416719436645508,-1.1206674575805664,0.2432357519865036,0.24340498447418213,0.04081471636891365,1.8880786895751953,1.8904491662979126,0.45180743932724,0.6509236693382263,0.0,0.009939077460765843,1.4484542608261108,0.2791469991207123,,,,,,,,,,,,,,
74,2.4127206802368164,-1.1315451860427856,0.23986056447029114,0.2399308830499649,0.04053429886698723,1.8908653259277344,1.893924593925476,0.4390481114387512,0.6433240175247192,0.0,0.010026887083053593,1.409377932548523,0.27425920963287354,,,,,,,,,,,,,,
75,2.4098803997039795,-1.1554172039031982,0.242494136095047,0.24238254129886627,0.04057689383625984,1.8828827142715454,1.8859710693359375,0.4265775978565216,0.6364345550537109,0.0,0.010112202602624899,1.3744564056396484,0.27009040117263794,,,,,,,,,,,,,,
76,2.4100489616394043,-1.159595251083374,0.23949813842773438,0.23885557055473328,0.04004080966114998,1.8895668983459473,1.8937418460845947,0.41423505544662476,0.6298708319664001,0.0,0.010195049613714223,1.3296421766281128,0.2657126188278198,,,,,,,,,,,,,,
77,2.405945062637329,-1.179075837135315,0.2448941171169281,0.24422882497310638,0.039399731904268265,1.8759863376617432,1.8788583278656006,0.40217146277427673,0.6122928857803345,0.0,0.010275483906269079,1.293144702911377,0.26094216108322144,,,,,,,,,,,,,,
78,2.403521776199341,-1.1842930316925049,0.24044843018054962,0.23957031965255737,0.03863648325204849,1.8828673362731934,1.8868658542633057,0.39070844650268555,0.6100588440895081,0.0,0.010353625595569616,1.2630237340927124,0.25704479217529297,,,,,,,,,,,,,,
79,2.4002127647399902,-1.1955610513687134,0.24444584548473358,0.2443903088569641,0.03874996677041054,1.8718132972717285,1.8734400272369385,0.3800998330116272,0.6059450507164001,0.0,0.010429645562171942,1.2407801151275635,0.25309404730796814,,,,,,,,,,,,,,
80,2.400705337524414,-1.213652491569519,0.2437698096036911,0.24366004765033722,0.03843735158443451,1.8738534450531006,1.8758230209350586,0.36867597699165344,0.5988758206367493,0.0,0.010503380757570274,1.2194219827651978,0.24945373833179474,0.7826654314994812,0.7826654314994812,0.2173345685005188,9.63873291015625,0.32036911948854174,0.6632711887359619,5.705757141113281,-0.0,2.7428884506225586,0.7833219170570374,0.3425054034423109,0.7833219766616821,0.6314752101898193,0.5924527645111084
81,2.3950955867767334,-1.2193682193756104,0.24540962278842926,0.24494871497154236,0.037812910974025726,1.8654944896697998,1.868354320526123,0.35917824506759644,0.592683732509613,0.0,0.010575216406583793,1.2014189958572388,0.24582535028457642,,,,,,,,,,,,,,
82,2.3955962657928467,-1.2441341876983643,0.2446468025445938,0.24517780542373657,0.03676864132285118,1.8687663078308105,1.8692398071289062,0.35006392002105713,0.5869571566581726,0.0,0.010645229190588005,1.1862437725067139,0.2432972639799118,,,,,,,,,,,,,,
83,2.39660906791687,-1.249730110168457,0.24474364519119263,0.24610957503318787,0.038159482181072235,1.8684654235839844,1.8667274713516235,0.3399776518344879,0.581303060054779,0.0,0.010713224720954902,1.1774994134902954,0.23948943614959717,,,,,,,,,,,,,,
84,2.395035743713379,-1.2603787183761597,0.24587245285511017,0.24670247733592987,0.03740870580077171,1.8658552169799805,1.8642492294311523,0.33561575412750244,0.5793514847755432,0.0,0.010780347871780402,1.1683623790740967,0.2387133091688156,,,,,,,,,,,,,,
85,2.3903555870056152,-1.2800949811935425,0.24514105916023254,0.24650664627552032,0.036591000854969025,1.863080382347107,1.861153483390808,0.32728391885757446,0.5756384134292603,0.0,0.010845804655551917,1.1591155529022217,0.23535114526748657,,,,,,,,,,,,,,
86,2.391970157623291,-1.2973781824111938,0.24688012897968292,0.24810746312141418,0.037531137466430664,1.8600785732269287,1.858824610710144,0.32093101739883423,0.5697357654571533,0.0,0.010909990859031684,1.151900053024292,0.23345991969108582,,,,,,,,,,,,,,
87,2.3885252475738525,-1.2985032796859741,0.2462434023618698,0.24771012365818024,0.03646279126405716,1.8588261604309082,1.857391595840454,0.31540611386299133,0.568659782409668,0.0,0.010973072081804282,1.1345722675323486,0.2310783714056015,,,,,,,,,,,,,,
88,2.387707233428955,-1.325119137763977,0.24779333174228668,0.24932993948459625,0.036260709166526794,1.8558306694030762,1.8528155088424683,0.30950069427490234,0.5664589405059814,0.0,0.011034972220659262,1.1380418539047241,0.22935834527015686,,,,,,,,,,,,,,
89,2.384108781814575,-1.3253464698791504,0.24737322330474854,0.24853265285491943,0.035909246653318405,1.8523310422897339,1.8522562980651855,0.3034285604953766,0.5607830882072449,0.0,0.011095657932758338,1.1262255907058716,0.22719936072826385,,,,,,,,,,,,,,
90,2.3867945671081543,-1.347748875617981,0.24495723843574524,0.24583207070827484,0.03668047487735748,1.8596631288528442,1.8589863777160645,0.29767224192619324,0.5573916435241699,0.0,0.011155192381143576,1.1292351484298706,0.22535854578018188,0.782767653465271,0.782767653465271,0.217232346534729,9.241070747375488,0.23734020195119385,0.6776859760284424,5.465951919555664,-0.0,2.421473264694214,0.7842501401901245,0.2695402081583406,0.7842501401901245,0.581820547580719,0.5513635873794556
91,2.3817195892333984,-1.3665140867233276,0.24786600470542908,0.2481345236301422,0.03535047173500061,1.8499828577041626,1.8507543802261353,0.29558923840522766,0.5562350749969482,0.0,0.011214310228824622,1.1394007205963135,0.2244199514389038,,,,,,,,,,,,,,
92,2.3799872398376465,-1.3819552659988403,0.2494230717420578,0.24903200566768646,0.034823838621377945,1.8455923795700073,1.8478243350982666,0.28753840923309326,0.5544319748878479,0.0,0.011271817910671241,1.1354506015777588,0.2219458520412445,,,,,,,,,,,,,,
93,2.37951922416687,-1.394752025604248,0.24604040384292603,0.24576573073863983,0.03520124778151512,1.8516857624053955,1.8533381223678589,0.2849648594856262,0.5542710423469543,0.0,0.011328810882568367,1.1339970827102661,0.22107549011707306,,,,,,,,,,,,,,
94,2.3799068927764893,-1.4049174785614014,0.25074589252471924,0.2497694492340088,0.03514557704329491,1.8427659273147583,1.8457261323928833,0.28007104992866516,0.5535160303115845,0.0,0.011384825092554101,1.125949501991272,0.21974441409111023,,,,,,,,,,,,,,
95,2.3791184425354004,-1.4268521070480347,0.2457265853881836,0.24466364085674286,0.03435473144054413,1.8529945611953735,1.8557525873184204,0.27470630407333374,0.5503471493721008,0.0,0.011439766353368767,1.1332290172576904,0.21782679855823517,,,,,,,,,,,,,,
96,2.37570858001709,-1.4411683082580566,0.2472710907459259,0.24625574052333832,0.033707134425640106,1.847025752067566,1.8499233722686768,0.27290022373199463,0.5526714324951172,0.0,0.011494346398115167,1.1297353506088257,0.21775880455970764,,,,,,,,,,,,,,
97,2.376711368560791,-1.4613336324691772,0.24953164160251617,0.24819064140319824,0.03452696651220322,1.8429979085922241,1.8459264039993286,0.26514682173728943,0.5508431196212769,0.0,0.011547375762462625,1.130041480064392,0.2156311422586441,,,,,,,,,,,,,,
98,2.3764891624450684,-1.4798102378845215,0.24890050292015076,0.2467760443687439,0.03392310068011284,1.844152808189392,1.8496261835098267,0.2623145878314972,0.5510748028755188,0.0,0.011599838680028923,1.129681944847107,0.21526272594928741,,,,,,,,,,,,,,
99,2.3746120929718018,-1.4981240034103394,0.24768538773059845,0.2461826354265213,0.03342978283762932,1.8455830812454224,1.8490455150604248,0.25665637850761414,0.5475466251373291,0.0,0.011651169955730446,1.1334707736968994,0.21356162428855896,,,,,,,,,,,,,,
100,2.372060775756836,-1.5084927082061768,0.2531859576702118,0.2518042027950287,0.032773252576589584,1.8324731588363647,1.8361214399337769,0.2518410086631775,0.5481627583503723,0.0,0.011701538157463082,1.130964994430542,0.2125186324119568,0.7835646867752075,0.7835646867752075,0.21643531322479248,8.250260353088379,0.18648748269713705,0.7143955230712891,5.191353797912598,-0.0,2.5794568061828613,0.7846711277961731,0.22218807936967766,0.7846711277961731,0.5117736458778381,0.5495507121086121
101,2.372659683227539,-1.5402255058288574,0.25149762630462646,0.24967394769191742,0.03310724347829819,1.8358820676803589,1.8408795595169067,0.24613814055919647,0.5426989793777466,0.0,0.011750765785574921,1.1321663856506348,0.21129842102527618,,,,,,,,,,,,,,
102,2.369983196258545,-1.5446237325668335,0.25086352229118347,0.24922464787960052,0.033117737621068954,1.8355344533920288,1.838019847869873,0.2397506833076477,0.5401393175125122,0.0,0.01179871592223645,1.135946273803711,0.21007272601127625,,,,,,,,,,,,,,
103,2.3712515830993652,-1.5513497591018677,0.2509669065475464,0.2496650218963623,0.03330513834953308,1.8355183601379395,1.839110255241394,0.23761075735092163,0.5385249257087708,0.0,0.011846238073706635,1.1425437927246094,0.20975123345851898,,,,,,,,,,,,,,
104,2.370576858520508,-1.573906660079956,0.25074219703674316,0.24988003075122833,0.032449208199977875,1.8363449573516846,1.8386656045913696,0.2330586463212967,0.5348243117332458,0.0,0.011892849802970893,1.1561782360076904,0.20881445705890656,,,,,,,,,,,,,,
105,2.3679909706115723,-1.5854346752166748,0.2509981095790863,0.2506008744239807,0.03246615454554558,1.8329143524169922,1.8349372148513794,0.22618480026721954,0.5296096801757812,0.0,0.011938086763024337,1.147943139076233,0.2074926346540451,,,,,,,,,,,,,,
106,2.370541572570801,-1.608293056488037,0.25014758110046387,0.24870635569095612,0.03311556205153465,1.8374035358428955,1.8397403955459595,0.22013208270072937,0.5220130085945129,0.0,0.011982113179564482,1.144070029258728,0.20611116290092468,,,,,,,,,,,,,,
107,2.3678996562957764,-1.6333339214324951,0.2503000795841217,0.24995635449886322,0.032347291707992554,1.8347558975219727,1.8358358144760132,0.21422939002513885,0.5143060684204102,0.0,0.01202495905756951,1.1510753631591797,0.20477047562599182,,,,,,,,,,,,,,
108,2.365973711013794,-1.6353404521942139,0.2519705891609192,0.2509213984012604,0.032608430832624435,1.8288990259170532,1.8320472240447998,0.21266523003578186,0.5206725597381592,0.0,0.012067492103576665,1.1774989366531372,0.20553450286388397,,,,,,,,,,,,,,
109,2.3675146102905273,-1.6665154695510864,0.24951831996440887,0.24870145320892334,0.03260115161538124,1.8356002569198608,1.8377872705459595,0.20494329929351807,0.5190271735191345,0.0,0.012108480763435368,1.1711453199386597,0.20374557375907898,,,,,,,,,,,,,,
110,2.365981101989746,-1.6738762855529785,0.2498907893896103,0.24898231029510498,0.03234080970287323,1.833496332168579,1.8360379934310913,0.19944939017295837,0.5177879333496094,0.0,0.01214837064146996,1.1772807836532593,0.20303595066070557,0.7827778458595276,0.7827778458595276,0.2172221541404724,7.534114360809326,0.13819379497060255,0.730780303478241,5.066165447235107,-0.0,2.8103294372558594,0.7847849726676941,0.17089189942716002,0.7847849726676941,0.4519493579864502,0.5682668685913086
111,2.3655543327331543,-1.6942499876022339,0.25270411372184753,0.25180119276046753,0.03181152045726776,1.8283233642578125,1.8301514387130737,0.1984555423259735,0.5150417685508728,0.0,0.012188061749935156,1.185171127319336,0.20349359512329102,,,,,,,,,,,,,,
112,2.362738609313965,-1.7010924816131592,0.25249189138412476,0.25168377161026,0.03175034746527672,1.8256713151931763,1.8279541730880737,0.19075678288936615,0.5085850954055786,0.0,0.012226213106513029,1.1910860538482666,0.20142824947834015,,,,,,,,,,,,,,
113,2.364687442779541,-1.7173205614089966,0.25019407272338867,0.24977566301822662,0.0324808731675148,1.8315613269805908,1.8329123258590698,0.18781857192516327,0.5079124569892883,0.0,0.012263776820898062,1.2095435857772827,0.20110918581485748,,,,,,,,,,,,,,
114,2.3616526126861572,-1.738027572631836,0.2491748332977295,0.24807576835155487,0.03155611455440521,1.8313734531402588,1.8343181610107422,0.18333673477172852,0.507904052734375,0.0,0.012300444167852408,1.1985230445861816,0.2000768631696701,,,,,,,,,,,,,,
115,2.3643901348114014,-1.7549110651016235,0.24910619854927063,0.24781402945518494,0.03285640478134155,1.8329695463180542,1.8362575769424438,0.1788959503173828,0.5046159029006958,0.0,0.012336223357915885,1.2009645700454712,0.19949382543563843,,,,,,,,,,,,,,
116,2.362884998321533,-1.764850378036499,0.2503308355808258,0.24880892038345337,0.03156096488237381,1.830222249031067,1.83414626121521,0.17486947774887085,0.49803364276885986,0.0,0.012371197253465659,1.210885763168335,0.19821672141551971,,,,,,,,,,,,,,
117,2.3603415489196777,-1.784895658493042,0.2517858147621155,0.2509951889514923,0.03151540458202362,1.8251891136169434,1.8269009590148926,0.16939528286457062,0.4964439272880554,0.0,0.012405076310038572,1.2144763469696045,0.19729042053222656,,,,,,,,,,,,,,
118,2.3647055625915527,-1.802536129951477,0.2518540620803833,0.25071874260902405,0.03191292658448219,1.8290036916732788,1.8314356803894043,0.1728425920009613,0.4917535185813904,0.0,0.012439644828438765,1.2214478254318237,0.19796209037303925,,,,,,,,,,,,,,
119,2.360896110534668,-1.8062801361083984,0.25232118368148804,0.25055259466171265,0.03207609802484512,1.8239315748214722,1.8279609680175781,0.1672355830669403,0.49142560362815857,0.0,0.012473091945052153,1.2181813716888428,0.19635175168514252,,,,,,,,,,,,,,
120,2.360086441040039,-1.83622407913208,0.251616507768631,0.25032559037208557,0.03148473799228668,1.8253400325775146,1.8279792070388794,0.16385798156261444,0.4850004315376282,0.0,0.012505863541364676,1.2258656024932861,0.19578266143798828,0.783764123916626,0.783764123916626,0.21623587608337402,7.478708267211914,0.10972783994733992,0.7397174835205078,4.937236785888672,-0.0,2.6884915828704834,0.785140335559845,0.13250206785708468,0.785140335559845,0.3963378667831421,0.5903276205062866
121,2.3575706481933594,-1.8519221544265747,0.25315770506858826,0.2520444691181183,0.03006507270038128,1.8210997581481934,1.8235070705413818,0.1596563160419464,0.47951117157936096,0.0,0.012537794804573066,1.2279480695724487,0.19402402639389038,,,,,,,,,,,,,,
122,2.3576722145080566,-1.8672548532485962,0.25401413440704346,0.2524769902229309,0.030903320759534836,1.818554401397705,1.8220009803771973,0.1550482213497162,0.47403591871261597,0.0,0.012568804448843009,1.2332602739334106,0.19292794167995453,,,,,,,,,,,,,,
123,2.3563740253448486,-1.890121340751648,0.2533118426799774,0.252216100692749,0.0304141603410244,1.8190561532974243,1.821807622909546,0.15008646249771118,0.4656386375427246,0.0,0.012598821741342551,1.2318192720413208,0.1914493590593338,,,,,,,,,,,,,,
124,2.3577003479003906,-1.901933193206787,0.2546217739582062,0.2528453767299652,0.03037027269601822,1.818251609802246,1.8214741945266724,0.15043561160564423,0.4664852023124695,0.0,0.01262890886366368,1.2566313743591309,0.19147925078868866,,,,,,,,,,,,,,
125,2.358750581741333,-1.9167104959487915,0.253335177898407,0.25226378440856934,0.031137600541114807,1.8212391138076782,1.822788953781128,0.14698609709739685,0.46455875039100647,0.0,0.01265830608308316,1.249990463256836,0.1900835484266281,,,,,,,,,,,,,,
126,2.3568313121795654,-1.9348279237747192,0.25514861941337585,0.254183292388916,0.03077962063252926,1.8157235383987427,1.817716121673584,0.14240702986717224,0.4617038667201996,0.0,0.012686787489056594,1.2546659708023071,0.18893489241600037,,,,,,,,,,,,,,
127,2.3568077087402344,-1.9488341808319092,0.25418198108673096,0.253080815076828,0.029915519058704376,1.818336844444275,1.8209218978881836,0.13791882991790771,0.4589962661266327,0.0,0.012714371255040175,1.252490520477295,0.1878800392150879,,,,,,,,,,,,,,
128,2.356729030609131,-1.9589086771011353,0.254655122756958,0.25414642691612244,0.03039187379181385,1.816819429397583,1.8182519674301147,0.13384826481342316,0.45689713954925537,0.0,0.01274114090800286,1.255408525466919,0.18671858310699463,,,,,,,,,,,,,,
129,2.3560163974761963,-1.974308967590332,0.25240233540534973,0.2518985867500305,0.02971019223332405,1.8214987516403198,1.822511911392212,0.13295172154903412,0.4575725495815277,0.0,0.012767731252312666,1.2746931314468384,0.18596185743808746,,,,,,,,,,,,,,
130,2.354041337966919,-1.9788343906402588,0.2519443929195404,0.2514539659023285,0.02997789904475212,1.8202711343765259,1.821059226989746,0.1304127275943756,0.45370396971702576,0.0,0.012793813797831542,1.2820409536361694,0.18475882709026337,0.7827968597412109,0.7827968597412109,0.21720314025878906,7.583352088928223,0.061629087904366865,0.7692196369171143,4.668264389038086,-0.0,2.3382019996643066,0.7854915261268616,0.09534615902815559,0.7854916453361511,0.35610589385032654,0.6099542379379272
131,2.355423927307129,-1.99984872341156,0.25049978494644165,0.25016266107559204,0.030633477494120598,1.823923110961914,1.824332594871521,0.12487068772315979,0.4551241397857666,0.0,0.012818787935376174,1.2794476747512817,0.1832764595746994,,,,,,,,,,,,,,
132,2.352207660675049,-2.0236635208129883,0.24969151616096497,0.24961663782596588,0.028903324156999588,1.823974847793579,1.8240175247192383,0.12123961001634598,0.4490070343017578,0.0,0.012843035857379443,1.2823617458343506,0.18209603428840637,,,,,,,,,,,,,,
133,2.352572441101074,-2.0425000190734863,0.2505049407482147,0.25099408626556396,0.029426591470837593,1.8221901655197144,1.821103572845459,0.11808707565069199,0.4481314420700073,0.0,0.012866653272509581,1.287261724472046,0.18077689409255981,,,,,,,,,,,,,,
134,2.3509936332702637,-2.045347213745117,0.2554317116737366,0.2552850544452667,0.029338080435991287,1.8106228113174438,1.8112547397613525,0.11546570062637329,0.44464629888534546,0.0,0.012889746412634856,1.2877224683761597,0.17948606610298157,,,,,,,,,,,,,,
135,2.349642276763916,-2.074234962463379,0.2559526264667511,0.25611773133277893,0.028279701247811317,1.8095141649246216,1.809070348739624,0.11363337188959122,0.44477835297584534,0.0,0.012912473087012774,1.2883268594741821,0.17868445813655853,,,,,,,,,,,,,,
136,2.350493907928467,-2.078200101852417,0.25703585147857666,0.2571835219860077,0.028903672471642494,1.8079771995544434,1.8067643642425537,0.11382102966308594,0.44257816672325134,0.0,0.012935237292945392,1.3035527467727661,0.1775873899459839,,,,,,,,,,,,,,
137,2.3511948585510254,-2.082684278488159,0.2530968189239502,0.25230056047439575,0.029694681987166405,1.8155206441879272,1.8166850805282593,0.11037490516901016,0.4411656856536865,0.0,0.012957312273979194,1.303377628326416,0.1760946363210678,,,,,,,,,,,,,,
138,2.3501176834106445,-2.094801902770996,0.25357893109321594,0.25321778655052185,0.02941940538585186,1.8136838674545288,1.8141194581985474,0.10938515514135361,0.4407363831996918,0.0,0.012979189305007464,1.314788818359375,0.175217866897583,,,,,,,,,,,,,,
139,2.352545738220215,-2.1259357929229736,0.25062865018844604,0.2504309415817261,0.030579376965761185,1.8207042217254639,1.8211089372634888,0.10293485224246979,0.4353049099445343,0.0,0.012999776275455958,1.315154790878296,0.1730404645204544,,,,,,,,,,,,,,
140,2.3499157428741455,-2.1279826164245605,0.25397205352783203,0.25378116965293884,0.028449831530451775,1.813847541809082,1.8135777711868286,0.10515502840280533,0.43591737747192383,0.0,0.01302080728113652,1.3122881650924683,0.17188577353954315,0.785415530204773,0.785415530204773,0.21458446979522705,7.748626708984375,0.04114112847543589,0.7725831270217896,4.606343746185303,-0.0,2.093397855758667,0.7856162786483765,0.07146043715791507,0.7856162786483765,0.32108232378959656,0.6253843903541565
141,2.3485710620880127,-2.154825210571289,0.252177894115448,0.25205889344215393,0.02927926741540432,1.8150410652160645,1.8150688409805298,0.10380835086107254,0.43686434626579285,0.0,0.013041568951308733,1.3302867412567139,0.17128413915634155,,,,,,,,,,,,,,
142,2.3471932411193848,-2.164381980895996,0.256430983543396,0.25641781091690063,0.02885337918996811,1.8053295612335205,1.8056527376174927,0.10111969709396362,0.4332038164138794,0.0,0.013061792890727526,1.318608045578003,0.16967304050922394,,,,,,,,,,,,,,
143,2.3472297191619873,-2.176335334777832,0.2540566325187683,0.2535717785358429,0.028705891221761703,1.81065034866333,1.8111402988433838,0.09978042542934418,0.43798184394836426,0.0,0.013081748975813394,1.3291288614273071,0.16879594326019287,,,,,,,,,,,,,,
144,2.350813388824463,-2.1994247436523438,0.25195881724357605,0.25180187821388245,0.02861986681818962,1.8184493780136108,1.8184161186218262,0.09745477139949799,0.4324014186859131,0.0,0.013101239930093295,1.3276335000991821,0.16735593974590302,,,,,,,,,,,,,,
145,2.3475027084350586,-2.210526704788208,0.25504353642463684,0.2542297840118408,0.02828460931777954,1.8094971179962158,1.8103924989700317,0.0972270742058754,0.43468961119651794,0.0,0.01312068534493447,1.3371617794036865,0.1669299602508545,,,,,,,,,,,,,,
146,2.348280906677246,-2.2299814224243164,0.2548910975456238,0.25424614548683167,0.02861723117530346,1.8104079961776733,1.8106448650360107,0.095524363219738,0.43035852909088135,0.0,0.013139790217578417,1.3322701454162598,0.16537772119045258,,,,,,,,,,,,,,
147,2.349212646484375,-2.2395267486572266,0.25842908024787903,0.2578188478946686,0.028942298144102097,1.8037391901016235,1.8043054342269897,0.09432089328765869,0.42710381746292114,0.0,0.013158654396235949,1.3484790325164795,0.16512389481067657,,,,,,,,,,,,,,
148,2.3492515087127686,-2.2578771114349365,0.25627222657203674,0.2562256157398224,0.028481265529990196,1.8085867166519165,1.8079578876495361,0.09346511214971542,0.4247763752937317,0.0,0.013177347418665893,1.360668420791626,0.16460712254047394,,,,,,,,,,,,,,
149,2.347733497619629,-2.254155158996582,0.25491562485694885,0.25483256578445435,0.028499575331807137,1.8094359636306763,1.8095351457595825,0.08866588771343231,0.42412954568862915,0.0,0.013195080596208579,1.3546754121780396,0.16302721202373505,,,,,,,,,,,,,,
150,2.3456928730010986,-2.2731993198394775,0.2568223178386688,0.2565760612487793,0.02744459919631481,1.8048179149627686,1.8048819303512573,0.08887682110071182,0.42396947741508484,0.0,0.013212855960428722,1.3681201934814453,0.16305534541606903,0.7863228917121887,0.7863228917121887,0.21367710828781128,7.819207191467285,0.03722651652944926,0.7716701626777649,4.590237617492676,-0.0,1.9990226030349731,0.7856608033180237,0.056513939997810285,0.7856608033180237,0.28338953852653503,0.6589667797088623
151,2.3487677574157715,-2.278413772583008,0.25299063324928284,0.2532952129840851,0.027825474739074707,1.8150533437728882,1.81425940990448,0.08805196732282639,0.4237728714942932,0.0,0.013230466353893288,1.3719165325164795,0.1623193770647049,,,,,,,,,,,,,,
152,2.346364736557007,-2.287297487258911,0.2564274072647095,0.257323294878006,0.02716115675866604,1.806401014328003,1.804504632949829,0.08872809261083603,0.4258030652999878,0.0,0.013248211972415455,1.3838489055633545,0.16276131570339203,,,,,,,,,,,,,,
153,2.347559928894043,-2.2912940979003906,0.2549743056297302,0.2555379271507263,0.027964942157268524,1.8096730709075928,1.8084924221038818,0.0864470899105072,0.4264082610607147,0.0,0.013265501390397557,1.3914519548416138,0.1622210144996643,,,,,,,,,,,,,,
154,2.345019578933716,-2.324185609817505,0.2542758285999298,0.25531110167503357,0.0272220391780138,1.8093751668930054,1.8070459365844727,0.08350882679224014,0.425509512424469,0.0,0.013282203155756005,1.3997598886489868,0.16058623790740967,,,,,,,,,,,,,,
155,2.347463607788086,-2.331562042236328,0.2511245310306549,0.25152114033699036,0.028037700802087784,1.8172059059143066,1.8163543939590454,0.08473792672157288,0.4260164797306061,0.0,0.01329915074110032,1.4059702157974243,0.16127212345600128,,,,,,,,,,,,,,
156,2.3455240726470947,-2.3570024967193604,0.2554892599582672,0.2553027868270874,0.027398355305194855,1.807458519935608,1.8072090148925781,0.08236242085695267,0.4241434335708618,0.0,0.01331562322527171,1.4245671033859253,0.15949353575706482,,,,,,,,,,,,,,
157,2.3451459407806396,-2.374647855758667,0.25667980313301086,0.25702306628227234,0.027335213497281075,1.804327368736267,1.8038883209228516,0.08314096927642822,0.42069849371910095,0.0,0.013332251419126995,1.426910161972046,0.16078732907772064,,,,,,,,,,,,,,
158,2.3453116416931152,-2.3682167530059814,0.2577122747898102,0.257880300283432,0.02733728475868702,1.8025479316711426,1.802215814590454,0.08184876292943954,0.4182014465332031,0.0,0.013348621171712883,1.4404932260513306,0.1598568856716156,,,,,,,,,,,,,,
159,2.3476083278656006,-2.397115468978882,0.25902003049850464,0.25889092683792114,0.027876101434230804,1.8020219802856445,1.801620364189148,0.08044374734163284,0.41457268595695496,0.0,0.01336470992118121,1.4400564432144165,0.15953142940998077,,,,,,,,,,,,,,
160,2.3460841178894043,-2.4022154808044434,0.25902289152145386,0.2586815357208252,0.027746962383389473,1.8006243705749512,1.8006411790847778,0.07846339046955109,0.41285115480422974,0.0,0.01338040259927512,1.4443252086639404,0.15865905582904816,0.787050724029541,0.787050724029541,0.21294927597045898,7.8470611572265625,0.030031051977701183,0.7778204679489136,4.516671180725098,-0.0,1.9164834022521973,0.7858724594116211,0.0464253242713948,0.7858725190162659,0.249668687582016,0.70204758644104
161,2.3438608646392822,-2.388468027114868,0.2567063570022583,0.2566680312156677,0.026916733011603355,1.8038069009780884,1.8033324480056763,0.07638010382652283,0.41250792145729065,0.0,0.013395678620040425,1.4576916694641113,0.15801869332790375,,,,,,,,,,,,,,
162,2.3475401401519775,-2.403501510620117,0.2584559917449951,0.2582094073295593,0.027581021189689636,1.8027551174163818,1.8038324117660522,0.07734478265047073,0.41317373514175415,0.0,0.013411147576570519,1.4511624574661255,0.15752102434635162,,,,,,,,,,,,,,
163,2.343998908996582,-2.424835681915283,0.2566049098968506,0.2560768127441406,0.02729872241616249,1.8036515712738037,1.8043851852416992,0.07677682489156723,0.40948575735092163,0.0,0.013426502941548832,1.4602524042129517,0.15674640238285065,,,,,,,,,,,,,,
164,2.3418588638305664,-2.441969394683838,0.25679922103881836,0.2569073438644409,0.02670309878885746,1.801668405532837,1.8012295961380005,0.07566214352846146,0.41274601221084595,0.0,0.013441635370254524,1.4562046527862549,0.1565474420785904,,,,,,,,,,,,,,
165,2.3463358879089355,-2.4550817012786865,0.2551587224006653,0.25515294075012207,0.02746645361185074,1.8087525367736816,1.8083631992340088,0.07576122134923935,0.41457071900367737,0.0,0.013456787614524372,1.4858087301254272,0.15597960352897644,,,,,,,,,,,,,,
166,2.3449323177337646,-2.4748125076293945,0.25687599182128906,0.2571263611316681,0.027009494602680206,1.8041582107543945,1.8036829233169556,0.07432039827108383,0.4197466969490051,0.0,0.013471651694178589,1.4799968004226685,0.1550503820180893,,,,,,,,,,,,,,
167,2.3451080322265625,-2.496345043182373,0.2604027986526489,0.2600492835044861,0.026989378035068512,1.7971729040145874,1.7981599569320679,0.07513061165809631,0.4177014231681824,0.0,0.01348667781651021,1.4717769622802734,0.15530803799629211,,,,,,,,,,,,,,
168,2.3422529697418213,-2.5115809440612793,0.26083502173423767,0.26067987084388733,0.026024768128991127,1.7944170236587524,1.7950096130371094,0.0752345621585846,0.4186268746852875,0.0,0.013501724728941926,1.4778653383255005,0.15487301349639893,,,,,,,,,,,,,,
169,2.3423845767974854,-2.513080596923828,0.2612980008125305,0.2616114318370819,0.025802074000239372,1.7936724424362183,1.7936738729476929,0.07302249222993851,0.41606903076171875,0.0,0.013516329227387913,1.4785478115081787,0.1539313793182373,,,,,,,,,,,,,,
170,2.3434324264526367,-2.5090043544769287,0.2587193548679352,0.25847285985946655,0.026180045679211617,1.7996832132339478,1.8004374504089355,0.07230182737112045,0.4056146740913391,0.0,0.013530789592862138,1.4908547401428223,0.15382176637649536,0.7885767221450806,0.7885767221450806,0.21142327785491943,7.866646766662598,0.026940980538690765,0.7778685092926025,4.5062642097473145,-0.0,1.8767184019088745,0.7862613797187805,0.03996835439225041,0.7862613797187805,0.22515133023262024,0.7279683351516724
171,2.3444597721099854,-2.522378444671631,0.25654488801956177,0.25675168633461,0.02686866745352745,1.8041906356811523,1.8043982982635498,0.07048708200454712,0.40727636218070984,0.0,0.013544887009263047,1.4994066953659058,0.15315310657024384,,,,,,,,,,,,,,
172,2.342691659927368,-2.5377614498138428,0.2586011290550232,0.25876936316490173,0.026268137618899345,1.7993061542510986,1.798799991607666,0.07141648977994919,0.4071276783943176,0.0,0.013559170307219037,1.4931503534317017,0.1531469076871872,,,,,,,,,,,,,,
173,2.3443243503570557,-2.5522725582122803,0.2566314935684204,0.256589412689209,0.026968033984303474,1.8041483163833618,1.8041225671768188,0.06990567594766617,0.4044635593891144,0.0,0.01357315144240857,1.4914921522140503,0.1528601348400116,,,,,,,,,,,,,,
174,2.3420298099517822,-2.5643210411071777,0.2566373646259308,0.2566303312778473,0.0262060035020113,1.8024603128433228,1.8026517629623413,0.06933841109275818,0.40517887473106384,0.0,0.013587019124627122,1.5132083892822266,0.15228582918643951,,,,,,,,,,,,,,
175,2.340744733810425,-2.574631690979004,0.258155882358551,0.25829410552978516,0.02632226049900055,1.7979940176010132,1.7979507446289062,0.06779590249061584,0.40354424715042114,0.0,0.013600578305125245,1.5084587335586548,0.1521667242050171,,,,,,,,,,,,,,
176,2.344647169113159,-2.5968027114868164,0.25658300518989563,0.2561451494693756,0.025916123762726784,1.8054908514022827,1.8065149784088135,0.06823493540287018,0.40996280312538147,0.0,0.01361422529220582,1.5097434520721436,0.1520233154296875,,,,,,,,,,,,,,
177,2.3421730995178223,-2.615673780441284,0.2580236494541168,0.25750234723091125,0.025680018588900566,1.8005967140197754,1.801337718963623,0.06885726749897003,0.41675928235054016,0.0,0.013627996745705613,1.5286235809326172,0.15195214748382568,,,,,,,,,,,,,,
178,2.340717077255249,-2.619572639465332,0.2631223797798157,0.26253044605255127,0.02578502893447876,1.7886266708374023,1.7899317741394043,0.0667487159371376,0.4073541760444641,0.0,0.013641346488893041,1.5275063514709473,0.15162667632102966,,,,,,,,,,,,,,
179,2.3407325744628906,-2.6430139541625977,0.26155227422714233,0.260909765958786,0.025838250294327736,1.7915400266647339,1.7933247089385986,0.06886021792888641,0.4071822166442871,0.0,0.013655118532478819,1.5277730226516724,0.15228889882564545,,,,,,,,,,,,,,
180,2.3394641876220703,-2.6654775142669678,0.2630332410335541,0.2626708447933197,0.025344232097268105,1.788158893585205,1.788672685623169,0.06510844081640244,0.4012092053890228,0.0,0.013668140220642099,1.565704345703125,0.15132154524326324,0.7883342504501343,0.7883342504501343,0.21166574954986572,7.816047668457031,0.02424190423477132,0.7793099880218506,4.493204116821289,-0.0,1.875902533531189,0.786655604839325,0.034877923717924475,0.7866557240486145,0.20629380643367767,0.7584105730056763
181,2.34091854095459,-2.656681776046753,0.2613082230091095,0.26117607951164246,0.025851553305983543,1.7926383018493652,1.7925270795822144,0.06605755537748337,0.39744558930397034,0.0,0.013681351731717596,1.536086082458496,0.15177325904369354,,,,,,,,,,,,,,
182,2.3421411514282227,-2.657698631286621,0.2615515887737274,0.26089638471603394,0.025626227259635925,1.7936512231826782,1.7944828271865845,0.06677048653364182,0.3968750536441803,0.0,0.013694705829024325,1.5562546253204346,0.15052832663059235,,,,,,,,,,,,,,
183,2.343569755554199,-2.660536050796509,0.2588435709476471,0.2585448920726776,0.025336777791380882,1.800391435623169,1.8012974262237549,0.06481851637363434,0.39802396297454834,0.0,0.01370766953229905,1.5506350994110107,0.15068331360816956,,,,,,,,,,,,,,
184,2.342348575592041,-2.6790993213653564,0.26122039556503296,0.26105961203575134,0.025600647553801537,1.7942296266555786,1.794706106185913,0.0631374716758728,0.4002181589603424,0.0,0.013720297026634225,1.5644111633300781,0.1498698890209198,,,,,,,,,,,,,,
185,2.340324878692627,-2.6983911991119385,0.25993508100509644,0.25987061858177185,0.02499377168715,1.7958852052688599,1.795165777206421,0.06403335183858871,0.40040796995162964,0.0,0.013733103697001944,1.541990041732788,0.1506955623626709,,,,,,,,,,,,,,
186,2.3412599563598633,-2.7022061347961426,0.2579839527606964,0.2588270306587219,0.024963263422250748,1.7999823093414307,1.798989176750183,0.06432756781578064,0.4013846516609192,0.0,0.0137459692105651,1.5600956678390503,0.1496892273426056,,,,,,,,,,,,,,
187,2.3427741527557373,-2.7308812141418457,0.2593288719654083,0.25953441858291626,0.025458412244915962,1.798553228378296,1.7983514070510864,0.062400463968515396,0.40168657898902893,0.0,0.013758449303358804,1.5401149988174438,0.14937202632427216,,,,,,,,,,,,,,
188,2.3398642539978027,-2.7300941944122314,0.2621002793312073,0.26230964064598083,0.02554980106651783,1.7900850772857666,1.7897239923477173,0.06416468322277069,0.40044769644737244,0.0,0.013771282240003358,1.5481597185134888,0.1491609364748001,,,,,,,,,,,,,,
189,2.3413782119750977,-2.737980365753174,0.25879016518592834,0.258649617433548,0.025421300902962685,1.7980343103408813,1.7989997863769531,0.06281527131795883,0.402264803647995,0.0,0.01378384529426695,1.5552570819854736,0.14902086555957794,,,,,,,,,,,,,,
190,2.337658405303955,-2.74600887298584,0.2591426372528076,0.25944235920906067,0.025020305067300797,1.7940891981124878,1.7940171957015991,0.06195193529129028,0.39911454916000366,0.0,0.013796235681325208,1.5526889562606812,0.14919468760490417,0.7884310483932495,0.7884310483932495,0.2115689516067505,7.835183620452881,0.02368100370621896,0.7814241647720337,4.481968879699707,-0.0,1.857818841934204,0.7870392799377441,0.031042362856655712,0.7870393991470337,0.19722884893417358,0.7655900120735168
191,2.3411524295806885,-2.7645905017852783,0.2615727186203003,0.26074016094207764,0.025260664522647858,1.7923879623413086,1.7947697639465332,0.06362218409776688,0.39829179644584656,0.0,0.013808960118144762,1.5664923191070557,0.14998851716518402,,,,,,,,,,,,,,
192,2.340625524520874,-2.7793219089508057,0.26274242997169495,0.2619999945163727,0.025177903473377228,1.789926528930664,1.791483759880066,0.06272349506616592,0.39254453778266907,0.0,0.013821504817157994,1.5482591390609741,0.14895790815353394,,,,,,,,,,,,,,
193,2.3420016765594482,-2.795463800430298,0.26293936371803284,0.2625102698802948,0.024731766432523727,1.7912324666976929,1.7924081087112427,0.06099443882703781,0.39075911045074463,0.0,0.013833703704923402,1.5511794090270996,0.14827512204647064,,,,,,,,,,,,,,
194,2.3400051593780518,-2.7861716747283936,0.2619114816188812,0.2613639831542969,0.0241947490721941,1.792112112045288,1.7929574251174927,0.06209716945886612,0.3985685110092163,0.0,0.013846123138815175,1.5580288171768188,0.1488812267780304,,,,,,,,,,,,,,
195,2.3438665866851807,-2.8104100227355957,0.26106026768684387,0.2608356773853302,0.02596425637602806,1.7960095405578613,1.7960034608840942,0.060761965811252594,0.3969312012195587,0.0,0.013858275531977425,1.5497084856033325,0.14953400194644928,,,,,,,,,,,,,,
196,2.3399040699005127,-2.8228631019592285,0.26413190364837646,0.26427900791168213,0.02478269673883915,1.78678297996521,1.7866381406784058,0.06105004996061325,0.4036853611469269,0.0,0.013870485541969547,1.5366549491882324,0.14889705181121826,,,,,,,,,,,,,,
197,2.345055103302002,-2.8422634601593018,0.2655049264431,0.26570814847946167,0.025584751740098,1.7885006666183472,1.7880139350891113,0.059520017355680466,0.39892399311065674,0.0,0.013882389545440684,1.541904330253601,0.14926698803901672,,,,,,,,,,,,,,
198,2.3401811122894287,-2.842878818511963,0.26106271147727966,0.26166093349456787,0.024309847503900528,1.7938387393951416,1.7924563884735107,0.06000082939863205,0.39740049839019775,0.0,0.01389438971132041,1.5425950288772583,0.14811477065086365,,,,,,,,,,,,,,
199,2.338776111602783,-2.8465843200683594,0.26144030690193176,0.26178160309791565,0.02383105829358101,1.7922345399856567,1.7912116050720215,0.06000541150569916,0.39138853549957275,0.0,0.01390639079362155,1.545276165008545,0.14913031458854675,,,,,,,,,,,,,,
200,2.340579032897949,-2.863492250442505,0.2610938251018524,0.26057741045951843,0.024995965883135796,1.7935410737991333,1.7942827939987183,0.06026073917746544,0.3900405466556549,0.0,0.013918442941457042,1.5349456071853638,0.1484117954969406,0.7885478734970093,0.7885478734970093,0.21145212650299072,7.800754070281982,0.02011922282812043,0.784066915512085,4.468863010406494,-0.0,1.8653500080108643,0.787340521812439,0.028115135397915086,0.7873405814170837,0.1974179893732071,0.7578786611557007
201,2.3437414169311523,-2.8776514530181885,0.26339423656463623,0.2624932825565338,0.02491081692278385,1.7920869588851929,1.7937991619110107,0.05853233113884926,0.38240015506744385,0.0,0.013930149407684812,1.5150293111801147,0.14859803020954132,,,,,,,,,,,,,,
202,2.3417680263519287,-2.8874950408935547,0.26131725311279297,0.2603296637535095,0.02446802705526352,1.7949801683425903,1.796325922012329,0.058591075241565704,0.3847356140613556,0.0,0.013941867622733126,1.527259111404419,0.14869925379753113,,,,,,,,,,,,,,
203,2.343149185180664,-2.8997342586517334,0.2647736966609955,0.26373550295829773,0.024917876347899437,1.788564920425415,1.7908791303634644,0.05833180248737335,0.3872348666191101,0.0,0.0139535339832306,1.5179762840270996,0.148756206035614,,,,,,,,,,,,,,
204,2.339731216430664,-2.94948673248291,0.263449490070343,0.2634902000427246,0.024526648223400116,1.7881593704223633,1.7883702516555786,0.05819096788764,0.3931177854537964,0.0,0.013965172176808129,1.510695457458496,0.1483917236328125,,,,,,,,,,,,,,
205,2.341261863708496,-2.9465017318725586,0.2628701627254486,0.2629847526550293,0.024855326861143112,1.7904802560806274,1.7906229496002197,0.057225603610277176,0.39643245935440063,0.0,0.013976617297530185,1.538072943687439,0.1481206864118576,,,,,,,,,,,,,,
206,2.340097427368164,-2.951462745666504,0.26616472005844116,0.2664252519607544,0.024302974343299866,1.7834744453430176,1.7829344272613525,0.0577988475561142,0.39806270599365234,0.0,0.013988177067041408,1.5113465785980225,0.14758391678333282,,,,,,,,,,,,,,
207,2.3370351791381836,-2.962874174118042,0.26420190930366516,0.26450440287590027,0.02451372891664505,1.7840009927749634,1.783629298210144,0.057492271065711975,0.3933541774749756,0.0,0.013999675521254551,1.5020372867584229,0.1480962187051773,,,,,,,,,,,,,,
208,2.3400702476501465,-2.9359090328216553,0.26275551319122314,0.2625124454498291,0.024359308183193207,1.7899354696273804,1.7909504175186157,0.05765240266919136,0.38901129364967346,0.0,0.014011206001788389,1.5009006261825562,0.14872334897518158,,,,,,,,,,,,,,
209,2.3388400077819824,-2.95062518119812,0.2621673345565796,0.2616051733493805,0.023981669917702675,1.7902154922485352,1.7919563055038452,0.05674687400460243,0.3882684111595154,0.0,0.014022555376589309,1.4974610805511475,0.1483151763677597,,,,,,,,,,,,,,
210,2.340475559234619,-2.9808900356292725,0.2605831027030945,0.2597404420375824,0.02389010414481163,1.7951796054840088,1.7973443269729614,0.05552798509597778,0.3860163986682892,0.0,0.014033660973608504,1.4868918657302856,0.14762774109840393,0.7878350615501404,0.7878350615501404,0.21216493844985962,7.789670944213867,0.01972599000534031,0.7844513058662415,4.465892791748047,-0.0,1.8635138273239136,0.7876255512237549,0.025578226755971996,0.7876256108283997,0.20791754126548767,0.7381947636604309
211,2.340877056121826,-2.9987730979919434,0.2637156844139099,0.26288342475891113,0.024839205667376518,1.7884725332260132,1.7904049158096313,0.056028738617897034,0.37972602248191833,0.0,0.014044866721332084,1.4861807823181152,0.1475502848625183,,,,,,,,,,,,,,
212,2.3379316329956055,-2.9960777759552,0.26261985301971436,0.2624349296092987,0.02326105907559395,1.7894763946533203,1.7897553443908691,0.055008504539728165,0.3832254111766815,0.0,0.01405586842224003,1.4974303245544434,0.1480862945318222,,,,,,,,,,,,,,
213,2.340808629989624,-2.9932103157043457,0.26419708132743835,0.2641015648841858,0.02387206442654133,1.7885758876800537,1.788699984550476,0.056659579277038574,0.3877179026603699,0.0,0.014067200338095437,1.481297492980957,0.14880500733852386,,,,,,,,,,,,,,
214,2.3412375450134277,-3.00880765914917,0.26334336400032043,0.26382023096084595,0.02380933053791523,1.7902858257293701,1.7902432680130005,0.05471736192703247,0.3870258331298828,0.0,0.014078143810480843,1.4811482429504395,0.14809055626392365,,,,,,,,,,,,,,
215,2.341440200805664,-3.0424580574035645,0.2627893388271332,0.2626727819442749,0.02384469285607338,1.791930079460144,1.792336344718933,0.05421578511595726,0.3843191862106323,0.0,0.014088986967504035,1.483991026878357,0.1479484736919403,,,,,,,,,,,,,,
216,2.3400514125823975,-3.0604934692382812,0.2633145749568939,0.2631540894508362,0.024246282875537872,1.7888503074645996,1.7898228168487549,0.05584694817662239,0.38570544123649597,0.0,0.014100156357139359,1.4780707359313965,0.14920422434806824,,,,,,,,,,,,,,
217,2.340557336807251,-3.067362070083618,0.26849648356437683,0.2683921158313751,0.023033382371068,1.7801973819732666,1.7810733318328857,0.0536859855055809,0.3865732252597809,0.0,0.014110893554240476,1.4658291339874268,0.14792808890342712,,,,,,,,,,,,,,
218,2.3426201343536377,-3.0588181018829346,0.26584458351135254,0.26654788851737976,0.024263346567749977,1.786325454711914,1.7856030464172363,0.05315779522061348,0.3813214898109436,0.0,0.014121525113284598,1.464648962020874,0.14807359874248505,,,,,,,,,,,,,,
219,2.3424949645996094,-3.082592487335205,0.2647859454154968,0.26461097598075867,0.023728368803858757,1.7892100811004639,1.7895292043685913,0.05280224233865738,0.37623685598373413,0.0,0.01413208556175233,1.483398675918579,0.14805924892425537,,,,,,,,,,,,,,
220,2.3432793617248535,-3.081061363220215,0.26540106534957886,0.265384703874588,0.024463078007102013,1.7878516912460327,1.7882096767425537,0.05262914299964905,0.3751494288444519,0.0,0.014142611390352259,1.4686208963394165,0.14853672683238983,0.7887218594551086,0.7887218594551086,0.21127814054489136,7.7852277755737305,0.016037697452888213,0.7972804307937622,4.422093868255615,-0.0,1.8516812324523926,0.7878336310386658,0.02353979723026673,0.7878336906433105,0.22198085486888885,0.7224195599555969
221,2.340582847595215,-3.1042733192443848,0.2627915143966675,0.26189059019088745,0.02469165064394474,1.7900134325027466,1.7924047708511353,0.052243802696466446,0.3761329650878906,0.0,0.014153060150891551,1.4766470193862915,0.148077130317688,,,,,,,,,,,,,,
222,2.3405563831329346,-3.125781774520874,0.2670406401157379,0.2658354640007019,0.023777056485414505,1.7824440002441406,1.7853621244430542,0.053074851632118225,0.37739911675453186,0.0,0.014163675121217975,1.4747239351272583,0.1498986929655075,,,,,,,,,,,,,,
223,2.3392467498779297,-3.126558542251587,0.26564133167266846,0.2647329866886139,0.023858824744820595,1.7838717699050903,1.7861555814743042,0.05120199918746948,0.3773621916770935,0.0,0.01417391552105547,1.4751760959625244,0.14959709346294403,,,,,,,,,,,,,,
224,2.3466997146606445,-3.143069267272949,0.26859742403030396,0.267814964056015,0.023635022342205048,1.7858432531356812,1.7874611616134644,0.051521021872758865,0.376295268535614,0.0,0.014184219725430021,1.4811509847640991,0.14884021878242493,,,,,,,,,,,,,,
225,2.3404130935668945,-3.157475233078003,0.2650289833545685,0.26496371626853943,0.023919682949781418,1.7863743305206299,1.7866268157958984,0.051487330347299576,0.3814397156238556,0.0,0.014194517191499481,1.4839180707931519,0.14962106943130493,,,,,,,,,,,,,,
226,2.339921236038208,-3.171361207962036,0.26578620076179504,0.26605063676834106,0.02367955446243286,1.7842665910720825,1.7845431566238403,0.05020323023200035,0.3815171420574188,0.0,0.014204557837545881,1.5027525424957275,0.1502404659986496,,,,,,,,,,,,,,
227,2.3408451080322266,-3.2038345336914062,0.26327139139175415,0.263540655374527,0.022884363308548927,1.7910850048065186,1.7912122011184692,0.05047527328133583,0.37634003162384033,0.0,0.014214652892202148,1.4952861070632935,0.15040352940559387,,,,,,,,,,,,,,
228,2.343402862548828,-3.191863536834717,0.2651483118534088,0.2649599611759186,0.0234554260969162,1.7895013093948364,1.7901769876480103,0.04999615252017975,0.37577587366104126,0.0,0.014224652122706185,1.5199840068817139,0.15049104392528534,,,,,,,,,,,,,,
229,2.3416669368743896,-3.2099759578704834,0.2642708718776703,0.2640926241874695,0.023441044613718987,1.7897650003433228,1.7899600267410278,0.050094399601221085,0.3732111155986786,0.0,0.01423467100262643,1.5298993587493896,0.15025395154953003,,,,,,,,,,,,,,
230,2.3424875736236572,-3.2178401947021484,0.26854726672172546,0.26875022053718567,0.023594558238983154,1.7814379930496216,1.7817529439926147,0.049956463277339935,0.3663497865200043,0.0,0.014244662295281898,1.5329736471176147,0.1508559137582779,0.7889084219932556,0.7889084219932556,0.21109157800674438,7.907857894897461,0.016485747842194698,0.8178454637527466,4.373554229736328,-0.0,1.959655523300171,0.7880387902259827,0.021649313004641728,0.7880388498306274,0.21268124878406525,0.7594882845878601
231,2.340766668319702,-3.213287591934204,0.2695956826210022,0.2693582773208618,0.02332984283566475,1.7781643867492676,1.7788013219833374,0.05009757727384567,0.3639334440231323,0.0,0.014254681810736667,1.550635576248169,0.14999161660671234,,,,,,,,,,,,,,
232,2.3406882286071777,-3.238811492919922,0.26733994483947754,0.2675879895687103,0.02315370738506317,1.7826039791107178,1.782609224319458,0.04878566786646843,0.36522525548934937,0.0,0.014264438944309961,1.5547685623168945,0.15142853558063507,,,,,,,,,,,,,,
233,2.34138822555542,-3.24497127532959,0.26616498827934265,0.2665311396121979,0.023156646639108658,1.7854323387145996,1.785638689994812,0.048638422042131424,0.3683069348335266,0.0,0.014274166628718388,1.5705453157424927,0.15106062591075897,,,,,,,,,,,,,,
234,2.3452181816101074,-3.272320508956909,0.2678011655807495,0.26814597845077515,0.023546023294329643,1.7859688997268677,1.7854810953140259,0.048039428889751434,0.3716372549533844,0.0,0.014283774514496339,1.5713573694229126,0.15078489482402802,,,,,,,,,,,,,,
235,2.3409085273742676,-3.2746477127075195,0.2671163082122803,0.26708149909973145,0.02324387989938259,1.7834762334823608,1.7834572792053223,0.04978112503886223,0.3703022301197052,0.0,0.014293730739504112,1.5905001163482666,0.1514047235250473,,,,,,,,,,,,,,
236,2.343242883682251,-3.2823526859283447,0.2693554162979126,0.2692130208015442,0.02364390343427658,1.7805874347686768,1.7814736366271973,0.04792317748069763,0.3661097288131714,0.0,0.014303315375000252,1.595735788345337,0.15103580057621002,,,,,,,,,,,,,,
237,2.3372817039489746,-3.2860677242279053,0.265974760055542,0.26503485441207886,0.02280993014574051,1.7823829650878906,1.784541130065918,0.04750119149684906,0.3641960024833679,0.0,0.014312815613299622,1.5928856134414673,0.15069815516471863,,,,,,,,,,,,,,
238,2.3387274742126465,-3.3119657039642334,0.26655736565589905,0.2660452127456665,0.02310095727443695,1.782285213470459,1.7837623357772827,0.048095542937517166,0.36809098720550537,0.0,0.014322434721887127,1.6119072437286377,0.15120001137256622,,,,,,,,,,,,,,
239,2.343179225921631,-3.3278448581695557,0.2663367688655853,0.2657831609249115,0.024078719317913055,1.786454677581787,1.7875065803527832,0.0477452278137207,0.3666824698448181,0.0,0.01433198376744987,1.6050174236297607,0.1510561853647232,,,,,,,,,,,,,,
240,2.3434462547302246,-3.337631940841675,0.2677808105945587,0.26723340153694153,0.023158295080065727,1.7846546173095703,1.7858928442001343,0.047434087842702866,0.36626794934272766,0.0,0.01434147058501841,1.608469843864441,0.15073652565479279,0.7888757586479187,0.7888757586479187,0.2111242413520813,8.013092994689941,0.014778353108783901,0.8214972019195557,4.355796813964844,-0.0,1.9903205633163452,0.7883550524711609,0.02005997649116418,0.7883551716804504,0.19502508640289307,0.7981218695640564
241,2.342721462249756,-3.3465945720672607,0.267677366733551,0.2670401632785797,0.023074019700288773,1.7841849327087402,1.785674810409546,0.047912053763866425,0.36623910069465637,0.0,0.014351052995771184,1.625090479850769,0.151701420545578,,,,,,,,,,,,,,
242,2.3409547805786133,-3.320446729660034,0.26737627387046814,0.267293781042099,0.023593517020344734,1.7825500965118408,1.782832145690918,0.04725660756230354,0.3687663972377777,0.0,0.014360504317283645,1.6189172267913818,0.15141138434410095,,,,,,,,,,,,,,
243,2.343947410583496,-3.345226287841797,0.2685302495956421,0.2686249911785126,0.023021772503852844,1.7840327024459839,1.783508062362671,0.047088004648685455,0.36226600408554077,0.0,0.014369921918213383,1.6300474405288696,0.15017840266227722,,,,,,,,,,,,,,
244,2.340219259262085,-3.3612000942230225,0.2689696252346039,0.26903319358825684,0.022338079288601875,1.7799521684646606,1.7798045873641968,0.04571595788002014,0.3585614264011383,0.0,0.014379065109789388,1.6555744409561157,0.15094159543514252,,,,,,,,,,,,,,
245,2.344562530517578,-3.390692710876465,0.2660028338432312,0.2658544182777405,0.023186681792140007,1.7892091274261475,1.7898279428482056,0.04586317762732506,0.358665406703949,0.0,0.014388237745314853,1.6759288311004639,0.14971770346164703,,,,,,,,,,,,,,
246,2.3410258293151855,-3.409090518951416,0.26851069927215576,0.2683734595775604,0.022079674527049065,1.781893253326416,1.7822306156158447,0.046935662627220154,0.35467833280563354,0.0,0.014397624877840296,1.658524990081787,0.15084271132946014,,,,,,,,,,,,,,
247,2.342555522918701,-3.4252707958221436,0.2665591239929199,0.266095370054245,0.022945672273635864,1.7864048480987549,1.787506103515625,0.045792728662490845,0.35777461528778076,0.0,0.014406783423572794,1.63509202003479,0.14978991448879242,,,,,,,,,,,,,,
248,2.3470618724823,-3.4315388202667236,0.27090349793434143,0.270796537399292,0.023249808698892593,1.7815775871276855,1.7826465368270874,0.045899491757154465,0.35941120982170105,0.0,0.014415963321924226,1.6514818668365479,0.14978674054145813,,,,,,,,,,,,,,
249,2.3427696228027344,-3.444650411605835,0.27270179986953735,0.2715796232223511,0.022590860724449158,1.7743861675262451,1.7774083614349365,0.04606274515390396,0.36127328872680664,0.0,0.014425175870955006,1.678231120109558,0.14923538267612457,,,,,,,,,,,,,,
250,2.3494021892547607,-3.4521892070770264,0.2726401388645172,0.2720058858394623,0.023718765005469322,1.7801975011825562,1.7818773984909058,0.046015992760658264,0.3591528534889221,0.0,0.014434379069507139,1.6704963445663452,0.1481444388628006,0.789232611656189,0.789232611656189,0.21076738834381104,8.02566909790039,0.014723485281486929,0.8227465152740479,4.344717502593994,-0.0,1.965998888015747,0.7885621190071106,0.01892913548258942,0.7885621786117554,0.18292781710624695,0.8151228427886963
251,2.3429155349731445,-3.4580583572387695,0.2711237072944641,0.27105796337127686,0.023553095757961273,1.7767524719238281,1.7776093482971191,0.044699277728796005,0.3592759370803833,0.0,0.014443318925052897,1.6804149150848389,0.1478760540485382,,,,,,,,,,,,,,
252,2.3431894779205322,-3.483323812484741,0.2702467739582062,0.2703169286251068,0.02269260585308075,1.7797330617904663,1.7801332473754883,0.04493732005357742,0.3576788008213043,0.0,0.014452306389063613,1.6643478870391846,0.1486680805683136,,,,,,,,,,,,,,
253,2.345611572265625,-3.49281907081604,0.2675590515136719,0.26818713545799255,0.023071283474564552,1.787261724472046,1.7863267660140991,0.045443207025527954,0.3532489240169525,0.0,0.014461395030468718,1.6717031002044678,0.1481541395187378,,,,,,,,,,,,,,
254,2.3480446338653564,-3.4793436527252197,0.268767386674881,0.2686034142971039,0.02319411002099514,1.7873643636703491,1.7875950336456299,0.04553401470184326,0.3558194041252136,0.0,0.014470501833409087,1.661928653717041,0.14837700128555298,,,,,,,,,,,,,,
255,2.3425283432006836,-3.490999221801758,0.2699742019176483,0.27070316672325134,0.023020340129733086,1.779423475265503,1.7782379388809204,0.0445096455514431,0.3565804958343506,0.0,0.014479403762519376,1.6660739183425903,0.14781756699085236,,,,,,,,,,,,,,
256,2.3413808345794678,-3.488560676574707,0.2689094841480255,0.26834166049957275,0.02187039703130722,1.781930685043335,1.782588005065918,0.045407116413116455,0.3576195538043976,0.0,0.014488485185802,1.6666918992996216,0.1466282308101654,,,,,,,,,,,,,,
257,2.3454477787017822,-3.5281567573547363,0.2708832621574402,0.2698274552822113,0.02300715260207653,1.7803000211715698,1.7831597328186035,0.04506508633494377,0.3588411808013916,0.0,0.014497498203068988,1.6557793617248535,0.1468198448419571,,,,,,,,,,,,,,
258,2.3444910049438477,-3.5491278171539307,0.27083465456962585,0.27012357115745544,0.023022180423140526,1.7796385288238525,1.7813829183578491,0.045589007437229156,0.361825555562973,0.0,0.014506616004556433,1.6598711013793945,0.14715859293937683,,,,,,,,,,,,,,
259,2.339024543762207,-3.538281202316284,0.2701663076877594,0.2692417800426483,0.022328607738018036,1.7760728597640991,1.7785027027130127,0.04502074792981148,0.36453381180763245,0.0,0.014515620154142395,1.6688820123672485,0.14681850373744965,,,,,,,,,,,,,,
260,2.3445143699645996,-3.5510168075561523,0.27220430970191956,0.27188801765441895,0.02265295945107937,1.7771844863891602,1.7783536911010742,0.04457162320613861,0.3587833046913147,0.0,0.014524534478783623,1.6720784902572632,0.14617033302783966,0.7885605096817017,0.7885605096817017,0.21143949031829834,8.081352233886719,0.014060060896313297,0.822602391242981,4.339516639709473,-0.0,1.9504095315933228,0.788564920425415,0.01798350750210698,0.788564920425415,0.17721545696258545,0.8109844923019409
261,2.343111515045166,-3.548328399658203,0.2713316082954407,0.27121952176094055,0.023403910920023918,1.7766720056533813,1.7776410579681396,0.04409909248352051,0.35243555903434753,0.0,0.014533354297280327,1.6587247848510742,0.1452358365058899,,,,,,,,,,,,,,
262,2.348428964614868,-3.5596494674682617,0.26963257789611816,0.26978200674057007,0.02247413992881775,1.7862439155578613,1.7868365049362183,0.04424898326396942,0.351765513420105,0.0,0.014542204093933121,1.6591711044311523,0.14618009328842163,,,,,,,,,,,,,,
263,2.3440794944763184,-3.5778696537017822,0.27091044187545776,0.27033573389053345,0.02263370342552662,1.7794970273971558,1.7809021472930908,0.043806418776512146,0.34871628880500793,0.0,0.014550965377688423,1.673089861869812,0.14481571316719055,,,,,,,,,,,,,,
264,2.3462305068969727,-3.5956943035125732,0.2696385681629181,0.2690492570400238,0.022780923172831535,1.7839329242706299,1.7855908870697021,0.043288979679346085,0.3510645031929016,0.0,0.014559623173624293,1.6552358865737915,0.14591045677661896,,,,,,,,,,,,,,
265,2.3458337783813477,-3.6207327842712402,0.2710461914539337,0.2703899145126343,0.02198394574224949,1.7816828489303589,1.783144474029541,0.04426680877804756,0.35478174686431885,0.0,0.014568476535379902,1.6503305435180664,0.14636923372745514,,,,,,,,,,,,,,
266,2.3432328701019287,-3.627213478088379,0.27070149779319763,0.27054107189178467,0.02200676128268242,1.7794400453567505,1.780526876449585,0.0445760153234005,0.350254088640213,0.0,0.014577391738444582,1.6491549015045166,0.1444062739610672,,,,,,,,,,,,,,
267,2.346015453338623,-3.627516508102417,0.27252012491226196,0.2720828056335449,0.022490885108709335,1.778374433517456,1.7794686555862427,0.043770041316747665,0.35098132491111755,0.0,0.014586145746707932,1.650490164756775,0.1439296156167984,,,,,,,,,,,,,,
268,2.3460733890533447,-3.6501660346984863,0.27464428544044495,0.27449482679367065,0.0228689294308424,1.773928165435791,1.774202585220337,0.04396120086312294,0.34474340081214905,0.0,0.014594937986880557,1.6602157354354858,0.14437918365001678,,,,,,,,,,,,,,
269,2.3468265533447266,-3.667056083679199,0.2722727656364441,0.27221593260765076,0.023389391601085663,1.7785447835922241,1.7793521881103516,0.043876394629478455,0.3456045985221863,0.0,0.014603713265806452,1.6731746196746826,0.14415167272090912,,,,,,,,,,,,,,
270,2.345980644226074,-3.6720688343048096,0.27265506982803345,0.271971195936203,0.022977011278271675,1.7777643203735352,1.7789901494979858,0.04347370192408562,0.34248173236846924,0.0,0.01461240800619127,1.6465907096862793,0.14453233778476715,0.7887101173400879,0.7887101173400879,0.2112898826599121,8.124682426452637,0.013967219993504197,0.8239477276802063,4.329916954040527,-0.0,1.9398505687713623,0.7885293960571289,0.017224032110733922,0.7885294556617737,0.17343832552433014,0.8034721612930298
271,2.3441579341888428,-3.662332534790039,0.27292555570602417,0.27217161655426025,0.022493954747915268,1.7756565809249878,1.7774769067764282,0.044221531599760056,0.3463153839111328,0.0,0.014621252312511221,1.6525578498840332,0.14383429288864136,,,,,,,,,,,,,,
272,2.3448638916015625,-3.6841847896575928,0.2707516849040985,0.2706492245197296,0.022488156333565712,1.7803722620010376,1.781577467918396,0.04256371036171913,0.3518669903278351,0.0,0.014629765054583565,1.6652425527572632,0.1433876007795334,,,,,,,,,,,,,,
273,2.3459837436676025,-3.6914360523223877,0.27366119623184204,0.2734987735748291,0.02258310653269291,1.7760438919067383,1.7764374017715454,0.04369514063000679,0.35337018966674805,0.0,0.014638504082709567,1.6492421627044678,0.14348483085632324,,,,,,,,,,,,,,
274,2.3510959148406982,-3.72098708152771,0.27275651693344116,0.2726297974586487,0.02231239341199398,1.782975673675537,1.7838187217712402,0.04296043887734413,0.35139381885528564,0.0,0.014647096170485036,1.642453670501709,0.14288488030433655,,,,,,,,,,,,,,
275,2.345824956893921,-3.737783908843994,0.2718828022480011,0.2718662917613983,0.02185598760843277,1.780029058456421,1.7804104089736938,0.04321768879890442,0.3524671196937561,0.0,0.014655739708244816,1.6588209867477417,0.1434182971715927,,,,,,,,,,,,,,
276,2.342447519302368,-3.7380459308624268,0.2703137695789337,0.2703903317451477,0.02194271609187126,1.7795741558074951,1.7800270318984985,0.04273058474063873,0.3451249301433563,0.0,0.014664285825192944,1.6584676504135132,0.14262183010578156,,,,,,,,,,,,,,
277,2.345491647720337,-3.7552523612976074,0.273126482963562,0.27287185192108154,0.021732354536652565,1.7771563529968262,1.7783656120300293,0.0431695356965065,0.345796674489975,0.0,0.014672919732332246,1.6303651332855225,0.14307382702827454,,,,,,,,,,,,,,
278,2.3446812629699707,-3.74836802482605,0.27348724007606506,0.27322718501091003,0.021358465775847435,1.7760816812515259,1.7771353721618652,0.04302450269460678,0.34653863310813904,0.0,0.014681524632871168,1.661460280418396,0.14373771846294403,,,,,,,,,,,,,,
279,2.345475196838379,-3.7791662216186523,0.27381259202957153,0.2732049822807312,0.02211516909301281,1.775575041770935,1.7771096229553223,0.042214348912239075,0.34184399247169495,0.0,0.014689967502653617,1.6683881282806396,0.14229832589626312,,,,,,,,,,,,,,
280,2.3450632095336914,-3.782160520553589,0.27236324548721313,0.27100783586502075,0.021477768197655678,1.7784738540649414,1.7819547653198242,0.04336954280734062,0.34723880887031555,0.0,0.014698641411215085,1.6471832990646362,0.14272813498973846,0.7878358364105225,0.7878358364105225,0.21216416358947754,8.18474292755127,0.012936562207793342,0.8275033831596375,4.31117582321167,-0.0,1.919464349746704,0.7884041666984558,0.01650493248370685,0.7884041666984558,0.1711168736219406,0.795020341873169
281,2.3466429710388184,-3.7923192977905273,0.27417778968811035,0.27347490191459656,0.022188996896147728,1.7759990692138672,1.7776035070419312,0.04265247657895088,0.34519168734550476,0.0,0.014707171906530874,1.6495667695999146,0.14221903681755066,,,,,,,,,,,,,,
282,2.351306438446045,-3.7915842533111572,0.27612462639808655,0.27553266286849976,0.0219053216278553,1.777190923690796,1.778296709060669,0.042726751416921616,0.34626030921936035,0.0,0.014715717256814259,1.6396383047103882,0.14228728413581848,,,,,,,,,,,,,,
283,2.341808795928955,-3.8036322593688965,0.2724980115890503,0.27239933609962463,0.021166877821087837,1.7752128839492798,1.7762762308120728,0.041950374841690063,0.34203585982322693,0.0,0.014724107331782596,1.6521358489990234,0.14169400930404663,,,,,,,,,,,,,,
284,2.3482351303100586,-3.8269786834716797,0.2728923559188843,0.2732715904712677,0.021783363074064255,1.7802730798721313,1.7803024053573608,0.04218079894781113,0.3354794383049011,0.0,0.014732543491572159,1.6299233436584473,0.1424809992313385,,,,,,,,,,,,,,
285,2.3536264896392822,-3.8425076007843018,0.2731117010116577,0.2742500603199005,0.022444769740104675,1.7846763134002686,1.782963752746582,0.04281589388847351,0.3360576033592224,0.0,0.014741106670349854,1.6352592706680298,0.14256009459495544,,,,,,,,,,,,,,
286,2.351041316986084,-3.8527417182922363,0.27339163422584534,0.2737269699573517,0.022451186552643776,1.7815728187561035,1.7813702821731567,0.04183224216103554,0.33393657207489014,0.0,0.014749473118782061,1.6138231754302979,0.14185720682144165,,,,,,,,,,,,,,
287,2.342547655105591,-3.8456084728240967,0.27747565507888794,0.27715909481048584,0.021516218781471252,1.7655863761901855,1.767207145690918,0.041691314429044724,0.33426162600517273,0.0,0.01475781138166787,1.6294118165969849,0.1416403204202652,,,,,,,,,,,,,,
288,2.347395896911621,-3.835333824157715,0.277856707572937,0.2766113877296448,0.021776318550109863,1.7697374820709229,1.7725656032562256,0.04209398850798607,0.3349239230155945,0.0,0.014766230179369467,1.625791311264038,0.14244486391544342,,,,,,,,,,,,,,
289,2.346088171005249,-3.8379037380218506,0.276572585105896,0.27593907713890076,0.021428877487778664,1.7712538242340088,1.7730412483215332,0.04149724170565605,0.34068092703819275,0.0,0.014774529627710599,1.6329295635223389,0.14047859609127045,,,,,,,,,,,,,,
290,2.343691349029541,-3.870551824569702,0.2740393280982971,0.2732892632484436,0.020972965285182,1.7745394706726074,1.776240348815918,0.04229288548231125,0.34230726957321167,0.0,0.01478298820480706,1.6235419511795044,0.14098328351974487,0.7864821553230286,0.7864821553230286,0.21351784467697144,8.2227144241333,0.011954324011576707,0.8295214176177979,4.303818225860596,-0.0,1.902950644493103,0.7881418466567993,0.015945268529224503,0.7881418466567993,0.17218483984470367,0.7784795165061951
291,2.3502049446105957,-3.8897104263305664,0.2720802426338196,0.27215683460235596,0.021454518660902977,1.7842698097229004,1.7847565412521362,0.04142937436699867,0.3450472950935364,0.0,0.01479127407968046,1.6213970184326172,0.14014890789985657,,,,,,,,,,,,,,
292,2.3528072834014893,-3.9129772186279297,0.2729267477989197,0.2729716897010803,0.021546389907598495,1.7856438159942627,1.785081148147583,0.041667547076940536,0.3456193506717682,0.0,0.014799607589095848,1.6242340803146362,0.14194302260875702,,,,,,,,,,,,,,
293,2.350456476211548,-3.9063096046447754,0.26989611983299255,0.27068474888801575,0.021374139934778214,1.7891517877578735,1.787851333618164,0.04167184233665466,0.3460562527179718,0.0,0.01480794195756318,1.6089088916778564,0.1405504047870636,,,,,,,,,,,,,,
294,2.3444159030914307,-3.9134113788604736,0.2732081413269043,0.27308088541030884,0.02091824822127819,1.77703857421875,1.777378797531128,0.041354354470968246,0.3422892093658447,0.0,0.014816212828457373,1.6211410760879517,0.1407569944858551,,,,,,,,,,,,,,
295,2.353781223297119,-3.9464805126190186,0.28153446316719055,0.2814731299877167,0.021945113316178322,1.7682743072509766,1.7693824768066406,0.04296587035059929,0.33747398853302,0.0,0.014824806002527493,1.5992971658706665,0.14173167943954468,,,,,,,,,,,,,,
296,2.347667694091797,-3.9689605236053467,0.2800021469593048,0.2792181670665741,0.02154054306447506,1.7659093141555786,1.7679040431976318,0.04258205369114876,0.33156323432922363,0.0,0.014833322413265723,1.594886064529419,0.14114847779273987,,,,,,,,,,,,,,
297,2.3498404026031494,-3.9708175659179688,0.27950942516326904,0.27880117297172546,0.021617036312818527,1.769139289855957,1.7706862688064575,0.04110687971115112,0.33189889788627625,0.0,0.014841543789207953,1.5725380182266235,0.14011943340301514,,,,,,,,,,,,,,
298,2.3449084758758545,-3.977165937423706,0.2750277519226074,0.27433517575263977,0.021274732425808907,1.7733885049819946,1.7751532793045044,0.04120895266532898,0.33144867420196533,0.0,0.014849785579741018,1.597780704498291,0.14049655199050903,,,,,,,,,,,,,,
299,2.3532023429870605,-3.965949058532715,0.2790098488330841,0.2789157032966614,0.021852238103747368,1.7731748819351196,1.7736742496490479,0.04129143804311752,0.3324267268180847,0.0,0.014858043867349641,1.5781360864639282,0.1401306837797165,,,,,,,,,,,,,,
300,2.348452091217041,-3.981977701187134,0.27333226799964905,0.2742002606391907,0.02149069309234619,1.780038833618164,1.7788190841674805,0.041105326265096664,0.33380207419395447,0.0,0.01486626493260266,1.5988357067108154,0.13957364857196808,0.7862122058868408,0.7862122058868408,0.21378779411315918,8.239161491394043,0.012065412236423718,0.83077073097229,4.300885200500488,-0.0,1.9163697957992554,0.7879154086112976,0.015442502613918238,0.7879154682159424,0.1738491803407669,0.7647049427032471
301,2.348257064819336,-3.9942407608032227,0.27405503392219543,0.2751946449279785,0.021468868479132652,1.7782418727874756,1.7768349647521973,0.0408182255923748,0.3383699655532837,0.0,0.014874428577721135,1.596075415611267,0.14013448357582092,,,,,,,,,,,,,,
302,2.3420493602752686,-3.996598958969116,0.27090737223625183,0.27139443159103394,0.021086188033223152,1.779045820236206,1.7782769203186035,0.040555648505687714,0.33669084310531616,0.0,0.014882539707422272,1.6090267896652222,0.13990530371665955,,,,,,,,,,,,,,
303,2.3516383171081543,-4.0048627853393555,0.2769380807876587,0.2764742970466614,0.021512748673558235,1.7758747339248657,1.7775516510009766,0.04179711267352104,0.3341798782348633,0.0,0.014890899129956977,1.6007304191589355,0.13904017210006714,,,,,,,,,,,,,,
304,2.345284938812256,-4.027433395385742,0.2743839621543884,0.27319368720054626,0.020561514422297478,1.7758171558380127,1.7784743309020996,0.04087846726179123,0.3311997652053833,0.0,0.014899074823409336,1.5804548263549805,0.13971097767353058,,,,,,,,,,,,,,
305,2.3444430828094482,-4.034854888916016,0.27723559737205505,0.2761881947517395,0.020532414317131042,1.7690623998641968,1.771911382675171,0.04148183390498161,0.32856476306915283,0.0,0.014907371190190331,1.596459150314331,0.13834278285503387,,,,,,,,,,,,,,
306,2.3514726161956787,-4.062902450561523,0.276380330324173,0.2757851779460907,0.02192947454750538,1.7766395807266235,1.7781155109405518,0.041244469583034515,0.33223938941955566,0.0,0.014915620084106938,1.5720500946044922,0.13935142755508423,,,,,,,,,,,,,,
307,2.3501152992248535,-4.082816123962402,0.2788294553756714,0.27870211005210876,0.021198367699980736,1.771059274673462,1.7717111110687256,0.040634527802467346,0.3308703303337097,0.0,0.014923746989667431,1.5651754140853882,0.13852611184120178,,,,,,,,,,,,,,
308,2.347217082977295,-4.072895526885986,0.2773592472076416,0.27715957164764404,0.02126120775938034,1.7710702419281006,1.771803855895996,0.04133882746100426,0.3359071910381317,0.0,0.014932014755159631,1.5812283754348755,0.14022842049598694,,,,,,,,,,,,,,
309,2.35520601272583,-4.0679426193237305,0.281405508518219,0.2816351652145386,0.020938124507665634,1.7711917161941528,1.7712626457214355,0.040709447115659714,0.3345208764076233,0.0,0.014940156644582763,1.5881019830703735,0.1390564888715744,,,,,,,,,,,,,,
310,2.350654363632202,-4.072363376617432,0.2792772352695465,0.27918705344200134,0.02091093733906746,1.7709296941757202,1.771628499031067,0.040442194789648056,0.3342423439025879,0.0,0.014948245083540692,1.5733678340911865,0.13951557874679565,0.7869971394538879,0.7869971394538879,0.21300286054611206,8.2494478225708,0.011964464467936075,0.8321641683578491,4.292674541473389,-0.0,1.9128836393356323,0.7876200079917908,0.01490106398684938,0.7876200079917908,0.17595145106315613,0.7568551301956177
311,2.3541340827941895,-4.098608016967773,0.27803173661231995,0.27790963649749756,0.020604971796274185,1.7770180702209473,1.7781574726104736,0.04118996486067772,0.33582571148872375,0.0,0.014956483076512829,1.5543360710144043,0.14001289010047913,,,,,,,,,,,,,,
312,2.350862741470337,-4.110184192657471,0.276994526386261,0.27652645111083984,0.021521972492337227,1.775029182434082,1.776610255241394,0.04080953821539879,0.3338581919670105,0.0,0.014964644984155909,1.5494072437286377,0.14000554382801056,,,,,,,,,,,,,,
313,2.3502330780029297,-4.133981704711914,0.2744153141975403,0.2739369571208954,0.020682822912931442,1.780264139175415,1.7821319103240967,0.04055100679397583,0.3274911642074585,0.0,0.014972755185514703,1.5373846292495728,0.14091278612613678,,,,,,,,,,,,,,
314,2.348905086517334,-4.146659851074219,0.2754969298839569,0.275766521692276,0.02104867249727249,1.7766828536987305,1.7765032052993774,0.040805086493492126,0.32365164160728455,0.0,0.014980916202813402,1.546358585357666,0.13923387229442596,,,,,,,,,,,,,,
315,2.3497378826141357,-4.144127368927002,0.2792707085609436,0.27942031621932983,0.020909229293465614,1.769953727722168,1.7703216075897217,0.040168918669223785,0.32338976860046387,0.0,0.014988949986547246,1.540462851524353,0.1383926272392273,,,,,,,,,,,,,,
316,2.3547682762145996,-4.133206367492676,0.28153014183044434,0.2813836634159088,0.020813969895243645,1.7702574729919434,1.7718236446380615,0.04078355059027672,0.319510817527771,0.0,0.014997106696665301,1.5635998249053955,0.13925863802433014,,,,,,,,,,,,,,
317,2.3522844314575195,-4.162874698638916,0.2799695134162903,0.2800832688808441,0.020964426919817924,1.7708276510238647,1.7717067003250122,0.04082101210951805,0.3244049549102783,0.0,0.015005270899087205,1.5552186965942383,0.13975995779037476,,,,,,,,,,,,,,
318,2.3521225452423096,-4.200384140014648,0.27991783618927,0.27913305163383484,0.021290354430675507,1.7706025838851929,1.7729600667953491,0.04073135554790497,0.33237260580062866,0.0,0.015013417170196787,1.542114496231079,0.13897565007209778,,,,,,,,,,,,,,
319,2.3490519523620605,-4.176813125610352,0.27626660466194153,0.27595531940460205,0.021577810868620872,1.7743645906448364,1.776139497756958,0.04111827537417412,0.3454536199569702,0.0,0.015021640825271621,1.5303773880004883,0.13914833962917328,,,,,,,,,,,,,,
320,2.351252794265747,-4.183427810668945,0.2786034047603607,0.27889060974121094,0.020846782252192497,1.7728723287582397,1.7729518413543701,0.040078237652778625,0.3411637246608734,0.0,0.015029656472802176,1.5273597240447998,0.13858263194561005,0.7873656153678894,0.7873656153678894,0.2126343846321106,8.211601257324219,0.011233622153587579,0.8382663726806641,4.275140762329102,-0.0,1.899665355682373,0.7871168255805969,0.014350554063807407,0.7871168255805969,0.18406176567077637,0.7366215586662292
321,2.351943254470825,-4.174407005310059,0.27985185384750366,0.28035321831703186,0.02052566036581993,1.7713968753814697,1.7710283994674683,0.04017379507422447,0.33446094393730164,0.0,0.015037691231817021,1.5315830707550049,0.13875482976436615,,,,,,,,,,,,,,
322,2.3522963523864746,-4.200223922729492,0.27707231044769287,0.2776462137699127,0.02134617418050766,1.7764207124710083,1.7760428190231323,0.039685044437646866,0.3335384428501129,0.0,0.01504562824070455,1.5212688446044922,0.13777150213718414,,,,,,,,,,,,,,
323,2.353562593460083,-4.246302127838135,0.2759885787963867,0.2769964337348938,0.021060921251773834,1.78006911277771,1.7789644002914429,0.03994935378432274,0.32158878445625305,0.0,0.015053618111461414,1.5152736902236938,0.13740983605384827,,,,,,,,,,,,,,
324,2.3517203330993652,-4.245929718017578,0.27658116817474365,0.27676132321357727,0.020795263350009918,1.7773863077163696,1.7777787446975708,0.039019472897052765,0.31545859575271606,0.0,0.015061422006040825,1.5117154121398926,0.13673639297485352,,,,,,,,,,,,,,
325,2.3537375926971436,-4.258179187774658,0.27484074234962463,0.27458280324935913,0.021656891331076622,1.782076120376587,1.7832380533218384,0.03951825946569443,0.31584128737449646,0.0,0.015069325657933964,1.5129196643829346,0.1361897736787796,,,,,,,,,,,,,,
326,2.3566105365753174,-4.261788368225098,0.2813921868801117,0.2806846499443054,0.020715277642011642,1.7727757692337036,1.7748609781265259,0.03947778046131134,0.31660196185112,0.0,0.015077221214026226,1.4784621000289917,0.13627617061138153,,,,,,,,,,,,,,
327,2.3549420833587646,-4.259298324584961,0.2801952064037323,0.27938809990882874,0.021703610196709633,1.7727487087249756,1.7745616436004639,0.04004212096333504,0.32706981897354126,0.0,0.015085229638218893,1.4710429906845093,0.13639020919799805,,,,,,,,,,,,,,
328,2.350060224533081,-4.2959489822387695,0.28375300765037537,0.28294458985328674,0.020547853782773018,1.7620855569839478,1.763543963432312,0.03938978537917137,0.33061307668685913,0.0,0.015093107595294728,1.4652539491653442,0.1362162083387375,,,,,,,,,,,,,,
329,2.354849338531494,-4.320526599884033,0.2841198742389679,0.2840491235256195,0.020770050585269928,1.765539526939392,1.7662811279296875,0.03922554850578308,0.33051735162734985,0.0,0.015100952704995885,1.472998857498169,0.13424287736415863,,,,,,,,,,,,,,
330,2.354940414428711,-4.3178205490112305,0.2821499705314636,0.2821268141269684,0.02089044451713562,1.769527792930603,1.7700183391571045,0.04041460528969765,0.3258298933506012,0.0,0.015109035626053825,1.448671817779541,0.1353246122598648,0.7868351340293884,0.7868351340293884,0.21316486597061157,8.340633392333984,0.010748054163329822,0.8550835847854614,4.242478847503662,-0.0,1.8259875774383545,0.7859312295913696,0.01376653801054757,0.7859312891960144,0.20083235204219818,0.6980432271957397
331,2.356584072113037,-4.306283950805664,0.28212618827819824,0.2819538414478302,0.020317835733294487,1.7716565132141113,1.7727159261703491,0.03879028558731079,0.31735700368881226,0.0,0.015116793683171287,1.4434268474578857,0.13352739810943604,,,,,,,,,,,,,,
332,2.354431629180908,-4.325814247131348,0.28087109327316284,0.28104734420776367,0.02067670412361622,1.7717742919921875,1.771898627281189,0.03870628401637077,0.3098507523536682,0.0,0.01512453493997456,1.4341907501220703,0.1330634206533432,,,,,,,,,,,,,,
333,2.3556606769561768,-4.328022480010986,0.2782590389251709,0.27845343947410583,0.02171953395009041,1.7769198417663574,1.777537226676941,0.039176713675260544,0.31047990918159485,0.0,0.015132370282709612,1.4433650970458984,0.132470041513443,,,,,,,,,,,,,,
334,2.356687068939209,-4.353241920471191,0.2803973853588104,0.2802114188671112,0.020761879161000252,1.7747106552124023,1.7759222984313965,0.03928438946604729,0.32475849986076355,0.0,0.015140227160602822,1.4316898584365845,0.13240070641040802,,,,,,,,,,,,,,
335,2.3549320697784424,-4.372946262359619,0.279703825712204,0.2803120017051697,0.020474502816796303,1.7747554779052734,1.7741279602050781,0.03924456611275673,0.3234347999095917,0.0,0.015148076073825373,1.4124901294708252,0.13164488971233368,,,,,,,,,,,,,,
336,2.3574864864349365,-4.367711544036865,0.28331977128982544,0.2831386923789978,0.0214933343231678,1.768955945968628,1.770113468170166,0.03822812810540199,0.3267160952091217,0.0,0.015155721699446453,1.431673288345337,0.13330158591270447,,,,,,,,,,,,,,
337,2.348576068878174,-4.372460842132568,0.2799661159515381,0.2797887623310089,0.020647484809160233,1.767542839050293,1.7688045501708984,0.03812660276889801,0.3243360221385956,0.0,0.015163347020000233,1.4129663705825806,0.13245072960853577,,,,,,,,,,,,,,
338,2.350886821746826,-4.384459495544434,0.28075408935546875,0.2800741493701935,0.020195143297314644,1.768688678741455,1.771038293838501,0.03758756443858147,0.3204602301120758,0.0,0.01517086453288795,1.4038528203964233,0.13068683445453644,,,,,,,,,,,,,,
339,2.3533647060394287,-4.409569263458252,0.2804344892501831,0.2793204188346863,0.0202799029648304,1.7719264030456543,1.774733304977417,0.037150945514440536,0.31525787711143494,0.0,0.015178294721990839,1.3945605754852295,0.1304464489221573,,,,,,,,,,,,,,
340,2.3607144355773926,-4.434128761291504,0.28486940264701843,0.28336280584335327,0.020472539588809013,1.7701640129089355,1.7738550901412964,0.037091996520757675,0.3179771602153778,0.0,0.01518571312129499,1.4043382406234741,0.13110707700252533,0.7857521772384644,0.7857521772384644,0.21424782276153564,8.495296478271484,0.010232074705847487,0.8646453619003296,4.217204570770264,-0.0,1.7351634502410889,0.7845333814620972,0.012868755223457654,0.7845333814620972,0.2071698009967804,0.6825239658355713
341,2.359518051147461,-4.4477643966674805,0.28305482864379883,0.28299564123153687,0.020787283778190613,1.772223949432373,1.7731364965438843,0.037680692970752716,0.31453731656074524,0.0,0.01519324925988914,1.3872121572494507,0.12866371870040894,,,,,,,,,,,,,,
342,2.3596765995025635,-4.426486968994141,0.2822657823562622,0.28228580951690674,0.02067633531987667,1.7743860483169556,1.7745112180709839,0.036515604704618454,0.32187584042549133,0.0,0.015200552380830065,1.372298240661621,0.12849466502666473,,,,,,,,,,,,,,
343,2.3582301139831543,-4.425608158111572,0.2834256887435913,0.2840458154678345,0.020772678777575493,1.7703824043273926,1.7695891857147217,0.0369986854493618,0.31587016582489014,0.0,0.015207952117919936,1.3829123973846436,0.1277587115764618,,,,,,,,,,,,,,
344,2.3583860397338867,-4.451012134552002,0.28415587544441223,0.28438663482666016,0.0203471127897501,1.7696744203567505,1.7693182229995728,0.036602020263671875,0.31820589303970337,0.0,0.01521527252197267,1.3872835636138916,0.12764209508895874,,,,,,,,,,,,,,
345,2.3601748943328857,-4.469888210296631,0.28398990631103516,0.2843715250492096,0.020703038200736046,1.7709059715270996,1.7713148593902588,0.03569110855460167,0.3089556396007538,0.0,0.01522241074368359,1.372077226638794,0.12728182971477509,,,,,,,,,,,,,,
346,2.351499557495117,-4.4667582511901855,0.279083251953125,0.27870848774909973,0.020169276744127274,1.7729315757751465,1.7741456031799316,0.03498406708240509,0.3041304647922516,0.0,0.015229407557100071,1.3920708894729614,0.12690721452236176,,,,,,,,,,,,,,
347,2.3567209243774414,-4.491030693054199,0.281209796667099,0.2809641659259796,0.021146362647414207,1.7727947235107422,1.7740062475204468,0.03525993973016739,0.3088591396808624,0.0,0.015236459545046105,1.4093401432037354,0.12721937894821167,,,,,,,,,,,,,,
348,2.358776330947876,-4.510082244873047,0.2804870307445526,0.280545711517334,0.020475303754210472,1.7769883871078491,1.7775479555130005,0.03619012609124184,0.3164653182029724,0.0,0.015243697570264354,1.3963664770126343,0.12799952924251556,,,,,,,,,,,,,,
349,2.355100393295288,-4.531792640686035,0.28590646386146545,0.28585612773895264,0.019951315596699715,1.7632732391357422,1.7634996175765991,0.03394395112991333,0.3174484968185425,0.0,0.015250486360490336,1.4032500982284546,0.1278582066297531,,,,,,,,,,,,,,
350,2.3583343029022217,-4.53395414352417,0.28340598940849304,0.2834681272506714,0.02043376863002777,1.7710275650024414,1.7710251808166504,0.03491545841097832,0.3137878477573395,0.0,0.015257469452172531,1.3837530612945557,0.1288418471813202,0.785509467124939,0.785509467124939,0.21449053287506104,8.564654350280762,0.00983156964898358,0.8699307441711426,4.205223083496094,-0.0,1.7087311744689941,0.7843355536460876,0.011724746532090114,0.7843355536460876,0.1925286203622818,0.7044295072555542
351,2.3612842559814453,-4.532330513000488,0.28668737411499023,0.2869988977909088,0.02015082910656929,1.7673231363296509,1.7675714492797852,0.03444459289312363,0.3103168308734894,0.0,0.015264358370751156,1.394216537475586,0.12816961109638214,,,,,,,,,,,,,,
352,2.3567771911621094,-4.538223743438721,0.2838588356971741,0.28363898396492004,0.020801091566681862,1.76780104637146,1.7691551446914673,0.03295912593603134,0.3044050633907318,0.0,0.015270950195938363,1.3903728723526,0.12826672196388245,,,,,,,,,,,,,,
353,2.3562614917755127,-4.571512222290039,0.2853686213493347,0.2849835753440857,0.020494824275374413,1.7645372152328491,1.766291856765747,0.03170266002416611,0.2991427183151245,0.0,0.015277290727943196,1.3682984113693237,0.1274450272321701,,,,,,,,,,,,,,
354,2.3611791133880615,-4.6110334396362305,0.2857300043106079,0.2856796085834503,0.020973995327949524,1.7683682441711426,1.7692227363586426,0.03133547678589821,0.2989199757575989,0.0,0.015283557823300375,1.3821308612823486,0.12789858877658844,,,,,,,,,,,,,,
355,2.362557888031006,-4.613920211791992,0.2844497859477997,0.28452613949775696,0.020538125187158585,1.7729002237319946,1.7731873989105225,0.03175806626677513,0.30974921584129333,0.0,0.01528990943655373,1.3940143585205078,0.12943081557750702,,,,,,,,,,,,,,
356,2.3582675457000732,-4.615706920623779,0.2833695411682129,0.2834561765193939,0.020758841186761856,1.7704493999481201,1.77091646194458,0.02980085089802742,0.3089238107204437,0.0,0.015295869606733336,1.3808581829071045,0.12834906578063965,,,,,,,,,,,,,,
357,2.3573687076568604,-4.590554714202881,0.28405138850212097,0.2844092845916748,0.020800400525331497,1.7679128646850586,1.7683024406433105,0.027950815856456757,0.30591437220573425,0.0,0.015301459769904628,1.3812659978866577,0.12902134656906128,,,,,,,,,,,,,,
358,2.3668646812438965,-4.612462520599365,0.285814493894577,0.2855145037174225,0.02123369462788105,1.773574709892273,1.775029182434082,0.025750471279025078,0.3033381700515747,0.0,0.015306609864160433,1.3754868507385254,0.12835584580898285,,,,,,,,,,,,,,
359,2.3678979873657227,-4.662088871002197,0.28456953167915344,0.28411802649497986,0.021079229190945625,1.7775869369506836,1.7786754369735718,0.02435149811208248,0.3074355125427246,0.0,0.015311480163782849,1.3589582443237305,0.12721946835517883,,,,,,,,,,,,,,
360,2.3589649200439453,-4.688350200653076,0.282930463552475,0.28192827105522156,0.02003381960093975,1.7724878787994385,1.775656819343567,0.02348497323691845,0.3012765944004059,0.0,0.015316177158430233,1.3682849407196045,0.12624216079711914,0.7839921116828918,0.7839921116828918,0.21600788831710815,8.507940292358398,0.003293484266715367,0.873822808265686,4.144529342651367,-0.0,1.7151353359222412,0.7830166816711426,0.009449438707387268,0.7830167412757874,0.18584315478801727,0.7268950939178467
361,2.3599658012390137,-4.698768615722656,0.283102810382843,0.28232601284980774,0.020490054041147232,1.7726422548294067,1.7754513025283813,0.024241451174020767,0.3042992353439331,0.0,0.015321025448665038,1.374208688735962,0.12737271189689636,,,,,,,,,,,,,,
362,2.3611230850219727,-4.7057085037231445,0.28466710448265076,0.28419119119644165,0.01981285586953163,1.771793246269226,1.7731107473373413,0.023961609229445457,0.2957026958465576,0.0,0.015325817770510926,1.3829984664916992,0.1266411989927292,,,,,,,,,,,,,,
363,2.3574471473693848,-4.679103851318359,0.28333550691604614,0.2830660939216614,0.0206748079508543,1.7697429656982422,1.7709987163543701,0.02209305390715599,0.2923768162727356,0.0,0.015330236381292358,1.381388545036316,0.12548275291919708,,,,,,,,,,,,,,
364,2.3644933700561523,-4.7179694175720215,0.2873595654964447,0.2873500883579254,0.02129068598151207,1.767958641052246,1.7690277099609375,0.02343895100057125,0.2940067946910858,0.0,0.015334924171492471,1.4091174602508545,0.1272469013929367,,,,,,,,,,,,,,
365,2.358290910720825,-4.7394585609436035,0.28711146116256714,0.2873755991458893,0.01982065849006176,1.7638285160064697,1.7641379833221436,0.0208772961050272,0.29307040572166443,0.0,0.015339099630713476,1.4165306091308594,0.12525638937950134,,,,,,,,,,,,,,
366,2.356978178024292,-4.734372615814209,0.279730886220932,0.28022220730781555,0.01935996301472187,1.7780004739761353,1.777329683303833,0.02103276550769806,0.29736578464508057,0.0,0.015343306183815016,1.4325941801071167,0.12594377994537354,,,,,,,,,,,,,,
367,2.3584742546081543,-4.738300800323486,0.2813960611820221,0.2810176610946655,0.019883446395397186,1.775301218032837,1.7770532369613647,0.019803620874881744,0.2892550528049469,0.0,0.015347266907989992,1.418948769569397,0.12525416910648346,,,,,,,,,,,,,,
368,2.3600337505340576,-4.742757320404053,0.28592368960380554,0.28585386276245117,0.01997184380888939,1.7677973508834839,1.7687711715698242,0.019811876118183136,0.28957971930503845,0.0,0.015351229283213629,1.4398343563079834,0.12548424303531647,,,,,,,,,,,,,,
369,2.360368013381958,-4.73740816116333,0.2876931428909302,0.28710609674453735,0.02002960816025734,1.7646340131759644,1.766444444656372,0.019793840125203133,0.2855204641819,0.0,0.01535518805123867,1.4605964422225952,0.1257781982421875,,,,,,,,,,,,,,
370,2.3623757362365723,-4.799408912658691,0.2890250086784363,0.288572758436203,0.01981941983103752,1.7645466327667236,1.7653703689575195,0.018809914588928223,0.29025593400001526,0.0,0.015358950034156455,1.4606859683990479,0.12431932985782623,0.7829267382621765,0.7829267382621765,0.2170732617378235,8.607300758361816,0.0025198349477153887,0.8796367645263672,4.109687805175781,-0.0,1.6703392267227173,0.7828405499458313,0.006501736977579994,0.7828405499458313,0.1716824769973755,0.7660971879959106
371,2.3578763008117676,-4.819011688232422,0.28588446974754333,0.28649622201919556,0.020632533356547356,1.7650967836380005,1.7646292448043823,0.017614779993891716,0.29169732332229614,0.0,0.015362472990155234,1.457227110862732,0.12352793663740158,,,,,,,,,,,,,,
372,2.3623604774475098,-4.838466644287109,0.2862485647201538,0.2864132523536682,0.020321356132626534,1.7693170309066772,1.7694374322891235,0.016984563320875168,0.28925368189811707,0.0,0.015365869902819409,1.4618538618087769,0.12302317470312119,,,,,,,,,,,,,,
373,2.3527936935424805,-4.797367572784424,0.2823646366596222,0.2830560505390167,0.019859379157423973,1.7678385972976685,1.7671886682510376,0.018480537459254265,0.28228265047073364,0.0,0.01536956601031126,1.4639370441436768,0.12336272746324539,,,,,,,,,,,,,,
374,2.3650856018066406,-4.807553768157959,0.28917619585990906,0.289254367351532,0.019793769344687462,1.7665637731552124,1.7671589851379395,0.017062323167920113,0.28119248151779175,0.0,0.015372978474944845,1.478739619255066,0.12310480326414108,,,,,,,,,,,,,,
375,2.366179943084717,-4.835821151733398,0.2874131500720978,0.2869970202445984,0.02087985724210739,1.770076036453247,1.7717039585113525,0.015874475240707397,0.2886137366294861,0.0,0.015376153369992986,1.4909380674362183,0.12311317026615143,,,,,,,,,,,,,,
376,2.357539176940918,-4.843221187591553,0.28583967685699463,0.28492602705955505,0.020426182076334953,1.764883279800415,1.7678111791610718,0.01594712771475315,0.2936866283416748,0.0,0.015379342795535936,1.4979259967803955,0.12370608747005463,,,,,,,,,,,,,,
377,2.365295648574829,-4.870084285736084,0.28806766867637634,0.2872025668621063,0.019822493195533752,1.7690662145614624,1.7713394165039062,0.015935568138957024,0.29422304034233093,0.0,0.015382529909163728,1.4918551445007324,0.12394068390130997,,,,,,,,,,,,,,
378,2.3621866703033447,-4.870589256286621,0.2832721173763275,0.2833910882472992,0.02001798339188099,1.775019884109497,1.7759913206100464,0.016381239518523216,0.2879399061203003,0.0,0.015385806157067432,1.487112045288086,0.12324783205986023,,,,,,,,,,,,,,
379,2.3695313930511475,-4.883123874664307,0.2859944701194763,0.2864774465560913,0.021352194249629974,1.7759671211242676,1.7754474878311157,0.014791040681302547,0.2895224094390869,0.0,0.015388764365203693,1.5188663005828857,0.12316776812076569,,,,,,,,,,,,,,
380,2.3638172149658203,-4.904019832611084,0.28258129954338074,0.2834097743034363,0.02035357430577278,1.7779881954193115,1.776957392692566,0.014639176428318024,0.28561335802078247,0.0,0.015391692200489356,1.5044827461242676,0.12271728366613388,0.7819772958755493,0.7819772958755493,0.21802270412445068,8.578795433044434,0.00259751267374067,0.882904052734375,4.100696086883545,-0.0,1.6689250469207764,0.7830856442451477,0.004720906055242844,0.7830857634544373,0.15842625498771667,0.7959415912628174
381,2.367126703262329,-4.9193549156188965,0.28747281432151794,0.2877814769744873,0.02054576762020588,1.7713171243667603,1.7713359594345093,0.015917792916297913,0.28414401412010193,0.0,0.015394875759072616,1.530521273612976,0.1229117140173912,,,,,,,,,,,,,,
382,2.3697121143341064,-4.892704010009766,0.29182949662208557,0.29231971502304077,0.020059432834386826,1.7660136222839355,1.7649930715560913,0.01487528346478939,0.27879559993743896,0.0,0.015397850815765574,1.5172319412231445,0.12261871248483658,,,,,,,,,,,,,,
383,2.3690707683563232,-4.910517692565918,0.2904573976993561,0.2895576059818268,0.02026369236409664,1.7677075862884521,1.7698765993118286,0.014619233086705208,0.27637797594070435,0.0,0.015400774662382915,1.516248106956482,0.12270558625459671,,,,,,,,,,,,,,
384,2.3633482456207275,-4.951157569885254,0.2886715829372406,0.28797829151153564,0.01999041810631752,1.7657142877578735,1.7677013874053955,0.01411600410938263,0.28336215019226074,0.0,0.015403597863204792,1.516033411026001,0.12236373126506805,,,,,,,,,,,,,,
385,2.365095615386963,-4.955600261688232,0.287826806306839,0.28736066818237305,0.020814185962080956,1.7681200504302979,1.7700680494308472,0.017824364826083183,0.2874099016189575,0.0,0.015407162736170009,1.5221178531646729,0.12370481342077255,,,,,,,,,,,,,,
386,2.370668649673462,-4.9727783203125,0.28811129927635193,0.2885826826095581,0.021008098497986794,1.7731397151947021,1.7727932929992676,0.014472952112555504,0.2806978225708008,0.0,0.01541005732659252,1.5181190967559814,0.12244826555252075,,,,,,,,,,,,,,
387,2.364686965942383,-4.964656352996826,0.286146879196167,0.286763459444046,0.02015136554837227,1.7719125747680664,1.7713377475738525,0.014486035332083702,0.28214842081069946,0.0,0.015412954533658936,1.5348573923110962,0.1240176185965538,,,,,,,,,,,,,,
388,2.362882614135742,-4.981909275054932,0.2874056100845337,0.28776514530181885,0.02109382301568985,1.7667993307113647,1.7664364576339722,0.013156378641724586,0.2789636552333832,0.0,0.01541558580938728,1.5346969366073608,0.1220732256770134,,,,,,,,,,,,,,
389,2.367128849029541,-4.994635581970215,0.2901066541671753,0.29045039415359497,0.020924581214785576,1.7653979063034058,1.7658965587615967,0.01372225396335125,0.2741248607635498,0.0,0.01541833026017995,1.5797119140625,0.12249885499477386,,,,,,,,,,,,,,
390,2.3646819591522217,-5.0205159187316895,0.2884047329425812,0.287771999835968,0.019787728786468506,1.7677857875823975,1.7696491479873657,0.01334865391254425,0.2719007134437561,0.0,0.015420999990962459,1.5523009300231934,0.12287032604217529,0.7823145985603333,0.7823145985603333,0.21768540143966675,8.548151969909668,0.0020625083516839114,0.8820391893386841,4.0976104736328125,-0.0,1.6766384840011597,0.7830758690834045,0.003937179195613527,0.7830759286880493,0.14952301979064941,0.8232614994049072
391,2.3667736053466797,-4.987921714782715,0.28977373242378235,0.28889307379722595,0.01939178630709648,1.7677372694015503,1.7696925401687622,0.012867876328527927,0.27240678668022156,0.0,0.015423573566228164,1.547634482383728,0.12253875285387039,,,,,,,,,,,,,,
392,2.3659067153930664,-5.004619121551514,0.29049384593963623,0.2896554470062256,0.019871989265084267,1.7648162841796875,1.7669544219970703,0.012117987498641014,0.27051013708114624,0.0,0.015425997163727893,1.5725538730621338,0.12205027788877487,,,,,,,,,,,,,,
393,2.3662643432617188,-5.015331745147705,0.28880009055137634,0.28853538632392883,0.019909653812646866,1.7684639692306519,1.7695742845535278,0.01279617939144373,0.27416330575942993,0.0,0.015428556399606181,1.5372164249420166,0.1218779981136322,,,,,,,,,,,,,,
394,2.3679966926574707,-5.0477423667907715,0.28727203607559204,0.28776830434799194,0.02021307498216629,1.7727360725402832,1.7727504968643188,0.013273521326482296,0.28863009810447693,0.0,0.015431211103871478,1.575278639793396,0.12286236137151718,,,,,,,,,,,,,,
395,2.3725733757019043,-5.061005115509033,0.29105421900749207,0.2916102111339569,0.01993696019053459,1.7704095840454102,1.7695345878601074,0.011078630574047565,0.28858625888824463,0.0,0.015433426829986286,1.5617305040359497,0.12171805649995804,,,,,,,,,,,,,,
396,2.366840124130249,-5.051059722900391,0.29146355390548706,0.29192227125167847,0.0196151752024889,1.763960599899292,1.7637176513671875,0.013228878378868103,0.2800503373146057,0.0,0.01543607260566206,1.5820095539093018,0.1217728778719902,,,,,,,,,,,,,,
397,2.3745763301849365,-5.060090065002441,0.29245978593826294,0.2921958863735199,0.021436503157019615,1.7680541276931763,1.7689143419265747,0.012179781682789326,0.2725260555744171,0.0,0.015438508561998618,1.5618557929992676,0.12152092158794403,,,,,,,,,,,,,,
398,2.3644392490386963,-5.0689215660095215,0.29008471965789795,0.28977543115615845,0.019874952733516693,1.763939619064331,1.7654685974121094,0.01122271828353405,0.2702804505825043,0.0,0.015440753105655325,1.5646625757217407,0.12101159244775772,,,,,,,,,,,,,,
399,2.3651978969573975,-5.102489471435547,0.2836343050003052,0.2835328280925751,0.020723378285765648,1.7770423889160156,1.7775721549987793,0.01212855614721775,0.2761213481426239,0.0,0.015443178816884768,1.6070232391357422,0.12175189703702927,,,,,,,,,,,,,,
400,2.364196300506592,-5.117733478546143,0.2856563627719879,0.2859932482242584,0.01976073905825615,1.7726563215255737,1.7729157209396362,0.011906810104846954,0.28128358721733093,0.0,0.015445560178905738,1.6102961301803589,0.12140846997499466,0.7836597561836243,0.7836597561836243,0.21634024381637573,8.636704444885254,0.0016431225352632512,0.8854506611824036,4.089629650115967,-0.0,1.6526923179626465,0.7831807136535645,0.0034167055169719174,0.7831807732582092,0.14450952410697937,0.8435183763504028
401,2.3525497913360596,-5.128562927246094,0.28340330719947815,0.2838655114173889,0.01985597051680088,1.7654445171356201,1.7654054164886475,0.011458556167781353,0.276798278093338,0.0,0.015447851890139294,1.5871400833129883,0.1197228655219078,,,,,,,,,,,,,,
402,2.372406005859375,-5.1406474113464355,0.29151880741119385,0.29193130135536194,0.020559195429086685,1.7682702541351318,1.7685234546661377,0.011352494359016418,0.2718693017959595,0.0,0.015450122389011098,1.6027888059616089,0.12043636292219162,,,,,,,,,,,,,,
403,2.3634400367736816,-5.133518218994141,0.28957614302635193,0.2896670997142792,0.019550969824194908,1.7643988132476807,1.7648926973342896,0.0113983154296875,0.2677691876888275,0.0,0.015452402052097036,1.5939313173294067,0.12089861929416656,,,,,,,,,,,,,,
404,2.3637259006500244,-5.128228187561035,0.2883434593677521,0.2886523902416229,0.01958540827035904,1.7671136856079102,1.7671756744384766,0.01130995899438858,0.26322028040885925,0.0,0.015454664043895913,1.6044986248016357,0.12008501589298248,,,,,,,,,,,,,,
405,2.3703651428222656,-5.141836166381836,0.29204654693603516,0.29176944494247437,0.02014782465994358,1.76559579372406,1.7672069072723389,0.010371942073106766,0.2622227668762207,0.0,0.015456738432310534,1.60251784324646,0.12006109207868576,,,,,,,,,,,,,,
406,2.369295120239258,-5.136224746704102,0.28941696882247925,0.2882955074310303,0.020189611241221428,1.7701311111450195,1.7726552486419678,0.011950657702982426,0.26885703206062317,0.0,0.01545912856385113,1.6123520135879517,0.12027349323034286,,,,,,,,,,,,,,
407,2.3724825382232666,-5.174893856048584,0.2929721474647522,0.2931022047996521,0.019634339958429337,1.7663124799728394,1.7672351598739624,0.010995973832905293,0.27462610602378845,0.0,0.01546132775861771,1.6067204475402832,0.11960995942354202,,,,,,,,,,,,,,
408,2.375497817993164,-5.18316125869751,0.2897098660469055,0.29019904136657715,0.019779808819293976,1.775748610496521,1.775869607925415,0.009818296879529953,0.27840662002563477,0.0,0.015463291417993616,1.595995306968689,0.11922356486320496,,,,,,,,,,,,,,
409,2.377079963684082,-5.210177421569824,0.29268813133239746,0.29331082105636597,0.019656678661704063,1.7718162536621094,1.7710325717926025,0.010346741415560246,0.27395570278167725,0.0,0.015465360766276729,1.5959035158157349,0.11906416714191437,,,,,,,,,,,,,,
410,2.3653342723846436,-5.215396404266357,0.2905440330505371,0.29082080721855164,0.019474877044558525,1.7645636796951294,1.7644253969192505,0.010752743110060692,0.2651064097881317,0.0,0.01546751131489874,1.604224443435669,0.11836078017950058,0.7822710871696472,0.7822710871696472,0.21772891283035278,8.566116333007812,0.0016543617322669754,0.8878051042556763,4.08255672454834,-0.0,1.6285574436187744,0.7832606434822083,0.002971799903338951,0.7832607626914978,0.13887736201286316,0.8603907823562622
411,2.373612880706787,-5.213142395019531,0.29388102889060974,0.2936802804470062,0.019759099930524826,1.7659449577331543,1.7666397094726562,0.011153633706271648,0.2599318027496338,0.0,0.015469742041639995,1.6219855546951294,0.12011590600013733,,,,,,,,,,,,,,
412,2.3766376972198486,-5.226503372192383,0.2970306873321533,0.296722412109375,0.02002744935452938,1.7622724771499634,1.763441801071167,0.010699618607759476,0.2546006739139557,0.0,0.015471881965361547,1.6380914449691772,0.1188170462846756,,,,,,,,,,,,,,
413,2.376940965652466,-5.238470554351807,0.2937029302120209,0.29308849573135376,0.019843708723783493,1.7694870233535767,1.7711247205734253,0.011639722622931004,0.26332443952560425,0.0,0.015474209909886134,1.6178481578826904,0.11841368675231934,,,,,,,,,,,,,,
414,2.367570400238037,-5.269390106201172,0.28986576199531555,0.2894374132156372,0.020219963043928146,1.7675608396530151,1.7685338258743286,0.010714322328567505,0.27657759189605713,0.0,0.015476352774351847,1.6128348112106323,0.11845842748880386,,,,,,,,,,,,,,
415,2.3797245025634766,-5.262510299682617,0.2964596152305603,0.29669904708862305,0.020811624825000763,1.7654666900634766,1.76604163646698,0.009294007904827595,0.27846774458885193,0.0,0.015478211575932812,1.6063456535339355,0.1184983104467392,,,,,,,,,,,,,,
416,2.3703393936157227,-5.259943962097168,0.28658345341682434,0.28695663809776306,0.020953353494405746,1.776240348815918,1.77545166015625,0.01095730159431696,0.2716807425022125,0.0,0.015480403036251675,1.6123346090316772,0.11832829564809799,,,,,,,,,,,,,,
417,2.37030029296875,-5.2593607902526855,0.2866242229938507,0.2875257432460785,0.01984534040093422,1.77707040309906,1.7755396366119385,0.00946782436221838,0.26567476987838745,0.0,0.015482296601124119,1.6429781913757324,0.11792642623186111,,,,,,,,,,,,,,
418,2.3770253658294678,-5.30964994430542,0.2924122214317322,0.2928823232650757,0.01997976377606392,1.7719343900680542,1.771567702293396,0.0115816630423069,0.26050612330436707,0.0,0.01548461293373258,1.6462241411209106,0.1191600114107132,,,,,,,,,,,,,,
419,2.3655099868774414,-5.329159736633301,0.28703224658966064,0.2870386242866516,0.019380899146199226,1.7715119123458862,1.7726044654846191,0.010037435218691826,0.2524428963661194,0.0,0.01548662042077632,1.6275196075439453,0.1180010512471199,,,,,,,,,,,,,,
420,2.3697023391723633,-5.351644515991211,0.2909039855003357,0.2900749146938324,0.019764896482229233,1.7678065299987793,1.7701104879379272,0.009164811111986637,0.25003084540367126,0.0,0.015488453382998717,1.6329944133758545,0.11708571761846542,0.7826636433601379,0.7826636433601379,0.21733635663986206,8.6184663772583,0.0016509849912588273,0.8919373154640198,4.0712127685546875,-0.0,1.6073939800262451,0.7830061316490173,0.0027289615981270156,0.7830061316490173,0.13553443551063538,0.8719958066940308
421,2.3715157508850098,-5.333938121795654,0.29441356658935547,0.2935858368873596,0.019751379266381264,1.7627699375152588,1.76475989818573,0.009689193218946457,0.2534109652042389,0.0,0.015490391221642506,1.6512254476547241,0.11758376657962799,,,,,,,,,,,,,,
422,2.370987892150879,-5.348658084869385,0.29399430751800537,0.2931351661682129,0.019869495183229446,1.7628682851791382,1.7651095390319824,0.008887315168976784,0.259245365858078,0.0,0.0154921686846763,1.643271803855896,0.11705031991004944,,,,,,,,,,,,,,
423,2.372056245803833,-5.360771179199219,0.29843848943710327,0.29824885725975037,0.019413046538829803,1.755164384841919,1.7567472457885742,0.009997892193496227,0.26458659768104553,0.0,0.015494168263115,1.6403722763061523,0.11817897856235504,,,,,,,,,,,,,,
424,2.379117727279663,-5.370017051696777,0.2964922785758972,0.2968588173389435,0.020192602649331093,1.7657606601715088,1.7653872966766357,0.00904560461640358,0.2571452260017395,0.0,0.01549597738403828,1.6369229555130005,0.11686799675226212,,,,,,,,,,,,,,
425,2.370859146118164,-5.377965450286865,0.2903507947921753,0.29068830609321594,0.019954463467001915,1.769968867301941,1.769762396812439,0.009490280412137508,0.25460729002952576,0.0,0.015497875440120707,1.6345645189285278,0.11707872152328491,,,,,,,,,,,,,,
426,2.3722546100616455,-5.382362365722656,0.292044073343277,0.2931739389896393,0.019821764901280403,1.767953634262085,1.766476035118103,0.010083249770104885,0.2512141168117523,0.0,0.015499892090074728,1.6481523513793945,0.11777133494615555,,,,,,,,,,,,,,
427,2.37178635597229,-5.385735034942627,0.2905851900577545,0.2904087007045746,0.01969772018492222,1.7705906629562378,1.7715986967086792,0.009311150759458542,0.2532931864261627,0.0,0.01550175432022662,1.651353120803833,0.11758217960596085,,,,,,,,,,,,,,
428,2.3729591369628906,-5.405731678009033,0.29407641291618347,0.2934679090976715,0.019673442468047142,1.7648922204971313,1.7665905952453613,0.009325030259788036,0.2517378330230713,0.0,0.015503619326278579,1.6699254512786865,0.11720942705869675,,,,,,,,,,,,,,
429,2.370307445526123,-5.435855388641357,0.29170721769332886,0.2910487651824951,0.020165052264928818,1.7661747932434082,1.768597960472107,0.008995757438242435,0.253751665353775,0.0,0.015505418477766228,1.6671559810638428,0.11784769594669342,,,,,,,,,,,,,,
430,2.37442684173584,-5.440606117248535,0.2965001165866852,0.29561546444892883,0.019978133961558342,1.7614179849624634,1.7632484436035156,0.008786248043179512,0.25914642214775085,0.0,0.015507175727374863,1.6717201471328735,0.11808931827545166,0.7825719714164734,0.7825719714164734,0.2174280285835266,8.643574714660645,0.00164978626452883,0.8904477953910828,4.073329925537109,-0.0,1.601072072982788,0.7825763821601868,0.002588875397007637,0.7825763821601868,0.13183359801769257,0.8871116638183594
431,2.378034830093384,-5.4348063468933105,0.2947041094303131,0.29439806938171387,0.018989719450473785,1.769357442855835,1.7705285549163818,0.0089832479134202,0.25490573048591614,0.0,0.015508972376957548,1.68254554271698,0.11869800835847855,,,,,,,,,,,,,,
432,2.372114896774292,-5.442079544067383,0.29224029183387756,0.2922976613044739,0.019078314304351807,1.7686361074447632,1.7683613300323486,0.00962606817483902,0.25157421827316284,0.0,0.015510897590592515,1.6581814289093018,0.11822819709777832,,,,,,,,,,,,,,
433,2.385040760040283,-5.480491638183594,0.2999694049358368,0.3004835546016693,0.018866240978240967,1.7659679651260376,1.7654749155044556,0.010720053687691689,0.24871407449245453,0.0,0.015513041601330053,1.6560020446777344,0.11806080490350723,,,,,,,,,,,,,,
434,2.378408908843994,-5.467635154724121,0.29325953125953674,0.2942429780960083,0.020603077486157417,1.7709850072860718,1.769621729850769,0.010116114281117916,0.2536240220069885,0.0,0.015515064824186277,1.6436725854873657,0.11816998571157455,,,,,,,,,,,,,,
435,2.382821559906006,-5.463417053222656,0.29560011625289917,0.2960456907749176,0.01997450925409794,1.7716137170791626,1.7707886695861816,0.009731722995638847,0.2565169334411621,0.0,0.015517011168785405,1.6785354614257812,0.11780796200037003,,,,,,,,,,,,,,
436,2.3843019008636475,-5.481790542602539,0.29495808482170105,0.29580724239349365,0.01999574899673462,1.7740005254745483,1.7730809450149536,0.00939590111374855,0.25707635283470154,0.0,0.015518890349008154,1.6932040452957153,0.11786753684282303,,,,,,,,,,,,,,
437,2.371856689453125,-5.495124340057373,0.29132336378097534,0.29106685519218445,0.019101986661553383,1.7697468996047974,1.770982027053833,0.009471547789871693,0.2542550563812256,0.0,0.015520784658566128,1.687964677810669,0.11924975365400314,,,,,,,,,,,,,,
438,2.3721911907196045,-5.512480735778809,0.29173263907432556,0.2914925813674927,0.01907314918935299,1.7692281007766724,1.7705575227737427,0.009934079833328724,0.24998103082180023,0.0,0.015522771474532794,1.6846227645874023,0.11969160288572311,,,,,,,,,,,,,,
439,2.3733644485473633,-5.558834075927734,0.29125040769577026,0.29087018966674805,0.019982770085334778,1.7703120708465576,1.7722104787826538,0.009189458563923836,0.24435128271579742,0.0,0.015524609366245579,1.7117167711257935,0.11863484233617783,,,,,,,,,,,,,,
440,2.376657009124756,-5.562870025634766,0.29586726427078247,0.2950108051300049,0.019839845597743988,1.7649455070495605,1.766932725906372,0.009045877493917942,0.24013981223106384,0.0,0.015526418541744363,1.7194455862045288,0.11771567165851593,0.7833464741706848,0.7833464741706848,0.21665352582931519,8.639492988586426,0.0016503286571527287,0.8952047228813171,4.066995620727539,-0.0,1.6114318370819092,0.7826025485992432,0.00250013920011808,0.7826025485992432,0.12714482843875885,0.908248782157898
441,2.3890626430511475,-5.561031818389893,0.3010351061820984,0.3011537492275238,0.020093759521842003,1.7667068243026733,1.7668533325195312,0.009114483371376991,0.2382892519235611,0.0,0.015528241438418638,1.6952852010726929,0.11846465617418289,,,,,,,,,,,,,,
442,2.367403030395508,-5.555156230926514,0.2936101257801056,0.2934345602989197,0.019901365041732788,1.7600046396255493,1.760908842086792,0.008622398599982262,0.23830360174179077,0.0,0.015529965918138634,1.7029439210891724,0.11844170093536377,,,,,,,,,,,,,,
443,2.388260841369629,-5.559384822845459,0.3033701181411743,0.3030916154384613,0.020029278472065926,1.7615718841552734,1.761967658996582,0.009435828775167465,0.23908305168151855,0.0,0.015531853083893668,1.7134265899658203,0.11805694550275803,,,,,,,,,,,,,,
444,2.3844430446624756,-5.570973873138428,0.30159735679626465,0.30172792077064514,0.019259296357631683,1.7615972757339478,1.7621196508407593,0.008812087588012218,0.24593523144721985,0.0,0.01553361550141127,1.7011414766311646,0.1176920160651207,,,,,,,,,,,,,,
445,2.3821144104003906,-5.608011245727539,0.29403284192085266,0.2934863567352295,0.02019200287759304,1.7736133337020874,1.7751930952072144,0.008595113642513752,0.24948422610759735,0.0,0.015535334524139773,1.7085076570510864,0.11805693060159683,,,,,,,,,,,,,,
446,2.3858585357666016,-5.600459575653076,0.29635533690452576,0.29651525616645813,0.019578348845243454,1.772940993309021,1.7738784551620483,0.009433187544345856,0.24598804116249084,0.0,0.015537221161648643,1.6981419324874878,0.11803590506315231,,,,,,,,,,,,,,
447,2.370009660720825,-5.570755481719971,0.2883663773536682,0.288058876991272,0.019441494718194008,1.773820400238037,1.7744654417037964,0.00847976841032505,0.24840517342090607,0.0,0.015538917115330708,1.734788179397583,0.11788324266672134,,,,,,,,,,,,,,
448,2.3823184967041016,-5.599834442138672,0.294035941362381,0.29415786266326904,0.019635623320937157,1.7743775844573975,1.774600863456726,0.009141369722783566,0.24456535279750824,0.0,0.015540745389275265,1.711928367614746,0.11857546865940094,,,,,,,,,,,,,,
449,2.39609432220459,-5.642874240875244,0.3028998076915741,0.3030340075492859,0.020360134541988373,1.769611120223999,1.7699898481369019,0.008357527665793896,0.24473750591278076,0.0,0.015542416894808423,1.7197492122650146,0.11772540956735611,,,,,,,,,,,,,,
450,2.3879034519195557,-5.679691791534424,0.2979942262172699,0.2978610098361969,0.019928865134716034,1.7718960046768188,1.772342562675476,0.009088054299354553,0.2507118284702301,0.0,0.015544234505668294,1.7269043922424316,0.117923304438591,0.7826239466667175,0.7826239466667175,0.21737605333328247,8.674503326416016,0.0016592516934322763,0.8947241902351379,4.066827774047852,-0.0,1.601555347442627,0.7826126217842102,0.0024409575873594962,0.7826126217842102,0.12411487102508545,0.9216466546058655
451,2.3830764293670654,-5.693687438964844,0.2996983826160431,0.29970189929008484,0.01991385594010353,1.7632888555526733,1.764235496520996,0.008753200992941856,0.24655812978744507,0.0,0.015545985145866883,1.7252776622772217,0.1181483343243599,,,,,,,,,,,,,,
452,2.381948232650757,-5.6319355964660645,0.30373385548591614,0.3031352460384369,0.019424621015787125,1.7550197839736938,1.7562892436981201,0.008475659415125847,0.23803049325942993,0.0,0.015547680277749908,1.711092233657837,0.11739210784435272,,,,,,,,,,,,,,
453,2.3798370361328125,-5.612871170043945,0.2952522933483124,0.29492056369781494,0.0198244359344244,1.7691445350646973,1.770534873008728,0.008640770800411701,0.23481735587120056,0.0,0.01554940843190999,1.714343786239624,0.11753945052623749,,,,,,,,,,,,,,
454,2.381824493408203,-5.6741485595703125,0.29721200466156006,0.2972255349159241,0.01953883469104767,1.7678287029266357,1.7678675651550293,0.008571860380470753,0.23750203847885132,0.0,0.015551122803986083,1.734199047088623,0.11575701832771301,,,,,,,,,,,,,,
455,2.3828485012054443,-5.715365409851074,0.2964213192462921,0.29701685905456543,0.0194258913397789,1.7702970504760742,1.7696720361709595,0.008976942859590054,0.23577961325645447,0.0,0.015552918192558001,1.7025190591812134,0.11671453714370728,,,,,,,,,,,,,,
456,2.3787906169891357,-5.737509250640869,0.29459744691848755,0.2957628667354584,0.019227318465709686,1.770292043685913,1.7681140899658203,0.008501964621245861,0.23734742403030396,0.0,0.01555461858548225,1.7143959999084473,0.11690729856491089,,,,,,,,,,,,,,
457,2.389699935913086,-5.716211318969727,0.3003147840499878,0.3003155589103699,0.0204586461186409,1.7682199478149414,1.7690019607543945,0.009495701640844345,0.22735320031642914,0.0,0.01555651772581042,1.7255998849868774,0.11627929657697678,,,,,,,,,,,,,,
458,2.386059284210205,-5.7241315841674805,0.2994641959667206,0.29883480072021484,0.020327936857938766,1.7667261362075806,1.7681381702423096,0.008396277204155922,0.22541143000125885,0.0,0.01555819698125125,1.713683009147644,0.11596743017435074,,,,,,,,,,,,,,
459,2.384744644165039,-5.7644453048706055,0.3022741377353668,0.30186977982521057,0.019666340202093124,1.7601573467254639,1.7617112398147583,0.009168211370706558,0.23323431611061096,0.0,0.015560030623525392,1.7501612901687622,0.11618097126483917,,,,,,,,,,,,,,
460,2.3793797492980957,-5.780917167663574,0.30219581723213196,0.3015550374984741,0.01944032683968544,1.7551616430282593,1.7572156190872192,0.009137406013906002,0.23383595049381256,0.0,0.015561858104728174,1.7254849672317505,0.11605719476938248,0.7824626564979553,0.7824626564979553,0.21753734350204468,8.708006858825684,0.0016578096676179855,0.8965500593185425,4.061776638031006,-0.0,1.5841221809387207,0.7822152376174927,0.0023843448036472933,0.7822152972221375,0.12312266230583191,0.9267169237136841
461,2.391589641571045,-5.751283645629883,0.305578351020813,0.3048410713672638,0.020027995109558105,1.759953498840332,1.7623308897018433,0.008576251566410065,0.23394180834293365,0.0,0.015563573355041455,1.739750862121582,0.11691104620695114,,,,,,,,,,,,,,
462,2.3892860412597656,-5.803460597991943,0.2982618510723114,0.29847094416618347,0.020102281123399734,1.7724659442901611,1.7724360227584839,0.008947092108428478,0.23548321425914764,0.0,0.015565362773463142,1.7297543287277222,0.11578179895877838,,,,,,,,,,,,,,
463,2.388836622238159,-5.79958963394165,0.2962020933628082,0.29658618569374084,0.01936173252761364,1.7768685817718506,1.7765045166015625,0.009488939307630062,0.23785395920276642,0.0,0.015567260561324668,1.7425878047943115,0.11595138907432556,,,,,,,,,,,,,,
464,2.3859357833862305,-5.785582542419434,0.2971622049808502,0.2975451648235321,0.018978428095579147,1.772709608078003,1.7717905044555664,0.008088890463113785,0.2303062528371811,0.0,0.01556887833941729,1.7215677499771118,0.11639945954084396,,,,,,,,,,,,,,
465,2.3861026763916016,-5.80307674407959,0.2974223494529724,0.2982734143733978,0.018917791545391083,1.7720445394515991,1.7709335088729858,0.008423371240496635,0.22536250948905945,0.0,0.01557056301366539,1.7360293865203857,0.11638600379228592,,,,,,,,,,,,,,
466,2.3892416954040527,-5.783961772918701,0.300814151763916,0.30131852626800537,0.019683511927723885,1.7676841020584106,1.7671667337417603,0.008829048834741116,0.22425377368927002,0.0,0.01557232882343234,1.7415003776550293,0.11622199416160583,,,,,,,,,,,,,,
467,2.384819269180298,-5.8405442237854,0.3030758500099182,0.3027803897857666,0.018582748249173164,1.760118007659912,1.7606425285339355,0.009632108733057976,0.2296868860721588,0.0,0.01557425524517895,1.7426631450653076,0.1159527376294136,,,,,,,,,,,,,,
468,2.393099069595337,-5.88686990737915,0.3047436475753784,0.30472150444984436,0.020245570689439774,1.763014793395996,1.7637618780136108,0.008275833912193775,0.23157839477062225,0.0,0.015575910411961389,1.761981725692749,0.11631695926189423,,,,,,,,,,,,,,
469,2.3775901794433594,-5.856350421905518,0.2945449948310852,0.29427921772003174,0.019233334809541702,1.7687854766845703,1.7702796459197998,0.00814268458634615,0.22979825735092163,0.0,0.015577538948878658,1.7619256973266602,0.11632835865020752,,,,,,,,,,,,,,
470,2.383836030960083,-5.861135005950928,0.3019716739654541,0.3017199635505676,0.019129488617181778,1.7603793144226074,1.7616504430770874,0.00822771992534399,0.2216217964887619,0.0,0.015579184492863727,1.7665797472000122,0.11605469137430191,0.7818650007247925,0.7818650007247925,0.21813499927520752,8.704389572143555,0.0016586776061950559,0.8956371545791626,4.062960624694824,-0.0,1.5826200246810913,0.782272219657898,0.002259377186108784,0.7822722792625427,0.11919622868299484,0.9442256689071655
471,2.3936705589294434,-5.866774082183838,0.2980976700782776,0.2982173562049866,0.019747519865632057,1.77733314037323,1.7778831720352173,0.008872756734490395,0.22119741141796112,0.0,0.015580959044210625,1.739661455154419,0.1160273626446724,,,,,,,,,,,,,,
472,2.3827290534973145,-5.908650875091553,0.296932578086853,0.29775142669677734,0.01950271986424923,1.7688565254211426,1.7682279348373413,0.008515758439898491,0.21976381540298462,0.0,0.015582662195898605,1.7555633783340454,0.11580542474985123,,,,,,,,,,,,,,
473,2.3811495304107666,-5.8967461585998535,0.2971659004688263,0.29807475209236145,0.019689494743943214,1.7666535377502441,1.7657852172851562,0.009193223901093006,0.21724039316177368,0.0,0.015584500840678825,1.7573705911636353,0.11655070632696152,,,,,,,,,,,,,,
474,2.388666868209839,-5.876987934112549,0.3044474422931671,0.3047718107700348,0.019912119954824448,1.7595645189285278,1.7595065832138062,0.009172861464321613,0.22265705466270447,0.0,0.01558633541297169,1.7799893617630005,0.11692973971366882,,,,,,,,,,,,,,
475,2.379854917526245,-5.895647048950195,0.2991478741168976,0.2997562289237976,0.019438304007053375,1.762015700340271,1.7610093355178833,0.008961121551692486,0.21990828216075897,0.0,0.015588127637282028,1.7513033151626587,0.11587032675743103,,,,,,,,,,,,,,
476,2.389190435409546,-5.936567783355713,0.30337420105934143,0.3033880889415741,0.019475504755973816,1.7626734972000122,1.763231635093689,0.008244382217526436,0.22906489670276642,0.0,0.015589776513725532,1.7600634098052979,0.11590666323900223,,,,,,,,,,,,,,
477,2.392937421798706,-5.959498882293701,0.2992241084575653,0.29884204268455505,0.019100205972790718,1.7753353118896484,1.7762068510055542,0.008107354864478111,0.2336168736219406,0.0,0.015591397984698429,1.7642054557800293,0.11507600545883179,,,,,,,,,,,,,,
478,2.3999340534210205,-5.91756534576416,0.3079202473163605,0.307828426361084,0.019444894045591354,1.7647639513015747,1.7647168636322021,0.008519845083355904,0.22370977699756622,0.0,0.0155931019537151,1.7532293796539307,0.11590012907981873,,,,,,,,,,,,,,
479,2.383352756500244,-5.8972978591918945,0.29853489995002747,0.29872336983680725,0.02004983089864254,1.76616370677948,1.7659255266189575,0.00837208703160286,0.21908457577228546,0.0,0.015594776371121421,1.7793989181518555,0.11613819003105164,,,,,,,,,,,,,,
480,2.393378973007202,-5.930832862854004,0.3016117215156555,0.3014500141143799,0.020207170397043228,1.7698302268981934,1.7703897953033447,0.009507502429187298,0.21086150407791138,0.0,0.015596677871607258,1.768837332725525,0.11559972167015076,0.7817331552505493,0.7817331552505493,0.21826684474945068,8.703608512878418,0.0016582599752558375,0.8948203325271606,4.0638108253479,-0.0,1.578535795211792,0.7824379205703735,0.0022076759552043276,0.7824379205703735,0.11688027530908585,0.9547610878944397
481,2.3870463371276855,-5.978188514709473,0.30065393447875977,0.3009289503097534,0.019486838951706886,1.7658907175064087,1.7660627365112305,0.008128194138407707,0.2180691510438919,0.0,0.01559830351043494,1.7912812232971191,0.11512849479913712,,,,,,,,,,,,,,
482,2.382063388824463,-6.024525165557861,0.29392021894454956,0.29385632276535034,0.020268432796001434,1.7736636400222778,1.7743734121322632,0.008093862794339657,0.2241150140762329,0.0,0.015599922282993808,1.795680284500122,0.11554231494665146,,,,,,,,,,,,,,
483,2.3974621295928955,-5.959395408630371,0.30471915006637573,0.3047793507575989,0.019409939646720886,1.7682321071624756,1.7688753604888916,0.008138313889503479,0.2235954850912094,0.0,0.015601549945771708,1.7747141122817993,0.11468377709388733,,,,,,,,,,,,,,
484,2.3928637504577637,-5.973283767700195,0.30009499192237854,0.3003845810890198,0.019411949440836906,1.772870421409607,1.773073673248291,0.008764801546931267,0.2272171974182129,0.0,0.015603302906081095,1.763302206993103,0.11462314426898956,,,,,,,,,,,,,,
485,2.4017860889434814,-6.012966632843018,0.3051113188266754,0.30568578839302063,0.01945076510310173,1.7718459367752075,1.7712303400039673,0.00792747177183628,0.2284088432788849,0.0,0.015604888400435462,1.7897355556488037,0.1146484985947609,,,,,,,,,,,,,,
486,2.3874690532684326,-6.0579376220703125,0.3011592626571655,0.30158618092536926,0.019105639308691025,1.765763759613037,1.7654725313186646,0.008319644257426262,0.2235662341117859,0.0,0.015606552329286948,1.7692214250564575,0.11491981893777847,,,,,,,,,,,,,,
487,2.4039859771728516,-6.0482892990112305,0.3084944486618042,0.30841416120529175,0.019586635753512383,1.7671418190002441,1.7678393125534058,0.008336671628057957,0.21530595421791077,0.0,0.015608219663612559,1.7951489686965942,0.11528828740119934,,,,,,,,,,,,,,
488,2.38861346244812,-6.00932502746582,0.30313971638679504,0.30291682481765747,0.01884225197136402,1.7633593082427979,1.7640700340270996,0.007819782942533493,0.21018512547016144,0.0,0.015609783620201064,1.8074758052825928,0.11529795080423355,,,,,,,,,,,,,,
489,2.3848602771759033,-5.984279155731201,0.3010072410106659,0.30140647292137146,0.018587810918688774,1.7638429403305054,1.7638746500015259,0.008554653264582157,0.20656731724739075,0.0,0.01561149455085398,1.8237574100494385,0.1151832863688469,,,,,,,,,,,,,,
490,2.4002041816711426,-6.061884880065918,0.3050450384616852,0.3051406145095825,0.018812982365489006,1.771059274673462,1.7713520526885986,0.008330188691616058,0.2163989394903183,0.0,0.015613160588592304,1.7912830114364624,0.11498957872390747,0.7815132737159729,0.7815132737159729,0.2184867262840271,8.711989402770996,0.0017006494714583167,0.8935710191726685,4.064011573791504,-0.0,1.5722893476486206,0.7825499773025513,0.0021723462728607187,0.7825499773025513,0.11456940323114395,0.966327428817749
491,2.394611358642578,-6.1103949546813965,0.3005604147911072,0.29989683628082275,0.01849699579179287,1.7747931480407715,1.7765212059020996,0.008205453865230083,0.22034436464309692,0.0,0.01561480167936535,1.8103853464126587,0.11524012684822083,,,,,,,,,,,,,,
492,2.387380838394165,-6.139678001403809,0.29744309186935425,0.29743072390556335,0.019251974299550056,1.7728281021118164,1.773681879043579,0.008519534952938557,0.2171774059534073,0.0,0.015616505586355937,1.7871348857879639,0.1154198870062828,,,,,,,,,,,,,,
493,2.395332098007202,-6.087305068969727,0.3036876916885376,0.30324575304985046,0.019530240446329117,1.768113374710083,1.7696232795715332,0.008926614187657833,0.20463505387306213,0.0,0.015618290909193469,1.7920275926589966,0.1154552698135376,,,,,,,,,,,,,,
494,2.3888821601867676,-6.083989143371582,0.3053186535835266,0.3048747479915619,0.02006455883383751,1.7578312158584595,1.7594174146652222,0.00843521486967802,0.1945415586233139,0.0,0.015619977952167404,1.802188754081726,0.11589190363883972,,,,,,,,,,,,,,
495,2.395583152770996,-6.1101861000061035,0.3115980327129364,0.3117060959339142,0.018788158893585205,1.7532329559326172,1.7537490129470825,0.008582175709307194,0.20053380727767944,0.0,0.015621694387309265,1.7957123517990112,0.11473537236452103,,,,,,,,,,,,,,
496,2.389260768890381,-6.156032085418701,0.3073897957801819,0.30747923254966736,0.018442748114466667,1.7558320760726929,1.7560659646987915,0.009223970584571362,0.2076307237148285,0.0,0.015623539181426178,1.8029365539550781,0.1148647591471672,,,,,,,,,,,,,,
497,2.403287410736084,-6.19296407699585,0.308969110250473,0.30909183621406555,0.018843213096261024,1.7666083574295044,1.766157865524292,0.008111344650387764,0.22504521906375885,0.0,0.015625161450356254,1.8003273010253906,0.11487337946891785,,,,,,,,,,,,,,
498,2.3984158039093018,-6.15581750869751,0.3049231767654419,0.30509153008461,0.018797948956489563,1.7696706056594849,1.769536018371582,0.008264617063105106,0.21879935264587402,0.0,0.015626814373768876,1.7961410284042358,0.11496934294700623,,,,,,,,,,,,,,
499,2.3937900066375732,-6.0945234298706055,0.29973968863487244,0.3007310628890991,0.01862448826432228,1.7753340005874634,1.7740554809570312,0.008272547274827957,0.21422742307186127,0.0,0.01562846888322384,1.8281590938568115,0.11481200903654099,,,,,,,,,,,,,,
500,2.395171642303467,-6.143332481384277,0.3011435568332672,0.30163973569869995,0.0189876276999712,1.7735514640808105,1.773249864578247,0.00790268462151289,0.20077228546142578,0.0,0.015630049420148142,1.797465205192566,0.11508233845233917,0.7814379334449768,0.7814379334449768,0.2185620665550232,8.7174072265625,0.0017305996217917693,0.8932347297668457,4.063473224639893,-0.0,1.5649319887161255,0.782545268535614,0.0021729528838667924,0.7825453281402588,0.11265826225280762,0.9731616973876953
501,2.394104480743408,-6.20652437210083,0.3029698431491852,0.30274102091789246,0.01914096623659134,1.7688405513763428,1.7696648836135864,0.008485204540193081,0.20006051659584045,0.0,0.01563174646105618,1.788089632987976,0.11394530534744263,,,,,,,,,,,,,,
502,2.3958206176757812,-6.243191719055176,0.3058001399040222,0.30545592308044434,0.018869077786803246,1.765224814414978,1.7661662101745605,0.008347399532794952,0.20635798573493958,0.0,0.01563341594096274,1.8048609495162964,0.11473500728607178,,,,,,,,,,,,,,
503,2.391425609588623,-6.264388084411621,0.304230660200119,0.3038713335990906,0.01946212351322174,1.7630894184112549,1.7646337747573853,0.008130142465233803,0.20628005266189575,0.0,0.015635041969455785,1.8189377784729004,0.11476920545101166,,,,,,,,,,,,,,
504,2.3912525177001953,-6.186905860900879,0.3125261068344116,0.31236058473587036,0.01847192645072937,1.7474108934402466,1.7483768463134766,0.00798613391816616,0.20379851758480072,0.0,0.015636639196239418,1.8111704587936401,0.11402737349271774,,,,,,,,,,,,,,
505,2.397920608520508,-6.1361799240112305,0.31088683009147644,0.3110499083995819,0.01906694658100605,1.7568106651306152,1.7570234537124634,0.009426804259419441,0.20472288131713867,0.0,0.0156385245570913,1.815352201461792,0.1150331124663353,,,,,,,,,,,,,,
506,2.391089916229248,-6.2025532722473145,0.3044787645339966,0.30484092235565186,0.019044823944568634,1.7630677223205566,1.7623828649520874,0.008265390992164612,0.20837189257144928,0.0,0.015640177635289736,1.8316996097564697,0.11504609882831573,,,,,,,,,,,,,,
507,2.393449306488037,-6.253762722015381,0.2989053726196289,0.30019980669021606,0.018841886892914772,1.776201605796814,1.7748030424118042,0.008414875715970993,0.20858299732208252,0.0,0.01564186061043293,1.813061237335205,0.11432009935379028,,,,,,,,,,,,,,
508,2.401200771331787,-6.2691755294799805,0.30195650458335876,0.3031964898109436,0.019290335476398468,1.7777140140533447,1.7758008241653442,0.00852102693170309,0.21237783133983612,0.0,0.015643564815819272,1.8043227195739746,0.11469534784555435,,,,,,,,,,,,,,
509,2.400733470916748,-6.204379558563232,0.3066723942756653,0.30700716376304626,0.0191739983856678,1.7679296731948853,1.7678300142288208,0.00817461684346199,0.19913141429424286,0.0,0.015645199739187963,1.8289891481399536,0.11451853066682816,,,,,,,,,,,,,,
510,2.390477418899536,-6.2023773193359375,0.300589382648468,0.2999534606933594,0.01847025752067566,1.7705738544464111,1.7723548412322998,0.00872011948376894,0.18599142134189606,0.0,0.015646943763084717,1.8177589178085327,0.11493846774101257,0.7811526656150818,0.7811526656150818,0.2188473343849182,8.753538131713867,0.0017276160118480186,0.8938592672348022,4.06086540222168,-0.0,1.5547833442687988,0.7824802398681641,0.0021664810134981154,0.7824802398681641,0.11073493957519531,0.9852603673934937
511,2.4008500576019287,-6.254144191741943,0.3083338141441345,0.3071953058242798,0.018527768552303314,1.7653565406799316,1.7682297229766846,0.007821948267519474,0.19400238990783691,0.0,0.01564850815273822,1.8453365564346313,0.1144159585237503,,,,,,,,,,,,,,
512,2.3933544158935547,-6.35178804397583,0.3047915995121002,0.30371764302253723,0.0184114221483469,1.764840841293335,1.7680268287658691,0.007871406152844429,0.20917397737503052,0.0,0.015650082433968787,1.8095312118530273,0.11458534002304077,,,,,,,,,,,,,,
513,2.392024040222168,-6.365167617797852,0.30715832114219666,0.3064548075199127,0.018893776461482048,1.758461356163025,1.7605730295181274,0.007991999387741089,0.21169570088386536,0.0,0.015651680833846337,1.8354318141937256,0.11340683698654175,,,,,,,,,,,,,,
514,2.409210681915283,-6.315854072570801,0.3157361149787903,0.31578201055526733,0.01881609484553337,1.7589013576507568,1.7588517665863037,0.00823144894093275,0.20550334453582764,0.0,0.015653327123634524,1.8428757190704346,0.1144312396645546,,,,,,,,,,,,,,
515,2.3866820335388184,-6.239373207092285,0.3026544451713562,0.30317625403404236,0.01926165632903576,1.761749267578125,1.761430263519287,0.008570798672735691,0.19603046774864197,0.0,0.015655041283369073,1.8548778295516968,0.11537043005228043,,,,,,,,,,,,,,
516,2.4005110263824463,-6.271590709686279,0.3069009780883789,0.30757731199264526,0.019171807914972305,1.767139196395874,1.766582727432251,0.008205423131585121,0.18993571400642395,0.0,0.01565668236799539,1.871095061302185,0.11503879725933075,,,,,,,,,,,,,,
517,2.408400535583496,-6.374607086181641,0.3081614375114441,0.309030145406723,0.02001415379345417,1.7718713283538818,1.7705185413360596,0.007981573231518269,0.1922387033700943,0.0,0.015658278682641694,1.8508405685424805,0.11500698328018188,,,,,,,,,,,,,,
518,2.4044556617736816,-6.422017574310303,0.3071000576019287,0.3075791597366333,0.01884467527270317,1.7712070941925049,1.7706564664840698,0.00787246972322464,0.195302814245224,0.0,0.01565985317658634,1.850407600402832,0.11484493315219879,,,,,,,,,,,,,,
519,2.4082140922546387,-6.353818893432617,0.3120509386062622,0.31206846237182617,0.018974438309669495,1.7650737762451172,1.765166997909546,0.00815601833164692,0.19329577684402466,0.0,0.01566148438025267,1.849485158920288,0.11501399427652359,,,,,,,,,,,,,,
520,2.4034054279327393,-6.298371315002441,0.3093380033969879,0.3085671365261078,0.018742557615041733,1.7658547163009644,1.7676606178283691,0.00820887554436922,0.19549159705638885,0.0,0.015663126155361543,1.857917308807373,0.11487524956464767,0.7815243005752563,0.7815243005752563,0.21847569942474365,8.781440734863281,0.0017271659421342813,0.8929463624954224,4.062098503112793,-0.0,1.5685385465621948,0.7823137044906616,0.0021438447785579015,0.7823137044906616,0.10797436535358429,0.9993259906768799
521,2.383798837661743,-6.323721408843994,0.3028948903083801,0.30197814106941223,0.01841605082154274,1.7596261501312256,1.7613931894302368,0.008016019128262997,0.1956702619791031,0.0,0.015664729359187196,1.8600857257843018,0.11459217220544815,,,,,,,,,,,,,,
522,2.4087111949920654,-6.368642330169678,0.31274503469467163,0.31266483664512634,0.019406193867325783,1.7633771896362305,1.7644131183624268,0.008336535654962063,0.21011774241924286,0.0,0.015666396666318187,1.8586715459823608,0.11456897109746933,,,,,,,,,,,,,,
523,2.4032492637634277,-6.474352836608887,0.3095702528953552,0.30958524346351624,0.018706338480114937,1.7654305696487427,1.7653440237045288,0.008172811940312386,0.20649412274360657,0.0,0.01566803122870625,1.854394555091858,0.1146349087357521,,,,,,,,,,,,,,
524,2.400343894958496,-6.462411403656006,0.3108185827732086,0.3113043010234833,0.019364485517144203,1.759391188621521,1.7583218812942505,0.00801450852304697,0.1947883665561676,0.0,0.01566963413041086,1.8606009483337402,0.11450488865375519,,,,,,,,,,,,,,
525,2.4062018394470215,-6.363398551940918,0.3112592101097107,0.31148678064346313,0.018121877685189247,1.7659282684326172,1.764739751815796,0.008268509060144424,0.18555901944637299,0.0,0.01567128783222289,1.8511924743652344,0.1156160831451416,,,,,,,,,,,,,,
526,2.3945260047912598,-6.323559761047363,0.30375877022743225,0.30440860986709595,0.019280927255749702,1.7673399448394775,1.766815423965454,0.008331883698701859,0.17834436893463135,0.0,0.01567295420896263,1.8753184080123901,0.11495363712310791,,,,,,,,,,,,,,
527,2.4083855152130127,-6.385905742645264,0.3086128830909729,0.3084993064403534,0.018736084923148155,1.7722058296203613,1.7728687524795532,0.008090821094810963,0.18753191828727722,0.0,0.015674572373181594,1.8627630472183228,0.11493535339832306,,,,,,,,,,,,,,
528,2.4130353927612305,-6.4684247970581055,0.309979647397995,0.3104317784309387,0.01857612654566765,1.774134635925293,1.7739611864089966,0.008077489212155342,0.19947806000709534,0.0,0.015676187871024025,1.8648638725280762,0.11490549892187119,,,,,,,,,,,,,,
529,2.3978867530822754,-6.495105743408203,0.3062509298324585,0.30665650963783264,0.01900322735309601,1.7658838033676147,1.7660683393478394,0.008310111239552498,0.20575809478759766,0.0,0.015677849893271936,1.8709745407104492,0.11518117785453796,,,,,,,,,,,,,,
530,2.396618366241455,-6.490844249725342,0.3036002516746521,0.3033970892429352,0.01889890432357788,1.770214557647705,1.77122962474823,0.007914713583886623,0.19770662486553192,0.0,0.015679432835988712,1.875693678855896,0.11376114934682846,0.7813155651092529,0.7813155651092529,0.21868443489074707,8.763315200805664,0.0017343545365086982,0.8931866884231567,4.060412406921387,-0.0,1.5670970678329468,0.7821604013442993,0.0021052255384673745,0.7821604013442993,0.10641643404960632,1.004791259765625
531,2.3969082832336426,-6.443063259124756,0.3059268593788147,0.3060099184513092,0.018614986911416054,1.765926718711853,1.7667860984802246,0.007739522960036993,0.18772514164447784,0.0,0.01568098074058072,1.856263518333435,0.11448878049850464,,,,,,,,,,,,,,
532,2.399526834487915,-6.457062244415283,0.3074079155921936,0.30754485726356506,0.01877526380121708,1.7656813859939575,1.7659159898757935,0.007961601950228214,0.17890791594982147,0.0,0.015682573060970765,1.8852837085723877,0.1144631877541542,,,,,,,,,,,,,,
533,2.4076175689697266,-6.491514682769775,0.3157276213169098,0.31617963314056396,0.01825723797082901,1.7575689554214478,1.7573370933532715,0.008555356413125992,0.17695266008377075,0.0,0.01568428413225339,1.8798214197158813,0.1142631396651268,,,,,,,,,,,,,,
534,2.4021334648132324,-6.514491558074951,0.3120514750480652,0.31230565905570984,0.018459031358361244,1.7592692375183105,1.7593653202056885,0.008247562684118748,0.18062280118465424,0.0,0.015685933644790213,1.864520788192749,0.11386291682720184,,,,,,,,,,,,,,
535,2.4036569595336914,-6.5448689460754395,0.3088604807853699,0.3090026080608368,0.01818869635462761,1.7675549983978271,1.7676550149917603,0.007975306361913681,0.18756365776062012,0.0,0.015687528706062596,1.8770432472229004,0.11367017775774002,,,,,,,,,,,,,,
536,2.39850115776062,-6.517043590545654,0.30719193816185,0.3073637783527374,0.01815805584192276,1.7657108306884766,1.7658640146255493,0.007913635112345219,0.18769514560699463,0.0,0.015689111433085066,1.877336025238037,0.11439912021160126,,,,,,,,,,,,,,
537,2.395848512649536,-6.510516166687012,0.3063942492008209,0.3070368766784668,0.017914732918143272,1.7645087242126465,1.7644966840744019,0.007740848232060671,0.1816687434911728,0.0,0.01569065960273148,1.863073706626892,0.11445606499910355,,,,,,,,,,,,,,
538,2.3988070487976074,-6.467181205749512,0.3065686821937561,0.3065761923789978,0.01814856566488743,1.7673357725143433,1.7676912546157837,0.007749039214104414,0.18502551317214966,0.0,0.0156922094105743,1.8570556640625,0.11342211067676544,,,,,,,,,,,,,,
539,2.408324718475342,-6.530566215515137,0.3122493326663971,0.3118259012699127,0.018224753439426422,1.7658882141113281,1.766161322593689,0.008195477537810802,0.1808592677116394,0.0,0.01569384850608186,1.8662070035934448,0.11438897997140884,,,,,,,,,,,,,,
540,2.392340898513794,-6.587802410125732,0.30571749806404114,0.3061801791191101,0.01804669387638569,1.7625633478164673,1.7622298002243042,0.008045445196330547,0.18432633578777313,0.0,0.015695457595121125,1.8552026748657227,0.1142490804195404,0.7811692357063293,0.7811692357063293,0.21883076429367065,8.766222953796387,0.0017332221297442214,0.8946762084960938,4.059576511383057,-0.0,1.5596494674682617,0.781996488571167,0.0020774908909552588,0.781996488571167,0.10572323203086853,1.0082619190216064
541,2.403188705444336,-6.602275848388672,0.3105030357837677,0.31094250082969666,0.017877964302897453,1.7639009952545166,1.7638297080993652,0.008648037910461426,0.1803021878004074,0.0,0.015697187202703217,1.8818995952606201,0.11461123079061508,,,,,,,,,,,,,,
542,2.399150848388672,-6.589563369750977,0.3108847439289093,0.3111920654773712,0.01784641481935978,1.7591572999954224,1.7592980861663818,0.008071424439549446,0.17931915819644928,0.0,0.015698801487591126,1.8680917024612427,0.11402741074562073,,,,,,,,,,,,,,
543,2.4001753330230713,-6.5503411293029785,0.31282222270965576,0.31347307562828064,0.018565138801932335,1.755629539489746,1.755000114440918,0.008228939957916737,0.18235808610916138,0.0,0.01570044727558271,1.887679934501648,0.11372525244951248,,,,,,,,,,,,,,
544,2.399925708770752,-6.543045997619629,0.307195246219635,0.3074091076850891,0.018311718478798866,1.7670066356658936,1.7670122385025024,0.008291819132864475,0.1851710081100464,0.0,0.01570210563940928,1.8851919174194336,0.11447656899690628,,,,,,,,,,,,,,
545,2.4028866291046143,-6.576975345611572,0.3059665858745575,0.3071625232696533,0.01888369768857956,1.771787166595459,1.7699605226516724,0.008768509142100811,0.19928325712680817,0.0,0.0157038593412377,1.859525203704834,0.11492341756820679,,,,,,,,,,,,,,
546,2.400132417678833,-6.61802864074707,0.30579057335853577,0.3064274787902832,0.018085001036524773,1.7703853845596313,1.7692734003067017,0.007812141440808773,0.19486640393733978,0.0,0.01570542176952586,1.8672868013381958,0.11412616819143295,,,,,,,,,,,,,,
547,2.4102091789245605,-6.669389724731445,0.3101273477077484,0.3106571435928345,0.018948379904031754,1.77061128616333,1.770341396331787,0.007827193476259708,0.18579573929309845,0.0,0.015706987208221113,1.8917948007583618,0.11373162269592285,,,,,,,,,,,,,,
548,2.405689239501953,-6.653629302978516,0.3080851137638092,0.30874770879745483,0.019566532224416733,1.7691210508346558,1.769458532333374,0.007694846019148827,0.17089584469795227,0.0,0.015708526177424943,1.8679989576339722,0.11416644603013992,,,,,,,,,,,,,,
549,2.3955063819885254,-6.637627124786377,0.306006520986557,0.3063024878501892,0.017498131841421127,1.7656890153884888,1.7657095193862915,0.007914705201983452,0.16541454195976257,0.0,0.01571010911846534,1.8948800563812256,0.11397156119346619,,,,,,,,,,,,,,
550,2.4085934162139893,-6.630071640014648,0.3123023509979248,0.31160685420036316,0.01944025233387947,1.7643702030181885,1.766117811203003,0.008318410255014896,0.16566774249076843,0.0,0.015711772800516343,1.8680715560913086,0.11354266852140427,0.7813432216644287,0.7813432216644287,0.2186567783355713,8.767682075500488,0.0017204602243334234,0.8950124979019165,4.057015895843506,-0.0,1.5546213388442993,0.782173752784729,0.0020556680189410034,0.7821738123893738,0.1045302152633667,1.016579270362854
551,2.3991668224334717,-6.668335437774658,0.30868932604789734,0.30846044421195984,0.018036840483546257,1.7633298635482788,1.764630675315857,0.007792473770678043,0.17486141622066498,0.0,0.01571333129527048,1.8989901542663574,0.11363302171230316,,,,,,,,,,,,,,
552,2.4029159545898438,-6.701564788818359,0.3134109675884247,0.3134346008300781,0.01816651225090027,1.7576446533203125,1.7581629753112793,0.007996627129614353,0.1825632005929947,0.0,0.015714930620696402,1.8965919017791748,0.11317303031682968,,,,,,,,,,,,,,
553,2.4091098308563232,-6.704740047454834,0.3141178786754608,0.3139392137527466,0.018535960465669632,1.762021780014038,1.7630118131637573,0.008346006274223328,0.1808072328567505,0.0,0.015716599821951248,1.9027504920959473,0.1141296848654747,,,,,,,,,,,,,,
554,2.403749942779541,-6.661067008972168,0.31233102083206177,0.3123358488082886,0.01831638254225254,1.7605494260787964,1.760983943939209,0.007769300602376461,0.1718735247850418,0.0,0.015718153682071724,1.9134769439697266,0.11321041733026505,,,,,,,,,,,,,,
555,2.395695686340332,-6.673334121704102,0.3053470551967621,0.3054894506931305,0.01806611940264702,1.7664494514465332,1.767136812210083,0.007761687505990267,0.1672275811433792,0.0,0.015719706019572923,1.894612193107605,0.1132887452840805,,,,,,,,,,,,,,
556,2.406494379043579,-6.7460198402404785,0.30906686186790466,0.3091554045677185,0.017741959542036057,1.770615816116333,1.770444393157959,0.007892180234193802,0.16933952271938324,0.0,0.015721284455619763,1.886145830154419,0.11239728331565857,,,,,,,,,,,,,,
557,2.4189984798431396,-6.767134666442871,0.31493765115737915,0.3157632648944855,0.018544230610132217,1.7705193758010864,1.7689871788024902,0.007964072749018669,0.16962234675884247,0.0,0.015722877270169567,1.9035040140151978,0.11329004913568497,,,,,,,,,,,,,,
558,2.4002456665039062,-6.73295259475708,0.310411661863327,0.31057441234588623,0.01857396960258484,1.7607154846191406,1.7606558799743652,0.008015226572751999,0.17343008518218994,0.0,0.015724480315484117,1.9045161008834839,0.11392821371555328,,,,,,,,,,,,,,
559,2.4156012535095215,-6.697145462036133,0.3183743357658386,0.31851857900619507,0.018201656639575958,1.7603408098220825,1.7606725692749023,0.007931569591164589,0.17223788797855377,0.0,0.01572606662940235,1.8906527757644653,0.1134481132030487,,,,,,,,,,,,,,
560,2.410004138946533,-6.747881889343262,0.3137492537498474,0.3134750425815582,0.01848067343235016,1.7637544870376587,1.7648438215255737,0.008475794456899166,0.17575378715991974,0.0,0.01572776178829373,1.901505947113037,0.11381253600120544,0.7825521230697632,0.7825521230697632,0.21744787693023682,8.841029167175293,0.0017145370817939955,0.8934749364852905,4.059171676635742,-0.0,1.5583703517913818,0.7823109030723572,0.0020520818492298387,0.7823109030723572,0.10364197194576263,1.0225193500518799
561,2.4025492668151855,-6.7856645584106445,0.30921295285224915,0.30919939279556274,0.018123531714081764,1.765812635421753,1.76621413230896,0.007909007370471954,0.18040959537029266,0.0,0.015729343589767825,1.8962327241897583,0.1126057505607605,,,,,,,,,,,,,,
562,2.4097301959991455,-6.762555122375488,0.3157607614994049,0.3161168694496155,0.018407514318823814,1.7599436044692993,1.7589465379714966,0.007859189063310623,0.17895875871181488,0.0,0.015730915427580486,1.9221035242080688,0.11375559121370316,,,,,,,,,,,,,,
563,2.3961639404296875,-6.773069858551025,0.3092621862888336,0.31001701951026917,0.017878102138638496,1.7596118450164795,1.7584010362625122,0.007935499772429466,0.16720378398895264,0.0,0.015732502527534973,1.9335771799087524,0.11378033459186554,,,,,,,,,,,,,,
564,2.398505449295044,-6.761191368103027,0.3078210949897766,0.30836641788482666,0.018001031130552292,1.764890432357788,1.7637434005737305,0.008210795000195503,0.1623046100139618,0.0,0.01573414468653501,1.8942631483078003,0.11346253752708435,,,,,,,,,,,,,,
565,2.4037024974823,-6.767723560333252,0.31092390418052673,0.31168001890182495,0.01747208833694458,1.764024019241333,1.763229250907898,0.007755927741527557,0.1643311083316803,0.0,0.015735695872083316,1.8999336957931519,0.11291507631540298,,,,,,,,,,,,,,
566,2.4018118381500244,-6.812707424163818,0.3065401315689087,0.307013601064682,0.017463888972997665,1.770615816116333,1.770972490310669,0.007799037266522646,0.1706966757774353,0.0,0.01573725567953662,1.9251388311386108,0.11439450830221176,,,,,,,,,,,,,,
567,2.406635284423828,-6.833834171295166,0.31023019552230835,0.3103371262550354,0.018299702554941177,1.7674617767333984,1.768074870109558,0.0076189166866242886,0.17776453495025635,0.0,0.015738779462873945,1.8982157707214355,0.1129249632358551,,,,,,,,,,,,,,
568,2.411303758621216,-6.858214378356934,0.31133827567100525,0.31137892603874207,0.01904265210032463,1.769290804862976,1.7697969675064087,0.007588399574160576,0.17555300891399384,0.0,0.015740297142788778,1.8929595947265625,0.11313902586698532,,,,,,,,,,,,,,
569,2.4041213989257812,-6.848292827606201,0.3102366030216217,0.3098723888397217,0.017763732001185417,1.765579104423523,1.766918420791626,0.007679244503378868,0.16516181826591492,0.0,0.015741832991689454,1.8960314989089966,0.11375079303979874,,,,,,,,,,,,,,
570,2.396243095397949,-6.835005283355713,0.308561235666275,0.3082467019557953,0.01772790402173996,1.7610125541687012,1.762401819229126,0.00788124930113554,0.15640035271644592,0.0,0.01574340924154968,1.902459740638733,0.11315339803695679,0.7807836532592773,0.7807836532592773,0.21921634674072266,8.904964447021484,0.0017066628049775359,0.8937631845474243,4.056792736053467,-0.0,1.5499746799468994,0.7821468114852905,0.0020321349745988683,0.7821468114852905,0.10331036895513535,1.0279629230499268
571,2.417445421218872,-6.843930721282959,0.31799253821372986,0.31768834590911865,0.017679229378700256,1.7632863521575928,1.764884114265442,0.007844935171306133,0.15071752667427063,0.0,0.01574497822858394,1.9196510314941406,0.11312931776046753,,,,,,,,,,,,,,
572,2.4136714935302734,-6.907739162445068,0.31426939368247986,0.31404629349708557,0.01807461678981781,1.7670468091964722,1.7675155401229858,0.00806058757007122,0.15777109563350677,0.0,0.015746590346097954,1.9386066198349,0.11316344141960144,,,,,,,,,,,,,,
573,2.4127514362335205,-6.939572334289551,0.31703126430511475,0.3167368173599243,0.01789689250290394,1.7606446743011475,1.7615281343460083,0.0076707820408046246,0.15854646265506744,0.0,0.015748124502506115,1.9041496515274048,0.11247238516807556,,,,,,,,,,,,,,
574,2.4181437492370605,-6.888664245605469,0.31689348816871643,0.3174884021282196,0.018537256866693497,1.765406847000122,1.7650421857833862,0.007393312640488148,0.1652042418718338,0.0,0.015749603165034213,1.9304076433181763,0.11337701976299286,,,,,,,,,,,,,,
575,2.4142680168151855,-6.8420634269714355,0.3191950023174286,0.31985893845558167,0.018517950549721718,1.7569316625595093,1.756460428237915,0.00801721028983593,0.15731759369373322,0.0,0.01575120660709218,1.8870295286178589,0.11328267306089401,,,,,,,,,,,,,,
576,2.4026687145233154,-6.85955286026001,0.3087504208087921,0.3090377449989319,0.017615124583244324,1.7674241065979004,1.767106533050537,0.007888294756412506,0.15868622064590454,0.0,0.01575278426604346,1.91033935546875,0.11355899274349213,,,,,,,,,,,,,,
577,2.412436008453369,-6.904513835906982,0.31267279386520386,0.3129993975162506,0.018106723204255104,1.7686823606491089,1.768632173538208,0.00783566478639841,0.16694201529026031,0.0,0.01575435139900074,1.9092048406600952,0.11312086880207062,,,,,,,,,,,,,,
578,2.404115676879883,-6.963072776794434,0.3089257776737213,0.3087522089481354,0.01801636815071106,1.7680118083953857,1.7688311338424683,0.007690762635320425,0.16991373896598816,0.0,0.0157558895515278,1.9107979536056519,0.11225021630525589,,,,,,,,,,,,,,
579,2.408064365386963,-6.978568077087402,0.3128012418746948,0.3124042749404907,0.01866799220442772,1.7635300159454346,1.7648515701293945,0.007615579292178154,0.16636821627616882,0.0,0.01575741266738624,1.903029441833496,0.11346843093633652,,,,,,,,,,,,,,
580,2.4171202182769775,-6.9525957107543945,0.3202165961265564,0.31961700320243835,0.017962966114282608,1.7585254907608032,1.7601215839385986,0.007890336215496063,0.15863893926143646,0.0,0.015758990734629337,1.9354839324951172,0.11284596472978592,0.7821277976036072,0.7821277976036072,0.21787220239639282,8.843064308166504,0.0017159277223952225,0.8948683142662048,4.059547424316406,-0.0,1.5586893558502197,0.7823562622070312,0.002007416718788934,0.7823562622070312,0.10170497745275497,1.029237985610962
581,2.4023027420043945,-6.925544738769531,0.3138517141342163,0.31414979696273804,0.01712864078581333,1.7572399377822876,1.7571052312850952,0.00790011789649725,0.14891554415225983,0.0,0.015760570758208636,1.9071109294891357,0.11319570243358612,,,,,,,,,,,,,,
582,2.430650472640991,-6.942065715789795,0.32185420393943787,0.32303717732429504,0.018090905621647835,1.768625259399414,1.7667109966278076,0.007878738455474377,0.1540781557559967,0.0,0.01576214650589973,1.9112497568130493,0.11227967590093613,,,,,,,,,,,,,,
583,2.408416271209717,-6.991878986358643,0.31315064430236816,0.31419700384140015,0.018054315820336342,1.763412356376648,1.762616515159607,0.007763531990349293,0.16799786686897278,0.0,0.0157636992122978,1.9101974964141846,0.11273768544197083,,,,,,,,,,,,,,
584,2.412984848022461,-7.014734745025635,0.31788113713264465,0.31842899322509766,0.01749603822827339,1.7595140933990479,1.7588430643081665,0.008649175986647606,0.16831742227077484,0.0,0.01576542904749513,1.9269354343414307,0.11236738413572311,,,,,,,,,,,,,,
585,2.4137072563171387,-6.969730377197266,0.3186951279640198,0.31893402338027954,0.017705129459500313,1.7584688663482666,1.758277177810669,0.00783589854836464,0.1622077226638794,0.0,0.015766996227204802,1.8715587854385376,0.11203430593013763,,,,,,,,,,,,,,
586,2.4099652767181396,-6.933012008666992,0.3112461268901825,0.3115186393260956,0.017374848946928978,1.7698179483413696,1.7698333263397217,0.008151085115969181,0.15100793540477753,0.0,0.015768626444227996,1.8903603553771973,0.11158187687397003,,,,,,,,,,,,,,
587,2.407806396484375,-7.010637283325195,0.3092958331108093,0.3091503381729126,0.01738767698407173,1.7714202404022217,1.7725251913070679,0.00832447875291109,0.15191321074962616,0.0,0.01577029133997858,1.904801845550537,0.11235278099775314,,,,,,,,,,,,,,
588,2.418250560760498,-7.038837909698486,0.3148441016674042,0.3145042955875397,0.017347896471619606,1.7709561586380005,1.772152304649353,0.007767884060740471,0.15010450780391693,0.0,0.015771844916790727,1.9028575420379639,0.11211477965116501,,,,,,,,,,,,,,
589,2.4091873168945312,-7.043620586395264,0.31388911604881287,0.3145081102848053,0.017816029489040375,1.763139247894287,1.7628087997436523,0.007664769422262907,0.1481337994337082,0.0,0.01577337787067518,1.8906501531600952,0.11242607235908508,,,,,,,,,,,,,,
590,2.4098939895629883,-7.021901607513428,0.31617727875709534,0.31601327657699585,0.01760238967835903,1.759926199913025,1.7602757215499878,0.00780754629522562,0.14641791582107544,0.0,0.015774939379934225,1.895346760749817,0.11146389693021774,0.7821130156517029,0.7821130156517029,0.21788698434829712,8.88818645477295,0.0017090033143591392,0.8949164152145386,4.057135581970215,-0.0,1.5443896055221558,0.7824902534484863,0.0019955069541302485,0.7824902534484863,0.10145489871501923,1.0327670574188232
591,2.4030449390411377,-7.015168190002441,0.3100804090499878,0.3111135959625244,0.01809849590063095,1.7642688751220703,1.7632360458374023,0.007633714005351067,0.1497398018836975,0.0,0.015776466122735294,1.9202109575271606,0.11244477331638336,,,,,,,,,,,,,,
592,2.4092445373535156,-7.009197235107422,0.3163399398326874,0.31695082783699036,0.01726922020316124,1.7590481042861938,1.7583211660385132,0.007311609108000994,0.15135614573955536,0.0,0.015777928444556895,1.9443678855895996,0.11158329248428345,,,,,,,,,,,,,,
593,2.4107697010040283,-7.060842037200928,0.312539666891098,0.3133324086666107,0.017530208453536034,1.767634391784668,1.7671003341674805,0.008309111930429935,0.15438620746135712,0.0,0.01577959026694298,1.9090558290481567,0.11222478747367859,,,,,,,,,,,,,,
594,2.4174692630767822,-7.071303844451904,0.31747981905937195,0.317793607711792,0.017720166593790054,1.7646342515945435,1.7643167972564697,0.00789657048881054,0.1590030938386917,0.0,0.015781169581040744,1.9074255228042603,0.11202201247215271,,,,,,,,,,,,,,
595,2.4115734100341797,-7.094485759735107,0.3138037323951721,0.3141859471797943,0.017227472737431526,1.7663860321044922,1.766326665878296,0.008314495906233788,0.15926948189735413,0.0,0.01578283248022199,1.9272956848144531,0.1125454232096672,,,,,,,,,,,,,,
596,2.4176065921783447,-7.08706521987915,0.316641628742218,0.31671926379203796,0.017696110531687737,1.7663986682891846,1.7667003870010376,0.00773566123098135,0.1517987847328186,0.0,0.01578437961246819,1.9326261281967163,0.11308667808771133,,,,,,,,,,,,,,
597,2.410395860671997,-7.0757246017456055,0.31235843896865845,0.31246089935302734,0.017442895099520683,1.7680708169937134,1.7681965827941895,0.007709020748734474,0.14649063348770142,0.0,0.015785921416617936,1.9497231245040894,0.11326217651367188,,,,,,,,,,,,,,
598,2.415092945098877,-7.132200717926025,0.3151894807815552,0.3151821792125702,0.017232360318303108,1.767271876335144,1.7677061557769775,0.007718472275882959,0.1459098905324936,0.0,0.015787465111073113,1.9303926229476929,0.11305665969848633,,,,,,,,,,,,,,
599,2.419748544692993,-7.131144046783447,0.3160989284515381,0.3166784942150116,0.01746256835758686,1.769614577293396,1.7694025039672852,0.00786616187542677,0.151651993393898,0.0,0.0157890383434482,1.9362828731536865,0.11350554972887039,,,,,,,,,,,,,,
600,2.4083075523376465,-7.133008003234863,0.31460312008857727,0.3148637115955353,0.017436308786273003,1.7612378597259521,1.7615710496902466,0.007915466092526913,0.1567661464214325,0.0,0.015790621436666704,1.9194562435150146,0.11330258101224899,0.7823240160942078,0.7823240160942078,0.21767598390579224,8.924034118652344,0.0017072509360912412,0.8937631845474243,4.0595245361328125,-0.0,1.5725888013839722,0.782498300075531,0.0019859868135427474,0.782498300075531,0.09954465925693512,1.0458528995513916
601,2.418269157409668,-7.095932960510254,0.3217926621437073,0.3218138813972473,0.0186149962246418,1.7555904388427734,1.7565051317214966,0.008038203231990337,0.1527966558933258,0.0,0.015792229077313102,1.9501928091049194,0.1126314178109169,,,,,,,,,,,,,,
602,2.4109244346618652,-7.114072799682617,0.3147711753845215,0.3145853579044342,0.01755295693874359,1.763683557510376,1.7643464803695679,0.008257774636149406,0.14889413118362427,0.0,0.015793880632240333,1.9366064071655273,0.11385022103786469,,,,,,,,,,,,,,
603,2.412508726119995,-7.149737358093262,0.31458839774131775,0.31495770812034607,0.017612701281905174,1.7652180194854736,1.76548171043396,0.007654609624296427,0.14510944485664368,0.0,0.01579541155416519,1.9510509967803955,0.11282030493021011,,,,,,,,,,,,,,
604,2.4147744178771973,-7.15435266494751,0.3146333694458008,0.3154836595058441,0.017942242324352264,1.767061710357666,1.7663686275482178,0.007753436453640461,0.1510574072599411,0.0,0.01579696224145592,1.9362577199935913,0.11330898106098175,,,,,,,,,,,,,,
605,2.418050527572632,-7.1468963623046875,0.31707078218460083,0.3181133270263672,0.017082873731851578,1.7662945985794067,1.7652724981307983,0.007914376445114613,0.1438286006450653,0.0,0.01579854511674494,1.9145252704620361,0.11260897666215897,,,,,,,,,,,,,,
606,2.4320833683013916,-7.171938419342041,0.323062002658844,0.324085533618927,0.017693262547254562,1.7680424451828003,1.7664426565170288,0.007714532315731049,0.1435830295085907,0.0,0.01580008802320809,1.9175686836242676,0.11236335337162018,,,,,,,,,,,,,,
607,2.415649890899658,-7.1819281578063965,0.31870657205581665,0.3190874755382538,0.016996929422020912,1.7610657215118408,1.7606524229049683,0.007946150377392769,0.1411641538143158,0.0,0.015801677253283568,1.9504233598709106,0.11274058371782303,,,,,,,,,,,,,,
608,2.412827968597412,-7.180243968963623,0.31577178835868835,0.3161218464374542,0.017284993082284927,1.7635951042175293,1.7637038230895996,0.007594448048621416,0.1454516053199768,0.0,0.015803196142893293,1.9377716779708862,0.11275117099285126,,,,,,,,,,,,,,
609,2.4239590167999268,-7.247000694274902,0.31952139735221863,0.3199750781059265,0.0171956866979599,1.767613410949707,1.7669203281402588,0.007831144146621227,0.14239689707756042,0.0,0.015804762371722618,1.9286959171295166,0.11262921988964081,,,,,,,,,,,,,,
610,2.4255192279815674,-7.219478130340576,0.3219700753688812,0.32231810688972473,0.017879294231534004,1.7633976936340332,1.7633056640625,0.007633175700902939,0.1463257372379303,0.0,0.0158062890068628,1.9587249755859375,0.11218150705099106,0.781883180141449,0.781883180141449,0.21811681985855103,8.903877258300781,0.0017122336938013634,0.8958293199539185,4.054206371307373,-0.0,1.5434160232543945,0.7823635935783386,0.0019598898415747194,0.7823635935783386,0.09941720962524414,1.0423808097839355
611,2.432343006134033,-7.256881237030029,0.32410597801208496,0.32427844405174255,0.01710934191942215,1.76676344871521,1.766935110092163,0.007839687168598175,0.14452549815177917,0.0,0.015807856944296518,1.9159678220748901,0.11212189495563507,,,,,,,,,,,,,,
612,2.4154107570648193,-7.232032775878906,0.31696105003356934,0.31646502017974854,0.01735822483897209,1.7639734745025635,1.7652796506881714,0.00782534759491682,0.14098577201366425,0.0,0.0158094220138155,1.9133985042572021,0.11241089552640915,,,,,,,,,,,,,,
613,2.4195556640625,-7.197309494018555,0.3191136419773102,0.3190961182117462,0.01721199043095112,1.7639473676681519,1.7643203735351562,0.007547881919890642,0.14136135578155518,0.0,0.01581093159019948,1.9429924488067627,0.11191274970769882,,,,,,,,,,,,,,
614,2.4270715713500977,-7.2058000564575195,0.320393830537796,0.32015302777290344,0.01727195456624031,1.7690988779067993,1.769406795501709,0.007945463992655277,0.14467565715312958,0.0,0.015812520682998012,1.9032700061798096,0.11199068278074265,,,,,,,,,,,,,,
615,2.422546863555908,-7.288840293884277,0.3167676329612732,0.3167478144168854,0.016835030168294907,1.7718873023986816,1.7725051641464233,0.0075760493054986,0.14225800335407257,0.0,0.015814035892859114,1.897856593132019,0.11111248284578323,,,,,,,,,,,,,,
616,2.4194693565368652,-7.3000383377075195,0.3186747431755066,0.3190740942955017,0.01811060681939125,1.7635855674743652,1.7636343240737915,0.007494731806218624,0.1395968794822693,0.0,0.01581553483922036,1.8983829021453857,0.11225022375583649,,,,,,,,,,,,,,
617,2.4290525913238525,-7.281285762786865,0.3222683370113373,0.32246726751327515,0.01730879582464695,1.7668592929840088,1.7671573162078857,0.00782491359859705,0.1370534747838974,0.0,0.01581709982194008,1.9513005018234253,0.11146576702594757,,,,,,,,,,,,,,
618,2.4202098846435547,-7.259707450866699,0.3196996748447418,0.3192356824874878,0.01765330135822296,1.7629573345184326,1.7642852067947388,0.007545051630586386,0.1294344961643219,0.0,0.0158186088322662,1.9247397184371948,0.11165478080511093,,,,,,,,,,,,,,
619,2.4242441654205322,-7.294585704803467,0.3227415382862091,0.3222614526748657,0.017749005928635597,1.7605572938919067,1.7624272108078003,0.007739327847957611,0.13156013190746307,0.0,0.01582015669783579,1.9357142448425293,0.11240363121032715,,,,,,,,,,,,,,
620,2.4360289573669434,-7.312060356140137,0.33138924837112427,0.3307650685310364,0.017553744837641716,1.75557541847229,1.7570663690567017,0.007598628755658865,0.1365523636341095,0.0,0.015821676423586922,1.9559451341629028,0.11115532368421555,0.7830521464347839,0.7830521464347839,0.21694785356521606,8.928435325622559,0.0017114547159835626,0.8943878412246704,4.056567192077637,-0.0,1.538535714149475,0.7826699018478394,0.001951325664819596,0.7826699614524841,0.09865831583738327,1.04854154586792
621,2.404008388519287,-7.312941074371338,0.3139811158180237,0.31351733207702637,0.01724446751177311,1.7586536407470703,1.75987708568573,0.007830164395272732,0.13782808184623718,0.0,0.015823242456465977,1.9306302070617676,0.11213523894548416,,,,,,,,,,,,,,
622,2.413862705230713,-7.306005954742432,0.3157414197921753,0.3156484067440033,0.01709664613008499,1.7651127576828003,1.765639305114746,0.007565455511212349,0.13408462703227997,0.0,0.01582475554756822,1.9511985778808594,0.11142406612634659,,,,,,,,,,,,,,
623,2.4164586067199707,-7.337565898895264,0.31493765115737915,0.31531354784965515,0.01712426170706749,1.769294261932373,1.7688721418380737,0.007643938064575195,0.13123993575572968,0.0,0.015826284335181136,1.9366036653518677,0.11165894567966461,,,,,,,,,,,,,,
624,2.4141311645507812,-7.36084508895874,0.3164307475090027,0.3167777955532074,0.01708267256617546,1.7640892267227173,1.763590693473816,0.007516713347285986,0.12972348928451538,0.0,0.015827787677850595,1.9532983303070068,0.11290216445922852,,,,,,,,,,,,,,
625,2.422999858856201,-7.381768703460693,0.321712464094162,0.32241496443748474,0.01740485057234764,1.7616899013519287,1.7612453699111938,0.007648833561688662,0.13275176286697388,0.0,0.01582931744456293,1.9412033557891846,0.11168886721134186,,,,,,,,,,,,,,
626,2.4217591285705566,-7.363144397735596,0.3251855969429016,0.32549771666526794,0.016907263547182083,1.7540748119354248,1.7542622089385986,0.00764340627938509,0.12985573709011078,0.0,0.01583084612581881,1.9776065349578857,0.1115185022354126,,,,,,,,,,,,,,
627,2.4415409564971924,-7.334940433502197,0.3292255103588104,0.3299258053302765,0.01736261136829853,1.7653509378433228,1.7647032737731934,0.007444800343364477,0.13298651576042175,0.0,0.01583233508588748,1.9784282445907593,0.11139213293790817,,,,,,,,,,,,,,
628,2.4380359649658203,-7.375805854797363,0.3245064318180084,0.3253033459186554,0.019430698826909065,1.7693828344345093,1.7682079076766968,0.007647113874554634,0.14006449282169342,0.0,0.015833864508662393,1.9488282203674316,0.11154533922672272,,,,,,,,,,,,,,
629,2.414013624191284,-7.42901611328125,0.31456923484802246,0.3152085840702057,0.016722360625863075,1.767875075340271,1.7671518325805664,0.007890148088335991,0.13789691030979156,0.0,0.01583544253828006,1.9384379386901855,0.11193041503429413,,,,,,,,,,,,,,
630,2.422219753265381,-7.406619071960449,0.32117006182670593,0.3219629228115082,0.017409706488251686,1.7618159055709839,1.7615382671356201,0.007949071936309338,0.12523287534713745,0.0,0.015837032352667323,1.93096923828125,0.11124799400568008,0.782334566116333,0.782334566116333,0.217665433883667,8.971141815185547,0.0017070970517634137,0.8939553499221802,4.058798789978027,-0.0,1.5619678497314453,0.7826240062713623,0.0019609874532065833,0.7826240062713623,0.09925447404384613,1.052019476890564
631,2.410125732421875,-7.390949249267578,0.31546783447265625,0.31611624360084534,0.017125150188803673,1.7618805170059204,1.7609528303146362,0.0076984926126897335,0.12353788316249847,0.0,0.01583857205118986,1.917479395866394,0.1113356426358223,,,,,,,,,,,,,,
632,2.41926908493042,-7.401726245880127,0.31877002120018005,0.3190656304359436,0.016861051321029663,1.7643014192581177,1.7648435831069946,0.00761742889881134,0.12011771649122238,0.0,0.015840095536969623,1.9234209060668945,0.11112664639949799,,,,,,,,,,,,,,
633,2.4122297763824463,-7.388637065887451,0.31732210516929626,0.3179333209991455,0.017103467136621475,1.7597942352294922,1.7599472999572754,0.007737844716757536,0.11928076297044754,0.0,0.015841643105912975,1.9658938646316528,0.11110177636146545,,,,,,,,,,,,,,
634,2.4181065559387207,-7.427188396453857,0.31590768694877625,0.3169943690299988,0.01677878014743328,1.7690701484680176,1.7677814960479736,0.007507581263780594,0.12625175714492798,0.0,0.015843144622165732,1.9425733089447021,0.11139865964651108,,,,,,,,,,,,,,
635,2.44184947013855,-7.453486442565918,0.32913753390312195,0.3302271366119385,0.017571963369846344,1.7651708126068115,1.7646549940109253,0.007830998860299587,0.13347621262073517,0.0,0.015844710821937794,1.9679980278015137,0.11167563498020172,,,,,,,,,,,,,,
636,2.4217588901519775,-7.450831413269043,0.3208310008049011,0.32196044921875,0.016952507197856903,1.7628616094589233,1.761168360710144,0.00773151870816946,0.13314677774906158,0.0,0.015846257125679428,1.9427598714828491,0.11024880409240723,,,,,,,,,,,,,,
637,2.4350228309631348,-7.502505302429199,0.32608506083488464,0.3262372314929962,0.016971491277217865,1.7658486366271973,1.765609622001648,0.007520986255258322,0.12832294404506683,0.0,0.01584776132293048,1.94268798828125,0.11130457371473312,,,,,,,,,,,,,,
638,2.4359076023101807,-7.440893173217773,0.33075082302093506,0.3304486572742462,0.017063824459910393,1.7572457790374756,1.7580429315567017,0.007696840912103653,0.12323033809661865,0.0,0.0158493006911129,1.970347285270691,0.11160046607255936,,,,,,,,,,,,,,
639,2.432349681854248,-7.471589088439941,0.32373717427253723,0.32350292801856995,0.01673521287739277,1.7676104307174683,1.7691385746002197,0.007769325282424688,0.11884132772684097,0.0,0.015850854556169386,1.955367088317871,0.11152001470327377,,,,,,,,,,,,,,
640,2.421649694442749,-7.504916667938232,0.3206925690174103,0.3196578025817871,0.016956347972154617,1.7632888555526733,1.7653971910476685,0.0075739910826087,0.12357709556818008,0.0,0.015852369354385908,1.966271996498108,0.11119633167982101,0.7821347117424011,0.7821347117424011,0.21786528825759888,8.992156982421875,0.001701412021944891,0.8922736644744873,4.059290885925293,-0.0,1.544062852859497,0.7824517488479614,0.0019385351426277001,0.7824518084526062,0.09824379533529282,1.053955316543579
641,2.4260170459747314,-7.53851318359375,0.3222976326942444,0.32129862904548645,0.016911545768380165,1.764277458190918,1.7667409181594849,0.007969887927174568,0.12112633138895035,0.0,0.01585396333197134,1.9516619443893433,0.11150681227445602,,,,,,,,,,,,,,
642,2.4273436069488525,-7.508077144622803,0.3231699764728546,0.32290804386138916,0.0168130062520504,1.7639734745025635,1.7649320363998413,0.007866490632295609,0.12480877339839935,0.0,0.0158555366300978,1.9583449363708496,0.11169663071632385,,,,,,,,,,,,,,
643,2.425359010696411,-7.4665398597717285,0.32442793250083923,0.32467225193977356,0.016461974009871483,1.7596261501312256,1.759967565536499,0.007691356353461742,0.12874835729599,0.0,0.015857074901368493,1.9544925689697266,0.1115216389298439,,,,,,,,,,,,,,
644,2.4340288639068604,-7.536013603210449,0.3242170512676239,0.3247346580028534,0.01730974018573761,1.7680435180664062,1.767491340637207,0.007630123756825924,0.13168509304523468,0.0,0.01585860092611986,1.981389045715332,0.11174871772527695,,,,,,,,,,,,,,
645,2.433225154876709,-7.578205108642578,0.324242502450943,0.32435569167137146,0.0169540923088789,1.767500877380371,1.7678449153900146,0.00790567509829998,0.1278102993965149,0.0,0.015860182061139518,1.9751722812652588,0.11182473599910736,,,,,,,,,,,,,,
646,2.4219253063201904,-7.58019495010376,0.31873565912246704,0.3189496397972107,0.016641441732645035,1.767398715019226,1.767798662185669,0.007648758124560118,0.12367309629917145,0.0,0.01586171181276443,2.0008747577667236,0.11173497140407562,,,,,,,,,,,,,,
647,2.427624225616455,-7.5253705978393555,0.3256470859050751,0.32596927881240845,0.016220727935433388,1.7598339319229126,1.7597403526306152,0.00727682001888752,0.11344947665929794,0.0,0.015863167176768205,1.9786359071731567,0.11247266083955765,,,,,,,,,,,,,,
648,2.420724391937256,-7.516504287719727,0.321239173412323,0.3208225965499878,0.01685490645468235,1.7612618207931519,1.7623534202575684,0.008187633939087391,0.11164416372776031,0.0,0.015864804703556022,1.9451944828033447,0.11298923939466476,,,,,,,,,,,,,,
649,2.4392354488372803,-7.590504169464111,0.32691848278045654,0.3267207741737366,0.017172686755657196,1.7683165073394775,1.7685303688049316,0.008052055723965168,0.1218176782131195,0.0,0.015866415114700817,1.9697026014328003,0.11223186552524567,,,,,,,,,,,,,,
650,2.428739070892334,-7.61282205581665,0.3237343430519104,0.32427680492401123,0.01686897873878479,1.7641503810882568,1.7635670900344849,0.007638874929398298,0.13285164535045624,0.0,0.015867942889686695,1.9791369438171387,0.11252591758966446,0.7823829650878906,0.7823829650878906,0.21761703491210938,8.966165542602539,0.0017043841979982144,0.8936190605163574,4.057662010192871,-0.0,1.5627379417419434,0.782487690448761,0.0019083573026180804,0.782487690448761,0.0952439084649086,1.066798448562622
651,2.4210784435272217,-7.635921001434326,0.31953874230384827,0.3197189271450043,0.017180802300572395,1.7644813060760498,1.764798641204834,0.008035125210881233,0.12691408395767212,0.0,0.015869549914728873,1.9998292922973633,0.11214165389537811,,,,,,,,,,,,,,
652,2.4324886798858643,-7.583366394042969,0.3252002000808716,0.32553631067276,0.01665184460580349,1.765243411064148,1.764957308769226,0.007513320539146662,0.11858610808849335,0.0,0.0158710525788367,1.9981842041015625,0.11292574554681778,,,,,,,,,,,,,,
653,2.422691822052002,-7.554976940155029,0.3183361887931824,0.3185965418815613,0.01668119989335537,1.7689733505249023,1.7691826820373535,0.007851325906813145,0.11317803710699081,0.0,0.015872622844018063,1.9797900915145874,0.11167534440755844,,,,,,,,,,,,,,
654,2.4128918647766113,-7.57408332824707,0.31591376662254333,0.31603577733039856,0.016724228858947754,1.7641150951385498,1.764321208000183,0.007755898870527744,0.11243879795074463,0.0,0.015874174023792167,1.9666759967803955,0.11178778111934662,,,,,,,,,,,,,,
655,2.4337997436523438,-7.633134365081787,0.3246578574180603,0.324785977602005,0.01738157868385315,1.7665504217147827,1.7673978805541992,0.008014366030693054,0.11973407119512558,0.0,0.015875776896998307,1.978358507156372,0.11267155408859253,,,,,,,,,,,,,,
656,2.42172908782959,-7.653500556945801,0.3199182152748108,0.32014334201812744,0.016867073252797127,1.764627456665039,1.7649732828140259,0.007831193506717682,0.11935338377952576,0.0,0.01587734313569965,1.9668481349945068,0.11313030868768692,,,,,,,,,,,,,,
657,2.4251413345336914,-7.602755069732666,0.3193446099758148,0.31995201110839844,0.018233150243759155,1.7679260969161987,1.7672967910766602,0.007581730373203754,0.12100926786661148,0.0,0.015878859481774293,1.9915032386779785,0.11111730337142944,,,,,,,,,,,,,,
658,2.437018871307373,-7.593842029571533,0.3302857279777527,0.3310756981372833,0.016361232846975327,1.759547472000122,1.7590447664260864,0.008462419733405113,0.1187313124537468,0.0,0.015880551965720975,1.9735651016235352,0.11213860660791397,,,,,,,,,,,,,,
659,2.437574625015259,-7.657910346984863,0.3262222707271576,0.32639777660369873,0.01723964884877205,1.7675964832305908,1.7678334712982178,0.007703428156673908,0.1166766881942749,0.0,0.01588209265135231,1.9845550060272217,0.11130921542644501,,,,,,,,,,,,,,
660,2.4413881301879883,-7.677865505218506,0.3262755870819092,0.3269900381565094,0.01692221872508526,1.7717021703720093,1.7706981897354126,0.007537068333476782,0.11524230241775513,0.0,0.015883600065019005,1.966901183128357,0.11099821329116821,0.7821505069732666,0.7821505069732666,0.2178494930267334,9.017768859863281,0.0016949866035160265,0.8895348310470581,4.062103271484375,-0.0,1.5423170328140259,0.782412588596344,0.0018944243474323698,0.7824126482009888,0.0956030935049057,1.0632604360580444
661,2.424893856048584,-7.704148292541504,0.31745636463165283,0.31806185841560364,0.017211204394698143,1.772330641746521,1.7719981670379639,0.007668246980756521,0.1059001237154007,0.0,0.015885133714415158,1.952691912651062,0.11177504062652588,,,,,,,,,,,,,,
662,2.4354605674743652,-7.63876485824585,0.32547762989997864,0.32504379749298096,0.016328539699316025,1.7682596445083618,1.768961787223816,0.007613448426127434,0.11065400391817093,0.0,0.015886656404100384,1.9809995889663696,0.11234093457460403,,,,,,,,,,,,,,
663,2.4308550357818604,-7.691294193267822,0.32471466064453125,0.3241908848285675,0.01715977117419243,1.7641733884811401,1.7654062509536743,0.007657421287149191,0.10728923231363297,0.0,0.015888187888357812,1.984696865081787,0.11096403002738953,,,,,,,,,,,,,,
664,2.440782070159912,-7.722653388977051,0.3300887644290924,0.3301717936992645,0.0167939942330122,1.763667106628418,1.7637876272201538,0.007540164515376091,0.11346961557865143,0.0,0.01588969592126089,1.97635817527771,0.11177529394626617,,,,,,,,,,,,,,
665,2.431795120239258,-7.723534107208252,0.329184889793396,0.32964685559272766,0.01775374449789524,1.755499243736267,1.754920244216919,0.007806272711604834,0.1104755699634552,0.0,0.01589125717580321,2.006840944290161,0.11150772124528885,,,,,,,,,,,,,,
666,2.425801992416382,-7.6769866943359375,0.3268699049949646,0.3274729251861572,0.017255552113056183,1.7545937299728394,1.753813624382019,0.007934627123177052,0.10453609377145767,0.0,0.015892844101227845,1.993097186088562,0.11186947673559189,,,,,,,,,,,,,,
667,2.430881977081299,-7.6651177406311035,0.32600080966949463,0.3265917897224426,0.016412479802966118,1.762192964553833,1.7615607976913452,0.007480920758098364,0.10627032071352005,0.0,0.015894340285379466,1.9933890104293823,0.11107072234153748,,,,,,,,,,,,,,
668,2.4350147247314453,-7.743734359741211,0.3236033618450165,0.32448631525039673,0.016996657475829124,1.7704777717590332,1.7693791389465332,0.00767458975315094,0.110630564391613,0.0,0.015895875203330096,1.9711828231811523,0.11141221225261688,,,,,,,,,,,,,,
669,2.4225943088531494,-7.785030364990234,0.32026827335357666,0.32153621315956116,0.015959111973643303,1.7653077840805054,1.764353632926941,0.007838649675250053,0.10921584814786911,0.0,0.015897442933265147,1.948272466659546,0.11124993860721588,,,,,,,,,,,,,,
670,2.4344348907470703,-7.767652988433838,0.3239378035068512,0.3244127035140991,0.016680287197232246,1.7696847915649414,1.7691234350204468,0.0076250070706009865,0.10679391771554947,0.0,0.015898967934679268,2.018685817718506,0.11206819117069244,0.7815902233123779,0.7815902233123779,0.21840977668762207,9.025665283203125,0.001693051213634139,0.8893426656723022,4.062067985534668,-0.0,1.5457154512405396,0.7823052406311035,0.0018939768059810947,0.7823052406311035,0.09652938693761826,1.0632410049438477
671,2.433091878890991,-7.736718654632568,0.3269082009792328,0.3268938958644867,0.016977816820144653,1.7619284391403198,1.7626953125,0.007593299727886915,0.10432783514261246,0.0,0.015900486594624844,1.9750443696975708,0.11155334860086441,,,,,,,,,,,,,,
672,2.42913556098938,-7.756740093231201,0.3286241292953491,0.3280545771121979,0.016867870464920998,1.754812479019165,1.7563656568527222,0.007529940456151962,0.10426834970712662,0.0,0.015901992582716074,1.9944539070129395,0.11242696642875671,,,,,,,,,,,,,,
673,2.4339823722839355,-7.807347297668457,0.3288160264492035,0.32845452427864075,0.017697591334581375,1.757969617843628,1.7600587606430054,0.007462741807103157,0.10728291422128677,0.0,0.015903485131077495,1.9950746297836304,0.11102181673049927,,,,,,,,,,,,,,
674,2.424882650375366,-7.79541015625,0.3262071907520294,0.3254980444908142,0.016630934551358223,1.7559759616851807,1.7571167945861816,0.0075401910580694675,0.10515257716178894,0.0,0.01590499316928911,1.9805389642715454,0.11103241890668869,,,,,,,,,,,,,,
675,2.4368648529052734,-7.819070816040039,0.32944273948669434,0.3299618363380432,0.01651003584265709,1.761218786239624,1.7606816291809082,0.007627805229276419,0.10172958672046661,0.0,0.015906518730334964,1.9885774850845337,0.11118344217538834,,,,,,,,,,,,,,
676,2.423619270324707,-7.78387451171875,0.3219946026802063,0.3226512372493744,0.01663222350180149,1.7625399827957153,1.7621426582336426,0.007631735410541296,0.10400048643350601,0.0,0.015908045077417072,1.979193091392517,0.11139342188835144,,,,,,,,,,,,,,
677,2.425140857696533,-7.826136112213135,0.32064008712768555,0.3213587999343872,0.016545983031392097,1.766906499862671,1.76628577709198,0.007692090235650539,0.10321977734565735,0.0,0.015909583495464202,1.9822479486465454,0.11114778369665146,,,,,,,,,,,,,,
678,2.450878620147705,-7.829174995422363,0.33150315284729004,0.3325554430484772,0.016954291611909866,1.7706001996994019,1.7691314220428467,0.007553416769951582,0.10789964348077774,0.0,0.015911094178818194,1.9535958766937256,0.11148220300674438,,,,,,,,,,,,,,
679,2.4235124588012695,-7.831464767456055,0.3192545473575592,0.319204717874527,0.01714210957288742,1.7678251266479492,1.7679966688156128,0.00744358915835619,0.09970438480377197,0.0,0.015912582896649864,1.9813721179962158,0.1109687089920044,,,,,,,,,,,,,,
680,2.4477577209472656,-7.872154235839844,0.33237424492836,0.33204102516174316,0.016930604353547096,1.765763759613037,1.7670598030090332,0.007566201966255903,0.10246136039495468,0.0,0.015914096137043116,1.966348648071289,0.11156772077083588,0.7823402285575867,0.7823402285575867,0.21765977144241333,9.050951957702637,0.0017129962295762623,0.8919373154640198,4.058775901794434,-0.0,1.53794527053833,0.782137930393219,0.0018972180622948418,0.782137930393219,0.09785166382789612,1.0616834163665771
681,2.4346816539764404,-7.832155704498291,0.33115535974502563,0.3303143084049225,0.016124891117215157,1.7559823989868164,1.758191466331482,0.007853038609027863,0.0993276908993721,0.0,0.015915666744764922,1.961356520652771,0.11112919449806213,,,,,,,,,,,,,,
682,2.4280083179473877,-7.8236985206604,0.32937881350517273,0.32915300130844116,0.01618964411318302,1.7526841163635254,1.7538894414901733,0.007616451941430569,0.0996614471077919,0.0,0.015917190035153208,1.9763176441192627,0.1121661514043808,,,,,,,,,,,,,,
683,2.4372992515563965,-7.842803478240967,0.3312169909477234,0.3320859372615814,0.01696884073317051,1.757322072982788,1.7567329406738281,0.007633768953382969,0.09900476038455963,0.0,0.015918716788943885,1.9853299856185913,0.11083987355232239,,,,,,,,,,,,,,
684,2.436983585357666,-7.8964924812316895,0.3280119001865387,0.32879000902175903,0.01575940102338791,1.7647820711135864,1.7640622854232788,0.007989378646016121,0.10646749287843704,0.0,0.01592031466467309,1.9820637702941895,0.11145173013210297,,,,,,,,,,,,,,
685,2.432845115661621,-7.900426864624023,0.321122944355011,0.3220188617706299,0.016882624477148056,1.7733852863311768,1.7722560167312622,0.0076481979340314865,0.10801646113395691,0.0,0.015921844304259896,1.9712600708007812,0.1123528927564621,,,,,,,,,,,,,,
686,2.4394187927246094,-7.8755669593811035,0.32491809129714966,0.3257982134819031,0.017035581171512604,1.7719480991363525,1.7713854312896729,0.007830381393432617,0.10378719121217728,0.0,0.015923410380538582,1.9922999143600464,0.11163868755102158,,,,,,,,,,,,,,
687,2.431314706802368,-7.841257572174072,0.32295650243759155,0.32318514585494995,0.016115732491016388,1.7694120407104492,1.768702745437622,0.007964733056724072,0.10121452808380127,0.0,0.01592500332714993,1.965132474899292,0.11093205213546753,,,,,,,,,,,,,,
688,2.436009407043457,-7.874646186828613,0.32532069087028503,0.32467731833457947,0.016378160566091537,1.7687844038009644,1.770482063293457,0.007474500220268965,0.09999380260705948,0.0,0.015926498227193983,1.9827739000320435,0.11119846254587173,,,,,,,,,,,,,,
689,2.425478458404541,-7.949001312255859,0.3230961561203003,0.3230789601802826,0.016288626939058304,1.7627719640731812,1.7632571458816528,0.007599448319524527,0.10202804207801819,0.0,0.015928018116857887,1.9679540395736694,0.11096037924289703,,,,,,,,,,,,,,
690,2.4484901428222656,-7.9389166831970215,0.3337729573249817,0.3336942195892334,0.01681932620704174,1.7636915445327759,1.7647159099578857,0.008670863695442677,0.09492234885692596,0.0,0.015929752289596977,1.978929877281189,0.111589714884758,0.7819772958755493,0.7819772958755493,0.21802270412445068,9.046398162841797,0.0017065221307325997,0.8948683738708496,4.051085948944092,-0.0,1.519127368927002,0.7821345329284668,0.001880758656183807,0.7821345329284668,0.09698975086212158,1.0569703578948975
691,2.432098388671875,-7.906322002410889,0.32396697998046875,0.3241060972213745,0.01633588969707489,1.767803430557251,1.7675753831863403,0.007773108314722776,0.09440506249666214,0.0,0.01593130691125992,1.9710330963134766,0.11137741804122925,,,,,,,,,,,,,,
692,2.4391040802001953,-7.932003021240234,0.3295067548751831,0.3299318253993988,0.016527656465768814,1.7630809545516968,1.7631947994232178,0.00740466034039855,0.09280750900506973,0.0,0.015932787843328,1.9634318351745605,0.11070530116558075,,,,,,,,,,,,,,
693,2.433555841445923,-7.962095260620117,0.3231516182422638,0.32310420274734497,0.016429683193564415,1.7711015939712524,1.7706390619277954,0.0079176165163517,0.09461060911417007,0.0,0.015934371366631273,1.9451048374176025,0.11078473925590515,,,,,,,,,,,,,,
694,2.4404425621032715,-7.98817777633667,0.3324034810066223,0.33225446939468384,0.015905167907476425,1.7595432996749878,1.7602156400680542,0.007558555342257023,0.09278682619333267,0.0,0.015935883077699723,2.0022788047790527,0.11094379425048828,,,,,,,,,,,,,,
695,2.423251152038574,-7.972517967224121,0.32392314076423645,0.32327187061309814,0.016309969127178192,1.7590198516845703,1.7604724168777466,0.007479561492800713,0.09091448038816452,0.0,0.015937378989998283,1.9866634607315063,0.1106114462018013,,,,,,,,,,,,,,
696,2.429865837097168,-7.951023101806641,0.3272756338119507,0.3272477090358734,0.016168035566806793,1.7587555646896362,1.7595933675765991,0.007687103468924761,0.09072810411453247,0.0,0.015938916410692068,1.9543405771255493,0.10949890315532684,,,,,,,,,,,,,,
697,2.424344062805176,-7.994907379150391,0.32213032245635986,0.3219553828239441,0.016371527686715126,1.763810396194458,1.7639633417129517,0.007700067479163408,0.09124106913805008,0.0,0.015940456424187902,1.971421480178833,0.10957272350788116,,,,,,,,,,,,,,
698,2.4370782375335693,-7.9846673011779785,0.3274940550327301,0.3277081549167633,0.01645558699965477,1.765447974205017,1.765392780303955,0.0075722504407167435,0.09459321945905685,0.0,0.015941970874276047,1.9870924949645996,0.11032447218894958,,,,,,,,,,,,,,
699,2.4379067420959473,-8.011979103088379,0.3275092840194702,0.3277067542076111,0.016365867108106613,1.7664419412612915,1.7662076950073242,0.00817545223981142,0.09339060634374619,0.0,0.01594360596472401,1.9581724405288696,0.11015758663415909,,,,,,,,,,,,,,
700,2.4458048343658447,-8.008282661437988,0.33233365416526794,0.33258000016212463,0.016494102776050568,1.7642881870269775,1.764506220817566,0.007712638471275568,0.09144915640354156,0.0,0.015945148492418265,1.9554780721664429,0.10997826606035233,0.7818946242332458,0.7818946242332458,0.21810537576675415,9.090097427368164,0.0017064194745486567,0.8963097929954529,4.050275802612305,-0.0,1.5128591060638428,0.7819877862930298,0.0018690102856465426,0.7819878458976746,0.0973992571234703,1.0526492595672607
701,2.424345016479492,-8.02243423461914,0.3246844410896301,0.32500600814819336,0.01562776044011116,1.7588937282562256,1.7591596841812134,0.007479587569832802,0.08488445729017258,0.0,0.015946644409932233,1.9663387537002563,0.10971448570489883,,,,,,,,,,,,,,
702,2.437152147293091,-8.006180763244629,0.3267803490161896,0.32643285393714905,0.016235684975981712,1.7671153545379639,1.7682911157608032,0.00751891452819109,0.09021437913179398,0.0,0.015948148192837873,1.9520442485809326,0.1091979444026947,,,,,,,,,,,,,,
703,2.437685966491699,-8.071636199951172,0.32771947979927063,0.3276923596858978,0.015625273808836937,1.7661622762680054,1.767135500907898,0.008348542265594006,0.0926518514752388,0.0,0.01594981790129099,1.979313850402832,0.11044951528310776,,,,,,,,,,,,,,
704,2.433712959289551,-8.071349143981934,0.3282504975795746,0.32828447222709656,0.016285687685012817,1.7604223489761353,1.7613624334335327,0.008054806850850582,0.0893734022974968,0.0,0.01595142886266116,1.9852758646011353,0.11032253503799438,,,,,,,,,,,,,,
705,2.4384756088256836,-8.066354751586914,0.32933640480041504,0.3293895423412323,0.016285812482237816,1.7631151676177979,1.7638123035430908,0.007488457020372152,0.08740932494401932,0.0,0.015952926554065237,1.9684349298477173,0.1102251335978508,,,,,,,,,,,,,,
706,2.4401330947875977,-8.054073333740234,0.3317244052886963,0.33203747868537903,0.016201069578528404,1.760170340538025,1.7601699829101562,0.007276500109583139,0.08501885831356049,0.0,0.015954381854087155,2.0155625343322754,0.11079947650432587,,,,,,,,,,,,,,
707,2.4238078594207764,-8.042851448059082,0.3215579688549042,0.3221702575683594,0.015934588387608528,1.7641780376434326,1.7641119956970215,0.007653409149497747,0.08445975929498672,0.0,0.015955912535917056,1.995701551437378,0.11065119504928589,,,,,,,,,,,,,,
708,2.434281826019287,-8.074546813964844,0.32451823353767395,0.32523131370544434,0.016279447823762894,1.7684894800186157,1.7680160999298096,0.007505343295633793,0.0869276225566864,0.0,0.015957413604576184,1.9971214532852173,0.11079610884189606,,,,,,,,,,,,,,
709,2.4333996772766113,-8.09040355682373,0.3264458179473877,0.3269156813621521,0.01665450818836689,1.7635620832443237,1.7632054090499878,0.007494795136153698,0.08239414542913437,0.0,0.015958912563603416,1.9934422969818115,0.11191341280937195,,,,,,,,,,,,,,
710,2.437404155731201,-8.055289268493652,0.3298763632774353,0.3305663466453552,0.01603088155388832,1.7613725662231445,1.7604883909225464,0.007512218318879604,0.08204109966754913,0.0,0.015960415007267192,1.998209834098816,0.11118015646934509,0.7806701064109802,0.7806701064109802,0.21932989358901978,9.104434967041016,0.00168997910071232,0.8936671018600464,4.053072452545166,-0.0,1.54335618019104,0.7816393971443176,0.0018492201768958597,0.7816393971443176,0.09317878633737564,1.0725698471069336
711,2.434141159057617,-8.088411331176758,0.32800549268722534,0.32868504524230957,0.015860458835959435,1.7620692253112793,1.7611110210418701,0.007443454582244158,0.08422346413135529,0.0,0.015961903698183642,1.9843485355377197,0.11063294112682343,,,,,,,,,,,,,,
712,2.430354356765747,-8.114768981933594,0.3248592019081116,0.3253456652164459,0.015651725232601166,1.7648570537567139,1.7641384601593018,0.0076917679980397224,0.08479610085487366,0.0,0.01596344205178325,1.9816237688064575,0.11233337223529816,,,,,,,,,,,,,,
713,2.448573589324951,-8.147658348083496,0.33611056208610535,0.33604520559310913,0.01626620814204216,1.7600117921829224,1.7602916955947876,0.007553284987807274,0.08363243192434311,0.0,0.01596495270878081,2.0103237628936768,0.11147631704807281,,,,,,,,,,,,,,
714,2.4459192752838135,-8.135812759399414,0.33218052983283997,0.3319505453109741,0.01760263927280903,1.7634999752044678,1.7648712396621704,0.007944727316498756,0.08625568449497223,0.0,0.015966541654244108,2.001365900039673,0.11186908185482025,,,,,,,,,,,,,,
715,2.4339778423309326,-8.136359214782715,0.3274364173412323,0.32713982462882996,0.015739940106868744,1.762987494468689,1.7643357515335083,0.007728603668510914,0.08551342785358429,0.0,0.015968087374977808,1.9993282556533813,0.11146651953458786,,,,,,,,,,,,,,
716,2.4286723136901855,-8.125158309936523,0.31906044483184814,0.31912317872047424,0.01626777835190296,1.7739894390106201,1.774452567100525,0.0076416428200900555,0.08198986202478409,0.0,0.015969615703541825,2.010826587677002,0.11166021227836609,,,,,,,,,,,,,,
717,2.4392905235290527,-8.189971923828125,0.326804518699646,0.3268103003501892,0.0160041693598032,1.7695143222808838,1.7698289155960083,0.007466692943125963,0.07968737930059433,0.0,0.01597110904213045,1.9896178245544434,0.11117314547300339,,,,,,,,,,,,,,
718,2.435281753540039,-8.187129020690918,0.33124691247940063,0.3311273753643036,0.015707319602370262,1.7565674781799316,1.7578328847885132,0.0074252961203455925,0.07893798500299454,0.0,0.015972594101354518,1.9942342042922974,0.11087847501039505,,,,,,,,,,,,,,
719,2.447827100753784,-8.175032615661621,0.33179187774658203,0.3323275148868561,0.016456589102745056,1.7674387693405151,1.7670634984970093,0.007436199113726616,0.0767548680305481,0.0,0.015974081341177265,2.00738525390625,0.11056119948625565,,,,,,,,,,,,,,
720,2.443511724472046,-8.189868927001953,0.3362633287906647,0.33684462308883667,0.015977639704942703,1.7545393705368042,1.7543128728866577,0.007342687342315912,0.0785355493426323,0.0,0.015975549878645728,2.0136282444000244,0.11018919199705124,0.7813008427619934,0.7813008427619934,0.2186991572380066,9.144250869750977,0.0016793959869210243,0.8959254026412964,4.050384998321533,-0.0,1.5262770652770996,0.7814024686813354,0.0018398136163832197,0.7814025282859802,0.09309317171573639,1.0740762948989868
721,2.4516921043395996,-8.2024507522583,0.3364593982696533,0.3372914493083954,0.01604970172047615,1.762331247329712,1.7614517211914062,0.007679474074393511,0.0810537114739418,0.0,0.015977085773460607,1.9915423393249512,0.11124962568283081,,,,,,,,,,,,,,
722,2.4264378547668457,-8.161274909973145,0.32142093777656555,0.32150372862815857,0.016401782631874084,1.7669390439987183,1.7672841548919678,0.007830596528947353,0.07991940528154373,0.0,0.015978651892766395,1.9764137268066406,0.11027321964502335,,,,,,,,,,,,,,
723,2.4477415084838867,-8.180073738098145,0.3305709958076477,0.33052700757980347,0.01623528078198433,1.770059585571289,1.770756721496582,0.007399762514978647,0.07802511751651764,0.0,0.01598013184526939,1.9949029684066772,0.10952042043209076,,,,,,,,,,,,,,
724,2.4428658485412598,-8.216588020324707,0.3278232514858246,0.3277045488357544,0.01615612581372261,1.7706935405731201,1.7716703414916992,0.007534717675298452,0.07871459424495697,0.0,0.01598163878880445,2.0118861198425293,0.10979808866977692,,,,,,,,,,,,,,
725,2.4374074935913086,-8.22507095336914,0.3264926075935364,0.32675907015800476,0.01600014790892601,1.7680602073669434,1.7682511806488037,0.00852653756737709,0.08131971955299377,0.0,0.015983344096317926,1.9496355056762695,0.10987156629562378,,,,,,,,,,,,,,
726,2.440505266189575,-8.244641304016113,0.3295932114124298,0.33005091547966003,0.016198759898543358,1.7648240327835083,1.7645007371902466,0.007929776795208454,0.07829049229621887,0.0,0.015984930051676966,1.9776966571807861,0.1100490465760231,,,,,,,,,,,,,,
727,2.4431955814361572,-8.258540153503418,0.3329894542694092,0.33314231038093567,0.016005845740437508,1.760411262512207,1.761704683303833,0.007538222707808018,0.07452749460935593,0.0,0.015986437696218526,1.9958568811416626,0.11082867532968521,,,,,,,,,,,,,,
728,2.4344301223754883,-8.231965065002441,0.3316289484500885,0.33168575167655945,0.016214558854699135,1.754762053489685,1.755039930343628,0.007604001555591822,0.07488982379436493,0.0,0.015987958496529644,1.9822869300842285,0.10906624048948288,,,,,,,,,,,,,,
729,2.4350955486297607,-8.244658470153809,0.3284022808074951,0.3285980820655823,0.016346139833331108,1.7613838911056519,1.7621142864227295,0.007613670080900192,0.07496622204780579,0.0,0.015989481230545825,1.9547456502914429,0.1096409484744072,,,,,,,,,,,,,,
730,2.431598424911499,-8.250290870666504,0.3264288306236267,0.3265768587589264,0.015759533271193504,1.7627390623092651,1.7629271745681763,0.007425378076732159,0.0751446932554245,0.0,0.01599096630616117,1.9955123662948608,0.1097421869635582,0.7813134789466858,0.7813134789466858,0.2186865210533142,9.158541679382324,0.0016794650615022638,0.8966941833496094,4.049839019775391,-0.0,1.5227887630462646,0.7813409566879272,0.0018431332006380635,0.781341016292572,0.09280946105718613,1.068248987197876
731,2.4567959308624268,-8.269182205200195,0.33532771468162537,0.3358013927936554,0.015945496037602425,1.7699483633041382,1.7694944143295288,0.00747804157435894,0.07556029409170151,0.0,0.015992461914476043,2.009664297103882,0.11019745469093323,,,,,,,,,,,,,,
732,2.4358434677124023,-8.3051176071167,0.32684996724128723,0.3271344304084778,0.015679679811000824,1.7665554285049438,1.7658030986785889,0.007749312091618776,0.07610666006803513,0.0,0.015994011776894367,1.9694544076919556,0.10985841602087021,,,,,,,,,,,,,,
733,2.425825834274292,-8.31101131439209,0.3222794830799103,0.32184576988220215,0.0155308423563838,1.7657907009124756,1.766548991203308,0.007251670118421316,0.07451753318309784,0.0,0.01599546211091805,1.9722139835357666,0.11065874993801117,,,,,,,,,,,,,,
734,2.444336414337158,-8.262195587158203,0.33202287554740906,0.3320855498313904,0.016438862308859825,1.7636182308197021,1.7639600038528442,0.007688208483159542,0.07032717019319534,0.0,0.015996999752614684,1.9747917652130127,0.10963262617588043,,,,,,,,,,,,,,
735,2.430354118347168,-8.288155555725098,0.3284192979335785,0.3290480375289917,0.016280408948659897,1.7569748163223267,1.7562376260757446,0.007560615427792072,0.07072600722312927,0.0,0.01599851187570024,2.005342960357666,0.10929784923791885,,,,,,,,,,,,,,
736,2.432199478149414,-8.310894012451172,0.327642023563385,0.3283146023750305,0.016078047454357147,1.7605345249176025,1.7597951889038086,0.007416832726448774,0.06742711365222931,0.0,0.015999995242245532,1.9512959718704224,0.10975871235132217,,,,,,,,,,,,,,
737,2.4371814727783203,-8.31446647644043,0.32723408937454224,0.3279486298561096,0.016553502529859543,1.765869379043579,1.7650212049484253,0.007691154722124338,0.07494135200977325,0.0,0.016001533473189958,2.0051016807556152,0.10990332067012787,,,,,,,,,,,,,,
738,2.4387917518615723,-8.348041534423828,0.3270467519760132,0.32793134450912476,0.015963047742843628,1.7681454420089722,1.767555594444275,0.007453747559338808,0.07479140907526016,0.0,0.016003024222701827,1.9835115671157837,0.10962672531604767,,,,,,,,,,,,,,
739,2.4585273265838623,-8.334522247314453,0.33351343870162964,0.3337937295436859,0.016275281086564064,1.7748197317123413,1.775070071220398,0.007486524526029825,0.07756127417087555,0.0,0.01600452152760703,2.0111751556396484,0.11009331792593002,,,,,,,,,,,,,,
740,2.4511735439300537,-8.368701934814453,0.33317896723747253,0.3335665762424469,0.016386551782488823,1.7677878141403198,1.7682949304580688,0.007274771109223366,0.0771121233701706,0.0,0.016005976481828877,2.020530939102173,0.10940442979335785,0.7812495827674866,0.7812495827674866,0.21875041723251343,9.157800674438477,0.001680776676880861,0.8977993726730347,4.047922134399414,-0.0,1.5172631740570068,0.7813407778739929,0.001847810911825753,0.7813407778739929,0.09178633242845535,1.0729423761367798
741,2.443176746368408,-8.34991455078125,0.3329111933708191,0.3327431082725525,0.015864510089159012,1.7611937522888184,1.7621222734451294,0.007447816431522369,0.07326007634401321,0.0,0.01600746604511518,1.9824168682098389,0.10981622338294983,,,,,,,,,,,,,,
742,2.430309295654297,-8.335765838623047,0.32711631059646606,0.32725101709365845,0.015887675806879997,1.759673833847046,1.760434865951538,0.007496688514947891,0.07062502950429916,0.0,0.01600896538281817,2.0069384574890137,0.11005706340074539,,,,,,,,,,,,,,
743,2.4354963302612305,-8.378576278686523,0.32613658905029297,0.32688450813293457,0.01594795286655426,1.7670856714248657,1.7659690380096436,0.007578033022582531,0.06988400965929031,0.0,0.016010480989422687,1.9517974853515625,0.1091492548584938,,,,,,,,,,,,,,
744,2.431623935699463,-8.410920143127441,0.3250383734703064,0.3260246813297272,0.01590689830482006,1.7649961709976196,1.7643117904663086,0.007626264356076717,0.07251276075839996,0.0,0.016012006242293902,1.970345377922058,0.1099114641547203,,,,,,,,,,,,,,
745,2.4295949935913086,-8.398369789123535,0.3244594633579254,0.3255968689918518,0.01612279936671257,1.7640697956085205,1.7627620697021484,0.007483592722564936,0.07202708721160889,0.0,0.016013502960838415,1.9967494010925293,0.11005646735429764,,,,,,,,,,,,,,
746,2.4506351947784424,-8.367623329162598,0.33285802602767944,0.3328283131122589,0.016052603721618652,1.7688202857971191,1.7689721584320068,0.007610597647726536,0.07111001759767532,0.0,0.01601502508036796,2.000075578689575,0.10941748321056366,,,,,,,,,,,,,,
747,2.450679302215576,-8.412091255187988,0.3347077965736389,0.3344588577747345,0.015684397891163826,1.7652279138565063,1.7664284706115723,0.007641724776476622,0.06700413674116135,0.0,0.016016553425323255,1.975005865097046,0.10986663401126862,,,,,,,,,,,,,,
748,2.455784797668457,-8.466833114624023,0.3378889560699463,0.3376758396625519,0.01691162772476673,1.7627002000808716,1.7639169692993164,0.007648081984370947,0.06800372898578644,0.0,0.01601808304172013,1.9610182046890259,0.10932378470897675,,,,,,,,,,,,,,
749,2.435723304748535,-8.457174301147461,0.3303051292896271,0.3303181231021881,0.015821410343050957,1.7589185237884521,1.759638786315918,0.007294510956853628,0.068638376891613,0.0,0.0160195419439115,2.016188144683838,0.11027146875858307,,,,,,,,,,,,,,
750,2.4518511295318604,-8.433101654052734,0.3356044590473175,0.33556637167930603,0.015634404495358467,1.7647500038146973,1.7653416395187378,0.007911200635135174,0.06508714705705643,0.0,0.016021124184038525,1.9945169687271118,0.11005669832229614,0.7813134789466858,0.7813134789466858,0.2186865210533142,9.158541679382324,0.0016794650615022638,0.8966941833496094,4.049839019775391,-0.0,1.5227887630462646,0.7814056277275085,0.0018469560066853505,0.7814056873321533,0.09081189334392548,1.071912169456482
751,2.4282386302948,-8.397817611694336,0.32639315724372864,0.32672619819641113,0.015477417968213558,1.7590912580490112,1.760192632675171,0.007714248728007078,0.0655435174703598,0.0,0.016022667033784126,1.9869457483291626,0.11001810431480408,,,,,,,,,,,,,,
752,2.436169147491455,-8.426884651184082,0.3288342356681824,0.32889524102211,0.015848852694034576,1.7622673511505127,1.7629141807556152,0.007492886856198311,0.06301841139793396,0.0,0.016024165611155366,1.9806431531906128,0.10968632996082306,,,,,,,,,,,,,,
753,2.4444313049316406,-8.485311508178711,0.3338356614112854,0.3341732323169708,0.01504113245755434,1.7613061666488647,1.7614564895629883,0.007449825294315815,0.061927687376737595,0.0,0.01602565557621423,1.9647899866104126,0.1093582883477211,,,,,,,,,,,,,,
754,2.452558994293213,-8.476046562194824,0.3351956605911255,0.33612266182899475,0.01686183363199234,1.7646794319152832,1.7640782594680786,0.007490059360861778,0.05965966731309891,0.0,0.0160271535880864,2.0010387897491455,0.1105465367436409,,,,,,,,,,,,,,
755,2.4402127265930176,-8.444389343261719,0.33250972628593445,0.33264243602752686,0.015949519351124763,1.7587392330169678,1.759482502937317,0.007449044845998287,0.06058003380894661,0.0,0.016028643397055602,1.9555554389953613,0.11065497994422913,,,,,,,,,,,,,,
756,2.4521241188049316,-8.489789962768555,0.335656076669693,0.33584263920783997,0.015306779183447361,1.765081763267517,1.7655553817749023,0.007692837622016668,0.05985260009765625,0.0,0.016030181964580007,1.9936813116073608,0.11071033030748367,,,,,,,,,,,,,,
757,2.433443069458008,-8.549286842346191,0.32558077573776245,0.3253049850463867,0.01552466582506895,1.7663816213607788,1.7676836252212524,0.007029473781585693,0.060620177537202835,0.0,0.016031587859336324,2.000861644744873,0.11088479310274124,,,,,,,,,,,,,,
758,2.434360980987549,-8.499898910522461,0.3273860514163971,0.3271571397781372,0.015516695566475391,1.7643141746520996,1.7642881870269775,0.0075926524586975574,0.06346148252487183,0.0,0.016033106389828064,2.0173499584198,0.11109821498394012,,,,,,,,,,,,,,
759,2.4248135089874268,-8.49361515045166,0.32726719975471497,0.32770755887031555,0.014893724583089352,1.7550150156021118,1.7548749446868896,0.007308164611458778,0.059693578630685806,0.0,0.016034568022750356,2.0293502807617188,0.11047561466693878,,,,,,,,,,,,,,
760,2.442361831665039,-8.501219749450684,0.33019718527793884,0.33053281903266907,0.015659557655453682,1.7661737203598022,1.7657705545425415,0.007418579887598753,0.05907703563570976,0.0,0.016036051738727877,2.0249078273773193,0.11062002927064896,0.7814550399780273,0.7814550399780273,0.21854496002197266,9.155668258666992,0.0016851429857608223,0.8965981006622314,4.047972679138184,-0.0,1.52434504032135,0.7815510630607605,0.0018347988507905334,0.7815511226654053,0.08826427906751633,1.0840003490447998
761,2.437180757522583,-8.58072280883789,0.3278777301311493,0.327844500541687,0.01568920724093914,1.7652246952056885,1.7663140296936035,0.007307074964046478,0.061925001442432404,0.0,0.016037513153720685,2.0292837619781494,0.11098575592041016,,,,,,,,,,,,,,
762,2.453360080718994,-8.548086166381836,0.33647826313972473,0.337570458650589,0.015912147238850594,1.7640700340270996,1.7627284526824951,0.0073060281574726105,0.06406991928815842,0.0,0.01603897435935218,1.9951791763305664,0.11052488535642624,,,,,,,,,,,,,,
763,2.433311939239502,-8.476297378540039,0.32987746596336365,0.33074700832366943,0.015097522176802158,1.7580658197402954,1.7571141719818115,0.007366251666098833,0.05893399566411972,0.0,0.016040447609685402,2.0285227298736572,0.11085837334394455,,,,,,,,,,,,,,
764,2.4382801055908203,-8.48434829711914,0.32577916979789734,0.32633739709854126,0.01567937061190605,1.770704984664917,1.7702633142471313,0.0074163321405649185,0.05928220599889755,0.0,0.016041930876113514,2.034944772720337,0.11222124844789505,,,,,,,,,,,,,,
765,2.4541244506835938,-8.580633163452148,0.33253809809684753,0.33283087611198425,0.015592791140079498,1.773154616355896,1.7731705904006958,0.0073554860427975655,0.0592169389128685,0.0,0.016043401973322075,2.0202624797821045,0.11081040650606155,,,,,,,,,,,,,,
766,2.4587197303771973,-8.610380172729492,0.3385227918624878,0.33819636702537537,0.015588164329528809,1.7657982110977173,1.767026662826538,0.007528247777372599,0.06136254593729973,0.0,0.01604490762287755,1.9864150285720825,0.11192765086889267,,,,,,,,,,,,,,
767,2.449071168899536,-8.541280746459961,0.33634454011917114,0.33569198846817017,0.014944171532988548,1.7614282369613647,1.7627525329589844,0.007579427678138018,0.0566445030272007,0.0,0.016046423508413177,2.0137436389923096,0.11054030060768127,,,,,,,,,,,,,,
768,2.4579215049743652,-8.547639846801758,0.3398359715938568,0.33892709016799927,0.015549534931778908,1.7622265815734863,1.764991044998169,0.007761301007121801,0.05886461213231087,0.0,0.0160479757686146,2.013044834136963,0.11096649616956711,,,,,,,,,,,,,,
769,2.4460396766662598,-8.6419677734375,0.33244088292121887,0.33208784461021423,0.015628252178430557,1.7649608850479126,1.7668043375015259,0.007394077256321907,0.06075569614768028,0.0,0.016049454584065866,2.0003225803375244,0.11121540516614914,,,,,,,,,,,,,,
770,2.4329960346221924,-8.629610061645508,0.3267921507358551,0.3267415165901184,0.015374758280813694,1.7638745307922363,1.7643005847930908,0.007341924589127302,0.058308444917201996,0.0,0.01605092296898369,2.0192325115203857,0.11052228510379791,0.7815794944763184,0.7815794944763184,0.21842050552368164,9.145712852478027,0.001686019898057607,0.8965981006622314,4.047714710235596,-0.0,1.524003505706787,0.7816935777664185,0.0018306782818747571,0.7816935777664185,0.0882720872759819,1.0808789730072021
771,2.447239637374878,-8.59182357788086,0.33506521582603455,0.3353181481361389,0.015354454517364502,1.7614902257919312,1.7615134716033936,0.007573612965643406,0.05803429335355759,0.0,0.01605243769157682,2.0040292739868164,0.10992337763309479,,,,,,,,,,,,,,
772,2.439915657043457,-8.552788734436035,0.32742729783058167,0.32796838879585266,0.015744289383292198,1.7688543796539307,1.7686967849731445,0.007472207769751549,0.058061886578798294,0.0,0.01605393213313077,2.0132980346679688,0.10992726683616638,,,,,,,,,,,,,,
773,2.4398045539855957,-8.623393058776855,0.3285696506500244,0.32905516028404236,0.015343662351369858,1.7671712636947632,1.7665005922317505,0.007563518360257149,0.05489981546998024,0.0,0.01605544483680282,2.003304958343506,0.11034037172794342,,,,,,,,,,,,,,
774,2.448507785797119,-8.690248489379883,0.3341464102268219,0.33476266264915466,0.015021894127130508,1.7648060321807861,1.7643473148345947,0.0074847969226539135,0.06159388646483421,0.0,0.01605694179618735,2.0248796939849854,0.10999802500009537,,,,,,,,,,,,,,
775,2.4440507888793945,-8.653711318969727,0.3338874876499176,0.3344254195690155,0.016008276492357254,1.760047197341919,1.7594118118286133,0.0076740942895412445,0.059978634119033813,0.0,0.01605847661504526,2.0178256034851074,0.11093895137310028,,,,,,,,,,,,,,
776,2.451447010040283,-8.58905029296875,0.3376646637916565,0.3382203280925751,0.015143262222409248,1.7602643966674805,1.7605730295181274,0.007655779365450144,0.05726411193609238,0.0,0.01606000777091835,1.9946610927581787,0.11031845211982727,,,,,,,,,,,,,,
777,2.431894063949585,-8.62900161743164,0.3274456560611725,0.3271610140800476,0.015362539328634739,1.761085867881775,1.7627636194229126,0.007375997956842184,0.05409667268395424,0.0,0.01606148297050972,1.9851868152618408,0.1097828820347786,,,,,,,,,,,,,,
778,2.4361424446105957,-8.68145751953125,0.33055827021598816,0.3303260803222656,0.014879658818244934,1.759896159172058,1.760860800743103,0.007365839090198278,0.05633837357163429,0.0,0.01606295613832776,1.9976154565811157,0.10951478034257889,,,,,,,,,,,,,,
779,2.455191135406494,-8.688769340515137,0.3379191756248474,0.3377336859703064,0.015098587609827518,1.763953447341919,1.7649260759353638,0.007621665019541979,0.056933023035526276,0.0,0.016064480471331667,1.9846712350845337,0.11000864207744598,,,,,,,,,,,,,,
780,2.450652599334717,-8.649456024169922,0.3339775502681732,0.33461588621139526,0.015428603626787663,1.7670117616653442,1.7662492990493774,0.007559389807283878,0.05525976046919823,0.0,0.016065992349293123,2.029100179672241,0.11010415107011795,0.7815232872962952,0.7815232872962952,0.21847671270370483,9.145357131958008,0.0016871592321427938,0.897703230381012,4.045798301696777,-0.0,1.5184779167175293,0.7816436886787415,0.0018380692458793068,0.7816437482833862,0.08907593041658401,1.0752931833267212
781,2.4617016315460205,-8.630101203918457,0.339688241481781,0.3405797481536865,0.015064537525177002,1.7671191692352295,1.7656190395355225,0.007354376371949911,0.0533602349460125,0.0,0.016067463224567514,2.0108866691589355,0.10924998670816422,,,,,,,,,,,,,,
782,2.4541265964508057,-8.682408332824707,0.33839356899261475,0.33899742364883423,0.015745924785733223,1.7611421346664429,1.7608373165130615,0.00761388847604394,0.056524403393268585,0.0,0.01606898600226272,1.97795569896698,0.1091388389468193,,,,,,,,,,,,,,
783,2.443528652191162,-8.739851951599121,0.3340417742729187,0.3347552716732025,0.0154802855104208,1.759732723236084,1.758770227432251,0.007468773517757654,0.05487377941608429,0.0,0.016070479756966273,1.9707913398742676,0.10861838608980179,,,,,,,,,,,,,,
784,2.4395384788513184,-8.725635528564453,0.3322642147541046,0.33234620094299316,0.015456894412636757,1.7592300176620483,1.75971257686615,0.00738155422732234,0.052108731120824814,0.0,0.016071956067811737,1.9799513816833496,0.10859398543834686,,,,,,,,,,,,,,
785,2.4605727195739746,-8.663667678833008,0.34042248129844666,0.3401316702365875,0.015047137625515461,1.7647024393081665,1.7652405500411987,0.0073950388468801975,0.04989451915025711,0.0,0.016073435075581115,2.0085413455963135,0.10888432711362839,,,,,,,,,,,,,,
786,2.43684720993042,-8.69922161102295,0.3268607556819916,0.3269176483154297,0.016101544722914696,1.7665977478027344,1.7673368453979492,0.007402653805911541,0.0507831946015358,0.0,0.016074915606342298,2.0125653743743896,0.10846409201622009,,,,,,,,,,,,,,
787,2.4515020847320557,-8.765069007873535,0.3332121670246124,0.33322685956954956,0.014888121746480465,1.769843578338623,1.7705062627792358,0.007598578464239836,0.05295692756772041,0.0,0.016076435322035145,1.9845185279846191,0.1095195934176445,,,,,,,,,,,,,,
788,2.4485585689544678,-8.787273406982422,0.33280298113822937,0.33294689655303955,0.01531786099076271,1.7673448324203491,1.767637014389038,0.007630982436239719,0.05243237316608429,0.0,0.016077961518522393,1.9939929246902466,0.10872175544500351,,,,,,,,,,,,,,
789,2.447235584259033,-8.751293182373047,0.3373101055622101,0.3375530540943146,0.015490572899580002,1.7568856477737427,1.756878137588501,0.007382026873528957,0.05325229838490486,0.0,0.0160794379238971,2.019251823425293,0.109524667263031,,,,,,,,,,,,,,
790,2.4550929069519043,-8.725461959838867,0.34214505553245544,0.34215661883354187,0.014925065450370312,1.7555681467056274,1.7561641931533813,0.007637857459485531,0.051551178097724915,0.0,0.016080965495388996,2.005174398422241,0.11001201719045639,0.7812360525131226,0.7812360525131226,0.21876394748687744,9.24217414855957,0.0016766597167167537,0.8941476345062256,4.050182342529297,-0.0,1.502784013748169,0.7814182639122009,0.0018357187621455564,0.7814183831214905,0.08890103548765182,1.0784670114517212
791,2.444932460784912,-8.815874099731445,0.3326106369495392,0.3329668939113617,0.015147344209253788,1.7643054723739624,1.7641096115112305,0.00751480832695961,0.05304034799337387,0.0,0.01608246845705439,1.9947781562805176,0.10902296006679535,,,,,,,,,,,,,,
792,2.4379029273986816,-8.79818058013916,0.3304487466812134,0.3303819000720978,0.015173024497926235,1.7615439891815186,1.7622547149658203,0.0075225383043289185,0.05172369256615639,0.0,0.016083972964715254,2.00234317779541,0.10946469753980637,,,,,,,,,,,,,,
793,2.449594736099243,-8.757955551147461,0.3341590464115143,0.33447885513305664,0.01510623935610056,1.765560507774353,1.7661406993865967,0.007644793018698692,0.04872092232108116,0.0,0.016085501923318993,1.967413306236267,0.10913245379924774,,,,,,,,,,,,,,
794,2.42379093170166,-8.762228012084961,0.3202802538871765,0.3205791115760803,0.015081021934747696,1.7675787210464478,1.7681220769882202,0.007600672077387571,0.049768563359975815,0.0,0.01608702205773447,1.963630199432373,0.11084990203380585,,,,,,,,,,,,,,
795,2.4443304538726807,-8.771968841552734,0.3324367105960846,0.33303210139274597,0.014839818701148033,1.763938307762146,1.7641055583953857,0.007435483857989311,0.0507207028567791,0.0,0.01608850915450607,2.001296043395996,0.10988659411668777,,,,,,,,,,,,,,
796,2.4405150413513184,-8.813386917114258,0.33131128549575806,0.33197712898254395,0.01549580693244934,1.7620201110839844,1.7614418268203735,0.0075192940421402454,0.05097850412130356,0.0,0.016090013013314496,2.018587589263916,0.10959359258413315,,,,,,,,,,,,,,
797,2.429054021835327,-8.826576232910156,0.32544803619384766,0.3258240818977356,0.015486239455640316,1.762154459953308,1.7624367475509644,0.0077109080739319324,0.0498664565384388,0.0,0.01609155519492928,2.013246536254883,0.10989603400230408,,,,,,,,,,,,,,
798,2.4406967163085938,-8.805185317993164,0.33103635907173157,0.33134809136390686,0.015161924064159393,1.7628955841064453,1.7634049654006958,0.007389215752482414,0.04519585892558098,0.0,0.01609303303807978,2.019744634628296,0.11028493940830231,,,,,,,,,,,,,,
799,2.4262285232543945,-8.827917098999023,0.32537394762039185,0.3252619206905365,0.015509623102843761,1.7596243619918823,1.7605414390563965,0.0075524612329900265,0.047323379665613174,0.0,0.016094543530326376,2.0448548793792725,0.11008267849683762,,,,,,,,,,,,,,
800,2.446113348007202,-8.853482246398926,0.3302675783634186,0.33029821515083313,0.015794582664966583,1.7694865465164185,1.77001953125,0.007584838196635246,0.04925378039479256,0.0,0.016096060497965702,2.014580249786377,0.10989685356616974,0.7816336750984192,0.7816336750984192,0.2183663249015808,9.195690155029297,0.0016733238286346316,0.8967422246932983,4.046132564544678,-0.0,1.5044395923614502,0.7815186381340027,0.0018271478533288443,0.7815186381340027,0.0865468680858612,1.0850334167480469
801,2.436410903930664,-8.869894981384277,0.3268900215625763,0.3270697295665741,0.015093306079506874,1.7671806812286377,1.7675347328186035,0.00764439394697547,0.0460905022919178,0.0,0.0160975893767551,1.9976428747177124,0.10866372287273407,,,,,,,,,,,,,,
802,2.448272466659546,-8.857810974121094,0.3336086571216583,0.3335827887058258,0.015038248151540756,1.7655601501464844,1.766525149345398,0.007388734258711338,0.04797106236219406,0.0,0.01609906712360684,1.996721625328064,0.10916578769683838,,,,,,,,,,,,,,
803,2.440020799636841,-8.865639686584473,0.3291327655315399,0.3296154737472534,0.015210460871458054,1.765819787979126,1.7663044929504395,0.007560036610811949,0.04981193318963051,0.0,0.016100579130929004,2.01373291015625,0.1097286120057106,,,,,,,,,,,,,,
804,2.4338479042053223,-8.844927787780762,0.3324235677719116,0.3331361711025238,0.014747949317097664,1.7536593675613403,1.7534208297729492,0.007352154701948166,0.048007283359766006,0.0,0.016102049561869395,2.008493423461914,0.11044000834226608,,,,,,,,,,,,,,
805,2.4604954719543457,-8.854691505432129,0.34153494238853455,0.34240972995758057,0.015190747566521168,1.7619924545288086,1.7607280015945435,0.007407066877931356,0.043784309178590775,0.0,0.01610353097524498,2.02081298828125,0.10946017503738403,,,,,,,,,,,,,,
806,2.440126657485962,-8.886603355407715,0.3308815360069275,0.3311478793621063,0.0148860402405262,1.7634283304214478,1.7629942893981934,0.007292557042092085,0.046462532132864,0.0,0.016104989486653398,2.0055899620056152,0.11030527204275131,,,,,,,,,,,,,,
807,2.443791627883911,-8.875,0.3287563920021057,0.32873302698135376,0.014736506156623363,1.7712609767913818,1.7718702554702759,0.007393281906843185,0.04861408472061157,0.0,0.016106468143034767,2.0060622692108154,0.11027247458696365,,,,,,,,,,,,,,
808,2.4516451358795166,-8.842973709106445,0.3343384563922882,0.3337929844856262,0.01521473191678524,1.7675260305404663,1.7690715789794922,0.00748624000698328,0.04673217236995697,0.0,0.016107965391036164,2.0007212162017822,0.1096629649400711,,,,,,,,,,,,,,
809,2.4442107677459717,-8.911211013793945,0.3318656384944916,0.33161070942878723,0.014942586421966553,1.765047550201416,1.7665362358093262,0.0074404324404895306,0.04940316081047058,0.0,0.016109453477524262,1.9997127056121826,0.10948501527309418,,,,,,,,,,,,,,
810,2.443972110748291,-8.925783157348633,0.33043938875198364,0.33047574758529663,0.01499192789196968,1.7679412364959717,1.768188714981079,0.007472144439816475,0.05050596222281456,0.0,0.016110947906412227,1.9776256084442139,0.10993945598602295,0.7817623615264893,0.7817623615264893,0.21823763847351074,9.185904502868652,0.0016740315088637297,0.8967422246932983,4.045874118804932,-0.0,1.5040980577468872,0.7816275954246521,0.0018216899781810557,0.7816275954246521,0.08572103828191757,1.0840009450912476
811,2.443227767944336,-8.889994621276855,0.331111878156662,0.33121663331985474,0.015505095012485981,1.7654919624328613,1.765296459197998,0.007861142046749592,0.049745697528123856,0.0,0.016112520134821576,1.989662528038025,0.1087924912571907,,,,,,,,,,,,,,
812,2.45462965965271,-8.937984466552734,0.3390723168849945,0.3398909568786621,0.014766611158847809,1.7614330053329468,1.7603663206100464,0.007446328178048134,0.04530791565775871,0.0,0.016114009400457187,2.0116662979125977,0.10961225628852844,,,,,,,,,,,,,,
813,2.4451160430908203,-8.951866149902344,0.33118534088134766,0.3318029046058655,0.014994964003562927,1.7676587104797363,1.7666069269180298,0.007434629835188389,0.046273380517959595,0.0,0.016115496326424224,2.031780242919922,0.10980577766895294,,,,,,,,,,,,,,
814,2.4435317516326904,-8.939337730407715,0.32968395948410034,0.3303588926792145,0.014819711446762085,1.7692004442214966,1.7681379318237305,0.007424268871545792,0.045043475925922394,0.0,0.016116981180198532,2.015230178833008,0.1098407506942749,,,,,,,,,,,,,,
815,2.4361677169799805,-8.918907165527344,0.3316451609134674,0.332110732793808,0.014890102669596672,1.757659912109375,1.7573838233947754,0.007506324909627438,0.04554421454668045,0.0,0.01611848244518046,2.0137887001037598,0.10897349566221237,,,,,,,,,,,,,,
816,2.4522616863250732,-8.970989227294922,0.3349144458770752,0.33503323793411255,0.014785412698984146,1.7673462629318237,1.7677106857299805,0.007248762529343367,0.04790583997964859,0.0,0.016119932197686326,2.0264313220977783,0.10923697799444199,,,,,,,,,,,,,,
817,2.455315589904785,-8.979740142822266,0.3363870680332184,0.337050199508667,0.014952962286770344,1.766979694366455,1.7668712139129639,0.007433468010276556,0.0470648817718029,0.0,0.016121418891288382,2.0226614475250244,0.10959450155496597,,,,,,,,,,,,,,
818,2.47058367729187,-8.942319869995117,0.34593620896339417,0.3466239869594574,0.014914827421307564,1.7634620666503906,1.7627553939819336,0.007445574272423983,0.044715624302625656,0.0,0.016122908006142866,2.0190627574920654,0.10966797918081284,,,,,,,,,,,,,,
819,2.429772138595581,-8.95351505279541,0.3262176215648651,0.3267667889595032,0.014985132031142712,1.7622127532958984,1.76139235496521,0.007652845699340105,0.04565209895372391,0.0,0.016124438575282733,2.0132274627685547,0.11015549302101135,,,,,,,,,,,,,,
820,2.447911024093628,-9.020957946777344,0.3333776593208313,0.3336108326911926,0.014746611937880516,1.7663031816482544,1.766048789024353,0.007331482134759426,0.04393533244729042,0.0,0.016125904871709684,2.0310778617858887,0.10936376452445984,0.7812368869781494,0.7812368869781494,0.21876311302185059,9.2072114944458,0.0016718341113566568,0.8940995931625366,4.04833984375,-0.0,1.5059703588485718,0.7812618613243103,0.00182609677801609,0.7812618613243103,0.0861276388168335,1.0881942510604858
821,2.4407782554626465,-9.028510093688965,0.3373148441314697,0.3380032181739807,0.014475643634796143,1.7512524127960205,1.7507163286209106,0.007303003221750259,0.047546207904815674,0.0,0.016127365472354032,2.037353515625,0.10895320773124695,,,,,,,,,,,,,,
822,2.4641928672790527,-9.009528160095215,0.3426823914051056,0.3428535461425781,0.014857573434710503,1.7638944387435913,1.7637041807174683,0.007819860242307186,0.046803031116724014,0.0,0.016128929444402494,2.0293030738830566,0.10909409075975418,,,,,,,,,,,,,,
823,2.4648358821868896,-9.032332420349121,0.3421672582626343,0.342047780752182,0.015214391052722931,1.7653254270553589,1.765487551689148,0.007391171529889107,0.043540917336940765,0.0,0.01613040767870847,2.041201114654541,0.10899292677640915,,,,,,,,,,,,,,
824,2.4445865154266357,-8.995915412902832,0.33519914746284485,0.33489730954170227,0.014747722074389458,1.759381651878357,1.7601029872894287,0.007473705802112818,0.04194886237382889,0.0,0.016131902419868893,2.003450870513916,0.10958407819271088,,,,,,,,,,,,,,
825,2.4547080993652344,-8.999604225158691,0.3355928659439087,0.3358604311943054,0.015926336869597435,1.767264723777771,1.7673923969268799,0.00735993217676878,0.04674208164215088,0.0,0.016133374406304246,2.0199553966522217,0.10881982743740082,,,,,,,,,,,,,,
826,2.450521945953369,-9.0486421585083,0.33867716789245605,0.3391127586364746,0.015364064835011959,1.7574851512908936,1.7572509050369263,0.007509320508688688,0.04683946073055267,0.0,0.016134876270405985,2.0363411903381348,0.11003001779317856,,,,,,,,,,,,,,
827,2.440938711166382,-8.998311996459961,0.33212611079216003,0.333060085773468,0.014684519730508327,1.7614529132843018,1.7606831789016724,0.007400469854474068,0.04422006383538246,0.0,0.01613635636437688,2.0180037021636963,0.11005719006061554,,,,,,,,,,,,,,
828,2.455108642578125,-9.020209312438965,0.33757251501083374,0.3377712070941925,0.014512692578136921,1.7651199102401733,1.7653844356536865,0.0074822972528636456,0.04677186161279678,0.0,0.016137852823827452,2.0424013137817383,0.10961483418941498,,,,,,,,,,,,,,
829,2.4351048469543457,-9.062968254089355,0.32803574204444885,0.32803940773010254,0.014717073179781437,1.763840913772583,1.7647844552993774,0.0073228864930570126,0.04674321040511131,0.0,0.016139317401126063,2.0289127826690674,0.10894627124071121,,,,,,,,,,,,,,
830,2.4484755992889404,-9.095993041992188,0.32840481400489807,0.3281600773334503,0.015797611325979233,1.7754437923431396,1.7767821550369263,0.007352425251156092,0.04338066279888153,0.0,0.016140787886176296,2.027198314666748,0.10981002449989319,0.7812368869781494,0.7812368869781494,0.21876311302185059,9.2072114944458,0.0016718341113566568,0.8940995931625366,4.04833984375,-0.0,1.5059703588485718,0.781251072883606,0.0018311780302975587,0.781251072883606,0.08487139642238617,1.0911012887954712
831,2.4474635124206543,-9.035958290100098,0.3313644528388977,0.33094578981399536,0.014882809482514858,1.7696951627731323,1.7708461284637451,0.007455290295183659,0.041114624589681625,0.0,0.016142278944235332,2.016972780227661,0.10888970643281937,,,,,,,,,,,,,,
832,2.445087194442749,-9.06552791595459,0.3361088037490845,0.33554425835609436,0.01474705059081316,1.7580024003982544,1.7593718767166138,0.007552830036729574,0.04054012894630432,0.0,0.016143789510242677,2.0325090885162354,0.11016464233398438,,,,,,,,,,,,,,
833,2.436464786529541,-9.098074913024902,0.33177095651626587,0.3315016031265259,0.014580952934920788,1.7580090761184692,1.7592132091522217,0.007396537344902754,0.03824852779507637,0.0,0.016145268817711656,2.0271854400634766,0.1093861311674118,,,,,,,,,,,,,,
834,2.4475343227386475,-9.14680004119873,0.3358888030052185,0.3360714912414551,0.014755679294466972,1.7607676982879639,1.760869026184082,0.007340888027101755,0.04039786010980606,0.0,0.016146736995317077,2.0474393367767334,0.10953444987535477,,,,,,,,,,,,,,
835,2.4468111991882324,-9.099841117858887,0.3359096348285675,0.3363318145275116,0.014386581256985664,1.760128378868103,1.7602380514144897,0.0075412048026919365,0.04191039875149727,0.0,0.016148245236277614,2.005124807357788,0.1087886393070221,,,,,,,,,,,,,,
836,2.437340021133423,-9.056355476379395,0.3318701386451721,0.3322559893131256,0.01456611230969429,1.7587392330169678,1.7585561275482178,0.007451779209077358,0.040819477289915085,0.0,0.01614973559211943,2.0355465412139893,0.10937510430812836,,,,,,,,,,,,,,
837,2.4449682235717773,-9.129587173461914,0.33362001180648804,0.33357614278793335,0.014410817064344883,1.7633419036865234,1.763380765914917,0.007595461793243885,0.03911622613668442,0.0,0.01615125468447808,2.0099666118621826,0.10897880047559738,,,,,,,,,,,,,,
838,2.4446990489959717,-9.173944473266602,0.3325716257095337,0.33272668719291687,0.014450729824602604,1.7647919654846191,1.7651078701019287,0.007473309990018606,0.04413692653179169,0.0,0.01615274934647608,2.0151448249816895,0.10868227481842041,,,,,,,,,,,,,,
839,2.444286584854126,-9.096489906311035,0.33068200945854187,0.33059385418891907,0.014205275103449821,1.768286943435669,1.7693241834640503,0.007594352122396231,0.040512051433324814,0.0,0.01615426821690056,2.007049798965454,0.10878995060920715,,,,,,,,,,,,,,
840,2.456608772277832,-9.093681335449219,0.334879994392395,0.3352365791797638,0.014847862534224987,1.771331548690796,1.7719569206237793,0.007612850051373243,0.03813052177429199,0.0,0.016155790786910835,2.019622802734375,0.10859551280736923,0.7812565565109253,0.7812565565109253,0.2187434434890747,9.20021915435791,0.0016721337549298345,0.8957812786102295,4.046329498291016,-0.0,1.4975616931915283,0.7811680436134338,0.0018470503364303166,0.7811680436134338,0.08597636222839355,1.0802054405212402
841,2.4469196796417236,-9.128870010375977,0.3353547751903534,0.3350067436695099,0.014402625150978565,1.761411190032959,1.7628998756408691,0.007589881308376789,0.03974520415067673,0.0,0.01615730876317251,2.0113306045532227,0.10913997888565063,,,,,,,,,,,,,,
842,2.4550585746765137,-9.226284980773926,0.3388919234275818,0.33877435326576233,0.014628512784838676,1.7622328996658325,1.7632943391799927,0.0073288818821311,0.04346020892262459,0.0,0.016158774539548938,2.0135674476623535,0.10863121598958969,,,,,,,,,,,,,,
843,2.4286999702453613,-9.144940376281738,0.3281177580356598,0.32738396525382996,0.01536848209798336,1.7571218013763428,1.7585374116897583,0.007221340201795101,0.0421317033469677,0.0,0.016160218807589298,1.9912527799606323,0.10761307924985886,,,,,,,,,,,,,,
844,2.447336196899414,-9.132087707519531,0.33381277322769165,0.3335810601711273,0.015186109580099583,1.7642240524291992,1.7652885913848877,0.0079001160338521,0.04169528931379318,0.0,0.01616179883079607,1.9796322584152222,0.10887780785560608,,,,,,,,,,,,,,
845,2.4796202182769775,-9.138497352600098,0.3479602336883545,0.3478708267211914,0.018423130735754967,1.7652382850646973,1.7654938697814941,0.007608581334352493,0.045822542160749435,0.0,0.01616332054706294,2.0016093254089355,0.10869394242763519,,,,,,,,,,,,,,
846,2.4317352771759033,-9.218423843383789,0.3247251510620117,0.3252272307872772,0.014618182554841042,1.767626166343689,1.7667032480239868,0.00733919208869338,0.04418715089559555,0.0,0.016164788385480678,2.0113837718963623,0.10873887687921524,,,,,,,,,,,,,,
847,2.4652962684631348,-9.212118148803711,0.3373880088329315,0.33863717317581177,0.017022255808115005,1.7729688882827759,1.771529197692871,0.0073639159090816975,0.044212739914655685,0.0,0.016166261168662495,1.9778451919555664,0.1084897443652153,,,,,,,,,,,,,,
848,2.4522032737731934,-9.146061897277832,0.33499428629875183,0.3355947732925415,0.014958271756768227,1.7671364545822144,1.766175627708435,0.007668898440897465,0.04035123065114021,0.0,0.016167794948350675,1.9996702671051025,0.1088508814573288,,,,,,,,,,,,,,
849,2.4500417709350586,-9.15499210357666,0.33333778381347656,0.3335121273994446,0.0148890046402812,1.7682174444198608,1.7683883905410767,0.007463936693966389,0.041386038064956665,0.0,0.01616928773568947,2.0119521617889404,0.10875155031681061,,,,,,,,,,,,,,
850,2.465001106262207,-9.216078758239746,0.3446642756462097,0.34459546208381653,0.014894791878759861,1.7607319355010986,1.7609611749649048,0.00768051715567708,0.040713272988796234,0.0,0.016170823839120604,2.005230665206909,0.10878915339708328,0.7811915874481201,0.7811915874481201,0.21880841255187988,9.22336483001709,0.0017107532171017864,0.8962618112564087,4.0450358390808105,-0.0,1.4945859909057617,0.7810609340667725,0.0018476335526828754,0.7810609340667725,0.08572603762149811,1.0825982093811035
851,2.4317307472229004,-9.270039558410645,0.3283848464488983,0.32832348346710205,0.014835106208920479,1.759986162185669,1.7603882551193237,0.007326080463826656,0.04011889174580574,0.0,0.016172289055213368,2.007296085357666,0.10789766162633896,,,,,,,,,,,,,,
852,2.4463062286376953,-9.21309757232666,0.33384978771209717,0.3334657549858093,0.014469604939222336,1.7640421390533447,1.7650002241134644,0.007379642687737942,0.03653009235858917,0.0,0.016173764983750914,2.010784387588501,0.10940933227539062,,,,,,,,,,,,,,
853,2.463094711303711,-9.224495887756348,0.3416493535041809,0.3410537540912628,0.014882801100611687,1.7647984027862549,1.7662187814712524,0.007367893122136593,0.03745097666978836,0.0,0.016175238562375342,2.015256404876709,0.10896366089582443,,,,,,,,,,,,,,
854,2.4469573497772217,-9.281928062438965,0.33574938774108887,0.33620685338974,0.01503889262676239,1.760066032409668,1.7598583698272705,0.007447919808328152,0.0419178381562233,0.0,0.016176728146337006,1.9991499185562134,0.10871335119009018,,,,,,,,,,,,,,
855,2.4572367668151855,-9.270825386047363,0.3379393517971039,0.33877986669540405,0.015310334973037243,1.7658571004867554,1.7645573616027832,0.007347912527620792,0.04208134114742279,0.0,0.01617819772884253,2.0049755573272705,0.10812799632549286,,,,,,,,,,,,,,
856,2.4387400150299072,-9.26276683807373,0.330873966217041,0.3316524028778076,0.014835512265563011,1.7619972229003906,1.7607589960098267,0.007947361096739769,0.04009934142231941,0.0,0.016179787201061877,2.0078988075256348,0.10967788100242615,,,,,,,,,,,,,,
857,2.444416046142578,-9.194973945617676,0.3357064723968506,0.3365423083305359,0.014243563637137413,1.7586005926132202,1.7572470903396606,0.007274866569787264,0.035205066204071045,0.0,0.016181242174375835,2.04427433013916,0.10889670997858047,,,,,,,,,,,,,,
858,2.4454503059387207,-9.26437759399414,0.3337036371231079,0.3336939215660095,0.014301405288279057,1.7634937763214111,1.7640089988708496,0.007338829338550568,0.03636689484119415,0.0,0.016182709940243546,2.0163395404815674,0.10878576338291168,,,,,,,,,,,,,,
859,2.4536304473876953,-9.316571235656738,0.33463311195373535,0.3348737359046936,0.015311671420931816,1.7686535120010376,1.7689706087112427,0.007284310646355152,0.041449323296546936,0.0,0.016184166802372817,2.0174877643585205,0.10831798613071442,,,,,,,,,,,,,,
860,2.437312602996826,-9.268647193908691,0.32807308435440063,0.3282788097858429,0.014176514931023121,1.766747236251831,1.7668211460113525,0.007468284573405981,0.04063839092850685,0.0,0.016185660459287498,2.0345442295074463,0.10874216258525848,0.7810999155044556,0.7810999155044556,0.21890008449554443,9.24913501739502,0.0017075782233004733,0.8954930305480957,4.045223236083984,-0.0,1.4984298944473267,0.7810238599777222,0.0018379834334420126,0.7810238599777222,0.0853276252746582,1.0921273231506348
861,2.4410078525543213,-9.266619682312012,0.3297263979911804,0.32989126443862915,0.014345904812216759,1.7670927047729492,1.7669960260391235,0.007466087117791176,0.03910692036151886,0.0,0.016187153676711055,2.0081064701080322,0.10890248417854309,,,,,,,,,,,,,,
862,2.4574272632598877,-9.289382934570312,0.3419031500816345,0.3419913649559021,0.014865274541079998,1.758467674255371,1.7588672637939453,0.008158889599144459,0.03965448588132858,0.0,0.016188785454630882,2.0354371070861816,0.10932816565036774,,,,,,,,,,,,,,
863,2.4543628692626953,-9.349349975585938,0.33789342641830444,0.3384000360965729,0.014895747415721416,1.7633676528930664,1.7629796266555786,0.007350197993218899,0.041773345321416855,0.0,0.016190255494229526,2.0117790699005127,0.10870465636253357,,,,,,,,,,,,,,
864,2.4552881717681885,-9.312623023986816,0.33789947628974915,0.33830025792121887,0.014408945105969906,1.7648059129714966,1.7645529508590698,0.00740218348801136,0.040123000741004944,0.0,0.01619173593092713,2.0186243057250977,0.1092332974076271,,,,,,,,,,,,,,
865,2.4582297801971436,-9.305168151855469,0.338894784450531,0.3394189178943634,0.014519622549414635,1.7656809091567993,1.7651118040084839,0.007341313641518354,0.04233085364103317,0.0,0.016193204193655435,2.0122883319854736,0.10895395278930664,,,,,,,,,,,,,,
866,2.446381092071533,-9.330510139465332,0.3363105356693268,0.3364558219909668,0.014079068787395954,1.7595137357711792,1.7595576047897339,0.007531554903835058,0.036817118525505066,0.0,0.016194710504636202,2.0071592330932617,0.10800831019878387,,,,,,,,,,,,,,
867,2.4550271034240723,-9.342338562011719,0.3394339978694916,0.3391551673412323,0.014666493982076645,1.7613426446914673,1.7622004747390747,0.007352645043283701,0.03707919269800186,0.0,0.016196181033644858,2.029527425765991,0.10876760631799698,,,,,,,,,,,,,,
868,2.4446864128112793,-9.370607376098633,0.3319295346736908,0.3322910666465759,0.01454713474959135,1.7658435106277466,1.7659938335418701,0.007798654027283192,0.03812214359641075,0.0,0.016197740764450314,2.015082597732544,0.10857857763767242,,,,,,,,,,,,,,
869,2.4480462074279785,-9.354531288146973,0.3333219587802887,0.3339586555957794,0.015033010393381119,1.7660123109817505,1.7654527425765991,0.0077368649654090405,0.04016660898923874,0.0,0.016199288137443396,2.0113461017608643,0.10847865045070648,,,,,,,,,,,,,,
870,2.4477641582489014,-9.372684478759766,0.33186861872673035,0.33214783668518066,0.014277470298111439,1.7695467472076416,1.769393801689148,0.007490582298487425,0.03946925699710846,0.0,0.016200786253903095,1.9881612062454224,0.10833828151226044,0.781703531742096,0.781703531742096,0.21829646825790405,9.231529235839844,0.00173850594101112,0.8965981006622314,4.044500350952148,-0.0,1.4860138893127441,0.7810252904891968,0.0018542247456156478,0.7810253500938416,0.08492857217788696,1.0857679843902588
871,2.4511566162109375,-9.360170364379883,0.33182311058044434,0.3322400152683258,0.015912294387817383,1.7713747024536133,1.770987629890442,0.0075079831294715405,0.039109278470277786,0.0,0.01620228785052899,2.0086774826049805,0.10816936939954758,,,,,,,,,,,,,,
872,2.4600658416748047,-9.394131660461426,0.3379870057106018,0.337921142578125,0.014582209289073944,1.7690201997756958,1.77013099193573,0.008153690956532955,0.03874705731868744,0.0,0.016203918588720296,2.0059635639190674,0.10861686617136002,,,,,,,,,,,,,,
873,2.4545834064483643,-9.425713539123535,0.33667775988578796,0.3363344669342041,0.015749935060739517,1.7651008367538452,1.7665417194366455,0.00784781202673912,0.04121061787009239,0.0,0.016205488151125644,2.007977247238159,0.10836886614561081,,,,,,,,,,,,,,
874,2.4567251205444336,-9.363813400268555,0.3404364585876465,0.3400098383426666,0.01444786787033081,1.761163592338562,1.762498378753662,0.007463347632437944,0.03824140131473541,0.0,0.016206980820652132,2.012295722961426,0.10890641063451767,,,,,,,,,,,,,,
875,2.441406488418579,-9.377176284790039,0.33603325486183167,0.3354678153991699,0.014551293104887009,1.7545547485351562,1.7561534643173218,0.0074762324802577496,0.036752939224243164,0.0,0.016208476067148182,2.015923261642456,0.1094401478767395,,,,,,,,,,,,,,
876,2.4432573318481445,-9.401925086975098,0.3362477123737335,0.3353194296360016,0.01516006886959076,1.755342721939087,1.7577176094055176,0.007395875174552202,0.03686709702014923,0.0,0.01620995524218309,2.0020089149475098,0.10843624174594879,,,,,,,,,,,,,,
877,2.438828468322754,-9.428534507751465,0.3302958011627197,0.3301781415939331,0.014448527246713638,1.7635890245437622,1.7642229795455933,0.007290000095963478,0.038375258445739746,0.0,0.016211413242202283,2.002224922180176,0.10874062031507492,,,,,,,,,,,,,,
878,2.44492244720459,-9.403426170349121,0.33323734998703003,0.3334258794784546,0.014488505199551582,1.7638357877731323,1.7637052536010742,0.007283875718712807,0.038614749908447266,0.0,0.016212870017346025,2.0045084953308105,0.10938800871372223,,,,,,,,,,,,,,
879,2.45292592048645,-9.392045974731445,0.3368885815143585,0.3374875783920288,0.014792178757488728,1.7639538049697876,1.7635613679885864,0.007494132500141859,0.037917476147413254,0.0,0.016214368843846052,2.0003838539123535,0.10900099575519562,,,,,,,,,,,,,,
880,2.4545297622680664,-9.420482635498047,0.3352145850658417,0.33551284670829773,0.014639773406088352,1.768949270248413,1.7693756818771362,0.007385573349893093,0.03854740411043167,0.0,0.01621584595851603,2.0138943195343018,0.10879390686750412,0.7811288833618164,0.7811288833618164,0.2188711166381836,9.230178833007812,0.0017373583887591976,0.8950124979019165,4.0465569496154785,-0.0,1.4899046421051025,0.781049370765686,0.0018644830769012268,0.781049370765686,0.08390693366527557,1.0862945318222046
881,2.4540047645568848,-9.484759330749512,0.3367624580860138,0.3372953534126282,0.014978793449699879,1.765212059020996,1.7647242546081543,0.007725369650870562,0.038086675107479095,0.0,0.016217391032446203,2.0055673122406006,0.10841561108827591,,,,,,,,,,,,,,
882,2.445009469985962,-9.444598197937012,0.334993451833725,0.3351213335990906,0.014535123482346535,1.7603092193603516,1.7604100704193115,0.0074926153756678104,0.03767361864447594,0.0,0.016218889555521337,2.0181760787963867,0.10854902118444443,,,,,,,,,,,,,,
883,2.4547619819641113,-9.42202377319336,0.34278661012649536,0.3425239622592926,0.014083351008594036,1.754917860031128,1.7558183670043945,0.007704779040068388,0.03789082169532776,0.0,0.01622043051132935,1.9877268075942993,0.10912583768367767,,,,,,,,,,,,,,
884,2.446943759918213,-9.44287395477295,0.3333849608898163,0.3331201374530792,0.014722614549100399,1.7649054527282715,1.766526460647583,0.007640116382390261,0.03985713794827461,0.0,0.01622195853460583,1.9971214532852173,0.1093808114528656,,,,,,,,,,,,,,
885,2.4469618797302246,-9.488112449645996,0.3328063488006592,0.3329872488975525,0.014965125359594822,1.7658847570419312,1.7665213346481323,0.0074045355431735516,0.03591592237353325,0.0,0.016223439441714466,2.0410237312316895,0.10916747152805328,,,,,,,,,,,,,,
886,2.4473345279693604,-9.458142280578613,0.3325989246368408,0.33326780796051025,0.015687648206949234,1.7663155794143677,1.7652446031570435,0.007423068396747112,0.038234367966651917,0.0,0.016224924055393816,2.0014443397521973,0.10813632607460022,,,,,,,,,,,,,,
887,2.4509942531585693,-9.452310562133789,0.33588558435440063,0.336668998003006,0.014916707761585712,1.7642573118209839,1.7627882957458496,0.007635883521288633,0.03727523982524872,0.0,0.016226451232098073,2.0114848613739014,0.1089099869132042,,,,,,,,,,,,,,
888,2.4551968574523926,-9.483536720275879,0.33475828170776367,0.3356318175792694,0.014679256826639175,1.770812749862671,1.7694423198699951,0.007409621495753527,0.03696662560105324,0.0,0.016227933156397225,1.999703288078308,0.10837090015411377,,,,,,,,,,,,,,
889,2.4667344093322754,-9.54468822479248,0.34289607405662537,0.34390413761138916,0.014756613411009312,1.7657274007797241,1.7646275758743286,0.007450098171830177,0.035832479596138,0.0,0.016229423176031592,2.004209041595459,0.10874177515506744,,,,,,,,,,,,,,
890,2.4387927055358887,-9.465044021606445,0.3286166191101074,0.32971763610839844,0.01466149091720581,1.7661834955215454,1.7654101848602295,0.007311401888728142,0.04028041288256645,0.0,0.016230885456409338,2.0247297286987305,0.10890398919582367,0.7815693020820618,0.7815693020820618,0.21843069791793823,9.301684379577637,0.0017160403941350218,0.8913607597351074,4.049114227294922,-0.0,1.474797010421753,0.7809128761291504,0.0018635181439373063,0.7809128761291504,0.08374936878681183,1.0865740776062012
891,2.45500111579895,-9.489100456237793,0.3384912312030792,0.33845704793930054,0.014674730598926544,1.7631458044052124,1.7636104822158813,0.007397519424557686,0.0369657538831234,0.0,0.01623236496029425,2.0133187770843506,0.10887688398361206,,,,,,,,,,,,,,
892,2.464078903198242,-9.507827758789062,0.3426232933998108,0.342447966337204,0.01473687868565321,1.7636743783950806,1.7648673057556152,0.007339784875512123,0.03842693567276001,0.0,0.01623383291726935,2.03198504447937,0.10886994004249573,,,,,,,,,,,,,,
893,2.443540334701538,-9.58181095123291,0.33508598804473877,0.3350805938243866,0.01425718329846859,1.7586822509765625,1.7595508098602295,0.007495691999793053,0.03465043753385544,0.0,0.01623533205566931,1.9998823404312134,0.10845226794481277,,,,,,,,,,,,,,
894,2.4689652919769287,-9.51699161529541,0.34229764342308044,0.342311292886734,0.015137163922190666,1.76865553855896,1.7697827816009521,0.007537292782217264,0.033033065497875214,0.0,0.016236839514225755,1.9979268312454224,0.10775285214185715,,,,,,,,,,,,,,
895,2.430953025817871,-9.448097229003906,0.329197496175766,0.32902994751930237,0.014151152223348618,1.7582660913467407,1.758882761001587,0.007350726053118706,0.035170283168554306,0.0,0.01623830965943638,1.9993549585342407,0.10845806449651718,,,,,,,,,,,,,,
896,2.4456636905670166,-9.522007942199707,0.3344491720199585,0.33390021324157715,0.014306883327662945,1.7626184225082397,1.7633965015411377,0.007412807550281286,0.036064110696315765,0.0,0.016239792220946438,1.9743083715438843,0.10793361812829971,,,,,,,,,,,,,,
897,2.4526755809783936,-9.577509880065918,0.3359450399875641,0.3364909291267395,0.014590009115636349,1.7657091617584229,1.765589952468872,0.007428348995745182,0.03442903608083725,0.0,0.016241277890745587,1.9924428462982178,0.10825974494218826,,,,,,,,,,,,,,
898,2.45245099067688,-9.582257270812988,0.3364534080028534,0.3366764783859253,0.014561344869434834,1.7650610208511353,1.764458417892456,0.007349539082497358,0.03728868439793587,0.0,0.016242747798562086,2.015223979949951,0.10763146728277206,,,,,,,,,,,,,,
899,2.4572365283966064,-9.543320655822754,0.33756333589553833,0.33755847811698914,0.014575080014765263,1.7675153017044067,1.7675639390945435,0.007235867902636528,0.03652975335717201,0.0,0.016244194972142613,2.0345118045806885,0.10738638788461685,,,,,,,,,,,,,,
900,2.462468147277832,-9.605080604553223,0.34047529101371765,0.3406890332698822,0.014208543114364147,1.7672333717346191,1.76695716381073,0.007445809431374073,0.03681918978691101,0.0,0.01624568413402889,2.0065314769744873,0.10780820995569229,0.7810165882110596,0.7810165882110596,0.21898341178894043,9.362054824829102,0.0017370069033769164,0.8911685347557068,4.050655364990234,-0.0,1.464961290359497,0.7806164026260376,0.0018567823620942701,0.7806164026260376,0.08464522659778595,1.08945631980896
901,2.4624674320220947,-9.610466003417969,0.3399944007396698,0.3398657739162445,0.014947794377803802,1.767001986503601,1.7683169841766357,0.007739860098809004,0.03646279498934746,0.0,0.01624723210604865,2.0539610385894775,0.10803951323032379,,,,,,,,,,,,,,
902,2.455502510070801,-9.624566078186035,0.33770933747291565,0.3375082015991211,0.01475716382265091,1.765121340751648,1.7659345865249634,0.007720097433775663,0.035092875361442566,0.0,0.016248776125535404,2.0171456336975098,0.1076529249548912,,,,,,,,,,,,,,
903,2.4486007690429688,-9.55605411529541,0.3385472297668457,0.33874860405921936,0.013888858258724213,1.7573195695877075,1.7575123310089111,0.007636453490704298,0.034911129623651505,0.0,0.016250303416233545,2.0032265186309814,0.10749968141317368,,,,,,,,,,,,,,
904,2.4479422569274902,-9.60604476928711,0.3349466621875763,0.33435672521591187,0.01507271733134985,1.7629367113113403,1.7641956806182861,0.00731123611330986,0.03471633791923523,0.0,0.016251765663456208,2.021987199783325,0.10791194438934326,,,,,,,,,,,,,,
905,2.443058490753174,-9.620213508605957,0.3350669741630554,0.33521655201911926,0.014052739366889,1.7584096193313599,1.759034514427185,0.007350916042923927,0.03551166504621506,0.0,0.01625323584666479,2.0457217693328857,0.10718598961830139,,,,,,,,,,,,,,
906,2.44816517829895,-9.637053489685059,0.3344994783401489,0.3346233367919922,0.014646181836724281,1.7641853094100952,1.7646069526672363,0.0075372448191046715,0.03593447059392929,0.0,0.016254743295628614,2.0082149505615234,0.1085004061460495,,,,,,,,,,,,,,
907,2.4673314094543457,-9.594101905822754,0.3433818519115448,0.3434041142463684,0.014656269922852516,1.7655141353607178,1.7662640810012817,0.0077352579683065414,0.037990983575582504,0.0,0.016256290347222275,2.00836181640625,0.1086762472987175,,,,,,,,,,,,,,
908,2.4446792602539062,-9.578322410583496,0.3310967683792114,0.3313482701778412,0.01434422004967928,1.768131136894226,1.767648696899414,0.008168531581759453,0.037535153329372406,0.0,0.01625792405353863,2.0045485496520996,0.10864730924367905,,,,,,,,,,,,,,
909,2.4447004795074463,-9.63766860961914,0.33068108558654785,0.3310820758342743,0.014608319848775864,1.7682729959487915,1.7683848142623901,0.007458396255970001,0.03290572762489319,0.0,0.01625941573278982,2.0001866817474365,0.10929737240076065,,,,,,,,,,,,,,
910,2.458024740219116,-9.660078048706055,0.34012314677238464,0.34011539816856384,0.014563784934580326,1.7627203464508057,1.763724684715271,0.0074335434474051,0.035844169557094574,0.0,0.0162609024414793,2.0015950202941895,0.10924699902534485,0.7822228074073792,0.7822228074073792,0.21777719259262085,9.317875862121582,0.0017151252338544359,0.8928502798080444,4.048262119293213,-0.0,1.4702157974243164,0.7811629176139832,0.0018621467892723416,0.7811629176139832,0.08366737514734268,1.0855920314788818
911,2.445103406906128,-9.630517959594727,0.3349362909793854,0.33487382531166077,0.014140252023935318,1.7609449625015259,1.761361002922058,0.007827911525964737,0.035864491015672684,0.0,0.016262468023784494,2.0088255405426025,0.10893061757087708,,,,,,,,,,,,,,
912,2.456831932067871,-9.623248100280762,0.34380751848220825,0.34310367703437805,0.014141011983156204,1.7552151679992676,1.756344199180603,0.007159717846661806,0.034502800554037094,0.0,0.016263899967353827,1.9903759956359863,0.10917867720127106,,,,,,,,,,,,,,
913,2.438364028930664,-9.67926025390625,0.3320044279098511,0.33244675397872925,0.01414463110268116,1.7597755193710327,1.759761095046997,0.007237700745463371,0.033465828746557236,0.0,0.01626534750750292,2.015305280685425,0.10872557014226913,,,,,,,,,,,,,,
914,2.455183982849121,-9.714694023132324,0.33548882603645325,0.3357982337474823,0.01421406026929617,1.7694889307022095,1.7698765993118286,0.007347249425947666,0.03217633441090584,0.0,0.01626681695738811,1.9817299842834473,0.109747514128685,,,,,,,,,,,,,,
915,2.4566357135772705,-9.689350128173828,0.3347959518432617,0.3347969353199005,0.01460509467869997,1.772269606590271,1.7726061344146729,0.007428719196468592,0.029692718759179115,0.0,0.016268302701227404,2.0253708362579346,0.10858462005853653,,,,,,,,,,,,,,
916,2.45521879196167,-9.650651931762695,0.33724987506866455,0.33780437707901,0.014409052208065987,1.7663508653640747,1.7651598453521729,0.0073959557339549065,0.03406252712011337,0.0,0.016269781892374196,1.9945077896118164,0.10980173200368881,,,,,,,,,,,,,,
917,2.439601182937622,-9.697275161743164,0.3308734893798828,0.33050090074539185,0.014070458710193634,1.7640109062194824,1.7643016576766968,0.007051245309412479,0.035150621086359024,0.0,0.01627119214143608,1.9888349771499634,0.1091330498456955,,,,,,,,,,,,,,
918,2.444439172744751,-9.76413345336914,0.333625465631485,0.3341173231601715,0.014204654842615128,1.7626819610595703,1.7623014450073242,0.007475509308278561,0.03500595688819885,0.0,0.016272687243297734,1.9995962381362915,0.10933144390583038,,,,,,,,,,,,,,
919,2.4487109184265137,-9.704172134399414,0.3341483771800995,0.33443132042884827,0.01465572975575924,1.7655359506607056,1.7654151916503906,0.007569847162812948,0.03635569289326668,0.0,0.016274201212730297,2.0176219940185547,0.10936643183231354,,,,,,,,,,,,,,
920,2.445974111557007,-9.700721740722656,0.3348003029823303,0.3349386155605316,0.014558050781488419,1.7614997625350952,1.7618545293807983,0.007372058928012848,0.03246428817510605,0.0,0.0162756756245159,1.9851492643356323,0.10894404351711273,0.7812485694885254,0.7812485694885254,0.2187514305114746,9.32907772064209,0.0017275759054898123,0.8922736644744873,4.04754638671875,-0.0,1.4786566495895386,0.7807331681251526,0.001862473055925522,0.7807332277297974,0.08325601369142532,1.08697509765625
921,2.467041492462158,-9.753838539123535,0.3436683416366577,0.34405627846717834,0.014492897316813469,1.7644506692886353,1.7651970386505127,0.0072881015948951244,0.032129526138305664,0.0,0.01627713324483488,2.0194671154022217,0.10852211713790894,,,,,,,,,,,,,,
922,2.4464871883392334,-9.744269371032715,0.33511674404144287,0.334927499294281,0.01456011924892664,1.7611929178237915,1.7625725269317627,0.007408241741359234,0.03326121345162392,0.0,0.016278614893183153,2.0511655807495117,0.10821952670812607,,,,,,,,,,,,,,
923,2.4462218284606934,-9.738325119018555,0.33480677008628845,0.3348745107650757,0.014425741508603096,1.7618921995162964,1.7623370885849,0.007392066530883312,0.035004980862140656,0.0,0.01628009330648933,2.013533115386963,0.1083766296505928,,,,,,,,,,,,,,
924,2.4422500133514404,-9.769047737121582,0.329781174659729,0.3301987648010254,0.014253471046686172,1.7682007551193237,1.7678322792053223,0.00729189021512866,0.03448985517024994,0.0,0.016281551684532356,2.004267930984497,0.10821881145238876,,,,,,,,,,,,,,
925,2.4514048099517822,-9.717961311340332,0.3347802460193634,0.3354107737541199,0.014649184420704842,1.7670276165008545,1.766101598739624,0.00759971933439374,0.035106174647808075,0.0,0.016283071628399235,1.9995921850204468,0.10864825546741486,,,,,,,,,,,,,,
926,2.4471585750579834,-9.728755950927734,0.33315348625183105,0.3333858549594879,0.014244194142520428,1.7666925191879272,1.7660576105117798,0.0074489181861281395,0.036145228892564774,0.0,0.01628456141203646,2.015657901763916,0.10807885229587555,,,,,,,,,,,,,,
927,2.453932523727417,-9.756935119628906,0.33461469411849976,0.335576593875885,0.014490092173218727,1.7698220014572144,1.768680453300476,0.007775656878948212,0.03302288427948952,0.0,0.01628611654341225,2.0143322944641113,0.10694447159767151,,,,,,,,,,,,,,
928,2.452472686767578,-9.787294387817383,0.3358445465564728,0.33637329936027527,0.014664830639958382,1.7660329341888428,1.7651468515396118,0.007476054597645998,0.03408085182309151,0.0,0.016287611754331778,1.9994868040084839,0.10750838369131088,,,,,,,,,,,,,,
929,2.444401264190674,-9.726557731628418,0.33657050132751465,0.33691003918647766,0.01443232037127018,1.7564409971237183,1.7565360069274902,0.007407472003251314,0.03432735428214073,0.0,0.016289093248732428,2.0261874198913574,0.10790731757879257,,,,,,,,,,,,,,
930,2.4500725269317627,-9.769489288330078,0.33554303646087646,0.3350216746330261,0.015956584364175797,1.762847661972046,1.7642549276351929,0.007194983772933483,0.032277874648571014,0.0,0.016290532245487016,2.009404182434082,0.10805220156908035,0.7803696393966675,0.7803696393966675,0.21963036060333252,9.406503677368164,0.0017431056782556663,0.8901114463806152,4.048215866088867,-0.0,1.48060941696167,0.7802529335021973,0.0018810380026690898,0.780252993106842,0.08312559127807617,1.082972526550293
931,2.4498682022094727,-9.802450180053711,0.33482035994529724,0.3341897428035736,0.014133868739008904,1.7662672996520996,1.767181158065796,0.00733726704493165,0.03492014482617378,0.0,0.016291999698896,1.9854285717010498,0.10865962505340576,,,,,,,,,,,,,,
932,2.458319664001465,-9.813573837280273,0.33735841512680054,0.3371962904930115,0.013977409340441227,1.7693973779678345,1.7701777219772339,0.00735111441463232,0.03635389357805252,0.0,0.01629346992177893,2.005086898803711,0.10854712128639221,,,,,,,,,,,,,,
933,2.451282024383545,-9.731941223144531,0.33790966868400574,0.33799979090690613,0.014401160180568695,1.7606614828109741,1.7612810134887695,0.007229708135128021,0.03484838083386421,0.0,0.016294915863405954,2.021003246307373,0.10849220305681229,,,,,,,,,,,,,,
934,2.4574480056762695,-9.81119441986084,0.33863234519958496,0.3382628858089447,0.014080500230193138,1.7660328149795532,1.7669119834899902,0.007355507928878069,0.034899964928627014,0.0,0.01629638696499173,2.0051515102386475,0.10862795263528824,,,,,,,,,,,,,,
935,2.4473154544830322,-9.848692893981934,0.3348177373409271,0.33447757363319397,0.014217999763786793,1.7633274793624878,1.7642768621444702,0.00733173917979002,0.03162577375769615,0.0,0.016297853312827685,2.014482259750366,0.10905469954013824,,,,,,,,,,,,,,
936,2.4548985958099365,-9.83203411102295,0.3410361409187317,0.34132900834083557,0.014440803788602352,1.7581292390823364,1.7580560445785522,0.007398474495857954,0.032350387424230576,0.0,0.016299333007726857,1.9879579544067383,0.1081920713186264,,,,,,,,,,,,,,
937,2.4442336559295654,-9.868435859680176,0.33267301321029663,0.33303943276405334,0.014164132066071033,1.7644792795181274,1.7642347812652588,0.00739282788708806,0.03205181658267975,0.0,0.016300811573304274,2.010249376296997,0.10773266106843948,,,,,,,,,,,,,,
938,2.464262008666992,-9.864954948425293,0.3457140028476715,0.34632474184036255,0.01524318102747202,1.7574411630630493,1.7565187215805054,0.007886623963713646,0.03362284600734711,0.0,0.016302388898097018,1.9816328287124634,0.10925117880105972,,,,,,,,,,,,,,
939,2.4461565017700195,-9.832426071166992,0.336553156375885,0.33751943707466125,0.013983390294015408,1.7589401006698608,1.757260799407959,0.0072597358375787735,0.0335417315363884,0.0,0.016303840845264532,2.03196382522583,0.10953719913959503,,,,,,,,,,,,,,
940,2.4796221256256104,-9.823644638061523,0.3497893214225769,0.35064801573753357,0.014601938426494598,1.7650935649871826,1.7640721797943115,0.00747533468529582,0.03496631979942322,0.0,0.016305335912201593,1.988999605178833,0.10939120501279831,0.7802724838256836,0.7802724838256836,0.2197275161743164,9.408307075500488,0.0017015638581344254,0.8876129388809204,4.051919937133789,-0.0,1.49553382396698,0.7803693413734436,0.0018828494884282568,0.7803693413734436,0.08262445777654648,1.0881692171096802
941,2.4706454277038574,-9.876562118530273,0.34277406334877014,0.3433164656162262,0.01403428427875042,1.7706348896026611,1.7704064846038818,0.007518473546952009,0.03805806487798691,0.0,0.016306839606910983,2.000152826309204,0.10897984355688095,,,,,,,,,,,,,,
942,2.457167863845825,-9.890122413635254,0.33554789423942566,0.33636441826820374,0.014500422403216362,1.7710857391357422,1.7704246044158936,0.007413824088871479,0.03541118651628494,0.0,0.01630832237172876,1.9773149490356445,0.10910993069410324,,,,,,,,,,,,,,
943,2.452589511871338,-9.843911170959473,0.33643707633018494,0.3368779718875885,0.014199786819517612,1.7652236223220825,1.7649257183074951,0.007445461582392454,0.03280226141214371,0.0,0.016309811464045237,1.9982380867004395,0.10966376215219498,,,,,,,,,,,,,,
944,2.4502532482147217,-9.879301071166992,0.3379189968109131,0.33717605471611023,0.014335976913571358,1.7603609561920166,1.7612833976745605,0.007508974056690931,0.032519515603780746,0.0,0.016311313258856576,1.993027925491333,0.10903408378362656,,,,,,,,,,,,,,
945,2.434060573577881,-9.90150260925293,0.3288332521915436,0.32807740569114685,0.014065152034163475,1.762376070022583,1.7637933492660522,0.0076620192267000675,0.03143687546253204,0.0,0.016312845662701917,1.984394907951355,0.10941905528306961,,,,,,,,,,,,,,
946,2.454911947250366,-9.884493827819824,0.3419375717639923,0.3416314125061035,0.013885069638490677,1.7572351694107056,1.7576807737350464,0.007510346360504627,0.03403303772211075,0.0,0.01631434773197402,1.9901248216629028,0.10887009650468826,,,,,,,,,,,,,,
947,2.440835475921631,-9.911691665649414,0.3325299024581909,0.33264055848121643,0.01460063923150301,1.7608548402786255,1.7612740993499756,0.0075253876857459545,0.0339968167245388,0.0,0.01631585280951117,1.9900842905044556,0.10900192707777023,,,,,,,,,,,,,,
948,2.4445977210998535,-9.911296844482422,0.33154335618019104,0.3322649300098419,0.014367734082043171,1.7673155069351196,1.7655277252197266,0.007498521823436022,0.03554802015423775,0.0,0.016317352513875855,2.0012660026550293,0.10878930985927582,,,,,,,,,,,,,,
949,2.444516658782959,-9.934786796569824,0.3306393325328827,0.3314542770385742,0.014606807380914688,1.7683507204055786,1.7672817707061768,0.007299394346773624,0.03240875154733658,0.0,0.01631881239274521,2.011453151702881,0.1089555099606514,,,,,,,,,,,,,,
950,2.4440488815307617,-9.953994750976562,0.32989758253097534,0.33077970147132874,0.014434722252190113,1.769644021987915,1.7682297229766846,0.0076248231343925,0.032709669321775436,0.0,0.016320337357372088,2.008399248123169,0.10761292278766632,0.7809608578681946,0.7809608578681946,0.21903914213180542,9.39116382598877,0.0017407403489380746,0.8913607597351074,4.048046112060547,-0.0,1.4658695459365845,0.7803846001625061,0.0018888706911544563,0.7803846597671509,0.08252990990877151,1.0848734378814697
951,2.4538896083831787,-9.880884170532227,0.3393377363681793,0.33970847725868225,0.01443876326084137,1.76055908203125,1.7602503299713135,0.0074460250325500965,0.032438866794109344,0.0,0.016321826562378596,1.9807649850845337,0.10762965679168701,,,,,,,,,,,,,,
952,2.456719398498535,-9.937738418579102,0.3371748626232147,0.3366469740867615,0.014521229080855846,1.7678457498550415,1.768906831741333,0.007372085936367512,0.03180280700325966,0.0,0.01632330097956587,1.9937694072723389,0.10756376385688782,,,,,,,,,,,,,,
953,2.4492881298065186,-10.0037841796875,0.3399195373058319,0.33955204486846924,0.015066354535520077,1.753664493560791,1.755835771560669,0.007438916712999344,0.031801965087652206,0.0,0.01632478876290847,2.00376033782959,0.10718519240617752,,,,,,,,,,,,,,
954,2.455592155456543,-9.933822631835938,0.3406524360179901,0.33982956409454346,0.013978200033307076,1.760371208190918,1.7618927955627441,0.0074192010797560215,0.0335393026471138,0.0,0.01632627260312442,1.9869557619094849,0.10730229318141937,,,,,,,,,,,,,,
955,2.4473185539245605,-9.885942459106445,0.33498385548591614,0.33490708470344543,0.014153570868074894,1.7629657983779907,1.7635821104049683,0.007358457427471876,0.03155234083533287,0.0,0.016327744294609915,1.986451506614685,0.10724201798439026,,,,,,,,,,,,,,
956,2.4486303329467773,-9.950294494628906,0.3368726670742035,0.3367161750793457,0.013746370561420918,1.7606377601623535,1.7619524002075195,0.007339142262935638,0.03200678899884224,0.0,0.0163292121230625,2.016003131866455,0.10775794088840485,,,,,,,,,,,,,,
957,2.4432804584503174,-9.978151321411133,0.3341960906982422,0.33496302366256714,0.0135327884927392,1.7611929178237915,1.7599841356277466,0.007346392143517733,0.033033497631549835,0.0,0.016330681401491205,2.0221564769744873,0.10829447954893112,,,,,,,,,,,,,,
958,2.450331211090088,-9.94969367980957,0.3363676965236664,0.3370932936668396,0.014248283579945564,1.762927770614624,1.7623162269592285,0.0072063663974404335,0.0321010947227478,0.0,0.01633212267477069,1.9930583238601685,0.10801038146018982,,,,,,,,,,,,,,
959,2.4547181129455566,-9.956147193908691,0.33240780234336853,0.3336227238178253,0.014671222306787968,1.7751469612121582,1.772886037826538,0.007968167774379253,0.03206759691238403,0.0,0.016333716308325568,2.0390079021453857,0.10838430374860764,,,,,,,,,,,,,,
960,2.4581613540649414,-10.03043270111084,0.33416077494621277,0.33545494079589844,0.01407362800091505,1.775842547416687,1.7731014490127563,0.007423116825520992,0.03375120460987091,0.0,0.016335200931690674,2.0168275833129883,0.10816264897584915,0.7807192206382751,0.7807192206382751,0.21928077936172485,9.348604202270508,0.0016987993153202753,0.8925619721412659,4.046086311340332,-0.0,1.4808564186096191,0.7803084850311279,0.0018856383238947628,0.7803084850311279,0.08094250410795212,1.0932271480560303
961,2.4275217056274414,-10.014726638793945,0.32308152318000793,0.32385092973709106,0.014008944854140282,1.767095923423767,1.7660647630691528,0.007422983646392822,0.03139205276966095,0.0,0.016336685528419954,2.0099503993988037,0.10854505747556686,,,,,,,,,,,,,,
962,2.4377686977386475,-9.951430320739746,0.3289414048194885,0.3289594054222107,0.01447892002761364,1.7651833295822144,1.765594720840454,0.007106687407940626,0.02945258468389511,0.0,0.016338106865901543,2.030625581741333,0.10804030299186707,,,,,,,,,,,,,,
963,2.446760654449463,-10.005426406860352,0.33457282185554504,0.3338721990585327,0.014832191169261932,1.762611746788025,1.764355182647705,0.00749164680019021,0.030611345544457436,0.0,0.01633960519526158,2.016408681869507,0.10923361778259277,,,,,,,,,,,,,,
964,2.4516637325286865,-10.070667266845703,0.33433419466018677,0.333659291267395,0.014465411193668842,1.768247365951538,1.7701622247695923,0.007476139813661575,0.029063548892736435,0.0,0.016341100423224314,2.0192885398864746,0.10858814418315887,,,,,,,,,,,,,,
965,2.4502387046813965,-9.975202560424805,0.3365411162376404,0.3357718586921692,0.014119554311037064,1.7632967233657837,1.7643157243728638,0.007245474029332399,0.033776767551898956,0.0,0.01634254951803018,2.0355889797210693,0.1088418960571289,,,,,,,,,,,,,,
966,2.451000928878784,-9.957123756408691,0.336016982793808,0.3357185125350952,0.014157447032630444,1.7644754648208618,1.765740156173706,0.007281971629709005,0.02967728301882744,0.0,0.01634400591235612,1.999446153640747,0.1094096451997757,,,,,,,,,,,,,,
967,2.4454150199890137,-10.02822494506836,0.33549219369888306,0.33505040407180786,0.014058534055948257,1.760172724723816,1.7614552974700928,0.007557559758424759,0.03329452872276306,0.0,0.016345517424307805,2.0134811401367188,0.10922418534755707,,,,,,,,,,,,,,
968,2.4441816806793213,-10.133027076721191,0.331853985786438,0.3320717215538025,0.014131934382021427,1.7662454843521118,1.7660024166107178,0.007547558750957251,0.03377242758870125,0.0,0.016347026936057996,1.985803246498108,0.10903416574001312,,,,,,,,,,,,,,
969,2.4620351791381836,-10.05675983428955,0.34207502007484436,0.3429720401763916,0.014206488616764545,1.763453722000122,1.7621095180511475,0.007477953098714352,0.030360503122210503,0.0,0.016348522526677737,2.0094029903411865,0.1086062416434288,,,,,,,,,,,,,,
970,2.4460325241088867,-10.01031494140625,0.3312745988368988,0.3322044312953949,0.0144844651222229,1.768637776374817,1.7675002813339233,0.007474582176655531,0.03130131587386131,0.0,0.01635001744311307,1.9989514350891113,0.10846138000488281,0.781171441078186,0.781171441078186,0.21882855892181396,9.352931022644043,0.0017172488160300447,0.8917931914329529,4.045527935028076,-0.0,1.4838230609893799,0.7804542183876038,0.0018870204038648588,0.7804542183876038,0.08002199977636337,1.0886577367782593
971,2.4491658210754395,-10.084409713745117,0.33936604857444763,0.33904141187667847,0.014449488371610641,1.7560195922851562,1.7565982341766357,0.0073660751804709435,0.029029620811343193,0.0,0.016351490658149163,2.020554542541504,0.10805308818817139,,,,,,,,,,,,,,
972,2.43937087059021,-10.09817123413086,0.3359421491622925,0.3361210525035858,0.01363387331366539,1.7531267404556274,1.754220962524414,0.007426903583109379,0.032212793827056885,0.0,0.016352976038865784,2.0064032077789307,0.1081782653927803,,,,,,,,,,,,,,
973,2.4518797397613525,-10.048165321350098,0.339636892080307,0.33952566981315613,0.013887831009924412,1.7583924531936646,1.7592662572860718,0.007296164985746145,0.029746348038315773,0.0,0.016354435271862932,2.011673927307129,0.10858985036611557,,,,,,,,,,,,,,
974,2.444857597351074,-10.008942604064941,0.3292814791202545,0.3289836347103119,0.014883588999509811,1.7712877988815308,1.7721302509307861,0.0077203428372740746,0.03291771560907364,0.0,0.01635597934043039,1.980448603630066,0.10820682346820831,,,,,,,,,,,,,,
975,2.4518051147460938,-10.124924659729004,0.3362031579017639,0.3362672030925751,0.014165365137159824,1.764890432357788,1.7654483318328857,0.007058556191623211,0.02841479703783989,0.0,0.016357391051668713,2.022002696990967,0.10764913260936737,,,,,,,,,,,,,,
976,2.455233573913574,-10.116058349609375,0.33328017592430115,0.33412858843803406,0.014201939105987549,1.77447509765625,1.7727710008621216,0.007169291842728853,0.029969265684485435,0.0,0.01635882491003726,1.9815775156021118,0.1071988195180893,,,,,,,,,,,,,,
977,2.441915512084961,-10.04749870300293,0.33077573776245117,0.3321683704853058,0.013711449690163136,1.7665183544158936,1.7640018463134766,0.007326028775423765,0.031163211911916733,0.0,0.016360290115792344,2.0044913291931152,0.10742129385471344,,,,,,,,,,,,,,
978,2.4509594440460205,-10.070608139038086,0.3355885148048401,0.3361281156539917,0.013802879489958286,1.7659541368484497,1.7649259567260742,0.007308413740247488,0.027848225086927414,0.0,0.016361751798540394,1.9791871309280396,0.10718680918216705,,,,,,,,,,,,,,
979,2.4499382972717285,-10.212740898132324,0.33177727460861206,0.33304518461227417,0.014448365196585655,1.7713966369628906,1.7699384689331055,0.00721357949078083,0.02787955477833748,0.0,0.016363194514438552,1.9883427619934082,0.10719326883554459,,,,,,,,,,,,,,
980,2.461017608642578,-10.093097686767578,0.3459433317184448,0.3464629054069519,0.01370129082351923,1.755284070968628,1.7545360326766968,0.007171138655394316,0.02914755791425705,0.0,0.01636462874216963,1.9853601455688477,0.10757509618997574,0.779510498046875,0.779510498046875,0.220489501953125,9.439672470092773,0.001715446784137017,0.8873246312141418,4.05098819732666,-0.0,1.4699952602386475,0.7799533605575562,0.0018705422357198761,0.7799534201622009,0.08177400380373001,1.0857731103897095
981,2.468742847442627,-10.038665771484375,0.34392714500427246,0.34318360686302185,0.01414396334439516,1.7667253017425537,1.768250823020935,0.00734398839995265,0.030734028667211533,0.0,0.01636609753984962,1.981510043144226,0.106573186814785,,,,,,,,,,,,,,
982,2.4718017578125,-10.123271942138672,0.347434937953949,0.3466283977031708,0.014025313779711723,1.7628698348999023,1.7645561695098877,0.007119315676391125,0.029805298894643784,0.0,0.0163675214029849,1.9798334836959839,0.10645963251590729,,,,,,,,,,,,,,
983,2.4443726539611816,-10.227865219116211,0.3308430314064026,0.33052390813827515,0.014152413234114647,1.7680319547653198,1.7696747779846191,0.007178842555731535,0.027601193636655807,0.0,0.016368957171496043,2.029872179031372,0.10702808201313019,,,,,,,,,,,,,,
984,2.4644217491149902,-10.125603675842285,0.34247010946273804,0.3422168791294098,0.014439325779676437,1.7651519775390625,1.765438437461853,0.007043075282126665,0.031605057418346405,0.0,0.016370365786552467,2.0038132667541504,0.10782422870397568,,,,,,,,,,,,,,
985,2.431602716445923,-10.031925201416016,0.33015620708465576,0.33039766550064087,0.013791936449706554,1.7571964263916016,1.757317304611206,0.006959748454391956,0.029798751696944237,0.0,0.016371757736243345,2.0040369033813477,0.10779692977666855,,,,,,,,,,,,,,
986,2.466555595397949,-10.145013809204102,0.3450095057487488,0.3449558615684509,0.015057827346026897,1.7612417936325073,1.7618227005004883,0.007223619148135185,0.031320855021476746,0.0,0.016373202460072973,2.0211379528045654,0.1074204221367836,,,,,,,,,,,,,,
987,2.456965446472168,-10.260027885437012,0.33563539385795593,0.33561471104621887,0.014582485891878605,1.7710707187652588,1.7711951732635498,0.007031207904219627,0.031200869008898735,0.0,0.016374608701653817,1.9969940185546875,0.10694407671689987,,,,,,,,,,,,,,
988,2.46699857711792,-10.168471336364746,0.34443163871765137,0.34501758217811584,0.01516143511980772,1.7629083395004272,1.7618675231933594,0.007091490086168051,0.030492594465613365,0.0,0.01637602699967105,1.9761004447937012,0.10829091817140579,,,,,,,,,,,,,,
989,2.455195426940918,-10.095773696899414,0.33856308460235596,0.3381929397583008,0.014275040477514267,1.7635166645050049,1.7648121118545532,0.00709729315713048,0.02760392054915428,0.0,0.016377446458302476,1.9941602945327759,0.10745812952518463,,,,,,,,,,,,,,
990,2.4616761207580566,-10.15533447265625,0.3412333130836487,0.34026870131492615,0.013888413086533546,1.7655850648880005,1.7669861316680908,0.0070792995393276215,0.03067384660243988,0.0,0.01637886231821034,2.002861499786377,0.10805387794971466,0.7800260782241821,0.7800260782241821,0.21997392177581787,9.448297500610352,0.0016914779248834542,0.8865077495574951,4.054623126983643,-0.0,1.4867029190063477,0.7803021669387817,0.0018311874544774624,0.7803022265434265,0.07980422675609589,1.0896186828613281
991,2.437992572784424,-10.235501289367676,0.33242446184158325,0.3322030007839203,0.013723921962082386,1.759261965751648,1.7600206136703491,0.007010051980614662,0.03190457448363304,0.0,0.016380264328606464,2.0054445266723633,0.10761620849370956,,,,,,,,,,,,,,
992,2.439582586288452,-10.184069633483887,0.33131086826324463,0.3320854902267456,0.013664505444467068,1.7629895210266113,1.7620540857315063,0.007328949403017759,0.03011373057961464,0.0,0.016381730118487068,2.018508195877075,0.10844860970973969,,,,,,,,,,,,,,
993,2.446042776107788,-10.133966445922852,0.33507227897644043,0.33547571301460266,0.014169780537486076,1.7614096403121948,1.7612403631210327,0.007163243368268013,0.028874555602669716,0.0,0.01638316276716072,1.975773572921753,0.10814405232667923,,,,,,,,,,,,,,
994,2.4500815868377686,-10.204322814941406,0.3344535827636719,0.33514201641082764,0.014189903624355793,1.7666562795639038,1.7659358978271484,0.006944861728698015,0.02902608923614025,0.0,0.01638455173950646,2.0249524116516113,0.10827117413282394,,,,,,,,,,,,,,
995,2.44646954536438,-10.232758522033691,0.33191919326782227,0.3322722315788269,0.014096482656896114,1.7685825824737549,1.7677807807922363,0.006963416468352079,0.02745278738439083,0.0,0.01638594442280013,2.010200023651123,0.10789436846971512,,,,,,,,,,,,,,
996,2.445859909057617,-10.234049797058105,0.3304153382778168,0.3307740390300751,0.013802877627313137,1.7710933685302734,1.7706419229507446,0.007025790400803089,0.02823384664952755,0.0,0.01638734958088029,2.015385150909424,0.1082213819026947,,,,,,,,,,,,,,
997,2.450822591781616,-10.164454460144043,0.337020605802536,0.33700627088546753,0.015105042606592178,1.7615892887115479,1.7617921829223633,0.00691266031935811,0.029956737533211708,0.0,0.016388732112944164,2.034527540206909,0.10801436752080917,,,,,,,,,,,,,,
998,2.4612627029418945,-10.212974548339844,0.3417551517486572,0.3418812155723572,0.014110101386904716,1.7634832859039307,1.7635490894317627,0.006913123652338982,0.02785002440214157,0.0,0.01639011473767463,2.0463526248931885,0.10811272263526917,,,,,,,,,,,,,,
999,2.4482927322387695,-10.287446975708008,0.3347247540950775,0.334621399641037,0.014159757643938065,1.7645447254180908,1.7650293111801147,0.007083234842866659,0.030951648950576782,0.0,0.016391531384643204,2.0144176483154297,0.10813649743795395,,,,,,,,,,,,,,
1000,2.4595980644226074,-10.203267097473145,0.34163469076156616,0.3416382968425751,0.013970805332064629,1.7624436616897583,1.7622650861740112,0.006849423050880432,0.02809581160545349,0.0,0.016392901269253378,2.047621726989746,0.1078573688864708,0.7795131206512451,0.7795131206512451,0.22048687934875488,9.445672035217285,0.0014194508466412506,0.8863636255264282,4.052682399749756,-0.0,1.4850473403930664,0.7799456119537354,0.0018010884170676753,0.7799456119537354,0.07905051112174988,1.0953953266143799
