epoch,critic_loss,actor_loss,q1_loss,q2_loss,cost_loss,cql_q1,cql_q2,expected_immediate_cost,expected_cost_to_go,expected_support_cost,expected_smoothness_cost,expected_uncertainty_cost,exact_soft_inadmissibility_rate,support_cost_for_lambda,smooth_cost_for_lambda,uncertainty_cost_for_lambda,cost_budget,support_budget,smooth_budget,uncertainty_budget,lagrange,lambda_inad,lambda_support,lambda_smooth,lambda_uncertainty,expert_kl,uses_action_mask,use_certified_nudging,barrier_weight,support_weight,rho_cost,rho_reward,avg_return,survival_rate,mortality_rate,avg_length,inadmissibility_rate,expert_argmax_match,mean_kl_to_expert,policy_entropy,mean_action_deviation_from_expert,soft_survival_rate,soft_inadmissibility_rate,soft_avg_return,soft_policy_entropy,soft_mean_kl_to_expert
1,4.2922515869140625,0.9178735017776489,0.030187075957655907,0.03415680304169655,0.9618532061576843,3.251248598098755,3.280860424041748,2.832356786863488e-18,0.13527804613113403,0.8808460235595703,0.11208988726139069,0.10980239510536194,2.832356786863488e-18,0.8808460235595703,0.11208988726139069,0.10980239510536194,0.0001,0.25,1.0,0.25,0.0,0.0,0.0,0.0,0.0,0.004452281165868044,False,True,25.0,1.0,1.0,1.0,,,,,,,,,,,,,,
2,4.226925373077393,0.8786861300468445,0.029692942276597023,0.03240654245018959,0.9431867003440857,3.2106058597564697,3.232672691345215,2.6516418112584157e-18,0.14918264746665955,0.8784085512161255,0.11160486936569214,0.11339274793863297,2.6516418112584157e-18,0.8784085512161255,0.11160486936569214,0.11339274793863297,0.0001,0.25,1.0,0.25,0.0,0.0,0.0,0.0,0.0,0.0050038620829582214,False,True,25.0,1.0,1.0,1.0,,,,,,,,,,,,,,
3,4.164132118225098,0.8399333953857422,0.03078526072204113,0.03196091949939728,0.9219991564750671,3.17138934135437,3.1873838901519775,2.472392599698787e-18,0.17246969044208527,0.8763229846954346,0.11122699826955795,0.1224643737077713,2.472392599698787e-18,0.8763229846954346,0.11122699826955795,0.1224643737077713,0.0001,0.25,1.0,0.25,0.0,0.0,0.0,0.0,0.0,0.006044614128768444,False,True,25.0,1.0,1.0,1.0,,,,,,,,,,,,,,
4,4.0996503829956055,0.8006259202957153,0.03351706638932228,0.033402279019355774,0.8963937163352966,3.129805564880371,3.142869234085083,2.312799681035256e-18,0.19426663219928741,0.8742697834968567,0.1107165738940239,0.13034731149673462,2.312799681035256e-18,0.8742697834968567,0.1107165738940239,0.13034731149673462,0.0001,0.25,1.0,0.25,0.0,0.0,0.0,0.0,0.0,0.0075732446275651455,False,True,25.0,1.0,1.0,1.0,,,,,,,,,,,,,,
5,4.034414291381836,0.7599830031394958,0.03799934312701225,0.03635252267122269,0.8671247363090515,3.0871171951293945,3.0987584590911865,2.1491415832513334e-18,0.22339284420013428,0.8723947405815125,0.11044146865606308,0.14431558549404144,2.1491415832513334e-18,0.8723947405815125,0.11044146865606308,0.14431558549404144,0.0001,0.25,1.0,0.25,0.0,0.0,0.0,0.0,0.0,0.009399201720952988,False,True,25.0,1.0,1.0,1.0,,,,,,,,,,,,,,
6,3.967163562774658,0.7189799547195435,0.044744011014699936,0.041104886680841446,0.8334779143333435,3.0421414375305176,3.053532123565674,1.9986635745526774e-18,0.2566796839237213,0.8698431253433228,0.10968348383903503,0.16013941168785095,1.9986635745526774e-18,0.8698431253433228,0.10968348383903503,0.16013941168785095,0.0001,0.25,1.0,0.25,0.0,0.0,0.0,0.0,0.0,0.012237703427672386,False,True,25.0,1.0,1.0,1.0,,,,,,,,,,,,,,
7,3.8925490379333496,0.671911895275116,0.05357525870203972,0.0478193573653698,0.7935853600502014,2.992366075515747,3.002772331237793,1.8547701303250966e-18,0.29667267203330994,0.8680498003959656,0.10931085795164108,0.17774993181228638,1.8547701303250966e-18,0.8680498003959656,0.10931085795164108,0.17774993181228638,0.0001,0.25,1.0,0.25,0.0,0.0,0.0,0.0,0.0,0.015185927040874958,False,True,25.0,1.0,1.0,1.0,,,,,,,,,,,,,,
8,3.816159248352051,0.6197015047073364,0.06521778553724289,0.05641387775540352,0.7496170401573181,2.940469741821289,2.9493510723114014,1.7185186975841636e-18,0.34207677841186523,0.8657270073890686,0.10881736129522324,0.19550038874149323,1.7185186975841636e-18,0.8657270073890686,0.10881736129522324,0.19550038874149323,0.0001,0.25,1.0,0.25,0.0,0.0,0.0,0.0,0.0,0.019393255934119225,False,True,25.0,1.0,1.0,1.0,,,,,,,,,,,,,,
9,3.737276077270508,0.5621354579925537,0.07928712666034698,0.06821076571941376,0.7008445262908936,2.884359836578369,2.893507480621338,1.581372048625295e-18,0.39419806003570557,0.8640462160110474,0.10835157334804535,0.21689027547836304,1.581372048625295e-18,0.8640462160110474,0.10835157334804535,0.21689027547836304,0.0001,0.25,1.0,0.25,0.0,0.0,0.0,0.0,0.0,0.02373967505991459,False,True,25.0,1.0,1.0,1.0,,,,,,,,,,,,,,
10,3.6579504013061523,0.4974413216114044,0.09536785632371902,0.08137873560190201,0.649476170539856,2.8269972801208496,2.8364574909210205,1.4530806783165363e-18,0.4534873068332672,0.861818253993988,0.1079651489853859,0.23865868151187897,1.4563717963755205e-18,0.860854983329773,0.1076609194278717,0.23532696068286896,0.0001,0.25,1.0,0.25,0.0,0.0,0.0,0.0,0.0,0.02938876859843731,False,True,25.0,1.0,1.0,1.0,0.7779291272163391,0.7779291272163391,0.2220708727836609,8.711177825927734,0.0,0.8756966590881348,4.062627792358398,-0.0,1.110156774520874,0.7777538895606995,1.4563717963755205e-18,0.7777538895606995,0.48502323031425476,0.01764489896595478
11,3.572326183319092,0.42696264386177063,0.11503715813159943,0.09851895272731781,0.5900343060493469,2.764915943145752,2.772555351257324,1.3396632561924e-18,0.5184326171875,0.860041081905365,0.10739029943943024,0.2618287205696106,1.3396632561924e-18,0.860041081905365,0.10739029943943024,0.2618287205696106,0.0001,0.25,1.0,0.25,0.0,0.0,0.0,0.0,0.0,0.03567008674144745,False,True,25.0,1.0,1.0,1.0,,,,,,,,,,,,,,
12,3.4914941787719727,0.3515605032444,0.1365765780210495,0.11796154081821442,0.5312183499336243,2.7021350860595703,2.7093398571014404,1.2380746202253483e-18,0.587265133857727,0.8586195111274719,0.10702966153621674,0.2841259241104126,1.2380746202253483e-18,0.8586195111274719,0.10702966153621674,0.2841259241104126,0.0001,0.25,1.0,0.25,0.0,0.0,0.0,0.0,0.0,0.04256821796298027,False,True,25.0,1.0,1.0,1.0,,,,,,,,,,,,,,
13,3.413243293762207,0.2663961350917816,0.15840867161750793,0.13871946930885315,0.47074100375175476,2.6428563594818115,2.647892475128174,1.1409581362400647e-18,0.6623473763465881,0.8566691279411316,0.10671722143888474,0.3042844235897064,1.1409581362400647e-18,0.8566691279411316,0.10671722143888474,0.3042844235897064,0.0001,0.25,1.0,0.25,0.0,0.0,0.0,0.0,0.0,0.04954281449317932,False,True,25.0,1.0,1.0,1.0,,,,,,,,,,,,,,
14,3.3405847549438477,0.18798433244228363,0.1816577911376953,0.16069395840168,0.41286537051200867,2.5837085247039795,2.587027072906494,1.0677364186096004e-18,0.7316176295280457,0.8550627827644348,0.10645951330661774,0.3163735866546631,1.0677364186096004e-18,0.8550627827644348,0.10645951330661774,0.3163735866546631,0.0001,0.25,1.0,0.25,0.0,0.0,0.0,0.0,0.0,0.05573680251836777,False,True,25.0,1.0,1.0,1.0,,,,,,,,,,,,,,
15,3.2672295570373535,0.10172606259584427,0.20067743957042694,0.17986251413822174,0.3588646352291107,2.5281193256378174,2.5275309085845947,9.945291766398558e-19,0.7978005409240723,0.8532360792160034,0.10641293972730637,0.3257887661457062,9.945291766398558e-19,0.8532360792160034,0.10641293972730637,0.3257887661457062,0.0001,0.25,1.0,0.25,0.0,0.0,0.0,0.0,0.0,0.06356082856655121,False,True,25.0,1.0,1.0,1.0,,,,,,,,,,,,,,
16,3.2043676376342773,0.026198919862508774,0.21944750845432281,0.20083092153072357,0.31070631742477417,2.475626230239868,2.471139430999756,9.396414002987465e-19,0.856328010559082,0.8517765402793884,0.1064814105629921,0.32886776328086853,9.396414002987465e-19,0.8517765402793884,0.1064814105629921,0.32886776328086853,0.0001,0.25,1.0,0.25,0.0,0.0,0.0,0.0,0.0,0.07056991010904312,False,True,25.0,1.0,1.0,1.0,,,,,,,,,,,,,,
17,3.152505874633789,-0.05547376349568367,0.23232577741146088,0.21727266907691956,0.27213501930236816,2.434215545654297,2.4273288249969482,8.910190001098436e-19,0.9038500189781189,0.8501841425895691,0.10660550743341446,0.32392653822898865,8.910190001098436e-19,0.8501841425895691,0.10660550743341446,0.32392653822898865,0.0001,0.25,1.0,0.25,0.0,0.0,0.0,0.0,0.0,0.07684427499771118,False,True,25.0,1.0,1.0,1.0,,,,,,,,,,,,,,
18,3.1048171520233154,-0.11434580385684967,0.24098870158195496,0.23000851273536682,0.2414119690656662,2.3973891735076904,2.3874268531799316,8.638160799914833e-19,0.9307376742362976,0.848392903804779,0.10692321509122849,0.310533732175827,8.638160799914833e-19,0.848392903804779,0.10692321509122849,0.310533732175827,0.0001,0.25,1.0,0.25,0.0,0.0,0.0,0.0,0.0,0.08268299698829651,False,True,25.0,1.0,1.0,1.0,,,,,,,,,,,,,,
19,3.0612597465515137,-0.16781197488307953,0.24191728234291077,0.23666676878929138,0.2191179394721985,2.371436357498169,2.355679512023926,8.312249053629526e-19,0.9471190571784973,0.8469892740249634,0.10743444412946701,0.29154324531555176,8.312249053629526e-19,0.8469892740249634,0.10743444412946701,0.29154324531555176,0.0001,0.25,1.0,0.25,0.0,0.0,0.0,0.0,0.0,0.08851277083158493,False,True,25.0,1.0,1.0,1.0,,,,,,,,,,,,,,
20,3.025332450866699,-0.2026999443769455,0.23775042593479156,0.23682257533073425,0.20196713507175446,2.358473062515259,2.339111566543579,8.158902175771383e-19,0.9409592151641846,0.8450906276702881,0.10764212161302567,0.2662799060344696,7.77798343209521e-19,0.8441777229309082,0.10791915655136108,0.2615620493888855,0.0001,0.25,1.0,0.25,0.0,0.0,0.0,0.0,1.1562049388885499e-05,0.09326640516519547,False,True,25.0,1.0,1.0,1.0,0.7739493250846863,0.7739493250846863,0.22605067491531372,8.432741165161133,0.0,0.8394675850868225,4.171545028686523,-0.0,1.3302111625671387,0.7773483395576477,7.777980188185641e-19,0.7773483395576477,0.44467252492904663,0.05563703924417496
21,2.999617099761963,-0.2329980432987213,0.23197801411151886,0.23520047962665558,0.19545863568782806,2.3509786128997803,2.322981357574463,8.08833643169025e-19,0.9279898405075073,0.8440126776695251,0.10836081951856613,0.24028997123241425,8.08833643169025e-19,0.8440126776695251,0.10836081951856613,0.24028997123241425,0.0001,0.25,1.0,0.25,0.0,0.0,0.0,0.0,1.1562049388885499e-05,0.0979478657245636,False,True,25.0,1.0,1.0,1.0,,,,,,,,,,,,,,
22,2.963850498199463,-0.24812547862529755,0.21974974870681763,0.22397178411483765,0.18193507194519043,2.3558990955352783,2.320488691329956,7.935326112943839e-19,0.8995574116706848,0.8425994515419006,0.1090599000453949,0.2151641845703125,7.935326112943839e-19,0.8425994515419006,0.1090599000453949,0.2151641845703125,0.0001,0.25,1.0,0.25,0.0,0.0,0.0,0.0,1.1562049388885499e-05,0.10424245148897171,False,True,25.0,1.0,1.0,1.0,,,,,,,,,,,,,,
23,2.939845561981201,-0.25343596935272217,0.2104644626379013,0.21561168134212494,0.17297877371311188,2.3575010299682617,2.324080467224121,7.956119882579774e-19,0.8698461055755615,0.8407471776008606,0.1095946729183197,0.19250929355621338,7.956119882579774e-19,0.8407471776008606,0.1095946729183197,0.19250929355621338,0.0001,0.25,1.0,0.25,0.0,0.0,0.0,0.0,1.1562049388885499e-05,0.10912100225687027,False,True,25.0,1.0,1.0,1.0,,,,,,,,,,,,,,
24,2.91348934173584,-0.2547459900379181,0.19780203700065613,0.20449846982955933,0.1622866839170456,2.366969108581543,2.3308351039886475,7.823931250814971e-19,0.8337842226028442,0.8393749594688416,0.11027313768863678,0.17476901412010193,7.823931250814971e-19,0.8393749594688416,0.11027313768863678,0.17476901412010193,0.0001,0.25,1.0,0.25,0.0,0.0,0.0,0.0,1.1562049388885499e-05,0.1151428297162056,False,True,25.0,1.0,1.0,1.0,,,,,,,,,,,,,,
25,2.884838581085205,-0.25194334983825684,0.18524864315986633,0.19113491475582123,0.14857405424118042,2.37741756439209,2.342344045639038,7.754671935113789e-19,0.8017745614051819,0.8374882340431213,0.11085018515586853,0.16539330780506134,7.754671935113789e-19,0.8374882340431213,0.11085018515586853,0.16539330780506134,0.0001,0.25,1.0,0.25,0.0,0.0,0.0,0.0,1.1562049388885499e-05,0.12214311957359314,False,True,25.0,1.0,1.0,1.0,,,,,,,,,,,,,,
26,2.861845016479492,-0.2403540462255478,0.17365272343158722,0.17934080958366394,0.13705912232398987,2.3904128074645996,2.3531720638275146,7.636945005395828e-19,0.7701417207717896,0.8361750245094299,0.11173908412456512,0.162453293800354,7.636945005395828e-19,0.8361750245094299,0.11173908412456512,0.162453293800354,0.0001,0.25,1.0,0.25,0.0,0.0,0.0,0.0,1.1562049388885499e-05,0.12743490934371948,False,True,25.0,1.0,1.0,1.0,,,,,,,,,,,,,,
27,2.8421454429626465,-0.24050195515155792,0.16604956984519958,0.1704624891281128,0.13004392385482788,2.392320394515991,2.358858108520508,7.44176243408205e-19,0.7459017634391785,0.8343557715415955,0.11253245919942856,0.16579732298851013,7.44176243408205e-19,0.8343557715415955,0.11253245919942856,0.16579732298851013,0.0001,0.25,1.0,0.25,0.0,0.0,0.0,0.0,1.1562049388885499e-05,0.13454726338386536,False,True,25.0,1.0,1.0,1.0,,,,,,,,,,,,,,
28,2.8206334114074707,-0.23508945107460022,0.15890295803546906,0.16350150108337402,0.12147487699985504,2.393632411956787,2.3598756790161133,7.211152751108391e-19,0.7175208926200867,0.832338273525238,0.11307841539382935,0.16912992298603058,7.211152751108391e-19,0.832338273525238,0.11307841539382935,0.16912992298603058,0.0001,0.25,1.0,0.25,0.0,0.0,0.0,0.0,1.1562049388885499e-05,0.1410045474767685,False,True,25.0,1.0,1.0,1.0,,,,,,,,,,,,,,
29,2.8033628463745117,-0.23251973092556,0.15265145897865295,0.15663745999336243,0.1151222363114357,2.3945295810699463,2.3633739948272705,7.039925847322032e-19,0.6889154314994812,0.8311570286750793,0.11382898688316345,0.17120061814785004,7.039925847322032e-19,0.8311570286750793,0.11382898688316345,0.17120061814785004,0.0001,0.25,1.0,0.25,0.0,0.0,0.0,0.0,1.1562049388885499e-05,0.1450560986995697,False,True,25.0,1.0,1.0,1.0,,,,,,,,,,,,,,
30,2.7863993644714355,-0.24097038805484772,0.1496063768863678,0.15339288115501404,0.1107417568564415,2.388176679611206,2.357140064239502,6.745774217643581e-19,0.6683566570281982,0.8294299840927124,0.11432408541440964,0.1749417930841446,6.373488599358184e-19,0.8269082903862,0.11543332040309906,0.1705370396375656,0.0001,0.25,1.0,0.25,0.0,0.0,0.0,0.0,0.0,0.15060462057590485,False,True,25.0,1.0,1.0,1.0,0.7789339423179626,0.7789339423179626,0.22106605768203735,7.896388530731201,0.0,0.856092631816864,4.156279563903809,-0.0,1.6623201370239258,0.778353214263916,6.373487616543538e-19,0.778353214263916,0.414867639541626,0.0851074829697609
31,2.768289089202881,-0.25253626704216003,0.14744217693805695,0.1513514667749405,0.10676249861717224,2.377997636795044,2.347468137741089,6.515673767734525e-19,0.653949499130249,0.8268597722053528,0.11479771882295609,0.18242712318897247,6.515673767734525e-19,0.8268597722053528,0.11479771882295609,0.18242712318897247,0.0001,0.25,1.0,0.25,0.0,0.0,0.0,0.0,0.0,0.15745480358600616,False,True,25.0,1.0,1.0,1.0,,,,,,,,,,,,,,
32,2.754518985748291,-0.27958551049232483,0.14764857292175293,0.15198901295661926,0.10491243004798889,2.3650853633880615,2.334852695465088,6.348403889203466e-19,0.6399095058441162,0.8244226574897766,0.11567465960979462,0.18837818503379822,6.348403889203466e-19,0.8244226574897766,0.11567465960979462,0.18837818503379822,0.0001,0.25,1.0,0.25,0.0,0.0,0.0,0.0,0.0,0.16673855483531952,False,True,25.0,1.0,1.0,1.0,,,,,,,,,,,,,,
33,2.7365520000457764,-0.3000071346759796,0.15178968012332916,0.1553002893924713,0.10404585301876068,2.3390467166900635,2.3117852210998535,5.972995206026635e-19,0.6199236512184143,0.8225760459899902,0.11601719260215759,0.18694409728050232,5.972995206026635e-19,0.8225760459899902,0.11601719260215759,0.18694409728050232,0.0001,0.25,1.0,0.25,0.0,0.0,0.0,0.0,0.0,0.17138001322746277,False,True,25.0,1.0,1.0,1.0,,,,,,,,,,,,,,
34,2.7222254276275635,-0.336929589509964,0.15599177777767181,0.1592320054769516,0.10240760445594788,2.3183228969573975,2.290864944458008,5.727962595097348e-19,0.6106846928596497,0.8208154439926147,0.11647921800613403,0.1876179277896881,5.727962595097348e-19,0.8208154439926147,0.11647921800613403,0.1876179277896881,0.0001,0.25,1.0,0.25,0.0,0.0,0.0,0.0,0.0,0.17866630852222443,False,True,25.0,1.0,1.0,1.0,,,,,,,,,,,,,,
35,2.707442045211792,-0.3637863099575043,0.16420039534568787,0.16740968823432922,0.10065918415784836,2.2878262996673584,2.262519359588623,5.488969436615465e-19,0.5974271297454834,0.8190007209777832,0.11713363975286484,0.18424780666828156,5.488969436615465e-19,0.8190007209777832,0.11713363975286484,0.18424780666828156,0.0001,0.25,1.0,0.25,0.0,0.0,0.0,0.0,0.0,0.18631596863269806,False,True,25.0,1.0,1.0,1.0,,,,,,,,,,,,,,
36,2.694766044616699,-0.4091876149177551,0.1696731299161911,0.1727239340543747,0.09965099394321442,2.2647275924682617,2.240708351135254,5.389277112202691e-19,0.5895801782608032,0.8165197968482971,0.11727576702833176,0.18351350724697113,5.389277112202691e-19,0.8165197968482971,0.11727576702833176,0.18351350724697113,0.0001,0.25,1.0,0.25,0.0,0.0,0.0,0.0,0.0,0.19117026031017303,False,True,25.0,1.0,1.0,1.0,,,,,,,,,,,,,,
37,2.6778149604797363,-0.44414493441581726,0.17809174954891205,0.1811041682958603,0.09600798040628433,2.2345833778381348,2.210638999938965,5.11945027940001e-19,0.5803523063659668,0.8152040839195251,0.11743871122598648,0.17987345159053802,5.11945027940001e-19,0.8152040839195251,0.11743871122598648,0.17987345159053802,0.0001,0.25,1.0,0.25,0.0,0.0,0.0,0.0,0.0,0.19783951342105865,False,True,25.0,1.0,1.0,1.0,,,,,,,,,,,,,,
38,2.6664798259735107,-0.48934465646743774,0.18718750774860382,0.19035424292087555,0.09483921527862549,2.2056386470794678,2.1825592517852783,5.011548704395531e-19,0.5704748630523682,0.8127828240394592,0.11769863218069077,0.17259162664413452,5.011548704395531e-19,0.8127828240394592,0.11769863218069077,0.17259162664413452,0.0001,0.25,1.0,0.25,0.0,0.0,0.0,0.0,0.0,0.20394141972064972,False,True,25.0,1.0,1.0,1.0,,,,,,,,,,,,,,
39,2.6551830768585205,-0.5364984273910522,0.19520361721515656,0.19881437718868256,0.09373948723077774,2.1781258583068848,2.1567251682281494,4.82965168769512e-19,0.563530445098877,0.810383677482605,0.1176745817065239,0.1650535613298416,4.82965168769512e-19,0.810383677482605,0.1176745817065239,0.1650535613298416,0.0001,0.25,1.0,0.25,0.0,0.0,0.0,0.0,0.0,0.2120622992515564,False,True,25.0,1.0,1.0,1.0,,,,,,,,,,,,,,
40,2.644848108291626,-0.5856993794441223,0.2021118849515915,0.2062658667564392,0.09037744253873825,2.1564900875091553,2.135695695877075,4.640362261257899e-19,0.5567053556442261,0.8079055547714233,0.11763952672481537,0.1601671725511551,4.0586353637380925e-19,0.8058432340621948,0.11760340631008148,0.1515827625989914,0.0001,0.25,1.0,0.25,0.0,0.0,0.0,0.0,0.0,0.21856483817100525,False,True,25.0,1.0,1.0,1.0,0.7851563692092896,0.7851563692092896,0.21484363079071045,7.941528797149658,0.0,0.8790121078491211,4.093029975891113,-0.0,1.6571784019470215,0.7798306345939636,4.0586353637380925e-19,0.7798306345939636,0.3846834897994995,0.11648058891296387
41,2.6288082599639893,-0.6242539882659912,0.20749671757221222,0.21222130954265594,0.08686108142137527,2.133155345916748,2.111302614212036,4.563471687418033e-19,0.5474023222923279,0.8062639236450195,0.11734867095947266,0.151118203997612,4.563471687418033e-19,0.8062639236450195,0.11734867095947266,0.151118203997612,0.0001,0.25,1.0,0.25,0.0,0.0,0.0,0.0,0.0,0.22473518550395966,False,True,25.0,1.0,1.0,1.0,,,,,,,,,,,,,,
42,2.620602607727051,-0.6663906574249268,0.2133082002401352,0.2187741994857788,0.08474567532539368,2.1142237186431885,2.093325138092041,4.450668033308411e-19,0.5391084551811218,0.8048467040061951,0.11752177029848099,0.14523574709892273,4.450668033308411e-19,0.8048467040061951,0.11752177029848099,0.14523574709892273,0.0001,0.25,1.0,0.25,0.0,0.0,0.0,0.0,0.0,0.2292056381702423,False,True,25.0,1.0,1.0,1.0,,,,,,,,,,,,,,
43,2.604307174682617,-0.7050638794898987,0.21877910196781158,0.22345930337905884,0.08079294115304947,2.0898444652557373,2.072707414627075,4.1404652223373097e-19,0.5322853326797485,0.8013904094696045,0.11731415241956711,0.13911372423171997,4.1404652223373097e-19,0.8013904094696045,0.11731415241956711,0.13911372423171997,0.0001,0.25,1.0,0.25,0.0,0.0,0.0,0.0,0.0,0.24051126837730408,False,True,25.0,1.0,1.0,1.0,,,,,,,,,,,,,,
44,2.591369390487671,-0.7363071441650391,0.21744218468666077,0.2219776064157486,0.07812781631946564,2.0826220512390137,2.065021514892578,4.0691968917233894e-19,0.5238534808158875,0.7998051643371582,0.11690779030323029,0.1320619434118271,4.0691968917233894e-19,0.7998051643371582,0.11690779030323029,0.1320619434118271,0.0001,0.25,1.0,0.25,0.0,0.0,0.0,0.0,0.0,0.2473798543214798,False,True,25.0,1.0,1.0,1.0,,,,,,,,,,,,,,
45,2.578296184539795,-0.7665261030197144,0.21957167983055115,0.223115935921669,0.07414482533931732,2.068716526031494,2.054211139678955,4.131235696158808e-19,0.5145605206489563,0.797393798828125,0.11671745032072067,0.13030923902988434,4.131235696158808e-19,0.797393798828125,0.11671745032072067,0.13030923902988434,0.0001,0.25,1.0,0.25,0.0,0.0,0.0,0.0,0.0,0.25486046075820923,False,True,25.0,1.0,1.0,1.0,,,,,,,,,,,,,,
46,2.564804792404175,-0.7962173819541931,0.2216079980134964,0.22510948777198792,0.07167287170886993,2.0530176162719727,2.0398108959198,4.0170196311532515e-19,0.5018269419670105,0.7963514924049377,0.11662330478429794,0.12584148347377777,4.0170196311532515e-19,0.7963514924049377,0.11662330478429794,0.12584148347377777,0.0001,0.25,1.0,0.25,0.0,0.0,0.0,0.0,0.0,0.25990810990333557,False,True,25.0,1.0,1.0,1.0,,,,,,,,,,,,,,
47,2.556262969970703,-0.8099058866500854,0.2211925983428955,0.2226717621088028,0.07054921239614487,2.0456552505493164,2.03804349899292,3.9817982806707436e-19,0.4958181381225586,0.7942600250244141,0.11630911380052567,0.1243535652756691,3.9817982806707436e-19,0.7942600250244141,0.11630911380052567,0.1243535652756691,0.0001,0.25,1.0,0.25,0.0,0.0,0.0,0.0,0.0,0.2710646390914917,False,True,25.0,1.0,1.0,1.0,,,,,,,,,,,,,,
48,2.5436203479766846,-0.814163088798523,0.22010371088981628,0.2223597764968872,0.06693863123655319,2.038801670074463,2.029634952545166,4.141715557531972e-19,0.4930393397808075,0.7927313446998596,0.11608822643756866,0.12271235138177872,4.141715557531972e-19,0.7927313446998596,0.11608822643756866,0.12271235138177872,0.0001,0.25,1.0,0.25,0.0,0.0,0.0,0.0,0.0,0.2777259647846222,False,True,25.0,1.0,1.0,1.0,,,,,,,,,,,,,,
49,2.5348892211914062,-0.8465610146522522,0.22051532566547394,0.22087079286575317,0.0654374435544014,2.0308966636657715,2.0252344608306885,3.809472777633337e-19,0.4843880832195282,0.7911545634269714,0.1156095340847969,0.12235121428966522,3.809472777633337e-19,0.7911545634269714,0.1156095340847969,0.12235121428966522,0.0001,0.25,1.0,0.25,0.0,0.0,0.0,0.0,0.0,0.2845628559589386,False,True,25.0,1.0,1.0,1.0,,,,,,,,,,,,,,
50,2.525970220565796,-0.866822361946106,0.21924662590026855,0.21962065994739532,0.0645327940583229,2.0253794193267822,2.0197606086730957,4.1810870282440232e-19,0.47251710295677185,0.7891252040863037,0.11538193374872208,0.12153096497058868,2.8909053525168657e-19,0.7863736748695374,0.11522124707698822,0.11195331811904907,0.0001,0.25,1.0,0.25,0.0,0.0,0.0,0.0,0.0,0.29804059863090515,False,True,25.0,1.0,1.0,1.0,0.786790668964386,0.786790668964386,0.213209331035614,8.170077323913574,0.0,0.8863636255264282,4.080381393432617,-0.0,1.5865784883499146,0.7803339958190918,2.8909053525168657e-19,0.7803339958190918,0.34953978657722473,0.1609390676021576
51,2.5115768909454346,-0.8787941932678223,0.2214604616165161,0.2212163507938385,0.06060020998120308,2.0106420516967773,2.00595760345459,3.4171878005028336e-19,0.4672408998012543,0.786939263343811,0.1152552142739296,0.12201232463121414,3.4171878005028336e-19,0.786939263343811,0.1152552142739296,0.12201232463121414,0.0001,0.25,1.0,0.25,0.0,0.0,0.0,0.0,0.0,0.3091491460800171,False,True,25.0,1.0,1.0,1.0,,,,,,,,,,,,,,
52,2.5011661052703857,-0.8942952752113342,0.21984517574310303,0.2193821370601654,0.05854257196187973,2.004340887069702,2.0024516582489014,3.7780603353776944e-19,0.45860570669174194,0.784665584564209,0.11499952524900436,0.11962782591581345,3.7780603353776944e-19,0.784665584564209,0.11499952524900436,0.11962782591581345,0.0001,0.25,1.0,0.25,0.0,0.0,0.0,0.0,0.0,0.3210744559764862,False,True,25.0,1.0,1.0,1.0,,,,,,,,,,,,,,
53,2.4986515045166016,-0.9118236303329468,0.21949854493141174,0.21914063394069672,0.05851513519883156,2.0031864643096924,1.9998078346252441,3.447641488729739e-19,0.4553162753582001,0.7831674814224243,0.11467935144901276,0.12143301963806152,3.447641488729739e-19,0.7831674814224243,0.11467935144901276,0.12143301963806152,0.0001,0.25,1.0,0.25,0.0,0.0,0.0,0.0,0.0,0.331493079662323,False,True,25.0,1.0,1.0,1.0,,,,,,,,,,,,,,
54,2.4843225479125977,-0.9360807538032532,0.22161713242530823,0.22126798331737518,0.05532461777329445,1.9876971244812012,1.9845287799835205,3.7349145946269285e-19,0.4436883330345154,0.7823811769485474,0.11483171582221985,0.11957275867462158,3.7349145946269285e-19,0.7823811769485474,0.11483171582221985,0.11957275867462158,0.0001,0.25,1.0,0.25,0.0,0.0,0.0,0.0,0.0,0.34897270798683167,False,True,25.0,1.0,1.0,1.0,,,,,,,,,,,,,,
55,2.481923818588257,-0.9514877796173096,0.22401747107505798,0.2241574078798294,0.05639052763581276,1.9785544872283936,1.976162075996399,3.332284172972801e-19,0.4338175058364868,0.7805027365684509,0.11468899995088577,0.11755025386810303,3.332284172972801e-19,0.7805027365684509,0.11468899995088577,0.11755025386810303,0.0001,0.25,1.0,0.25,0.0,0.0,0.0,0.0,0.0,0.3614117503166199,False,True,25.0,1.0,1.0,1.0,,,,,,,,,,,,,,
56,2.475969076156616,-0.9599764943122864,0.2222597450017929,0.22331322729587555,0.0542227104306221,1.978881597518921,1.9734653234481812,3.6954340394715967e-19,0.42894497513771057,0.7777608036994934,0.11448405683040619,0.11759208142757416,3.6954340394715967e-19,0.7777608036994934,0.11448405683040619,0.11759208142757416,0.0001,0.25,1.0,0.25,0.0,0.0,0.0,0.0,0.0,0.37974897027015686,False,True,25.0,1.0,1.0,1.0,,,,,,,,,,,,,,
57,2.4694714546203613,-0.9990215301513672,0.2244526594877243,0.22576172649860382,0.053938128054142,1.9665168523788452,1.964120864868164,3.1365884911852984e-19,0.42010965943336487,0.7766729593276978,0.1143941804766655,0.11606042087078094,3.1365884911852984e-19,0.7766729593276978,0.1143941804766655,0.11606042087078094,0.0001,0.25,1.0,0.25,0.0,0.0,0.0,0.0,0.0,0.3919554054737091,False,True,25.0,1.0,1.0,1.0,,,,,,,,,,,,,,
58,2.4616575241088867,-1.0122114419937134,0.22507350146770477,0.2258141040802002,0.05222073942422867,1.9593589305877686,1.957739233970642,3.5811691191111115e-19,0.412398099899292,0.7750383615493774,0.11447729170322418,0.11638549715280533,3.5811691191111115e-19,0.7750383615493774,0.11447729170322418,0.11638549715280533,0.0001,0.25,1.0,0.25,0.0,0.0,0.0,0.0,0.0,0.40863722562789917,False,True,25.0,1.0,1.0,1.0,,,,,,,,,,,,,,
59,2.455674886703491,-1.033441424369812,0.22708766162395477,0.22883298993110657,0.05117286741733551,1.950685977935791,1.9464770555496216,3.8970797348027696e-19,0.4033517837524414,0.7739963531494141,0.11455447971820831,0.11329299956560135,3.8970797348027696e-19,0.7739963531494141,0.11455447971820831,0.11329299956560135,0.0001,0.25,1.0,0.25,0.0,0.0,0.0,0.0,0.0,0.42895737290382385,False,True,25.0,1.0,1.0,1.0,,,,,,,,,,,,,,
60,2.4495389461517334,-1.0600900650024414,0.22780439257621765,0.22878850996494293,0.050504669547080994,1.9435203075408936,1.9413623809814453,3.4909705016849737e-19,0.39289650321006775,0.772730827331543,0.11494332551956177,0.11377471685409546,2.203901264096518e-19,0.7705302238464355,0.11477094888687134,0.10424239933490753,0.0001,0.25,1.0,0.25,0.0,0.0,0.0,0.0,0.0,0.44807761907577515,False,True,25.0,1.0,1.0,1.0,0.7857980728149414,0.7857980728149414,0.2142019271850586,8.391220092773438,0.0,0.8911685347557068,4.06485652923584,-0.0,1.572924256324768,0.780908465385437,2.203901264096518e-19,0.780908465385437,0.30087873339653015,0.24466219544410706
61,2.443909168243408,-1.0790348052978516,0.2296089380979538,0.23046588897705078,0.04974518343806267,1.9351149797439575,1.9330635070800781,4.0077234135378626e-19,0.3917481601238251,0.7715557813644409,0.11489205807447433,0.11383616924285889,4.0077234135378626e-19,0.7715557813644409,0.11489205807447433,0.11383616924285889,0.0001,0.25,1.0,0.25,0.0,0.0,0.0,0.0,0.0,0.46476292610168457,False,True,25.0,1.0,1.0,1.0,,,,,,,,,,,,,,
62,2.4434101581573486,-1.105628490447998,0.23239918053150177,0.2339620143175125,0.049516819417476654,1.9290080070495605,1.9260565042495728,4.482644767838179e-19,0.37852388620376587,0.7691785097122192,0.11479131132364273,0.11036449670791626,4.482644767838179e-19,0.7691785097122192,0.11479131132364273,0.11036449670791626,0.0001,0.25,1.0,0.25,0.0,0.0,0.0,0.0,0.0,0.4901792109012604,False,True,25.0,1.0,1.0,1.0,,,,,,,,,,,,,,
63,2.4358859062194824,-1.1106154918670654,0.23691728711128235,0.23777996003627777,0.04758409410715103,1.9143227338790894,1.912886381149292,3.9618655543536885e-19,0.3716219663619995,0.7689240574836731,0.11539231985807419,0.11006247252225876,3.9618655543536885e-19,0.7689240574836731,0.11539231985807419,0.11006247252225876,0.0001,0.25,1.0,0.25,0.0,0.0,0.0,0.0,0.0,0.5056334733963013,False,True,25.0,1.0,1.0,1.0,,,,,,,,,,,,,,
64,2.4323339462280273,-1.1244258880615234,0.23545412719249725,0.23603813350200653,0.04840525612235069,1.9128429889678955,1.91202974319458,4.666705895816182e-19,0.3646620213985443,0.767206609249115,0.11539926379919052,0.11120043694972992,4.666705895816182e-19,0.767206609249115,0.11539926379919052,0.11120043694972992,0.0001,0.25,1.0,0.25,0.0,0.0,0.0,0.0,0.0,0.5203441381454468,False,True,25.0,1.0,1.0,1.0,,,,,,,,,,,,,,
65,2.4280333518981934,-1.1608638763427734,0.2395855337381363,0.24055325984954834,0.04677215591073036,1.9018868207931519,1.900357723236084,4.782280087989974e-19,0.35360315442085266,0.765821099281311,0.1155112162232399,0.10722427815198898,4.782280087989974e-19,0.765821099281311,0.1155112162232399,0.10722427815198898,0.0001,0.25,1.0,0.25,0.0,0.0,0.0,0.0,0.0,0.5522220134735107,False,True,25.0,1.0,1.0,1.0,,,,,,,,,,,,,,
66,2.425151824951172,-1.1781578063964844,0.23680385947227478,0.2379932552576065,0.046256307512521744,1.9050142765045166,1.9031826257705688,4.738586857071274e-19,0.34626978635787964,0.7644091248512268,0.11580067127943039,0.10759877413511276,4.738586857071274e-19,0.7644091248512268,0.11580067127943039,0.10759877413511276,0.0001,0.25,1.0,0.25,0.0,0.0,0.0,0.0,0.0,0.5690178871154785,False,True,25.0,1.0,1.0,1.0,,,,,,,,,,,,,,
67,2.4231858253479004,-1.1837284564971924,0.24232231080532074,0.24255643784999847,0.045955464243888855,1.8920871019363403,1.8926163911819458,3.50339656394311e-19,0.34176191687583923,0.763247013092041,0.11585322767496109,0.10557045787572861,3.50339656394311e-19,0.763247013092041,0.11585322767496109,0.10557045787572861,0.0001,0.25,1.0,0.25,0.0,0.0,0.0,0.0,0.0,0.5934661030769348,False,True,25.0,1.0,1.0,1.0,,,,,,,,,,,,,,
68,2.418353319168091,-1.2169667482376099,0.24087607860565186,0.2416922152042389,0.04555797576904297,1.8907603025436401,1.8896937370300293,4.061002633780286e-19,0.3342368006706238,0.7618200182914734,0.11595654487609863,0.10517535358667374,4.061002633780286e-19,0.7618200182914734,0.11595654487609863,0.10517535358667374,0.0001,0.25,1.0,0.25,0.0,0.0,0.0,0.0,0.0,0.6130957007408142,False,True,25.0,1.0,1.0,1.0,,,,,,,,,,,,,,
69,2.4128432273864746,-1.210245132446289,0.24483513832092285,0.24485646188259125,0.04407439008355141,1.878617763519287,1.879536509513855,5.580743057626692e-19,0.330996572971344,0.7608660459518433,0.11590690910816193,0.10379299521446228,5.580743057626692e-19,0.7608660459518433,0.11590690910816193,0.10379299521446228,0.0001,0.25,1.0,0.25,0.0,0.0,0.0,0.0,0.0,0.6333224773406982,False,True,25.0,1.0,1.0,1.0,,,,,,,,,,,,,,
70,2.4125521183013916,-1.2437032461166382,0.2454410195350647,0.24543698132038116,0.044218022376298904,1.8763409852981567,1.8785715103149414,5.060716836993566e-19,0.3255537450313568,0.7603589296340942,0.1164984330534935,0.10104246437549591,2.350592026976288e-19,0.7579885721206665,0.11660970002412796,0.09078925848007202,0.0001,0.25,1.0,0.25,0.0,0.0,0.0,0.0,0.0,0.654522180557251,False,True,25.0,1.0,1.0,1.0,0.7848904728889465,0.7848904728889465,0.21510952711105347,8.421903610229492,0.0,0.8906880617141724,4.068942070007324,-0.0,1.631879210472107,0.7816980481147766,2.350592026976288e-19,0.7816980481147766,0.24967435002326965,0.3582570254802704
71,2.407022476196289,-1.2508760690689087,0.24602223932743073,0.2464427500963211,0.04281515255570412,1.8708794116973877,1.8726052045822144,6.632935408357925e-19,0.3192828297615051,0.7586286664009094,0.11645057052373886,0.10044053196907043,6.632935408357925e-19,0.7586286664009094,0.11645057052373886,0.10044053196907043,0.0001,0.25,1.0,0.25,0.0,0.0,0.0,0.0,0.0,0.6701297760009766,False,True,25.0,1.0,1.0,1.0,,,,,,,,,,,,,,
72,2.4042460918426514,-1.2609435319900513,0.24671362340450287,0.2474210113286972,0.04235764220356941,1.8677502870559692,1.8677574396133423,6.519480866503801e-19,0.3125928044319153,0.7580618858337402,0.1166561171412468,0.0987810492515564,6.519480866503801e-19,0.7580618858337402,0.1166561171412468,0.0987810492515564,0.0001,0.25,1.0,0.25,0.0,0.0,0.0,0.0,0.0,0.6969255805015564,False,True,25.0,1.0,1.0,1.0,,,,,,,,,,,,,,
73,2.4070491790771484,-1.2801826000213623,0.245159313082695,0.2461864948272705,0.04204896464943886,1.8736796379089355,1.873628854751587,5.617403702375042e-19,0.31175583600997925,0.7567749619483948,0.1170305609703064,0.09776844084262848,5.617403702375042e-19,0.7567749619483948,0.1170305609703064,0.09776844084262848,0.0001,0.25,1.0,0.25,0.0,0.0,0.0,0.0,0.0,0.718653678894043,False,True,25.0,1.0,1.0,1.0,,,,,,,,,,,,,,
74,2.4031405448913574,-1.2912163734436035,0.24343298375606537,0.244855135679245,0.04129766672849655,1.8740837574005127,1.8730255365371704,7.115306299556106e-19,0.30952760577201843,0.7553260326385498,0.11702284961938858,0.09769472479820251,7.115306299556106e-19,0.7553260326385498,0.11702284961938858,0.09769472479820251,0.0001,0.25,1.0,0.25,0.0,0.0,0.0,0.0,0.0,0.7341328263282776,False,True,25.0,1.0,1.0,1.0,,,,,,,,,,,,,,
75,2.4012484550476074,-1.3009799718856812,0.2454582005739212,0.24584023654460907,0.04072198644280434,1.8689407110214233,1.8695156574249268,7.613512012617966e-19,0.3064330220222473,0.7546853423118591,0.11706411838531494,0.09645180404186249,7.613512012617966e-19,0.7546853423118591,0.11706411838531494,0.09645180404186249,0.0001,0.25,1.0,0.25,0.0,0.0,0.0,0.0,0.0,0.7624232172966003,False,True,25.0,1.0,1.0,1.0,,,,,,,,,,,,,,
76,2.3998208045959473,-1.3336029052734375,0.2447206974029541,0.24633640050888062,0.040822215378284454,1.8689124584197998,1.8669703006744385,6.686774009489588e-19,0.3068229556083679,0.7532188892364502,0.11701468378305435,0.09361830353736877,6.686774009489588e-19,0.7532188892364502,0.11701468378305435,0.09361830353736877,0.0001,0.25,1.0,0.25,0.0,0.0,0.0,0.0,0.0,0.7815161347389221,False,True,25.0,1.0,1.0,1.0,,,,,,,,,,,,,,
77,2.395003318786621,-1.3353747129440308,0.248135507106781,0.24993786215782166,0.03943744674324989,1.8586398363113403,1.8563450574874878,6.467167379626533e-19,0.31075960397720337,0.752449631690979,0.11705895513296127,0.09565484523773193,6.467167379626533e-19,0.752449631690979,0.11705895513296127,0.09565484523773193,0.0001,0.25,1.0,0.25,0.0,0.0,0.0,0.0,0.0,0.7959027886390686,False,True,25.0,1.0,1.0,1.0,,,,,,,,,,,,,,
78,2.393951416015625,-1.3485515117645264,0.24511051177978516,0.2465793639421463,0.03959411382675171,1.863842248916626,1.861492395401001,7.765969154329732e-19,0.31303533911705017,0.751049280166626,0.11680634319782257,0.09480161964893341,7.765969154329732e-19,0.751049280166626,0.11680634319782257,0.09480161964893341,0.0001,0.25,1.0,0.25,0.0,0.0,0.0,0.0,0.0,0.8168355226516724,False,True,25.0,1.0,1.0,1.0,,,,,,,,,,,,,,
79,2.3913004398345947,-1.3532322645187378,0.24749353528022766,0.24965670704841614,0.03890302777290344,1.8569754362106323,1.8535188436508179,7.637348255944448e-19,0.31252291798591614,0.7506706714630127,0.11657187342643738,0.09550174325704575,7.637348255944448e-19,0.7506706714630127,0.11657187342643738,0.09550174325704575,0.0001,0.25,1.0,0.25,0.0,0.0,0.0,0.0,0.0,0.8417508006095886,False,True,25.0,1.0,1.0,1.0,,,,,,,,,,,,,,
80,2.3886492252349854,-1.372658610343933,0.2481219470500946,0.24947397410869598,0.037905339151620865,1.8540449142456055,1.8522511720657349,7.458621925929529e-19,0.30988749861717224,0.7504938840866089,0.1170269176363945,0.09434513002634048,3.09432536496387e-19,0.7486038208007812,0.1165785938501358,0.0840563103556633,0.0001,0.25,1.0,0.25,0.0,0.0,0.0,0.0,0.0,0.8543259501457214,False,True,25.0,1.0,1.0,1.0,0.7837758660316467,0.7837758660316467,0.21622413396835327,8.369026184082031,0.0,0.8867961168289185,4.079555511474609,-0.0,1.6437551975250244,0.7821837663650513,3.09432536496387e-19,0.7821837663650513,0.20885291695594788,0.47052204608917236
81,2.3911945819854736,-1.3810436725616455,0.24828922748565674,0.25032520294189453,0.039095569401979446,1.8546900749206543,1.8522790670394897,8.197149973320069e-19,0.31257396936416626,0.7494842410087585,0.11661559343338013,0.09619563072919846,8.197149973320069e-19,0.7494842410087585,0.11661559343338013,0.09619563072919846,0.0001,0.25,1.0,0.25,0.0,0.0,0.0,0.0,0.0,0.8745430707931519,False,True,25.0,1.0,1.0,1.0,,,,,,,,,,,,,,
82,2.3892478942871094,-1.4081391096115112,0.2512294352054596,0.253372460603714,0.03851248696446419,1.847835898399353,1.844430923461914,7.996209707955039e-19,0.3097315728664398,0.7486225962638855,0.11649923026561737,0.09457516670227051,7.996209707955039e-19,0.7486225962638855,0.11649923026561737,0.09457516670227051,0.0001,0.25,1.0,0.25,0.0,0.0,0.0,0.0,0.0,0.8916162848472595,False,True,25.0,1.0,1.0,1.0,,,,,,,,,,,,,,
83,2.3879144191741943,-1.4094809293746948,0.24886375665664673,0.25117042660713196,0.037651997059583664,1.851736307144165,1.8487200736999512,1.0726162672357805e-18,0.31435641646385193,0.7471901178359985,0.11648392677307129,0.09434021264314651,1.0726162672357805e-18,0.7471901178359985,0.11648392677307129,0.09434021264314651,0.0001,0.25,1.0,0.25,0.0,0.0,0.0,0.0,0.0,0.91056889295578,False,True,25.0,1.0,1.0,1.0,,,,,,,,,,,,,,
84,2.389498233795166,-1.4108949899673462,0.2468041330575943,0.24906787276268005,0.037881601601839066,1.8577938079833984,1.8536956310272217,9.9471198355523e-19,0.31695184111595154,0.7468900084495544,0.11596370488405228,0.09532319009304047,9.9471198355523e-19,0.7468900084495544,0.11596370488405228,0.09532319009304047,0.0001,0.25,1.0,0.25,0.0,0.0,0.0,0.0,0.0,0.9294800758361816,False,True,25.0,1.0,1.0,1.0,,,,,,,,,,,,,,
85,2.3871514797210693,-1.4072368144989014,0.24741631746292114,0.24894064664840698,0.037818972021341324,1.8542616367340088,1.851689338684082,1.0470975385433664e-18,0.31532415747642517,0.7462519407272339,0.11584755778312683,0.0951857715845108,1.0470975385433664e-18,0.7462519407272339,0.11584755778312683,0.0951857715845108,0.0001,0.25,1.0,0.25,0.0,0.0,0.0,0.0,0.0,0.9433736801147461,False,True,25.0,1.0,1.0,1.0,,,,,,,,,,,,,,
86,2.3864994049072266,-1.438400149345398,0.24882245063781738,0.2506296932697296,0.037070028483867645,1.851259708404541,1.8486948013305664,8.461543780461925e-19,0.31935158371925354,0.7452442049980164,0.11581350117921829,0.09537623077630997,8.461543780461925e-19,0.7452442049980164,0.11581350117921829,0.09537623077630997,0.0001,0.25,1.0,0.25,0.0,0.0,0.0,0.0,0.0,0.9543815851211548,False,True,25.0,1.0,1.0,1.0,,,,,,,,,,,,,,
87,2.3825759887695312,-1.454795241355896,0.24847419559955597,0.2501595914363861,0.03743806481361389,1.8476489782333374,1.8453593254089355,1.0727497535071312e-18,0.3172135055065155,0.7443960905075073,0.11549848318099976,0.09489919245243073,1.0727497535071312e-18,0.7443960905075073,0.11549848318099976,0.09489919245243073,0.0001,0.25,1.0,0.25,0.0,0.0,0.0,0.0,0.0,0.9670210480690002,False,True,25.0,1.0,1.0,1.0,,,,,,,,,,,,,,
88,2.3780765533447266,-1.4591737985610962,0.24794693291187286,0.24934586882591248,0.03535577282309532,1.846189022064209,1.8446671962738037,1.287287420576461e-18,0.31970641016960144,0.7439752221107483,0.11511441320180893,0.092955581843853,1.287287420576461e-18,0.7439752221107483,0.11511441320180893,0.092955581843853,0.0001,0.25,1.0,0.25,0.0,0.0,0.0,0.0,0.0,0.9900213479995728,False,True,25.0,1.0,1.0,1.0,,,,,,,,,,,,,,
89,2.3817009925842285,-1.4720312356948853,0.24758268892765045,0.24964639544487,0.036821331828832626,1.849448323249817,1.8458527326583862,9.969619148213743e-19,0.3257693946361542,0.74310302734375,0.11449219286441803,0.09443528950214386,9.969619148213743e-19,0.74310302734375,0.11449219286441803,0.09443528950214386,0.0001,0.25,1.0,0.25,0.0,0.0,0.0,0.0,0.0,0.9979231357574463,False,True,25.0,1.0,1.0,1.0,,,,,,,,,,,,,,
90,2.3789007663726807,-1.4841703176498413,0.24570629000663757,0.2466934621334076,0.0359424389898777,1.851007103919983,1.8501099348068237,1.012165701275252e-18,0.3211851119995117,0.7422271966934204,0.11426269263029099,0.09274622797966003,3.695593427770071e-19,0.7403519749641418,0.114192895591259,0.08205202966928482,0.0001,0.25,1.0,0.25,0.0,0.0,0.0,0.0,0.0,1.0139522552490234,False,True,25.0,1.0,1.0,1.0,0.7820546627044678,0.7820546627044678,0.21794533729553223,8.515314102172852,0.0,0.8927541971206665,4.0570068359375,-0.0,1.5934243202209473,0.7823840975761414,3.695593427770071e-19,0.7823840975761414,0.18166998028755188,0.5631104707717896
91,2.379528522491455,-1.506117820739746,0.2501576244831085,0.25266116857528687,0.036275915801525116,1.84276282787323,1.8381048440933228,1.1508597983650542e-18,0.32618921995162964,0.7406774759292603,0.11410123854875565,0.09186338633298874,1.1508597983650542e-18,0.7406774759292603,0.11410123854875565,0.09186338633298874,0.0001,0.25,1.0,0.25,0.0,0.0,0.0,0.0,0.0,1.0392943620681763,False,True,25.0,1.0,1.0,1.0,,,,,,,,,,,,,,
92,2.379258632659912,-1.514927864074707,0.2495318353176117,0.2511836886405945,0.036577727645635605,1.8427186012268066,1.8412123918533325,7.727230735280225e-19,0.3284147083759308,0.7410924434661865,0.11451290547847748,0.09144210815429688,7.727230735280225e-19,0.7410924434661865,0.11451290547847748,0.09144210815429688,0.0001,0.25,1.0,0.25,0.0,0.0,0.0,0.0,0.0,1.03641939163208,False,True,25.0,1.0,1.0,1.0,,,,,,,,,,,,,,
93,2.3752760887145996,-1.5195046663284302,0.24784910678863525,0.2504071891307831,0.03595831245183945,1.8437083959579468,1.8384147882461548,9.550519819057626e-19,0.3300641179084778,0.7396420836448669,0.11391746997833252,0.09082300215959549,9.550519819057626e-19,0.7396420836448669,0.11391746997833252,0.09082300215959549,0.0001,0.25,1.0,0.25,0.0,0.0,0.0,0.0,0.0,1.0644830465316772,False,True,25.0,1.0,1.0,1.0,,,,,,,,,,,,,,
94,2.3784990310668945,-1.5443452596664429,0.2486567199230194,0.2505417466163635,0.035936713218688965,1.8453395366668701,1.8413879871368408,1.871756284203873e-18,0.3332469165325165,0.7383889555931091,0.11355668306350708,0.0916823223233223,1.871756284203873e-18,0.7383889555931091,0.11355668306350708,0.0916823223233223,0.0001,0.25,1.0,0.25,0.0,0.0,0.0,0.0,0.0,1.077944040298462,False,True,25.0,1.0,1.0,1.0,,,,,,,,,,,,,,
95,2.375243902206421,-1.5634746551513672,0.24997809529304504,0.2522329092025757,0.034832388162612915,1.840679407119751,1.835721731185913,1.232754504718137e-18,0.3265426456928253,0.7395421862602234,0.11408403515815735,0.09023211896419525,1.232754504718137e-18,0.7395421862602234,0.11408403515815735,0.09023211896419525,0.0001,0.25,1.0,0.25,0.0,0.0,0.0,0.0,0.0,1.089717984199524,False,True,25.0,1.0,1.0,1.0,,,,,,,,,,,,,,
96,2.37479567527771,-1.5607784986495972,0.25175967812538147,0.2537030279636383,0.03485344722867012,1.836219072341919,1.8327399492263794,1.122854978341612e-18,0.32734745740890503,0.7379017472267151,0.11368043720722198,0.08910446614027023,1.122854978341612e-18,0.7379017472267151,0.11368043720722198,0.08910446614027023,0.0001,0.25,1.0,0.25,0.0,0.0,0.0,0.0,0.0,1.1058915853500366,False,True,25.0,1.0,1.0,1.0,,,,,,,,,,,,,,
97,2.374335289001465,-1.5719443559646606,0.25211548805236816,0.25335893034935,0.03523142635822296,1.8346550464630127,1.8326036930084229,1.376482306028054e-18,0.3256511986255646,0.7376538515090942,0.11419430375099182,0.08855966478586197,1.376482306028054e-18,0.7376538515090942,0.11419430375099182,0.08855966478586197,0.0001,0.25,1.0,0.25,0.0,0.0,0.0,0.0,0.0,1.127853512763977,False,True,25.0,1.0,1.0,1.0,,,,,,,,,,,,,,
98,2.371253252029419,-1.5859531164169312,0.25167882442474365,0.25286683440208435,0.03419563174247742,1.8333100080490112,1.8317139148712158,2.16372126193304e-18,0.32301127910614014,0.7366421222686768,0.11395888030529022,0.08673110604286194,2.16372126193304e-18,0.7366421222686768,0.11395888030529022,0.08673110604286194,0.0001,0.25,1.0,0.25,0.0,0.0,0.0,0.0,0.0,1.1511982679367065,False,True,25.0,1.0,1.0,1.0,,,,,,,,,,,,,,
99,2.375840902328491,-1.6007837057113647,0.2490117996931076,0.2497372031211853,0.035105738788843155,1.8422678709030151,1.841704249382019,1.7387772813637763e-18,0.31685855984687805,0.7358337044715881,0.11406206339597702,0.08501023054122925,1.7387772813637763e-18,0.7358337044715881,0.11406206339597702,0.08501023054122925,0.0001,0.25,1.0,0.25,0.0,0.0,0.0,0.0,0.0,1.1702349185943604,False,True,25.0,1.0,1.0,1.0,,,,,,,,,,,,,,
100,2.375537395477295,-1.619348406791687,0.25191178917884827,0.25285959243774414,0.034788455814123154,1.83685302734375,1.8351020812988281,1.5598639051328443e-18,0.3197804391384125,0.7347766757011414,0.11419317126274109,0.08776023238897324,4.931462538260181e-19,0.7343609929084778,0.11410686373710632,0.07508417963981628,0.0001,0.25,1.0,0.25,0.0,0.0,0.0,0.0,0.0,1.1755459308624268,False,True,25.0,1.0,1.0,1.0,0.7827075719833374,0.7827075719833374,0.2172924280166626,8.519051551818848,0.0,0.8934268355369568,4.054461479187012,-0.0,1.608909010887146,0.7825874090194702,4.931462538260181e-19,0.7825874090194702,0.15960749983787537,0.6552196741104126
101,2.3695147037506104,-1.6109893321990967,0.25108078122138977,0.25206372141838074,0.03391028195619583,1.8330442905426025,1.8318756818771362,1.7346098420401576e-18,0.320285439491272,0.7356361746788025,0.11394474655389786,0.08741205185651779,1.7346098420401576e-18,0.7356361746788025,0.11394474655389786,0.08741205185651779,0.0001,0.25,1.0,0.25,0.0,0.0,0.0,0.0,0.0,1.1998940706253052,False,True,25.0,1.0,1.0,1.0,,,,,,,,,,,,,,
102,2.374311685562134,-1.627057433128357,0.25001031160354614,0.25060418248176575,0.03475209325551987,1.8393524885177612,1.838537573814392,1.3334714991147108e-18,0.31533557176589966,0.7350480556488037,0.1142459586262703,0.0857660248875618,1.3334714991147108e-18,0.7350480556488037,0.1142459586262703,0.0857660248875618,0.0001,0.25,1.0,0.25,0.0,0.0,0.0,0.0,0.0,1.204283595085144,False,True,25.0,1.0,1.0,1.0,,,,,,,,,,,,,,
103,2.3707289695739746,-1.6569135189056396,0.2512575387954712,0.25242680311203003,0.03454594686627388,1.832888126373291,1.8321094512939453,1.607340763570938e-18,0.31688496470451355,0.7341136336326599,0.11416809260845184,0.08596019446849823,1.607340763570938e-18,0.7341136336326599,0.11416809260845184,0.08596019446849823,0.0001,0.25,1.0,0.25,0.0,0.0,0.0,0.0,0.0,1.2171343564987183,False,True,25.0,1.0,1.0,1.0,,,,,,,,,,,,,,
104,2.368579864501953,-1.6691488027572632,0.25243180990219116,0.2533486485481262,0.033204153180122375,1.830509066581726,1.8286815881729126,1.2514473389957634e-18,0.31500744819641113,0.7333628535270691,0.11439596861600876,0.08527658879756927,1.2514473389957634e-18,0.7333628535270691,0.11439596861600876,0.08527658879756927,0.0001,0.25,1.0,0.25,0.0,0.0,0.0,0.0,0.0,1.2303555011749268,False,True,25.0,1.0,1.0,1.0,,,,,,,,,,,,,,
105,2.3695836067199707,-1.677926778793335,0.25449731945991516,0.25566574931144714,0.033829763531684875,1.8269141912460327,1.8242675065994263,1.8611867771318236e-18,0.3171362280845642,0.7335092425346375,0.11425791680812836,0.08337312936782837,1.8611867771318236e-18,0.7335092425346375,0.11425791680812836,0.08337312936782837,0.0001,0.25,1.0,0.25,0.0,0.0,0.0,0.0,0.0,1.2566678524017334,False,True,25.0,1.0,1.0,1.0,,,,,,,,,,,,,,
106,2.366680860519409,-1.687930941581726,0.25362855195999146,0.25481098890304565,0.033160530030727386,1.8259555101394653,1.8242062330245972,1.567978443544413e-18,0.3109956383705139,0.7327978014945984,0.11448999494314194,0.08420680463314056,1.567978443544413e-18,0.7327978014945984,0.11448999494314194,0.08420680463314056,0.0001,0.25,1.0,0.25,0.0,0.0,0.0,0.0,0.0,1.2731379270553589,False,True,25.0,1.0,1.0,1.0,,,,,,,,,,,,,,
107,2.367306709289551,-1.6988797187805176,0.252206414937973,0.2524946630001068,0.03325182572007179,1.8294378519058228,1.8292700052261353,1.3526535073270858e-18,0.3100733160972595,0.7328303456306458,0.11383548378944397,0.0854431763291359,1.3526535073270858e-18,0.7328303456306458,0.11383548378944397,0.0854431763291359,0.0001,0.25,1.0,0.25,0.0,0.0,0.0,0.0,0.0,1.272937536239624,False,True,25.0,1.0,1.0,1.0,,,,,,,,,,,,,,
108,2.3668274879455566,-1.70954167842865,0.25377002358436584,0.254183292388916,0.03234391659498215,1.8267204761505127,1.8263399600982666,2.6902392994110588e-18,0.31085094809532166,0.7320683598518372,0.11431735008955002,0.08331912755966187,2.6902392994110588e-18,0.7320683598518372,0.11431735008955002,0.08331912755966187,0.0001,0.25,1.0,0.25,0.0,0.0,0.0,0.0,0.0,1.2863025665283203,False,True,25.0,1.0,1.0,1.0,,,,,,,,,,,,,,
109,2.366422653198242,-1.7139097452163696,0.2517044246196747,0.2529056966304779,0.03249627724289894,1.8306065797805786,1.8280256986618042,1.7138454373159687e-18,0.30851683020591736,0.7330138087272644,0.11447403579950333,0.08371574431657791,1.7138454373159687e-18,0.7330138087272644,0.11447403579950333,0.08371574431657791,0.0001,0.25,1.0,0.25,0.0,0.0,0.0,0.0,0.0,1.2987068891525269,False,True,25.0,1.0,1.0,1.0,,,,,,,,,,,,,,
110,2.3662538528442383,-1.7328377962112427,0.25161099433898926,0.25293874740600586,0.033276889473199844,1.8295825719833374,1.8272721767425537,1.6238814806898545e-18,0.30717241764068604,0.7302567958831787,0.11359167844057083,0.0819321721792221,5.869209668119173e-19,0.7296406626701355,0.11358653008937836,0.07081447541713715,0.0001,0.25,1.0,0.25,0.0,0.0,0.0,0.0,0.0,1.3125460147857666,False,True,25.0,1.0,1.0,1.0,0.7822114825248718,0.7822114825248718,0.21778851747512817,8.564834594726562,0.0,0.8995771408081055,4.046809196472168,-0.0,1.5948822498321533,0.7825193405151367,5.869209668119173e-19,0.7825193405151367,0.14428938925266266,0.7281157970428467
111,2.3640942573547363,-1.7486906051635742,0.252960205078125,0.25408443808555603,0.03245142102241516,1.825326919555664,1.8238693475723267,1.0668825614222926e-18,0.30889323353767395,0.7302218675613403,0.11335495859384537,0.08220332115888596,1.0668825614222926e-18,0.7302218675613403,0.11335495859384537,0.08220332115888596,0.0001,0.25,1.0,0.25,0.0,0.0,0.0,0.0,0.0,1.318289875984192,False,True,25.0,1.0,1.0,1.0,,,,,,,,,,,,,,
112,2.364689588546753,-1.7536423206329346,0.24904730916023254,0.24992305040359497,0.032516226172447205,1.8340297937393188,1.83237624168396,1.8564799126512437e-18,0.3111184239387512,0.7308782339096069,0.11399393528699875,0.0812891274690628,1.8564799126512437e-18,0.7308782339096069,0.11399393528699875,0.0812891274690628,0.0001,0.25,1.0,0.25,0.0,0.0,0.0,0.0,0.0,1.3301163911819458,False,True,25.0,1.0,1.0,1.0,,,,,,,,,,,,,,
113,2.3641841411590576,-1.759442687034607,0.25186482071876526,0.25223955512046814,0.032143302261829376,1.8280915021896362,1.8277814388275146,8.29947790195959e-19,0.31209826469421387,0.7293447852134705,0.11317937821149826,0.0820799469947815,8.29947790195959e-19,0.7293447852134705,0.11317937821149826,0.0820799469947815,0.0001,0.25,1.0,0.25,0.0,0.0,0.0,0.0,0.0,1.347825527191162,False,True,25.0,1.0,1.0,1.0,,,,,,,,,,,,,,
114,2.3643734455108643,-1.7732141017913818,0.25309258699417114,0.25408726930618286,0.03246589004993439,1.8254077434539795,1.8240476846694946,2.2136761466911892e-18,0.31343698501586914,0.7288321852684021,0.11285394430160522,0.08172407746315002,2.2136761466911892e-18,0.7288321852684021,0.11285394430160522,0.08172407746315002,0.0001,0.25,1.0,0.25,0.0,0.0,0.0,0.0,0.0,1.3472386598587036,False,True,25.0,1.0,1.0,1.0,,,,,,,,,,,,,,
115,2.366567611694336,-1.790860891342163,0.254179447889328,0.25474217534065247,0.03241989016532898,1.8258287906646729,1.8246231079101562,2.5740013981932697e-18,0.3115967810153961,0.7279202342033386,0.11259646713733673,0.08024784177541733,2.5740013981932697e-18,0.7279202342033386,0.11259646713733673,0.08024784177541733,0.0001,0.25,1.0,0.25,0.0,0.0,0.0,0.0,0.0,1.3680096864700317,False,True,25.0,1.0,1.0,1.0,,,,,,,,,,,,,,
116,2.365112781524658,-1.8212995529174805,0.2537335455417633,0.2541668713092804,0.031835611909627914,1.8251398801803589,1.8256136178970337,2.1300248189097735e-18,0.30799591541290283,0.7293847799301147,0.11317399889230728,0.08009418845176697,2.1300248189097735e-18,0.7293847799301147,0.11317399889230728,0.08009418845176697,0.0001,0.25,1.0,0.25,0.0,0.0,0.0,0.0,0.0,1.3789036273956299,False,True,25.0,1.0,1.0,1.0,,,,,,,,,,,,,,
117,2.363144874572754,-1.809839129447937,0.2533084750175476,0.2544286251068115,0.0315999872982502,1.8248945474624634,1.8227211236953735,1.2994868870455462e-18,0.31029582023620605,0.7298257946968079,0.11351273953914642,0.07811490446329117,1.2994868870455462e-18,0.7298257946968079,0.11351273953914642,0.07811490446329117,0.0001,0.25,1.0,0.25,0.0,0.0,0.0,0.0,0.0,1.375762939453125,False,True,25.0,1.0,1.0,1.0,,,,,,,,,,,,,,
118,2.361595392227173,-1.8304566144943237,0.2562679946422577,0.25723227858543396,0.03083122707903385,1.8176478147506714,1.8168799877166748,1.983725106280276e-18,0.30451473593711853,0.7269275188446045,0.11273565143346786,0.07857882976531982,1.983725106280276e-18,0.7269275188446045,0.11273565143346786,0.07857882976531982,0.0001,0.25,1.0,0.25,0.0,0.0,0.0,0.0,0.0,1.3938919305801392,False,True,25.0,1.0,1.0,1.0,,,,,,,,,,,,,,
119,2.3630247116088867,-1.844707727432251,0.2541860342025757,0.2542572617530823,0.0317789688706398,1.822503685951233,1.82310152053833,1.4594972217256867e-18,0.3006182909011841,0.7272294163703918,0.11309821903705597,0.07931342720985413,1.4594972217256867e-18,0.7272294163703918,0.11309821903705597,0.07931342720985413,0.0001,0.25,1.0,0.25,0.0,0.0,0.0,0.0,0.0,1.4138497114181519,False,True,25.0,1.0,1.0,1.0,,,,,,,,,,,,,,
120,2.3634660243988037,-1.8436670303344727,0.2553434371948242,0.2549586594104767,0.031137313693761826,1.8218213319778442,1.8222321271896362,1.9335963067983374e-18,0.3020299971103668,0.7268936634063721,0.1124071478843689,0.07839556783437729,6.58651732568857e-19,0.7258471250534058,0.11280670762062073,0.06621131300926208,0.0001,0.25,1.0,0.25,0.0,0.0,0.0,0.0,0.0,1.4300426244735718,False,True,25.0,1.0,1.0,1.0,0.7822807431221008,0.7822807431221008,0.21771925687789917,8.530414581298828,0.0,0.9023640155792236,4.042264461517334,-0.0,1.588287115097046,0.7825981378555298,6.58651732568857e-19,0.7825981378555298,0.13267090916633606,0.7897429466247559
121,2.3632285594940186,-1.8632975816726685,0.25294965505599976,0.2532074749469757,0.03158803656697273,1.8256216049194336,1.8253449201583862,1.2883633757582394e-18,0.3012237548828125,0.7266980409622192,0.11286899447441101,0.0779249370098114,1.2883633757582394e-18,0.7266980409622192,0.11286899447441101,0.0779249370098114,0.0001,0.25,1.0,0.25,0.0,0.0,0.0,0.0,0.0,1.4278357028961182,False,True,25.0,1.0,1.0,1.0,,,,,,,,,,,,,,
122,2.360858201980591,-1.870165228843689,0.254716157913208,0.25473126769065857,0.03069550357758999,1.8205968141555786,1.8208338022232056,2.879723216689806e-18,0.3032943904399872,0.726445198059082,0.1128157451748848,0.07784677296876907,2.879723216689806e-18,0.726445198059082,0.1128157451748848,0.07784677296876907,0.0001,0.25,1.0,0.25,0.0,0.0,0.0,0.0,0.0,1.4344983100891113,False,True,25.0,1.0,1.0,1.0,,,,,,,,,,,,,,
123,2.3616886138916016,-1.8914222717285156,0.25379350781440735,0.2541375160217285,0.030764717608690262,1.8226327896118164,1.8233528137207031,2.0381300159388074e-18,0.3016413152217865,0.7255126237869263,0.11309479176998138,0.07692337036132812,2.0381300159388074e-18,0.7255126237869263,0.11309479176998138,0.07692337036132812,0.0001,0.25,1.0,0.25,0.0,0.0,0.0,0.0,0.0,1.4566222429275513,False,True,25.0,1.0,1.0,1.0,,,,,,,,,,,,,,
124,2.358637809753418,-1.9113973379135132,0.2574697732925415,0.2582269310951233,0.030474480241537094,1.8130394220352173,1.8118937015533447,1.2681369486249396e-18,0.2945479452610016,0.7267525792121887,0.11271823942661285,0.07568951696157455,1.2681369486249396e-18,0.7267525792121887,0.11271823942661285,0.07568951696157455,0.0001,0.25,1.0,0.25,0.0,0.0,0.0,0.0,0.0,1.447145938873291,False,True,25.0,1.0,1.0,1.0,,,,,,,,,,,,,,
125,2.3611340522766113,-1.9219741821289062,0.2535422444343567,0.25358787178993225,0.030848076567053795,1.823388934135437,1.8229225873947144,2.3085736152857228e-18,0.2934519648551941,0.7249920964241028,0.11322632431983948,0.07742999494075775,2.3085736152857228e-18,0.7249920964241028,0.11322632431983948,0.07742999494075775,0.0001,0.25,1.0,0.25,0.0,0.0,0.0,0.0,0.0,1.470435619354248,False,True,25.0,1.0,1.0,1.0,,,,,,,,,,,,,,
126,2.3590831756591797,-1.9299546480178833,0.25436103343963623,0.2552718222141266,0.030208684504032135,1.8200558423995972,1.8184276819229126,1.557338005734837e-18,0.2944208085536957,0.7245055437088013,0.11239580810070038,0.07686380296945572,1.557338005734837e-18,0.7245055437088013,0.11239580810070038,0.07686380296945572,0.0001,0.25,1.0,0.25,0.0,0.0,0.0,0.0,0.0,1.4757025241851807,False,True,25.0,1.0,1.0,1.0,,,,,,,,,,,,,,
127,2.3565313816070557,-1.9453113079071045,0.25771909952163696,0.25802505016326904,0.02973189949989319,1.8112766742706299,1.8108339309692383,1.773429738380001e-18,0.2966843843460083,0.7247350215911865,0.11261589080095291,0.07807090133428574,1.773429738380001e-18,0.7247350215911865,0.11261589080095291,0.07807090133428574,0.0001,0.25,1.0,0.25,0.0,0.0,0.0,0.0,0.0,1.4899182319641113,False,True,25.0,1.0,1.0,1.0,,,,,,,,,,,,,,
128,2.3584914207458496,-1.9370553493499756,0.25491616129875183,0.2555111050605774,0.03007497265934944,1.8187170028686523,1.8172612190246582,2.4336104434743916e-18,0.2934868037700653,0.7236979007720947,0.11228904128074646,0.0777985230088234,2.4336104434743916e-18,0.7236979007720947,0.11228904128074646,0.0777985230088234,0.0001,0.25,1.0,0.25,0.0,0.0,0.0,0.0,0.0,1.4821929931640625,False,True,25.0,1.0,1.0,1.0,,,,,,,,,,,,,,
129,2.357337474822998,-1.9495505094528198,0.2557743489742279,0.2563585638999939,0.029777901247143745,1.8158599138259888,1.8149937391281128,3.3166348463614867e-18,0.29102128744125366,0.7241132259368896,0.11266317963600159,0.07480578124523163,3.3166348463614867e-18,0.7241132259368896,0.11266317963600159,0.07480578124523163,0.0001,0.25,1.0,0.25,0.0,0.0,0.0,0.0,0.0,1.494554042816162,False,True,25.0,1.0,1.0,1.0,,,,,,,,,,,,,,
130,2.361027240753174,-1.9832621812820435,0.25679710507392883,0.25662457942962646,0.03055565245449543,1.8167974948883057,1.8173025846481323,3.380393927977074e-18,0.28717318177223206,0.7239483594894409,0.11247541010379791,0.0750981941819191,6.643258067567048e-19,0.7224545478820801,0.11223489791154861,0.06351925432682037,0.0001,0.25,1.0,0.25,0.0,0.0,0.0,0.0,0.0,1.5153443813323975,False,True,25.0,1.0,1.0,1.0,0.781903862953186,0.781903862953186,0.21809613704681396,8.567723274230957,0.0,0.8994810581207275,4.043124675750732,-0.0,1.574350357055664,0.7827085852622986,6.643258067567048e-19,0.7827085852622986,0.12348425388336182,0.8384233713150024
131,2.358320713043213,-1.9957027435302734,0.257472425699234,0.25684404373168945,0.03023712895810604,1.8134089708328247,1.8141255378723145,1.2605893391256995e-18,0.28829121589660645,0.722057580947876,0.11224948614835739,0.07435701787471771,1.2605893391256995e-18,0.722057580947876,0.11224948614835739,0.07435701787471771,0.0001,0.25,1.0,0.25,0.0,0.0,0.0,0.0,0.0,1.513231635093689,False,True,25.0,1.0,1.0,1.0,,,,,,,,,,,,,,
132,2.3570148944854736,-2.0103487968444824,0.2579464018344879,0.258259654045105,0.02948334440588951,1.8118101358413696,1.8108410835266113,2.6571708932678732e-18,0.2893036901950836,0.7233845591545105,0.11207816749811172,0.07616665214300156,2.6571708932678732e-18,0.7233845591545105,0.11207816749811172,0.07616665214300156,0.0001,0.25,1.0,0.25,0.0,0.0,0.0,0.0,0.0,1.5164767503738403,False,True,25.0,1.0,1.0,1.0,,,,,,,,,,,,,,
133,2.3577232360839844,-2.0137391090393066,0.25601235032081604,0.25623518228530884,0.030279291793704033,1.8152827024459839,1.8151098489761353,1.3942909876284378e-18,0.2936745584011078,0.7231283187866211,0.11221747100353241,0.07472516596317291,1.3942909876284378e-18,0.7231283187866211,0.11221747100353241,0.07472516596317291,0.0001,0.25,1.0,0.25,0.0,0.0,0.0,0.0,0.0,1.5226171016693115,False,True,25.0,1.0,1.0,1.0,,,,,,,,,,,,,,
134,2.358302593231201,-2.0248007774353027,0.2556636929512024,0.25594034790992737,0.030067825689911842,1.8170905113220215,1.8161709308624268,2.0721252779583586e-18,0.2914467751979828,0.7224284410476685,0.11233724653720856,0.07474019378423691,2.0721252779583586e-18,0.7224284410476685,0.11233724653720856,0.07474019378423691,0.0001,0.25,1.0,0.25,0.0,0.0,0.0,0.0,0.0,1.5383049249649048,False,True,25.0,1.0,1.0,1.0,,,,,,,,,,,,,,
135,2.3574018478393555,-2.017202377319336,0.25878995656967163,0.25989216566085815,0.030250931158661842,1.809382677078247,1.8075547218322754,1.4516633043369267e-18,0.29159045219421387,0.7218862175941467,0.11211497336626053,0.07365947216749191,1.4516633043369267e-18,0.7218862175941467,0.11211497336626053,0.07365947216749191,0.0001,0.25,1.0,0.25,0.0,0.0,0.0,0.0,0.0,1.5419974327087402,False,True,25.0,1.0,1.0,1.0,,,,,,,,,,,,,,
136,2.3534276485443115,-2.0385539531707764,0.25870832800865173,0.25917473435401917,0.028758546337485313,1.8074698448181152,1.8061021566390991,2.428692854732764e-18,0.29149869084358215,0.7218406200408936,0.112233966588974,0.0750817134976387,2.428692854732764e-18,0.7218406200408936,0.112233966588974,0.0750817134976387,0.0001,0.25,1.0,0.25,0.0,0.0,0.0,0.0,0.0,1.5524799823760986,False,True,25.0,1.0,1.0,1.0,,,,,,,,,,,,,,
137,2.355565071105957,-2.0418455600738525,0.2541283071041107,0.25510936975479126,0.02936352603137493,1.8177709579467773,1.8161566257476807,2.488966610837359e-18,0.2853657305240631,0.722561240196228,0.11224477738142014,0.0719713345170021,2.488966610837359e-18,0.722561240196228,0.11224477738142014,0.0719713345170021,0.0001,0.25,1.0,0.25,0.0,0.0,0.0,0.0,0.0,1.552445888519287,False,True,25.0,1.0,1.0,1.0,,,,,,,,,,,,,,
138,2.355225086212158,-2.0546085834503174,0.25682103633880615,0.2574750781059265,0.02948656678199768,1.8122726678848267,1.8106119632720947,1.796672272821822e-18,0.2838036119937897,0.7213243842124939,0.11224209517240524,0.0738590806722641,1.796672272821822e-18,0.7213243842124939,0.11224209517240524,0.0738590806722641,0.0001,0.25,1.0,0.25,0.0,0.0,0.0,0.0,0.0,1.546391487121582,False,True,25.0,1.0,1.0,1.0,,,,,,,,,,,,,,
139,2.3562235832214355,-2.0630152225494385,0.2534835636615753,0.25462108850479126,0.02960279956459999,1.8190511465072632,1.8179808855056763,2.82039368725444e-18,0.28501588106155396,0.7206857204437256,0.1119021624326706,0.0729207992553711,2.82039368725444e-18,0.7206857204437256,0.1119021624326706,0.0729207992553711,0.0001,0.25,1.0,0.25,0.0,0.0,0.0,0.0,0.0,1.561820387840271,False,True,25.0,1.0,1.0,1.0,,,,,,,,,,,,,,
140,2.356874465942383,-2.088909149169922,0.25653746724128723,0.25747284293174744,0.029813779518008232,1.8137620687484741,1.8123387098312378,2.259569161051397e-18,0.28599390387535095,0.7210807204246521,0.11218789964914322,0.06994080543518066,6.276319032439601e-19,0.7192714810371399,0.11201217770576477,0.06048090383410454,0.0001,0.25,1.0,0.25,0.0,0.0,0.0,0.0,0.0,1.5648936033248901,False,True,25.0,1.0,1.0,1.0,0.7825491428375244,0.7825491428375244,0.21745085716247559,8.565509796142578,0.0,0.9021718502044678,4.03419303894043,-0.0,1.5630855560302734,0.782917857170105,6.276319032439601e-19,0.782917857170105,0.1157284677028656,0.8790402412414551
141,2.3563482761383057,-2.1015172004699707,0.25615015625953674,0.2572450041770935,0.029312344267964363,1.8146934509277344,1.8125879764556885,1.0644907686810955e-18,0.2885873019695282,0.7203963994979858,0.1123046949505806,0.07187620550394058,1.0644907686810955e-18,0.7203963994979858,0.1123046949505806,0.07187620550394058,0.0001,0.25,1.0,0.25,0.0,0.0,0.0,0.0,0.0,1.5694538354873657,False,True,25.0,1.0,1.0,1.0,,,,,,,,,,,,,,
142,2.355764150619507,-2.11126708984375,0.2582401633262634,0.2591700553894043,0.02967037260532379,1.8096753358840942,1.8076916933059692,2.186129171136795e-18,0.28482145071029663,0.7187504172325134,0.11175858229398727,0.07066299021244049,2.186129171136795e-18,0.7187504172325134,0.11175858229398727,0.07066299021244049,0.0001,0.25,1.0,0.25,0.0,0.0,0.0,0.0,0.0,1.5962046384811401,False,True,25.0,1.0,1.0,1.0,,,,,,,,,,,,,,
143,2.356666326522827,-2.1274302005767822,0.2566569447517395,0.2579132318496704,0.02961050346493721,1.813392996788025,1.8115782737731934,1.7226173775193638e-18,0.28752437233924866,0.7197406888008118,0.111893430352211,0.07171966135501862,1.7226173775193638e-18,0.7197406888008118,0.111893430352211,0.07171966135501862,0.0001,0.25,1.0,0.25,0.0,0.0,0.0,0.0,0.0,1.59328293800354,False,True,25.0,1.0,1.0,1.0,,,,,,,,,,,,,,
144,2.35587215423584,-2.1370420455932617,0.2571988105773926,0.25841209292411804,0.02890288643538952,1.8122206926345825,1.8104957342147827,1.207236706603912e-18,0.282681405544281,0.7205511927604675,0.11237673461437225,0.07128521054983139,1.207236706603912e-18,0.7205511927604675,0.11237673461437225,0.07128521054983139,0.0001,0.25,1.0,0.25,0.0,0.0,0.0,0.0,0.0,1.5737072229385376,False,True,25.0,1.0,1.0,1.0,,,,,,,,,,,,,,
145,2.354034423828125,-2.1430578231811523,0.25602513551712036,0.25681352615356445,0.028902575373649597,1.8130137920379639,1.8115721940994263,1.3521434470818703e-18,0.28485000133514404,0.7198695540428162,0.11177358776330948,0.0701020210981369,1.3521434470818703e-18,0.7198695540428162,0.11177358776330948,0.0701020210981369,0.0001,0.25,1.0,0.25,0.0,0.0,0.0,0.0,0.0,1.57889723777771,False,True,25.0,1.0,1.0,1.0,,,,,,,,,,,,,,
146,2.35628080368042,-2.1377804279327393,0.2581543028354645,0.25862690806388855,0.029588401317596436,1.810324788093567,1.8094978332519531,2.213882528254021e-18,0.2906855344772339,0.7190215587615967,0.11191364377737045,0.07120158523321152,2.213882528254021e-18,0.7190215587615967,0.11191364377737045,0.07120158523321152,0.0001,0.25,1.0,0.25,0.0,0.0,0.0,0.0,0.0,1.6111376285552979,False,True,25.0,1.0,1.0,1.0,,,,,,,,,,,,,,
147,2.355638027191162,-2.1793200969696045,0.2574866712093353,0.2582303583621979,0.028891704976558685,1.8112108707427979,1.8108478784561157,2.364270581061062e-18,0.2836352586746216,0.718767523765564,0.11140226572751999,0.07189353555440903,2.364270581061062e-18,0.718767523765564,0.11140226572751999,0.07189353555440903,0.0001,0.25,1.0,0.25,0.0,0.0,0.0,0.0,0.0,1.6094191074371338,False,True,25.0,1.0,1.0,1.0,,,,,,,,,,,,,,
148,2.3534843921661377,-2.175976276397705,0.25849708914756775,0.25877121090888977,0.02867407724261284,1.8075004816055298,1.8075835704803467,1.3365141796004105e-18,0.2830890715122223,0.7186589241027832,0.1119394302368164,0.06993204355239868,1.3365141796004105e-18,0.7186589241027832,0.1119394302368164,0.06993204355239868,0.0001,0.25,1.0,0.25,0.0,0.0,0.0,0.0,0.0,1.6168360710144043,False,True,25.0,1.0,1.0,1.0,,,,,,,,,,,,,,
149,2.3541102409362793,-2.2111666202545166,0.2598792314529419,0.2606331408023834,0.027736224234104156,1.8061810731887817,1.8055424690246582,2.143959917099148e-18,0.28254789113998413,0.7181587219238281,0.11167459934949875,0.07057832926511765,2.143959917099148e-18,0.7181587219238281,0.11167459934949875,0.07057832926511765,0.0001,0.25,1.0,0.25,0.0,0.0,0.0,0.0,0.0,1.6233972311019897,False,True,25.0,1.0,1.0,1.0,,,,,,,,,,,,,,
150,2.3543057441711426,-2.202690839767456,0.25992366671562195,0.26006796956062317,0.027901634573936462,1.8064008951187134,1.8064240217208862,3.7089724011596756e-18,0.2840081751346588,0.7173115611076355,0.111479252576828,0.06939221173524857,6.954426995684868e-19,0.7164673209190369,0.1112610325217247,0.05765793099999428,0.0001,0.25,1.0,0.25,0.0,0.0,0.0,0.0,0.0,1.6066855192184448,False,True,25.0,1.0,1.0,1.0,0.783099353313446,0.783099353313446,0.21690064668655396,8.618324279785156,0.0,0.9088506698608398,4.025717735290527,-0.0,1.5604805946350098,0.783194899559021,6.954426995684868e-19,0.783194899559021,0.10937391221523285,0.9133520126342773
151,2.3555407524108887,-2.233675718307495,0.26038703322410583,0.2617155909538269,0.02887594886124134,1.8057867288589478,1.8033374547958374,3.896572001003027e-18,0.27550196647644043,0.7169217467308044,0.11127748340368271,0.06901511549949646,3.896572001003027e-18,0.7169217467308044,0.11127748340368271,0.06901511549949646,0.0001,0.25,1.0,0.25,0.0,0.0,0.0,0.0,0.0,1.636354923248291,False,True,25.0,1.0,1.0,1.0,,,,,,,,,,,,,,
152,2.3547520637512207,-2.2206919193267822,0.2604324221611023,0.2616382837295532,0.028201023116707802,1.8056142330169678,1.8033461570739746,2.5720012754721164e-18,0.27940377593040466,0.7167389988899231,0.1113668754696846,0.06855146586894989,2.5720012754721164e-18,0.7167389988899231,0.1113668754696846,0.06855146586894989,0.0001,0.25,1.0,0.25,0.0,0.0,0.0,0.0,0.0,1.6482921838760376,False,True,25.0,1.0,1.0,1.0,,,,,,,,,,,,,,
153,2.3559184074401855,-2.2474443912506104,0.25745800137519836,0.25817668437957764,0.028114696964621544,1.8126118183135986,1.811726450920105,2.0689873683046387e-18,0.28064799308776855,0.7166957259178162,0.1114770844578743,0.06761444360017776,2.0689873683046387e-18,0.7166957259178162,0.1114770844578743,0.06761444360017776,0.0001,0.25,1.0,0.25,0.0,0.0,0.0,0.0,0.0,1.657840609550476,False,True,25.0,1.0,1.0,1.0,,,,,,,,,,,,,,
154,2.3531131744384766,-2.272310495376587,0.2579670548439026,0.25867214798927307,0.028105564415454865,1.808501958847046,1.8082348108291626,2.597555366135717e-18,0.27765917778015137,0.717484176158905,0.1111740842461586,0.06687389314174652,2.597555366135717e-18,0.717484176158905,0.1111740842461586,0.06687389314174652,0.0001,0.25,1.0,0.25,0.0,0.0,0.0,0.0,0.0,1.6376430988311768,False,True,25.0,1.0,1.0,1.0,,,,,,,,,,,,,,
155,2.3539321422576904,-2.277434825897217,0.2587445378303528,0.25903934240341187,0.028525114059448242,1.8076536655426025,1.8075926303863525,2.530778522850383e-18,0.2831530272960663,0.7163103818893433,0.11097084730863571,0.06981421262025833,2.530778522850383e-18,0.7163103818893433,0.11097084730863571,0.06981421262025833,0.0001,0.25,1.0,0.25,0.0,0.0,0.0,0.0,0.0,1.6505651473999023,False,True,25.0,1.0,1.0,1.0,,,,,,,,,,,,,,
156,2.3541247844696045,-2.2920706272125244,0.25897613167762756,0.2595370411872864,0.027563970535993576,1.8083239793777466,1.8077712059020996,2.207236545622464e-18,0.2789458930492401,0.7168240547180176,0.11100101470947266,0.06892590969800949,2.207236545622464e-18,0.7168240547180176,0.11100101470947266,0.06892590969800949,0.0001,0.25,1.0,0.25,0.0,0.0,0.0,0.0,0.0,1.6469244956970215,False,True,25.0,1.0,1.0,1.0,,,,,,,,,,,,,,
157,2.3515639305114746,-2.2968316078186035,0.26147034764289856,0.26190730929374695,0.027762990444898605,1.8006069660186768,1.8002396821975708,1.71627507357019e-18,0.27885371446609497,0.7154298424720764,0.11041435599327087,0.06614679843187332,1.71627507357019e-18,0.7154298424720764,0.11041435599327087,0.06614679843187332,0.0001,0.25,1.0,0.25,0.0,0.0,0.0,0.0,0.0,1.6458371877670288,False,True,25.0,1.0,1.0,1.0,,,,,,,,,,,,,,
158,2.353290557861328,-2.2998135089874268,0.26181766390800476,0.26263871788978577,0.027993949130177498,1.8017420768737793,1.799938440322876,2.6092014487750043e-18,0.27679532766342163,0.7155183553695679,0.1108267679810524,0.06709844619035721,2.6092014487750043e-18,0.7155183553695679,0.1108267679810524,0.06709844619035721,0.0001,0.25,1.0,0.25,0.0,0.0,0.0,0.0,0.0,1.666494369506836,False,True,25.0,1.0,1.0,1.0,,,,,,,,,,,,,,
159,2.352252721786499,-2.303098440170288,0.2602870762348175,0.26130667328834534,0.027508964762091637,1.8043321371078491,1.801967978477478,1.71821501890178e-18,0.2768847942352295,0.715315580368042,0.11068570613861084,0.06733572483062744,1.71821501890178e-18,0.715315580368042,0.11068570613861084,0.06733572483062744,0.0001,0.25,1.0,0.25,0.0,0.0,0.0,0.0,0.0,1.6793849468231201,False,True,25.0,1.0,1.0,1.0,,,,,,,,,,,,,,
160,2.351102590560913,-2.327897071838379,0.2610378861427307,0.2621955871582031,0.027332728728652,1.8015531301498413,1.7995195388793945,2.2770954638701704e-18,0.2739396393299103,0.7146947383880615,0.11009442061185837,0.06821656972169876,8.08094777174157e-19,0.7139582633972168,0.11050056666135788,0.054729536175727844,0.0001,0.25,1.0,0.25,0.0,0.0,0.0,0.0,0.0,1.6626172065734863,False,True,25.0,1.0,1.0,1.0,0.7834688425064087,0.7834688425064087,0.2165311574935913,8.620160102844238,0.0,0.9126465320587158,4.019268989562988,-0.0,1.549315094947815,0.783306896686554,8.08094777174157e-19,0.783306896686554,0.10372757911682129,0.9430240392684937
161,2.352041244506836,-2.341498851776123,0.2600088119506836,0.26014435291290283,0.027278494089841843,1.8046833276748657,1.8045357465744019,3.0132760760798613e-18,0.27310803532600403,0.7150265574455261,0.11031991243362427,0.0656149759888649,3.0132760760798613e-18,0.7150265574455261,0.11031991243362427,0.0656149759888649,0.0001,0.25,1.0,0.25,0.0,0.0,0.0,0.0,0.0,1.6739317178726196,False,True,25.0,1.0,1.0,1.0,,,,,,,,,,,,,,
162,2.354820489883423,-2.3624918460845947,0.2597317099571228,0.26079511642456055,0.027699803933501244,1.8074250221252441,1.805762529373169,2.1544003839956392e-18,0.2730080187320709,0.7149150967597961,0.11085382848978043,0.06523756682872772,2.1544003839956392e-18,0.7149150967597961,0.11085382848978043,0.06523756682872772,0.0001,0.25,1.0,0.25,0.0,0.0,0.0,0.0,0.0,1.6970101594924927,False,True,25.0,1.0,1.0,1.0,,,,,,,,,,,,,,
163,2.349498987197876,-2.3530163764953613,0.2604946494102478,0.2622321844100952,0.027201123535633087,1.8012677431106567,1.7978742122650146,8.177347889841009e-18,0.2736164629459381,0.7147185206413269,0.11079248785972595,0.06654481589794159,8.177347889841009e-18,0.7147185206413269,0.11079248785972595,0.06654481589794159,0.0001,0.25,1.0,0.25,0.0,0.0,0.0,0.0,0.0,1.6816344261169434,False,True,25.0,1.0,1.0,1.0,,,,,,,,,,,,,,
164,2.351212501525879,-2.364302396774292,0.25943851470947266,0.2603591978549957,0.026935815811157227,1.8052388429641724,1.8037192821502686,4.3983935273175095e-18,0.2723332345485687,0.7146146297454834,0.11062095314264297,0.0656120777130127,4.3983935273175095e-18,0.7146146297454834,0.11062095314264297,0.0656120777130127,0.0001,0.25,1.0,0.25,0.0,0.0,0.0,0.0,0.0,1.7077345848083496,False,True,25.0,1.0,1.0,1.0,,,,,,,,,,,,,,
165,2.35489559173584,-2.39320707321167,0.26116886734962463,0.26229405403137207,0.027765164151787758,1.804457664489746,1.8028775453567505,2.2393760279377524e-18,0.27563542127609253,0.7139687538146973,0.11025214195251465,0.06564294546842575,2.2393760279377524e-18,0.7139687538146973,0.11025214195251465,0.06564294546842575,0.0001,0.25,1.0,0.25,0.0,0.0,0.0,0.0,0.0,1.7030296325683594,False,True,25.0,1.0,1.0,1.0,,,,,,,,,,,,,,
166,2.3519809246063232,-2.411991596221924,0.2623744308948517,0.2637166678905487,0.027147285640239716,1.799773931503296,1.7977110147476196,2.4504580446005654e-18,0.27419865131378174,0.7135952711105347,0.1099352166056633,0.06375313550233841,2.4504580446005654e-18,0.7135952711105347,0.1099352166056633,0.06375313550233841,0.0001,0.25,1.0,0.25,0.0,0.0,0.0,0.0,0.0,1.7148808240890503,False,True,25.0,1.0,1.0,1.0,,,,,,,,,,,,,,
167,2.3563528060913086,-2.4051215648651123,0.2647399306297302,0.26571786403656006,0.027614058926701546,1.7996045351028442,1.7969576120376587,3.4624789892686206e-18,0.27766165137290955,0.712382972240448,0.11022145301103592,0.06501348316669464,3.4624789892686206e-18,0.712382972240448,0.11022145301103592,0.06501348316669464,0.0001,0.25,1.0,0.25,0.0,0.0,0.0,0.0,0.0,1.7207417488098145,False,True,25.0,1.0,1.0,1.0,,,,,,,,,,,,,,
168,2.350299835205078,-2.416090726852417,0.2614825665950775,0.2625551223754883,0.026964237913489342,1.8005529642105103,1.7980427742004395,1.5879588878430548e-18,0.27498412132263184,0.7133139967918396,0.11030030250549316,0.06504930555820465,1.5879588878430548e-18,0.7133139967918396,0.11030030250549316,0.06504930555820465,0.0001,0.25,1.0,0.25,0.0,0.0,0.0,0.0,0.0,1.71209716796875,False,True,25.0,1.0,1.0,1.0,,,,,,,,,,,,,,
169,2.3531627655029297,-2.439213275909424,0.26155340671539307,0.2629346549510956,0.026410993188619614,1.803999900817871,1.8005276918411255,4.010690665491455e-18,0.27807244658470154,0.7130046486854553,0.11028899252414703,0.0657154768705368,4.010690665491455e-18,0.7130046486854553,0.11028899252414703,0.0657154768705368,0.0001,0.25,1.0,0.25,0.0,0.0,0.0,0.0,0.0,1.7283375263214111,False,True,25.0,1.0,1.0,1.0,,,,,,,,,,,,,,
170,2.3531999588012695,-2.4516568183898926,0.26057907938957214,0.2614482045173645,0.027283186092972755,1.8044604063034058,1.8033183813095093,1.287189296276297e-18,0.2778025269508362,0.7127139568328857,0.11067495495080948,0.06475824862718582,1.0477780831470066e-18,0.7117958068847656,0.11018954962491989,0.05216529220342636,0.0001,0.25,1.0,0.25,0.0,0.0,0.0,0.0,0.0,1.7313847541809082,False,True,25.0,1.0,1.0,1.0,0.7835338711738586,0.7835338711738586,0.21646612882614136,8.616851806640625,0.0,0.9143283367156982,4.01786994934082,-0.0,1.5640547275543213,0.7834391593933105,1.0477780831470066e-18,0.7834391593933105,0.09850891679525375,0.9691727161407471
171,2.3562307357788086,-2.4588027000427246,0.2597047984600067,0.26047027111053467,0.027758687734603882,1.8088480234146118,1.8077458143234253,3.1485447148555048e-18,0.2821914255619049,0.7130577564239502,0.11012265831232071,0.06516940146684647,3.1485447148555048e-18,0.7130577564239502,0.11012265831232071,0.06516940146684647,0.0001,0.25,1.0,0.25,0.0,0.0,0.0,0.0,0.0,1.7314982414245605,False,True,25.0,1.0,1.0,1.0,,,,,,,,,,,,,,
172,2.3468375205993652,-2.458956718444824,0.26062098145484924,0.26152801513671875,0.0265131164342165,1.799102544784546,1.797248363494873,8.618349824244188e-19,0.27556008100509644,0.7141549587249756,0.11032216250896454,0.06394900381565094,8.618349824244188e-19,0.7141549587249756,0.11032216250896454,0.06394900381565094,0.0001,0.25,1.0,0.25,0.0,0.0,0.0,0.0,0.0,1.7156665325164795,False,True,25.0,1.0,1.0,1.0,,,,,,,,,,,,,,
173,2.3503124713897705,-2.4666519165039062,0.26050639152526855,0.2612117826938629,0.027264991775155067,1.8020707368850708,1.8005880117416382,3.873441549534207e-18,0.27180883288383484,0.7140277028083801,0.11061156541109085,0.06356610357761383,3.873441549534207e-18,0.7140277028083801,0.11061156541109085,0.06356610357761383,0.0001,0.25,1.0,0.25,0.0,0.0,0.0,0.0,0.0,1.7281360626220703,False,True,25.0,1.0,1.0,1.0,,,,,,,,,,,,,,
174,2.352198362350464,-2.486959218978882,0.2596111297607422,0.26084834337234497,0.026037203148007393,1.8067082166671753,1.8046952486038208,3.9313756252761956e-18,0.26665616035461426,0.713118314743042,0.11020638793706894,0.062156111001968384,3.9313756252761956e-18,0.713118314743042,0.11020638793706894,0.062156111001968384,0.0001,0.25,1.0,0.25,0.0,0.0,0.0,0.0,0.0,1.7363778352737427,False,True,25.0,1.0,1.0,1.0,,,,,,,,,,,,,,
175,2.351674795150757,-2.4867303371429443,0.2632547914981842,0.2634158730506897,0.0265800841152668,1.7980812788009644,1.7987667322158813,3.5259876419537576e-18,0.26880428194999695,0.7122425436973572,0.11004787683486938,0.06304691731929779,3.5259876419537576e-18,0.7122425436973572,0.11004787683486938,0.06304691731929779,0.0001,0.25,1.0,0.25,0.0,0.0,0.0,0.0,0.0,1.7497678995132446,False,True,25.0,1.0,1.0,1.0,,,,,,,,,,,,,,
176,2.3542356491088867,-2.5051839351654053,0.2647371292114258,0.2647096514701843,0.027196848765015602,1.797701120376587,1.7974830865859985,2.8784636274120408e-18,0.27272093296051025,0.71207594871521,0.11061573028564453,0.06383679062128067,2.8784636274120408e-18,0.71207594871521,0.11061573028564453,0.06383679062128067,0.0001,0.25,1.0,0.25,0.0,0.0,0.0,0.0,0.0,1.753116488456726,False,True,25.0,1.0,1.0,1.0,,,,,,,,,,,,,,
177,2.351383686065674,-2.547743082046509,0.26318544149398804,0.2638968825340271,0.026159048080444336,1.7988380193710327,1.797446608543396,4.699688688765968e-18,0.2719927728176117,0.7117365002632141,0.11027728766202927,0.0644993856549263,4.699688688765968e-18,0.7117365002632141,0.11027728766202927,0.0644993856549263,0.0001,0.25,1.0,0.25,0.0,0.0,0.0,0.0,0.0,1.7433825731277466,False,True,25.0,1.0,1.0,1.0,,,,,,,,,,,,,,
178,2.347334146499634,-2.5406241416931152,0.2647865116596222,0.2655965983867645,0.02598087303340435,1.7920283079147339,1.7899119853973389,6.45471076338452e-18,0.27373409271240234,0.7117553353309631,0.11048882454633713,0.06314163655042648,6.45471076338452e-18,0.7117553353309631,0.11048882454633713,0.06314163655042648,0.0001,0.25,1.0,0.25,0.0,0.0,0.0,0.0,0.0,1.7604954242706299,False,True,25.0,1.0,1.0,1.0,,,,,,,,,,,,,,
179,2.3519904613494873,-2.543799638748169,0.26342108845710754,0.26459017395973206,0.026154931634664536,1.7986940145492554,1.7969545125961304,2.7895774871240832e-18,0.27184227108955383,0.7105109691619873,0.10996627807617188,0.06421605497598648,2.7895774871240832e-18,0.7105109691619873,0.10996627807617188,0.06421605497598648,0.0001,0.25,1.0,0.25,0.0,0.0,0.0,0.0,0.0,1.7702083587646484,False,True,25.0,1.0,1.0,1.0,,,,,,,,,,,,,,
180,2.34908390045166,-2.539551258087158,0.26462727785110474,0.2660890519618988,0.025927793234586716,1.7937699556350708,1.7911096811294556,6.8702039986602124e-18,0.27010127902030945,0.7115657329559326,0.10995100438594818,0.06303764879703522,1.1617401369170193e-18,0.7101912498474121,0.10981673747301102,0.050390198826789856,0.0001,0.25,1.0,0.25,0.0,0.0,0.0,0.0,0.0,1.764987826347351,False,True,25.0,1.0,1.0,1.0,0.7840696573257446,0.7840696573257446,0.21593034267425537,8.587421417236328,0.0,0.9143283367156982,4.016184329986572,-0.0,1.5551211833953857,0.7835614085197449,1.1617401369170193e-18,0.7835614085197449,0.09430473297834396,0.9919521808624268
181,2.348994016647339,-2.569631576538086,0.2643948793411255,0.26523783802986145,0.026074368506669998,1.7941256761550903,1.7924485206604004,1.1095445049122915e-17,0.26829391717910767,0.7113257050514221,0.10978355258703232,0.06235836446285248,1.1095445049122915e-17,0.7113257050514221,0.10978355258703232,0.06235836446285248,0.0001,0.25,1.0,0.25,0.0,0.0,0.0,0.0,0.0,1.7717533111572266,False,True,25.0,1.0,1.0,1.0,,,,,,,,,,,,,,
182,2.348267078399658,-2.572100877761841,0.2649092376232147,0.2657843828201294,0.025589842349290848,1.7925103902816772,1.7914565801620483,2.002517409026562e-18,0.27031996846199036,0.7119118571281433,0.11014663428068161,0.06204491853713989,2.002517409026562e-18,0.7119118571281433,0.11014663428068161,0.06204491853713989,0.0001,0.25,1.0,0.25,0.0,0.0,0.0,0.0,0.0,1.7670482397079468,False,True,25.0,1.0,1.0,1.0,,,,,,,,,,,,,,
183,2.348034620285034,-2.606215000152588,0.26000458002090454,0.26078295707702637,0.026130035519599915,1.8014416694641113,1.8007924556732178,1.0513935010546606e-18,0.2684318423271179,0.7111945152282715,0.10982087254524231,0.06220576539635658,1.0513935010546606e-18,0.7111945152282715,0.10982087254524231,0.06220576539635658,0.0001,0.25,1.0,0.25,0.0,0.0,0.0,0.0,0.0,1.7728835344314575,False,True,25.0,1.0,1.0,1.0,,,,,,,,,,,,,,
184,2.351407527923584,-2.6101303100585938,0.26042941212654114,0.26120680570602417,0.02625594474375248,1.8041324615478516,1.8028982877731323,3.580214294190284e-18,0.2719752788543701,0.7101335525512695,0.1090526208281517,0.06137636676430702,3.580214294190284e-18,0.7101335525512695,0.1090526208281517,0.06137636676430702,0.0001,0.25,1.0,0.25,0.0,0.0,0.0,0.0,0.0,1.7684637308120728,False,True,25.0,1.0,1.0,1.0,,,,,,,,,,,,,,
185,2.3533761501312256,-2.6368138790130615,0.26253965497016907,0.26251500844955444,0.026567762717604637,1.8015953302383423,1.8019120693206787,4.433153311018213e-18,0.2715167701244354,0.7099249958992004,0.10976961255073547,0.06142451986670494,4.433153311018213e-18,0.7099249958992004,0.10976961255073547,0.06142451986670494,0.0001,0.25,1.0,0.25,0.0,0.0,0.0,0.0,0.0,1.7908351421356201,False,True,25.0,1.0,1.0,1.0,,,,,,,,,,,,,,
186,2.350238800048828,-2.645359754562378,0.2610759139060974,0.2622438669204712,0.02605624310672283,1.8017655611038208,1.7999598979949951,1.871444850703247e-18,0.27290457487106323,0.7107217907905579,0.10935566574335098,0.06249473616480827,1.871444850703247e-18,0.7107217907905579,0.10935566574335098,0.06249473616480827,0.0001,0.25,1.0,0.25,0.0,0.0,0.0,0.0,0.0,1.770203948020935,False,True,25.0,1.0,1.0,1.0,,,,,,,,,,,,,,
187,2.3540186882019043,-2.6431472301483154,0.26718658208847046,0.2676790654659271,0.0267429631203413,1.792569875717163,1.792250394821167,3.979850890713641e-18,0.2766871154308319,0.7096682786941528,0.10935515910387039,0.06170513853430748,3.979850890713641e-18,0.7096682786941528,0.10935515910387039,0.06170513853430748,0.0001,0.25,1.0,0.25,0.0,0.0,0.0,0.0,0.0,1.7770330905914307,False,True,25.0,1.0,1.0,1.0,,,,,,,,,,,,,,
188,2.352682590484619,-2.6480088233947754,0.26509934663772583,0.26551011204719543,0.025632986798882484,1.7965216636657715,1.796358346939087,3.828544667426666e-18,0.2682753801345825,0.7101694941520691,0.10958635807037354,0.06238237023353577,3.828544667426666e-18,0.7101694941520691,0.10958635807037354,0.06238237023353577,0.0001,0.25,1.0,0.25,0.0,0.0,0.0,0.0,0.0,1.7669963836669922,False,True,25.0,1.0,1.0,1.0,,,,,,,,,,,,,,
189,2.3513879776000977,-2.646775245666504,0.2673523426055908,0.2674632966518402,0.025693731382489204,1.7904778718948364,1.7912794351577759,2.1471034102220027e-18,0.26801759004592896,0.7101230025291443,0.11008016020059586,0.06062982231378555,2.1471034102220027e-18,0.7101230025291443,0.11008016020059586,0.06062982231378555,0.0001,0.25,1.0,0.25,0.0,0.0,0.0,0.0,0.0,1.790518879890442,False,True,25.0,1.0,1.0,1.0,,,,,,,,,,,,,,
190,2.3467118740081787,-2.6706480979919434,0.2658146023750305,0.2656232416629791,0.025061538442969322,1.7904471158981323,1.7899776697158813,2.5782167519538705e-17,0.26911479234695435,0.7108465433120728,0.11015129834413528,0.0623021237552166,1.453017140094013e-18,0.7087416648864746,0.10934235155582428,0.049120090901851654,0.0001,0.25,1.0,0.25,0.0,0.0,0.0,0.0,0.0,1.7871809005737305,False,True,25.0,1.0,1.0,1.0,0.7838913798332214,0.7838913798332214,0.21610862016677856,8.592888832092285,0.0,0.9166346788406372,4.012423992156982,-0.0,1.5452945232391357,0.7837322354316711,1.453017140094013e-18,0.7837322354316711,0.09070730209350586,1.011612892150879
191,2.3508708477020264,-2.7076311111450195,0.26459580659866333,0.2645534574985504,0.025974446907639503,1.7953211069107056,1.796172857284546,1.6956714520775661e-18,0.2682098150253296,0.7088264226913452,0.10948457568883896,0.060315508395433426,1.6956714520775661e-18,0.7088264226913452,0.10948457568883896,0.060315508395433426,0.0001,0.25,1.0,0.25,0.0,0.0,0.0,0.0,0.0,1.7973146438598633,False,True,25.0,1.0,1.0,1.0,,,,,,,,,,,,,,
192,2.3482909202575684,-2.692783832550049,0.2639983892440796,0.2637588381767273,0.025476137176156044,1.794861078262329,1.795254111289978,8.51508904266886e-18,0.26698529720306396,0.7091078758239746,0.10911186784505844,0.06113513931632042,8.51508904266886e-18,0.7091078758239746,0.10911186784505844,0.06113513931632042,0.0001,0.25,1.0,0.25,0.0,0.0,0.0,0.0,0.0,1.7957229614257812,False,True,25.0,1.0,1.0,1.0,,,,,,,,,,,,,,
193,2.3516933917999268,-2.7128992080688477,0.26171424984931946,0.2618945240974426,0.02636534534394741,1.801955223083496,1.8014832735061646,3.0345350314127804e-18,0.2646086812019348,0.7090761661529541,0.10916900634765625,0.060269955545663834,3.0345350314127804e-18,0.7090761661529541,0.10916900634765625,0.060269955545663834,0.0001,0.25,1.0,0.25,0.0,0.0,0.0,0.0,0.0,1.8229905366897583,False,True,25.0,1.0,1.0,1.0,,,,,,,,,,,,,,
194,2.350111961364746,-2.70823073387146,0.26405203342437744,0.2645055055618286,0.02551664039492607,1.7965813875198364,1.7954939603805542,1.1371866475961598e-17,0.267859548330307,0.7090772390365601,0.10897938907146454,0.059516437351703644,1.1371866475961598e-17,0.7090772390365601,0.10897938907146454,0.059516437351703644,0.0001,0.25,1.0,0.25,0.0,0.0,0.0,0.0,0.0,1.8099651336669922,False,True,25.0,1.0,1.0,1.0,,,,,,,,,,,,,,
195,2.355350971221924,-2.7319135665893555,0.2680370509624481,0.26892921328544617,0.025784360244870186,1.7934948205947876,1.7917057275772095,2.562502967293323e-18,0.26687487959861755,0.7087894082069397,0.10905901342630386,0.06112906336784363,2.562502967293323e-18,0.7087894082069397,0.10905901342630386,0.06112906336784363,0.0001,0.25,1.0,0.25,0.0,0.0,0.0,0.0,0.0,1.8310916423797607,False,True,25.0,1.0,1.0,1.0,,,,,,,,,,,,,,
196,2.3565855026245117,-2.7293455600738525,0.26445314288139343,0.26469579339027405,0.02636956050992012,1.80119788646698,1.800935983657837,1.783731942037104e-17,0.26895034313201904,0.7085426449775696,0.10860463976860046,0.06087290123105049,1.783731942037104e-17,0.7085426449775696,0.10860463976860046,0.06087290123105049,0.0001,0.25,1.0,0.25,0.0,0.0,0.0,0.0,0.0,1.8096977472305298,False,True,25.0,1.0,1.0,1.0,,,,,,,,,,,,,,
197,2.3524694442749023,-2.7429239749908447,0.2635765075683594,0.26393625140190125,0.025417111814022064,1.7999091148376465,1.7991700172424316,4.1322192139071335e-18,0.2744871973991394,0.7083798050880432,0.10898090898990631,0.06041902303695679,4.1322192139071335e-18,0.7083798050880432,0.10898090898990631,0.06041902303695679,0.0001,0.25,1.0,0.25,0.0,0.0,0.0,0.0,0.0,1.8093751668930054,False,True,25.0,1.0,1.0,1.0,,,,,,,,,,,,,,
198,2.348869800567627,-2.77292537689209,0.2668101489543915,0.267458438873291,0.025248227640986443,1.7898083925247192,1.7888972759246826,5.59648358090054e-18,0.27401062846183777,0.7085644602775574,0.10941194742918015,0.058339741080999374,5.59648358090054e-18,0.7085644602775574,0.10941194742918015,0.058339741080999374,0.0001,0.25,1.0,0.25,0.0,0.0,0.0,0.0,0.0,1.8487708568572998,False,True,25.0,1.0,1.0,1.0,,,,,,,,,,,,,,
199,2.3501431941986084,-2.7886555194854736,0.26495805382728577,0.2648509442806244,0.02512379176914692,1.7951840162277222,1.7952369451522827,8.66444311971021e-18,0.272172212600708,0.7089946269989014,0.1094195619225502,0.05947007238864899,8.66444311971021e-18,0.7089946269989014,0.1094195619225502,0.05947007238864899,0.0001,0.25,1.0,0.25,0.0,0.0,0.0,0.0,0.0,1.8231565952301025,False,True,25.0,1.0,1.0,1.0,,,,,,,,,,,,,,
200,2.3561253547668457,-2.788357973098755,0.2669721841812134,0.26780563592910767,0.025636641308665276,1.796156883239746,1.795264720916748,1.3838514926691664e-17,0.2698131799697876,0.7086700797080994,0.10966452211141586,0.05971547216176987,1.5887382258225177e-18,0.7074418067932129,0.10900970548391342,0.04806424677371979,0.0001,0.25,1.0,0.25,0.0,0.0,0.0,0.0,0.0,1.812300443649292,False,True,25.0,1.0,1.0,1.0,0.7838912606239319,0.7838912606239319,0.21610873937606812,8.59306812286377,0.0,0.9170190095901489,4.01069450378418,-0.0,1.5430481433868408,0.7837734222412109,1.5887382258225177e-18,0.7837734818458557,0.08734791725873947,1.0319666862487793
201,2.3491737842559814,-2.7889034748077393,0.26315838098526,0.26481401920318604,0.02513395994901657,1.7975586652755737,1.7945760488510132,2.8500410811792594e-18,0.2663462162017822,0.7091498970985413,0.10886760801076889,0.05886446312069893,2.8500410811792594e-18,0.7091498970985413,0.10886760801076889,0.05886446312069893,0.0001,0.25,1.0,0.25,0.0,0.0,0.0,0.0,0.0,1.8342857360839844,False,True,25.0,1.0,1.0,1.0,,,,,,,,,,,,,,
202,2.3496603965759277,-2.80324649810791,0.2654809355735779,0.26618656516075134,0.025345396250486374,1.7931278944015503,1.7921671867370605,6.5746672550460416e-18,0.2648964822292328,0.708672046661377,0.10921233147382736,0.05972840264439583,6.5746672550460416e-18,0.708672046661377,0.10921233147382736,0.05972840264439583,0.0001,0.25,1.0,0.25,0.0,0.0,0.0,0.0,0.0,1.8372089862823486,False,True,25.0,1.0,1.0,1.0,,,,,,,,,,,,,,
203,2.3501014709472656,-2.82700777053833,0.26691538095474243,0.26772549748420715,0.025112640112638474,1.7908844947814941,1.7898117303848267,4.810462234857232e-18,0.2591710388660431,0.7070921063423157,0.10935267060995102,0.0591798797249794,4.810462234857232e-18,0.7070921063423157,0.10935267060995102,0.0591798797249794,0.0001,0.25,1.0,0.25,0.0,0.0,0.0,0.0,0.0,1.8357869386672974,False,True,25.0,1.0,1.0,1.0,,,,,,,,,,,,,,
204,2.347959041595459,-2.8287813663482666,0.2673499584197998,0.26780399680137634,0.0248884167522192,1.7881803512573242,1.787652850151062,4.695427054250095e-18,0.26334312558174133,0.7083731293678284,0.1091315820813179,0.05927835777401924,4.695427054250095e-18,0.7083731293678284,0.1091315820813179,0.05927835777401924,0.0001,0.25,1.0,0.25,0.0,0.0,0.0,0.0,0.0,1.8333641290664673,False,True,25.0,1.0,1.0,1.0,,,,,,,,,,,,,,
205,2.3501248359680176,-2.8390586376190186,0.26802581548690796,0.26806288957595825,0.0250661950558424,1.7885643243789673,1.7893757820129395,1.0460862068469438e-18,0.2600037753582001,0.7073916792869568,0.10893756151199341,0.05939987301826477,1.0460862068469438e-18,0.7073916792869568,0.10893756151199341,0.05939987301826477,0.0001,0.25,1.0,0.25,0.0,0.0,0.0,0.0,0.0,1.8254687786102295,False,True,25.0,1.0,1.0,1.0,,,,,,,,,,,,,,
206,2.3509836196899414,-2.85103178024292,0.2660835087299347,0.26632001996040344,0.025190146639943123,1.7933813333511353,1.793398141860962,2.6802622190937198e-17,0.26561570167541504,0.7079273462295532,0.10906942933797836,0.06044822558760643,2.6802622190937198e-17,0.7079273462295532,0.10906942933797836,0.06044822558760643,0.0001,0.25,1.0,0.25,0.0,0.0,0.0,0.0,0.0,1.862865686416626,False,True,25.0,1.0,1.0,1.0,,,,,,,,,,,,,,
207,2.3532662391662598,-2.8701417446136475,0.26756787300109863,0.2671236991882324,0.025596793740987778,1.7922863960266113,1.7936694622039795,7.746166760657942e-18,0.26335573196411133,0.7081081867218018,0.10886314511299133,0.058558255434036255,7.746166760657942e-18,0.7081081867218018,0.10886314511299133,0.058558255434036255,0.0001,0.25,1.0,0.25,0.0,0.0,0.0,0.0,0.0,1.846897840499878,False,True,25.0,1.0,1.0,1.0,,,,,,,,,,,,,,
208,2.3491289615631104,-2.9013187885284424,0.26587793231010437,0.2658771872520447,0.024744318798184395,1.792632818222046,1.7926260232925415,6.267143837175365e-18,0.2664920687675476,0.7079877257347107,0.10954785346984863,0.058358605951070786,6.267143837175365e-18,0.7079877257347107,0.10954785346984863,0.058358605951070786,0.0001,0.25,1.0,0.25,0.0,0.0,0.0,0.0,0.0,1.8448123931884766,False,True,25.0,1.0,1.0,1.0,,,,,,,,,,,,,,
209,2.3525991439819336,-2.8867881298065186,0.2691919207572937,0.2698011100292206,0.02514800615608692,1.7888544797897339,1.7880616188049316,2.1396819871252076e-17,0.26479795575141907,0.7083256840705872,0.10911474376916885,0.05830487981438637,2.1396819871252076e-17,0.7083256840705872,0.10911474376916885,0.05830487981438637,0.0001,0.25,1.0,0.25,0.0,0.0,0.0,0.0,0.0,1.8564106225967407,False,True,25.0,1.0,1.0,1.0,,,,,,,,,,,,,,
210,2.3507869243621826,-2.9038166999816895,0.2671341896057129,0.26745691895484924,0.02500159852206707,1.7914786338806152,1.7909098863601685,3.665511504595527e-18,0.26243487000465393,0.7074670791625977,0.10874344408512115,0.05945010483264923,2.4736158822405893e-18,0.706040620803833,0.10866577178239822,0.04719286412000656,0.0001,0.25,1.0,0.25,0.0,0.0,0.0,0.0,0.0,1.8672767877578735,False,True,25.0,1.0,1.0,1.0,0.7845480442047119,0.7845480442047119,0.21545195579528809,8.639827728271484,0.0,0.9223524928092957,4.001226425170898,-0.0,1.5159142017364502,0.7838732004165649,2.4736158822405893e-18,0.7838732004165649,0.08452164381742477,1.0503650903701782
211,2.351677894592285,-2.9092657566070557,0.26880836486816406,0.2702820599079132,0.02420104295015335,1.7894699573516846,1.7873029708862305,5.748540884183713e-18,0.26220518350601196,0.7080259323120117,0.10868338495492935,0.05901174992322922,5.748540884183713e-18,0.7080259323120117,0.10868338495492935,0.05901174992322922,0.0001,0.25,1.0,0.25,0.0,0.0,0.0,0.0,0.0,1.8544321060180664,False,True,25.0,1.0,1.0,1.0,,,,,,,,,,,,,,
212,2.350435256958008,-2.938734292984009,0.2649502456188202,0.26602593064308167,0.024824000895023346,1.7959092855453491,1.7933608293533325,3.733596740814767e-18,0.2617168724536896,0.7076656222343445,0.1088499128818512,0.059119440615177155,3.733596740814767e-18,0.7076656222343445,0.1088499128818512,0.059119440615177155,0.0001,0.25,1.0,0.25,0.0,0.0,0.0,0.0,0.0,1.8711707592010498,False,True,25.0,1.0,1.0,1.0,,,,,,,,,,,,,,
213,2.351700782775879,-2.952315092086792,0.26768794655799866,0.26830756664276123,0.025256356224417686,1.7904845476150513,1.7904133796691895,1.4733441631412785e-17,0.26355400681495667,0.7069995999336243,0.10916928201913834,0.05847995728254318,1.4733441631412785e-17,0.7069995999336243,0.10916928201913834,0.05847995728254318,0.0001,0.25,1.0,0.25,0.0,0.0,0.0,0.0,0.0,1.8681162595748901,False,True,25.0,1.0,1.0,1.0,,,,,,,,,,,,,,
214,2.3521385192871094,-2.969432830810547,0.27007773518562317,0.2709408402442932,0.024461526423692703,1.7870723009109497,1.78624427318573,1.9104313618979736e-17,0.26231399178504944,0.7066536545753479,0.1085779145359993,0.05783354118466377,1.9104313618979736e-17,0.7066536545753479,0.1085779145359993,0.05783354118466377,0.0001,0.25,1.0,0.25,0.0,0.0,0.0,0.0,0.0,1.8747695684432983,False,True,25.0,1.0,1.0,1.0,,,,,,,,,,,,,,
215,2.350860118865967,-2.940692186355591,0.2728492319583893,0.2732332944869995,0.024993620812892914,1.779977560043335,1.7795906066894531,7.63829661851674e-18,0.25962749123573303,0.706270694732666,0.10875808447599411,0.05749959126114845,7.63829661851674e-18,0.706270694732666,0.10875808447599411,0.05749959126114845,0.0001,0.25,1.0,0.25,0.0,0.0,0.0,0.0,0.0,1.8616487979888916,False,True,25.0,1.0,1.0,1.0,,,,,,,,,,,,,,
216,2.3512418270111084,-2.956242084503174,0.2686183750629425,0.26918116211891174,0.024655677378177643,1.7893092632293701,1.7882640361785889,6.175581147220339e-18,0.25790658593177795,0.705876350402832,0.10818567126989365,0.05739493668079376,6.175581147220339e-18,0.705876350402832,0.10818567126989365,0.05739493668079376,0.0001,0.25,1.0,0.25,0.0,0.0,0.0,0.0,0.0,1.8804532289505005,False,True,25.0,1.0,1.0,1.0,,,,,,,,,,,,,,
217,2.3513216972351074,-2.9625625610351562,0.2664547562599182,0.2668355703353882,0.02485925704240799,1.7933878898620605,1.7929565906524658,2.7701218268855604e-17,0.2620464861392975,0.7061963677406311,0.1079428568482399,0.05684835463762283,2.7701218268855604e-17,0.7061963677406311,0.1079428568482399,0.05684835463762283,0.0001,0.25,1.0,0.25,0.0,0.0,0.0,0.0,0.0,1.8813363313674927,False,True,25.0,1.0,1.0,1.0,,,,,,,,,,,,,,
218,2.348198652267456,-2.972508430480957,0.2660515308380127,0.26625579595565796,0.024467045441269875,1.791616678237915,1.7912317514419556,2.6470127017554158e-17,0.26423218846321106,0.7067744731903076,0.10818314552307129,0.05687714368104935,2.6470127017554158e-17,0.7067744731903076,0.10818314552307129,0.05687714368104935,0.0001,0.25,1.0,0.25,0.0,0.0,0.0,0.0,0.0,1.8797681331634521,False,True,25.0,1.0,1.0,1.0,,,,,,,,,,,,,,
219,2.349381923675537,-3.029313802719116,0.26369282603263855,0.2637891173362732,0.024667294695973396,1.7968608140945435,1.7976046800613403,3.78935657231666e-18,0.26859569549560547,0.7067856788635254,0.1082703024148941,0.05662711337208748,3.78935657231666e-18,0.7067856788635254,0.1082703024148941,0.05662711337208748,0.0001,0.25,1.0,0.25,0.0,0.0,0.0,0.0,0.0,1.8762903213500977,False,True,25.0,1.0,1.0,1.0,,,,,,,,,,,,,,
220,2.3528401851654053,-3.0376336574554443,0.26555201411247253,0.2656525671482086,0.02439526654779911,1.7972615957260132,1.7972187995910645,1.6719791795366998e-17,0.26561233401298523,0.7053085565567017,0.10846158117055893,0.05673489347100258,4.1876627320249636e-18,0.704643964767456,0.10844463855028152,0.04576428607106209,0.0001,0.25,1.0,0.25,0.0,0.0,0.0,0.0,0.0,1.886175513267517,False,True,25.0,1.0,1.0,1.0,0.784096360206604,0.784096360206604,0.215903639793396,8.715739250183105,0.0,0.9272534847259521,3.991307020187378,-0.0,1.5096867084503174,0.7841432690620422,4.1876627320249636e-18,0.7841432690620422,0.08191032707691193,1.0666526556015015
221,2.3504562377929688,-3.040778160095215,0.26415538787841797,0.26539191603660583,0.024279963225126266,1.7975984811782837,1.7956593036651611,2.949139758745919e-17,0.26527586579322815,0.7054414749145508,0.10877881944179535,0.05636497959494591,2.949139758745919e-17,0.7054414749145508,0.10877881944179535,0.05636497959494591,0.0001,0.25,1.0,0.25,0.0,0.0,0.0,0.0,0.0,1.891411542892456,False,True,25.0,1.0,1.0,1.0,,,,,,,,,,,,,,
222,2.3550479412078857,-3.0525951385498047,0.2684251368045807,0.2695472836494446,0.024635029956698418,1.793658971786499,1.7912218570709229,1.2341903661844372e-17,0.26412320137023926,0.7056580185890198,0.10896587371826172,0.05812164396047592,1.2341903661844372e-17,0.7056580185890198,0.10896587371826172,0.05812164396047592,0.0001,0.25,1.0,0.25,0.0,0.0,0.0,0.0,0.0,1.8997242450714111,False,True,25.0,1.0,1.0,1.0,,,,,,,,,,,,,,
223,2.350929021835327,-3.068349838256836,0.27323123812675476,0.27388399839401245,0.024508444592356682,1.7799603939056396,1.7786505222320557,2.1374299051894707e-17,0.2583199143409729,0.705909252166748,0.10925543308258057,0.055976156145334244,2.1374299051894707e-17,0.705909252166748,0.10925543308258057,0.055976156145334244,0.0001,0.25,1.0,0.25,0.0,0.0,0.0,0.0,0.0,1.8754714727401733,False,True,25.0,1.0,1.0,1.0,,,,,,,,,,,,,,
224,2.3549530506134033,-3.060612201690674,0.2755502164363861,0.27546632289886475,0.02402106486260891,1.7794934511184692,1.7803370952606201,4.2343582351742625e-18,0.25865787267684937,0.7057439684867859,0.10841888934373856,0.05728694796562195,4.2343582351742625e-18,0.7057439684867859,0.10841888934373856,0.05728694796562195,0.0001,0.25,1.0,0.25,0.0,0.0,0.0,0.0,0.0,1.8996678590774536,False,True,25.0,1.0,1.0,1.0,,,,,,,,,,,,,,
225,2.3546247482299805,-3.086653232574463,0.27409639954566956,0.2738768458366394,0.024522392079234123,1.7816669940948486,1.7825912237167358,5.188819940994907e-17,0.25738564133644104,0.7049678564071655,0.1087787076830864,0.05633177235722542,5.188819940994907e-17,0.7049678564071655,0.1087787076830864,0.05633177235722542,0.0001,0.25,1.0,0.25,0.0,0.0,0.0,0.0,0.0,1.89423406124115,False,True,25.0,1.0,1.0,1.0,,,,,,,,,,,,,,
226,2.355160713195801,-3.0954337120056152,0.27092307806015015,0.271232932806015,0.024654433131217957,1.788677453994751,1.7880229949951172,6.003747030825819e-17,0.2527967393398285,0.7047549486160278,0.10836290568113327,0.05492282658815384,6.003747030825819e-17,0.7047549486160278,0.10836290568113327,0.05492282658815384,0.0001,0.25,1.0,0.25,0.0,0.0,0.0,0.0,0.0,1.9182050228118896,False,True,25.0,1.0,1.0,1.0,,,,,,,,,,,,,,
227,2.35443115234375,-3.092855215072632,0.2703315317630768,0.27084869146347046,0.02474832534790039,1.7885366678237915,1.788468837738037,5.919696547039816e-18,0.25939664244651794,0.7062258124351501,0.10826504975557327,0.05628448352217674,5.919696547039816e-18,0.7062258124351501,0.10826504975557327,0.05628448352217674,0.0001,0.25,1.0,0.25,0.0,0.0,0.0,0.0,0.0,1.9051294326782227,False,True,25.0,1.0,1.0,1.0,,,,,,,,,,,,,,
228,2.353386402130127,-3.081320285797119,0.2698913812637329,0.26992085576057434,0.024722497910261154,1.7884169816970825,1.789286494255066,3.4324067967402247e-17,0.25700515508651733,0.7050312757492065,0.10828033089637756,0.05578438937664032,3.4324067967402247e-17,0.7050312757492065,0.10828033089637756,0.05578438937664032,0.0001,0.25,1.0,0.25,0.0,0.0,0.0,0.0,0.0,1.9040822982788086,False,True,25.0,1.0,1.0,1.0,,,,,,,,,,,,,,
229,2.358292579650879,-3.0966241359710693,0.26980912685394287,0.26957932114601135,0.02466749958693981,1.7938944101333618,1.7945791482925415,1.869163652009948e-17,0.25844117999076843,0.7051393985748291,0.10799740254878998,0.05633267015218735,1.869163652009948e-17,0.7051393985748291,0.10799740254878998,0.05633267015218735,0.0001,0.25,1.0,0.25,0.0,0.0,0.0,0.0,0.0,1.9112077951431274,False,True,25.0,1.0,1.0,1.0,,,,,,,,,,,,,,
230,2.35300874710083,-3.107332706451416,0.2667451500892639,0.2669370770454407,0.02460256591439247,1.7948625087738037,1.7945855855941772,1.7306224799358917e-17,0.2625078558921814,0.7042879462242126,0.10814566165208817,0.05730537325143814,4.0247341443484465e-18,0.7032480239868164,0.10791157931089401,0.04492177069187164,0.0001,0.25,1.0,0.25,0.0,0.0,0.0,0.0,0.0,1.8980729579925537,False,True,25.0,1.0,1.0,1.0,0.7848717570304871,0.7848717570304871,0.21512824296951294,8.706793785095215,0.0,0.9290793538093567,3.9878907203674316,-0.0,1.4963765144348145,0.784172534942627,4.0247341443484465e-18,0.784172534942627,0.07975635677576065,1.0753257274627686
231,2.3546974658966064,-3.14717435836792,0.2702620327472687,0.27036231756210327,0.02481173723936081,1.788886547088623,1.7896360158920288,2.0808805297928955e-17,0.2625793218612671,0.7050591707229614,0.1080915778875351,0.05552748963236809,2.0808805297928955e-17,0.7050591707229614,0.1080915778875351,0.05552748963236809,0.0001,0.25,1.0,0.25,0.0,0.0,0.0,0.0,0.0,1.89500093460083,False,True,25.0,1.0,1.0,1.0,,,,,,,,,,,,,,
232,2.354220151901245,-3.164304733276367,0.26877275109291077,0.26946818828582764,0.024386892095208168,1.7921940088272095,1.7909908294677734,4.601822882543288e-18,0.2647166848182678,0.7047137022018433,0.1077505573630333,0.0579167902469635,4.601822882543288e-18,0.7047137022018433,0.1077505573630333,0.0579167902469635,0.0001,0.25,1.0,0.25,0.0,0.0,0.0,0.0,0.0,1.8988193273544312,False,True,25.0,1.0,1.0,1.0,,,,,,,,,,,,,,
233,2.3536179065704346,-3.172868251800537,0.2721414864063263,0.27395373582839966,0.023991990834474564,1.784645438194275,1.7824161052703857,1.9021100903718127e-17,0.2630302309989929,0.7039945125579834,0.10797958821058273,0.056799571961164474,1.9021100903718127e-17,0.7039945125579834,0.10797958821058273,0.056799571961164474,0.0001,0.25,1.0,0.25,0.0,0.0,0.0,0.0,0.0,1.8922216892242432,False,True,25.0,1.0,1.0,1.0,,,,,,,,,,,,,,
234,2.3510704040527344,-3.181713819503784,0.27121102809906006,0.2723541259765625,0.023504508659243584,1.7848278284072876,1.7831737995147705,2.0631188113717894e-17,0.2580966055393219,0.703740119934082,0.10809395462274551,0.056697096675634384,2.0631188113717894e-17,0.703740119934082,0.10809395462274551,0.056697096675634384,0.0001,0.25,1.0,0.25,0.0,0.0,0.0,0.0,0.0,1.9150986671447754,False,True,25.0,1.0,1.0,1.0,,,,,,,,,,,,,,
235,2.349919557571411,-3.1737966537475586,0.2708091735839844,0.27100443840026855,0.02345098741352558,1.784560203552246,1.7847497463226318,1.0356570102862986e-17,0.25544118881225586,0.704070508480072,0.10777132213115692,0.05656096711754799,1.0356570102862986e-17,0.704070508480072,0.10777132213115692,0.05656096711754799,0.0001,0.25,1.0,0.25,0.0,0.0,0.0,0.0,0.0,1.9264576435089111,False,True,25.0,1.0,1.0,1.0,,,,,,,,,,,,,,
236,2.354674816131592,-3.1925432682037354,0.27334001660346985,0.2734310030937195,0.024271659553050995,1.7831393480300903,1.784124732017517,9.41046904236566e-18,0.2540374994277954,0.70357346534729,0.10825157165527344,0.05612187832593918,9.41046904236566e-18,0.70357346534729,0.10825157165527344,0.05612187832593918,0.0001,0.25,1.0,0.25,0.0,0.0,0.0,0.0,0.0,1.9135663509368896,False,True,25.0,1.0,1.0,1.0,,,,,,,,,,,,,,
237,2.3522558212280273,-3.190012216567993,0.27227532863616943,0.2715250849723816,0.0239170640707016,1.7833220958709717,1.7857543230056763,3.751566164287685e-17,0.2508724629878998,0.7048438787460327,0.10833203047513962,0.05464302375912666,3.751566164287685e-17,0.7048438787460327,0.10833203047513962,0.05464302375912666,0.0001,0.25,1.0,0.25,0.0,0.0,0.0,0.0,0.0,1.899101972579956,False,True,25.0,1.0,1.0,1.0,,,,,,,,,,,,,,
238,2.351980447769165,-3.2045774459838867,0.26983726024627686,0.26964783668518066,0.02380996383726597,1.7882481813430786,1.789122462272644,7.77381940853559e-18,0.25400954484939575,0.7041053771972656,0.107622429728508,0.05534464865922928,7.77381940853559e-18,0.7041053771972656,0.107622429728508,0.05534464865922928,0.0001,0.25,1.0,0.25,0.0,0.0,0.0,0.0,0.0,1.9165116548538208,False,True,25.0,1.0,1.0,1.0,,,,,,,,,,,,,,
239,2.3514883518218994,-3.2388036251068115,0.26910391449928284,0.26865729689598083,0.02381686493754387,1.7889137268066406,1.7909070253372192,2.7707532965651834e-17,0.25453633069992065,0.7034380435943604,0.10826217383146286,0.05495075881481171,2.7707532965651834e-17,0.7034380435943604,0.10826217383146286,0.05495075881481171,0.0001,0.25,1.0,0.25,0.0,0.0,0.0,0.0,0.0,1.8992077112197876,False,True,25.0,1.0,1.0,1.0,,,,,,,,,,,,,,
240,2.3576416969299316,-3.233546257019043,0.2741093635559082,0.27434998750686646,0.02379636839032173,1.785609483718872,1.7851628065109253,2.600529452669121e-17,0.26035696268081665,0.703458309173584,0.10815687477588654,0.05507608503103256,6.201321721672857e-18,0.7019912004470825,0.10781774669885635,0.04416337609291077,0.0001,0.25,1.0,0.25,0.0,0.0,0.0,0.0,0.0,1.932790994644165,False,True,25.0,1.0,1.0,1.0,0.7849883437156677,0.7849883437156677,0.21501165628433228,8.710485458374023,0.0,0.9285508394241333,3.9876701831817627,-0.0,1.4985294342041016,0.7843638062477112,6.201321721672857e-18,0.7843638062477112,0.07643529027700424,1.0874110460281372
241,2.3556623458862305,-3.2530503273010254,0.2703608572483063,0.27119180560112,0.0237937830388546,1.7909916639328003,1.7896400690078735,2.6622374572378218e-17,0.25867581367492676,0.7030344605445862,0.10772589594125748,0.05421087518334389,2.6622374572378218e-17,0.7030344605445862,0.10772589594125748,0.05421087518334389,0.0001,0.25,1.0,0.25,0.0,0.0,0.0,0.0,0.0,1.9182226657867432,False,True,25.0,1.0,1.0,1.0,,,,,,,,,,,,,,
242,2.352334499359131,-3.2660324573516846,0.2730119526386261,0.27308860421180725,0.02400318719446659,1.7822980880737305,1.782163381576538,2.4375702397847442e-17,0.260890930891037,0.7038431763648987,0.10770753026008606,0.05636158585548401,2.4375702397847442e-17,0.7038431763648987,0.10770753026008606,0.05636158585548401,0.0001,0.25,1.0,0.25,0.0,0.0,0.0,0.0,0.0,1.904617190361023,False,True,25.0,1.0,1.0,1.0,,,,,,,,,,,,,,
243,2.35390567779541,-3.2681009769439697,0.2743576169013977,0.2751424312591553,0.024098802357912064,1.781131625175476,1.779482126235962,1.0060577582731299e-17,0.2594395577907562,0.7024301290512085,0.10802996158599854,0.056240495294332504,1.0060577582731299e-17,0.7024301290512085,0.10802996158599854,0.056240495294332504,0.0001,0.25,1.0,0.25,0.0,0.0,0.0,0.0,0.0,1.9443475008010864,False,True,25.0,1.0,1.0,1.0,,,,,,,,,,,,,,
244,2.358436107635498,-3.2903430461883545,0.2755759060382843,0.2764659821987152,0.024214666336774826,1.7832579612731934,1.7811012268066406,2.1115207886069623e-17,0.2542526125907898,0.7030118107795715,0.10771707445383072,0.054882340133190155,2.1115207886069623e-17,0.7030118107795715,0.10771707445383072,0.054882340133190155,0.0001,0.25,1.0,0.25,0.0,0.0,0.0,0.0,0.0,1.9519243240356445,False,True,25.0,1.0,1.0,1.0,,,,,,,,,,,,,,
245,2.3520267009735107,-3.264139175415039,0.2730039954185486,0.2737826704978943,0.023182764649391174,1.7825909852981567,1.7815237045288086,9.638998035226503e-17,0.25010889768600464,0.7032102942466736,0.10789384692907333,0.05485459789633751,9.638998035226503e-17,0.7032102942466736,0.10789384692907333,0.05485459789633751,0.0001,0.25,1.0,0.25,0.0,0.0,0.0,0.0,0.0,1.9386621713638306,False,True,25.0,1.0,1.0,1.0,,,,,,,,,,,,,,
246,2.359067916870117,-3.296402931213379,0.27469921112060547,0.27496442198753357,0.0240374356508255,1.7855488061904907,1.785184621810913,2.903555489549347e-17,0.25431525707244873,0.7037981748580933,0.10818702727556229,0.054823193699121475,2.903555489549347e-17,0.7037981748580933,0.10818702727556229,0.054823193699121475,0.0001,0.25,1.0,0.25,0.0,0.0,0.0,0.0,0.0,1.9403102397918701,False,True,25.0,1.0,1.0,1.0,,,,,,,,,,,,,,
247,2.3543901443481445,-3.3046157360076904,0.2733582556247711,0.27369287610054016,0.023715822026133537,1.7839213609695435,1.7833248376846313,1.3480043635096499e-16,0.24852748215198517,0.702743649482727,0.1078801229596138,0.05421672388911247,1.3480043635096499e-16,0.702743649482727,0.1078801229596138,0.05421672388911247,0.0001,0.25,1.0,0.25,0.0,0.0,0.0,0.0,0.0,1.934570550918579,False,True,25.0,1.0,1.0,1.0,,,,,,,,,,,,,,
248,2.3570234775543213,-3.3086013793945312,0.27250221371650696,0.2727012634277344,0.024157924577593803,1.787774920463562,1.7875491380691528,3.554972464207922e-17,0.25531232357025146,0.7033194899559021,0.10806956142187119,0.05620340257883072,3.554972464207922e-17,0.7033194899559021,0.10806956142187119,0.05620340257883072,0.0001,0.25,1.0,0.25,0.0,0.0,0.0,0.0,0.0,1.93888258934021,False,True,25.0,1.0,1.0,1.0,,,,,,,,,,,,,,
249,2.3540000915527344,-3.319401741027832,0.26907452940940857,0.27050620317459106,0.02338535152375698,1.791876196861267,1.7901917695999146,2.4407686577002723e-18,0.25577375292778015,0.7027508020401001,0.10788775235414505,0.055986568331718445,2.4407686577002723e-18,0.7027508020401001,0.10788775235414505,0.055986568331718445,0.0001,0.25,1.0,0.25,0.0,0.0,0.0,0.0,0.0,1.926357388496399,False,True,25.0,1.0,1.0,1.0,,,,,,,,,,,,,,
250,2.3514997959136963,-3.3494925498962402,0.2703762948513031,0.27159491181373596,0.02373697981238365,1.7866907119750977,1.7848924398422241,7.050401159201827e-18,0.26015177369117737,0.7033815383911133,0.10750822722911835,0.054356008768081665,6.50561521097413e-18,0.7010856866836548,0.10774516314268112,0.04378758370876312,0.0001,0.25,1.0,0.25,0.0,0.0,0.0,0.0,0.0,1.9279108047485352,False,True,25.0,1.0,1.0,1.0,0.7853381037712097,0.7853381037712097,0.21466189622879028,8.700115203857422,0.0,0.9293676614761353,3.9857006072998047,-0.0,1.4993276596069336,0.7844483852386475,6.50561521097413e-18,0.7844483852386475,0.07344629615545273,1.1018414497375488
251,2.354581356048584,-3.3561737537384033,0.2734616696834564,0.2741977572441101,0.023678647354245186,1.7835893630981445,1.7828969955444336,1.1156640201711833e-16,0.25779232382774353,0.7032370567321777,0.10801912844181061,0.055842019617557526,1.1156640201711833e-16,0.7032370567321777,0.10801912844181061,0.055842019617557526,0.0001,0.25,1.0,0.25,0.0,0.0,0.0,0.0,0.0,1.9472846984863281,False,True,25.0,1.0,1.0,1.0,,,,,,,,,,,,,,
252,2.3559415340423584,-3.3605856895446777,0.2767183184623718,0.27650925517082214,0.023311549797654152,1.7788681983947754,1.7799365520477295,4.620618659448147e-17,0.26212093234062195,0.702525794506073,0.10797891020774841,0.05560369789600372,4.620618659448147e-17,0.702525794506073,0.10797891020774841,0.05560369789600372,0.0001,0.25,1.0,0.25,0.0,0.0,0.0,0.0,0.0,1.9399253129959106,False,True,25.0,1.0,1.0,1.0,,,,,,,,,,,,,,
253,2.360975980758667,-3.3770248889923096,0.2752346396446228,0.2753743529319763,0.023781850934028625,1.7864365577697754,1.786733865737915,1.6182083038176902e-17,0.26254788041114807,0.7017920613288879,0.10794652998447418,0.05391495302319527,1.6182083038176902e-17,0.7017920613288879,0.10794652998447418,0.05391495302319527,0.0001,0.25,1.0,0.25,0.0,0.0,0.0,0.0,0.0,1.9512442350387573,False,True,25.0,1.0,1.0,1.0,,,,,,,,,,,,,,
254,2.355848789215088,-3.3732497692108154,0.27239084243774414,0.27215757966041565,0.023591548204421997,1.787309169769287,1.7881083488464355,2.261954170911571e-17,0.2660195827484131,0.7022730708122253,0.10805308818817139,0.055169057101011276,2.261954170911571e-17,0.7022730708122253,0.10805308818817139,0.055169057101011276,0.0001,0.25,1.0,0.25,0.0,0.0,0.0,0.0,0.0,1.9625864028930664,False,True,25.0,1.0,1.0,1.0,,,,,,,,,,,,,,
255,2.354036808013916,-3.4070611000061035,0.27288374304771423,0.27238908410072327,0.02305881306529045,1.784955382347107,1.7864547967910767,1.6778121263441787e-16,0.2581287920475006,0.701682984828949,0.10781112313270569,0.05469609797000885,1.6778121263441787e-16,0.701682984828949,0.10781112313270569,0.05469609797000885,0.0001,0.25,1.0,0.25,0.0,0.0,0.0,0.0,0.0,1.9510416984558105,False,True,25.0,1.0,1.0,1.0,,,,,,,,,,,,,,
256,2.3570427894592285,-3.4212892055511475,0.2733056843280792,0.2738001048564911,0.023318756371736526,1.7869561910629272,1.7862800359725952,1.223717018858597e-17,0.2579915523529053,0.7023686766624451,0.10781561583280563,0.05458853021264076,1.223717018858597e-17,0.7023686766624451,0.10781561583280563,0.05458853021264076,0.0001,0.25,1.0,0.25,0.0,0.0,0.0,0.0,0.0,1.9541888236999512,False,True,25.0,1.0,1.0,1.0,,,,,,,,,,,,,,
257,2.3585572242736816,-3.4576292037963867,0.272888720035553,0.2735944390296936,0.023576822131872177,1.7887359857559204,1.78825843334198,4.650413374240062e-17,0.25235673785209656,0.7021335959434509,0.1073634997010231,0.052053675055503845,4.650413374240062e-17,0.7021335959434509,0.1073634997010231,0.052053675055503845,0.0001,0.25,1.0,0.25,0.0,0.0,0.0,0.0,0.0,1.9528545141220093,False,True,25.0,1.0,1.0,1.0,,,,,,,,,,,,,,
258,2.355743408203125,-3.4644951820373535,0.2743698060512543,0.27533257007598877,0.022901954129338264,1.783965826034546,1.7823123931884766,5.2554862315913735e-18,0.2522524893283844,0.7020993828773499,0.10763336718082428,0.054316092282533646,5.2554862315913735e-18,0.7020993828773499,0.10763336718082428,0.054316092282533646,0.0001,0.25,1.0,0.25,0.0,0.0,0.0,0.0,0.0,1.9501293897628784,False,True,25.0,1.0,1.0,1.0,,,,,,,,,,,,,,
259,2.354827880859375,-3.4333553314208984,0.2778357267379761,0.2780698835849762,0.023238075897097588,1.7756712436676025,1.775697112083435,1.8162714075375923e-17,0.25299200415611267,0.701918363571167,0.10784018784761429,0.052718181163072586,1.8162714075375923e-17,0.701918363571167,0.10784018784761429,0.052718181163072586,0.0001,0.25,1.0,0.25,0.0,0.0,0.0,0.0,0.0,1.961735725402832,False,True,25.0,1.0,1.0,1.0,,,,,,,,,,,,,,
260,2.3605220317840576,-3.4250295162200928,0.2772519290447235,0.2772558629512787,0.023547403514385223,1.7821402549743652,1.782793402671814,2.4414495514214953e-17,0.25322389602661133,0.7018573880195618,0.10757345706224442,0.055054839700460434,7.883706306275377e-18,0.700360894203186,0.10725215077400208,0.04297724738717079,0.0001,0.25,1.0,0.25,0.0,0.0,0.0,0.0,0.0,1.951296329498291,False,True,25.0,1.0,1.0,1.0,0.7850812673568726,0.7850812673568726,0.21491873264312744,8.67901611328125,0.0,0.9310013055801392,3.9843316078186035,-0.0,1.50297212600708,0.7845388054847717,7.883706306275377e-18,0.7845388054847717,0.07145964354276657,1.1165307760238647
261,2.3574976921081543,-3.4664700031280518,0.2775079309940338,0.27760040760040283,0.0233590230345726,1.7790826559066772,1.7789782285690308,1.984324564070193e-17,0.2525239586830139,0.7012402415275574,0.1070597767829895,0.054596319794654846,1.984324564070193e-17,0.7012402415275574,0.1070597767829895,0.054596319794654846,0.0001,0.25,1.0,0.25,0.0,0.0,0.0,0.0,0.0,1.95518958568573,False,True,25.0,1.0,1.0,1.0,,,,,,,,,,,,,,
262,2.3576369285583496,-3.4993844032287598,0.2744045555591583,0.2744053900241852,0.02363010123372078,1.7851346731185913,1.7852591276168823,2.2739649988419635e-17,0.24921947717666626,0.7017843723297119,0.1071062982082367,0.05438230186700821,2.2739649988419635e-17,0.7017843723297119,0.1071062982082367,0.05438230186700821,0.0001,0.25,1.0,0.25,0.0,0.0,0.0,0.0,0.0,1.9661649465560913,False,True,25.0,1.0,1.0,1.0,,,,,,,,,,,,,,
263,2.3578524589538574,-3.514739751815796,0.2749577760696411,0.27529779076576233,0.02320495992898941,1.7841976881027222,1.7845860719680786,3.548046646375138e-17,0.24945472180843353,0.7015299201011658,0.10767579078674316,0.05401340126991272,3.548046646375138e-17,0.7015299201011658,0.10767579078674316,0.05401340126991272,0.0001,0.25,1.0,0.25,0.0,0.0,0.0,0.0,0.0,1.9596158266067505,False,True,25.0,1.0,1.0,1.0,,,,,,,,,,,,,,
264,2.361971855163574,-3.4886889457702637,0.2795499563217163,0.2796839475631714,0.023604383692145348,1.7790369987487793,1.7792303562164307,1.8639719356133203e-17,0.2524314224720001,0.7012158036231995,0.10747632384300232,0.05397126078605652,1.8639719356133203e-17,0.7012158036231995,0.10747632384300232,0.05397126078605652,0.0001,0.25,1.0,0.25,0.0,0.0,0.0,0.0,0.0,1.9629956483840942,False,True,25.0,1.0,1.0,1.0,,,,,,,,,,,,,,
265,2.358642101287842,-3.4933764934539795,0.27712583541870117,0.2770460546016693,0.023347903043031693,1.7804890871047974,1.7817553281784058,7.027060603857418e-18,0.25115326046943665,0.7006399631500244,0.10741041600704193,0.053218115121126175,7.027060603857418e-18,0.7006399631500244,0.10741041600704193,0.053218115121126175,0.0001,0.25,1.0,0.25,0.0,0.0,0.0,0.0,0.0,1.9780584573745728,False,True,25.0,1.0,1.0,1.0,,,,,,,,,,,,,,
266,2.3564391136169434,-3.4930813312530518,0.2762232720851898,0.2766761779785156,0.02279510162770748,1.7807456254959106,1.7807437181472778,1.5356665974689837e-17,0.2512155771255493,0.7017042636871338,0.10670001804828644,0.05285950005054474,1.5356665974689837e-17,0.7017042636871338,0.10670001804828644,0.05285950005054474,0.0001,0.25,1.0,0.25,0.0,0.0,0.0,0.0,0.0,1.956717848777771,False,True,25.0,1.0,1.0,1.0,,,,,,,,,,,,,,
267,2.3543624877929688,-3.5645246505737305,0.2724653482437134,0.27225175499916077,0.02310958504676819,1.7860151529312134,1.7870569229125977,4.363219905156346e-17,0.25176405906677246,0.7008594274520874,0.10722359269857407,0.052684325724840164,4.363219905156346e-17,0.7008594274520874,0.10722359269857407,0.052684325724840164,0.0001,0.25,1.0,0.25,0.0,0.0,0.0,0.0,0.0,1.9832125902175903,False,True,25.0,1.0,1.0,1.0,,,,,,,,,,,,,,
268,2.3591065406799316,-3.5911619663238525,0.2752913236618042,0.2754899859428406,0.023999828845262527,1.784312129020691,1.7843384742736816,1.1291104696854983e-17,0.25397858023643494,0.7008519172668457,0.10678604245185852,0.05476580560207367,1.1291104696854983e-17,0.7008519172668457,0.10678604245185852,0.05476580560207367,0.0001,0.25,1.0,0.25,0.0,0.0,0.0,0.0,0.0,1.9876118898391724,False,True,25.0,1.0,1.0,1.0,,,,,,,,,,,,,,
269,2.3573436737060547,-3.5852854251861572,0.2787350118160248,0.2789019048213959,0.02237365022301674,1.7771588563919067,1.7775070667266846,6.532054714918127e-17,0.24796657264232635,0.700891375541687,0.10738546401262283,0.05293445289134979,6.532054714918127e-17,0.700891375541687,0.10738546401262283,0.05293445289134979,0.0001,0.25,1.0,0.25,0.0,0.0,0.0,0.0,0.0,2.0040483474731445,False,True,25.0,1.0,1.0,1.0,,,,,,,,,,,,,,
270,2.3596763610839844,-3.55906081199646,0.279812216758728,0.280468225479126,0.022814089432358742,1.7768036127090454,1.7763599157333374,4.632846705007396e-17,0.24701106548309326,0.7006072998046875,0.1071435883641243,0.053382642567157745,7.939004518469858e-18,0.6996361613273621,0.10707815736532211,0.04219586402177811,0.0001,0.25,1.0,0.25,0.0,0.0,0.0,0.0,0.0,1.9838566780090332,False,True,25.0,1.0,1.0,1.0,0.7850812673568726,0.7850812673568726,0.21491873264312744,8.67901611328125,0.0,0.9310013055801392,3.9843316078186035,-0.0,1.50297212600708,0.784482479095459,7.939004518469858e-18,0.784482479095459,0.06902611255645752,1.1313092708587646
271,2.3542492389678955,-3.551579713821411,0.27684521675109863,0.27781960368156433,0.02249787375330925,1.7776926755905151,1.7764801979064941,9.577214922658182e-17,0.2451951801776886,0.7010498642921448,0.10721717029809952,0.05304008349776268,9.577214922658182e-17,0.7010498642921448,0.10721717029809952,0.05304008349776268,0.0001,0.25,1.0,0.25,0.0,0.0,0.0,0.0,0.0,1.9891383647918701,False,True,25.0,1.0,1.0,1.0,,,,,,,,,,,,,,
272,2.36063289642334,-3.54841685295105,0.2766862213611603,0.27744805812835693,0.02344868704676628,1.7835214138031006,1.7825783491134644,5.3020086890387034e-17,0.24988894164562225,0.7014563679695129,0.10766756534576416,0.05225430056452751,5.3020086890387034e-17,0.7014563679695129,0.10766756534576416,0.05225430056452751,0.0001,0.25,1.0,0.25,0.0,0.0,0.0,0.0,0.0,1.988619089126587,False,True,25.0,1.0,1.0,1.0,,,,,,,,,,,,,,
273,2.357908010482788,-3.626267671585083,0.27285224199295044,0.2733787000179291,0.02331450954079628,1.7884485721588135,1.7882766723632812,6.871285950901432e-18,0.254151850938797,0.7008903622627258,0.10740089416503906,0.05317402631044388,6.871285950901432e-18,0.7008903622627258,0.10740089416503906,0.05317402631044388,0.0001,0.25,1.0,0.25,0.0,0.0,0.0,0.0,0.0,1.9955260753631592,False,True,25.0,1.0,1.0,1.0,,,,,,,,,,,,,,
274,2.361077308654785,-3.6370460987091064,0.27852219343185425,0.2795175611972809,0.022749923169612885,1.781093955039978,1.779481291770935,2.6980295623429913e-17,0.2571868300437927,0.7001246809959412,0.10743632912635803,0.053105879575014114,2.6980295623429913e-17,0.7001246809959412,0.10743632912635803,0.053105879575014114,0.0001,0.25,1.0,0.25,0.0,0.0,0.0,0.0,0.0,2.018648624420166,False,True,25.0,1.0,1.0,1.0,,,,,,,,,,,,,,
275,2.361046314239502,-3.6264808177948,0.27801263332366943,0.27827513217926025,0.02318873442709446,1.7814677953720093,1.7816715240478516,1.0148827827923356e-17,0.2551603317260742,0.7006910443305969,0.10763734579086304,0.053287845104932785,1.0148827827923356e-17,0.7006910443305969,0.10763734579086304,0.053287845104932785,0.0001,0.25,1.0,0.25,0.0,0.0,0.0,0.0,0.0,1.996751070022583,False,True,25.0,1.0,1.0,1.0,,,,,,,,,,,,,,
276,2.351876735687256,-3.5991404056549072,0.27526527643203735,0.2754044830799103,0.022652383893728256,1.7784608602523804,1.7786484956741333,4.7835322119627106e-17,0.2509727478027344,0.7010750770568848,0.10771805793046951,0.05243641138076782,4.7835322119627106e-17,0.7010750770568848,0.10771805793046951,0.05243641138076782,0.0001,0.25,1.0,0.25,0.0,0.0,0.0,0.0,0.0,1.9659956693649292,False,True,25.0,1.0,1.0,1.0,,,,,,,,,,,,,,
277,2.359632730484009,-3.6196846961975098,0.2736153304576874,0.2735820412635803,0.023184487596154213,1.7889267206192017,1.7895749807357788,3.9113407318137325e-17,0.2494834065437317,0.7001615762710571,0.10762155801057816,0.05259000137448311,3.9113407318137325e-17,0.7001615762710571,0.10762155801057816,0.05259000137448311,0.0001,0.25,1.0,0.25,0.0,0.0,0.0,0.0,0.0,2.0004801750183105,False,True,25.0,1.0,1.0,1.0,,,,,,,,,,,,,,
278,2.3546671867370605,-3.65967059135437,0.27530911564826965,0.2756654620170593,0.022746622562408447,1.7809040546417236,1.780988097190857,8.06037793378111e-18,0.25077739357948303,0.6998305916786194,0.10713877528905869,0.05294352024793625,8.06037793378111e-18,0.6998305916786194,0.10713877528905869,0.05294352024793625,0.0001,0.25,1.0,0.25,0.0,0.0,0.0,0.0,0.0,1.9769190549850464,False,True,25.0,1.0,1.0,1.0,,,,,,,,,,,,,,
279,2.3564584255218506,-3.691391706466675,0.2776569128036499,0.2774248719215393,0.022303586825728416,1.7787556648254395,1.779390573501587,1.859396965081412e-17,0.24542202055454254,0.699533998966217,0.10757141560316086,0.05243760347366333,1.859396965081412e-17,0.699533998966217,0.10757141560316086,0.05243760347366333,0.0001,0.25,1.0,0.25,0.0,0.0,0.0,0.0,0.0,2.001831293106079,False,True,25.0,1.0,1.0,1.0,,,,,,,,,,,,,,
280,2.361903429031372,-3.68168306350708,0.27994829416275024,0.2799605131149292,0.022698035463690758,1.7789913415908813,1.7796016931533813,1.833144237672449e-17,0.24849700927734375,0.7005742788314819,0.1076643094420433,0.053151655942201614,1.2348599296173397e-17,0.6990691423416138,0.1071792021393776,0.04143649712204933,0.0001,0.25,1.0,0.25,0.0,0.0,0.0,0.0,0.0,1.9724674224853516,False,True,25.0,1.0,1.0,1.0,0.7853133082389832,0.7853133082389832,0.21468669176101685,8.649663925170898,0.0,0.9309532642364502,3.983093500137329,-0.0,1.502265214920044,0.7846595048904419,1.2348599296173397e-17,0.7846595644950867,0.06686411798000336,1.1393280029296875
281,2.3562874794006348,-3.6930575370788574,0.2767260670661926,0.27772122621536255,0.022758277133107185,1.779887080192566,1.778276801109314,7.024650034116316e-17,0.24206674098968506,0.6999538540840149,0.10720594972372055,0.05217033252120018,7.024650034116316e-17,0.6999538540840149,0.10720594972372055,0.05217033252120018,0.0001,0.25,1.0,0.25,0.0,0.0,0.0,0.0,0.0,1.9997373819351196,False,True,25.0,1.0,1.0,1.0,,,,,,,,,,,,,,
282,2.363633394241333,-3.679922580718994,0.2796476185321808,0.27989885210990906,0.022985298186540604,1.7808557748794556,1.781347632408142,1.198723343060001e-17,0.24361193180084229,0.6999040246009827,0.10735802352428436,0.051226481795310974,1.198723343060001e-17,0.6999040246009827,0.10735802352428436,0.051226481795310974,0.0001,0.25,1.0,0.25,0.0,0.0,0.0,0.0,0.0,2.0047736167907715,False,True,25.0,1.0,1.0,1.0,,,,,,,,,,,,,,
283,2.362159252166748,-3.692243814468384,0.27804556488990784,0.2787812054157257,0.023299764841794968,1.7826387882232666,1.7814265489578247,2.78353141723178e-18,0.2483910471200943,0.7003250122070312,0.10753556340932846,0.052183639258146286,2.78353141723178e-18,0.7003250122070312,0.10753556340932846,0.052183639258146286,0.0001,0.25,1.0,0.25,0.0,0.0,0.0,0.0,0.0,1.9963502883911133,False,True,25.0,1.0,1.0,1.0,,,,,,,,,,,,,,
284,2.3655900955200195,-3.7222254276275635,0.2809365391731262,0.28083571791648865,0.023046283051371574,1.7805734872817993,1.7809696197509766,1.26350752892921e-18,0.2524321377277374,0.6997049450874329,0.10730455070734024,0.05272522196173668,1.26350752892921e-18,0.6997049450874329,0.10730455070734024,0.05272522196173668,0.0001,0.25,1.0,0.25,0.0,0.0,0.0,0.0,0.0,1.99320650100708,False,True,25.0,1.0,1.0,1.0,,,,,,,,,,,,,,
285,2.3755810260772705,-3.756591320037842,0.28174009919166565,0.2818915843963623,0.02326333336532116,1.7882896661758423,1.789082407951355,1.0782417571456311e-17,0.2587485909461975,0.6997538805007935,0.1069454625248909,0.05200393870472908,1.0782417571456311e-17,0.6997538805007935,0.1069454625248909,0.05200393870472908,0.0001,0.25,1.0,0.25,0.0,0.0,0.0,0.0,0.0,2.0163285732269287,False,True,25.0,1.0,1.0,1.0,,,,,,,,,,,,,,
286,2.3617208003997803,-3.77402663230896,0.27652373909950256,0.2763424217700958,0.022622015327215195,1.7857128381729126,1.7867523431777954,6.480569670103847e-18,0.257693886756897,0.6999432444572449,0.10729307681322098,0.05105070769786835,6.480569670103847e-18,0.6999432444572449,0.10729307681322098,0.05105070769786835,0.0001,0.25,1.0,0.25,0.0,0.0,0.0,0.0,0.0,2.000440835952759,False,True,25.0,1.0,1.0,1.0,,,,,,,,,,,,,,
287,2.360441207885742,-3.7827513217926025,0.27919018268585205,0.2787834107875824,0.023055100813508034,1.7786113023757935,1.780213713645935,5.491034348258096e-17,0.2530970871448517,0.7000125050544739,0.10703271627426147,0.05203143507242203,5.491034348258096e-17,0.7000125050544739,0.10703271627426147,0.05203143507242203,0.0001,0.25,1.0,0.25,0.0,0.0,0.0,0.0,0.0,1.9950106143951416,False,True,25.0,1.0,1.0,1.0,,,,,,,,,,,,,,
288,2.36198353767395,-3.7539618015289307,0.2809937298297882,0.2806169390678406,0.022647447884082794,1.777024507522583,1.778426170349121,6.390326333225843e-18,0.24308422207832336,0.7003506422042847,0.10718148201704025,0.05266355723142624,6.390326333225843e-18,0.7003506422042847,0.10718148201704025,0.05266355723142624,0.0001,0.25,1.0,0.25,0.0,0.0,0.0,0.0,0.0,1.9985626935958862,False,True,25.0,1.0,1.0,1.0,,,,,,,,,,,,,,
289,2.3604180812835693,-3.7460498809814453,0.2810518443584442,0.2817821502685547,0.022460903972387314,1.7755051851272583,1.7747411727905273,1.1145207407593493e-17,0.23962849378585815,0.6999903917312622,0.1070721372961998,0.05165088176727295,1.1145207407593493e-17,0.6999903917312622,0.1070721372961998,0.05165088176727295,0.0001,0.25,1.0,0.25,0.0,0.0,0.0,0.0,0.0,2.0090558528900146,False,True,25.0,1.0,1.0,1.0,,,,,,,,,,,,,,
290,2.3616669178009033,-3.7963883876800537,0.28131961822509766,0.2821469306945801,0.02291463315486908,1.775925874710083,1.7746456861495972,2.6647065913662926e-17,0.24048154056072235,0.6994050145149231,0.10727860033512115,0.05116395279765129,1.4281156141527268e-17,0.6984136700630188,0.10674828290939331,0.04120400547981262,0.0001,0.25,1.0,0.25,0.0,0.0,0.0,0.0,0.0,2.0324411392211914,False,True,25.0,1.0,1.0,1.0,0.7852020859718323,0.7852020859718323,0.21479791402816772,8.661808013916016,0.0,0.9307610988616943,3.981916666030884,-0.0,1.496317982673645,0.7846804261207581,1.4281156141527268e-17,0.7846804261207581,0.06535422801971436,1.1505476236343384
291,2.361027479171753,-3.8153276443481445,0.27961036562919617,0.27992361783981323,0.022533101961016655,1.779090404510498,1.7788305282592773,8.483903837267244e-17,0.2419719249010086,0.6994573473930359,0.10680744796991348,0.05080584064126015,8.483903837267244e-17,0.6994573473930359,0.10680744796991348,0.05080584064126015,0.0001,0.25,1.0,0.25,0.0,0.0,0.0,0.0,0.0,2.005631923675537,False,True,25.0,1.0,1.0,1.0,,,,,,,,,,,,,,
292,2.3578827381134033,-3.8330891132354736,0.28063154220581055,0.2811470031738281,0.022239597514271736,1.774080514907837,1.7736483812332153,6.422988386893112e-18,0.2456829845905304,0.6998530626296997,0.10731231421232224,0.05278488248586655,6.422988386893112e-18,0.6998530626296997,0.10731231421232224,0.05278488248586655,0.0001,0.25,1.0,0.25,0.0,0.0,0.0,0.0,0.0,2.010425090789795,False,True,25.0,1.0,1.0,1.0,,,,,,,,,,,,,,
293,2.3621420860290527,-3.812001943588257,0.2832651734352112,0.28375524282455444,0.022743111476302147,1.7726924419403076,1.772064447402954,3.4552713923601704e-17,0.24306730926036835,0.6997263431549072,0.1070103719830513,0.052487101405858994,3.4552713923601704e-17,0.6997263431549072,0.1070103719830513,0.052487101405858994,0.0001,0.25,1.0,0.25,0.0,0.0,0.0,0.0,0.0,2.0217771530151367,False,True,25.0,1.0,1.0,1.0,,,,,,,,,,,,,,
294,2.3581509590148926,-3.7990763187408447,0.2781118154525757,0.2783690392971039,0.022199416533112526,1.779316782951355,1.7796248197555542,6.40200670250152e-17,0.24808058142662048,0.69965660572052,0.10655186325311661,0.05081942677497864,6.40200670250152e-17,0.69965660572052,0.10655186325311661,0.05081942677497864,0.0001,0.25,1.0,0.25,0.0,0.0,0.0,0.0,0.0,2.026702642440796,False,True,25.0,1.0,1.0,1.0,,,,,,,,,,,,,,
295,2.3645176887512207,-3.826742649078369,0.27990400791168213,0.28069645166397095,0.02202540636062622,1.782496690750122,1.7812867164611816,4.5809745396664404e-17,0.24438008666038513,0.6991152167320251,0.1062600389122963,0.05014990642666817,4.5809745396664404e-17,0.6991152167320251,0.1062600389122963,0.05014990642666817,0.0001,0.25,1.0,0.25,0.0,0.0,0.0,0.0,0.0,2.0256264209747314,False,True,25.0,1.0,1.0,1.0,,,,,,,,,,,,,,
296,2.3595645427703857,-3.8334414958953857,0.2785791754722595,0.2794874608516693,0.02202950417995453,1.7802045345306396,1.7787322998046875,2.1531247970448273e-16,0.25204136967658997,0.6995155215263367,0.10657838732004166,0.0510721392929554,2.1531247970448273e-16,0.6995155215263367,0.10657838732004166,0.0510721392929554,0.0001,0.25,1.0,0.25,0.0,0.0,0.0,0.0,0.0,2.020453929901123,False,True,25.0,1.0,1.0,1.0,,,,,,,,,,,,,,
297,2.362097978591919,-3.8610050678253174,0.27974608540534973,0.27966171503067017,0.022580770775675774,1.7798928022384644,1.780326008796692,7.000163502751276e-17,0.2501066029071808,0.6997776627540588,0.10656893253326416,0.05047464370727539,7.000163502751276e-17,0.6997776627540588,0.10656893253326416,0.05047464370727539,0.0001,0.25,1.0,0.25,0.0,0.0,0.0,0.0,0.0,2.004973888397217,False,True,25.0,1.0,1.0,1.0,,,,,,,,,,,,,,
298,2.3655405044555664,-3.8700191974639893,0.27984392642974854,0.2800879180431366,0.022419854998588562,1.7835983037948608,1.7827794551849365,1.959315585430265e-17,0.25148653984069824,0.6992488503456116,0.10661724954843521,0.05199006572365761,1.959315585430265e-17,0.6992488503456116,0.10661724954843521,0.05199006572365761,0.0001,0.25,1.0,0.25,0.0,0.0,0.0,0.0,0.0,2.0198287963867188,False,True,25.0,1.0,1.0,1.0,,,,,,,,,,,,,,
299,2.36134672164917,-3.885976552963257,0.2781781554222107,0.27882829308509827,0.022364065051078796,1.782202124595642,1.781750202178955,9.798061558298e-17,0.24728699028491974,0.6984575390815735,0.10620491951704025,0.051074106246232986,9.798061558298e-17,0.6984575390815735,0.10620491951704025,0.051074106246232986,0.0001,0.25,1.0,0.25,0.0,0.0,0.0,0.0,0.0,2.027221918106079,False,True,25.0,1.0,1.0,1.0,,,,,,,,,,,,,,
300,2.362795829772949,-3.9241724014282227,0.2801898121833801,0.28005167841911316,0.022046884521842003,1.7804609537124634,1.780554175376892,1.4166390461789718e-16,0.2418384850025177,0.69930499792099,0.10667452961206436,0.050597451627254486,1.3795314943007277e-17,0.6979489922523499,0.1066608801484108,0.040679823607206345,0.0001,0.25,1.0,0.25,0.0,0.0,0.0,0.0,0.0,2.0354764461517334,False,True,25.0,1.0,1.0,1.0,0.7852945923805237,0.7852945923805237,0.21470540761947632,8.657049179077148,0.0,0.9322025775909424,3.9805572032928467,-0.0,1.4837886095046997,0.7846989631652832,1.3795314943007277e-17,0.7846989631652832,0.06317198276519775,1.1635196208953857
301,2.3579728603363037,-3.9013431072235107,0.28101983666419983,0.2810865044593811,0.022478867322206497,1.7733901739120483,1.7733851671218872,4.541083920062193e-17,0.24306069314479828,0.6988147497177124,0.10697872936725616,0.05010552331805229,4.541083920062193e-17,0.6988147497177124,0.10697872936725616,0.05010552331805229,0.0001,0.25,1.0,0.25,0.0,0.0,0.0,0.0,0.0,2.041830062866211,False,True,25.0,1.0,1.0,1.0,,,,,,,,,,,,,,
302,2.361109733581543,-3.910949945449829,0.2821362018585205,0.28212469816207886,0.02218657173216343,1.7741838693618774,1.7751407623291016,3.1550399024613936e-17,0.23724718391895294,0.6988824605941772,0.10674051195383072,0.050208643078804016,3.1550399024613936e-17,0.6988824605941772,0.10674051195383072,0.050208643078804016,0.0001,0.25,1.0,0.25,0.0,0.0,0.0,0.0,0.0,2.02744460105896,False,True,25.0,1.0,1.0,1.0,,,,,,,,,,,,,,
303,2.3663651943206787,-3.951441764831543,0.28246229887008667,0.28208962082862854,0.022447552531957626,1.7787154912948608,1.7800159454345703,4.869205293238298e-17,0.24044394493103027,0.6987677812576294,0.1064828559756279,0.05167887359857559,4.869205293238298e-17,0.6987677812576294,0.1064828559756279,0.05167887359857559,0.0001,0.25,1.0,0.25,0.0,0.0,0.0,0.0,0.0,2.029217004776001,False,True,25.0,1.0,1.0,1.0,,,,,,,,,,,,,,
304,2.3617942333221436,-3.9824893474578857,0.28062254190444946,0.2804388701915741,0.022233562543988228,1.7781630754470825,1.7788355350494385,6.930114539757836e-17,0.23928865790367126,0.6984876990318298,0.10652662068605423,0.05061178281903267,6.930114539757836e-17,0.6984876990318298,0.10652662068605423,0.05061178281903267,0.0001,0.25,1.0,0.25,0.0,0.0,0.0,0.0,0.0,2.0390028953552246,False,True,25.0,1.0,1.0,1.0,,,,,,,,,,,,,,
305,2.3621225357055664,-3.9578311443328857,0.2808067798614502,0.28163012862205505,0.021935148164629936,1.778102159500122,1.7773985862731934,4.85824051791054e-17,0.24172846972942352,0.6986882090568542,0.10642427206039429,0.050745829939842224,4.85824051791054e-17,0.6986882090568542,0.10642427206039429,0.050745829939842224,0.0001,0.25,1.0,0.25,0.0,0.0,0.0,0.0,0.0,2.039228916168213,False,True,25.0,1.0,1.0,1.0,,,,,,,,,,,,,,
306,2.355393171310425,-3.930361270904541,0.2774496376514435,0.27799928188323975,0.022165359929203987,1.7781251668930054,1.7774326801300049,7.923860210921481e-17,0.2400510311126709,0.6990582346916199,0.10663221031427383,0.0507824532687664,7.923860210921481e-17,0.6990582346916199,0.10663221031427383,0.0507824532687664,0.0001,0.25,1.0,0.25,0.0,0.0,0.0,0.0,0.0,2.0416316986083984,False,True,25.0,1.0,1.0,1.0,,,,,,,,,,,,,,
307,2.3593530654907227,-3.9425084590911865,0.28092992305755615,0.281802237033844,0.022111710160970688,1.7749249935150146,1.774093508720398,3.527686422777758e-17,0.23975145816802979,0.6985849738121033,0.10640295594930649,0.05081716924905777,3.527686422777758e-17,0.6985849738121033,0.10640295594930649,0.05081716924905777,0.0001,0.25,1.0,0.25,0.0,0.0,0.0,0.0,0.0,2.033297061920166,False,True,25.0,1.0,1.0,1.0,,,,,,,,,,,,,,
308,2.367746591567993,-3.94704008102417,0.2805674076080322,0.28108644485473633,0.022773535922169685,1.7835944890975952,1.7830438613891602,1.1120003214329002e-17,0.2429741770029068,0.6983808875083923,0.10663601011037827,0.050134412944316864,1.1120003214329002e-17,0.6983808875083923,0.10663601011037827,0.050134412944316864,0.0001,0.25,1.0,0.25,0.0,0.0,0.0,0.0,0.0,2.0463974475860596,False,True,25.0,1.0,1.0,1.0,,,,,,,,,,,,,,
309,2.361586570739746,-3.9915716648101807,0.28214189410209656,0.2824041545391083,0.021717863157391548,1.7755440473556519,1.7751010656356812,2.7475303001294306e-16,0.24494479596614838,0.6988840699195862,0.10653693974018097,0.0494813472032547,2.7475303001294306e-16,0.6988840699195862,0.10653693974018097,0.0494813472032547,0.0001,0.25,1.0,0.25,0.0,0.0,0.0,0.0,0.0,2.0322461128234863,False,True,25.0,1.0,1.0,1.0,,,,,,,,,,,,,,
310,2.3650808334350586,-3.99843692779541,0.28237536549568176,0.2820402979850769,0.022036809474229813,1.7778592109680176,1.7793976068496704,2.1695581626638468e-16,0.243208110332489,0.6988106369972229,0.10645020753145218,0.050352927297353745,1.3807554106772596e-17,0.6973904967308044,0.10638832300901413,0.039916347712278366,0.0001,0.25,1.0,0.25,0.0,0.0,0.0,0.0,0.0,2.033970594406128,False,True,25.0,1.0,1.0,1.0,0.7851788401603699,0.7851788401603699,0.21482115983963013,8.664953231811523,0.0,0.9359023571014404,3.977452039718628,-0.0,1.4715735912322998,0.7844846844673157,1.3807554106772596e-17,0.7844846844673157,0.062123529613018036,1.1626691818237305
311,2.361583948135376,-4.031327724456787,0.27809539437294006,0.2783776819705963,0.02279236540198326,1.782317042350769,1.7823199033737183,1.404824160792081e-17,0.24060440063476562,0.6991016268730164,0.10660447925329208,0.0506809800863266,1.404824160792081e-17,0.6991016268730164,0.10660447925329208,0.0506809800863266,0.0001,0.25,1.0,0.25,0.0,0.0,0.0,0.0,0.0,2.01761531829834,False,True,25.0,1.0,1.0,1.0,,,,,,,,,,,,,,
312,2.366110324859619,-4.021307945251465,0.28409767150878906,0.2839202880859375,0.021968195214867592,1.775620698928833,1.7766276597976685,5.697673660568948e-17,0.24166058003902435,0.6990864872932434,0.10672025382518768,0.050070930272340775,5.697673660568948e-17,0.6990864872932434,0.10672025382518768,0.050070930272340775,0.0001,0.25,1.0,0.25,0.0,0.0,0.0,0.0,0.0,2.023540496826172,False,True,25.0,1.0,1.0,1.0,,,,,,,,,,,,,,
313,2.359280586242676,-4.014002323150635,0.28067201375961304,0.2813008427619934,0.0213144663721323,1.7762229442596436,1.7757636308670044,2.0401081025684422e-16,0.24018530547618866,0.6988001465797424,0.10624361038208008,0.04998762160539627,2.0401081025684422e-16,0.6988001465797424,0.10624361038208008,0.04998762160539627,0.0001,0.25,1.0,0.25,0.0,0.0,0.0,0.0,0.0,2.0587587356567383,False,True,25.0,1.0,1.0,1.0,,,,,,,,,,,,,,
314,2.3691246509552,-4.050288200378418,0.2827654182910919,0.2838343679904938,0.022302566096186638,1.7807103395462036,1.7797342538833618,7.11975446330011e-18,0.2406557947397232,0.698843240737915,0.10673989355564117,0.05066920071840286,7.11975446330011e-18,0.698843240737915,0.10673989355564117,0.05066920071840286,0.0001,0.25,1.0,0.25,0.0,0.0,0.0,0.0,0.0,2.021200656890869,False,True,25.0,1.0,1.0,1.0,,,,,,,,,,,,,,
315,2.3640313148498535,-4.075312614440918,0.28491008281707764,0.285204142332077,0.02212199941277504,1.771842360496521,1.7717477083206177,2.277745875985821e-17,0.24019639194011688,0.6987675428390503,0.10586342215538025,0.049036905169487,2.277745875985821e-17,0.6987675428390503,0.10586342215538025,0.049036905169487,0.0001,0.25,1.0,0.25,0.0,0.0,0.0,0.0,0.0,2.0396053791046143,False,True,25.0,1.0,1.0,1.0,,,,,,,,,,,,,,
316,2.3641934394836426,-4.0659966468811035,0.28432270884513855,0.2846331000328064,0.022077351808547974,1.773016333580017,1.7733041048049927,5.08708301222354e-17,0.2397344559431076,0.6985487341880798,0.10581343621015549,0.049188923090696335,5.08708301222354e-17,0.6985487341880798,0.10581343621015549,0.049188923090696335,0.0001,0.25,1.0,0.25,0.0,0.0,0.0,0.0,0.0,2.038465738296509,False,True,25.0,1.0,1.0,1.0,,,,,,,,,,,,,,
317,2.3687541484832764,-4.0833563804626465,0.2824469208717346,0.2825644910335541,0.022013699635863304,1.7817507982254028,1.7817071676254272,1.3837301452733049e-17,0.2439972311258316,0.6980013251304626,0.10594383627176285,0.04875786602497101,1.3837301452733049e-17,0.6980013251304626,0.10594383627176285,0.04875786602497101,0.0001,0.25,1.0,0.25,0.0,0.0,0.0,0.0,0.0,2.0351901054382324,False,True,25.0,1.0,1.0,1.0,,,,,,,,,,,,,,
318,2.359241008758545,-4.067375659942627,0.2809535562992096,0.2803686559200287,0.021609235554933548,1.7754231691360474,1.7771960496902466,8.469053629166202e-17,0.2461223602294922,0.6985713243484497,0.10613952577114105,0.049192436039447784,8.469053629166202e-17,0.6985713243484497,0.10613952577114105,0.049192436039447784,0.0001,0.25,1.0,0.25,0.0,0.0,0.0,0.0,0.0,2.030442237854004,False,True,25.0,1.0,1.0,1.0,,,,,,,,,,,,,,
319,2.3577239513397217,-4.084769248962402,0.27824801206588745,0.2783307135105133,0.0214520376175642,1.7793718576431274,1.7800142765045166,5.46739491601476e-16,0.23948155343532562,0.6982496380805969,0.10591555386781693,0.04946737363934517,5.46739491601476e-16,0.6982496380805969,0.10591555386781693,0.04946737363934517,0.0001,0.25,1.0,0.25,0.0,0.0,0.0,0.0,0.0,2.029134511947632,False,True,25.0,1.0,1.0,1.0,,,,,,,,,,,,,,
320,2.3782052993774414,-4.099214553833008,0.28466328978538513,0.2842215299606323,0.02242814376950264,1.786314845085144,1.7874693870544434,5.44476848223678e-17,0.24858134984970093,0.6983147263526917,0.10620194673538208,0.04992245137691498,1.1306570256390175e-17,0.6969412565231323,0.1059761643409729,0.03939075767993927,0.0001,0.25,1.0,0.25,0.0,0.0,0.0,0.0,0.0,2.0184614658355713,False,True,25.0,1.0,1.0,1.0,0.7845906019210815,0.7845906019210815,0.21540939807891846,8.63261890411377,0.0,0.9355180263519287,3.976407051086426,-0.0,1.4683716297149658,0.7844375371932983,1.1306570256390175e-17,0.7844375371932983,0.06099943816661835,1.1644344329833984
321,2.3713083267211914,-4.135364532470703,0.28387266397476196,0.28404778242111206,0.021931521594524384,1.7815861701965332,1.7813266515731812,3.181358804319361e-17,0.24292567372322083,0.6982439756393433,0.10610779374837875,0.049742668867111206,3.181358804319361e-17,0.6982439756393433,0.10610779374837875,0.049742668867111206,0.0001,0.25,1.0,0.25,0.0,0.0,0.0,0.0,0.0,2.0222108364105225,False,True,25.0,1.0,1.0,1.0,,,,,,,,,,,,,,
322,2.3729798793792725,-4.183448314666748,0.2869827151298523,0.2875453531742096,0.022147858515381813,1.7769269943237305,1.7756811380386353,1.1684887005311058e-16,0.24320124089717865,0.6986922025680542,0.10675357282161713,0.049574803560972214,1.1684887005311058e-16,0.6986922025680542,0.10675357282161713,0.049574803560972214,0.0001,0.25,1.0,0.25,0.0,0.0,0.0,0.0,0.0,2.0221025943756104,False,True,25.0,1.0,1.0,1.0,,,,,,,,,,,,,,
323,2.3687920570373535,-4.150903701782227,0.2854878306388855,0.2860144376754761,0.02216428332030773,1.7754632234573364,1.7747880220413208,3.110070063023826e-17,0.23550108075141907,0.6979644298553467,0.10582835972309113,0.049704890698194504,3.110070063023826e-17,0.6979644298553467,0.10582835972309113,0.049704890698194504,0.0001,0.25,1.0,0.25,0.0,0.0,0.0,0.0,0.0,2.0212175846099854,False,True,25.0,1.0,1.0,1.0,,,,,,,,,,,,,,
324,2.3628501892089844,-4.127469062805176,0.28497323393821716,0.2850327789783478,0.02107229456305504,1.7716261148452759,1.7719178199768066,5.691226945746955e-17,0.23416772484779358,0.6974583268165588,0.10584889352321625,0.049773700535297394,5.691226945746955e-17,0.6974583268165588,0.10584889352321625,0.049773700535297394,0.0001,0.25,1.0,0.25,0.0,0.0,0.0,0.0,0.0,2.032740592956543,False,True,25.0,1.0,1.0,1.0,,,,,,,,,,,,,,
325,2.3662779331207275,-4.1459221839904785,0.2837100028991699,0.2838672995567322,0.02201203629374504,1.7762662172317505,1.7771108150482178,3.59807684592806e-18,0.233679860830307,0.6983563899993896,0.10610008984804153,0.050423648208379745,3.59807684592806e-18,0.6983563899993896,0.10610008984804153,0.050423648208379745,0.0001,0.25,1.0,0.25,0.0,0.0,0.0,0.0,0.0,2.024965524673462,False,True,25.0,1.0,1.0,1.0,,,,,,,,,,,,,,
326,2.3706557750701904,-4.189743995666504,0.29085835814476013,0.2903132140636444,0.022275930270552635,1.7660777568817139,1.7683387994766235,9.814095958163973e-18,0.23646055161952972,0.6976078152656555,0.10515142232179642,0.04960691183805466,9.814095958163973e-18,0.6976078152656555,0.10515142232179642,0.04960691183805466,0.0001,0.25,1.0,0.25,0.0,0.0,0.0,0.0,0.0,2.0330352783203125,False,True,25.0,1.0,1.0,1.0,,,,,,,,,,,,,,
327,2.369218587875366,-4.202452659606934,0.28585541248321533,0.2857116460800171,0.021830487996339798,1.775463581085205,1.7761785984039307,1.0377455255277093e-16,0.2424069195985794,0.6976338028907776,0.10558313131332397,0.04989022761583328,1.0377455255277093e-16,0.6976338028907776,0.10558313131332397,0.04989022761583328,0.0001,0.25,1.0,0.25,0.0,0.0,0.0,0.0,0.0,2.0406224727630615,False,True,25.0,1.0,1.0,1.0,,,,,,,,,,,,,,
328,2.3712127208709717,-4.2284464836120605,0.2872719466686249,0.28710800409317017,0.022429777309298515,1.7738049030303955,1.7750011682510376,1.3307699065545973e-17,0.23875115811824799,0.6978319883346558,0.10576844215393066,0.0489317923784256,1.3307699065545973e-17,0.6978319883346558,0.10576844215393066,0.0489317923784256,0.0001,0.25,1.0,0.25,0.0,0.0,0.0,0.0,0.0,2.045802593231201,False,True,25.0,1.0,1.0,1.0,,,,,,,,,,,,,,
329,2.3713622093200684,-4.205464839935303,0.28746575117111206,0.28745004534721375,0.022100001573562622,1.7740718126296997,1.774620771408081,1.5842258382822152e-16,0.23096491396427155,0.6983381509780884,0.10547002404928207,0.04911338537931442,1.5842258382822152e-16,0.6983381509780884,0.10547002404928207,0.04911338537931442,0.0001,0.25,1.0,0.25,0.0,0.0,0.0,0.0,0.0,2.0252156257629395,False,True,25.0,1.0,1.0,1.0,,,,,,,,,,,,,,
330,2.3684988021850586,-4.168327808380127,0.2843712866306305,0.2849346101284027,0.021930864080786705,1.777449369430542,1.7770746946334839,5.331853200103494e-18,0.23251107335090637,0.6975688934326172,0.10558060556650162,0.04954821616411209,8.353465739640562e-18,0.6964858770370483,0.10569815337657928,0.03889480233192444,0.0001,0.25,1.0,0.25,0.0,0.0,0.0,0.0,0.0,2.034719467163086,False,True,25.0,1.0,1.0,1.0,0.7841322422027588,0.7841322422027588,0.2158677577972412,8.663521766662598,0.0,0.9356621503829956,3.976152181625366,-0.0,1.4708924293518066,0.7843942642211914,8.353465739640562e-18,0.7843942642211914,0.05979154631495476,1.1711305379867554
331,2.3707354068756104,-4.18937873840332,0.28359878063201904,0.28470540046691895,0.022065674886107445,1.7810183763504028,1.779712438583374,2.2024792892989673e-16,0.23253339529037476,0.697875440120697,0.10598447918891907,0.04845937713980675,2.2024792892989673e-16,0.697875440120697,0.10598447918891907,0.04845937713980675,0.0001,0.25,1.0,0.25,0.0,0.0,0.0,0.0,0.0,2.004422187805176,False,True,25.0,1.0,1.0,1.0,,,,,,,,,,,,,,
332,2.3698158264160156,-4.243642807006836,0.2836035192012787,0.28448188304901123,0.021810298785567284,1.780255675315857,1.779584288597107,5.1721936106825914e-17,0.23946218192577362,0.6977799534797668,0.10595892369747162,0.048481348901987076,5.1721936106825914e-17,0.6977799534797668,0.10595892369747162,0.048481348901987076,0.0001,0.25,1.0,0.25,0.0,0.0,0.0,0.0,0.0,2.049210548400879,False,True,25.0,1.0,1.0,1.0,,,,,,,,,,,,,,
333,2.3668317794799805,-4.275976181030273,0.28446081280708313,0.2847549319267273,0.021574057638645172,1.7759630680084229,1.776120901107788,5.087293777843619e-17,0.23951411247253418,0.6974831819534302,0.10556402802467346,0.049830399453639984,5.087293777843619e-17,0.6974831819534302,0.10556402802467346,0.049830399453639984,0.0001,0.25,1.0,0.25,0.0,0.0,0.0,0.0,0.0,2.032013416290283,False,True,25.0,1.0,1.0,1.0,,,,,,,,,,,,,,
334,2.368654251098633,-4.305453777313232,0.2865385115146637,0.287176251411438,0.02204364724457264,1.7732092142105103,1.7725822925567627,8.313765358410397e-17,0.23545190691947937,0.6978578567504883,0.10565420985221863,0.04815530404448509,8.313765358410397e-17,0.6978578567504883,0.10565420985221863,0.04815530404448509,0.0001,0.25,1.0,0.25,0.0,0.0,0.0,0.0,0.0,2.052027940750122,False,True,25.0,1.0,1.0,1.0,,,,,,,,,,,,,,
335,2.3644096851348877,-4.274007320404053,0.2848958671092987,0.2846069037914276,0.021807899698615074,1.7724055051803589,1.7737926244735718,3.313843029076059e-16,0.228977769613266,0.6974335312843323,0.10598057508468628,0.04777877405285835,3.313843029076059e-16,0.6974335312843323,0.10598057508468628,0.04777877405285835,0.0001,0.25,1.0,0.25,0.0,0.0,0.0,0.0,0.0,2.035231351852417,False,True,25.0,1.0,1.0,1.0,,,,,,,,,,,,,,
336,2.3734025955200195,-4.270517349243164,0.2879658639431,0.2882992625236511,0.02153216302394867,1.7753194570541382,1.7758914232254028,3.7395343259697336e-17,0.23095014691352844,0.6976494789123535,0.10611490905284882,0.04818018898367882,3.7395343259697336e-17,0.6976494789123535,0.10611490905284882,0.04818018898367882,0.0001,0.25,1.0,0.25,0.0,0.0,0.0,0.0,0.0,2.032710075378418,False,True,25.0,1.0,1.0,1.0,,,,,,,,,,,,,,
337,2.374483108520508,-4.285252094268799,0.2893862724304199,0.28997617959976196,0.021714987233281136,1.773526668548584,1.7732850313186646,3.378112563847653e-18,0.22935055196285248,0.6976073384284973,0.10639895498752594,0.047375116497278214,3.378112563847653e-18,0.6976073384284973,0.10639895498752594,0.047375116497278214,0.0001,0.25,1.0,0.25,0.0,0.0,0.0,0.0,0.0,2.0600483417510986,False,True,25.0,1.0,1.0,1.0,,,,,,,,,,,,,,
338,2.3635635375976562,-4.3257269859313965,0.28471359610557556,0.28507062792778015,0.021518630906939507,1.7724803686141968,1.7720410823822021,4.22312826574212e-17,0.23280376195907593,0.6980809569358826,0.10648760199546814,0.04928816854953766,4.22312826574212e-17,0.6980809569358826,0.10648760199546814,0.04928816854953766,0.0001,0.25,1.0,0.25,0.0,0.0,0.0,0.0,0.0,2.0504393577575684,False,True,25.0,1.0,1.0,1.0,,,,,,,,,,,,,,
339,2.371171474456787,-4.328509330749512,0.2887789309024811,0.28957173228263855,0.021504782140254974,1.771598219871521,1.771033763885498,5.361474124248712e-18,0.23952730000019073,0.6980469226837158,0.10612169653177261,0.0489685945212841,5.361474124248712e-18,0.6980469226837158,0.10612169653177261,0.0489685945212841,0.0001,0.25,1.0,0.25,0.0,0.0,0.0,0.0,0.0,2.048903226852417,False,True,25.0,1.0,1.0,1.0,,,,,,,,,,,,,,
340,2.375281572341919,-4.3321943283081055,0.28859734535217285,0.28957808017730713,0.021453477442264557,1.7764018774032593,1.7749032974243164,7.795673024010874e-17,0.23656372725963593,0.6974206566810608,0.10613761842250824,0.04869977757334709,4.490408730639705e-18,0.6961609125137329,0.1058131754398346,0.038808587938547134,0.0001,0.25,1.0,0.25,0.0,0.0,0.0,0.0,0.0,2.066986560821533,False,True,25.0,1.0,1.0,1.0,0.7841318845748901,0.7841318845748901,0.21586811542510986,8.662436485290527,0.0,0.9353737831115723,3.9764645099639893,-0.0,1.4711467027664185,0.7843884825706482,4.490408730639705e-18,0.7843884825706482,0.0588042214512825,1.1773507595062256
341,2.3709867000579834,-4.324593544006348,0.28645458817481995,0.2869696021080017,0.020903917029500008,1.7770589590072632,1.7762582302093506,1.5713323093765552e-17,0.2355528622865677,0.6979095935821533,0.10558391362428665,0.048501722514629364,1.5713323093765552e-17,0.6979095935821533,0.10558391362428665,0.048501722514629364,0.0001,0.25,1.0,0.25,0.0,0.0,0.0,0.0,0.0,2.0554444789886475,False,True,25.0,1.0,1.0,1.0,,,,,,,,,,,,,,
342,2.3697681427001953,-4.31406307220459,0.2823037803173065,0.2818649113178253,0.02159704640507698,1.7831043004989624,1.7849003076553345,3.834761343320308e-18,0.23291736841201782,0.6975362300872803,0.10596740990877151,0.04816213995218277,3.834761343320308e-18,0.6975362300872803,0.10596740990877151,0.04816213995218277,0.0001,0.25,1.0,0.25,0.0,0.0,0.0,0.0,0.0,2.037891387939453,False,True,25.0,1.0,1.0,1.0,,,,,,,,,,,,,,
343,2.3813881874084473,-4.36057186126709,0.288959801197052,0.28893327713012695,0.021271754056215286,1.7818022966384888,1.7826443910598755,2.6451543577912542e-17,0.23390284180641174,0.6974168419837952,0.10603287816047668,0.04972555860877037,2.6451543577912542e-17,0.6974168419837952,0.10603287816047668,0.04972555860877037,0.0001,0.25,1.0,0.25,0.0,0.0,0.0,0.0,0.0,2.036630153656006,False,True,25.0,1.0,1.0,1.0,,,,,,,,,,,,,,
344,2.3709864616394043,-4.404670238494873,0.2876562476158142,0.2871461510658264,0.02187623269855976,1.7735484838485718,1.7750669717788696,3.745855971083109e-18,0.2340429425239563,0.6965945363044739,0.10568232834339142,0.047941047698259354,3.745855971083109e-18,0.6965945363044739,0.10568232834339142,0.047941047698259354,0.0001,0.25,1.0,0.25,0.0,0.0,0.0,0.0,0.0,2.040757894515991,False,True,25.0,1.0,1.0,1.0,,,,,,,,,,,,,,
345,2.3704442977905273,-4.4091105461120605,0.28447914123535156,0.2842954397201538,0.020897550508379936,1.7802931070327759,1.781251311302185,4.1769878830197284e-18,0.23231150209903717,0.6969605088233948,0.10575225949287415,0.048006605356931686,4.1769878830197284e-18,0.6969605088233948,0.10575225949287415,0.048006605356931686,0.0001,0.25,1.0,0.25,0.0,0.0,0.0,0.0,0.0,2.059568166732788,False,True,25.0,1.0,1.0,1.0,,,,,,,,,,,,,,
346,2.37532901763916,-4.410321235656738,0.29031530022621155,0.2905445694923401,0.022111665457487106,1.772200345993042,1.7725145816802979,2.906713003383584e-17,0.22895902395248413,0.6974258422851562,0.10588845610618591,0.04905708134174347,2.906713003383584e-17,0.6974258422851562,0.10588845610618591,0.04905708134174347,0.0001,0.25,1.0,0.25,0.0,0.0,0.0,0.0,0.0,2.045445442199707,False,True,25.0,1.0,1.0,1.0,,,,,,,,,,,,,,
347,2.373896360397339,-4.401570796966553,0.2909306287765503,0.2917405664920807,0.021456478163599968,1.7704392671585083,1.769098162651062,3.828579657166577e-17,0.23074664175510406,0.6963808536529541,0.105283722281456,0.04859493672847748,3.828579657166577e-17,0.6963808536529541,0.105283722281456,0.04859493672847748,0.0001,0.25,1.0,0.25,0.0,0.0,0.0,0.0,0.0,2.043449878692627,False,True,25.0,1.0,1.0,1.0,,,,,,,,,,,,,,
348,2.3730874061584473,-4.414958953857422,0.2899729609489441,0.2901439368724823,0.021532082930207253,1.7715446949005127,1.7713326215744019,2.9268862841625275e-17,0.22730500996112823,0.6970184445381165,0.10584469884634018,0.04803274944424629,2.9268862841625275e-17,0.6970184445381165,0.10584469884634018,0.04803274944424629,0.0001,0.25,1.0,0.25,0.0,0.0,0.0,0.0,0.0,2.0434730052948,False,True,25.0,1.0,1.0,1.0,,,,,,,,,,,,,,
349,2.3814537525177,-4.437365531921387,0.2930006682872772,0.2932341694831848,0.02181510254740715,1.7734135389328003,1.7733941078186035,8.248058597324492e-18,0.22691670060157776,0.6968351602554321,0.10537126660346985,0.047468408942222595,8.248058597324492e-18,0.6968351602554321,0.10537126660346985,0.047468408942222595,0.0001,0.25,1.0,0.25,0.0,0.0,0.0,0.0,0.0,2.0594329833984375,False,True,25.0,1.0,1.0,1.0,,,,,,,,,,,,,,
350,2.3708019256591797,-4.433496952056885,0.2898152768611908,0.2901579439640045,0.020983457565307617,1.7697516679763794,1.7699387073516846,2.3676690112487055e-17,0.22370916604995728,0.6966739296913147,0.10561157763004303,0.04869675263762474,5.01332064823874e-18,0.6956617832183838,0.10550126433372498,0.03792729601264,0.0001,0.25,1.0,0.25,0.0,0.0,0.0,0.0,0.0,2.037184238433838,False,True,25.0,1.0,1.0,1.0,0.7836056351661682,0.7836056351661682,0.2163943648338318,8.697148323059082,0.0,0.9365750551223755,3.9764652252197266,-0.0,1.4728283882141113,0.7845063805580139,5.01332064823874e-18,0.7845063805580139,0.057939231395721436,1.1796703338623047
351,2.370753049850464,-4.4345383644104,0.2902296483516693,0.29127177596092224,0.020992768928408623,1.7688404321670532,1.7676773071289062,2.099113741163157e-17,0.22372372448444366,0.6973039507865906,0.10567943751811981,0.047939565032720566,2.099113741163157e-17,0.6973039507865906,0.10567943751811981,0.047939565032720566,0.0001,0.25,1.0,0.25,0.0,0.0,0.0,0.0,0.0,2.08072566986084,False,True,25.0,1.0,1.0,1.0,,,,,,,,,,,,,,
352,2.3699958324432373,-4.458413600921631,0.2867574691772461,0.2873378396034241,0.021164176985621452,1.7748548984527588,1.7746180295944214,2.6819168284730096e-18,0.22331416606903076,0.6971848011016846,0.10558487474918365,0.04857783392071724,2.6819168284730096e-18,0.6971848011016846,0.10558487474918365,0.04857783392071724,0.0001,0.25,1.0,0.25,0.0,0.0,0.0,0.0,0.0,2.0895135402679443,False,True,25.0,1.0,1.0,1.0,,,,,,,,,,,,,,
353,2.368644952774048,-4.463697910308838,0.28627511858940125,0.2864881455898285,0.021213391795754433,1.7750004529953003,1.7743360996246338,1.826086567250024e-17,0.22273404896259308,0.6966322064399719,0.10549768805503845,0.04699020832777023,1.826086567250024e-17,0.6966322064399719,0.10549768805503845,0.04699020832777023,0.0001,0.25,1.0,0.25,0.0,0.0,0.0,0.0,0.0,2.045353412628174,False,True,25.0,1.0,1.0,1.0,,,,,,,,,,,,,,
354,2.37481427192688,-4.500236511230469,0.287932813167572,0.28796786069869995,0.021093640476465225,1.7772959470748901,1.7783437967300415,8.854268993454186e-17,0.22184813022613525,0.6966100931167603,0.10526829212903976,0.04719139635562897,8.854268993454186e-17,0.6966100931167603,0.10526829212903976,0.04719139635562897,0.0001,0.25,1.0,0.25,0.0,0.0,0.0,0.0,0.0,2.0448858737945557,False,True,25.0,1.0,1.0,1.0,,,,,,,,,,,,,,
355,2.379584789276123,-4.522716999053955,0.29054105281829834,0.28994402289390564,0.02123400568962097,1.7769265174865723,1.7788050174713135,5.092037162348243e-17,0.22351597249507904,0.6957871913909912,0.10567221790552139,0.04762261360883713,5.092037162348243e-17,0.6957871913909912,0.10567221790552139,0.04762261360883713,0.0001,0.25,1.0,0.25,0.0,0.0,0.0,0.0,0.0,2.069600820541382,False,True,25.0,1.0,1.0,1.0,,,,,,,,,,,,,,
356,2.364210844039917,-4.513988018035889,0.2848823368549347,0.28492462635040283,0.021064670756459236,1.7733416557312012,1.7733370065689087,2.1497266067395615e-18,0.22838521003723145,0.6962979435920715,0.10539789497852325,0.04833901301026344,2.1497266067395615e-18,0.6962979435920715,0.10539789497852325,0.04833901301026344,0.0001,0.25,1.0,0.25,0.0,0.0,0.0,0.0,0.0,2.03920841217041,False,True,25.0,1.0,1.0,1.0,,,,,,,,,,,,,,
357,2.3722662925720215,-4.521407127380371,0.2891872823238373,0.28970181941986084,0.021354807540774345,1.7721059322357178,1.7719391584396362,3.7976732116313906e-17,0.22380581498146057,0.6967769265174866,0.10602398961782455,0.04721027612686157,3.7976732116313906e-17,0.6967769265174866,0.10602398961782455,0.04721027612686157,0.0001,0.25,1.0,0.25,0.0,0.0,0.0,0.0,0.0,2.058159828186035,False,True,25.0,1.0,1.0,1.0,,,,,,,,,,,,,,
358,2.375589370727539,-4.533081531524658,0.29285332560539246,0.29343634843826294,0.02112024463713169,1.7682856321334839,1.7680732011795044,3.712527209842122e-17,0.2229616791009903,0.6963453888893127,0.10577792674303055,0.046479303389787674,3.712527209842122e-17,0.6963453888893127,0.10577792674303055,0.046479303389787674,0.0001,0.25,1.0,0.25,0.0,0.0,0.0,0.0,0.0,2.0483145713806152,False,True,25.0,1.0,1.0,1.0,,,,,,,,,,,,,,
359,2.3734655380249023,-4.52320671081543,0.29068073630332947,0.2909191846847534,0.021306319162249565,1.7705670595169067,1.7705514430999756,1.037021196552521e-17,0.22273841500282288,0.696687638759613,0.10554203391075134,0.04552140086889267,1.037021196552521e-17,0.696687638759613,0.10554203391075134,0.04552140086889267,0.0001,0.25,1.0,0.25,0.0,0.0,0.0,0.0,0.0,2.033250570297241,False,True,25.0,1.0,1.0,1.0,,,,,,,,,,,,,,
360,2.3789703845977783,-4.53269624710083,0.29100117087364197,0.29155316948890686,0.021631481125950813,1.7746778726577759,1.7748913764953613,3.0883059484908206e-17,0.22774018347263336,0.6969957947731018,0.10610482841730118,0.04694690182805061,5.466787133571772e-18,0.6952431797981262,0.1055733859539032,0.03728180378675461,0.0001,0.25,1.0,0.25,0.0,0.0,0.0,0.0,0.0,2.0352957248687744,False,True,25.0,1.0,1.0,1.0,0.7838306427001953,0.7838306427001953,0.2161693572998047,8.6693696975708,0.0,0.9342686533927917,3.9782521724700928,-0.0,1.4770567417144775,0.7845577597618103,5.466787133571772e-18,0.7845577001571655,0.05726716294884682,1.179593801498413
361,2.3727781772613525,-4.555578231811523,0.28790929913520813,0.28849998116493225,0.020867884159088135,1.775968313217163,1.7750335931777954,4.929814801953528e-17,0.22982189059257507,0.6962665319442749,0.10609114170074463,0.04707937315106392,4.929814801953528e-17,0.6962665319442749,0.10609114170074463,0.04707937315106392,0.0001,0.25,1.0,0.25,0.0,0.0,0.0,0.0,0.0,2.0488779544830322,False,True,25.0,1.0,1.0,1.0,,,,,,,,,,,,,,
362,2.3766772747039795,-4.57208776473999,0.28745758533477783,0.28740251064300537,0.021012015640735626,1.780426025390625,1.7811843156814575,4.554517664082299e-17,0.23367375135421753,0.6963537335395813,0.10567915439605713,0.04692631587386131,4.554517664082299e-17,0.6963537335395813,0.10567915439605713,0.04692631587386131,0.0001,0.25,1.0,0.25,0.0,0.0,0.0,0.0,0.0,2.0620715618133545,False,True,25.0,1.0,1.0,1.0,,,,,,,,,,,,,,
363,2.3729350566864014,-4.597799301147461,0.28698232769966125,0.286824107170105,0.021672330796718597,1.7769114971160889,1.778001308441162,3.634217028634992e-17,0.23154951632022858,0.6963427662849426,0.10517073422670364,0.04716681316494942,3.634217028634992e-17,0.6963427662849426,0.10517073422670364,0.04716681316494942,0.0001,0.25,1.0,0.25,0.0,0.0,0.0,0.0,0.0,2.0567374229431152,False,True,25.0,1.0,1.0,1.0,,,,,,,,,,,,,,
364,2.372105836868286,-4.607604026794434,0.28499242663383484,0.2851826250553131,0.021280251443386078,1.7804486751556396,1.7808523178100586,6.23383757524704e-17,0.22528252005577087,0.6960557103157043,0.10590905696153641,0.04702787846326828,6.23383757524704e-17,0.6960557103157043,0.10590905696153641,0.04702787846326828,0.0001,0.25,1.0,0.25,0.0,0.0,0.0,0.0,0.0,2.0645720958709717,False,True,25.0,1.0,1.0,1.0,,,,,,,,,,,,,,
365,2.384089708328247,-4.616769790649414,0.29201948642730713,0.2920830547809601,0.021020250394940376,1.7787493467330933,1.779184341430664,9.619166710912789e-18,0.21962648630142212,0.6957162618637085,0.10535875707864761,0.04786008968949318,9.619166710912789e-18,0.6957162618637085,0.10535875707864761,0.04786008968949318,0.0001,0.25,1.0,0.25,0.0,0.0,0.0,0.0,0.0,2.065932512283325,False,True,25.0,1.0,1.0,1.0,,,,,,,,,,,,,,
366,2.3688905239105225,-4.589116096496582,0.2892874777317047,0.28973785042762756,0.020801303908228874,1.7691614627838135,1.7689661979675293,1.4783322276710957e-17,0.21099606156349182,0.6961525678634644,0.10584940761327744,0.046642377972602844,1.4783322276710957e-17,0.6961525678634644,0.10584940761327744,0.046642377972602844,0.0001,0.25,1.0,0.25,0.0,0.0,0.0,0.0,0.0,2.066345691680908,False,True,25.0,1.0,1.0,1.0,,,,,,,,,,,,,,
367,2.375182867050171,-4.640772342681885,0.2919437885284424,0.2928246259689331,0.021399276331067085,1.7697601318359375,1.7682702541351318,9.758553261572874e-18,0.21377278864383698,0.6962265372276306,0.10544025152921677,0.04672294482588768,9.758553261572874e-18,0.6962265372276306,0.10544025152921677,0.04672294482588768,0.0001,0.25,1.0,0.25,0.0,0.0,0.0,0.0,0.0,2.040239095687866,False,True,25.0,1.0,1.0,1.0,,,,,,,,,,,,,,
368,2.372804641723633,-4.635346412658691,0.29465919733047485,0.2956015467643738,0.020833581686019897,1.7626404762268066,1.7607799768447876,7.926220818953585e-18,0.21273073554039001,0.6957157850265503,0.10504564642906189,0.04787648841738701,7.926220818953585e-18,0.6957157850265503,0.10504564642906189,0.04787648841738701,0.0001,0.25,1.0,0.25,0.0,0.0,0.0,0.0,0.0,2.0385684967041016,False,True,25.0,1.0,1.0,1.0,,,,,,,,,,,,,,
369,2.380328416824341,-4.665574550628662,0.2963438630104065,0.29692840576171875,0.021019605919718742,1.7664657831192017,1.765607237815857,7.542500831776974e-18,0.2169618159532547,0.6960388422012329,0.10550080239772797,0.04693695157766342,7.542500831776974e-18,0.6960388422012329,0.10550080239772797,0.04693695157766342,0.0001,0.25,1.0,0.25,0.0,0.0,0.0,0.0,0.0,2.0471887588500977,False,True,25.0,1.0,1.0,1.0,,,,,,,,,,,,,,
370,2.3729023933410645,-4.645648956298828,0.2911129295825958,0.2915743291378021,0.0205395370721817,1.7698452472686768,1.7695056200027466,1.5841538570253108e-18,0.22371552884578705,0.6960964798927307,0.10572699457406998,0.04659109190106392,5.072656984276773e-18,0.6947083473205566,0.10515084117650986,0.036491453647613525,0.0001,0.25,1.0,0.25,0.0,0.0,0.0,0.0,0.0,2.0683774948120117,False,True,25.0,1.0,1.0,1.0,0.7836766242980957,0.7836766242980957,0.2163233757019043,8.696613311767578,0.0,0.9366711378097534,3.9761831760406494,-0.0,1.4708104133605957,0.7845069169998169,5.072656984276773e-18,0.7845069169998169,0.05652335658669472,1.1771737337112427
371,2.375385284423828,-4.649394989013672,0.29213181138038635,0.2923870086669922,0.020719531923532486,1.7700918912887573,1.7702022790908813,6.08684121110565e-18,0.2294221967458725,0.6956881880760193,0.10572731494903564,0.04635743424296379,6.08684121110565e-18,0.6956881880760193,0.10572731494903564,0.04635743424296379,0.0001,0.25,1.0,0.25,0.0,0.0,0.0,0.0,0.0,2.046435832977295,False,True,25.0,1.0,1.0,1.0,,,,,,,,,,,,,,
372,2.3791816234588623,-4.669645309448242,0.291628897190094,0.2920149862766266,0.021129410713911057,1.7742486000061035,1.7745680809020996,3.385212172327134e-17,0.22710780799388885,0.6960540413856506,0.1054716631770134,0.04649471864104271,3.385212172327134e-17,0.6960540413856506,0.1054716631770134,0.04649471864104271,0.0001,0.25,1.0,0.25,0.0,0.0,0.0,0.0,0.0,2.03509521484375,False,True,25.0,1.0,1.0,1.0,,,,,,,,,,,,,,
373,2.385728120803833,-4.675873756408691,0.2933400273323059,0.29365453124046326,0.021441565826535225,1.7772775888442993,1.777306318283081,6.306800530102382e-18,0.22360290586948395,0.6953922510147095,0.1054370179772377,0.04584558308124542,6.306800530102382e-18,0.6953922510147095,0.1054370179772377,0.04584558308124542,0.0001,0.25,1.0,0.25,0.0,0.0,0.0,0.0,0.0,2.0260043144226074,False,True,25.0,1.0,1.0,1.0,,,,,,,,,,,,,,
374,2.3704166412353516,-4.694340229034424,0.287131667137146,0.2871866226196289,0.020400330424308777,1.7752587795257568,1.776137113571167,7.711866062197206e-18,0.2180742770433426,0.6954028606414795,0.10523544996976852,0.04653334990143776,7.711866062197206e-18,0.6954028606414795,0.10523544996976852,0.04653334990143776,0.0001,0.25,1.0,0.25,0.0,0.0,0.0,0.0,0.0,2.0346362590789795,False,True,25.0,1.0,1.0,1.0,,,,,,,,,,,,,,
375,2.374933958053589,-4.6962103843688965,0.2898353636264801,0.2895258963108063,0.02067137137055397,1.7743602991104126,1.7754426002502441,3.3792201586878613e-18,0.21526826918125153,0.6949328780174255,0.10460802167654037,0.04668065533041954,3.3792201586878613e-18,0.6949328780174255,0.10460802167654037,0.04668065533041954,0.0001,0.25,1.0,0.25,0.0,0.0,0.0,0.0,0.0,2.039073944091797,False,True,25.0,1.0,1.0,1.0,,,,,,,,,,,,,,
376,2.3746886253356934,-4.709525108337402,0.29186195135116577,0.2922774851322174,0.02024235762655735,1.770439863204956,1.7701735496520996,6.732618220193655e-17,0.21223217248916626,0.6956332325935364,0.1052609533071518,0.045561421662569046,6.732618220193655e-17,0.6956332325935364,0.1052609533071518,0.045561421662569046,0.0001,0.25,1.0,0.25,0.0,0.0,0.0,0.0,0.0,2.016040802001953,False,True,25.0,1.0,1.0,1.0,,,,,,,,,,,,,,
377,2.3823304176330566,-4.742913246154785,0.29005324840545654,0.29045993089675903,0.02191128209233284,1.7799160480499268,1.7798959016799927,2.0178156181473626e-17,0.21652108430862427,0.6957345008850098,0.10442013293504715,0.04558249190449715,2.0178156181473626e-17,0.6957345008850098,0.10442013293504715,0.04558249190449715,0.0001,0.25,1.0,0.25,0.0,0.0,0.0,0.0,0.0,2.020265579223633,False,True,25.0,1.0,1.0,1.0,,,,,,,,,,,,,,
378,2.380523443222046,-4.7561421394348145,0.29374903440475464,0.29444167017936707,0.020735561847686768,1.7718878984451294,1.7713065147399902,4.3476940559309706e-17,0.22001591324806213,0.6953155398368835,0.10448971390724182,0.04610038548707962,4.3476940559309706e-17,0.6953155398368835,0.10448971390724182,0.04610038548707962,0.0001,0.25,1.0,0.25,0.0,0.0,0.0,0.0,0.0,2.0195748805999756,False,True,25.0,1.0,1.0,1.0,,,,,,,,,,,,,,
379,2.389373540878296,-4.793694019317627,0.29827380180358887,0.2982179522514343,0.020959435030817986,1.7715998888015747,1.7722446918487549,2.475380996456788e-17,0.2231176495552063,0.6955756545066833,0.10485191643238068,0.04566414654254913,2.475380996456788e-17,0.6955756545066833,0.10485191643238068,0.04566414654254913,0.0001,0.25,1.0,0.25,0.0,0.0,0.0,0.0,0.0,2.036572217941284,False,True,25.0,1.0,1.0,1.0,,,,,,,,,,,,,,
380,2.376857042312622,-4.767970561981201,0.2915818691253662,0.29185542464256287,0.020930152386426926,1.7724491357803345,1.77252995967865,3.182028820615529e-17,0.2198822945356369,0.694294273853302,0.10462330281734467,0.04505439102649689,6.505916240162562e-18,0.6936256885528564,0.10457217693328857,0.036194298416376114,0.0001,0.25,1.0,0.25,0.0,0.0,0.0,0.0,0.0,2.0064806938171387,False,True,25.0,1.0,1.0,1.0,0.7840612530708313,0.7840612530708313,0.2159387469291687,8.72855281829834,0.0,0.9364789724349976,3.974669933319092,-0.0,1.4762709140777588,0.7848995923995972,6.505916240162562e-18,0.7848996520042419,0.057878170162439346,1.1616737842559814
381,2.3765783309936523,-4.766646385192871,0.29465124011039734,0.29503536224365234,0.020672287791967392,1.7659473419189453,1.766491413116455,3.3220241762064534e-17,0.21667571365833282,0.6956712603569031,0.105158731341362,0.04478372260928154,3.3220241762064534e-17,0.6956712603569031,0.105158731341362,0.04478372260928154,0.0001,0.25,1.0,0.25,0.0,0.0,0.0,0.0,0.0,2.0134966373443604,False,True,25.0,1.0,1.0,1.0,,,,,,,,,,,,,,
382,2.3843750953674316,-4.7537102699279785,0.2978931665420532,0.29820874333381653,0.02030724287033081,1.7675637006759644,1.768368124961853,1.876712171407862e-17,0.21663175523281097,0.695147693157196,0.10462615638971329,0.045476432889699936,1.876712171407862e-17,0.695147693157196,0.10462615638971329,0.045476432889699936,0.0001,0.25,1.0,0.25,0.0,0.0,0.0,0.0,0.0,2.0020763874053955,False,True,25.0,1.0,1.0,1.0,,,,,,,,,,,,,,
383,2.3800253868103027,-4.842634201049805,0.29144087433815,0.2916751801967621,0.020958589389920235,1.7758255004882812,1.7760759592056274,1.3363969681076118e-17,0.2142755389213562,0.6941859126091003,0.10522201657295227,0.044900987297296524,1.3363969681076118e-17,0.6941859126091003,0.10522201657295227,0.044900987297296524,0.0001,0.25,1.0,0.25,0.0,0.0,0.0,0.0,0.0,2.0391738414764404,False,True,25.0,1.0,1.0,1.0,,,,,,,,,,,,,,
384,2.3840489387512207,-4.813398838043213,0.2953682541847229,0.29542872309684753,0.02083449997007847,1.7720646858215332,1.7727701663970947,4.446098108578239e-17,0.2171589434146881,0.6942055225372314,0.10452504456043243,0.04570043459534645,4.446098108578239e-17,0.6942055225372314,0.10452504456043243,0.04570043459534645,0.0001,0.25,1.0,0.25,0.0,0.0,0.0,0.0,0.0,1.9854309558868408,False,True,25.0,1.0,1.0,1.0,,,,,,,,,,,,,,
385,2.3811049461364746,-4.810030937194824,0.29310300946235657,0.29305240511894226,0.020641496405005455,1.77394700050354,1.7746690511703491,7.110303593929447e-17,0.21382451057434082,0.6948674321174622,0.10506070405244827,0.0445549339056015,7.110303593929447e-17,0.6948674321174622,0.10506070405244827,0.0445549339056015,0.0001,0.25,1.0,0.25,0.0,0.0,0.0,0.0,0.0,2.0007617473602295,False,True,25.0,1.0,1.0,1.0,,,,,,,,,,,,,,
386,2.389098644256592,-4.803558349609375,0.2914702892303467,0.2914443612098694,0.020794274285435677,1.785149335861206,1.7856298685073853,3.6567490976486915e-17,0.21399463713169098,0.6942837238311768,0.10504024475812912,0.04547044262290001,3.6567490976486915e-17,0.6942837238311768,0.10504024475812912,0.04547044262290001,0.0001,0.25,1.0,0.25,0.0,0.0,0.0,0.0,0.0,2.030406951904297,False,True,25.0,1.0,1.0,1.0,,,,,,,,,,,,,,
387,2.386367082595825,-4.826725006103516,0.29392948746681213,0.29440903663635254,0.021071502938866615,1.7769137620925903,1.7770003080368042,3.684926178034698e-17,0.21914246678352356,0.6942318677902222,0.10478053241968155,0.045313067734241486,3.684926178034698e-17,0.6942318677902222,0.10478053241968155,0.045313067734241486,0.0001,0.25,1.0,0.25,0.0,0.0,0.0,0.0,0.0,1.9949250221252441,False,True,25.0,1.0,1.0,1.0,,,,,,,,,,,,,,
388,2.374891757965088,-4.872927665710449,0.2927666902542114,0.29325833916664124,0.020582688972353935,1.7686702013015747,1.7678982019424438,3.9959834769183236e-17,0.21515722572803497,0.6940537095069885,0.10465902090072632,0.045795291662216187,3.9959834769183236e-17,0.6940537095069885,0.10465902090072632,0.045795291662216187,0.0001,0.25,1.0,0.25,0.0,0.0,0.0,0.0,0.0,2.016023874282837,False,True,25.0,1.0,1.0,1.0,,,,,,,,,,,,,,
389,2.377568244934082,-4.895118236541748,0.2954667806625366,0.29658958315849304,0.020535074174404144,1.7659833431243896,1.7639700174331665,1.8917453518604007e-17,0.21295325458049774,0.6934736371040344,0.10514798015356064,0.04538391903042793,1.8917453518604007e-17,0.6934736371040344,0.10514798015356064,0.04538391903042793,0.0001,0.25,1.0,0.25,0.0,0.0,0.0,0.0,0.0,2.022550344467163,False,True,25.0,1.0,1.0,1.0,,,,,,,,,,,,,,
390,2.3797173500061035,-4.89127254486084,0.29669055342674255,0.298271119594574,0.020820019766688347,1.7649794816970825,1.7628920078277588,3.034733141169487e-18,0.20767827332019806,0.6934690475463867,0.10475657880306244,0.045597437769174576,5.704421675150952e-18,0.6922749280929565,0.10447592288255692,0.03580312430858612,0.0001,0.25,1.0,0.25,0.0,0.0,0.0,0.0,0.0,2.0233592987060547,False,True,25.0,1.0,1.0,1.0,0.7863919138908386,0.7863919138908386,0.21360808610916138,8.697742462158203,0.0,0.9433019161224365,3.964353561401367,-0.0,1.4443917274475098,0.7854264378547668,5.704421675150952e-18,0.7854264378547668,0.057723790407180786,1.157736897468567
391,2.3856499195098877,-4.885125637054443,0.2970913350582123,0.29785189032554626,0.020568741485476494,1.7705470323562622,1.7697291374206543,1.6480023568651152e-17,0.208707794547081,0.6935603022575378,0.10479697585105896,0.04648387432098389,1.6480023568651152e-17,0.6935603022575378,0.10479697585105896,0.04648387432098389,0.0001,0.25,1.0,0.25,0.0,0.0,0.0,0.0,0.0,1.995184302330017,False,True,25.0,1.0,1.0,1.0,,,,,,,,,,,,,,
392,2.387418270111084,-4.896759033203125,0.296253502368927,0.2968286871910095,0.021016351878643036,1.7737030982971191,1.772936224937439,1.6428498488295224e-17,0.20841583609580994,0.6932474970817566,0.10418415069580078,0.045401208102703094,1.6428498488295224e-17,0.6932474970817566,0.10418415069580078,0.045401208102703094,0.0001,0.25,1.0,0.25,0.0,0.0,0.0,0.0,0.0,2.047332525253296,False,True,25.0,1.0,1.0,1.0,,,,,,,,,,,,,,
393,2.384366035461426,-4.911685466766357,0.2948090136051178,0.2945152819156647,0.020551584661006927,1.7735356092453003,1.775444746017456,1.490065553049589e-16,0.21042375266551971,0.6940559148788452,0.1053379699587822,0.04503931850194931,1.490065553049589e-16,0.6940559148788452,0.1053379699587822,0.04503931850194931,0.0001,0.25,1.0,0.25,0.0,0.0,0.0,0.0,0.0,1.9982547760009766,False,True,25.0,1.0,1.0,1.0,,,,,,,,,,,,,,
394,2.3839383125305176,-4.91005802154541,0.2967213988304138,0.2963802218437195,0.02058841846883297,1.7700252532958984,1.7704709768295288,1.238910010605481e-17,0.2202337235212326,0.6936893463134766,0.10453293472528458,0.04646299034357071,1.238910010605481e-17,0.6936893463134766,0.10453293472528458,0.04646299034357071,0.0001,0.25,1.0,0.25,0.0,0.0,0.0,0.0,0.0,2.003617286682129,False,True,25.0,1.0,1.0,1.0,,,,,,,,,,,,,,
395,2.388279676437378,-4.920400619506836,0.29268744587898254,0.29284828901290894,0.02060098573565483,1.7818684577941895,1.7824174165725708,1.3954000920732643e-16,0.21594765782356262,0.6940500736236572,0.10508491098880768,0.044915150851011276,1.3954000920732643e-16,0.6940500736236572,0.10508491098880768,0.044915150851011276,0.0001,0.25,1.0,0.25,0.0,0.0,0.0,0.0,0.0,2.0055761337280273,False,True,25.0,1.0,1.0,1.0,,,,,,,,,,,,,,
396,2.39302396774292,-4.901398181915283,0.2978379428386688,0.29845598340034485,0.02092156372964382,1.7760816812515259,1.7755351066589355,4.1547465679913414e-17,0.21818648278713226,0.6940346956253052,0.10410507023334503,0.04582923278212547,4.1547465679913414e-17,0.6940346956253052,0.10410507023334503,0.04582923278212547,0.0001,0.25,1.0,0.25,0.0,0.0,0.0,0.0,0.0,2.0098936557769775,False,True,25.0,1.0,1.0,1.0,,,,,,,,,,,,,,
397,2.3817992210388184,-4.945306301116943,0.2971402406692505,0.2972985804080963,0.020602554082870483,1.76679265499115,1.7667232751846313,5.279009494589483e-16,0.21394675970077515,0.6930915117263794,0.1040593683719635,0.045923374593257904,5.279009494589483e-16,0.6930915117263794,0.1040593683719635,0.045923374593257904,0.0001,0.25,1.0,0.25,0.0,0.0,0.0,0.0,0.0,2.010286808013916,False,True,25.0,1.0,1.0,1.0,,,,,,,,,,,,,,
398,2.3836681842803955,-4.939489841461182,0.2988331913948059,0.2992010712623596,0.020358650013804436,1.765468955039978,1.765081763267517,1.705023721519213e-17,0.20826222002506256,0.6927179098129272,0.10447011888027191,0.044735562056303024,1.705023721519213e-17,0.6927179098129272,0.10447011888027191,0.044735562056303024,0.0001,0.25,1.0,0.25,0.0,0.0,0.0,0.0,0.0,2.032315969467163,False,True,25.0,1.0,1.0,1.0,,,,,,,,,,,,,,
399,2.385993003845215,-4.980440139770508,0.29863908886909485,0.2993410527706146,0.0204450860619545,1.7678256034851074,1.7673096656799316,9.858179059984884e-17,0.2074965238571167,0.6930407285690308,0.10459457337856293,0.04506448656320572,9.858179059984884e-17,0.6930407285690308,0.10459457337856293,0.04506448656320572,0.0001,0.25,1.0,0.25,0.0,0.0,0.0,0.0,0.0,2.025054693222046,False,True,25.0,1.0,1.0,1.0,,,,,,,,,,,,,,
400,2.3912177085876465,-4.968867778778076,0.2992812693119049,0.3002937436103821,0.02060001529753208,1.7715626955032349,1.7705224752426147,2.102055029985273e-17,0.20839805901050568,0.6929359436035156,0.10441550612449646,0.04521849378943443,6.130319597880528e-18,0.691626787185669,0.10426247119903564,0.035252053290605545,0.0001,0.25,1.0,0.25,0.0,0.0,0.0,0.0,0.0,2.0296735763549805,False,True,25.0,1.0,1.0,1.0,0.7843354344367981,0.7843354344367981,0.2156645655632019,8.723494529724121,0.0,0.9411877393722534,3.9669249057769775,-0.0,1.470296859741211,0.7851518392562866,6.130319597880528e-18,0.7851518392562866,0.055696990340948105,1.1695603132247925
401,2.390089750289917,-4.9930853843688965,0.2956579625606537,0.2966858446598053,0.0207428690046072,1.7772654294967651,1.7767407894134521,7.805114959830921e-18,0.2066318243741989,0.6924225687980652,0.10428553819656372,0.04449184238910675,7.805114959830921e-18,0.6924225687980652,0.10428553819656372,0.04449184238910675,0.0001,0.25,1.0,0.25,0.0,0.0,0.0,0.0,0.0,2.031580924987793,False,True,25.0,1.0,1.0,1.0,,,,,,,,,,,,,,
402,2.3920650482177734,-5.004838943481445,0.2979990839958191,0.29885801672935486,0.0204230397939682,1.7751368284225464,1.774432897567749,5.4552250377961855e-17,0.2077886015176773,0.6930592656135559,0.10448838770389557,0.04591596499085426,5.4552250377961855e-17,0.6930592656135559,0.10448838770389557,0.04591596499085426,0.0001,0.25,1.0,0.25,0.0,0.0,0.0,0.0,0.0,2.031886100769043,False,True,25.0,1.0,1.0,1.0,,,,,,,,,,,,,,
403,2.379441738128662,-5.014564514160156,0.29353946447372437,0.29377511143684387,0.0202933456748724,1.771856665611267,1.7718110084533691,5.365004448385027e-17,0.20565780997276306,0.6923949122428894,0.10463938862085342,0.043856386095285416,5.365004448385027e-17,0.6923949122428894,0.10463938862085342,0.043856386095285416,0.0001,0.25,1.0,0.25,0.0,0.0,0.0,0.0,0.0,2.0461058616638184,False,True,25.0,1.0,1.0,1.0,,,,,,,,,,,,,,
404,2.380183696746826,-5.038977146148682,0.2963322103023529,0.2960340082645416,0.020204931497573853,1.7672101259231567,1.7680152654647827,8.606512518126794e-17,0.20198893547058105,0.692757785320282,0.104732446372509,0.044229261577129364,8.606512518126794e-17,0.692757785320282,0.104732446372509,0.044229261577129364,0.0001,0.25,1.0,0.25,0.0,0.0,0.0,0.0,0.0,2.0557034015655518,False,True,25.0,1.0,1.0,1.0,,,,,,,,,,,,,,
405,2.3958041667938232,-5.037583351135254,0.30407217144966125,0.303518146276474,0.020431585609912872,1.7672414779663086,1.7683228254318237,2.9909176736357673e-17,0.20452181994915009,0.6929975152015686,0.10517910867929459,0.0433158278465271,2.9909176736357673e-17,0.6929975152015686,0.10517910867929459,0.0433158278465271,0.0001,0.25,1.0,0.25,0.0,0.0,0.0,0.0,0.0,2.0179409980773926,False,True,25.0,1.0,1.0,1.0,,,,,,,,,,,,,,
406,2.3893494606018066,-5.006319522857666,0.30149856209754944,0.3016653060913086,0.02127314731478691,1.7646385431289673,1.7651864290237427,1.4153234981327675e-16,0.20624837279319763,0.6927131414413452,0.10480257123708725,0.04494641348719597,1.4153234981327675e-16,0.6927131414413452,0.10480257123708725,0.04494641348719597,0.0001,0.25,1.0,0.25,0.0,0.0,0.0,0.0,0.0,2.050281047821045,False,True,25.0,1.0,1.0,1.0,,,,,,,,,,,,,,
407,2.3867430686950684,-5.043846130371094,0.2955409586429596,0.2950306534767151,0.020380226895213127,1.7751529216766357,1.7764296531677246,2.988975122685248e-17,0.21386845409870148,0.6925764679908752,0.10495761781930923,0.04414122551679611,2.988975122685248e-17,0.6925764679908752,0.10495761781930923,0.04414122551679611,0.0001,0.25,1.0,0.25,0.0,0.0,0.0,0.0,0.0,2.0531349182128906,False,True,25.0,1.0,1.0,1.0,,,,,,,,,,,,,,
408,2.384835720062256,-5.071456432342529,0.29142704606056213,0.29186683893203735,0.02052612043917179,1.7812610864639282,1.7807700634002686,1.1248312162225778e-17,0.2103216052055359,0.6928884387016296,0.10487250238656998,0.04475119337439537,1.1248312162225778e-17,0.6928884387016296,0.10487250238656998,0.04475119337439537,0.0001,0.25,1.0,0.25,0.0,0.0,0.0,0.0,0.0,2.0565757751464844,False,True,25.0,1.0,1.0,1.0,,,,,,,,,,,,,,
409,2.386798620223999,-5.077720642089844,0.2923380732536316,0.29323849081993103,0.01996040903031826,1.7817955017089844,1.7807278633117676,6.641951284123962e-17,0.2056640088558197,0.6922869086265564,0.10523095726966858,0.04402761533856392,6.641951284123962e-17,0.6922869086265564,0.10523095726966858,0.04402761533856392,0.0001,0.25,1.0,0.25,0.0,0.0,0.0,0.0,0.0,2.053194999694824,False,True,25.0,1.0,1.0,1.0,,,,,,,,,,,,,,
410,2.380354881286621,-5.063006401062012,0.2931707501411438,0.2935623228549957,0.020342359319329262,1.7734888792037964,1.773070216178894,1.1810535244049495e-17,0.2004140019416809,0.6929271221160889,0.10456553846597672,0.04492691904306412,1.132654338898419e-17,0.691152811050415,0.10437621176242828,0.0341862328350544,0.0001,0.25,1.0,0.25,0.0,0.0,0.0,0.0,0.0,2.039315938949585,False,True,25.0,1.0,1.0,1.0,0.7847556471824646,0.7847556471824646,0.2152443528175354,8.700114250183105,0.0,0.9434942007064819,3.9638521671295166,-0.0,1.4594711065292358,0.7849609851837158,1.132654338898419e-17,0.7849609851837158,0.053735531866550446,1.179574966430664
411,2.3912441730499268,-5.089391708374023,0.29639357328414917,0.2970393896102905,0.020899251103401184,1.7775169610977173,1.7763069868087769,7.195772527029856e-17,0.1990944743156433,0.6926665902137756,0.10454238206148148,0.04338471218943596,7.195772527029856e-17,0.6926665902137756,0.10454238206148148,0.04338471218943596,0.0001,0.25,1.0,0.25,0.0,0.0,0.0,0.0,0.0,2.0379624366760254,False,True,25.0,1.0,1.0,1.0,,,,,,,,,,,,,,
412,2.38590669631958,-5.113706588745117,0.30067193508148193,0.30105626583099365,0.020503411069512367,1.7635763883590698,1.7637739181518555,2.2147778106464057e-16,0.1990506649017334,0.6919158101081848,0.10411741584539413,0.04353228583931923,2.2147778106464057e-16,0.6919158101081848,0.10411741584539413,0.04353228583931923,0.0001,0.25,1.0,0.25,0.0,0.0,0.0,0.0,0.0,2.069068431854248,False,True,25.0,1.0,1.0,1.0,,,,,,,,,,,,,,
413,2.380246162414551,-5.114235877990723,0.2998076379299164,0.30043548345565796,0.020124124363064766,1.7603884935379028,1.7593694925308228,2.3504413206310636e-17,0.19413475692272186,0.6925725936889648,0.10414016991853714,0.04308037832379341,2.3504413206310636e-17,0.6925725936889648,0.10414016991853714,0.04308037832379341,0.0001,0.25,1.0,0.25,0.0,0.0,0.0,0.0,0.0,2.043165683746338,False,True,25.0,1.0,1.0,1.0,,,,,,,,,,,,,,
414,2.377617835998535,-5.08930778503418,0.29887473583221436,0.29984432458877563,0.019683044403791428,1.7596837282180786,1.7587476968765259,7.017403270205861e-18,0.20128707587718964,0.6922382116317749,0.10416911542415619,0.04458264261484146,7.017403270205861e-18,0.6922382116317749,0.10416911542415619,0.04458264261484146,0.0001,0.25,1.0,0.25,0.0,0.0,0.0,0.0,0.0,2.0684800148010254,False,True,25.0,1.0,1.0,1.0,,,,,,,,,,,,,,
415,2.3746585845947266,-5.133049011230469,0.29436495900154114,0.2950010299682617,0.020037848502397537,1.7654958963394165,1.765013575553894,4.5138531342969474e-17,0.1981361210346222,0.6923727989196777,0.10401726514101028,0.04433024302124977,4.5138531342969474e-17,0.6923727989196777,0.10401726514101028,0.04433024302124977,0.0001,0.25,1.0,0.25,0.0,0.0,0.0,0.0,0.0,2.0706663131713867,False,True,25.0,1.0,1.0,1.0,,,,,,,,,,,,,,
416,2.385631799697876,-5.103756427764893,0.2981701195240021,0.2977341413497925,0.02020115777850151,1.7686678171157837,1.7703850269317627,2.2814175652888213e-17,0.19808605313301086,0.6923783421516418,0.10452956706285477,0.04314807057380676,2.2814175652888213e-17,0.6923783421516418,0.10452956706285477,0.04314807057380676,0.0001,0.25,1.0,0.25,0.0,0.0,0.0,0.0,0.0,2.072829484939575,False,True,25.0,1.0,1.0,1.0,,,,,,,,,,,,,,
417,2.389134407043457,-5.1506805419921875,0.2966126501560211,0.2966681718826294,0.020002789795398712,1.7751835584640503,1.7765178680419922,9.904051320383522e-16,0.20240478217601776,0.6932180523872375,0.10431607067584991,0.04476570710539818,9.904051320383522e-16,0.6932180523872375,0.10431607067584991,0.04476570710539818,0.0001,0.25,1.0,0.25,0.0,0.0,0.0,0.0,0.0,2.058960199356079,False,True,25.0,1.0,1.0,1.0,,,,,,,,,,,,,,
418,2.3921265602111816,-5.180843830108643,0.29624244570732117,0.2961448132991791,0.02026219107210636,1.7789814472198486,1.779973030090332,1.3466777477868496e-17,0.2036776840686798,0.6922793984413147,0.10473985970020294,0.04383581876754761,1.3466777477868496e-17,0.6922793984413147,0.10473985970020294,0.04383581876754761,0.0001,0.25,1.0,0.25,0.0,0.0,0.0,0.0,0.0,2.05644154548645,False,True,25.0,1.0,1.0,1.0,,,,,,,,,,,,,,
419,2.3895316123962402,-5.198675632476807,0.2979135513305664,0.29817280173301697,0.020597729831933975,1.772918462753296,1.7727762460708618,8.877758937617222e-17,0.2030859738588333,0.6920689940452576,0.10467087477445602,0.04371960461139679,8.877758937617222e-17,0.6920689940452576,0.10467087477445602,0.04371960461139679,0.0001,0.25,1.0,0.25,0.0,0.0,0.0,0.0,0.0,2.0635061264038086,False,True,25.0,1.0,1.0,1.0,,,,,,,,,,,,,,
420,2.390671968460083,-5.178384304046631,0.30121588706970215,0.302066445350647,0.020370349287986755,1.767315149307251,1.766723394393921,1.304595248451847e-16,0.2000194936990738,0.6918665766716003,0.10363993048667908,0.04325398802757263,9.56964811329273e-18,0.6906671524047852,0.10416185855865479,0.034497812390327454,0.0001,0.25,1.0,0.25,0.0,0.0,0.0,0.0,0.0,2.0611140727996826,False,True,25.0,1.0,1.0,1.0,0.7840595841407776,0.7840595841407776,0.2159404158592224,8.756240844726562,0.0,0.9384970664978027,3.9704508781433105,-0.0,1.4815433025360107,0.784859299659729,9.56964811329273e-18,0.784859299659729,0.05235183611512184,1.182568073272705
421,2.394991397857666,-5.183355808258057,0.3038167953491211,0.30461931228637695,0.020384078845381737,1.7670631408691406,1.7652791738510132,2.5964488052712743e-17,0.19925199449062347,0.6918581128120422,0.10378476977348328,0.0441039614379406,2.5964488052712743e-17,0.6918581128120422,0.10378476977348328,0.0441039614379406,0.0001,0.25,1.0,0.25,0.0,0.0,0.0,0.0,0.0,2.035846710205078,False,True,25.0,1.0,1.0,1.0,,,,,,,,,,,,,,
422,2.388922929763794,-5.193748474121094,0.30056139826774597,0.30127373337745667,0.01991170644760132,1.7682195901870728,1.7661328315734863,1.1400812007136666e-16,0.2032320648431778,0.6914187669754028,0.10419930517673492,0.04433721676468849,1.1400812007136666e-16,0.6914187669754028,0.10419930517673492,0.04433721676468849,0.0001,0.25,1.0,0.25,0.0,0.0,0.0,0.0,0.0,2.047882080078125,False,True,25.0,1.0,1.0,1.0,,,,,,,,,,,,,,
423,2.383911609649658,-5.238987922668457,0.29732760787010193,0.29889944195747375,0.020176585763692856,1.7685515880584717,1.7664644718170166,2.472158135354159e-17,0.20261338353157043,0.6917727589607239,0.10424473881721497,0.04432553052902222,2.472158135354159e-17,0.6917727589607239,0.10424473881721497,0.04432553052902222,0.0001,0.25,1.0,0.25,0.0,0.0,0.0,0.0,0.0,2.0606954097747803,False,True,25.0,1.0,1.0,1.0,,,,,,,,,,,,,,
424,2.3859949111938477,-5.206716060638428,0.2958899736404419,0.29594215750694275,0.020176740363240242,1.7739801406860352,1.7739921808242798,1.400483083850178e-16,0.20393362641334534,0.6913362145423889,0.1038503348827362,0.04436719790101051,1.400483083850178e-16,0.6913362145423889,0.1038503348827362,0.04436719790101051,0.0001,0.25,1.0,0.25,0.0,0.0,0.0,0.0,0.0,2.0732505321502686,False,True,25.0,1.0,1.0,1.0,,,,,,,,,,,,,,
425,2.39186954498291,-5.21376895904541,0.29877549409866333,0.2986505627632141,0.02028454653918743,1.7737013101577759,1.7746163606643677,5.172827561904052e-17,0.1990526169538498,0.6917076706886292,0.10436853766441345,0.04372071474790573,5.172827561904052e-17,0.6917076706886292,0.10436853766441345,0.04372071474790573,0.0001,0.25,1.0,0.25,0.0,0.0,0.0,0.0,0.0,2.052621364593506,False,True,25.0,1.0,1.0,1.0,,,,,,,,,,,,,,
426,2.381504774093628,-5.237495422363281,0.2916974723339081,0.2911442816257477,0.020300080999732018,1.7776027917861938,1.779123306274414,1.8911772442156993e-18,0.19667117297649384,0.6917431354522705,0.10489234328269958,0.0435466505587101,1.8911772442156993e-18,0.6917431354522705,0.10489234328269958,0.0435466505587101,0.0001,0.25,1.0,0.25,0.0,0.0,0.0,0.0,0.0,2.046342611312866,False,True,25.0,1.0,1.0,1.0,,,,,,,,,,,,,,
427,2.3894309997558594,-5.272490978240967,0.29636114835739136,0.29625120759010315,0.019981304183602333,1.7762385606765747,1.7774361371994019,1.0469787140483732e-17,0.19393187761306763,0.6915339231491089,0.10377171635627747,0.043729186058044434,1.0469787140483732e-17,0.6915339231491089,0.10377171635627747,0.043729186058044434,0.0001,0.25,1.0,0.25,0.0,0.0,0.0,0.0,0.0,2.0673129558563232,False,True,25.0,1.0,1.0,1.0,,,,,,,,,,,,,,
428,2.3925161361694336,-5.288651943206787,0.30163997411727905,0.3019704520702362,0.020454907789826393,1.768485426902771,1.7684165239334106,8.729652579811848e-17,0.1960296630859375,0.6914023160934448,0.10345418006181717,0.043544329702854156,8.729652579811848e-17,0.6914023160934448,0.10345418006181717,0.043544329702854156,0.0001,0.25,1.0,0.25,0.0,0.0,0.0,0.0,0.0,2.039140462875366,False,True,25.0,1.0,1.0,1.0,,,,,,,,,,,,,,
429,2.4005374908447266,-5.275705337524414,0.3095299005508423,0.30987679958343506,0.020337754860520363,1.7610288858413696,1.760556936264038,7.913876802672456e-18,0.1878625601530075,0.6913126111030579,0.10376234352588654,0.042062386870384216,7.913876802672456e-18,0.6913126111030579,0.10376234352588654,0.042062386870384216,0.0001,0.25,1.0,0.25,0.0,0.0,0.0,0.0,0.0,2.0561749935150146,False,True,25.0,1.0,1.0,1.0,,,,,,,,,,,,,,
430,2.387000560760498,-5.277629375457764,0.29973986744880676,0.30081906914711,0.01957152783870697,1.7676167488098145,1.7661231756210327,3.6919241260168964e-17,0.19706124067306519,0.6918169260025024,0.10393935441970825,0.043547697365283966,6.101513629876076e-18,0.6901912093162537,0.10377641022205353,0.03365865349769592,0.0001,0.25,1.0,0.25,0.0,0.0,0.0,0.0,0.0,2.0463969707489014,False,True,25.0,1.0,1.0,1.0,0.784886360168457,0.784886360168457,0.21511363983154297,8.75230884552002,0.0,0.9405151605606079,3.9652035236358643,-0.0,1.4641296863555908,0.7847521305084229,6.101513629876076e-18,0.7847521305084229,0.051633071154356,1.1845848560333252
431,2.3879776000976562,-5.324893951416016,0.29772552847862244,0.298523485660553,0.019740276038646698,1.77219557762146,1.7717809677124023,2.5754913572716308e-17,0.1960730403661728,0.6919755935668945,0.10369504988193512,0.04222507029771805,2.5754913572716308e-17,0.6919755935668945,0.10369504988193512,0.04222507029771805,0.0001,0.25,1.0,0.25,0.0,0.0,0.0,0.0,0.0,2.0582315921783447,False,True,25.0,1.0,1.0,1.0,,,,,,,,,,,,,,
432,2.386890411376953,-5.315199851989746,0.29455557465553284,0.29480037093162537,0.02028418518602848,1.7772773504257202,1.777222990989685,5.598899692751746e-17,0.1956927329301834,0.6913807988166809,0.10406452417373657,0.04313386231660843,5.598899692751746e-17,0.6913807988166809,0.10406452417373657,0.04313386231660843,0.0001,0.25,1.0,0.25,0.0,0.0,0.0,0.0,0.0,2.063210964202881,False,True,25.0,1.0,1.0,1.0,,,,,,,,,,,,,,
433,2.3971920013427734,-5.343791484832764,0.30010122060775757,0.30036070942878723,0.019983407109975815,1.7769781351089478,1.7765151262283325,9.358091965978802e-18,0.19136813282966614,0.6916354298591614,0.10343721508979797,0.04425811022520065,9.358091965978802e-18,0.6916354298591614,0.10343721508979797,0.04425811022520065,0.0001,0.25,1.0,0.25,0.0,0.0,0.0,0.0,0.0,2.046895742416382,False,True,25.0,1.0,1.0,1.0,,,,,,,,,,,,,,
434,2.4039466381073,-5.310485363006592,0.3075910210609436,0.3080901801586151,0.020139500498771667,1.768022060394287,1.7682300806045532,3.272401280387152e-17,0.18910063803195953,0.6917355060577393,0.10382627695798874,0.042072560638189316,3.272401280387152e-17,0.6917355060577393,0.10382627695798874,0.042072560638189316,0.0001,0.25,1.0,0.25,0.0,0.0,0.0,0.0,0.0,2.05312442779541,False,True,25.0,1.0,1.0,1.0,,,,,,,,,,,,,,
435,2.3988194465637207,-5.310049057006836,0.3067850172519684,0.30745941400527954,0.019818387925624847,1.7649050951004028,1.7646080255508423,2.5279210274243187e-17,0.18394188582897186,0.690661609172821,0.1038692519068718,0.04276220500469208,2.5279210274243187e-17,0.690661609172821,0.1038692519068718,0.04276220500469208,0.0001,0.25,1.0,0.25,0.0,0.0,0.0,0.0,0.0,2.070368528366089,False,True,25.0,1.0,1.0,1.0,,,,,,,,,,,,,,
436,2.3985822200775146,-5.323139667510986,0.3074670135974884,0.30738914012908936,0.019853629171848297,1.7637598514556885,1.76398503780365,4.083064419596476e-17,0.1854284256696701,0.690811276435852,0.10410705208778381,0.04286009818315506,4.083064419596476e-17,0.690811276435852,0.10410705208778381,0.04286009818315506,0.0001,0.25,1.0,0.25,0.0,0.0,0.0,0.0,0.0,2.0939223766326904,False,True,25.0,1.0,1.0,1.0,,,,,,,,,,,,,,
437,2.394578218460083,-5.379539966583252,0.3021771311759949,0.3023163676261902,0.02014831081032753,1.7696133852005005,1.7702593803405762,7.981823072548787e-17,0.1919797956943512,0.6912093162536621,0.1037055030465126,0.0434030219912529,7.981823072548787e-17,0.6912093162536621,0.1037055030465126,0.0434030219912529,0.0001,0.25,1.0,0.25,0.0,0.0,0.0,0.0,0.0,2.051520824432373,False,True,25.0,1.0,1.0,1.0,,,,,,,,,,,,,,
438,2.3883981704711914,-5.396644115447998,0.2993677258491516,0.2996697723865509,0.01963665336370468,1.7693604230880737,1.7700878381729126,9.992026147518824e-17,0.1874065399169922,0.6910651326179504,0.10313019156455994,0.04249195009469986,9.992026147518824e-17,0.6910651326179504,0.10313019156455994,0.04249195009469986,0.0001,0.25,1.0,0.25,0.0,0.0,0.0,0.0,0.0,2.0772881507873535,False,True,25.0,1.0,1.0,1.0,,,,,,,,,,,,,,
439,2.398932933807373,-5.368194580078125,0.30367761850357056,0.30416861176490784,0.019951557740569115,1.7711842060089111,1.7710857391357422,2.2556778552957637e-16,0.19345033168792725,0.6911094784736633,0.10348211973905563,0.04353784769773483,2.2556778552957637e-16,0.6911094784736633,0.10348211973905563,0.04353784769773483,0.0001,0.25,1.0,0.25,0.0,0.0,0.0,0.0,0.0,2.0695722103118896,False,True,25.0,1.0,1.0,1.0,,,,,,,,,,,,,,
440,2.402585029602051,-5.375230312347412,0.30262717604637146,0.3025892674922943,0.02011309564113617,1.776902437210083,1.7776086330413818,2.0356709734138098e-17,0.18696551024913788,0.6903242468833923,0.10366422683000565,0.042526956647634506,9.934787444207943e-18,0.6897033452987671,0.10352736711502075,0.03384210169315338,0.0001,0.25,1.0,0.25,0.0,0.0,0.0,0.0,0.0,2.0819032192230225,False,True,25.0,1.0,1.0,1.0,0.7841649055480957,0.7841649055480957,0.2158350944519043,8.777165412902832,0.0,0.9376322031021118,3.9710137844085693,-0.0,1.4761419296264648,0.7848522067070007,9.934787444207943e-18,0.7848522067070007,0.049971144646406174,1.192518711090088
441,2.388162612915039,-5.38090705871582,0.29988810420036316,0.30007854104042053,0.019697539508342743,1.7683589458465576,1.7686376571655273,3.292539157835878e-17,0.18828245997428894,0.6910854578018188,0.10365398228168488,0.042869988828897476,3.292539157835878e-17,0.6910854578018188,0.10365398228168488,0.042869988828897476,0.0001,0.25,1.0,0.25,0.0,0.0,0.0,0.0,0.0,2.0666863918304443,False,True,25.0,1.0,1.0,1.0,,,,,,,,,,,,,,
442,2.395390033721924,-5.421891212463379,0.3021088242530823,0.30249372124671936,0.019813138991594315,1.771285891532898,1.7706630229949951,8.705017155936548e-18,0.1929638385772705,0.6912988424301147,0.10352656245231628,0.042678236961364746,8.705017155936548e-18,0.6912988424301147,0.10352656245231628,0.042678236961364746,0.0001,0.25,1.0,0.25,0.0,0.0,0.0,0.0,0.0,2.0848164558410645,False,True,25.0,1.0,1.0,1.0,,,,,,,,,,,,,,
443,2.385758399963379,-5.443273067474365,0.297139048576355,0.29733458161354065,0.019895432516932487,1.7716232538223267,1.771155595779419,1.6915800099727257e-18,0.1936350017786026,0.6903331875801086,0.10400810092687607,0.04246414080262184,1.6915800099727257e-18,0.6903331875801086,0.10400810092687607,0.04246414080262184,0.0001,0.25,1.0,0.25,0.0,0.0,0.0,0.0,0.0,2.0878565311431885,False,True,25.0,1.0,1.0,1.0,,,,,,,,,,,,,,
444,2.3967995643615723,-5.433577060699463,0.30498358607292175,0.3054690957069397,0.019870299845933914,1.7666444778442383,1.7663086652755737,1.8293502910749133e-16,0.18693311512470245,0.6913202404975891,0.10355240851640701,0.0421893335878849,1.8293502910749133e-16,0.6913202404975891,0.10355240851640701,0.0421893335878849,0.0001,0.25,1.0,0.25,0.0,0.0,0.0,0.0,0.0,2.0643444061279297,False,True,25.0,1.0,1.0,1.0,,,,,,,,,,,,,,
445,2.3888161182403564,-5.439113140106201,0.2978186309337616,0.29874885082244873,0.020183954387903214,1.7727952003479004,1.7713342905044556,2.5726344408719952e-17,0.18811200559139252,0.6907186508178711,0.10438277572393417,0.04177432134747505,2.5726344408719952e-17,0.6907186508178711,0.10438277572393417,0.04177432134747505,0.0001,0.25,1.0,0.25,0.0,0.0,0.0,0.0,0.0,2.0836703777313232,False,True,25.0,1.0,1.0,1.0,,,,,,,,,,,,,,
446,2.4049229621887207,-5.472158908843994,0.3069658577442169,0.3071603775024414,0.019740000367164612,1.7709094285964966,1.7712039947509766,1.2637898332645652e-16,0.1870957911014557,0.6909560561180115,0.10369707643985748,0.04203265905380249,1.2637898332645652e-16,0.6909560561180115,0.10369707643985748,0.04203265905380249,0.0001,0.25,1.0,0.25,0.0,0.0,0.0,0.0,0.0,2.076958179473877,False,True,25.0,1.0,1.0,1.0,,,,,,,,,,,,,,
447,2.4014055728912354,-5.478719234466553,0.3038172423839569,0.3042124807834625,0.019951047375798225,1.7736607789993286,1.7731890678405762,1.4153826580901773e-16,0.19169504940509796,0.6899751424789429,0.10284087061882019,0.0421040914952755,1.4153826580901773e-16,0.6899751424789429,0.10284087061882019,0.0421040914952755,0.0001,0.25,1.0,0.25,0.0,0.0,0.0,0.0,0.0,2.0821714401245117,False,True,25.0,1.0,1.0,1.0,,,,,,,,,,,,,,
448,2.403172016143799,-5.461404323577881,0.30393150448799133,0.30459094047546387,0.020516881719231606,1.7745246887207031,1.773740530014038,1.3375563444541661e-17,0.191201850771904,0.6910692453384399,0.10370740294456482,0.0412774384021759,1.3375563444541661e-17,0.6910692453384399,0.10370740294456482,0.0412774384021759,0.0001,0.25,1.0,0.25,0.0,0.0,0.0,0.0,0.0,2.0771172046661377,False,True,25.0,1.0,1.0,1.0,,,,,,,,,,,,,,
449,2.404475450515747,-5.4983978271484375,0.30235424637794495,0.30239808559417725,0.020206773653626442,1.7792640924453735,1.779768943786621,5.194347244566048e-18,0.1924859583377838,0.690443217754364,0.10394612699747086,0.042119935154914856,5.194347244566048e-18,0.690443217754364,0.10394612699747086,0.042119935154914856,0.0001,0.25,1.0,0.25,0.0,0.0,0.0,0.0,0.0,2.0968077182769775,False,True,25.0,1.0,1.0,1.0,,,,,,,,,,,,,,
450,2.3925297260284424,-5.503498077392578,0.30139654874801636,0.3018637001514435,0.01970272697508335,1.7698358297348022,1.7692975997924805,6.316059328134811e-17,0.18223601579666138,0.6904615759849548,0.10315869003534317,0.04142284765839577,1.1877303776618007e-17,0.689434289932251,0.10346473008394241,0.03307757526636124,0.0001,0.25,1.0,0.25,0.0,0.0,0.0,0.0,0.0,2.0745129585266113,False,True,25.0,1.0,1.0,1.0,0.7847813367843628,0.7847813367843628,0.2152186632156372,8.789729118347168,0.0,0.9381126165390015,3.9680838584899902,-0.0,1.4658656120300293,0.7847528457641602,1.1877303776618007e-17,0.7847528457641602,0.048288941383361816,1.1997079849243164
451,2.4158072471618652,-5.494024753570557,0.3102249801158905,0.31046560406684875,0.020462434738874435,1.7748810052871704,1.7744271755218506,1.1701961998387622e-17,0.1738608181476593,0.6911234855651855,0.10362828522920609,0.041960906237363815,1.1701961998387622e-17,0.6911234855651855,0.10362828522920609,0.041960906237363815,0.0001,0.25,1.0,0.25,0.0,0.0,0.0,0.0,0.0,2.071950912475586,False,True,25.0,1.0,1.0,1.0,,,,,,,,,,,,,,
452,2.389275550842285,-5.518769264221191,0.3020804226398468,0.3027132749557495,0.01972796954214573,1.7650693655014038,1.7644386291503906,9.527720405269949e-17,0.17323337495326996,0.6905403733253479,0.1037486344575882,0.0416807197034359,9.527720405269949e-17,0.6905403733253479,0.1037486344575882,0.0416807197034359,0.0001,0.25,1.0,0.25,0.0,0.0,0.0,0.0,0.0,2.091810703277588,False,True,25.0,1.0,1.0,1.0,,,,,,,,,,,,,,
453,2.3951215744018555,-5.533341884613037,0.3070221543312073,0.3078286945819855,0.019731923937797546,1.7613641023635864,1.7597135305404663,4.24543368726798e-17,0.17183759808540344,0.6909306645393372,0.10342317074537277,0.041333433240652084,4.24543368726798e-17,0.6909306645393372,0.10342317074537277,0.041333433240652084,0.0001,0.25,1.0,0.25,0.0,0.0,0.0,0.0,0.0,2.0924861431121826,False,True,25.0,1.0,1.0,1.0,,,,,,,,,,,,,,
454,2.3945419788360596,-5.520089626312256,0.30271974205970764,0.3030170500278473,0.019920147955417633,1.7689762115478516,1.7687938213348389,1.8768868388660087e-16,0.1779945343732834,0.6900957822799683,0.10355238616466522,0.04208935424685478,1.8768868388660087e-16,0.6900957822799683,0.10355238616466522,0.04208935424685478,0.0001,0.25,1.0,0.25,0.0,0.0,0.0,0.0,0.0,2.101147174835205,False,True,25.0,1.0,1.0,1.0,,,,,,,,,,,,,,
455,2.3921072483062744,-5.493773460388184,0.30479753017425537,0.30456897616386414,0.019943678751587868,1.7625154256820679,1.7630788087844849,6.238537946359811e-16,0.18265315890312195,0.6905296444892883,0.10360840708017349,0.04195956140756607,6.238537946359811e-16,0.6905296444892883,0.10360840708017349,0.04195956140756607,0.0001,0.25,1.0,0.25,0.0,0.0,0.0,0.0,0.0,2.0980238914489746,False,True,25.0,1.0,1.0,1.0,,,,,,,,,,,,,,
456,2.396808385848999,-5.546788692474365,0.29930827021598816,0.2994194030761719,0.0198554415255785,1.7778667211532593,1.7785838842391968,3.8650900859156875e-17,0.19220754504203796,0.6905959248542786,0.10359317064285278,0.04258380085229874,3.8650900859156875e-17,0.6905959248542786,0.10359317064285278,0.04258380085229874,0.0001,0.25,1.0,0.25,0.0,0.0,0.0,0.0,0.0,2.0869123935699463,False,True,25.0,1.0,1.0,1.0,,,,,,,,,,,,,,
457,2.41219425201416,-5.624668598175049,0.3059912919998169,0.30613744258880615,0.019751401618123055,1.7803666591644287,1.7802612781524658,1.0534870538260016e-17,0.19270627200603485,0.6903124451637268,0.10376644134521484,0.04267413169145584,1.0534870538260016e-17,0.6903124451637268,0.10376644134521484,0.04267413169145584,0.0001,0.25,1.0,0.25,0.0,0.0,0.0,0.0,0.0,2.089261054992676,False,True,25.0,1.0,1.0,1.0,,,,,,,,,,,,,,
458,2.404722213745117,-5.554017543792725,0.31118738651275635,0.3115859031677246,0.019820651039481163,1.7623802423477173,1.7618762254714966,3.113909173682807e-17,0.1791142225265503,0.6905696988105774,0.103703573346138,0.0411854088306427,3.113909173682807e-17,0.6905696988105774,0.103703573346138,0.0411854088306427,0.0001,0.25,1.0,0.25,0.0,0.0,0.0,0.0,0.0,2.0892221927642822,False,True,25.0,1.0,1.0,1.0,,,,,,,,,,,,,,
459,2.391479253768921,-5.547704696655273,0.3006357252597809,0.30134832859039307,0.019736310467123985,1.7699440717697144,1.76957368850708,1.14792615517334e-15,0.16864712536334991,0.6904987692832947,0.10343760997056961,0.04061319679021835,1.14792615517334e-15,0.6904987692832947,0.10343760997056961,0.04061319679021835,0.0001,0.25,1.0,0.25,0.0,0.0,0.0,0.0,0.0,2.073368549346924,False,True,25.0,1.0,1.0,1.0,,,,,,,,,,,,,,
460,2.409472942352295,-5.6361165046691895,0.3108959496021271,0.3117353320121765,0.019987719133496284,1.7673451900482178,1.7663624286651611,5.702204625092269e-17,0.16780447959899902,0.6904804706573486,0.10402772575616837,0.040509868413209915,1.3559351359515931e-17,0.6891604661941528,0.10359824448823929,0.03158792853355408,0.0001,0.25,1.0,0.25,0.0,0.0,0.0,0.0,0.0,2.101916790008545,False,True,25.0,1.0,1.0,1.0,0.7860325574874878,0.7860325574874878,0.2139674425125122,8.797245979309082,0.0,0.9313856959342957,3.9771687984466553,-0.0,1.4541937112808228,0.7848370671272278,1.3559351359515931e-17,0.7848370671272278,0.046222515404224396,1.210311770439148
461,2.4169540405273438,-5.656991958618164,0.3129780888557434,0.3139192759990692,0.02077793888747692,1.7699395418167114,1.768617868423462,1.2658766577488038e-15,0.18013805150985718,0.690510094165802,0.10353446006774902,0.04114137217402458,1.2658766577488038e-15,0.690510094165802,0.10353446006774902,0.04114137217402458,0.0001,0.25,1.0,0.25,0.0,0.0,0.0,0.0,0.0,2.09885835647583,False,True,25.0,1.0,1.0,1.0,,,,,,,,,,,,,,
462,2.420034170150757,-5.649843692779541,0.32003694772720337,0.32043153047561646,0.01987571083009243,1.7595930099487305,1.7597872018814087,5.173714961265199e-17,0.1805967092514038,0.6906291246414185,0.10408207029104233,0.04082968458533287,5.173714961265199e-17,0.6906291246414185,0.10408207029104233,0.04082968458533287,0.0001,0.25,1.0,0.25,0.0,0.0,0.0,0.0,0.0,2.1070544719696045,False,True,25.0,1.0,1.0,1.0,,,,,,,,,,,,,,
463,2.395287275314331,-5.5641584396362305,0.30612218379974365,0.30550283193588257,0.019466308876872063,1.7634433507919312,1.7649484872817993,5.745876452712618e-17,0.17909599840641022,0.6904283165931702,0.10327164828777313,0.04177747666835785,5.745876452712618e-17,0.6904283165931702,0.10327164828777313,0.04177747666835785,0.0001,0.25,1.0,0.25,0.0,0.0,0.0,0.0,0.0,2.08760142326355,False,True,25.0,1.0,1.0,1.0,,,,,,,,,,,,,,
464,2.405198335647583,-5.586539268493652,0.30342626571655273,0.3024984300136566,0.01971975341439247,1.778220534324646,1.7808871269226074,3.9785590827510166e-17,0.18437355756759644,0.6901684403419495,0.10402372479438782,0.04084505885839462,3.9785590827510166e-17,0.6901684403419495,0.10402372479438782,0.04084505885839462,0.0001,0.25,1.0,0.25,0.0,0.0,0.0,0.0,0.0,2.081291675567627,False,True,25.0,1.0,1.0,1.0,,,,,,,,,,,,,,
465,2.4093737602233887,-5.671628475189209,0.3065158724784851,0.3063628375530243,0.01986636221408844,1.7758783102035522,1.7773792743682861,3.26940622482522e-17,0.19067667424678802,0.6906222105026245,0.10396121442317963,0.04218002408742905,3.26940622482522e-17,0.6906222105026245,0.10396121442317963,0.04218002408742905,0.0001,0.25,1.0,0.25,0.0,0.0,0.0,0.0,0.0,2.0904452800750732,False,True,25.0,1.0,1.0,1.0,,,,,,,,,,,,,,
466,2.4023356437683105,-5.705154895782471,0.30450788140296936,0.3049233555793762,0.019805358722805977,1.7734240293502808,1.7727737426757812,1.0523978720262286e-16,0.18188481032848358,0.6902273297309875,0.10344637185335159,0.04104723408818245,1.0523978720262286e-16,0.6902273297309875,0.10344637185335159,0.04104723408818245,0.0001,0.25,1.0,0.25,0.0,0.0,0.0,0.0,0.0,2.0996253490448,False,True,25.0,1.0,1.0,1.0,,,,,,,,,,,,,,
467,2.415349006652832,-5.670215606689453,0.31203559041023254,0.3131788969039917,0.0203364547342062,1.7704893350601196,1.7691066265106201,1.9395608580412735e-17,0.17716650664806366,0.6904125809669495,0.10321635752916336,0.04123867675662041,1.9395608580412735e-17,0.6904125809669495,0.10321635752916336,0.04123867675662041,0.0001,0.25,1.0,0.25,0.0,0.0,0.0,0.0,0.0,2.075425386428833,False,True,25.0,1.0,1.0,1.0,,,,,,,,,,,,,,
468,2.402925491333008,-5.62009334564209,0.3068917989730835,0.3076159358024597,0.019942820072174072,1.7689944505691528,1.7679555416107178,2.924899396331175e-17,0.1707676500082016,0.6908835768699646,0.10314423590898514,0.040864601731300354,2.924899396331175e-17,0.6908835768699646,0.10314423590898514,0.040864601731300354,0.0001,0.25,1.0,0.25,0.0,0.0,0.0,0.0,0.0,2.0718019008636475,False,True,25.0,1.0,1.0,1.0,,,,,,,,,,,,,,
469,2.402250289916992,-5.647051811218262,0.30927932262420654,0.3100215494632721,0.01935633458197117,1.7639098167419434,1.7632765769958496,3.88937041769763e-16,0.17162880301475525,0.6903718709945679,0.10281185060739517,0.04016846418380737,3.88937041769763e-16,0.6903718709945679,0.10281185060739517,0.04016846418380737,0.0001,0.25,1.0,0.25,0.0,0.0,0.0,0.0,0.0,2.058894157409668,False,True,25.0,1.0,1.0,1.0,,,,,,,,,,,,,,
470,2.4085490703582764,-5.71799373626709,0.30705371499061584,0.3066847622394562,0.02003064565360546,1.7744855880737305,1.7750743627548218,1.0292196756924517e-16,0.18206170201301575,0.6905925869941711,0.10322945564985275,0.041682738810777664,1.5142854755282823e-17,0.6889668703079224,0.1029387041926384,0.03163616359233856,0.0001,0.25,1.0,0.25,0.0,0.0,0.0,0.0,0.0,2.0789473056793213,False,True,25.0,1.0,1.0,1.0,0.7841563820838928,0.7841563820838928,0.21584361791610718,8.878841400146484,0.0,0.9351335763931274,3.975677967071533,-0.0,1.4418126344680786,0.7848033905029297,1.5142854755282823e-17,0.7848033308982849,0.04598133638501167,1.2042675018310547
471,2.404644012451172,-5.737489223480225,0.30724185705184937,0.3068293333053589,0.019710222259163857,1.7703514099121094,1.7713738679885864,1.2080780940434857e-17,0.18037810921669006,0.6907751560211182,0.10330501198768616,0.04056532308459282,1.2080780940434857e-17,0.6907751560211182,0.10330501198768616,0.04056532308459282,0.0001,0.25,1.0,0.25,0.0,0.0,0.0,0.0,0.0,2.09399676322937,False,True,25.0,1.0,1.0,1.0,,,,,,,,,,,,,,
472,2.4101786613464355,-5.722583770751953,0.31285157799720764,0.31246185302734375,0.019727105274796486,1.7643861770629883,1.76589035987854,5.2819012518365193e-17,0.17546264827251434,0.6900919079780579,0.10287937521934509,0.040452662855386734,5.2819012518365193e-17,0.6900919079780579,0.10287937521934509,0.040452662855386734,0.0001,0.25,1.0,0.25,0.0,0.0,0.0,0.0,0.0,2.081902503967285,False,True,25.0,1.0,1.0,1.0,,,,,,,,,,,,,,
473,2.3972842693328857,-5.680274486541748,0.30260318517684937,0.3031897246837616,0.01926153339445591,1.7723444700241089,1.7721154689788818,1.54305646362541e-16,0.17125627398490906,0.6901932954788208,0.1027766764163971,0.04068681225180626,1.54305646362541e-16,0.6901932954788208,0.1027766764163971,0.04068681225180626,0.0001,0.25,1.0,0.25,0.0,0.0,0.0,0.0,0.0,2.099588632583618,False,True,25.0,1.0,1.0,1.0,,,,,,,,,,,,,,
474,2.3977155685424805,-5.724918842315674,0.30568841099739075,0.30674630403518677,0.019858766347169876,1.7659841775894165,1.7648601531982422,5.756965966876749e-17,0.16221623122692108,0.6904049515724182,0.10277867317199707,0.040007393807172775,5.756965966876749e-17,0.6904049515724182,0.10277867317199707,0.040007393807172775,0.0001,0.25,1.0,0.25,0.0,0.0,0.0,0.0,0.0,2.0708510875701904,False,True,25.0,1.0,1.0,1.0,,,,,,,,,,,,,,
475,2.3959264755249023,-5.756040096282959,0.3033517897129059,0.30395862460136414,0.01930733397603035,1.7694414854049683,1.7691762447357178,9.681452914729664e-17,0.1654280573129654,0.6904771327972412,0.10287021100521088,0.03961893543601036,9.681452914729664e-17,0.6904771327972412,0.10287021100521088,0.03961893543601036,0.0001,0.25,1.0,0.25,0.0,0.0,0.0,0.0,0.0,2.070101499557495,False,True,25.0,1.0,1.0,1.0,,,,,,,,,,,,,,
476,2.417187452316284,-5.787909984588623,0.31535574793815613,0.31614312529563904,0.01974930241703987,1.766425609588623,1.7654527425765991,9.44677714273694e-17,0.1693362146615982,0.6900010704994202,0.10305314511060715,0.039742570370435715,9.44677714273694e-17,0.6900010704994202,0.10305314511060715,0.039742570370435715,0.0001,0.25,1.0,0.25,0.0,0.0,0.0,0.0,0.0,2.1074459552764893,False,True,25.0,1.0,1.0,1.0,,,,,,,,,,,,,,
477,2.405921459197998,-5.816679000854492,0.3072948455810547,0.3078831136226654,0.019821401685476303,1.7710236310958862,1.770820140838623,1.0267789634898282e-17,0.17586646974086761,0.6906794309616089,0.10329657793045044,0.04099195450544357,1.0267789634898282e-17,0.6906794309616089,0.10329657793045044,0.04099195450544357,0.0001,0.25,1.0,0.25,0.0,0.0,0.0,0.0,0.0,2.0893919467926025,False,True,25.0,1.0,1.0,1.0,,,,,,,,,,,,,,
478,2.4051504135131836,-5.767904758453369,0.31029123067855835,0.3104713261127472,0.01930227503180504,1.7650245428085327,1.7651467323303223,4.9313798276724786e-17,0.16939139366149902,0.6899596452713013,0.10328945517539978,0.03885309398174286,4.9313798276724786e-17,0.6899596452713013,0.10328945517539978,0.03885309398174286,0.0001,0.25,1.0,0.25,0.0,0.0,0.0,0.0,0.0,2.0925161838531494,False,True,25.0,1.0,1.0,1.0,,,,,,,,,,,,,,
479,2.4116973876953125,-5.7333478927612305,0.3112987279891968,0.3109068274497986,0.019851980730891228,1.7691394090652466,1.7701401710510254,3.742974073828974e-17,0.1740487813949585,0.6900704503059387,0.10302160680294037,0.04029827564954758,3.742974073828974e-17,0.6900704503059387,0.10302160680294037,0.04029827564954758,0.0001,0.25,1.0,0.25,0.0,0.0,0.0,0.0,0.0,2.0996110439300537,False,True,25.0,1.0,1.0,1.0,,,,,,,,,,,,,,
480,2.4017229080200195,-5.761148452758789,0.3061039447784424,0.30507639050483704,0.01940474659204483,1.7700978517532349,1.7721781730651855,1.1201947199967078e-16,0.17498090863227844,0.6901035904884338,0.1026560440659523,0.04032004997134209,1.2988940448076634e-17,0.6889132261276245,0.10328768938779831,0.031530216336250305,0.0001,0.25,1.0,0.25,0.0,0.0,0.0,0.0,0.0,2.0963451862335205,False,True,25.0,1.0,1.0,1.0,0.7840741276741028,0.7840741276741028,0.21592587232589722,8.957098960876465,0.0,0.9331154823303223,3.9768409729003906,-0.0,1.4863523244857788,0.7848442196846008,1.2988940448076634e-17,0.7848442196846008,0.04493122920393944,1.2139784097671509
481,2.4139792919158936,-5.850016117095947,0.3112926483154297,0.310831218957901,0.01916070096194744,1.7718157768249512,1.773573875427246,6.650250221773584e-17,0.18041448295116425,0.6899197101593018,0.10378077626228333,0.040948718786239624,6.650250221773584e-17,0.6899197101593018,0.10378077626228333,0.040948718786239624,0.0001,0.25,1.0,0.25,0.0,0.0,0.0,0.0,0.0,2.128415584564209,False,True,25.0,1.0,1.0,1.0,,,,,,,,,,,,,,
482,2.406229019165039,-5.861547470092773,0.3086186349391937,0.30923107266426086,0.019660117104649544,1.7689744234085083,1.7684639692306519,1.7720437476328316e-16,0.1776588261127472,0.6905475854873657,0.10343274474143982,0.04102398082613945,1.7720437476328316e-16,0.6905475854873657,0.10343274474143982,0.04102398082613945,0.0001,0.25,1.0,0.25,0.0,0.0,0.0,0.0,0.0,2.110562801361084,False,True,25.0,1.0,1.0,1.0,,,,,,,,,,,,,,
483,2.4104597568511963,-5.817044258117676,0.3090966045856476,0.309713214635849,0.019536340609192848,1.7726647853851318,1.7715625762939453,5.1443682474930426e-17,0.16821543872356415,0.6900734901428223,0.1029687151312828,0.040230825543403625,5.1443682474930426e-17,0.6900734901428223,0.1029687151312828,0.040230825543403625,0.0001,0.25,1.0,0.25,0.0,0.0,0.0,0.0,0.0,2.1079015731811523,False,True,25.0,1.0,1.0,1.0,,,,,,,,,,,,,,
484,2.416595935821533,-5.771291732788086,0.314781129360199,0.316109299659729,0.01904180645942688,1.768192172050476,1.7651349306106567,9.684735829144765e-17,0.16073282063007355,0.6902098059654236,0.10359878093004227,0.040273524820804596,9.684735829144765e-17,0.6902098059654236,0.10359878093004227,0.040273524820804596,0.0001,0.25,1.0,0.25,0.0,0.0,0.0,0.0,0.0,2.10113525390625,False,True,25.0,1.0,1.0,1.0,,,,,,,,,,,,,,
485,2.410738229751587,-5.806341648101807,0.312287300825119,0.3135543763637543,0.019542887806892395,1.766283392906189,1.7644239664077759,1.2931423042137849e-16,0.1567845493555069,0.6900855302810669,0.1035388708114624,0.03913146257400513,1.2931423042137849e-16,0.6900855302810669,0.1035388708114624,0.03913146257400513,0.0001,0.25,1.0,0.25,0.0,0.0,0.0,0.0,0.0,2.109438180923462,False,True,25.0,1.0,1.0,1.0,,,,,,,,,,,,,,
486,2.4023215770721436,-5.858885288238525,0.30754354596138,0.3079225718975067,0.01983068510890007,1.767242193222046,1.7668074369430542,1.9558505258442803e-17,0.16469185054302216,0.6896390318870544,0.1033502072095871,0.040292151272296906,1.9558505258442803e-17,0.6896390318870544,0.1033502072095871,0.040292151272296906,0.0001,0.25,1.0,0.25,0.0,0.0,0.0,0.0,0.0,2.118265390396118,False,True,25.0,1.0,1.0,1.0,,,,,,,,,,,,,,
487,2.4053597450256348,-5.912201881408691,0.3092495799064636,0.30960097908973694,0.0194416381418705,1.7674790620803833,1.766655683517456,2.7245223375657172e-17,0.172385573387146,0.6897398829460144,0.10347919911146164,0.04005208611488342,2.7245223375657172e-17,0.6897398829460144,0.10347919911146164,0.04005208611488342,0.0001,0.25,1.0,0.25,0.0,0.0,0.0,0.0,0.0,2.10648775100708,False,True,25.0,1.0,1.0,1.0,,,,,,,,,,,,,,
488,2.4087424278259277,-5.878255367279053,0.3106171786785126,0.3113660514354706,0.01958332769572735,1.7677419185638428,1.766610026359558,1.3469129152349984e-17,0.16889365017414093,0.6898931264877319,0.10330605506896973,0.040633078664541245,1.3469129152349984e-17,0.6898931264877319,0.10330605506896973,0.040633078664541245,0.0001,0.25,1.0,0.25,0.0,0.0,0.0,0.0,0.0,2.1143219470977783,False,True,25.0,1.0,1.0,1.0,,,,,,,,,,,,,,
489,2.401050567626953,-5.863018035888672,0.30683082342147827,0.3070106506347656,0.019189370796084404,1.7676881551742554,1.768351435661316,6.144766187860901e-18,0.16468092799186707,0.6898629665374756,0.10321381688117981,0.03920598328113556,6.144766187860901e-18,0.6898629665374756,0.10321381688117981,0.03920598328113556,0.0001,0.25,1.0,0.25,0.0,0.0,0.0,0.0,0.0,2.1527583599090576,False,True,25.0,1.0,1.0,1.0,,,,,,,,,,,,,,
490,2.405141830444336,-5.856503963470459,0.3088545501232147,0.3091616928577423,0.0195446889847517,1.767639398574829,1.7675223350524902,2.4843559061029884e-17,0.16424421966075897,0.6894763112068176,0.10291937738656998,0.0383828729391098,1.0600233282989457e-17,0.6887889504432678,0.10304897278547287,0.030590765178203583,0.0001,0.25,1.0,0.25,0.0,0.0,0.0,0.0,0.0,2.1082797050476074,False,True,25.0,1.0,1.0,1.0,0.7859891057014465,0.7859891057014465,0.21401089429855347,8.919583320617676,0.0,0.9356140494346619,3.9773061275482178,-0.0,1.4351413249969482,0.7848736047744751,1.0600233282989457e-17,0.7848736047744751,0.04506703093647957,1.206184983253479
491,2.4123711585998535,-5.891604900360107,0.3081255555152893,0.3084337115287781,0.019305018708109856,1.7765158414840698,1.7764980792999268,8.224511908571435e-17,0.16532519459724426,0.6901692152023315,0.10306834429502487,0.03910241648554802,8.224511908571435e-17,0.6901692152023315,0.10306834429502487,0.03910241648554802,0.0001,0.25,1.0,0.25,0.0,0.0,0.0,0.0,0.0,2.120891571044922,False,True,25.0,1.0,1.0,1.0,,,,,,,,,,,,,,
492,2.4076991081237793,-5.955395698547363,0.3103293776512146,0.31086406111717224,0.019275596365332603,1.7677983045578003,1.7666618824005127,8.938649356868476e-17,0.16662511229515076,0.689677357673645,0.10323096811771393,0.03862389549612999,8.938649356868476e-17,0.689677357673645,0.10323096811771393,0.03862389549612999,0.0001,0.25,1.0,0.25,0.0,0.0,0.0,0.0,0.0,2.090867042541504,False,True,25.0,1.0,1.0,1.0,,,,,,,,,,,,,,
493,2.4146013259887695,-5.961785793304443,0.31187474727630615,0.3130509555339813,0.019725415855646133,1.7705843448638916,1.7693161964416504,5.400487270659163e-18,0.1643102616071701,0.6897446513175964,0.1028941348195076,0.03985949978232384,5.400487270659163e-18,0.6897446513175964,0.1028941348195076,0.03985949978232384,0.0001,0.25,1.0,0.25,0.0,0.0,0.0,0.0,0.0,2.0961239337921143,False,True,25.0,1.0,1.0,1.0,,,,,,,,,,,,,,
494,2.4095513820648193,-5.93950080871582,0.3116966784000397,0.3127582371234894,0.018785009160637856,1.7671743631362915,1.7654486894607544,1.536255384628999e-17,0.15398423373699188,0.6901012063026428,0.10274644941091537,0.03937920555472374,1.536255384628999e-17,0.6901012063026428,0.10274644941091537,0.03937920555472374,0.0001,0.25,1.0,0.25,0.0,0.0,0.0,0.0,0.0,2.073915958404541,False,True,25.0,1.0,1.0,1.0,,,,,,,,,,,,,,
495,2.4081473350524902,-5.906866550445557,0.3111957907676697,0.3119099736213684,0.01931898109614849,1.766095519065857,1.7653493881225586,1.4855818370828575e-16,0.15518562495708466,0.6897144913673401,0.10288766026496887,0.03909067064523697,1.4855818370828575e-16,0.6897144913673401,0.10288766026496887,0.03909067064523697,0.0001,0.25,1.0,0.25,0.0,0.0,0.0,0.0,0.0,2.105173110961914,False,True,25.0,1.0,1.0,1.0,,,,,,,,,,,,,,
496,2.4260852336883545,-5.96108341217041,0.3183252215385437,0.31884151697158813,0.018827833235263824,1.7703231573104858,1.7698582410812378,4.992613692314064e-17,0.15514349937438965,0.6890442967414856,0.10282247513532639,0.03729981929063797,4.992613692314064e-17,0.6890442967414856,0.10282247513532639,0.03729981929063797,0.0001,0.25,1.0,0.25,0.0,0.0,0.0,0.0,0.0,2.1158196926116943,False,True,25.0,1.0,1.0,1.0,,,,,,,,,,,,,,
497,2.411395788192749,-6.018149375915527,0.31117016077041626,0.31154853105545044,0.019133424386382103,1.769650936126709,1.7694363594055176,1.076228399534677e-17,0.16457431018352509,0.689455509185791,0.10274448990821838,0.0381275899708271,1.076228399534677e-17,0.689455509185791,0.10274448990821838,0.0381275899708271,0.0001,0.25,1.0,0.25,0.0,0.0,0.0,0.0,0.0,2.06913161277771,False,True,25.0,1.0,1.0,1.0,,,,,,,,,,,,,,
498,2.4022622108459473,-6.041951656341553,0.3086559474468231,0.3088938593864441,0.018891694024205208,1.765769124031067,1.7658724784851074,6.388173182091367e-18,0.1659580022096634,0.6898778080940247,0.10299202054738998,0.039322853088378906,6.388173182091367e-18,0.6898778080940247,0.10299202054738998,0.039322853088378906,0.0001,0.25,1.0,0.25,0.0,0.0,0.0,0.0,0.0,2.094977617263794,False,True,25.0,1.0,1.0,1.0,,,,,,,,,,,,,,
499,2.4167640209198,-5.977380752563477,0.31885939836502075,0.31866830587387085,0.019268354400992393,1.7599095106124878,1.7600265741348267,4.774911004746438e-17,0.15540152788162231,0.6897605061531067,0.10280099511146545,0.03792357072234154,4.774911004746438e-17,0.6897605061531067,0.10280099511146545,0.03792357072234154,0.0001,0.25,1.0,0.25,0.0,0.0,0.0,0.0,0.0,2.1042582988739014,False,True,25.0,1.0,1.0,1.0,,,,,,,,,,,,,,
500,2.399292469024658,-5.930991172790527,0.30738911032676697,0.30759090185165405,0.018809033557772636,1.7653586864471436,1.7656482458114624,3.8584285688322264e-16,0.152288019657135,0.6896193623542786,0.10320401936769485,0.037980351597070694,9.08219672629289e-18,0.6886034607887268,0.10296718031167984,0.02972613461315632,0.0001,0.25,1.0,0.25,0.0,0.0,0.0,0.0,0.0,2.0796477794647217,False,True,25.0,1.0,1.0,1.0,0.7875312566757202,0.7875312566757202,0.21246874332427979,8.92881965637207,0.0,0.9286469221115112,3.9859066009521484,-0.0,1.4293036460876465,0.7849034667015076,9.08219672629289e-18,0.7849034667015076,0.04412277787923813,1.2065424919128418
501,2.4144206047058105,-5.951094627380371,0.31219759583473206,0.31226158142089844,0.01913479156792164,1.7706371545791626,1.7710161209106445,1.2143249620294862e-17,0.15417717397212982,0.6899610161781311,0.10287696868181229,0.03885903209447861,1.2143249620294862e-17,0.6899610161781311,0.10287696868181229,0.03885903209447861,0.0001,0.25,1.0,0.25,0.0,0.0,0.0,0.0,0.0,2.0952601432800293,False,True,25.0,1.0,1.0,1.0,,,,,,,,,,,,,,
502,2.4301695823669434,-6.059057235717773,0.31587666273117065,0.3167040944099426,0.019924255087971687,1.7782657146453857,1.7770631313323975,1.3657978787535026e-16,0.1644991785287857,0.6900856494903564,0.10359008610248566,0.03989606723189354,1.3657978787535026e-16,0.6900856494903564,0.10359008610248566,0.03989606723189354,0.0001,0.25,1.0,0.25,0.0,0.0,0.0,0.0,0.0,2.0861976146698,False,True,25.0,1.0,1.0,1.0,,,,,,,,,,,,,,
503,2.4092485904693604,-6.056823253631592,0.3107353150844574,0.31149399280548096,0.019220422953367233,1.7680339813232422,1.7675639390945435,9.13885949058632e-17,0.1640806496143341,0.6893646121025085,0.1033584326505661,0.0395243801176548,9.13885949058632e-17,0.6893646121025085,0.1033584326505661,0.0395243801176548,0.0001,0.25,1.0,0.25,0.0,0.0,0.0,0.0,0.0,2.1059534549713135,False,True,25.0,1.0,1.0,1.0,,,,,,,,,,,,,,
504,2.404188632965088,-5.998082637786865,0.3056146502494812,0.3060431480407715,0.019342090934515,1.7735490798950195,1.772828459739685,2.346151396538241e-18,0.15928830206394196,0.6906818151473999,0.10332941263914108,0.03870039060711861,2.346151396538241e-18,0.6906818151473999,0.10332941263914108,0.03870039060711861,0.0001,0.25,1.0,0.25,0.0,0.0,0.0,0.0,0.0,2.0936450958251953,False,True,25.0,1.0,1.0,1.0,,,,,,,,,,,,,,
505,2.408201217651367,-5.965627193450928,0.3094475567340851,0.30923622846603394,0.018637755885720253,1.770293951034546,1.771465539932251,1.2631372208484853e-16,0.15433241426944733,0.6891133785247803,0.10306083410978317,0.03767676278948784,1.2631372208484853e-16,0.6891133785247803,0.10306083410978317,0.03767676278948784,0.0001,0.25,1.0,0.25,0.0,0.0,0.0,0.0,0.0,2.0827760696411133,False,True,25.0,1.0,1.0,1.0,,,,,,,,,,,,,,
506,2.4104666709899902,-6.01055908203125,0.3125118017196655,0.3128967881202698,0.019211720675230026,1.7660174369812012,1.76567542552948,7.003950666467789e-17,0.15268170833587646,0.689673662185669,0.10320938378572464,0.03939693421125412,7.003950666467789e-17,0.689673662185669,0.10320938378572464,0.03939693421125412,0.0001,0.25,1.0,0.25,0.0,0.0,0.0,0.0,0.0,2.0593106746673584,False,True,25.0,1.0,1.0,1.0,,,,,,,,,,,,,,
507,2.403712272644043,-6.118507385253906,0.3086390793323517,0.30869823694229126,0.018599148839712143,1.7676151990890503,1.7679364681243896,3.6070815340763125e-17,0.1550748199224472,0.6895909309387207,0.10289683192968369,0.038065142929553986,3.6070815340763125e-17,0.6895909309387207,0.10289683192968369,0.038065142929553986,0.0001,0.25,1.0,0.25,0.0,0.0,0.0,0.0,0.0,2.106865882873535,False,True,25.0,1.0,1.0,1.0,,,,,,,,,,,,,,
508,2.4147818088531494,-6.120054721832275,0.31824058294296265,0.31835633516311646,0.01939782127737999,1.7587653398513794,1.7588087320327759,2.8480040248437556e-17,0.15804697573184967,0.6895650625228882,0.10232522338628769,0.03813616558909416,2.8480040248437556e-17,0.6895650625228882,0.10232522338628769,0.03813616558909416,0.0001,0.25,1.0,0.25,0.0,0.0,0.0,0.0,0.0,2.102942943572998,False,True,25.0,1.0,1.0,1.0,,,,,,,,,,,,,,
509,2.4173786640167236,-6.079756259918213,0.31373292207717896,0.31394249200820923,0.019474104046821594,1.7702594995498657,1.7701988220214844,4.604149162579971e-17,0.1555696427822113,0.6897915005683899,0.10289530456066132,0.038181889802217484,4.604149162579971e-17,0.6897915005683899,0.10289530456066132,0.038181889802217484,0.0001,0.25,1.0,0.25,0.0,0.0,0.0,0.0,0.0,2.0675995349884033,False,True,25.0,1.0,1.0,1.0,,,,,,,,,,,,,,
510,2.42108154296875,-6.00825834274292,0.31651192903518677,0.31717467308044434,0.019053805619478226,1.7684288024902344,1.768253207206726,2.861988340279577e-17,0.1510690599679947,0.6903791427612305,0.10321127623319626,0.037917498499155045,8.963371390578121e-18,0.6886104345321655,0.10245919227600098,0.029309332370758057,0.0001,0.25,1.0,0.25,0.0,0.0,0.0,0.0,0.0,2.062767505645752,False,True,25.0,1.0,1.0,1.0,0.7864642143249512,0.7864642143249512,0.21353578567504883,8.966536521911621,0.0,0.9212954044342041,3.995907783508301,-0.0,1.4472105503082275,0.7847388982772827,8.963371390578121e-18,0.7847388982772827,0.04479517042636871,1.196033000946045
511,2.405416965484619,-6.049513816833496,0.3085573613643646,0.30809953808784485,0.01906253956258297,1.7695178985595703,1.7698768377304077,2.4243901093404467e-17,0.15311168134212494,0.6899174451828003,0.10307294875383377,0.037907615303993225,2.4243901093404467e-17,0.6899174451828003,0.10307294875383377,0.037907615303993225,0.0001,0.25,1.0,0.25,0.0,0.0,0.0,0.0,0.0,2.079355001449585,False,True,25.0,1.0,1.0,1.0,,,,,,,,,,,,,,
512,2.4110500812530518,-6.1006293296813965,0.310026079416275,0.3099527657032013,0.018870363011956215,1.7717338800430298,1.7726678848266602,1.7362317571057363e-17,0.15320450067520142,0.6899979710578918,0.10270053148269653,0.03839951008558273,1.7362317571057363e-17,0.6899979710578918,0.10270053148269653,0.03839951008558273,0.0001,0.25,1.0,0.25,0.0,0.0,0.0,0.0,0.0,2.0644969940185547,False,True,25.0,1.0,1.0,1.0,,,,,,,,,,,,,,
513,2.4139952659606934,-6.166789531707764,0.3123033344745636,0.3125322461128235,0.01905950903892517,1.7701975107192993,1.7700026035308838,5.545765911540525e-17,0.1596861630678177,0.6894416809082031,0.10288862884044647,0.03829413279891014,5.545765911540525e-17,0.6894416809082031,0.10288862884044647,0.03829413279891014,0.0001,0.25,1.0,0.25,0.0,0.0,0.0,0.0,0.0,2.074167251586914,False,True,25.0,1.0,1.0,1.0,,,,,,,,,,,,,,
514,2.418607234954834,-6.120314121246338,0.3170207738876343,0.31765255331993103,0.01941729709506035,1.7650456428527832,1.7639875411987305,1.3116756828847295e-17,0.14747309684753418,0.6898280382156372,0.10264940559864044,0.037436917424201965,1.3116756828847295e-17,0.6898280382156372,0.10264940559864044,0.037436917424201965,0.0001,0.25,1.0,0.25,0.0,0.0,0.0,0.0,0.0,2.0538718700408936,False,True,25.0,1.0,1.0,1.0,,,,,,,,,,,,,,
515,2.404036521911621,-6.081092834472656,0.30873599648475647,0.3091277480125427,0.01862911321222782,1.7677112817764282,1.7673757076263428,2.1554167821733138e-17,0.14198535680770874,0.6894859075546265,0.10237377136945724,0.0371723510324955,2.1554167821733138e-17,0.6894859075546265,0.10237377136945724,0.0371723510324955,0.0001,0.25,1.0,0.25,0.0,0.0,0.0,0.0,0.0,2.049285888671875,False,True,25.0,1.0,1.0,1.0,,,,,,,,,,,,,,
516,2.414846420288086,-6.104074001312256,0.311130166053772,0.31156495213508606,0.019004447385668755,1.7732914686203003,1.7730021476745605,9.931143007456961e-17,0.14571987092494965,0.689916729927063,0.10262173414230347,0.0370277538895607,9.931143007456961e-17,0.689916729927063,0.10262173414230347,0.0370277538895607,0.0001,0.25,1.0,0.25,0.0,0.0,0.0,0.0,0.0,2.0699896812438965,False,True,25.0,1.0,1.0,1.0,,,,,,,,,,,,,,
517,2.421900749206543,-6.140606880187988,0.3179057538509369,0.31893783807754517,0.01882493495941162,1.7668002843856812,1.7656643390655518,8.680346494167154e-18,0.15297085046768188,0.6888601183891296,0.10233629494905472,0.036206986755132675,8.680346494167154e-18,0.6888601183891296,0.10233629494905472,0.036206986755132675,0.0001,0.25,1.0,0.25,0.0,0.0,0.0,0.0,0.0,2.0950217247009277,False,True,25.0,1.0,1.0,1.0,,,,,,,,,,,,,,
518,2.4234728813171387,-6.233392715454102,0.3170350193977356,0.3172953128814697,0.01951581798493862,1.7699779272079468,1.7692757844924927,7.618283149032142e-17,0.16017630696296692,0.689945638179779,0.10284732282161713,0.038124047219753265,7.618283149032142e-17,0.689945638179779,0.10284732282161713,0.038124047219753265,0.0001,0.25,1.0,0.25,0.0,0.0,0.0,0.0,0.0,2.0626420974731445,False,True,25.0,1.0,1.0,1.0,,,,,,,,,,,,,,
519,2.4242992401123047,-6.21558141708374,0.31769415736198425,0.31748369336128235,0.018934978172183037,1.7701647281646729,1.7702080011367798,1.724131262796943e-17,0.1578175127506256,0.6897867918014526,0.10298015922307968,0.03745219111442566,1.724131262796943e-17,0.6897867918014526,0.10298015922307968,0.03745219111442566,0.0001,0.25,1.0,0.25,0.0,0.0,0.0,0.0,0.0,2.09824538230896,False,True,25.0,1.0,1.0,1.0,,,,,,,,,,,,,,
520,2.4273598194122314,-6.141430854797363,0.31942814588546753,0.319096177816391,0.01927761547267437,1.7690708637237549,1.7700449228286743,3.866794739722037e-17,0.1481892466545105,0.6903432607650757,0.10311639308929443,0.036610957235097885,6.3685232423487536e-18,0.6883546710014343,0.10276785492897034,0.028986511752009392,0.0001,0.25,1.0,0.25,0.0,0.0,0.0,0.0,0.0,2.0718510150909424,False,True,25.0,1.0,1.0,1.0,0.7869664430618286,0.7869664430618286,0.2130335569381714,8.859084129333496,0.0,0.9295598268508911,3.9778270721435547,-0.0,1.4425653219223022,0.7847226858139038,6.3685232423487536e-18,0.7847227454185486,0.044341299682855606,1.1918179988861084
521,2.4096872806549072,-6.104869842529297,0.31157559156417847,0.3113066852092743,0.019018007442355156,1.7674344778060913,1.7681397199630737,8.367881602714662e-19,0.14096345007419586,0.6894173622131348,0.10295353829860687,0.03680109605193138,8.367881602714662e-19,0.6894173622131348,0.10295353829860687,0.03680109605193138,0.0001,0.25,1.0,0.25,0.0,0.0,0.0,0.0,0.0,2.070935010910034,False,True,25.0,1.0,1.0,1.0,,,,,,,,,,,,,,
522,2.426100015640259,-6.167736053466797,0.3149598240852356,0.315255343914032,0.019940897822380066,1.7762742042541504,1.77561354637146,6.780468964268622e-17,0.14225146174430847,0.689604640007019,0.10296811908483505,0.03624437749385834,6.780468964268622e-17,0.689604640007019,0.10296811908483505,0.03624437749385834,0.0001,0.25,1.0,0.25,0.0,0.0,0.0,0.0,0.0,2.053457260131836,False,True,25.0,1.0,1.0,1.0,,,,,,,,,,,,,,
523,2.411278009414673,-6.289395809173584,0.3115234971046448,0.31183257699012756,0.018509428948163986,1.7695516347885132,1.7692734003067017,8.329076802420998e-18,0.1509293168783188,0.6894941329956055,0.10257256031036377,0.03743414580821991,8.329076802420998e-18,0.6894941329956055,0.10257256031036377,0.03743414580821991,0.0001,0.25,1.0,0.25,0.0,0.0,0.0,0.0,0.0,2.0672364234924316,False,True,25.0,1.0,1.0,1.0,,,,,,,,,,,,,,
524,2.4303202629089355,-6.285858631134033,0.3261013627052307,0.3272237181663513,0.01914338767528534,1.758507490158081,1.7571959495544434,2.5925689973261556e-17,0.15371616184711456,0.68947833776474,0.10329880565404892,0.03708697110414505,2.5925689973261556e-17,0.68947833776474,0.10329880565404892,0.03708697110414505,0.0001,0.25,1.0,0.25,0.0,0.0,0.0,0.0,0.0,2.083523988723755,False,True,25.0,1.0,1.0,1.0,,,,,,,,,,,,,,
525,2.429993152618408,-6.233487129211426,0.32598093152046204,0.3269804120063782,0.019362444058060646,1.758167028427124,1.7571717500686646,1.0401996049690316e-16,0.14126235246658325,0.6895936131477356,0.10344121605157852,0.03687449172139168,1.0401996049690316e-16,0.6895936131477356,0.10344121605157852,0.03687449172139168,0.0001,0.25,1.0,0.25,0.0,0.0,0.0,0.0,0.0,2.0933611392974854,False,True,25.0,1.0,1.0,1.0,,,,,,,,,,,,,,
526,2.4257287979125977,-6.136849403381348,0.32094404101371765,0.32189351320266724,0.01866876520216465,1.7646453380584717,1.763800024986267,1.936005470332398e-17,0.13578887283802032,0.6891067028045654,0.10273770987987518,0.03623175993561745,1.936005470332398e-17,0.6891067028045654,0.10273770987987518,0.03623175993561745,0.0001,0.25,1.0,0.25,0.0,0.0,0.0,0.0,0.0,2.1017425060272217,False,True,25.0,1.0,1.0,1.0,,,,,,,,,,,,,,
527,2.4405229091644287,-6.172821521759033,0.3214675188064575,0.3219279944896698,0.019598597660660744,1.7776427268981934,1.7774149179458618,3.550764761867987e-17,0.13889335095882416,0.689717173576355,0.10346218198537827,0.03595656901597977,3.550764761867987e-17,0.689717173576355,0.10346218198537827,0.03595656901597977,0.0001,0.25,1.0,0.25,0.0,0.0,0.0,0.0,0.0,2.063133716583252,False,True,25.0,1.0,1.0,1.0,,,,,,,,,,,,,,
528,2.4216597080230713,-6.2793498039245605,0.31663233041763306,0.31655454635620117,0.018735384568572044,1.7695488929748535,1.7699261903762817,2.2065654291760812e-16,0.14731763303279877,0.6895690560340881,0.10328620672225952,0.03662291541695595,2.2065654291760812e-16,0.6895690560340881,0.10328620672225952,0.03662291541695595,0.0001,0.25,1.0,0.25,0.0,0.0,0.0,0.0,0.0,2.060654640197754,False,True,25.0,1.0,1.0,1.0,,,,,,,,,,,,,,
529,2.415553092956543,-6.304202556610107,0.31360673904418945,0.3134576380252838,0.018934842199087143,1.7690635919570923,1.770044207572937,3.7354285322812653e-17,0.14888599514961243,0.6886594891548157,0.10258053243160248,0.03691387176513672,3.7354285322812653e-17,0.6886594891548157,0.10258053243160248,0.03691387176513672,0.0001,0.25,1.0,0.25,0.0,0.0,0.0,0.0,0.0,2.0721890926361084,False,True,25.0,1.0,1.0,1.0,,,,,,,,,,,,,,
530,2.420437812805176,-6.30802059173584,0.31874188780784607,0.31910640001296997,0.019045107066631317,1.76353919506073,1.7635494470596313,4.965605914441963e-17,0.14356635510921478,0.6892192363739014,0.10263188183307648,0.036925092339515686,8.040425403901437e-18,0.6880853772163391,0.1024581640958786,0.028676575049757957,0.0001,0.25,1.0,0.25,0.0,0.0,0.0,0.0,0.0,2.0789268016815186,False,True,25.0,1.0,1.0,1.0,0.7864902019500732,0.7864902019500732,0.21350979804992676,8.945510864257812,0.0,0.9218720197677612,3.988003730773926,-0.0,1.4298865795135498,0.7847817540168762,8.040425403901437e-18,0.7847817540168762,0.04361783713102341,1.1947468519210815
531,2.430091381072998,-6.25987434387207,0.32250136137008667,0.32321274280548096,0.01935952715575695,1.765250325202942,1.7647849321365356,9.85016202548802e-17,0.14122720062732697,0.6890003681182861,0.10230544954538345,0.036326296627521515,9.85016202548802e-17,0.6890003681182861,0.10230544954538345,0.036326296627521515,0.0001,0.25,1.0,0.25,0.0,0.0,0.0,0.0,0.0,2.0968573093414307,False,True,25.0,1.0,1.0,1.0,,,,,,,,,,,,,,
532,2.4367470741271973,-6.286895275115967,0.32234513759613037,0.323399156332016,0.019246654585003853,1.7723382711410522,1.7711738348007202,4.503956414576118e-17,0.14296996593475342,0.6892333626747131,0.10224355757236481,0.03617071732878685,4.503956414576118e-17,0.6892333626747131,0.10224355757236481,0.03617071732878685,0.0001,0.25,1.0,0.25,0.0,0.0,0.0,0.0,0.0,2.0571558475494385,False,True,25.0,1.0,1.0,1.0,,,,,,,,,,,,,,
533,2.42134428024292,-6.31229305267334,0.31495657563209534,0.315633624792099,0.018802091479301453,1.772284984588623,1.7716187238693237,6.409621396348439e-17,0.15103580057621002,0.6890819072723389,0.10245007276535034,0.037281766533851624,6.409621396348439e-17,0.6890819072723389,0.10245007276535034,0.037281766533851624,0.0001,0.25,1.0,0.25,0.0,0.0,0.0,0.0,0.0,2.079418897628784,False,True,25.0,1.0,1.0,1.0,,,,,,,,,,,,,,
534,2.4289958477020264,-6.313401222229004,0.31877630949020386,0.31938403844833374,0.018978824838995934,1.7720675468444824,1.7716457843780518,1.3147063072130013e-16,0.14728422462940216,0.689202070236206,0.10243591666221619,0.03670397773385048,1.3147063072130013e-16,0.689202070236206,0.10243591666221619,0.03670397773385048,0.0001,0.25,1.0,0.25,0.0,0.0,0.0,0.0,0.0,2.0977916717529297,False,True,25.0,1.0,1.0,1.0,,,,,,,,,,,,,,
535,2.416929244995117,-6.299323081970215,0.3162221312522888,0.31649988889694214,0.018626432865858078,1.765596628189087,1.765565276145935,5.042422538335067e-17,0.14110641181468964,0.689669132232666,0.10232246667146683,0.03620864450931549,5.042422538335067e-17,0.689669132232666,0.10232246667146683,0.03620864450931549,0.0001,0.25,1.0,0.25,0.0,0.0,0.0,0.0,0.0,2.0332133769989014,False,True,25.0,1.0,1.0,1.0,,,,,,,,,,,,,,
536,2.432089328765869,-6.326732158660889,0.3201770782470703,0.31965765357017517,0.018594838678836823,1.7730306386947632,1.774288535118103,4.4863513641630294e-17,0.13869556784629822,0.6893050670623779,0.10244403034448624,0.03709659352898598,4.4863513641630294e-17,0.6893050670623779,0.10244403034448624,0.03709659352898598,0.0001,0.25,1.0,0.25,0.0,0.0,0.0,0.0,0.0,2.108820915222168,False,True,25.0,1.0,1.0,1.0,,,,,,,,,,,,,,
537,2.4062373638153076,-6.3258185386657715,0.3081897795200348,0.3083474040031433,0.01871338114142418,1.7707624435424805,1.77121102809906,1.036396509753921e-17,0.13969343900680542,0.6889630556106567,0.10256623476743698,0.0369626022875309,1.036396509753921e-17,0.6889630556106567,0.10256623476743698,0.0369626022875309,0.0001,0.25,1.0,0.25,0.0,0.0,0.0,0.0,0.0,2.072183609008789,False,True,25.0,1.0,1.0,1.0,,,,,,,,,,,,,,
538,2.4106738567352295,-6.343515396118164,0.31296777725219727,0.31369391083717346,0.018729083240032196,1.7655415534973145,1.7650247812271118,2.837964368313077e-17,0.1380687803030014,0.6892649531364441,0.10231398046016693,0.0353279672563076,2.837964368313077e-17,0.6892649531364441,0.10231398046016693,0.0353279672563076,0.0001,0.25,1.0,0.25,0.0,0.0,0.0,0.0,0.0,2.035344362258911,False,True,25.0,1.0,1.0,1.0,,,,,,,,,,,,,,
539,2.409356117248535,-6.330742359161377,0.31169623136520386,0.31199589371681213,0.018306447193026543,1.7673158645629883,1.7673990726470947,2.0519083634021032e-17,0.14060305058956146,0.6897128224372864,0.10246721655130386,0.035957347601652145,2.0519083634021032e-17,0.6897128224372864,0.10246721655130386,0.035957347601652145,0.0001,0.25,1.0,0.25,0.0,0.0,0.0,0.0,0.0,2.054532527923584,False,True,25.0,1.0,1.0,1.0,,,,,,,,,,,,,,
540,2.42425537109375,-6.322226047515869,0.3188682198524475,0.3194286823272705,0.019089603796601295,1.7670336961746216,1.7667038440704346,1.6160883060821658e-16,0.14383083581924438,0.6887421011924744,0.10248759388923645,0.03513030335307121,1.0879173089535818e-17,0.6878976225852966,0.10218974947929382,0.027939939871430397,0.0001,0.25,1.0,0.25,0.0,0.0,0.0,0.0,0.0,2.0545883178710938,False,True,25.0,1.0,1.0,1.0,0.7870197892189026,0.7870197892189026,0.2129802107810974,9.039192199707031,0.0,0.9144724011421204,4.00081729888916,-0.0,1.4490456581115723,0.7848228812217712,1.0879173089535818e-17,0.7848228812217712,0.04318705201148987,1.1937490701675415
541,2.4361038208007812,-6.349451065063477,0.32442495226860046,0.32546892762184143,0.01894424296915531,1.767837405204773,1.7666935920715332,6.578687187386927e-17,0.1443438082933426,0.6890790462493896,0.10197533667087555,0.03537605330348015,6.578687187386927e-17,0.6890790462493896,0.10197533667087555,0.03537605330348015,0.0001,0.25,1.0,0.25,0.0,0.0,0.0,0.0,0.0,2.0805790424346924,False,True,25.0,1.0,1.0,1.0,,,,,,,,,,,,,,
542,2.4127163887023926,-6.38477897644043,0.31315019726753235,0.3136679530143738,0.018361486494541168,1.767808437347412,1.7672648429870605,1.682510379874582e-16,0.14999037981033325,0.6889345645904541,0.10236237943172455,0.03699243441224098,1.682510379874582e-16,0.6889345645904541,0.10236237943172455,0.03699243441224098,0.0001,0.25,1.0,0.25,0.0,0.0,0.0,0.0,0.0,2.0712430477142334,False,True,25.0,1.0,1.0,1.0,,,,,,,,,,,,,,
543,2.4071967601776123,-6.407629489898682,0.31184008717536926,0.31114324927330017,0.01881365105509758,1.7649552822113037,1.7658443450927734,1.282164492519573e-16,0.13853390514850616,0.6888257265090942,0.10226178169250488,0.035225361585617065,1.282164492519573e-16,0.6888257265090942,0.10226178169250488,0.035225361585617065,0.0001,0.25,1.0,0.25,0.0,0.0,0.0,0.0,0.0,2.0743744373321533,False,True,25.0,1.0,1.0,1.0,,,,,,,,,,,,,,
544,2.432692527770996,-6.4025373458862305,0.31957128643989563,0.32000482082366943,0.018668362870812416,1.7748095989227295,1.774086833000183,4.1916381615667164e-17,0.13154210150241852,0.6888557076454163,0.10215309262275696,0.03517349064350128,4.1916381615667164e-17,0.6888557076454163,0.10215309262275696,0.03517349064350128,0.0001,0.25,1.0,0.25,0.0,0.0,0.0,0.0,0.0,2.069979667663574,False,True,25.0,1.0,1.0,1.0,,,,,,,,,,,,,,
545,2.4201407432556152,-6.398501396179199,0.31424620747566223,0.31392642855644226,0.018453488126397133,1.7730741500854492,1.7739553451538086,1.9462965897692928e-17,0.12981246411800385,0.6887329816818237,0.10204453766345978,0.03492966294288635,1.9462965897692928e-17,0.6887329816818237,0.10204453766345978,0.03492966294288635,0.0001,0.25,1.0,0.25,0.0,0.0,0.0,0.0,0.0,2.0503697395324707,False,True,25.0,1.0,1.0,1.0,,,,,,,,,,,,,,
546,2.4225354194641113,-6.456389904022217,0.31976962089538574,0.31978437304496765,0.018386077135801315,1.764378309249878,1.7648121118545532,9.373718565802787e-17,0.13228636980056763,0.6891911625862122,0.10213024914264679,0.03538570553064346,9.373718565802787e-17,0.6891911625862122,0.10213024914264679,0.03538570553064346,0.0001,0.25,1.0,0.25,0.0,0.0,0.0,0.0,0.0,2.0620434284210205,False,True,25.0,1.0,1.0,1.0,,,,,,,,,,,,,,
547,2.4337363243103027,-6.482341289520264,0.32326048612594604,0.3237799108028412,0.018549049273133278,1.7682832479476929,1.7680106163024902,3.342359915257702e-17,0.13135263323783875,0.6888085007667542,0.10186247527599335,0.03523525595664978,3.342359915257702e-17,0.6888085007667542,0.10186247527599335,0.03523525595664978,0.0001,0.25,1.0,0.25,0.0,0.0,0.0,0.0,0.0,2.077444553375244,False,True,25.0,1.0,1.0,1.0,,,,,,,,,,,,,,
548,2.427861213684082,-6.491325378417969,0.3198786973953247,0.32040348649024963,0.018849406391382217,1.7690154314041138,1.7684438228607178,1.0355296741028022e-16,0.1392364203929901,0.6888969540596008,0.10303899645805359,0.036625999957323074,1.0355296741028022e-16,0.6888969540596008,0.10303899645805359,0.036625999957323074,0.0001,0.25,1.0,0.25,0.0,0.0,0.0,0.0,0.0,2.0964341163635254,False,True,25.0,1.0,1.0,1.0,,,,,,,,,,,,,,
549,2.4134016036987305,-6.424953937530518,0.31845319271087646,0.3193783462047577,0.018515637144446373,1.7573896646499634,1.7567188739776611,1.3814445625227596e-17,0.13456794619560242,0.6887058615684509,0.10239815711975098,0.03598788008093834,1.3814445625227596e-17,0.6887058615684509,0.10239815711975098,0.03598788008093834,0.0001,0.25,1.0,0.25,0.0,0.0,0.0,0.0,0.0,2.085207462310791,False,True,25.0,1.0,1.0,1.0,,,,,,,,,,,,,,
550,2.4300200939178467,-6.416523456573486,0.32283779978752136,0.32373180985450745,0.01879733055830002,1.7648632526397705,1.7644431591033936,1.3294889346579977e-17,0.1304483264684677,0.6885610222816467,0.10295405238866806,0.03597725182771683,9.425640305815414e-18,0.6877155900001526,0.10261724144220352,0.027346208691596985,0.0001,0.25,1.0,0.25,0.0,0.0,0.0,0.0,0.0,2.079587697982788,False,True,25.0,1.0,1.0,1.0,0.7863999009132385,0.7863999009132385,0.21360009908676147,8.949420928955078,0.0,0.9109647870063782,4.005953311920166,-0.0,1.4938867092132568,0.7848950624465942,9.425640305815414e-18,0.7848950624465942,0.04285625368356705,1.188398838043213
551,2.433422565460205,-6.45672082901001,0.32497185468673706,0.32511016726493835,0.0185144804418087,1.764627456665039,1.7650245428085327,1.295210487355739e-17,0.13219089806079865,0.6888952851295471,0.10265698283910751,0.03593143820762634,1.295210487355739e-17,0.6888952851295471,0.10265698283910751,0.03593143820762634,0.0001,0.25,1.0,0.25,0.0,0.0,0.0,0.0,0.0,2.034097194671631,False,True,25.0,1.0,1.0,1.0,,,,,,,,,,,,,,
552,2.410048246383667,-6.486996173858643,0.31516045331954956,0.315461128950119,0.018169092014431953,1.7612699270248413,1.7612451314926147,1.2835642144649108e-16,0.13101783394813538,0.6892833113670349,0.10254199057817459,0.034795261919498444,1.2835642144649108e-16,0.6892833113670349,0.10254199057817459,0.034795261919498444,0.0001,0.25,1.0,0.25,0.0,0.0,0.0,0.0,0.0,2.058264970779419,False,True,25.0,1.0,1.0,1.0,,,,,,,,,,,,,,
553,2.424518585205078,-6.515265941619873,0.32111772894859314,0.3220367133617401,0.018328266218304634,1.7634426355361938,1.7626291513442993,2.859159713456891e-16,0.1321692168712616,0.688947856426239,0.1026075929403305,0.035951558500528336,2.859159713456891e-16,0.688947856426239,0.1026075929403305,0.035951558500528336,0.0001,0.25,1.0,0.25,0.0,0.0,0.0,0.0,0.0,2.0487029552459717,False,True,25.0,1.0,1.0,1.0,,,,,,,,,,,,,,
554,2.4236741065979004,-6.474032402038574,0.3203342854976654,0.3212220072746277,0.018552234396338463,1.7641154527664185,1.7630157470703125,1.0505965373498841e-16,0.12849894165992737,0.6885895729064941,0.10195735096931458,0.03480377793312073,1.0505965373498841e-16,0.6885895729064941,0.10195735096931458,0.03480377793312073,0.0001,0.25,1.0,0.25,0.0,0.0,0.0,0.0,0.0,2.0379717350006104,False,True,25.0,1.0,1.0,1.0,,,,,,,,,,,,,,
555,2.4236483573913574,-6.492393493652344,0.3183290660381317,0.31904199719429016,0.018068835139274597,1.768857479095459,1.76755952835083,4.8356928979013245e-17,0.12996861338615417,0.6894011497497559,0.10237297415733337,0.03458563610911369,4.8356928979013245e-17,0.6894011497497559,0.10237297415733337,0.03458563610911369,0.0001,0.25,1.0,0.25,0.0,0.0,0.0,0.0,0.0,2.036836862564087,False,True,25.0,1.0,1.0,1.0,,,,,,,,,,,,,,
556,2.4152846336364746,-6.496500015258789,0.31347039341926575,0.3139776587486267,0.018150612711906433,1.7699182033538818,1.7694536447525024,8.801600418619465e-18,0.13196612894535065,0.6890772581100464,0.10204046219587326,0.03574858233332634,8.801600418619465e-18,0.6890772581100464,0.10204046219587326,0.03574858233332634,0.0001,0.25,1.0,0.25,0.0,0.0,0.0,0.0,0.0,2.046438217163086,False,True,25.0,1.0,1.0,1.0,,,,,,,,,,,,,,
557,2.4181947708129883,-6.512639045715332,0.3140803873538971,0.31413280963897705,0.018988126888871193,1.7705955505371094,1.7713912725448608,1.1899157224208834e-16,0.13688956201076508,0.6894487738609314,0.10176565498113632,0.036628253757953644,1.1899157224208834e-16,0.6894487738609314,0.10176565498113632,0.036628253757953644,0.0001,0.25,1.0,0.25,0.0,0.0,0.0,0.0,0.0,2.0444228649139404,False,True,25.0,1.0,1.0,1.0,,,,,,,,,,,,,,
558,2.4206790924072266,-6.566939830780029,0.31394797563552856,0.31463170051574707,0.018304383382201195,1.7737500667572021,1.773840308189392,8.955550311144159e-18,0.13186824321746826,0.6886680722236633,0.1014631986618042,0.034513410180807114,8.955550311144159e-18,0.6886680722236633,0.1014631986618042,0.034513410180807114,0.0001,0.25,1.0,0.25,0.0,0.0,0.0,0.0,0.0,2.040238857269287,False,True,25.0,1.0,1.0,1.0,,,,,,,,,,,,,,
559,2.429616928100586,-6.5681328773498535,0.32147836685180664,0.3221050202846527,0.01858934387564659,1.7677034139633179,1.7671849727630615,2.6201815434877067e-16,0.13516709208488464,0.688842236995697,0.10161936283111572,0.03490934520959854,2.6201815434877067e-16,0.688842236995697,0.10161936283111572,0.03490934520959854,0.0001,0.25,1.0,0.25,0.0,0.0,0.0,0.0,0.0,2.058734178543091,False,True,25.0,1.0,1.0,1.0,,,,,,,,,,,,,,
560,2.436537265777588,-6.539168834686279,0.3255770802497864,0.3259856402873993,0.01840204931795597,1.766829490661621,1.7663154602050781,2.747004610306541e-17,0.13328750431537628,0.6894922852516174,0.10205408185720444,0.03424528241157532,9.112424843329355e-18,0.6876344084739685,0.10172658413648605,0.026625696569681168,0.0001,0.25,1.0,0.25,0.0,0.0,0.0,0.0,0.0,2.0276401042938232,False,True,25.0,1.0,1.0,1.0,0.7850127816200256,0.7850127816200256,0.21498721837997437,9.002699851989746,0.0,0.9152892827987671,3.9976205825805664,-0.0,1.4735914468765259,0.784724771976471,9.112424843329355e-18,0.784724771976471,0.04348333925008774,1.1797380447387695
561,2.4232590198516846,-6.532846927642822,0.31804171204566956,0.31895023584365845,0.018235666677355766,1.768291711807251,1.7677711248397827,2.2831743314737614e-17,0.12610965967178345,0.6888020038604736,0.10125788301229477,0.033388540148735046,2.2831743314737614e-17,0.6888020038604736,0.10125788301229477,0.033388540148735046,0.0001,0.25,1.0,0.25,0.0,0.0,0.0,0.0,0.0,2.0393404960632324,False,True,25.0,1.0,1.0,1.0,,,,,,,,,,,,,,
562,2.420276403427124,-6.539284706115723,0.3178214728832245,0.3175913989543915,0.018418526276946068,1.7659785747528076,1.766911268234253,1.297240388578944e-17,0.1269860416650772,0.6890468001365662,0.10174987465143204,0.03419305756688118,1.297240388578944e-17,0.6890468001365662,0.10174987465143204,0.03419305756688118,0.0001,0.25,1.0,0.25,0.0,0.0,0.0,0.0,0.0,2.0623342990875244,False,True,25.0,1.0,1.0,1.0,,,,,,,,,,,,,,
563,2.4313015937805176,-6.595250606536865,0.3208945393562317,0.3215094208717346,0.018588721752166748,1.7702860832214355,1.770331621170044,3.360545977333048e-17,0.12810121476650238,0.6892239451408386,0.10224910080432892,0.03458518534898758,3.360545977333048e-17,0.6892239451408386,0.10224910080432892,0.03458518534898758,0.0001,0.25,1.0,0.25,0.0,0.0,0.0,0.0,0.0,2.0483036041259766,False,True,25.0,1.0,1.0,1.0,,,,,,,,,,,,,,
564,2.420938014984131,-6.618375301361084,0.317051500082016,0.3170432150363922,0.01829020492732525,1.7683377265930176,1.768768548965454,4.956644487839747e-18,0.13193880021572113,0.6889290809631348,0.10201083868741989,0.03497442603111267,4.956644487839747e-18,0.6889290809631348,0.10201083868741989,0.03497442603111267,0.0001,0.25,1.0,0.25,0.0,0.0,0.0,0.0,0.0,2.0288658142089844,False,True,25.0,1.0,1.0,1.0,,,,,,,,,,,,,,
565,2.420841693878174,-6.61672306060791,0.31629762053489685,0.31647416949272156,0.018494049087166786,1.7694417238235474,1.769709825515747,1.0805173144671522e-16,0.12844295799732208,0.6889021396636963,0.10229569673538208,0.03465951234102249,1.0805173144671522e-16,0.6889021396636963,0.10229569673538208,0.03465951234102249,0.0001,0.25,1.0,0.25,0.0,0.0,0.0,0.0,0.0,2.035892963409424,False,True,25.0,1.0,1.0,1.0,,,,,,,,,,,,,,
566,2.4442648887634277,-6.626565456390381,0.3297143280506134,0.3300039768218994,0.018888892605900764,1.7656904458999634,1.765625,4.456505695045381e-17,0.12652263045310974,0.6884132623672485,0.10193362832069397,0.033859964460134506,4.456505695045381e-17,0.6884132623672485,0.10193362832069397,0.033859964460134506,0.0001,0.25,1.0,0.25,0.0,0.0,0.0,0.0,0.0,2.0448830127716064,False,True,25.0,1.0,1.0,1.0,,,,,,,,,,,,,,
567,2.4351696968078613,-6.634756565093994,0.3233906328678131,0.32381537556648254,0.01876036636531353,1.7691075801849365,1.769298791885376,1.8883433234370926e-17,0.12064514309167862,0.6888580322265625,0.1020285114645958,0.03470911458134651,1.8883433234370926e-17,0.6888580322265625,0.1020285114645958,0.03470911458134651,0.0001,0.25,1.0,0.25,0.0,0.0,0.0,0.0,0.0,2.0588457584381104,False,True,25.0,1.0,1.0,1.0,,,,,,,,,,,,,,
568,2.423586130142212,-6.6303510665893555,0.3212786614894867,0.32227420806884766,0.018145201727747917,1.7622475624084473,1.7615283727645874,4.5351661872419275e-18,0.1103372797369957,0.6890648007392883,0.10238400846719742,0.033479027450084686,4.5351661872419275e-18,0.6890648007392883,0.10238400846719742,0.033479027450084686,0.0001,0.25,1.0,0.25,0.0,0.0,0.0,0.0,0.0,2.075547695159912,False,True,25.0,1.0,1.0,1.0,,,,,,,,,,,,,,
569,2.4203054904937744,-6.640026092529297,0.3211250603199005,0.3215498626232147,0.018395181745290756,1.7594236135482788,1.759047269821167,2.3874918983201713e-17,0.10647128522396088,0.6886754035949707,0.10199515521526337,0.03218061849474907,2.3874918983201713e-17,0.6886754035949707,0.10199515521526337,0.03218061849474907,0.0001,0.25,1.0,0.25,0.0,0.0,0.0,0.0,0.0,2.0585246086120605,False,True,25.0,1.0,1.0,1.0,,,,,,,,,,,,,,
570,2.42284893989563,-6.667322158813477,0.3219138979911804,0.3228379786014557,0.01816331222653389,1.7606773376464844,1.7591899633407593,6.790806736692065e-17,0.11244719475507736,0.6888447999954224,0.1026058942079544,0.033115070313215256,1.2463054662557041e-17,0.6875385046005249,0.1018686294555664,0.025449933484196663,0.0001,0.25,1.0,0.25,0.0,0.0,0.0,0.0,0.0,2.0448555946350098,False,True,25.0,1.0,1.0,1.0,0.7854174375534058,0.7854174375534058,0.21458256244659424,8.926559448242188,0.0,0.9208148717880249,3.9899463653564453,-0.0,1.4835678339004517,0.7848100066184998,1.2463054662557041e-17,0.7848100066184998,0.04320213198661804,1.180954933166504
571,2.437530755996704,-6.659644603729248,0.3256925344467163,0.32629403471946716,0.018298350274562836,1.767593264579773,1.7668981552124023,1.0861840972331815e-16,0.11989638209342957,0.6880703568458557,0.10200133919715881,0.033875998109579086,1.0861840972331815e-16,0.6880703568458557,0.10200133919715881,0.033875998109579086,0.0001,0.25,1.0,0.25,0.0,0.0,0.0,0.0,0.0,2.0985562801361084,False,True,25.0,1.0,1.0,1.0,,,,,,,,,,,,,,
572,2.4257915019989014,-6.670793056488037,0.31948062777519226,0.31918200850486755,0.01857137680053711,1.768144130706787,1.7689710855484009,1.007511412394406e-16,0.13159681856632233,0.6890122294425964,0.10235286504030228,0.035349808633327484,1.007511412394406e-16,0.6890122294425964,0.10235286504030228,0.035349808633327484,0.0001,0.25,1.0,0.25,0.0,0.0,0.0,0.0,0.0,2.0335192680358887,False,True,25.0,1.0,1.0,1.0,,,,,,,,,,,,,,
573,2.4253005981445312,-6.679557800292969,0.3191053867340088,0.3189881443977356,0.01818043552339077,1.7686668634414673,1.7693867683410645,4.166801567366444e-17,0.12850496172904968,0.6886886358261108,0.10163287818431854,0.03432024270296097,4.166801567366444e-17,0.6886886358261108,0.10163287818431854,0.03432024270296097,0.0001,0.25,1.0,0.25,0.0,0.0,0.0,0.0,0.0,2.051328182220459,False,True,25.0,1.0,1.0,1.0,,,,,,,,,,,,,,
574,2.4354445934295654,-6.652255058288574,0.32301709055900574,0.32287880778312683,0.018266670405864716,1.770809531211853,1.771754503250122,4.718818894792482e-17,0.1259625405073166,0.6887245178222656,0.10193143784999847,0.033705320209264755,4.718818894792482e-17,0.6887245178222656,0.10193143784999847,0.033705320209264755,0.0001,0.25,1.0,0.25,0.0,0.0,0.0,0.0,0.0,2.032442331314087,False,True,25.0,1.0,1.0,1.0,,,,,,,,,,,,,,
575,2.4242894649505615,-6.674263000488281,0.3149673342704773,0.3150359094142914,0.017771685495972633,1.7763197422027588,1.7767094373703003,1.2680947458700871e-16,0.11880352348089218,0.6884486675262451,0.10228528827428818,0.033060673624277115,1.2680947458700871e-16,0.6884486675262451,0.10228528827428818,0.033060673624277115,0.0001,0.25,1.0,0.25,0.0,0.0,0.0,0.0,0.0,2.055480480194092,False,True,25.0,1.0,1.0,1.0,,,,,,,,,,,,,,
576,2.4444775581359863,-6.704937934875488,0.3283734917640686,0.32954806089401245,0.018090467900037766,1.769162654876709,1.7677686214447021,3.3905524503617765e-17,0.11618619412183762,0.6885071396827698,0.10124406218528748,0.033399198204278946,3.3905524503617765e-17,0.6885071396827698,0.10124406218528748,0.033399198204278946,0.0001,0.25,1.0,0.25,0.0,0.0,0.0,0.0,0.0,2.033266067504883,False,True,25.0,1.0,1.0,1.0,,,,,,,,,,,,,,
577,2.4236297607421875,-6.706533908843994,0.31701672077178955,0.3181341290473938,0.018590502440929413,1.7705947160720825,1.7691823244094849,1.1229729549764774e-17,0.11622913181781769,0.6886293888092041,0.10173647850751877,0.032754335552453995,1.1229729549764774e-17,0.6886293888092041,0.10173647850751877,0.032754335552453995,0.0001,0.25,1.0,0.25,0.0,0.0,0.0,0.0,0.0,2.0440735816955566,False,True,25.0,1.0,1.0,1.0,,,,,,,,,,,,,,
578,2.4379138946533203,-6.732203960418701,0.3278665840625763,0.32923758029937744,0.01851554773747921,1.7633635997772217,1.7612249851226807,2.6599752836986118e-17,0.11066526174545288,0.6887298226356506,0.10218942910432816,0.03251519426703453,2.6599752836986118e-17,0.6887298226356506,0.10218942910432816,0.03251519426703453,0.0001,0.25,1.0,0.25,0.0,0.0,0.0,0.0,0.0,2.056802749633789,False,True,25.0,1.0,1.0,1.0,,,,,,,,,,,,,,
579,2.428286552429199,-6.752321720123291,0.3218100368976593,0.3231682777404785,0.018555091693997383,1.7657326459884644,1.763773798942566,8.969163718793312e-17,0.11834226548671722,0.6881284713745117,0.10213057696819305,0.03280888497829437,8.969163718793312e-17,0.6881284713745117,0.10213057696819305,0.03280888497829437,0.0001,0.25,1.0,0.25,0.0,0.0,0.0,0.0,0.0,2.062899589538574,False,True,25.0,1.0,1.0,1.0,,,,,,,,,,,,,,
580,2.4450583457946777,-6.7544331550598145,0.32949119806289673,0.3301626443862915,0.018754443153738976,1.7671842575073242,1.766115665435791,1.467369437576808e-17,0.1209271177649498,0.688658595085144,0.10193482786417007,0.03371359407901764,1.686561811311031e-17,0.6875064373016357,0.10176484286785126,0.025872251018881798,0.0001,0.25,1.0,0.25,0.0,0.0,0.0,0.0,0.0,2.0492258071899414,False,True,25.0,1.0,1.0,1.0,0.7860018014907837,0.7860018014907837,0.2139981985092163,9.114235877990723,0.0,0.9093791842460632,4.005009174346924,-0.0,1.4460068941116333,0.7850998640060425,1.686561811311031e-17,0.7850998640060425,0.044164445251226425,1.1747944355010986
581,2.4272968769073486,-6.760174751281738,0.31797584891319275,0.3185659945011139,0.01814849115908146,1.7729355096817017,1.7722774744033813,5.231823406680314e-16,0.12399505078792572,0.6892285943031311,0.10230282694101334,0.035170212388038635,5.231823406680314e-16,0.6892285943031311,0.10230282694101334,0.035170212388038635,0.0001,0.25,1.0,0.25,0.0,0.0,0.0,0.0,0.0,2.031174659729004,False,True,25.0,1.0,1.0,1.0,,,,,,,,,,,,,,
582,2.4220738410949707,-6.784473896026611,0.31686651706695557,0.3166019320487976,0.017997685819864273,1.7699428796768188,1.7712725400924683,1.7912183236274028e-16,0.11838188767433167,0.688423216342926,0.1016990914940834,0.03305492177605629,1.7912183236274028e-16,0.688423216342926,0.1016990914940834,0.03305492177605629,0.0001,0.25,1.0,0.25,0.0,0.0,0.0,0.0,0.0,2.04923152923584,False,True,25.0,1.0,1.0,1.0,,,,,,,,,,,,,,
583,2.42832088470459,-6.734287738800049,0.32156533002853394,0.32107415795326233,0.017935726791620255,1.767048716545105,1.7684425115585327,1.1017489893834693e-17,0.11671555787324905,0.6891458630561829,0.10187962651252747,0.03297074884176254,1.1017489893834693e-17,0.6891458630561829,0.10187962651252747,0.03297074884176254,0.0001,0.25,1.0,0.25,0.0,0.0,0.0,0.0,0.0,2.026531934738159,False,True,25.0,1.0,1.0,1.0,,,,,,,,,,,,,,
584,2.420477867126465,-6.75630521774292,0.3194182813167572,0.3190482258796692,0.01775488257408142,1.7637553215026855,1.7647578716278076,1.2798932530808495e-17,0.10561557114124298,0.6885991096496582,0.10300865024328232,0.031990617513656616,1.2798932530808495e-17,0.6885991096496582,0.10300865024328232,0.031990617513656616,0.0001,0.25,1.0,0.25,0.0,0.0,0.0,0.0,0.0,2.045229196548462,False,True,25.0,1.0,1.0,1.0,,,,,,,,,,,,,,
585,2.4300875663757324,-6.77728271484375,0.3222862482070923,0.322185218334198,0.017778119072318077,1.7677782773971558,1.767897605895996,2.6105088904512057e-17,0.10520089417695999,0.6892616748809814,0.10212194919586182,0.032085858285427094,2.6105088904512057e-17,0.6892616748809814,0.10212194919586182,0.032085858285427094,0.0001,0.25,1.0,0.25,0.0,0.0,0.0,0.0,0.0,2.011984348297119,False,True,25.0,1.0,1.0,1.0,,,,,,,,,,,,,,
586,2.4339184761047363,-6.803164005279541,0.32336580753326416,0.3239223062992096,0.01759675145149231,1.7691854238510132,1.7688816785812378,9.023230890607738e-17,0.11248631030321121,0.6884744763374329,0.10194309055805206,0.03314724564552307,9.023230890607738e-17,0.6884744763374329,0.10194309055805206,0.03314724564552307,0.0001,0.25,1.0,0.25,0.0,0.0,0.0,0.0,0.0,2.047710657119751,False,True,25.0,1.0,1.0,1.0,,,,,,,,,,,,,,
587,2.4279088973999023,-6.841220378875732,0.32120928168296814,0.3219536244869232,0.018033593893051147,1.7672975063323975,1.7661272287368774,3.1458988949481926e-17,0.11302928626537323,0.6889411211013794,0.102096788585186,0.032753750681877136,3.1458988949481926e-17,0.6889411211013794,0.102096788585186,0.032753750681877136,0.0001,0.25,1.0,0.25,0.0,0.0,0.0,0.0,0.0,2.0266940593719482,False,True,25.0,1.0,1.0,1.0,,,,,,,,,,,,,,
588,2.4334771633148193,-6.830191135406494,0.32422593235969543,0.3250499367713928,0.01805695705115795,1.7666362524032593,1.7656525373458862,2.8616386083165897e-16,0.11094773560762405,0.6884390115737915,0.10167764127254486,0.031460750848054886,2.8616386083165897e-16,0.6884390115737915,0.10167764127254486,0.031460750848054886,0.0001,0.25,1.0,0.25,0.0,0.0,0.0,0.0,0.0,2.055948495864868,False,True,25.0,1.0,1.0,1.0,,,,,,,,,,,,,,
589,2.4309463500976562,-6.8119707107543945,0.3243849277496338,0.325252503156662,0.01781272701919079,1.7641736268997192,1.762818694114685,9.654544398531069e-17,0.11134670674800873,0.6880146265029907,0.10144658386707306,0.03294576331973076,9.654544398531069e-17,0.6880146265029907,0.10144658386707306,0.03294576331973076,0.0001,0.25,1.0,0.25,0.0,0.0,0.0,0.0,0.0,2.0583372116088867,False,True,25.0,1.0,1.0,1.0,,,,,,,,,,,,,,
590,2.4329233169555664,-6.80264139175415,0.3228242099285126,0.32346370816230774,0.018252961337566376,1.7687323093414307,1.7680325508117676,5.393082349815588e-18,0.11056549847126007,0.6882190704345703,0.10158304125070572,0.03241188824176788,1.730569175861983e-17,0.6872690320014954,0.10152778029441833,0.024284156039357185,0.0001,0.25,1.0,0.25,0.0,0.0,0.0,0.0,0.0,2.064479351043701,False,True,25.0,1.0,1.0,1.0,0.7847833633422852,0.7847833633422852,0.21521663665771484,8.958272933959961,0.0,0.9263886213302612,3.9881625175476074,-0.0,1.4154324531555176,0.7851906418800354,1.730569175861983e-17,0.7851906418800354,0.04266752302646637,1.1786876916885376
591,2.423830509185791,-6.837436199188232,0.3192325532436371,0.319745272397995,0.017935587093234062,1.7668286561965942,1.767005443572998,2.6972652474569923e-16,0.113686703145504,0.6882287859916687,0.10193899273872375,0.03125281631946564,2.6972652474569923e-16,0.6882287859916687,0.10193899273872375,0.03125281631946564,0.0001,0.25,1.0,0.25,0.0,0.0,0.0,0.0,0.0,2.047213554382324,False,True,25.0,1.0,1.0,1.0,,,,,,,,,,,,,,
592,2.41998291015625,-6.866891384124756,0.3189042806625366,0.3185514807701111,0.018260598182678223,1.7635904550552368,1.7649426460266113,3.683865070744915e-17,0.11452165991067886,0.6888324618339539,0.10220162570476532,0.03291905298829079,3.683865070744915e-17,0.6888324618339539,0.10220162570476532,0.03291905298829079,0.0001,0.25,1.0,0.25,0.0,0.0,0.0,0.0,0.0,2.025914192199707,False,True,25.0,1.0,1.0,1.0,,,,,,,,,,,,,,
593,2.4402027130126953,-6.897136688232422,0.32783952355384827,0.32764846086502075,0.01818154565989971,1.765995979309082,1.7670700550079346,1.4888095620074884e-16,0.11274311691522598,0.688593327999115,0.10129565745592117,0.03273668885231018,1.4888095620074884e-16,0.688593327999115,0.10129565745592117,0.03273668885231018,0.0001,0.25,1.0,0.25,0.0,0.0,0.0,0.0,0.0,2.0550284385681152,False,True,25.0,1.0,1.0,1.0,,,,,,,,,,,,,,
594,2.426917314529419,-6.875036716461182,0.32131144404411316,0.32076549530029297,0.01759032905101776,1.7667593955993652,1.7677406072616577,5.176996552191319e-17,0.111369788646698,0.687902569770813,0.10126134753227234,0.03228073939681053,5.176996552191319e-17,0.687902569770813,0.10126134753227234,0.03228073939681053,0.0001,0.25,1.0,0.25,0.0,0.0,0.0,0.0,0.0,2.0444045066833496,False,True,25.0,1.0,1.0,1.0,,,,,,,,,,,,,,
595,2.4290239810943604,-6.877623081207275,0.32216379046440125,0.32205864787101746,0.018431587144732475,1.765871524810791,1.7668683528900146,7.262541222586156e-17,0.10655741393566132,0.688652515411377,0.10135867446660995,0.03171294927597046,7.262541222586156e-17,0.688652515411377,0.10135867446660995,0.03171294927597046,0.0001,0.25,1.0,0.25,0.0,0.0,0.0,0.0,0.0,2.052269697189331,False,True,25.0,1.0,1.0,1.0,,,,,,,,,,,,,,
596,2.432276487350464,-6.9041972160339355,0.32260918617248535,0.32319292426109314,0.01809311844408512,1.7685116529464722,1.768250823020935,1.0850712415242771e-16,0.10960236191749573,0.6884397268295288,0.10142914205789566,0.032425329089164734,1.0850712415242771e-16,0.6884397268295288,0.10142914205789566,0.032425329089164734,0.0001,0.25,1.0,0.25,0.0,0.0,0.0,0.0,0.0,2.050388813018799,False,True,25.0,1.0,1.0,1.0,,,,,,,,,,,,,,
597,2.4292683601379395,-6.872189521789551,0.3196067214012146,0.3203206956386566,0.018286773934960365,1.7717212438583374,1.7703874111175537,1.3001775745852219e-16,0.10715733468532562,0.6884610056877136,0.10216226428747177,0.032564181834459305,1.3001775745852219e-16,0.6884610056877136,0.10216226428747177,0.032564181834459305,0.0001,0.25,1.0,0.25,0.0,0.0,0.0,0.0,0.0,2.0612237453460693,False,True,25.0,1.0,1.0,1.0,,,,,,,,,,,,,,
598,2.4281859397888184,-6.8938093185424805,0.32055237889289856,0.3216639757156372,0.018343478441238403,1.7685829401016235,1.7666690349578857,3.0869195937841817e-17,0.1083991602063179,0.6886107921600342,0.10180173814296722,0.0323244109749794,3.0869195937841817e-17,0.6886107921600342,0.10180173814296722,0.0323244109749794,0.0001,0.25,1.0,0.25,0.0,0.0,0.0,0.0,0.0,2.0416600704193115,False,True,25.0,1.0,1.0,1.0,,,,,,,,,,,,,,
599,2.434990644454956,-6.903928279876709,0.32582005858421326,0.32636353373527527,0.018364090472459793,1.7651383876800537,1.7637475728988647,5.886870380739017e-17,0.11089479923248291,0.688639223575592,0.10164863616228104,0.03217092528939247,5.886870380739017e-17,0.688639223575592,0.10164863616228104,0.03217092528939247,0.0001,0.25,1.0,0.25,0.0,0.0,0.0,0.0,0.0,2.061300277709961,False,True,25.0,1.0,1.0,1.0,,,,,,,,,,,,,,
600,2.444693088531494,-6.926067352294922,0.32778701186180115,0.3285575211048126,0.018276561051607132,1.7705063819885254,1.7696375846862793,4.828825975328154e-17,0.11085547506809235,0.6878126859664917,0.10148770362138748,0.03182084858417511,1.958605374501786e-17,0.6871477365493774,0.10174459964036942,0.02415388450026512,0.0001,0.25,1.0,0.25,0.0,0.0,0.0,0.0,0.0,2.0454261302948,False,True,25.0,1.0,1.0,1.0,0.7863610982894897,0.7863610982894897,0.21363890171051025,8.961260795593262,0.0,0.9249471426010132,3.989776134490967,-0.0,1.4253318309783936,0.7851317524909973,1.958605374501786e-17,0.7851317524909973,0.04187731444835663,1.1857168674468994
601,2.425938367843628,-6.896353244781494,0.3226010501384735,0.32325708866119385,0.017313312739133835,1.7630956172943115,1.7624379396438599,2.1169885186303868e-16,0.10445424169301987,0.6885844469070435,0.10148177295923233,0.031688641756772995,2.1169885186303868e-16,0.6885844469070435,0.10148177295923233,0.031688641756772995,0.0001,0.25,1.0,0.25,0.0,0.0,0.0,0.0,0.0,2.0544655323028564,False,True,25.0,1.0,1.0,1.0,,,,,,,,,,,,,,
602,2.423165798187256,-6.926711082458496,0.3168032765388489,0.3176588714122772,0.017957624047994614,1.7713676691055298,1.7701243162155151,2.5065565734760746e-16,0.10168477892875671,0.6882022619247437,0.10232200473546982,0.03123297728598118,2.5065565734760746e-16,0.6882022619247437,0.10232200473546982,0.03123297728598118,0.0001,0.25,1.0,0.25,0.0,0.0,0.0,0.0,0.0,2.0380654335021973,False,True,25.0,1.0,1.0,1.0,,,,,,,,,,,,,,
603,2.4327163696289062,-6.960890769958496,0.31940969824790955,0.3194963335990906,0.017663221806287766,1.7757315635681152,1.7765628099441528,2.607644926472751e-16,0.10994318127632141,0.6886365413665771,0.10252626985311508,0.03215522691607475,2.607644926472751e-16,0.6886365413665771,0.10252626985311508,0.03215522691607475,0.0001,0.25,1.0,0.25,0.0,0.0,0.0,0.0,0.0,2.046865463256836,False,True,25.0,1.0,1.0,1.0,,,,,,,,,,,,,,
604,2.4260497093200684,-6.981762886047363,0.32000190019607544,0.32086652517318726,0.018062958493828773,1.7676527500152588,1.7665842771530151,2.2508836488143043e-16,0.1061733290553093,0.688416600227356,0.10257848352193832,0.03187781944870949,2.2508836488143043e-16,0.688416600227356,0.10257848352193832,0.03187781944870949,0.0001,0.25,1.0,0.25,0.0,0.0,0.0,0.0,0.0,2.0444133281707764,False,True,25.0,1.0,1.0,1.0,,,,,,,,,,,,,,
605,2.445547342300415,-6.961343288421631,0.3291690945625305,0.3293186128139496,0.018190376460552216,1.7688509225845337,1.7688876390457153,4.580920276618257e-17,0.10224714130163193,0.6879043579101562,0.10280508548021317,0.031328294426202774,4.580920276618257e-17,0.6879043579101562,0.10280508548021317,0.031328294426202774,0.0001,0.25,1.0,0.25,0.0,0.0,0.0,0.0,0.0,2.0560224056243896,False,True,25.0,1.0,1.0,1.0,,,,,,,,,,,,,,
606,2.432220935821533,-6.936037540435791,0.32628339529037476,0.32690107822418213,0.018220555037260056,1.7611441612243652,1.7604877948760986,5.0367973792974616e-17,0.10171675682067871,0.6882667541503906,0.1021689772605896,0.03110421821475029,5.0367973792974616e-17,0.6882667541503906,0.1021689772605896,0.03110421821475029,0.0001,0.25,1.0,0.25,0.0,0.0,0.0,0.0,0.0,2.0606138706207275,False,True,25.0,1.0,1.0,1.0,,,,,,,,,,,,,,
607,2.439523696899414,-6.997159957885742,0.3298362195491791,0.33007797598838806,0.01780453883111477,1.7617653608322144,1.761844515800476,2.2405096127928073e-16,0.10089991241693497,0.6890166401863098,0.1023467481136322,0.031130241230130196,2.2405096127928073e-16,0.6890166401863098,0.1023467481136322,0.031130241230130196,0.0001,0.25,1.0,0.25,0.0,0.0,0.0,0.0,0.0,2.034642219543457,False,True,25.0,1.0,1.0,1.0,,,,,,,,,,,,,,
608,2.4284541606903076,-7.026927471160889,0.3235882520675659,0.3241162896156311,0.01767410710453987,1.7630536556243896,1.7630976438522339,2.6375874749837416e-17,0.09734144806861877,0.6881660223007202,0.1023261621594429,0.030017206445336342,2.6375874749837416e-17,0.6881660223007202,0.1023261621594429,0.030017206445336342,0.0001,0.25,1.0,0.25,0.0,0.0,0.0,0.0,0.0,2.0554494857788086,False,True,25.0,1.0,1.0,1.0,,,,,,,,,,,,,,
609,2.429891347885132,-7.0201616287231445,0.32030537724494934,0.32143476605415344,0.017857171595096588,1.7709826231002808,1.7696051597595215,8.85136327339841e-17,0.09646371006965637,0.6879924535751343,0.10234129428863525,0.03000924549996853,8.85136327339841e-17,0.6879924535751343,0.10234129428863525,0.03000924549996853,0.0001,0.25,1.0,0.25,0.0,0.0,0.0,0.0,0.0,2.0794296264648438,False,True,25.0,1.0,1.0,1.0,,,,,,,,,,,,,,
610,2.4370245933532715,-6.9969611167907715,0.32603204250335693,0.32660871744155884,0.017879905179142952,1.7666321992874146,1.7663757801055908,1.3306037921439844e-16,0.09424594789743423,0.6882198452949524,0.10257578641176224,0.030255962163209915,2.9196707576612624e-17,0.6869994401931763,0.10219228267669678,0.02302471734583378,0.0001,0.25,1.0,0.25,0.0,0.0,0.0,0.0,0.0,2.0633747577667236,False,True,25.0,1.0,1.0,1.0,0.7861756682395935,0.7861756682395935,0.2138243317604065,8.9669771194458,0.0,0.9289352297782898,3.983757734298706,-0.0,1.3973593711853027,0.7850485444068909,2.9196707576612624e-17,0.7850485444068909,0.04207092523574829,1.1826939582824707
611,2.4468231201171875,-6.98997163772583,0.32981565594673157,0.33009275794029236,0.017875010147690773,1.7689931392669678,1.7690860033035278,7.823165860594176e-17,0.09474848955869675,0.6881321668624878,0.10183180868625641,0.029839524999260902,7.823165860594176e-17,0.6881321668624878,0.10183180868625641,0.029839524999260902,0.0001,0.25,1.0,0.25,0.0,0.0,0.0,0.0,0.0,2.0619008541107178,False,True,25.0,1.0,1.0,1.0,,,,,,,,,,,,,,
612,2.434011459350586,-7.053896427154541,0.3261440098285675,0.3267386853694916,0.017415421083569527,1.7639479637145996,1.7634788751602173,1.842996785948568e-16,0.10055705904960632,0.688503623008728,0.10233292728662491,0.030230090022087097,1.842996785948568e-16,0.688503623008728,0.10233292728662491,0.030230090022087097,0.0001,0.25,1.0,0.25,0.0,0.0,0.0,0.0,0.0,2.050201654434204,False,True,25.0,1.0,1.0,1.0,,,,,,,,,,,,,,
613,2.4220848083496094,-7.069544315338135,0.3188975155353546,0.3191843032836914,0.017669832333922386,1.7659393548965454,1.7667269706726074,1.1757448446697067e-17,0.10351449996232986,0.6879743933677673,0.10210644453763962,0.031022071838378906,1.1757448446697067e-17,0.6879743933677673,0.10210644453763962,0.031022071838378906,0.0001,0.25,1.0,0.25,0.0,0.0,0.0,0.0,0.0,2.0497026443481445,False,True,25.0,1.0,1.0,1.0,,,,,,,,,,,,,,
614,2.4417219161987305,-7.032882213592529,0.3308117687702179,0.3313010036945343,0.018061267212033272,1.7616941928863525,1.7614014148712158,3.495584271123514e-16,0.10197558254003525,0.6879699230194092,0.10208819806575775,0.03230823948979378,3.495584271123514e-16,0.6879699230194092,0.10208819806575775,0.03230823948979378,0.0001,0.25,1.0,0.25,0.0,0.0,0.0,0.0,0.0,2.071009635925293,False,True,25.0,1.0,1.0,1.0,,,,,,,,,,,,,,
615,2.433772325515747,-7.055794715881348,0.3241364359855652,0.32451772689819336,0.0181653443723917,1.7669596672058105,1.7669459581375122,3.205494941976923e-17,0.09867875277996063,0.6879945397377014,0.1020398661494255,0.030878445133566856,3.205494941976923e-17,0.6879945397377014,0.1020398661494255,0.030878445133566856,0.0001,0.25,1.0,0.25,0.0,0.0,0.0,0.0,0.0,2.062872886657715,False,True,25.0,1.0,1.0,1.0,,,,,,,,,,,,,,
616,2.4547035694122314,-7.0614542961120605,0.3350595235824585,0.3352726399898529,0.017530355602502823,1.7665263414382935,1.767155647277832,3.2892960142646293e-16,0.09993519634008408,0.6880818009376526,0.10232020169496536,0.03142476826906204,3.2892960142646293e-16,0.6880818009376526,0.10232020169496536,0.03142476826906204,0.0001,0.25,1.0,0.25,0.0,0.0,0.0,0.0,0.0,2.0566465854644775,False,True,25.0,1.0,1.0,1.0,,,,,,,,,,,,,,
617,2.420363187789917,-7.104249000549316,0.3180590271949768,0.3181692957878113,0.017359860241413116,1.7666529417037964,1.7668970823287964,3.3360826731996087e-16,0.0982326939702034,0.6883019804954529,0.10189196467399597,0.029650425538420677,3.3360826731996087e-16,0.6883019804954529,0.10189196467399597,0.029650425538420677,0.0001,0.25,1.0,0.25,0.0,0.0,0.0,0.0,0.0,2.036512851715088,False,True,25.0,1.0,1.0,1.0,,,,,,,,,,,,,,
618,2.437376022338867,-7.105839729309082,0.3240312337875366,0.3242603838443756,0.017392778769135475,1.7717469930648804,1.7716362476348877,4.559104546015028e-16,0.09862835705280304,0.6886002421379089,0.10214696824550629,0.030380945652723312,4.559104546015028e-16,0.6886002421379089,0.10214696824550629,0.030380945652723312,0.0001,0.25,1.0,0.25,0.0,0.0,0.0,0.0,0.0,2.044415235519409,False,True,25.0,1.0,1.0,1.0,,,,,,,,,,,,,,
619,2.4297537803649902,-7.076641082763672,0.3206586241722107,0.32055819034576416,0.017715604975819588,1.7706564664840698,1.7709864377975464,4.3955954234594263e-16,0.09764785319566727,0.6888989210128784,0.10169530659914017,0.030314182862639427,4.3955954234594263e-16,0.6888989210128784,0.10169530659914017,0.030314182862639427,0.0001,0.25,1.0,0.25,0.0,0.0,0.0,0.0,0.0,2.03804874420166,False,True,25.0,1.0,1.0,1.0,,,,,,,,,,,,,,
620,2.418142557144165,-7.068821430206299,0.31841132044792175,0.3186494708061218,0.017629286274313927,1.7636170387268066,1.763287901878357,1.749869086818204e-16,0.09172996878623962,0.6884771585464478,0.10207697004079819,0.029838960617780685,3.8615731035861295e-17,0.6869903802871704,0.10174471884965897,0.022218137979507446,0.0001,0.25,1.0,0.25,0.0,0.0,0.0,0.0,0.0,2.0353004932403564,False,True,25.0,1.0,1.0,1.0,0.7859416007995605,0.7859416007995605,0.21405839920043945,8.982775688171387,0.0,0.9311454892158508,3.9824962615966797,-0.0,1.3929030895233154,0.7850218415260315,3.8615731035861295e-17,0.7850218415260315,0.04286566004157066,1.1705143451690674
621,2.4388067722320557,-7.132321357727051,0.3247595429420471,0.32498881220817566,0.01752919703722,1.7717036008834839,1.7713547945022583,1.2764887100284793e-16,0.09316012263298035,0.6879034638404846,0.10159871727228165,0.029456468299031258,1.2764887100284793e-16,0.6879034638404846,0.10159871727228165,0.029456468299031258,0.0001,0.25,1.0,0.25,0.0,0.0,0.0,0.0,0.0,2.0249950885772705,False,True,25.0,1.0,1.0,1.0,,,,,,,,,,,,,,
622,2.429879665374756,-7.158606052398682,0.3246651291847229,0.32511600852012634,0.01735570654273033,1.7631313800811768,1.7623542547225952,1.0597390007009632e-16,0.08646013587713242,0.6882383823394775,0.10241030901670456,0.029809582978487015,1.0597390007009632e-16,0.6882383823394775,0.10241030901670456,0.029809582978487015,0.0001,0.25,1.0,0.25,0.0,0.0,0.0,0.0,0.0,2.040832042694092,False,True,25.0,1.0,1.0,1.0,,,,,,,,,,,,,,
623,2.4505972862243652,-7.160344123840332,0.3339756429195404,0.33466702699661255,0.018053600564599037,1.7644658088684082,1.7633363008499146,6.8004581973612725e-18,0.09089705348014832,0.6880202293395996,0.1018621101975441,0.029120178893208504,6.8004581973612725e-18,0.6880202293395996,0.1018621101975441,0.029120178893208504,0.0001,0.25,1.0,0.25,0.0,0.0,0.0,0.0,0.0,2.0507988929748535,False,True,25.0,1.0,1.0,1.0,,,,,,,,,,,,,,
624,2.4229419231414795,-7.152633190155029,0.32143521308898926,0.32210251688957214,0.01745832897722721,1.7624239921569824,1.761467695236206,3.061408152552964e-16,0.09437070786952972,0.6883612871170044,0.10167180001735687,0.029710829257965088,3.061408152552964e-16,0.6883612871170044,0.10167180001735687,0.029710829257965088,0.0001,0.25,1.0,0.25,0.0,0.0,0.0,0.0,0.0,2.03814697265625,False,True,25.0,1.0,1.0,1.0,,,,,,,,,,,,,,
625,2.4412622451782227,-7.120565891265869,0.3306014835834503,0.3302813470363617,0.017475290223956108,1.7626953125,1.7631129026412964,6.170785898491308e-16,0.09328718483448029,0.6883423328399658,0.10266769677400589,0.029290081933140755,6.170785898491308e-16,0.6883423328399658,0.10266769677400589,0.029290081933140755,0.0001,0.25,1.0,0.25,0.0,0.0,0.0,0.0,0.0,2.0526411533355713,False,True,25.0,1.0,1.0,1.0,,,,,,,,,,,,,,
626,2.4372947216033936,-7.103971481323242,0.3271893560886383,0.3271595537662506,0.017338762059807777,1.7652215957641602,1.765992522239685,1.4430564156170573e-16,0.08725555986166,0.6882935166358948,0.1019749864935875,0.029096640646457672,1.4430564156170573e-16,0.6882935166358948,0.1019749864935875,0.029096640646457672,0.0001,0.25,1.0,0.25,0.0,0.0,0.0,0.0,0.0,2.0352025032043457,False,True,25.0,1.0,1.0,1.0,,,,,,,,,,,,,,
627,2.450620174407959,-7.119948387145996,0.3317866325378418,0.3315463364124298,0.017557412385940552,1.7692703008651733,1.770189642906189,7.193208267130942e-17,0.087986521422863,0.6879676580429077,0.1024448424577713,0.029412483796477318,7.193208267130942e-17,0.6879676580429077,0.1024448424577713,0.029412483796477318,0.0001,0.25,1.0,0.25,0.0,0.0,0.0,0.0,0.0,2.0575666427612305,False,True,25.0,1.0,1.0,1.0,,,,,,,,,,,,,,
628,2.4385509490966797,-7.191806316375732,0.32257509231567383,0.32242146134376526,0.017499355599284172,1.77569580078125,1.776414394378662,5.560521821051736e-17,0.09365968406200409,0.6880228519439697,0.1021835058927536,0.029954155907034874,5.560521821051736e-17,0.6880228519439697,0.1021835058927536,0.029954155907034874,0.0001,0.25,1.0,0.25,0.0,0.0,0.0,0.0,0.0,2.024712324142456,False,True,25.0,1.0,1.0,1.0,,,,,,,,,,,,,,
629,2.4297549724578857,-7.234310150146484,0.3248758912086487,0.32532480359077454,0.018263543024659157,1.7611523866653442,1.7614291906356812,4.571913272364289e-16,0.09394603967666626,0.6878781914710999,0.10264669358730316,0.029397526755928993,4.571913272364289e-16,0.6878781914710999,0.10264669358730316,0.029397526755928993,0.0001,0.25,1.0,0.25,0.0,0.0,0.0,0.0,0.0,2.0664758682250977,False,True,25.0,1.0,1.0,1.0,,,,,,,,,,,,,,
630,2.4432079792022705,-7.15845251083374,0.32999011874198914,0.33174610137939453,0.01800730638206005,1.7646466493606567,1.762282371520996,4.760876396729373e-17,0.08712945133447647,0.6879492998123169,0.10239998996257782,0.029460985213518143,3.417503542775694e-17,0.6869421601295471,0.1022135317325592,0.0218097735196352,0.0001,0.25,1.0,0.25,0.0,0.0,0.0,0.0,0.0,2.0376951694488525,False,True,25.0,1.0,1.0,1.0,0.7845232486724854,0.7845232486724854,0.21547675132751465,9.047804832458496,0.0,0.9299442768096924,3.982468605041504,-0.0,1.3897593021392822,0.7850178480148315,3.417503542775694e-17,0.7850178480148315,0.042446307837963104,1.169228196144104
631,2.430896520614624,-7.134191036224365,0.32594412565231323,0.32724523544311523,0.01725650578737259,1.7612091302871704,1.7596920728683472,1.074040887317556e-16,0.08456104248762131,0.6878423690795898,0.102711021900177,0.029025409370660782,1.074040887317556e-16,0.6878423690795898,0.102711021900177,0.029025409370660782,0.0001,0.25,1.0,0.25,0.0,0.0,0.0,0.0,0.0,2.051435708999634,False,True,25.0,1.0,1.0,1.0,,,,,,,,,,,,,,
632,2.4537692070007324,-7.1713361740112305,0.332316517829895,0.33386266231536865,0.017478231340646744,1.7712180614471436,1.7690054178237915,2.200764603446149e-15,0.08719289302825928,0.6879918575286865,0.10221026837825775,0.028962811455130577,2.200764603446149e-15,0.6879918575286865,0.10221026837825775,0.028962811455130577,0.0001,0.25,1.0,0.25,0.0,0.0,0.0,0.0,0.0,2.053865432739258,False,True,25.0,1.0,1.0,1.0,,,,,,,,,,,,,,
633,2.4416213035583496,-7.260083198547363,0.3261229395866394,0.3272739350795746,0.017548825591802597,1.7711007595062256,1.7702507972717285,1.6565115638264482e-17,0.09500294178724289,0.6879459023475647,0.10263195633888245,0.028866378590464592,1.6565115638264482e-17,0.6879459023475647,0.10263195633888245,0.028866378590464592,0.0001,0.25,1.0,0.25,0.0,0.0,0.0,0.0,0.0,2.0332870483398438,False,True,25.0,1.0,1.0,1.0,,,,,,,,,,,,,,
634,2.4353671073913574,-7.277174949645996,0.3294999301433563,0.3297319710254669,0.017757080495357513,1.7580033540725708,1.7587528228759766,4.672685840890318e-16,0.09250841289758682,0.68757563829422,0.1023024171590805,0.029566152021288872,4.672685840890318e-16,0.68757563829422,0.1023024171590805,0.029566152021288872,0.0001,0.25,1.0,0.25,0.0,0.0,0.0,0.0,0.0,2.039486885070801,False,True,25.0,1.0,1.0,1.0,,,,,,,,,,,,,,
635,2.444732904434204,-7.181071758270264,0.33195123076438904,0.3320278227329254,0.017879845574498177,1.7626545429229736,1.7630934715270996,1.4368858467707588e-17,0.09046029299497604,0.6878629922866821,0.10211966931819916,0.028701622039079666,1.4368858467707588e-17,0.6878629922866821,0.10211966931819916,0.028701622039079666,0.0001,0.25,1.0,0.25,0.0,0.0,0.0,0.0,0.0,2.0269954204559326,False,True,25.0,1.0,1.0,1.0,,,,,,,,,,,,,,
636,2.460773468017578,-7.151992321014404,0.3359253406524658,0.33598408102989197,0.01760054938495159,1.7709370851516724,1.7715896368026733,9.23746815462991e-16,0.08521858602762222,0.6880680322647095,0.10200962424278259,0.02803374081850052,9.23746815462991e-16,0.6880680322647095,0.10200962424278259,0.02803374081850052,0.0001,0.25,1.0,0.25,0.0,0.0,0.0,0.0,0.0,2.0132482051849365,False,True,25.0,1.0,1.0,1.0,,,,,,,,,,,,,,
637,2.437481164932251,-7.206916332244873,0.3230675160884857,0.3232247531414032,0.01782551407814026,1.7733607292175293,1.77336585521698,3.9261271477459344e-16,0.08874545991420746,0.6879736185073853,0.10215657949447632,0.028678851202130318,3.9261271477459344e-16,0.6879736185073853,0.10215657949447632,0.028678851202130318,0.0001,0.25,1.0,0.25,0.0,0.0,0.0,0.0,0.0,2.023167610168457,False,True,25.0,1.0,1.0,1.0,,,,,,,,,,,,,,
638,2.4262163639068604,-7.280084133148193,0.316280722618103,0.3164137899875641,0.017725547775626183,1.7758089303970337,1.7757840156555176,4.964014749815656e-17,0.09329143166542053,0.6878948211669922,0.10204955190420151,0.028847256675362587,4.964014749815656e-17,0.6878948211669922,0.10204955190420151,0.028847256675362587,0.0001,0.25,1.0,0.25,0.0,0.0,0.0,0.0,0.0,2.0260956287384033,False,True,25.0,1.0,1.0,1.0,,,,,,,,,,,,,,
639,2.4403815269470215,-7.301851749420166,0.3290233910083771,0.32993629574775696,0.017822591587901115,1.7643418312072754,1.7628568410873413,1.3926943512023788e-16,0.09030857682228088,0.6880612969398499,0.10204244405031204,0.02978317253291607,1.3926943512023788e-16,0.6880612969398499,0.10204244405031204,0.02978317253291607,0.0001,0.25,1.0,0.25,0.0,0.0,0.0,0.0,0.0,2.015608549118042,False,True,25.0,1.0,1.0,1.0,,,,,,,,,,,,,,
640,2.4329183101654053,-7.266811370849609,0.32292425632476807,0.3240490257740021,0.017711708322167397,1.7692334651947021,1.7672333717346191,8.751405709386318e-16,0.08510684967041016,0.6877633333206177,0.10149574279785156,0.028219839558005333,3.087955335246459e-17,0.6868130564689636,0.10153301060199738,0.021370530128479004,0.0001,0.25,1.0,0.25,0.0,0.0,0.0,0.0,0.0,2.0410006046295166,False,True,25.0,1.0,1.0,1.0,0.7847227454185486,0.7847227454185486,0.21527725458145142,9.031377792358398,0.0,0.9326830506324768,3.980085849761963,-0.0,1.3833048343658447,0.78505939245224,3.087955335246459e-17,0.78505939245224,0.04166318476200104,1.1657514572143555
641,2.4523115158081055,-7.228740692138672,0.33212006092071533,0.3327180743217468,0.017606891691684723,1.770437479019165,1.769295573234558,9.897486020948913e-17,0.0804145410656929,0.6879445910453796,0.101236991584301,0.028359131887555122,9.897486020948913e-17,0.6879445910453796,0.101236991584301,0.028359131887555122,0.0001,0.25,1.0,0.25,0.0,0.0,0.0,0.0,0.0,2.0138096809387207,False,True,25.0,1.0,1.0,1.0,,,,,,,,,,,,,,
642,2.4447152614593506,-7.298675060272217,0.3280574679374695,0.32810625433921814,0.017461933195590973,1.7710230350494385,1.7711563110351562,4.222267865556167e-16,0.08005284518003464,0.6885635256767273,0.10174860805273056,0.027010876685380936,4.222267865556167e-16,0.6885635256767273,0.10174860805273056,0.027010876685380936,0.0001,0.25,1.0,0.25,0.0,0.0,0.0,0.0,0.0,2.0211575031280518,False,True,25.0,1.0,1.0,1.0,,,,,,,,,,,,,,
643,2.433121919631958,-7.341153621673584,0.3228084444999695,0.3228636384010315,0.01809718832373619,1.7694025039672852,1.7693027257919312,1.0038186134421733e-16,0.08068849891424179,0.6885225176811218,0.10200944542884827,0.028476234525442123,1.0038186134421733e-16,0.6885225176811218,0.10200944542884827,0.028476234525442123,0.0001,0.25,1.0,0.25,0.0,0.0,0.0,0.0,0.0,2.0286519527435303,False,True,25.0,1.0,1.0,1.0,,,,,,,,,,,,,,
644,2.4477126598358154,-7.312070369720459,0.3341110944747925,0.333877831697464,0.01745065301656723,1.7619727849960327,1.762573480606079,1.4108520906135508e-16,0.0807967483997345,0.6879098415374756,0.10157038271427155,0.02768171764910221,1.4108520906135508e-16,0.6879098415374756,0.10157038271427155,0.02768171764910221,0.0001,0.25,1.0,0.25,0.0,0.0,0.0,0.0,0.0,2.020981550216675,False,True,25.0,1.0,1.0,1.0,,,,,,,,,,,,,,
645,2.440420389175415,-7.259520053863525,0.33334922790527344,0.3333420753479004,0.016840165480971336,1.7566502094268799,1.7571274042129517,6.464062453799739e-17,0.079228475689888,0.6874688267707825,0.1020999401807785,0.027513183653354645,6.464062453799739e-17,0.6874688267707825,0.1020999401807785,0.027513183653354645,0.0001,0.25,1.0,0.25,0.0,0.0,0.0,0.0,0.0,2.049273729324341,False,True,25.0,1.0,1.0,1.0,,,,,,,,,,,,,,
646,2.4598727226257324,-7.304654598236084,0.3363719582557678,0.3367164433002472,0.01708124205470085,1.7692455053329468,1.7701606750488281,1.022886833862305e-15,0.08504751324653625,0.6876879334449768,0.10202264785766602,0.028144633397459984,1.022886833862305e-15,0.6876879334449768,0.10202264785766602,0.028144633397459984,0.0001,0.25,1.0,0.25,0.0,0.0,0.0,0.0,0.0,2.0235583782196045,False,True,25.0,1.0,1.0,1.0,,,,,,,,,,,,,,
647,2.4448654651641846,-7.38653039932251,0.32872724533081055,0.3287345767021179,0.0174589641392231,1.769534945487976,1.7703545093536377,3.310052556637096e-16,0.08409640192985535,0.6880273818969727,0.10280456393957138,0.028022773563861847,3.310052556637096e-16,0.6880273818969727,0.10280456393957138,0.028022773563861847,0.0001,0.25,1.0,0.25,0.0,0.0,0.0,0.0,0.0,2.0302934646606445,False,True,25.0,1.0,1.0,1.0,,,,,,,,,,,,,,
648,2.461782693862915,-7.39893102645874,0.33950912952423096,0.3400111496448517,0.017215128988027573,1.7652188539505005,1.7648757696151733,2.1691304110254834e-16,0.08257472515106201,0.6884398460388184,0.10180152207612991,0.0275582242757082,2.1691304110254834e-16,0.6884398460388184,0.10180152207612991,0.0275582242757082,0.0001,0.25,1.0,0.25,0.0,0.0,0.0,0.0,0.0,2.0167136192321777,False,True,25.0,1.0,1.0,1.0,,,,,,,,,,,,,,
649,2.4392199516296387,-7.311517715454102,0.33181533217430115,0.3323892652988434,0.017328597605228424,1.7578380107879639,1.7575352191925049,3.1566155160921847e-17,0.07460807263851166,0.6877003312110901,0.1027522161602974,0.02672397345304489,3.1566155160921847e-17,0.6877003312110901,0.1027522161602974,0.02672397345304489,0.0001,0.25,1.0,0.25,0.0,0.0,0.0,0.0,0.0,2.051151752471924,False,True,25.0,1.0,1.0,1.0,,,,,,,,,,,,,,
650,2.445507287979126,-7.278225898742676,0.3333018124103546,0.333773672580719,0.017726609483361244,1.7608096599578857,1.7606006860733032,3.584957893761867e-16,0.07512179762125015,0.6878180503845215,0.10244132578372955,0.027316322550177574,3.6991819077183996e-17,0.6865957379341125,0.10224390029907227,0.020124051719903946,0.0001,0.25,1.0,0.25,0.0,0.0,0.0,0.0,0.0,2.0924060344696045,False,True,25.0,1.0,1.0,1.0,0.7852770090103149,0.7852770090103149,0.21472299098968506,8.910505294799805,0.0,0.9391216039657593,3.9674525260925293,-0.0,1.4028997421264648,0.7851515412330627,3.6991819077183996e-17,0.7851515412330627,0.040161922574043274,1.1829171180725098
651,2.448096990585327,-7.378335952758789,0.328914076089859,0.3292905390262604,0.01726936362683773,1.7727532386779785,1.7724926471710205,1.6963528834661873e-17,0.08069111406803131,0.6876546740531921,0.10211244970560074,0.026853391900658607,1.6963528834661873e-17,0.6876546740531921,0.10211244970560074,0.026853391900658607,0.0001,0.25,1.0,0.25,0.0,0.0,0.0,0.0,0.0,2.0592024326324463,False,True,25.0,1.0,1.0,1.0,,,,,,,,,,,,,,
652,2.4594428539276123,-7.43779182434082,0.3356342315673828,0.3367467224597931,0.01761537231504917,1.7702510356903076,1.7686423063278198,2.4229701711009382e-17,0.0787416473031044,0.6871402263641357,0.10200805962085724,0.026737190783023834,2.4229701711009382e-17,0.6871402263641357,0.10200805962085724,0.026737190783023834,0.0001,0.25,1.0,0.25,0.0,0.0,0.0,0.0,0.0,2.062695026397705,False,True,25.0,1.0,1.0,1.0,,,,,,,,,,,,,,
653,2.457533836364746,-7.393231391906738,0.3356305658817291,0.33680403232574463,0.017762497067451477,1.7680978775024414,1.766575813293457,3.9313094011963546e-16,0.07942081987857819,0.6878466010093689,0.1026199534535408,0.027725636959075928,3.9313094011963546e-16,0.6878466010093689,0.1026199534535408,0.027725636959075928,0.0001,0.25,1.0,0.25,0.0,0.0,0.0,0.0,0.0,2.065002918243408,False,True,25.0,1.0,1.0,1.0,,,,,,,,,,,,,,
654,2.4429643154144287,-7.341304302215576,0.3283286392688751,0.3298150599002838,0.017470091581344604,1.7680648565292358,1.7666362524032593,8.165061974726106e-16,0.07726135104894638,0.6877105832099915,0.10309696197509766,0.027760488912463188,8.165061974726106e-16,0.6877105832099915,0.10309696197509766,0.027760488912463188,0.0001,0.25,1.0,0.25,0.0,0.0,0.0,0.0,0.0,2.0610599517822266,False,True,25.0,1.0,1.0,1.0,,,,,,,,,,,,,,
655,2.448164939880371,-7.336838245391846,0.33372050523757935,0.3342403173446655,0.017163362354040146,1.7634028196334839,1.7626785039901733,1.3778450960134025e-15,0.07601021975278854,0.6875942945480347,0.1020834892988205,0.0275726355612278,1.3778450960134025e-15,0.6875942945480347,0.1020834892988205,0.0275726355612278,0.0001,0.25,1.0,0.25,0.0,0.0,0.0,0.0,0.0,2.078655242919922,False,True,25.0,1.0,1.0,1.0,,,,,,,,,,,,,,
656,2.4566521644592285,-7.417389392852783,0.33661210536956787,0.3372349739074707,0.01696576550602913,1.7659417390823364,1.7657371759414673,3.451487206493863e-16,0.08329414576292038,0.6884810328483582,0.10235759615898132,0.028281748294830322,3.451487206493863e-16,0.6884810328483582,0.10235759615898132,0.028281748294830322,0.0001,0.25,1.0,0.25,0.0,0.0,0.0,0.0,0.0,2.02931547164917,False,True,25.0,1.0,1.0,1.0,,,,,,,,,,,,,,
657,2.4420394897460938,-7.4675774574279785,0.32910168170928955,0.3286896049976349,0.017275480553507805,1.7665964365005493,1.7673492431640625,1.0282995861534967e-16,0.08206260949373245,0.6877972483634949,0.10222110897302628,0.02792586386203766,1.0282995861534967e-16,0.6877972483634949,0.10222110897302628,0.02792586386203766,0.0001,0.25,1.0,0.25,0.0,0.0,0.0,0.0,0.0,2.052624225616455,False,True,25.0,1.0,1.0,1.0,,,,,,,,,,,,,,
658,2.4596285820007324,-7.440031051635742,0.3384058475494385,0.33885136246681213,0.01731349527835846,1.7655390501022339,1.7645769119262695,1.3200750137909358e-15,0.07928095757961273,0.6872960925102234,0.10190919041633606,0.027645057067275047,1.3200750137909358e-15,0.6872960925102234,0.10190919041633606,0.027645057067275047,0.0001,0.25,1.0,0.25,0.0,0.0,0.0,0.0,0.0,2.0834686756134033,False,True,25.0,1.0,1.0,1.0,,,,,,,,,,,,,,
659,2.44690203666687,-7.399277687072754,0.3277919292449951,0.32807591557502747,0.01692011021077633,1.7740055322647095,1.774222731590271,3.9968860964027415e-17,0.07869672030210495,0.6872358918190002,0.101955346763134,0.027073070406913757,3.9968860964027415e-17,0.6872358918190002,0.101955346763134,0.027073070406913757,0.0001,0.25,1.0,0.25,0.0,0.0,0.0,0.0,0.0,2.0898702144622803,False,True,25.0,1.0,1.0,1.0,,,,,,,,,,,,,,
660,2.4357616901397705,-7.437817573547363,0.3190799653530121,0.31948772072792053,0.017201025038957596,1.780122995376587,1.779862880706787,5.723931020189341e-18,0.0768965408205986,0.688153862953186,0.10254466533660889,0.02656865119934082,4.879703761265979e-17,0.6866548657417297,0.10210714489221573,0.020015502348542213,0.0001,0.25,1.0,0.25,0.0,0.0,0.0,0.0,0.0,2.080390453338623,False,True,25.0,1.0,1.0,1.0,0.785264253616333,0.785264253616333,0.214735746383667,8.874618530273438,0.0,0.9409955739974976,3.9625296592712402,-0.0,1.4016298055648804,0.7851054072380066,4.879703761265979e-17,0.7851054072380066,0.04057455435395241,1.179856538772583
661,2.438335657119751,-7.465729236602783,0.325499564409256,0.32588016986846924,0.017412584275007248,1.769883394241333,1.7692031860351562,1.806370154867006e-16,0.07140309363603592,0.6877734661102295,0.10213986039161682,0.026889599859714508,1.806370154867006e-16,0.6877734661102295,0.10213986039161682,0.026889599859714508,0.0001,0.25,1.0,0.25,0.0,0.0,0.0,0.0,0.0,2.043045997619629,False,True,25.0,1.0,1.0,1.0,,,,,,,,,,,,,,
662,2.451390027999878,-7.4842658042907715,0.3340643346309662,0.3350622057914734,0.017179250717163086,1.7656677961349487,1.7645007371902466,7.269982539376683e-17,0.0722893625497818,0.688036322593689,0.10209770500659943,0.02694881148636341,7.269982539376683e-17,0.688036322593689,0.10209770500659943,0.02694881148636341,0.0001,0.25,1.0,0.25,0.0,0.0,0.0,0.0,0.0,2.0474023818969727,False,True,25.0,1.0,1.0,1.0,,,,,,,,,,,,,,
663,2.4543488025665283,-7.4976701736450195,0.3334614038467407,0.3338397145271301,0.017394069582223892,1.7699226140975952,1.769384741783142,1.6615117713676577e-15,0.07299260795116425,0.687478244304657,0.10254483669996262,0.026281969621777534,1.6615117713676577e-15,0.687478244304657,0.10254483669996262,0.026281969621777534,0.0001,0.25,1.0,0.25,0.0,0.0,0.0,0.0,0.0,2.091604471206665,False,True,25.0,1.0,1.0,1.0,,,,,,,,,,,,,,
664,2.451570510864258,-7.516169548034668,0.33735591173171997,0.3376811146736145,0.017182424664497375,1.7593380212783813,1.759364128112793,8.571179862221061e-16,0.07014530152082443,0.6878509521484375,0.10294872522354126,0.026216786354780197,8.571179862221061e-16,0.6878509521484375,0.10294872522354126,0.026216786354780197,0.0001,0.25,1.0,0.25,0.0,0.0,0.0,0.0,0.0,2.039926052093506,False,True,25.0,1.0,1.0,1.0,,,,,,,,,,,,,,
665,2.460071325302124,-7.515109062194824,0.3421185612678528,0.3423703908920288,0.016971908509731293,1.7585225105285645,1.7586983442306519,5.924635477041248e-17,0.06926316022872925,0.6877164244651794,0.10187988728284836,0.02637616917490959,5.924635477041248e-17,0.6877164244651794,0.10187988728284836,0.02637616917490959,0.0001,0.25,1.0,0.25,0.0,0.0,0.0,0.0,0.0,2.0265588760375977,False,True,25.0,1.0,1.0,1.0,,,,,,,,,,,,,,
666,2.4566452503204346,-7.490873336791992,0.33479979634284973,0.33515405654907227,0.01695157214999199,1.7696915864944458,1.7697882652282715,2.0415214564502748e-16,0.07167603820562363,0.688024640083313,0.10264448821544647,0.026556402444839478,2.0415214564502748e-16,0.688024640083313,0.10264448821544647,0.026556402444839478,0.0001,0.25,1.0,0.25,0.0,0.0,0.0,0.0,0.0,2.0334246158599854,False,True,25.0,1.0,1.0,1.0,,,,,,,,,,,,,,
667,2.436216354370117,-7.4760212898254395,0.3263495862483978,0.3265254497528076,0.01685609109699726,1.7663851976394653,1.7665849924087524,1.0210905946185338e-15,0.071329765021801,0.6881036162376404,0.10279946029186249,0.02634875290095806,1.0210905946185338e-15,0.6881036162376404,0.10279946029186249,0.02634875290095806,0.0001,0.25,1.0,0.25,0.0,0.0,0.0,0.0,0.0,2.052372694015503,False,True,25.0,1.0,1.0,1.0,,,,,,,,,,,,,,
668,2.462585210800171,-7.533954620361328,0.33861851692199707,0.339278906583786,0.01711825095117092,1.767733097076416,1.7674058675765991,7.189147670591143e-16,0.07081207633018494,0.6875548362731934,0.10263161361217499,0.025244925171136856,7.189147670591143e-16,0.6875548362731934,0.10263161361217499,0.025244925171136856,0.0001,0.25,1.0,0.25,0.0,0.0,0.0,0.0,0.0,2.0448591709136963,False,True,25.0,1.0,1.0,1.0,,,,,,,,,,,,,,
669,2.4494376182556152,-7.494998931884766,0.33338043093681335,0.3337215781211853,0.017154071480035782,1.7650340795516968,1.7653290033340454,1.3890522418780833e-16,0.07221001386642456,0.6880069375038147,0.10233839601278305,0.025852974504232407,1.3890522418780833e-16,0.6880069375038147,0.10233839601278305,0.025852974504232407,0.0001,0.25,1.0,0.25,0.0,0.0,0.0,0.0,0.0,2.031303882598877,False,True,25.0,1.0,1.0,1.0,,,,,,,,,,,,,,
670,2.444836378097534,-7.536001682281494,0.33044523000717163,0.3307092785835266,0.016886385157704353,1.7665261030197144,1.7670649290084839,6.22230138355213e-16,0.07388819754123688,0.687682032585144,0.10228811949491501,0.027049748227000237,1.2698149757525895e-16,0.6869136095046997,0.10219190269708633,0.019520338624715805,0.0001,0.25,1.0,0.25,0.0,0.0,0.0,0.0,0.0,2.045758008956909,False,True,25.0,1.0,1.0,1.0,0.7858174443244934,0.7858174443244934,0.2141825556755066,8.951984405517578,0.0,0.9325869083404541,3.9755659103393555,-0.0,1.4004533290863037,0.7853580117225647,1.2698149757525895e-16,0.7853580117225647,0.0408133789896965,1.1704953908920288
671,2.4405438899993896,-7.532834053039551,0.33004942536354065,0.32997360825538635,0.017127474769949913,1.7628412246704102,1.7639455795288086,1.2478572758756098e-16,0.07040706276893616,0.6883400678634644,0.10249349474906921,0.02676357515156269,1.2478572758756098e-16,0.6883400678634644,0.10249349474906921,0.02676357515156269,0.0001,0.25,1.0,0.25,0.0,0.0,0.0,0.0,0.0,2.037743091583252,False,True,25.0,1.0,1.0,1.0,,,,,,,,,,,,,,
672,2.4420080184936523,-7.571894645690918,0.329557329416275,0.3290461301803589,0.017242230474948883,1.7657122611999512,1.7666124105453491,1.6643911539927303e-16,0.07429952919483185,0.6883386373519897,0.10242247581481934,0.0267333984375,1.6643911539927303e-16,0.6883386373519897,0.10242247581481934,0.0267333984375,0.0001,0.25,1.0,0.25,0.0,0.0,0.0,0.0,0.0,2.050478458404541,False,True,25.0,1.0,1.0,1.0,,,,,,,,,,,,,,
673,2.4468283653259277,-7.603343486785889,0.32804518938064575,0.32830536365509033,0.017817266285419464,1.7728893756866455,1.7724318504333496,3.4678208604531227e-15,0.07185366749763489,0.688238799571991,0.10212089121341705,0.026512879878282547,3.4678208604531227e-15,0.688238799571991,0.10212089121341705,0.026512879878282547,0.0001,0.25,1.0,0.25,0.0,0.0,0.0,0.0,0.0,2.015957832336426,False,True,25.0,1.0,1.0,1.0,,,,,,,,,,,,,,
674,2.4467387199401855,-7.559488296508789,0.3289946913719177,0.329878032207489,0.017333732917904854,1.7711522579193115,1.7699121236801147,9.095719705535965e-17,0.06875994056463242,0.6880440711975098,0.10239606350660324,0.026440832763910294,9.095719705535965e-17,0.6880440711975098,0.10239606350660324,0.026440832763910294,0.0001,0.25,1.0,0.25,0.0,0.0,0.0,0.0,0.0,2.022475481033325,False,True,25.0,1.0,1.0,1.0,,,,,,,,,,,,,,
675,2.4527082443237305,-7.5489983558654785,0.3307315707206726,0.33160245418548584,0.017230112105607986,1.7737995386123657,1.772489070892334,3.908624641259023e-15,0.0668550580739975,0.6880502700805664,0.1016114354133606,0.024816840887069702,3.908624641259023e-15,0.6880502700805664,0.1016114354133606,0.024816840887069702,0.0001,0.25,1.0,0.25,0.0,0.0,0.0,0.0,0.0,2.0529391765594482,False,True,25.0,1.0,1.0,1.0,,,,,,,,,,,,,,
676,2.4551846981048584,-7.563693046569824,0.3346633017063141,0.3360697031021118,0.01723519340157509,1.7685048580169678,1.7659282684326172,2.4628797960069395e-15,0.0721348375082016,0.6877398490905762,0.10231133550405502,0.02519521489739418,2.4628797960069395e-15,0.6877398490905762,0.10231133550405502,0.02519521489739418,0.0001,0.25,1.0,0.25,0.0,0.0,0.0,0.0,0.0,2.0504395961761475,False,True,25.0,1.0,1.0,1.0,,,,,,,,,,,,,,
677,2.451213836669922,-7.63041877746582,0.33050307631492615,0.3319609761238098,0.017063336446881294,1.7725635766983032,1.770809531211853,2.0262546140183021e-16,0.07159478217363358,0.6880049109458923,0.10226414352655411,0.026099033653736115,2.0262546140183021e-16,0.6880049109458923,0.10226414352655411,0.026099033653736115,0.0001,0.25,1.0,0.25,0.0,0.0,0.0,0.0,0.0,2.0478713512420654,False,True,25.0,1.0,1.0,1.0,,,,,,,,,,,,,,
678,2.450284004211426,-7.609671592712402,0.33696043491363525,0.3365704119205475,0.017162909731268883,1.7592945098876953,1.7598862648010254,2.7607381907550853e-16,0.07263889908790588,0.687578558921814,0.10197979211807251,0.027122585102915764,2.7607381907550853e-16,0.687578558921814,0.10197979211807251,0.027122585102915764,0.0001,0.25,1.0,0.25,0.0,0.0,0.0,0.0,0.0,2.022653102874756,False,True,25.0,1.0,1.0,1.0,,,,,,,,,,,,,,
679,2.4391446113586426,-7.590508460998535,0.32456743717193604,0.32417336106300354,0.017625480890274048,1.7724404335021973,1.7731165885925293,2.684403687427646e-15,0.06540670990943909,0.6881027221679688,0.10200485587120056,0.026226716116070747,2.684403687427646e-15,0.6881027221679688,0.10200485587120056,0.026226716116070747,0.0001,0.25,1.0,0.25,0.0,0.0,0.0,0.0,0.0,2.04317045211792,False,True,25.0,1.0,1.0,1.0,,,,,,,,,,,,,,
680,2.4323062896728516,-7.592118740081787,0.32590287923812866,0.32544928789138794,0.01660914719104767,1.763789415359497,1.7649005651474,5.160952265862665e-15,0.06323732435703278,0.6883184909820557,0.10247819125652313,0.02585926279425621,1.1539545367584978e-16,0.6867694854736328,0.10225289314985275,0.01849348470568657,0.0001,0.25,1.0,0.25,0.0,0.0,0.0,0.0,0.0,2.0163028240203857,False,True,25.0,1.0,1.0,1.0,0.7852945923805237,0.7852945923805237,0.21470540761947632,8.900794982910156,0.0,0.9400826692581177,3.9658610820770264,-0.0,1.4011008739471436,0.7853273749351501,1.1539545367584978e-16,0.7853273749351501,0.04073971509933472,1.1596516370773315
681,2.4422526359558105,-7.669317245483398,0.3277498185634613,0.3278055191040039,0.017447246238589287,1.7692365646362305,1.7692638635635376,7.075818050380307e-15,0.06647422909736633,0.6878350973129272,0.10196981579065323,0.025078585371375084,7.075818050380307e-15,0.6878350973129272,0.10196981579065323,0.025078585371375084,0.0001,0.25,1.0,0.25,0.0,0.0,0.0,0.0,0.0,1.9860351085662842,False,True,25.0,1.0,1.0,1.0,,,,,,,,,,,,,,
682,2.451725959777832,-7.659994602203369,0.337431937456131,0.33799120783805847,0.016702095046639442,1.7597792148590088,1.7594221830368042,4.0071646426943254e-16,0.06510569900274277,0.68768709897995,0.10289004445075989,0.025592941790819168,4.0071646426943254e-16,0.68768709897995,0.10289004445075989,0.025592941790819168,0.0001,0.25,1.0,0.25,0.0,0.0,0.0,0.0,0.0,2.02079439163208,False,True,25.0,1.0,1.0,1.0,,,,,,,,,,,,,,
683,2.452249050140381,-7.657540798187256,0.33814355731010437,0.33937957882881165,0.01650172844529152,1.7590336799621582,1.7574145793914795,1.0827045123556404e-15,0.06331977248191833,0.6883243322372437,0.10277213156223297,0.025080237537622452,1.0827045123556404e-15,0.6883243322372437,0.10277213156223297,0.025080237537622452,0.0001,0.25,1.0,0.25,0.0,0.0,0.0,0.0,0.0,2.025819778442383,False,True,25.0,1.0,1.0,1.0,,,,,,,,,,,,,,
684,2.436577796936035,-7.630121231079102,0.32716837525367737,0.32782572507858276,0.016967475414276123,1.7650504112243652,1.7641819715499878,6.926938827950122e-17,0.06081667169928551,0.6877458095550537,0.10246604681015015,0.02401583641767502,6.926938827950122e-17,0.6877458095550537,0.10246604681015015,0.02401583641767502,0.0001,0.25,1.0,0.25,0.0,0.0,0.0,0.0,0.0,2.0013351440429688,False,True,25.0,1.0,1.0,1.0,,,,,,,,,,,,,,
685,2.4346163272857666,-7.6461405754089355,0.32488295435905457,0.3251132667064667,0.01715994067490101,1.7675286531448364,1.7673914432525635,2.6502512131152344e-16,0.060203466564416885,0.6880136728286743,0.10269869863986969,0.024801768362522125,2.6502512131152344e-16,0.6880136728286743,0.10269869863986969,0.024801768362522125,0.0001,0.25,1.0,0.25,0.0,0.0,0.0,0.0,0.0,2.0253512859344482,False,True,25.0,1.0,1.0,1.0,,,,,,,,,,,,,,
686,2.4302096366882324,-7.657019138336182,0.32174575328826904,0.32188302278518677,0.017425527796149254,1.769319772720337,1.7689907550811768,3.770848273761888e-16,0.06314411014318466,0.6881065368652344,0.10267193615436554,0.025502484291791916,3.770848273761888e-16,0.6881065368652344,0.10267193615436554,0.025502484291791916,0.0001,0.25,1.0,0.25,0.0,0.0,0.0,0.0,0.0,2.0211710929870605,False,True,25.0,1.0,1.0,1.0,,,,,,,,,,,,,,
687,2.4496922492980957,-7.680051326751709,0.3335755467414856,0.3338847756385803,0.016821861267089844,1.765059471130371,1.7657605409622192,1.038714809152054e-15,0.06302802264690399,0.6879875659942627,0.10324625670909882,0.02407630905508995,1.038714809152054e-15,0.6879875659942627,0.10324625670909882,0.02407630905508995,0.0001,0.25,1.0,0.25,0.0,0.0,0.0,0.0,0.0,2.018235445022583,False,True,25.0,1.0,1.0,1.0,,,,,,,,,,,,,,
688,2.447031259536743,-7.65816593170166,0.33422818779945374,0.334187775850296,0.01664658635854721,1.761728048324585,1.762209415435791,2.5049635692000853e-15,0.06488670408725739,0.687096357345581,0.10258622467517853,0.02500353381037712,2.5049635692000853e-15,0.687096357345581,0.10258622467517853,0.02500353381037712,0.0001,0.25,1.0,0.25,0.0,0.0,0.0,0.0,0.0,2.0505545139312744,False,True,25.0,1.0,1.0,1.0,,,,,,,,,,,,,,
689,2.4506914615631104,-7.654669761657715,0.33050304651260376,0.33102667331695557,0.016825251281261444,1.7723774909973145,1.7722954750061035,3.93688340738488e-16,0.06436941027641296,0.6882429122924805,0.10294964164495468,0.025381535291671753,3.93688340738488e-16,0.6882429122924805,0.10294964164495468,0.025381535291671753,0.0001,0.25,1.0,0.25,0.0,0.0,0.0,0.0,0.0,2.0033702850341797,False,True,25.0,1.0,1.0,1.0,,,,,,,,,,,,,,
690,2.4388184547424316,-7.673954010009766,0.3249509632587433,0.32491570711135864,0.01677049696445465,1.7720310688018799,1.7723313570022583,1.1941765893131481e-15,0.0658707395195961,0.6877205967903137,0.10272903740406036,0.025745652616024017,7.116201041708576e-17,0.6866327524185181,0.10273981094360352,0.018730873242020607,0.0001,0.25,1.0,0.25,0.0,0.0,0.0,0.0,0.0,2.0304548740386963,False,True,25.0,1.0,1.0,1.0,0.7851584553718567,0.7851584553718567,0.2148415446281433,8.868087768554688,0.0,0.9395060539245605,3.960808515548706,-0.0,1.409506916999817,0.7852899432182312,7.116201041708576e-17,0.7852899432182312,0.0410163514316082,1.1625093221664429
691,2.4443371295928955,-7.714300632476807,0.32685333490371704,0.32810258865356445,0.017040517181158066,1.7729928493499756,1.7716885805130005,4.81688472983089e-16,0.06562050431966782,0.6882292628288269,0.10280359536409378,0.024956926703453064,4.81688472983089e-16,0.6882292628288269,0.10280359536409378,0.024956926703453064,0.0001,0.25,1.0,0.25,0.0,0.0,0.0,0.0,0.0,2.0383241176605225,False,True,25.0,1.0,1.0,1.0,,,,,,,,,,,,,,
692,2.452298641204834,-7.707275390625,0.33093592524528503,0.33160385489463806,0.016969257965683937,1.7731788158416748,1.7724000215530396,9.649664032917006e-17,0.06735755503177643,0.686961829662323,0.102385513484478,0.02582620270550251,9.649664032917006e-17,0.686961829662323,0.102385513484478,0.02582620270550251,0.0001,0.25,1.0,0.25,0.0,0.0,0.0,0.0,0.0,2.063680648803711,False,True,25.0,1.0,1.0,1.0,,,,,,,,,,,,,,
693,2.4293124675750732,-7.7033209800720215,0.31849151849746704,0.31841760873794556,0.01652786135673523,1.775644302368164,1.776106595993042,6.475905694938028e-17,0.06204279512166977,0.6878889203071594,0.10302240401506424,0.024338198825716972,6.475905694938028e-17,0.6878889203071594,0.10302240401506424,0.024338198825716972,0.0001,0.25,1.0,0.25,0.0,0.0,0.0,0.0,0.0,2.027897834777832,False,True,25.0,1.0,1.0,1.0,,,,,,,,,,,,,,
694,2.4443089962005615,-7.710963249206543,0.32977983355522156,0.33025166392326355,0.016533199697732925,1.7679449319839478,1.7675436735153198,1.2128671389179227e-16,0.06425369530916214,0.6875596642494202,0.10220401734113693,0.024608107283711433,1.2128671389179227e-16,0.6875596642494202,0.10220401734113693,0.024608107283711433,0.0001,0.25,1.0,0.25,0.0,0.0,0.0,0.0,0.0,2.021857261657715,False,True,25.0,1.0,1.0,1.0,,,,,,,,,,,,,,
695,2.4640491008758545,-7.734899997711182,0.34105825424194336,0.3414202034473419,0.016734126955270767,1.765017032623291,1.7646561861038208,1.5048663685418942e-15,0.06453293561935425,0.687872588634491,0.10270505398511887,0.025191236287355423,1.5048663685418942e-15,0.687872588634491,0.10270505398511887,0.025191236287355423,0.0001,0.25,1.0,0.25,0.0,0.0,0.0,0.0,0.0,2.0317320823669434,False,True,25.0,1.0,1.0,1.0,,,,,,,,,,,,,,
696,2.4607138633728027,-7.785411834716797,0.33900272846221924,0.3396225869655609,0.01716531813144684,1.7651995420455933,1.7646466493606567,1.0036984671125612e-15,0.06790798902511597,0.6873595118522644,0.10241712629795074,0.02596135064959526,1.0036984671125612e-15,0.6873595118522644,0.10241712629795074,0.02596135064959526,0.0001,0.25,1.0,0.25,0.0,0.0,0.0,0.0,0.0,2.032263994216919,False,True,25.0,1.0,1.0,1.0,,,,,,,,,,,,,,
697,2.4664225578308105,-7.822605133056641,0.3392815589904785,0.33970993757247925,0.017353730276226997,1.76981520652771,1.7703396081924438,8.99650071454921e-18,0.0628066286444664,0.6874009370803833,0.10243868082761765,0.024713197723031044,8.99650071454921e-18,0.6874009370803833,0.10243868082761765,0.024713197723031044,0.0001,0.25,1.0,0.25,0.0,0.0,0.0,0.0,0.0,2.012946128845215,False,True,25.0,1.0,1.0,1.0,,,,,,,,,,,,,,
698,2.4562644958496094,-7.730651378631592,0.33685192465782166,0.3372615873813629,0.017032302916049957,1.7651646137237549,1.7650725841522217,2.219945902764739e-16,0.057930171489715576,0.6880154609680176,0.10245712101459503,0.02459275908768177,2.219945902764739e-16,0.6880154609680176,0.10245712101459503,0.02459275908768177,0.0001,0.25,1.0,0.25,0.0,0.0,0.0,0.0,0.0,1.9880162477493286,False,True,25.0,1.0,1.0,1.0,,,,,,,,,,,,,,
699,2.449793577194214,-7.738773345947266,0.3349336087703705,0.33577269315719604,0.017036037519574165,1.7624537944793701,1.7616487741470337,1.6435102036561357e-15,0.056668903678655624,0.687897801399231,0.10260463505983353,0.024564960971474648,1.6435102036561357e-15,0.687897801399231,0.10260463505983353,0.024564960971474648,0.0001,0.25,1.0,0.25,0.0,0.0,0.0,0.0,0.0,2.0334436893463135,False,True,25.0,1.0,1.0,1.0,,,,,,,,,,,,,,
700,2.4793403148651123,-7.8163228034973145,0.3474603593349457,0.34768807888031006,0.017261378467082977,1.766937017440796,1.7669239044189453,3.7553491590139104e-16,0.05587700754404068,0.6877071261405945,0.10276612639427185,0.024327974766492844,8.727399871758741e-17,0.6864481568336487,0.10246802866458893,0.01761999912559986,0.0001,0.25,1.0,0.25,0.0,0.0,0.0,0.0,0.0,2.007612943649292,False,True,25.0,1.0,1.0,1.0,0.7853674292564392,0.7853674292564392,0.2146325707435608,8.867844581604004,0.0,0.939890444278717,3.9606852531433105,-0.0,1.4142789840698242,0.7852638363838196,8.727399871758741e-17,0.7852638363838196,0.04218068718910217,1.1498875617980957
701,2.4661412239074707,-7.842399597167969,0.34422367811203003,0.34501758217811584,0.016694998368620872,1.7605109214782715,1.7598989009857178,4.471930032665984e-16,0.059625133872032166,0.6879465579986572,0.10253974050283432,0.02521362528204918,4.471930032665984e-16,0.6879465579986572,0.10253974050283432,0.02521362528204918,0.0001,0.25,1.0,0.25,0.0,0.0,0.0,0.0,0.0,2.002321243286133,False,True,25.0,1.0,1.0,1.0,,,,,,,,,,,,,,
702,2.457759141921997,-7.792667865753174,0.33959105610847473,0.33981218934059143,0.0174846388399601,1.760660171508789,1.7610820531845093,1.8904200430829683e-16,0.056238289922475815,0.687788188457489,0.10232041031122208,0.024452397599816322,1.8904200430829683e-16,0.687788188457489,0.10232041031122208,0.024452397599816322,0.0001,0.25,1.0,0.25,0.0,0.0,0.0,0.0,0.0,1.9942783117294312,False,True,25.0,1.0,1.0,1.0,,,,,,,,,,,,,,
703,2.4642605781555176,-7.7818169593811035,0.33928635716438293,0.34020426869392395,0.016706708818674088,1.7684334516525269,1.7676931619644165,3.866077011648137e-16,0.05734393000602722,0.687610387802124,0.10264947265386581,0.02421872317790985,3.866077011648137e-16,0.687610387802124,0.10264947265386581,0.02421872317790985,0.0001,0.25,1.0,0.25,0.0,0.0,0.0,0.0,0.0,1.994017481803894,False,True,25.0,1.0,1.0,1.0,,,,,,,,,,,,,,
704,2.462312698364258,-7.8231987953186035,0.3387086093425751,0.34008702635765076,0.0168846994638443,1.7674970626831055,1.7657678127288818,4.696354588414563e-16,0.05648118257522583,0.6877661347389221,0.10273275524377823,0.024348797276616096,4.696354588414563e-16,0.6877661347389221,0.10273275524377823,0.024348797276616096,0.0001,0.25,1.0,0.25,0.0,0.0,0.0,0.0,0.0,2.0087461471557617,False,True,25.0,1.0,1.0,1.0,,,,,,,,,,,,,,
705,2.4512391090393066,-7.848564624786377,0.3336598873138428,0.33466655015945435,0.016995705664157867,1.7664978504180908,1.7653356790542603,4.057746009233004e-16,0.055569302290678024,0.6877948641777039,0.10265456885099411,0.023986877873539925,4.057746009233004e-16,0.6877948641777039,0.10265456885099411,0.023986877873539925,0.0001,0.25,1.0,0.25,0.0,0.0,0.0,0.0,0.0,2.0185325145721436,False,True,25.0,1.0,1.0,1.0,,,,,,,,,,,,,,
706,2.4438071250915527,-7.848707675933838,0.3284265398979187,0.32886072993278503,0.017149323597550392,1.7696000337600708,1.7691410779953003,1.5623588886554574e-16,0.05654529854655266,0.6873725056648254,0.10229845345020294,0.023976685479283333,1.5623588886554574e-16,0.6873725056648254,0.10229845345020294,0.023976685479283333,0.0001,0.25,1.0,0.25,0.0,0.0,0.0,0.0,0.0,1.9998103380203247,False,True,25.0,1.0,1.0,1.0,,,,,,,,,,,,,,
707,2.4608798027038574,-7.850581169128418,0.3362961411476135,0.33626338839530945,0.016874415799975395,1.7710822820663452,1.7718095779418945,1.8928870265418464e-16,0.06066460162401199,0.68780916929245,0.10304604470729828,0.024340588599443436,1.8928870265418464e-16,0.68780916929245,0.10304604470729828,0.024340588599443436,0.0001,0.25,1.0,0.25,0.0,0.0,0.0,0.0,0.0,1.995673418045044,False,True,25.0,1.0,1.0,1.0,,,,,,,,,,,,,,
708,2.4685957431793213,-7.863753795623779,0.3396688997745514,0.33914878964424133,0.016726983711123466,1.7725929021835327,1.7735093832015991,6.680406579929308e-18,0.05534740909934044,0.6879143714904785,0.10338295251131058,0.024813907220959663,6.680406579929308e-18,0.6879143714904785,0.10338295251131058,0.024813907220959663,0.0001,0.25,1.0,0.25,0.0,0.0,0.0,0.0,0.0,2.000734329223633,False,True,25.0,1.0,1.0,1.0,,,,,,,,,,,,,,
709,2.434494972229004,-7.8693928718566895,0.3253830075263977,0.3255438506603241,0.016278613358736038,1.7672595977783203,1.7673195600509644,2.97888623236451e-16,0.056312449276447296,0.6873732209205627,0.10230088233947754,0.02435014769434929,2.97888623236451e-16,0.6873732209205627,0.10230088233947754,0.02435014769434929,0.0001,0.25,1.0,0.25,0.0,0.0,0.0,0.0,0.0,2.0201733112335205,False,True,25.0,1.0,1.0,1.0,,,,,,,,,,,,,,
710,2.434267044067383,-7.821963787078857,0.3279290199279785,0.32871100306510925,0.016372790560126305,1.7618274688720703,1.7606812715530396,4.250705408573454e-16,0.05161093920469284,0.6873131990432739,0.10245338827371597,0.023993944749236107,8.446501073037041e-17,0.6863600015640259,0.10241588205099106,0.01771838217973709,0.0001,0.25,1.0,0.25,0.0,0.0,0.0,0.0,0.0,2.025907278060913,False,True,25.0,1.0,1.0,1.0,0.7854110598564148,0.7854110598564148,0.2145889401435852,8.90030574798584,0.0,0.9390736222267151,3.9603514671325684,-0.0,1.4134397506713867,0.7852214574813843,8.446501073037041e-17,0.7852214574813843,0.042626820504665375,1.1418607234954834
711,2.4438092708587646,-7.869387149810791,0.3261805474758148,0.32663440704345703,0.016575424000620842,1.7747925519943237,1.7740451097488403,2.5969339301569244e-16,0.05509418994188309,0.6877544522285461,0.10303371399641037,0.02407323196530342,2.5969339301569244e-16,0.6877544522285461,0.10303371399641037,0.02407323196530342,0.0001,0.25,1.0,0.25,0.0,0.0,0.0,0.0,0.0,2.0136029720306396,False,True,25.0,1.0,1.0,1.0,,,,,,,,,,,,,,
712,2.460233449935913,-7.9368391036987305,0.3358107805252075,0.3367479741573334,0.016695966944098473,1.7711659669876099,1.7707914113998413,1.6925849103398857e-16,0.05586441606283188,0.6882647275924683,0.1022772341966629,0.02353399619460106,1.6925849103398857e-16,0.6882647275924683,0.1022772341966629,0.02353399619460106,0.0001,0.25,1.0,0.25,0.0,0.0,0.0,0.0,0.0,1.9991765022277832,False,True,25.0,1.0,1.0,1.0,,,,,,,,,,,,,,
713,2.446946144104004,-7.9102396965026855,0.32848480343818665,0.32879993319511414,0.01688530668616295,1.772887110710144,1.7726651430130005,2.5006726061684134e-16,0.055681876838207245,0.6874723434448242,0.10217620432376862,0.022841261699795723,2.5006726061684134e-16,0.6874723434448242,0.10217620432376862,0.022841261699795723,0.0001,0.25,1.0,0.25,0.0,0.0,0.0,0.0,0.0,2.0131478309631348,False,True,25.0,1.0,1.0,1.0,,,,,,,,,,,,,,
714,2.4494752883911133,-7.854198932647705,0.3315587639808655,0.3322034478187561,0.01648750528693199,1.7694861888885498,1.7689650058746338,4.628688964376459e-17,0.051547326147556305,0.6872952580451965,0.10247904807329178,0.022347481921315193,4.628688964376459e-17,0.6872952580451965,0.10247904807329178,0.022347481921315193,0.0001,0.25,1.0,0.25,0.0,0.0,0.0,0.0,0.0,2.0114288330078125,False,True,25.0,1.0,1.0,1.0,,,,,,,,,,,,,,
715,2.462369918823242,-7.84177827835083,0.3388789892196655,0.33902934193611145,0.017112484201788902,1.767120599746704,1.7675774097442627,3.0474363440880046e-16,0.05212343484163284,0.6872528195381165,0.1018582135438919,0.023558765649795532,3.0474363440880046e-16,0.6872528195381165,0.1018582135438919,0.023558765649795532,0.0001,0.25,1.0,0.25,0.0,0.0,0.0,0.0,0.0,2.002990961074829,False,True,25.0,1.0,1.0,1.0,,,,,,,,,,,,,,
716,2.4471614360809326,-7.936344623565674,0.33309030532836914,0.3338550329208374,0.016873370856046677,1.7636281251907349,1.7630573511123657,1.5561578464753924e-17,0.054418209940195084,0.6872612833976746,0.1021413505077362,0.023826370015740395,1.5561578464753924e-17,0.6872612833976746,0.1021413505077362,0.023826370015740395,0.0001,0.25,1.0,0.25,0.0,0.0,0.0,0.0,0.0,2.01385760307312,False,True,25.0,1.0,1.0,1.0,,,,,,,,,,,,,,
717,2.450258493423462,-7.937154769897461,0.3386410176753998,0.3395736515522003,0.01646585389971733,1.7561017274856567,1.755054235458374,1.4563516565153976e-16,0.0607311949133873,0.6878897547721863,0.10263711959123611,0.024623781442642212,1.4563516565153976e-16,0.6878897547721863,0.10263711959123611,0.024623781442642212,0.0001,0.25,1.0,0.25,0.0,0.0,0.0,0.0,0.0,1.9841939210891724,False,True,25.0,1.0,1.0,1.0,,,,,,,,,,,,,,
718,2.458944797515869,-7.947257041931152,0.33890634775161743,0.3400094509124756,0.01711452379822731,1.7632800340652466,1.7625486850738525,2.2786560062702007e-16,0.05558747798204422,0.6874518990516663,0.10207581520080566,0.02336796186864376,2.2786560062702007e-16,0.6874518990516663,0.10207581520080566,0.02336796186864376,0.0001,0.25,1.0,0.25,0.0,0.0,0.0,0.0,0.0,1.9899269342422485,False,True,25.0,1.0,1.0,1.0,,,,,,,,,,,,,,
719,2.4749443531036377,-7.926491737365723,0.3444537818431854,0.34500497579574585,0.016784336417913437,1.769241213798523,1.7681615352630615,1.907621826403825e-16,0.049345463514328,0.6870641112327576,0.10238179564476013,0.02349315956234932,1.907621826403825e-16,0.6870641112327576,0.10238179564476013,0.02349315956234932,0.0001,0.25,1.0,0.25,0.0,0.0,0.0,0.0,0.0,1.982153296470642,False,True,25.0,1.0,1.0,1.0,,,,,,,,,,,,,,
720,2.4603826999664307,-7.964704513549805,0.33681920170783997,0.3374098241329193,0.01683991029858589,1.7694029808044434,1.7692245244979858,6.92768659922387e-17,0.048351287841796875,0.6878503561019897,0.10179118812084198,0.022088197991251945,8.372181225705731e-17,0.6862753629684448,0.10208281129598618,0.016729537397623062,0.0001,0.25,1.0,0.25,0.0,0.0,0.0,0.0,0.0,1.9738057851791382,False,True,25.0,1.0,1.0,1.0,0.7855269312858582,0.7855269312858582,0.21447306871414185,8.900029182434082,0.0,0.9408994913101196,3.9605250358581543,-0.0,1.4142719507217407,0.7849782109260559,8.372181225705731e-17,0.7849782109260559,0.04275817424058914,1.1418817043304443
721,2.4571142196655273,-7.960101127624512,0.33405226469039917,0.3348035514354706,0.016937322914600372,1.7714717388153076,1.7711702585220337,4.583941669610893e-16,0.05213027819991112,0.6872766017913818,0.10220364481210709,0.022853922098875046,4.583941669610893e-16,0.6872766017913818,0.10220364481210709,0.022853922098875046,0.0001,0.25,1.0,0.25,0.0,0.0,0.0,0.0,0.0,2.002798557281494,False,True,25.0,1.0,1.0,1.0,,,,,,,,,,,,,,
722,2.4631195068359375,-8.010215759277344,0.3385421335697174,0.3386992812156677,0.016661910340189934,1.7690086364746094,1.7694236040115356,1.0891833614900702e-15,0.05396270751953125,0.6874096989631653,0.10239215195178986,0.02344510704278946,1.0891833614900702e-15,0.6874096989631653,0.10239215195178986,0.02344510704278946,0.0001,0.25,1.0,0.25,0.0,0.0,0.0,0.0,0.0,2.009916305541992,False,True,25.0,1.0,1.0,1.0,,,,,,,,,,,,,,
723,2.4505269527435303,-7.966867446899414,0.33510348200798035,0.33540239930152893,0.017028696835041046,1.7630057334899902,1.7629791498184204,8.027850048809198e-16,0.05583183467388153,0.6876925230026245,0.10176164656877518,0.024194682016968727,8.027850048809198e-16,0.6876925230026245,0.10176164656877518,0.024194682016968727,0.0001,0.25,1.0,0.25,0.0,0.0,0.0,0.0,0.0,2.019489288330078,False,True,25.0,1.0,1.0,1.0,,,,,,,,,,,,,,
724,2.4577107429504395,-7.932140827178955,0.33866843581199646,0.3392128646373749,0.01659034565091133,1.763319730758667,1.7631584405899048,1.3273268863688535e-15,0.05423737317323685,0.6877752542495728,0.10205298662185669,0.02326599322259426,1.3273268863688535e-15,0.6877752542495728,0.10205298662185669,0.02326599322259426,0.0001,0.25,1.0,0.25,0.0,0.0,0.0,0.0,0.0,2.0098702907562256,False,True,25.0,1.0,1.0,1.0,,,,,,,,,,,,,,
725,2.4730472564697266,-8.036776542663574,0.3424277603626251,0.34310799837112427,0.016606545075774193,1.771644949913025,1.7701648473739624,1.7079740431536183e-16,0.05574876070022583,0.6877264380455017,0.10273631662130356,0.024045147001743317,1.7079740431536183e-16,0.6877264380455017,0.10273631662130356,0.024045147001743317,0.0001,0.25,1.0,0.25,0.0,0.0,0.0,0.0,0.0,1.9862068891525269,False,True,25.0,1.0,1.0,1.0,,,,,,,,,,,,,,
726,2.474102020263672,-8.034300804138184,0.3407984972000122,0.34117454290390015,0.016902953386306763,1.7755156755447388,1.7749360799789429,7.359971187344082e-17,0.05562905594706535,0.6880835890769958,0.10242989659309387,0.023308785632252693,7.359971187344082e-17,0.6880835890769958,0.10242989659309387,0.023308785632252693,0.0001,0.25,1.0,0.25,0.0,0.0,0.0,0.0,0.0,1.9856001138687134,False,True,25.0,1.0,1.0,1.0,,,,,,,,,,,,,,
727,2.4521124362945557,-8.022276878356934,0.33142855763435364,0.3315867781639099,0.016763128340244293,1.7722437381744385,1.7724238634109497,2.999927060169899e-16,0.05155809223651886,0.6876522302627563,0.10232682526111603,0.02211397886276245,2.999927060169899e-16,0.6876522302627563,0.10232682526111603,0.02211397886276245,0.0001,0.25,1.0,0.25,0.0,0.0,0.0,0.0,0.0,2.0171306133270264,False,True,25.0,1.0,1.0,1.0,,,,,,,,,,,,,,
728,2.4361815452575684,-7.982877731323242,0.32357266545295715,0.3235943019390106,0.016392961144447327,1.7725495100021362,1.7726937532424927,5.586726505810722e-16,0.05123558267951012,0.6869608163833618,0.10246609151363373,0.022512275725603104,5.586726505810722e-16,0.6869608163833618,0.10246609151363373,0.022512275725603104,0.0001,0.25,1.0,0.25,0.0,0.0,0.0,0.0,0.0,2.000837802886963,False,True,25.0,1.0,1.0,1.0,,,,,,,,,,,,,,
729,2.4736666679382324,-8.046197891235352,0.34389829635620117,0.34409087896347046,0.01657051034271717,1.7688952684402466,1.76931893825531,3.524305834875927e-16,0.04854273423552513,0.6871645450592041,0.10254201292991638,0.022912535816431046,3.524305834875927e-16,0.6871645450592041,0.10254201292991638,0.022912535816431046,0.0001,0.25,1.0,0.25,0.0,0.0,0.0,0.0,0.0,2.009279251098633,False,True,25.0,1.0,1.0,1.0,,,,,,,,,,,,,,
730,2.464979648590088,-8.023893356323242,0.34156113862991333,0.34190118312835693,0.016991939395666122,1.7642498016357422,1.764801263809204,1.2186396684534608e-16,0.05306413024663925,0.6876460909843445,0.10324377566576004,0.02378665842115879,1.042902897233998e-16,0.6859664916992188,0.10235678404569626,0.016483714804053307,0.0001,0.25,1.0,0.25,0.0,0.0,0.0,0.0,0.0,2.011756420135498,False,True,25.0,1.0,1.0,1.0,0.785627543926239,0.785627543926239,0.214372456073761,8.87576675415039,0.0,0.9412839412689209,3.9632415771484375,-0.0,1.411977767944336,0.784923791885376,1.042902897233998e-16,0.7849238514900208,0.04128624126315117,1.153691291809082
731,2.449542760848999,-8.020063400268555,0.3359443247318268,0.3361302614212036,0.016349397599697113,1.7613416910171509,1.7608959674835205,1.492342748188723e-16,0.045097604393959045,0.6873190999031067,0.10244932770729065,0.022763079032301903,1.492342748188723e-16,0.6873190999031067,0.10244932770729065,0.022763079032301903,0.0001,0.25,1.0,0.25,0.0,0.0,0.0,0.0,0.0,2.016226053237915,False,True,25.0,1.0,1.0,1.0,,,,,,,,,,,,,,
732,2.4660067558288574,-8.049513816833496,0.3425379693508148,0.3425632119178772,0.016422543674707413,1.7641587257385254,1.7648072242736816,2.337936665874977e-16,0.04754875227808952,0.6870202422142029,0.1025494784116745,0.022815480828285217,2.337936665874977e-16,0.6870202422142029,0.1025494784116745,0.022815480828285217,0.0001,0.25,1.0,0.25,0.0,0.0,0.0,0.0,0.0,2.0467913150787354,False,True,25.0,1.0,1.0,1.0,,,,,,,,,,,,,,
733,2.4503746032714844,-8.075018882751465,0.33673709630966187,0.33677417039871216,0.01669062301516533,1.7601135969161987,1.7602320909500122,2.760766248721463e-15,0.05032055824995041,0.6872738003730774,0.10239291936159134,0.02356467954814434,2.760766248721463e-15,0.6872738003730774,0.10239291936159134,0.02356467954814434,0.0001,0.25,1.0,0.25,0.0,0.0,0.0,0.0,0.0,2.039841651916504,False,True,25.0,1.0,1.0,1.0,,,,,,,,,,,,,,
734,2.4397449493408203,-8.065167427062988,0.33061474561691284,0.33123746514320374,0.016213247552514076,1.7616676092147827,1.7616910934448242,3.478337356828436e-16,0.046668391674757004,0.6869230270385742,0.10283112525939941,0.0221402645111084,3.478337356828436e-16,0.6869230270385742,0.10283112525939941,0.0221402645111084,0.0001,0.25,1.0,0.25,0.0,0.0,0.0,0.0,0.0,2.0279409885406494,False,True,25.0,1.0,1.0,1.0,,,,,,,,,,,,,,
735,2.4634671211242676,-8.029984474182129,0.3413955569267273,0.3413887917995453,0.016495587304234505,1.7638740539550781,1.7645000219345093,8.905897107427214e-16,0.04508832469582558,0.6872807145118713,0.1023532897233963,0.021375635638833046,8.905897107427214e-16,0.6872807145118713,0.1023532897233963,0.021375635638833046,0.0001,0.25,1.0,0.25,0.0,0.0,0.0,0.0,0.0,2.0258054733276367,False,True,25.0,1.0,1.0,1.0,,,,,,,,,,,,,,
736,2.455294609069824,-8.098196029663086,0.3340592384338379,0.33365142345428467,0.01656457781791687,1.7704365253448486,1.7716021537780762,1.618004559306651e-15,0.05108151212334633,0.6876286864280701,0.10175295174121857,0.021663645282387733,1.618004559306651e-15,0.6876286864280701,0.10175295174121857,0.021663645282387733,0.0001,0.25,1.0,0.25,0.0,0.0,0.0,0.0,0.0,2.0225512981414795,False,True,25.0,1.0,1.0,1.0,,,,,,,,,,,,,,
737,2.462888717651367,-8.16073226928711,0.33850228786468506,0.3386389911174774,0.01667688600718975,1.7688281536102295,1.7693126201629639,6.774150654347477e-15,0.04743779078125954,0.68681800365448,0.10182825475931168,0.022289397194981575,6.774150654347477e-15,0.68681800365448,0.10182825475931168,0.022289397194981575,0.0001,0.25,1.0,0.25,0.0,0.0,0.0,0.0,0.0,2.018165349960327,False,True,25.0,1.0,1.0,1.0,,,,,,,,,,,,,,
738,2.4482362270355225,-8.084983825683594,0.33119216561317444,0.33181875944137573,0.01634196750819683,1.76911199092865,1.7686545848846436,1.7034393728611536e-16,0.046936940401792526,0.6870166659355164,0.10225177556276321,0.021871067583560944,1.7034393728611536e-16,0.6870166659355164,0.10225177556276321,0.021871067583560944,0.0001,0.25,1.0,0.25,0.0,0.0,0.0,0.0,0.0,1.9959163665771484,False,True,25.0,1.0,1.0,1.0,,,,,,,,,,,,,,
739,2.4560089111328125,-8.01909065246582,0.33313173055648804,0.33402255177497864,0.016605602577328682,1.7731245756149292,1.7713735103607178,9.546123784235825e-16,0.0436478815972805,0.6868155598640442,0.1022820770740509,0.021539846435189247,9.546123784235825e-16,0.6868155598640442,0.1022820770740509,0.021539846435189247,0.0001,0.25,1.0,0.25,0.0,0.0,0.0,0.0,0.0,2.022982120513916,False,True,25.0,1.0,1.0,1.0,,,,,,,,,,,,,,
740,2.473879814147949,-8.069135665893555,0.3429163992404938,0.3438444435596466,0.01646380126476288,1.7713526487350464,1.7699577808380127,1.392195316447548e-15,0.04919818043708801,0.6868535876274109,0.10229193419218063,0.02298211120069027,1.8911335003305438e-16,0.6856997609138489,0.10208388417959213,0.01634325087070465,0.0001,0.25,1.0,0.25,0.0,0.0,0.0,0.0,0.0,2.0117175579071045,False,True,25.0,1.0,1.0,1.0,0.7852179408073425,0.7852179408073425,0.21478205919265747,8.865148544311523,0.0,0.9437824487686157,3.9593422412872314,-0.0,1.408644199371338,0.7848768830299377,1.8911335003305438e-16,0.7848768830299377,0.04044537991285324,1.1563926935195923
741,2.4504551887512207,-8.176016807556152,0.3302425742149353,0.3307865262031555,0.01637779176235199,1.7733955383300781,1.7727011442184448,3.0094635923647983e-15,0.05199494957923889,0.6866788268089294,0.10191307961940765,0.023704463616013527,3.0094635923647983e-15,0.6866788268089294,0.10191307961940765,0.023704463616013527,0.0001,0.25,1.0,0.25,0.0,0.0,0.0,0.0,0.0,2.0335211753845215,False,True,25.0,1.0,1.0,1.0,,,,,,,,,,,,,,
742,2.4557876586914062,-8.183924674987793,0.33809199929237366,0.33874014019966125,0.01665889471769333,1.762455940246582,1.762137532234192,2.9039984613109813e-15,0.04751395061612129,0.687167763710022,0.10221907496452332,0.022880835458636284,2.9039984613109813e-15,0.687167763710022,0.10221907496452332,0.022880835458636284,0.0001,0.25,1.0,0.25,0.0,0.0,0.0,0.0,0.0,2.001638650894165,False,True,25.0,1.0,1.0,1.0,,,,,,,,,,,,,,
743,2.448741912841797,-8.037613868713379,0.33557602763175964,0.3359185755252838,0.016220832243561745,1.7610759735107422,1.760977029800415,1.0910638805120931e-15,0.041676510125398636,0.6862583160400391,0.10219524800777435,0.021101748570799828,1.0910638805120931e-15,0.6862583160400391,0.10219524800777435,0.021101748570799828,0.0001,0.25,1.0,0.25,0.0,0.0,0.0,0.0,0.0,2.0315372943878174,False,True,25.0,1.0,1.0,1.0,,,,,,,,,,,,,,
744,2.472151279449463,-8.077678680419922,0.34513726830482483,0.34618356823921204,0.016327733173966408,1.764909267425537,1.7640963792800903,4.826949069431047e-16,0.045314498245716095,0.686857283115387,0.10174736380577087,0.02233066037297249,4.826949069431047e-16,0.686857283115387,0.10174736380577087,0.02233066037297249,0.0001,0.25,1.0,0.25,0.0,0.0,0.0,0.0,0.0,2.013385057449341,False,True,25.0,1.0,1.0,1.0,,,,,,,,,,,,,,
745,2.4688024520874023,-8.218233108520508,0.34284865856170654,0.34316250681877136,0.016623515635728836,1.7665735483169556,1.7657617330551147,1.4193179202235615e-16,0.046376265585422516,0.6864367723464966,0.10226868838071823,0.02236555516719818,1.4193179202235615e-16,0.6864367723464966,0.10226868838071823,0.02236555516719818,0.0001,0.25,1.0,0.25,0.0,0.0,0.0,0.0,0.0,2.0374977588653564,False,True,25.0,1.0,1.0,1.0,,,,,,,,,,,,,,
746,2.4780001640319824,-8.214983940124512,0.34972700476646423,0.3501530885696411,0.016228456050157547,1.7619848251342773,1.7617981433868408,1.0475202195645749e-16,0.04739922285079956,0.6865224242210388,0.10258246213197708,0.022225862368941307,1.0475202195645749e-16,0.6865224242210388,0.10258246213197708,0.022225862368941307,0.0001,0.25,1.0,0.25,0.0,0.0,0.0,0.0,0.0,2.0469329357147217,False,True,25.0,1.0,1.0,1.0,,,,,,,,,,,,,,
747,2.466238498687744,-8.155294418334961,0.34232914447784424,0.3422013521194458,0.016214869916439056,1.7654197216033936,1.765566349029541,3.886955844402363e-15,0.042733997106552124,0.6866655349731445,0.10198916494846344,0.02126031555235386,3.886955844402363e-15,0.6866655349731445,0.10198916494846344,0.02126031555235386,0.0001,0.25,1.0,0.25,0.0,0.0,0.0,0.0,0.0,2.0253922939300537,False,True,25.0,1.0,1.0,1.0,,,,,,,,,,,,,,
748,2.427248477935791,-8.102394104003906,0.3205776810646057,0.32103613018989563,0.01627231575548649,1.769408941268921,1.7693153619766235,9.179302402141957e-16,0.04604295641183853,0.6867512464523315,0.10248754918575287,0.02170560508966446,9.179302402141957e-16,0.6867512464523315,0.10248754918575287,0.02170560508966446,0.0001,0.25,1.0,0.25,0.0,0.0,0.0,0.0,0.0,2.0392305850982666,False,True,25.0,1.0,1.0,1.0,,,,,,,,,,,,,,
749,2.453420639038086,-8.165109634399414,0.3342490792274475,0.3341571092605591,0.01680450513958931,1.7677605152130127,1.7686591148376465,3.6670368686584666e-15,0.0426703505218029,0.6875375509262085,0.10258180648088455,0.021360168233513832,3.6670368686584666e-15,0.6875375509262085,0.10258180648088455,0.021360168233513832,0.0001,0.25,1.0,0.25,0.0,0.0,0.0,0.0,0.0,1.9962174892425537,False,True,25.0,1.0,1.0,1.0,,,,,,,,,,,,,,
750,2.4573731422424316,-8.251225471496582,0.33964306116104126,0.3402973413467407,0.016184022650122643,1.761730670928955,1.760766863822937,1.0650797684265282e-15,0.0492994524538517,0.6870850324630737,0.10236027836799622,0.02227034606039524,2.9813635392213237e-16,0.6856083273887634,0.10220839828252792,0.016212275251746178,0.0001,0.25,1.0,0.25,0.0,0.0,0.0,0.0,0.0,2.037248373031616,False,True,25.0,1.0,1.0,1.0,0.7858684062957764,0.7858684062957764,0.21413159370422363,8.901896476745605,0.0,0.942148745059967,3.9615914821624756,-0.0,1.4087141752243042,0.7848649024963379,2.9813635392213237e-16,0.7848649024963379,0.04019748792052269,1.1629035472869873
751,2.464054822921753,-8.265612602233887,0.3421841561794281,0.3429894745349884,0.016300754621624947,1.762843132019043,1.7623176574707031,9.17052396443485e-16,0.047807879745960236,0.6866157054901123,0.10211147367954254,0.021696632727980614,9.17052396443485e-16,0.6866157054901123,0.10211147367954254,0.021696632727980614,0.0001,0.25,1.0,0.25,0.0,0.0,0.0,0.0,0.0,2.0170979499816895,False,True,25.0,1.0,1.0,1.0,,,,,,,,,,,,,,
752,2.4560751914978027,-8.19162654876709,0.33929574489593506,0.34005939960479736,0.016348764300346375,1.76104736328125,1.7596951723098755,2.637634551486763e-15,0.043679144233465195,0.6868286728858948,0.1026008203625679,0.021911779418587685,2.637634551486763e-15,0.6868286728858948,0.1026008203625679,0.021911779418587685,0.0001,0.25,1.0,0.25,0.0,0.0,0.0,0.0,0.0,2.0414130687713623,False,True,25.0,1.0,1.0,1.0,,,,,,,,,,,,,,
753,2.453892707824707,-8.157004356384277,0.3354538679122925,0.3362060785293579,0.016173476353287697,1.7666079998016357,1.7655103206634521,6.947132887506053e-16,0.041958585381507874,0.686521589756012,0.10203962028026581,0.02123977616429329,6.947132887506053e-16,0.686521589756012,0.10203962028026581,0.02123977616429329,0.0001,0.25,1.0,0.25,0.0,0.0,0.0,0.0,0.0,2.025448799133301,False,True,25.0,1.0,1.0,1.0,,,,,,,,,,,,,,
754,2.4395885467529297,-8.192239761352539,0.32969290018081665,0.32966095209121704,0.016239739954471588,1.7638630867004395,1.7641266584396362,1.5643737682787386e-16,0.044167399406433105,0.6870222687721252,0.1018877774477005,0.021198974922299385,1.5643737682787386e-16,0.6870222687721252,0.1018877774477005,0.021198974922299385,0.0001,0.25,1.0,0.25,0.0,0.0,0.0,0.0,0.0,2.0194156169891357,False,True,25.0,1.0,1.0,1.0,,,,,,,,,,,,,,
755,2.4769866466522217,-8.30139446258545,0.34216371178627014,0.34222203493118286,0.01613951474428177,1.7759249210357666,1.7769979238510132,8.5862162852216e-15,0.04575405269861221,0.6868627071380615,0.10180437564849854,0.022902080789208412,8.5862162852216e-15,0.6868627071380615,0.10180437564849854,0.022902080789208412,0.0001,0.25,1.0,0.25,0.0,0.0,0.0,0.0,0.0,2.0411245822906494,False,True,25.0,1.0,1.0,1.0,,,,,,,,,,,,,,
756,2.457871913909912,-8.273784637451172,0.33651912212371826,0.3358800709247589,0.016459064558148384,1.7682746648788452,1.769752860069275,2.155768519222106e-15,0.04426049813628197,0.6864679455757141,0.10142733156681061,0.022057317197322845,2.155768519222106e-15,0.6864679455757141,0.10142733156681061,0.022057317197322845,0.0001,0.25,1.0,0.25,0.0,0.0,0.0,0.0,0.0,2.038409471511841,False,True,25.0,1.0,1.0,1.0,,,,,,,,,,,,,,
757,2.459798812866211,-8.171778678894043,0.33748123049736023,0.33736175298690796,0.015966318547725677,1.7683391571044922,1.7696399688720703,2.3770825582301305e-15,0.0396820493042469,0.6865146160125732,0.10195698589086533,0.021228717640042305,2.3770825582301305e-15,0.6865146160125732,0.10195698589086533,0.021228717640042305,0.0001,0.25,1.0,0.25,0.0,0.0,0.0,0.0,0.0,2.053774833679199,False,True,25.0,1.0,1.0,1.0,,,,,,,,,,,,,,
758,2.45773983001709,-8.18838119506836,0.3357549011707306,0.335955947637558,0.016192328184843063,1.7691506147384644,1.7705225944519043,2.7588129907450947e-15,0.04087260738015175,0.6872902512550354,0.10205002129077911,0.020668884739279747,2.7588129907450947e-15,0.6872902512550354,0.10205002129077911,0.020668884739279747,0.0001,0.25,1.0,0.25,0.0,0.0,0.0,0.0,0.0,2.034536361694336,False,True,25.0,1.0,1.0,1.0,,,,,,,,,,,,,,
759,2.4551267623901367,-8.290962219238281,0.3321084678173065,0.3329000174999237,0.01586431823670864,1.7745821475982666,1.773925542831421,1.3612591321149792e-15,0.044500865042209625,0.6868082284927368,0.10207313299179077,0.02171269617974758,1.3612591321149792e-15,0.6868082284927368,0.10207313299179077,0.02171269617974758,0.0001,0.25,1.0,0.25,0.0,0.0,0.0,0.0,0.0,1.9987603425979614,False,True,25.0,1.0,1.0,1.0,,,,,,,,,,,,,,
760,2.453355312347412,-8.347359657287598,0.3341563940048218,0.33494219183921814,0.01642933301627636,1.768594741821289,1.7670602798461914,2.122747813276124e-16,0.04503374546766281,0.686650276184082,0.10166095197200775,0.021206090226769447,3.1777738788191975e-16,0.6856025457382202,0.1019587591290474,0.015582958236336708,0.0001,0.25,1.0,0.25,0.0,0.0,0.0,0.0,0.0,2.0558269023895264,False,True,25.0,1.0,1.0,1.0,0.785401463508606,0.785401463508606,0.21459853649139404,8.89297866821289,0.0,0.9445512294769287,3.9577741622924805,-0.0,1.4094679355621338,0.7849399447441101,3.1777738788191975e-16,0.7849399447441101,0.04030498117208481,1.1585441827774048
761,2.470693349838257,-8.265464782714844,0.34207838773727417,0.3422395586967468,0.016426991671323776,1.7699495553970337,1.7699475288391113,2.4845310169299435e-15,0.04112835228443146,0.6869127154350281,0.10176116228103638,0.021159561350941658,2.4845310169299435e-15,0.6869127154350281,0.10176116228103638,0.021159561350941658,0.0001,0.25,1.0,0.25,0.0,0.0,0.0,0.0,0.0,2.0019640922546387,False,True,25.0,1.0,1.0,1.0,,,,,,,,,,,,,,
762,2.4546172618865967,-8.193432807922363,0.33613863587379456,0.33658352494239807,0.016312094405293465,1.765928030014038,1.7652379274368286,5.677767301047508e-15,0.038150712847709656,0.6868013143539429,0.10222730785608292,0.020646564662456512,5.677767301047508e-15,0.6868013143539429,0.10222730785608292,0.020646564662456512,0.0001,0.25,1.0,0.25,0.0,0.0,0.0,0.0,0.0,2.0249361991882324,False,True,25.0,1.0,1.0,1.0,,,,,,,,,,,,,,
763,2.4871511459350586,-8.277388572692871,0.34877336025238037,0.34935030341148376,0.01628258265554905,1.7724342346191406,1.7730555534362793,2.1933964755962206e-15,0.04220692440867424,0.686803936958313,0.10177632421255112,0.020497173070907593,2.1933964755962206e-15,0.686803936958313,0.10177632421255112,0.020497173070907593,0.0001,0.25,1.0,0.25,0.0,0.0,0.0,0.0,0.0,2.0098955631256104,False,True,25.0,1.0,1.0,1.0,,,,,,,,,,,,,,
764,2.4580869674682617,-8.369749069213867,0.3359315097332001,0.336281418800354,0.016003096476197243,1.7697391510009766,1.7700026035308838,1.1124799439131156e-15,0.044371310621500015,0.6866316795349121,0.10208901762962341,0.021290248259902,1.1124799439131156e-15,0.6866316795349121,0.10208901762962341,0.021290248259902,0.0001,0.25,1.0,0.25,0.0,0.0,0.0,0.0,0.0,2.02542781829834,False,True,25.0,1.0,1.0,1.0,,,,,,,,,,,,,,
765,2.46832013130188,-8.357331275939941,0.34055495262145996,0.34107115864753723,0.01636124961078167,1.7705274820327759,1.770138144493103,2.9479219900655634e-15,0.038851168006658554,0.6867308020591736,0.10207486152648926,0.020901136100292206,2.9479219900655634e-15,0.6867308020591736,0.10207486152648926,0.020901136100292206,0.0001,0.25,1.0,0.25,0.0,0.0,0.0,0.0,0.0,2.0335285663604736,False,True,25.0,1.0,1.0,1.0,,,,,,,,,,,,,,
766,2.4656267166137695,-8.304960250854492,0.3429985046386719,0.34352028369903564,0.016232872381806374,1.7631012201309204,1.7626489400863647,1.155599532521635e-15,0.03882896155118942,0.6866162419319153,0.10170315206050873,0.020430544391274452,1.155599532521635e-15,0.6866162419319153,0.10170315206050873,0.020430544391274452,0.0001,0.25,1.0,0.25,0.0,0.0,0.0,0.0,0.0,2.014657974243164,False,True,25.0,1.0,1.0,1.0,,,,,,,,,,,,,,
767,2.466946601867676,-8.304317474365234,0.33990398049354553,0.3408569097518921,0.016393126919865608,1.7706315517425537,1.7689534425735474,3.2796262067294354e-17,0.038706064224243164,0.6865113973617554,0.10176876932382584,0.020200658589601517,3.2796262067294354e-17,0.6865113973617554,0.10176876932382584,0.020200658589601517,0.0001,0.25,1.0,0.25,0.0,0.0,0.0,0.0,0.0,2.0282442569732666,False,True,25.0,1.0,1.0,1.0,,,,,,,,,,,,,,
768,2.446044921875,-8.307038307189941,0.3328646123409271,0.3339843153953552,0.015968702733516693,1.763679027557373,1.7627754211425781,9.714075594599776e-16,0.03771337866783142,0.6864219903945923,0.10175371170043945,0.02144964598119259,9.714075594599776e-16,0.6864219903945923,0.10175371170043945,0.02144964598119259,0.0001,0.25,1.0,0.25,0.0,0.0,0.0,0.0,0.0,2.0316264629364014,False,True,25.0,1.0,1.0,1.0,,,,,,,,,,,,,,
769,2.4414963722229004,-8.378535270690918,0.3334439694881439,0.33394500613212585,0.015852205455303192,1.7584011554718018,1.7581090927124023,1.1108600198712714e-16,0.03630171716213226,0.6862000823020935,0.10269175469875336,0.01979248784482479,1.1108600198712714e-16,0.6862000823020935,0.10269175469875336,0.01979248784482479,0.0001,0.25,1.0,0.25,0.0,0.0,0.0,0.0,0.0,2.012218713760376,False,True,25.0,1.0,1.0,1.0,,,,,,,,,,,,,,
770,2.4511032104492188,-8.367305755615234,0.33781030774116516,0.338055819272995,0.015557198785245419,1.759783148765564,1.7595770359039307,2.4267436764111765e-15,0.04043698310852051,0.6863647699356079,0.10205420106649399,0.02134755440056324,2.5789883332034856e-16,0.6854678988456726,0.10195634514093399,0.01487713772803545,0.0001,0.25,1.0,0.25,0.0,0.0,0.0,0.0,0.0,2.0127668380737305,False,True,25.0,1.0,1.0,1.0,0.7860723733901978,0.7860723733901978,0.21392762660980225,8.876655578613281,0.0,0.9451278448104858,3.9587655067443848,-0.0,1.4101243019104004,0.7848669290542603,2.5789883332034856e-16,0.7848669290542603,0.04011613130569458,1.1498034000396729
771,2.469402313232422,-8.347023010253906,0.34517934918403625,0.3452034592628479,0.01611803099513054,1.7625552415847778,1.7632476091384888,7.069145336580074e-16,0.03851597011089325,0.6865299344062805,0.10206544399261475,0.021244578063488007,7.069145336580074e-16,0.6865299344062805,0.10206544399261475,0.021244578063488007,0.0001,0.25,1.0,0.25,0.0,0.0,0.0,0.0,0.0,2.0256834030151367,False,True,25.0,1.0,1.0,1.0,,,,,,,,,,,,,,
772,2.4459352493286133,-8.32087230682373,0.33135512471199036,0.33165350556373596,0.015794362872838974,1.7671951055526733,1.767069697380066,9.820745630021062e-16,0.03767606243491173,0.6864303946495056,0.1016455888748169,0.019518384709954262,9.820745630021062e-16,0.6864303946495056,0.1016455888748169,0.019518384709954262,0.0001,0.25,1.0,0.25,0.0,0.0,0.0,0.0,0.0,2.038067102432251,False,True,25.0,1.0,1.0,1.0,,,,,,,,,,,,,,
773,2.451749801635742,-8.333020210266113,0.33319467306137085,0.33351340889930725,0.016016267240047455,1.7688888311386108,1.7691619396209717,3.2383700111955366e-15,0.03952246531844139,0.6871150732040405,0.10195966064929962,0.02081480622291565,3.2383700111955366e-15,0.6871150732040405,0.10195966064929962,0.02081480622291565,0.0001,0.25,1.0,0.25,0.0,0.0,0.0,0.0,0.0,2.0337579250335693,False,True,25.0,1.0,1.0,1.0,,,,,,,,,,,,,,
774,2.4568092823028564,-8.364667892456055,0.3329114615917206,0.3334003686904907,0.01620541140437126,1.7745343446731567,1.7740496397018433,7.706986689199878e-17,0.04174758121371269,0.6863968968391418,0.10187617689371109,0.02047058753669262,7.706986689199878e-17,0.6863968968391418,0.10187617689371109,0.02047058753669262,0.0001,0.25,1.0,0.25,0.0,0.0,0.0,0.0,0.0,2.0040531158447266,False,True,25.0,1.0,1.0,1.0,,,,,,,,,,,,,,
775,2.4470643997192383,-8.39447021484375,0.33055272698402405,0.33116352558135986,0.01607913337647915,1.769935131072998,1.7686030864715576,5.680421584666848e-16,0.04015108942985535,0.6862474679946899,0.10266195982694626,0.02051406353712082,5.680421584666848e-16,0.6862474679946899,0.10266195982694626,0.02051406353712082,0.0001,0.25,1.0,0.25,0.0,0.0,0.0,0.0,0.0,2.022181510925293,False,True,25.0,1.0,1.0,1.0,,,,,,,,,,,,,,
776,2.4500458240509033,-8.392983436584473,0.33353087306022644,0.3341591954231262,0.015940876677632332,1.7668354511260986,1.7659941911697388,8.889842656703193e-16,0.03749196603894234,0.6864469647407532,0.10239356011152267,0.020326895639300346,8.889842656703193e-16,0.6864469647407532,0.10239356011152267,0.020326895639300346,0.0001,0.25,1.0,0.25,0.0,0.0,0.0,0.0,0.0,2.0056607723236084,False,True,25.0,1.0,1.0,1.0,,,,,,,,,,,,,,
777,2.454071521759033,-8.40158748626709,0.3347523808479309,0.33545467257499695,0.016060983762145042,1.7680277824401855,1.7675790786743164,6.439081996347331e-16,0.037529949098825455,0.6867835521697998,0.1024627834558487,0.020808903500437737,6.439081996347331e-16,0.6867835521697998,0.1024627834558487,0.020808903500437737,0.0001,0.25,1.0,0.25,0.0,0.0,0.0,0.0,0.0,1.998838186264038,False,True,25.0,1.0,1.0,1.0,,,,,,,,,,,,,,
778,2.4557926654815674,-8.395635604858398,0.3356265425682068,0.3364493250846863,0.016334425657987595,1.7676349878311157,1.76712965965271,1.2448904635685128e-15,0.03639687970280647,0.6862454414367676,0.10212445259094238,0.02007438801229,1.2448904635685128e-15,0.6862454414367676,0.10212445259094238,0.02007438801229,0.0001,0.25,1.0,0.25,0.0,0.0,0.0,0.0,0.0,2.040302276611328,False,True,25.0,1.0,1.0,1.0,,,,,,,,,,,,,,
779,2.4386277198791504,-8.354100227355957,0.32938694953918457,0.3294856548309326,0.016016677021980286,1.7634614706039429,1.7640151977539062,3.55728261422266e-17,0.035456638783216476,0.6866346001625061,0.1017688438296318,0.020232586190104485,3.55728261422266e-17,0.6866346001625061,0.1017688438296318,0.020232586190104485,0.0001,0.25,1.0,0.25,0.0,0.0,0.0,0.0,0.0,1.9988658428192139,False,True,25.0,1.0,1.0,1.0,,,,,,,,,,,,,,
780,2.466674327850342,-8.395942687988281,0.3409040868282318,0.34120872616767883,0.015855256468057632,1.7685208320617676,1.7688918113708496,8.936975143308668e-17,0.0379519946873188,0.6866493821144104,0.10188429802656174,0.02065456286072731,1.9591007892781028e-16,0.6855461597442627,0.10217129439115524,0.014770451001822948,0.0001,0.25,1.0,0.25,0.0,0.0,0.0,0.0,0.0,2.007840394973755,False,True,25.0,1.0,1.0,1.0,0.7847277522087097,0.7847277522087097,0.21527224779129028,8.909711837768555,0.0,0.9456083178520203,3.955331802368164,-0.0,1.4044063091278076,0.7847824096679688,1.9591007892781028e-16,0.7847824096679688,0.03947025537490845,1.150637149810791
781,2.4439334869384766,-8.409809112548828,0.3331278860569,0.33345121145248413,0.01640668511390686,1.7611621618270874,1.7607331275939941,7.148150217152851e-16,0.03768863156437874,0.6864008903503418,0.10194484889507294,0.0202817190438509,7.148150217152851e-16,0.6864008903503418,0.10194484889507294,0.0202817190438509,0.0001,0.25,1.0,0.25,0.0,0.0,0.0,0.0,0.0,2.0270919799804688,False,True,25.0,1.0,1.0,1.0,,,,,,,,,,,,,,
782,2.4546899795532227,-8.487436294555664,0.3324492275714874,0.33317768573760986,0.016283759847283363,1.7733511924743652,1.7722071409225464,2.725036916698619e-15,0.03701348602771759,0.6864625215530396,0.10251028835773468,0.020810721442103386,2.725036916698619e-15,0.6864625215530396,0.10251028835773468,0.020810721442103386,0.0001,0.25,1.0,0.25,0.0,0.0,0.0,0.0,0.0,2.022927761077881,False,True,25.0,1.0,1.0,1.0,,,,,,,,,,,,,,
783,2.4801077842712402,-8.471604347229004,0.34490421414375305,0.3460234999656677,0.016406496986746788,1.773271083831787,1.7722760438919067,6.102561100359118e-16,0.03259097784757614,0.6860907673835754,0.10189542174339294,0.019327593967318535,6.102561100359118e-16,0.6860907673835754,0.10189542174339294,0.019327593967318535,0.0001,0.25,1.0,0.25,0.0,0.0,0.0,0.0,0.0,1.976691484451294,False,True,25.0,1.0,1.0,1.0,,,,,,,,,,,,,,
784,2.4417531490325928,-8.39965534210205,0.32958167791366577,0.3306479752063751,0.016208212822675705,1.766111135482788,1.764519453048706,4.360474790488303e-16,0.03357057273387909,0.6869174242019653,0.10206637531518936,0.020282989367842674,4.360474790488303e-16,0.6869174242019653,0.10206637531518936,0.020282989367842674,0.0001,0.25,1.0,0.25,0.0,0.0,0.0,0.0,0.0,2.0278050899505615,False,True,25.0,1.0,1.0,1.0,,,,,,,,,,,,,,
785,2.463444232940674,-8.416155815124512,0.3394457697868347,0.3397427797317505,0.016225403174757957,1.767896056175232,1.7681641578674316,5.988741312769617e-17,0.03474147245287895,0.686438798904419,0.10149344801902771,0.0197518989443779,5.988741312769617e-17,0.686438798904419,0.10149344801902771,0.0197518989443779,0.0001,0.25,1.0,0.25,0.0,0.0,0.0,0.0,0.0,2.0087292194366455,False,True,25.0,1.0,1.0,1.0,,,,,,,,,,,,,,
786,2.455317974090576,-8.52833080291748,0.33378535509109497,0.33363214135169983,0.016294969245791435,1.7709965705871582,1.772214651107788,2.7618275810043728e-15,0.036559246480464935,0.6863863468170166,0.1019500195980072,0.020178556442260742,2.7618275810043728e-15,0.6863863468170166,0.1019500195980072,0.020178556442260742,0.0001,0.25,1.0,0.25,0.0,0.0,0.0,0.0,0.0,2.034149169921875,False,True,25.0,1.0,1.0,1.0,,,,,,,,,,,,,,
787,2.458993434906006,-8.55878734588623,0.337778776884079,0.33765581250190735,0.016246624290943146,1.7670313119888306,1.767593264579773,4.0624163371459274e-16,0.03901322931051254,0.6862917542457581,0.10224682092666626,0.0202165674418211,4.0624163371459274e-16,0.6862917542457581,0.10224682092666626,0.0202165674418211,0.0001,0.25,1.0,0.25,0.0,0.0,0.0,0.0,0.0,2.0291593074798584,False,True,25.0,1.0,1.0,1.0,,,,,,,,,,,,,,
788,2.4655845165252686,-8.487537384033203,0.34503600001335144,0.3452378213405609,0.01633238047361374,1.7591054439544678,1.758851408958435,3.1206144320770597e-15,0.03213595226407051,0.686558723449707,0.10192200541496277,0.018921611830592155,3.1206144320770597e-15,0.686558723449707,0.10192200541496277,0.018921611830592155,0.0001,0.25,1.0,0.25,0.0,0.0,0.0,0.0,0.0,2.0293526649475098,False,True,25.0,1.0,1.0,1.0,,,,,,,,,,,,,,
789,2.4509341716766357,-8.382681846618652,0.3360801935195923,0.33678165078163147,0.016163622960448265,1.762308120727539,1.7615092992782593,1.0147760698758714e-15,0.03385314717888832,0.68739914894104,0.10183130204677582,0.020355701446533203,1.0147760698758714e-15,0.68739914894104,0.10183130204677582,0.020355701446533203,0.0001,0.25,1.0,0.25,0.0,0.0,0.0,0.0,0.0,1.9826518297195435,False,True,25.0,1.0,1.0,1.0,,,,,,,,,,,,,,
790,2.4712135791778564,-8.490653038024902,0.33927637338638306,0.3403834402561188,0.01632588542997837,1.7762138843536377,1.7742418050765991,2.0332949665874227e-15,0.03690195083618164,0.6865555644035339,0.10210233926773071,0.019877007231116295,3.4097278871434333e-16,0.6854986548423767,0.10178007185459137,0.013982299715280533,0.0001,0.25,1.0,0.25,0.0,0.0,0.0,0.0,0.0,2.0298826694488525,False,True,25.0,1.0,1.0,1.0,0.7853398323059082,0.7853398323059082,0.2146601676940918,8.902119636535645,0.0,0.9478666186332703,3.953683376312256,-0.0,1.4017817974090576,0.7847887277603149,3.4097278871434333e-16,0.7847887277603149,0.038909077644348145,1.1485098600387573
791,2.466492176055908,-8.606730461120605,0.34218549728393555,0.3435482382774353,0.016045328229665756,1.7657476663589478,1.7636783123016357,1.4183768930889416e-15,0.03852929547429085,0.686888575553894,0.1017797440290451,0.02034560777246952,1.4183768930889416e-15,0.686888575553894,0.1017797440290451,0.02034560777246952,0.0001,0.25,1.0,0.25,0.0,0.0,0.0,0.0,0.0,1.9992399215698242,False,True,25.0,1.0,1.0,1.0,,,,,,,,,,,,,,
792,2.4844071865081787,-8.585417747497559,0.34966591000556946,0.3500491976737976,0.016091113910079002,1.7683781385421753,1.7688236236572266,7.012161195053541e-16,0.035583674907684326,0.6862599849700928,0.10174635052680969,0.01944907382130623,7.012161195053541e-16,0.6862599849700928,0.10174635052680969,0.01944907382130623,0.0001,0.25,1.0,0.25,0.0,0.0,0.0,0.0,0.0,1.995503306388855,False,True,25.0,1.0,1.0,1.0,,,,,,,,,,,,,,
793,2.447427272796631,-8.490283012390137,0.334754079580307,0.33509647846221924,0.0156375952064991,1.7617841958999634,1.7620937824249268,1.1550259006339308e-14,0.03149794787168503,0.686253547668457,0.10164450109004974,0.018868520855903625,1.1550259006339308e-14,0.686253547668457,0.10164450109004974,0.018868520855903625,0.0001,0.25,1.0,0.25,0.0,0.0,0.0,0.0,0.0,2.0132384300231934,False,True,25.0,1.0,1.0,1.0,,,,,,,,,,,,,,
794,2.4864296913146973,-8.472513198852539,0.35196301341056824,0.35196617245674133,0.016051724553108215,1.7660976648330688,1.7667999267578125,7.336006666502567e-15,0.029515018686652184,0.6871273517608643,0.10215834528207779,0.017901208251714706,7.336006666502567e-15,0.6871273517608643,0.10215834528207779,0.017901208251714706,0.0001,0.25,1.0,0.25,0.0,0.0,0.0,0.0,0.0,2.0007851123809814,False,True,25.0,1.0,1.0,1.0,,,,,,,,,,,,,,
795,2.46083402633667,-8.584063529968262,0.33620214462280273,0.33626532554626465,0.01592806540429592,1.7719006538391113,1.7729761600494385,1.1850380567243399e-15,0.03401482477784157,0.6869683861732483,0.10164275765419006,0.019279759377241135,1.1850380567243399e-15,0.6869683861732483,0.10164275765419006,0.019279759377241135,0.0001,0.25,1.0,0.25,0.0,0.0,0.0,0.0,0.0,2.0156335830688477,False,True,25.0,1.0,1.0,1.0,,,,,,,,,,,,,,
796,2.450361490249634,-8.624567031860352,0.33664005994796753,0.3367123603820801,0.015859046950936317,1.7607605457305908,1.7615394592285156,7.81479677802861e-17,0.03916478157043457,0.6864950060844421,0.10184726864099503,0.02103969268500805,7.81479677802861e-17,0.6864950060844421,0.10184726864099503,0.02103969268500805,0.0001,0.25,1.0,0.25,0.0,0.0,0.0,0.0,0.0,2.002880811691284,False,True,25.0,1.0,1.0,1.0,,,,,,,,,,,,,,
797,2.4797205924987793,-8.530346870422363,0.3551928699016571,0.354849636554718,0.016610709950327873,1.752743124961853,1.7533916234970093,1.3209153763537305e-15,0.03235284984111786,0.6870173811912537,0.10202767699956894,0.01858980767428875,1.3209153763537305e-15,0.6870173811912537,0.10202767699956894,0.01858980767428875,0.0001,0.25,1.0,0.25,0.0,0.0,0.0,0.0,0.0,2.0428261756896973,False,True,25.0,1.0,1.0,1.0,,,,,,,,,,,,,,
798,2.447239398956299,-8.48874568939209,0.3334611654281616,0.33383435010910034,0.015737399458885193,1.764474868774414,1.7639378309249878,6.521434245248538e-16,0.0306607224047184,0.6867756247520447,0.10159508883953094,0.01809493824839592,6.521434245248538e-16,0.6867756247520447,0.10159508883953094,0.01809493824839592,0.0001,0.25,1.0,0.25,0.0,0.0,0.0,0.0,0.0,1.989300012588501,False,True,25.0,1.0,1.0,1.0,,,,,,,,,,,,,,
799,2.4715237617492676,-8.508406639099121,0.34311386942863464,0.3436950743198395,0.01592886820435524,1.7691322565078735,1.768439769744873,7.347888844686651e-15,0.03018988110125065,0.6863950490951538,0.10218590497970581,0.0189176257699728,7.347888844686651e-15,0.6863950490951538,0.10218590497970581,0.0189176257699728,0.0001,0.25,1.0,0.25,0.0,0.0,0.0,0.0,0.0,1.9955576658248901,False,True,25.0,1.0,1.0,1.0,,,,,,,,,,,,,,
800,2.4853291511535645,-8.620415687561035,0.3462541699409485,0.34695732593536377,0.016155190765857697,1.77659010887146,1.7753351926803589,2.3070801555790093e-15,0.03353644162416458,0.686486005783081,0.10187926888465881,0.019388174638152122,4.1538430538946164e-16,0.6854041218757629,0.1022566631436348,0.013509683310985565,0.0001,0.25,1.0,0.25,0.0,0.0,0.0,0.0,0.0,2.0372188091278076,False,True,25.0,1.0,1.0,1.0,0.785166323184967,0.785166323184967,0.21483367681503296,8.932182312011719,0.0,0.9435421824455261,3.9577066898345947,-0.0,1.4147368669509888,0.7847896218299866,4.1538430538946164e-16,0.7847896218299866,0.037722211331129074,1.159819483757019
801,2.464829444885254,-8.656956672668457,0.33983880281448364,0.3403988778591156,0.016281824558973312,1.7685290575027466,1.7680909633636475,5.568438535083909e-16,0.032558269798755646,0.68620765209198,0.10257763415575027,0.019132373854517937,5.568438535083909e-16,0.68620765209198,0.10257763415575027,0.019132373854517937,0.0001,0.25,1.0,0.25,0.0,0.0,0.0,0.0,0.0,2.0555405616760254,False,True,25.0,1.0,1.0,1.0,,,,,,,,,,,,,,
802,2.4832653999328613,-8.571854591369629,0.3460442125797272,0.3466029465198517,0.016531391069293022,1.7739615440368652,1.7742117643356323,2.8016122950204336e-16,0.029615577310323715,0.6865496635437012,0.10246217250823975,0.018449263647198677,2.8016122950204336e-16,0.6865496635437012,0.10246217250823975,0.018449263647198677,0.0001,0.25,1.0,0.25,0.0,0.0,0.0,0.0,0.0,2.0329396724700928,False,True,25.0,1.0,1.0,1.0,,,,,,,,,,,,,,
803,2.4748075008392334,-8.551361083984375,0.34215492010116577,0.34292593598365784,0.016125056892633438,1.773642659187317,1.7735605239868164,3.465215810623842e-15,0.02922402136027813,0.6868093013763428,0.10232801735401154,0.01830146834254265,3.465215810623842e-15,0.6868093013763428,0.10232801735401154,0.01830146834254265,0.0001,0.25,1.0,0.25,0.0,0.0,0.0,0.0,0.0,2.0335090160369873,False,True,25.0,1.0,1.0,1.0,,,,,,,,,,,,,,
804,2.4561712741851807,-8.5979585647583,0.337751567363739,0.3381158411502838,0.01579161547124386,1.7644891738891602,1.7645353078842163,9.824513470798465e-17,0.0298780407756567,0.6867050528526306,0.10201063007116318,0.018736982718110085,9.824513470798465e-17,0.6867050528526306,0.10201063007116318,0.018736982718110085,0.0001,0.25,1.0,0.25,0.0,0.0,0.0,0.0,0.0,2.0320615768432617,False,True,25.0,1.0,1.0,1.0,,,,,,,,,,,,,,
805,2.4521942138671875,-8.665177345275879,0.33385995030403137,0.3339845538139343,0.016071585938334465,1.7680906057357788,1.7684656381607056,4.932367719551883e-15,0.030856585130095482,0.6863386034965515,0.10203630477190018,0.01962936483323574,4.932367719551883e-15,0.6863386034965515,0.10203630477190018,0.01962936483323574,0.0001,0.25,1.0,0.25,0.0,0.0,0.0,0.0,0.0,2.0240447521209717,False,True,25.0,1.0,1.0,1.0,,,,,,,,,,,,,,
806,2.452436685562134,-8.646893501281738,0.3412646949291229,0.3412276804447174,0.01599188521504402,1.753467321395874,1.754437804222107,6.229438959621728e-17,0.029888030141592026,0.6866455078125,0.10183067619800568,0.019316984340548515,6.229438959621728e-17,0.6866455078125,0.10183067619800568,0.019316984340548515,0.0001,0.25,1.0,0.25,0.0,0.0,0.0,0.0,0.0,2.0308918952941895,False,True,25.0,1.0,1.0,1.0,,,,,,,,,,,,,,
807,2.4562392234802246,-8.607377052307129,0.3407563865184784,0.34085792303085327,0.01619529351592064,1.7585806846618652,1.7582786083221436,1.0233935713229998e-15,0.028392402455210686,0.6864229440689087,0.10209185630083084,0.018656594678759575,1.0233935713229998e-15,0.6864229440689087,0.10209185630083084,0.018656594678759575,0.0001,0.25,1.0,0.25,0.0,0.0,0.0,0.0,0.0,2.048849582672119,False,True,25.0,1.0,1.0,1.0,,,,,,,,,,,,,,
808,2.465092182159424,-8.613234519958496,0.34341415762901306,0.3439406454563141,0.015681833028793335,1.7621315717697144,1.7619796991348267,2.8773232762195752e-15,0.02616584487259388,0.6865655779838562,0.10277793556451797,0.018198102712631226,2.8773232762195752e-15,0.6865655779838562,0.10277793556451797,0.018198102712631226,0.0001,0.25,1.0,0.25,0.0,0.0,0.0,0.0,0.0,2.0450735092163086,False,True,25.0,1.0,1.0,1.0,,,,,,,,,,,,,,
809,2.4618570804595947,-8.63769817352295,0.33674412965774536,0.33716753125190735,0.016238301992416382,1.7718031406402588,1.7716108560562134,2.1073772093081126e-16,0.029371146112680435,0.686475396156311,0.10180582851171494,0.018381062895059586,2.1073772093081126e-16,0.686475396156311,0.10180582851171494,0.018381062895059586,0.0001,0.25,1.0,0.25,0.0,0.0,0.0,0.0,0.0,2.017428398132324,False,True,25.0,1.0,1.0,1.0,,,,,,,,,,,,,,
810,2.4652507305145264,-8.680293083190918,0.3380340337753296,0.33841362595558167,0.015635646879673004,1.7731337547302246,1.7732011079788208,1.007395448289971e-15,0.028212934732437134,0.68684983253479,0.10145670920610428,0.018443331122398376,2.826523239301677e-16,0.685532808303833,0.1016259640455246,0.012996409088373184,0.0001,0.25,1.0,0.25,0.0,0.0,0.0,0.0,0.0,2.010960102081299,False,True,25.0,1.0,1.0,1.0,0.7851833701133728,0.7851833701133728,0.2148166298866272,8.951976776123047,0.0,0.9438785314559937,3.9568474292755127,-0.0,1.3977930545806885,0.7846766710281372,2.826523239301677e-16,0.7846766710281372,0.03890218585729599,1.157228708267212
811,2.4653539657592773,-8.671540260314941,0.34191757440567017,0.3428488075733185,0.015602847561240196,1.7657091617584229,1.7642600536346436,2.2483105215392234e-16,0.027014784514904022,0.6864410042762756,0.10176340490579605,0.0177490022033453,2.2483105215392234e-16,0.6864410042762756,0.10176340490579605,0.0177490022033453,0.0001,0.25,1.0,0.25,0.0,0.0,0.0,0.0,0.0,2.0119588375091553,False,True,25.0,1.0,1.0,1.0,,,,,,,,,,,,,,
812,2.4717495441436768,-8.670459747314453,0.34161338210105896,0.3426154553890228,0.01557470764964819,1.7723841667175293,1.7715076208114624,1.0453345833930832e-15,0.0287514328956604,0.6870102286338806,0.10167735069990158,0.01893746294081211,1.0453345833930832e-15,0.6870102286338806,0.10167735069990158,0.01893746294081211,0.0001,0.25,1.0,0.25,0.0,0.0,0.0,0.0,0.0,2.039184808731079,False,True,25.0,1.0,1.0,1.0,,,,,,,,,,,,,,
813,2.4598770141601562,-8.696504592895508,0.33713284134864807,0.3380664587020874,0.015730028972029686,1.769395112991333,1.768500566482544,7.087182241447365e-17,0.026265058666467667,0.6866136193275452,0.1013728678226471,0.01769181340932846,7.087182241447365e-17,0.6866136193275452,0.1013728678226471,0.01769181340932846,0.0001,0.25,1.0,0.25,0.0,0.0,0.0,0.0,0.0,2.0388455390930176,False,True,25.0,1.0,1.0,1.0,,,,,,,,,,,,,,
814,2.4616146087646484,-8.665059089660645,0.3396205008029938,0.34043437242507935,0.015708552673459053,1.766292929649353,1.7654094696044922,5.595556824285848e-16,0.031710006296634674,0.6865890622138977,0.10206480324268341,0.019301889464259148,5.595556824285848e-16,0.6865890622138977,0.10206480324268341,0.019301889464259148,0.0001,0.25,1.0,0.25,0.0,0.0,0.0,0.0,0.0,2.0106797218322754,False,True,25.0,1.0,1.0,1.0,,,,,,,,,,,,,,
815,2.4617061614990234,-8.695969581604004,0.34293821454048157,0.34296008944511414,0.015941249206662178,1.759745478630066,1.7599879503250122,1.1044246605847272e-15,0.029221797361969948,0.6867711544036865,0.10153166949748993,0.017899231985211372,1.1044246605847272e-15,0.6867711544036865,0.10153166949748993,0.017899231985211372,0.0001,0.25,1.0,0.25,0.0,0.0,0.0,0.0,0.0,2.0346429347991943,False,True,25.0,1.0,1.0,1.0,,,,,,,,,,,,,,
816,2.448775291442871,-8.670613288879395,0.33881521224975586,0.3389955759048462,0.015226628631353378,1.7555729150772095,1.755902647972107,1.3631079932805985e-15,0.026076508685946465,0.6867103576660156,0.10105367004871368,0.01846480369567871,1.3631079932805985e-15,0.6867103576660156,0.10105367004871368,0.01846480369567871,0.0001,0.25,1.0,0.25,0.0,0.0,0.0,0.0,0.0,2.033789873123169,False,True,25.0,1.0,1.0,1.0,,,,,,,,,,,,,,
817,2.449536085128784,-8.647236824035645,0.33282405138015747,0.33236098289489746,0.016126850619912148,1.7675577402114868,1.768890619277954,3.184529950090093e-16,0.02532176859676838,0.6868007779121399,0.10109233111143112,0.017108459025621414,3.184529950090093e-16,0.6868007779121399,0.10109233111143112,0.017108459025621414,0.0001,0.25,1.0,0.25,0.0,0.0,0.0,0.0,0.0,2.039328098297119,False,True,25.0,1.0,1.0,1.0,,,,,,,,,,,,,,
818,2.480682373046875,-8.73417854309082,0.3431090712547302,0.34348297119140625,0.01634877920150757,1.7775617837905884,1.777921199798584,1.0105582693150186e-15,0.02858315221965313,0.6872312426567078,0.10170815885066986,0.018492134287953377,1.0105582693150186e-15,0.6872312426567078,0.10170815885066986,0.018492134287953377,0.0001,0.25,1.0,0.25,0.0,0.0,0.0,0.0,0.0,2.0362186431884766,False,True,25.0,1.0,1.0,1.0,,,,,,,,,,,,,,
819,2.4699866771698,-8.818102836608887,0.3392179310321808,0.33940327167510986,0.01592845469713211,1.7750062942504883,1.7758680582046509,2.652091286314026e-15,0.028916392475366592,0.6870805025100708,0.10139758139848709,0.018749967217445374,2.652091286314026e-15,0.6870805025100708,0.10139758139848709,0.018749967217445374,0.0001,0.25,1.0,0.25,0.0,0.0,0.0,0.0,0.0,1.997997760772705,False,True,25.0,1.0,1.0,1.0,,,,,,,,,,,,,,
820,2.4668428897857666,-8.740748405456543,0.3450298011302948,0.34578806161880493,0.015995681285858154,1.760321021080017,1.7597376108169556,1.4027829106508715e-16,0.026349680498242378,0.6865548491477966,0.1012582778930664,0.017648952081799507,5.153670354161802e-16,0.6855324506759644,0.10161885619163513,0.012645849958062172,0.0001,0.25,1.0,0.25,0.0,0.0,0.0,0.0,0.0,2.017509937286377,False,True,25.0,1.0,1.0,1.0,0.7846518754959106,0.7846518754959106,0.21534812450408936,8.960956573486328,0.0,0.9441668391227722,3.9557297229766846,-0.0,1.3945873975753784,0.7844852209091187,5.153670354161802e-16,0.7844852209091187,0.03904898092150688,1.1610864400863647
821,2.449477434158325,-8.678203582763672,0.33253732323646545,0.33396202325820923,0.01576210930943489,1.7679508924484253,1.7664811611175537,3.130760827993982e-17,0.026780856773257256,0.6866868734359741,0.1010923758149147,0.01869010552763939,3.130760827993982e-17,0.6866868734359741,0.1010923758149147,0.01869010552763939,0.0001,0.25,1.0,0.25,0.0,0.0,0.0,0.0,0.0,2.010256767272949,False,True,25.0,1.0,1.0,1.0,,,,,,,,,,,,,,
822,2.4666898250579834,-8.708969116210938,0.3429524302482605,0.34419119358062744,0.0157419852912426,1.76487135887146,1.7627369165420532,1.190030786552812e-15,0.024645837023854256,0.6867378950119019,0.10145982354879379,0.017911238595843315,1.190030786552812e-15,0.6867378950119019,0.10145982354879379,0.017911238595843315,0.0001,0.25,1.0,0.25,0.0,0.0,0.0,0.0,0.0,2.030984401702881,False,True,25.0,1.0,1.0,1.0,,,,,,,,,,,,,,
823,2.4660263061523438,-8.768762588500977,0.34271377325057983,0.3438580334186554,0.016199709847569466,1.7640284299850464,1.7624810934066772,7.689989358456665e-15,0.027161072939634323,0.6866832971572876,0.10173922032117844,0.018153896555304527,7.689989358456665e-15,0.6866832971572876,0.10173922032117844,0.018153896555304527,0.0001,0.25,1.0,0.25,0.0,0.0,0.0,0.0,0.0,2.014373540878296,False,True,25.0,1.0,1.0,1.0,,,,,,,,,,,,,,
824,2.4618797302246094,-8.847762107849121,0.33978143334388733,0.3409671187400818,0.01571422815322876,1.7660259008407593,1.7648078203201294,3.592245129965333e-15,0.027840571478009224,0.6864463686943054,0.10193634778261185,0.017534755170345306,3.592245129965333e-15,0.6864463686943054,0.10193634778261185,0.017534755170345306,0.0001,0.25,1.0,0.25,0.0,0.0,0.0,0.0,0.0,2.030104160308838,False,True,25.0,1.0,1.0,1.0,,,,,,,,,,,,,,
825,2.4739625453948975,-8.782886505126953,0.34693944454193115,0.3473333418369293,0.01621587947010994,1.7633098363876343,1.7636382579803467,3.217470913178047e-14,0.026942502707242966,0.6867575645446777,0.10206339508295059,0.018216600641608238,3.217470913178047e-14,0.6867575645446777,0.10206339508295059,0.018216600641608238,0.0001,0.25,1.0,0.25,0.0,0.0,0.0,0.0,0.0,2.003406286239624,False,True,25.0,1.0,1.0,1.0,,,,,,,,,,,,,,
826,2.4553675651550293,-8.684698104858398,0.3373281955718994,0.3376699388027191,0.015644827857613564,1.7642930746078491,1.7651561498641968,1.5175005002249025e-15,0.027734307572245598,0.686356246471405,0.10231243818998337,0.018196813762187958,1.5175005002249025e-15,0.686356246471405,0.10231243818998337,0.018196813762187958,0.0001,0.25,1.0,0.25,0.0,0.0,0.0,0.0,0.0,2.004401206970215,False,True,25.0,1.0,1.0,1.0,,,,,,,,,,,,,,
827,2.453422784805298,-8.729001998901367,0.33307453989982605,0.33326369524002075,0.015944847837090492,1.7704532146453857,1.7718262672424316,4.6677914727628455e-15,0.029268892481923103,0.6865424513816833,0.1020795926451683,0.01853354088962078,4.6677914727628455e-15,0.6865424513816833,0.1020795926451683,0.01853354088962078,0.0001,0.25,1.0,0.25,0.0,0.0,0.0,0.0,0.0,2.022916555404663,False,True,25.0,1.0,1.0,1.0,,,,,,,,,,,,,,
828,2.451680898666382,-8.796255111694336,0.3321928083896637,0.33220016956329346,0.015796814113855362,1.771189570426941,1.7717925310134888,3.057170182020055e-15,0.028886396437883377,0.6873273849487305,0.10214139521121979,0.017808694392442703,3.057170182020055e-15,0.6873273849487305,0.10214139521121979,0.017808694392442703,0.0001,0.25,1.0,0.25,0.0,0.0,0.0,0.0,0.0,2.00662899017334,False,True,25.0,1.0,1.0,1.0,,,,,,,,,,,,,,
829,2.4654595851898193,-8.789934158325195,0.34032413363456726,0.3412657082080841,0.015364309772849083,1.7690043449401855,1.7680065631866455,2.5975739164881342e-15,0.026311511173844337,0.6868700981140137,0.10155512392520905,0.01873057521879673,2.5975739164881342e-15,0.6868700981140137,0.10155512392520905,0.01873057521879673,0.0001,0.25,1.0,0.25,0.0,0.0,0.0,0.0,0.0,2.0043869018554688,False,True,25.0,1.0,1.0,1.0,,,,,,,,,,,,,,
830,2.470841407775879,-8.771981239318848,0.3401243984699249,0.3409025967121124,0.015711521729826927,1.7746124267578125,1.7735934257507324,1.7920250431003237e-15,0.021599475294351578,0.6865431666374207,0.10196824371814728,0.0176168791949749,5.679808715942058e-16,0.685481071472168,0.10168415307998657,0.01261081825941801,0.0001,0.25,1.0,0.25,0.0,0.0,0.0,0.0,0.0,2.0245840549468994,False,True,25.0,1.0,1.0,1.0,0.7845384478569031,0.7845384478569031,0.21546155214309692,8.952597618103027,0.0,0.9446473121643066,3.95526385307312,-0.0,1.3969898223876953,0.7844886779785156,5.679808715942058e-16,0.7844886183738708,0.03913315758109093,1.1504713296890259
831,2.472364664077759,-8.766704559326172,0.3420949876308441,0.3422130346298218,0.01598304882645607,1.7719759941101074,1.7721712589263916,1.2927745489778666e-14,0.02726326510310173,0.6862035989761353,0.10162430256605148,0.018271323293447495,1.2927745489778666e-14,0.6862035989761353,0.10162430256605148,0.018271323293447495,0.0001,0.25,1.0,0.25,0.0,0.0,0.0,0.0,0.0,1.9975932836532593,False,True,25.0,1.0,1.0,1.0,,,,,,,,,,,,,,
832,2.4715118408203125,-8.832590103149414,0.34126365184783936,0.3415698707103729,0.015519445762038231,1.7731660604476929,1.7731515169143677,1.77495065882869e-15,0.025088313966989517,0.6870293617248535,0.10170873254537582,0.017994096502661705,1.77495065882869e-15,0.6870293617248535,0.10170873254537582,0.017994096502661705,0.0001,0.25,1.0,0.25,0.0,0.0,0.0,0.0,0.0,1.9962962865829468,False,True,25.0,1.0,1.0,1.0,,,,,,,,,,,,,,
833,2.4755163192749023,-8.864373207092285,0.348072350025177,0.3485649824142456,0.01589086465537548,1.763061285018921,1.7629151344299316,1.3537149272911404e-15,0.022927938029170036,0.6867807507514954,0.10119961202144623,0.017391610890626907,1.3537149272911404e-15,0.6867807507514954,0.10119961202144623,0.017391610890626907,0.0001,0.25,1.0,0.25,0.0,0.0,0.0,0.0,0.0,2.0014898777008057,False,True,25.0,1.0,1.0,1.0,,,,,,,,,,,,,,
834,2.463688611984253,-8.819145202636719,0.3411838412284851,0.3412748873233795,0.015584122389554977,1.7652355432510376,1.7660558223724365,7.380942611387355e-15,0.024986548349261284,0.6866374611854553,0.10156652331352234,0.017356863245368004,7.380942611387355e-15,0.6866374611854553,0.10156652331352234,0.017356863245368004,0.0001,0.25,1.0,0.25,0.0,0.0,0.0,0.0,0.0,2.0155141353607178,False,True,25.0,1.0,1.0,1.0,,,,,,,,,,,,,,
835,2.4648818969726562,-8.78954792022705,0.3426303565502167,0.3424653112888336,0.015439018607139587,1.7640528678894043,1.7646418809890747,4.389894627026609e-16,0.023112498223781586,0.6863473653793335,0.10156567394733429,0.017015228047966957,4.389894627026609e-16,0.6863473653793335,0.10156567394733429,0.017015228047966957,0.0001,0.25,1.0,0.25,0.0,0.0,0.0,0.0,0.0,2.0306639671325684,False,True,25.0,1.0,1.0,1.0,,,,,,,,,,,,,,
836,2.4461004734039307,-8.823259353637695,0.33342719078063965,0.33406996726989746,0.01575283706188202,1.7631027698516846,1.7625980377197266,1.1750246873317837e-14,0.023898150771856308,0.6865701079368591,0.10145680606365204,0.017742646858096123,1.1750246873317837e-14,0.6865701079368591,0.10145680606365204,0.017742646858096123,0.0001,0.25,1.0,0.25,0.0,0.0,0.0,0.0,0.0,2.0420541763305664,False,True,25.0,1.0,1.0,1.0,,,,,,,,,,,,,,
837,2.469926118850708,-8.876529693603516,0.3407442271709442,0.3410547077655792,0.015657909214496613,1.7726470232009888,1.7722915410995483,1.7954377388448113e-15,0.02560981549322605,0.6868609189987183,0.10216102004051208,0.018544908612966537,1.7954377388448113e-15,0.6868609189987183,0.10216102004051208,0.018544908612966537,0.0001,0.25,1.0,0.25,0.0,0.0,0.0,0.0,0.0,2.0033154487609863,False,True,25.0,1.0,1.0,1.0,,,,,,,,,,,,,,
838,2.4669666290283203,-8.92558765411377,0.3440903425216675,0.3449479639530182,0.015811460092663765,1.7624726295471191,1.761760950088501,3.8544385142550667e-16,0.022993892431259155,0.687167763710022,0.10158845037221909,0.017154086381196976,3.8544385142550667e-16,0.687167763710022,0.10158845037221909,0.017154086381196976,0.0001,0.25,1.0,0.25,0.0,0.0,0.0,0.0,0.0,2.0036089420318604,False,True,25.0,1.0,1.0,1.0,,,,,,,,,,,,,,
839,2.4498002529144287,-8.898045539855957,0.3361928462982178,0.3368162512779236,0.015680326148867607,1.7614796161651611,1.7607418298721313,2.1124372782558914e-15,0.023605771362781525,0.6863211989402771,0.10182119160890579,0.016988180577754974,2.1124372782558914e-15,0.6863211989402771,0.10182119160890579,0.016988180577754974,0.0001,0.25,1.0,0.25,0.0,0.0,0.0,0.0,0.0,2.0393731594085693,False,True,25.0,1.0,1.0,1.0,,,,,,,,,,,,,,
840,2.4633283615112305,-8.875638961791992,0.3417956233024597,0.3421485424041748,0.015654124319553375,1.7638903856277466,1.763569712638855,6.793523462521485e-16,0.021014388650655746,0.6859196424484253,0.10171891003847122,0.016086485236883163,5.514217714562638e-16,0.6854200959205627,0.10187194496393204,0.012208618223667145,0.0001,0.25,1.0,0.25,0.0,0.0,0.0,0.0,0.0,2.0531132221221924,False,True,25.0,1.0,1.0,1.0,0.7841992378234863,0.7841992378234863,0.21580076217651367,8.988202095031738,0.0,0.9432538747787476,3.9559152126312256,-0.0,1.40597665309906,0.7841804027557373,5.514217714562638e-16,0.7841804027557373,0.039160411804914474,1.1542160511016846
841,2.462193012237549,-8.878799438476562,0.34088581800460815,0.34054049849510193,0.015320963226258755,1.7647743225097656,1.766116976737976,5.373024328383198e-16,0.021315209567546844,0.686872124671936,0.10239685326814651,0.016450917348265648,5.373024328383198e-16,0.686872124671936,0.10239685326814651,0.016450917348265648,0.0001,0.25,1.0,0.25,0.0,0.0,0.0,0.0,0.0,2.0390663146972656,False,True,25.0,1.0,1.0,1.0,,,,,,,,,,,,,,
842,2.4444122314453125,-8.915261268615723,0.3317357301712036,0.3315020501613617,0.015420938841998577,1.765289545059204,1.7662172317504883,7.046021972394742e-15,0.02345953695476055,0.6865095496177673,0.10226619243621826,0.016427230089902878,7.046021972394742e-15,0.6865095496177673,0.10226619243621826,0.016427230089902878,0.0001,0.25,1.0,0.25,0.0,0.0,0.0,0.0,0.0,2.019472122192383,False,True,25.0,1.0,1.0,1.0,,,,,,,,,,,,,,
843,2.4735989570617676,-8.899882316589355,0.34791141748428345,0.34787970781326294,0.01540488563477993,1.7622166872024536,1.7625890970230103,6.253753516828695e-15,0.023164615035057068,0.6867924332618713,0.10232145339250565,0.016610335558652878,6.253753516828695e-15,0.6867924332618713,0.10232145339250565,0.016610335558652878,0.0001,0.25,1.0,0.25,0.0,0.0,0.0,0.0,0.0,2.0323855876922607,False,True,25.0,1.0,1.0,1.0,,,,,,,,,,,,,,
844,2.4547293186187744,-8.901572227478027,0.339966356754303,0.3406360149383545,0.015867264941334724,1.758662223815918,1.757857084274292,1.480602749778792e-14,0.024143798276782036,0.6866558194160461,0.10174788534641266,0.017389768734574318,1.480602749778792e-14,0.6866558194160461,0.10174788534641266,0.017389768734574318,0.0001,0.25,1.0,0.25,0.0,0.0,0.0,0.0,0.0,2.0162599086761475,False,True,25.0,1.0,1.0,1.0,,,,,,,,,,,,,,
845,2.455742359161377,-8.91652774810791,0.3356010615825653,0.3360311686992645,0.016052402555942535,1.768112063407898,1.768003225326538,2.5575334832252973e-14,0.02469523623585701,0.6864993572235107,0.10182643681764603,0.016587087884545326,2.5575334832252973e-14,0.6864993572235107,0.10182643681764603,0.016587087884545326,0.0001,0.25,1.0,0.25,0.0,0.0,0.0,0.0,0.0,2.0020322799682617,False,True,25.0,1.0,1.0,1.0,,,,,,,,,,,,,,
846,2.462985038757324,-8.959030151367188,0.33970317244529724,0.34079575538635254,0.015775693580508232,1.7674672603607178,1.7659533023834229,4.560854410204937e-15,0.02317502535879612,0.6872063875198364,0.10196079313755035,0.016444144770503044,4.560854410204937e-15,0.6872063875198364,0.10196079313755035,0.016444144770503044,0.0001,0.25,1.0,0.25,0.0,0.0,0.0,0.0,0.0,1.9853579998016357,False,True,25.0,1.0,1.0,1.0,,,,,,,,,,,,,,
847,2.4637911319732666,-8.93852710723877,0.3365379571914673,0.33698591589927673,0.01564316637814045,1.7746095657348633,1.7746384143829346,4.9975312347335776e-15,0.022573528811335564,0.6866216063499451,0.10149504989385605,0.016200469806790352,4.9975312347335776e-15,0.6866216063499451,0.10149504989385605,0.016200469806790352,0.0001,0.25,1.0,0.25,0.0,0.0,0.0,0.0,0.0,2.0244290828704834,False,True,25.0,1.0,1.0,1.0,,,,,,,,,,,,,,
848,2.4448115825653076,-8.891855239868164,0.3318740129470825,0.3320278227329254,0.015351329930126667,1.765182375907898,1.7659345865249634,9.502168915262194e-15,0.02240397408604622,0.6869240403175354,0.10138098150491714,0.01655619591474533,9.502168915262194e-15,0.6869240403175354,0.10138098150491714,0.01655619591474533,0.0001,0.25,1.0,0.25,0.0,0.0,0.0,0.0,0.0,2.009488105773926,False,True,25.0,1.0,1.0,1.0,,,,,,,,,,,,,,
849,2.4477388858795166,-8.915258407592773,0.331725150346756,0.33265113830566406,0.01532112155109644,1.7685099840164185,1.7675729990005493,2.114152281746065e-16,0.023760030046105385,0.6871777772903442,0.10100970417261124,0.016860827803611755,2.114152281746065e-16,0.6871777772903442,0.10100970417261124,0.016860827803611755,0.0001,0.25,1.0,0.25,0.0,0.0,0.0,0.0,0.0,2.022671937942505,False,True,25.0,1.0,1.0,1.0,,,,,,,,,,,,,,
850,2.460447311401367,-8.97002124786377,0.33699172735214233,0.33734312653541565,0.01533581968396902,1.7708853483200073,1.7706681489944458,3.892470875921936e-15,0.022538447752594948,0.6860948204994202,0.1016823947429657,0.01624516397714615,6.870255284642475e-16,0.6854990720748901,0.10157807916402817,0.011785969138145447,0.0001,0.25,1.0,0.25,0.0,0.0,0.0,0.0,0.0,2.016967296600342,False,True,25.0,1.0,1.0,1.0,0.7834662199020386,0.7834662199020386,0.21653378009796143,9.008532524108887,0.0,0.9433019161224365,3.955170154571533,-0.0,1.4054375886917114,0.7840202450752258,6.870255284642475e-16,0.7840202450752258,0.04010773077607155,1.1500250101089478
851,2.4605226516723633,-8.944504737854004,0.33835282921791077,0.3392162621021271,0.015593966469168663,1.768134355545044,1.7665845155715942,1.8271150770062276e-15,0.02309325523674488,0.6865361928939819,0.10167637467384338,0.016036128625273705,1.8271150770062276e-15,0.6865361928939819,0.10167637467384338,0.016036128625273705,0.0001,0.25,1.0,0.25,0.0,0.0,0.0,0.0,0.0,2.0261316299438477,False,True,25.0,1.0,1.0,1.0,,,,,,,,,,,,,,
852,2.4500722885131836,-8.931066513061523,0.33328932523727417,0.3341314196586609,0.015281089581549168,1.7681007385253906,1.7666401863098145,1.0667733684529158e-14,0.021136552095413208,0.6866315603256226,0.10128103196620941,0.016366679221391678,1.0667733684529158e-14,0.6866315603256226,0.10128103196620941,0.016366679221391678,0.0001,0.25,1.0,0.25,0.0,0.0,0.0,0.0,0.0,2.0120577812194824,False,True,25.0,1.0,1.0,1.0,,,,,,,,,,,,,,
853,2.453728199005127,-8.939887046813965,0.3352181911468506,0.335389107465744,0.015214932151138783,1.768294095993042,1.7675176858901978,2.6504126787708047e-14,0.019933130592107773,0.6861822605133057,0.10145683586597443,0.015851782634854317,2.6504126787708047e-14,0.6861822605133057,0.10145683586597443,0.015851782634854317,0.0001,0.25,1.0,0.25,0.0,0.0,0.0,0.0,0.0,2.0468363761901855,False,True,25.0,1.0,1.0,1.0,,,,,,,,,,,,,,
854,2.462427854537964,-8.947975158691406,0.33690157532691956,0.33727043867111206,0.01580658368766308,1.7725613117218018,1.7723370790481567,3.07210591397899e-15,0.020222133025527,0.6864302158355713,0.1019960269331932,0.0159053485840559,3.07210591397899e-15,0.6864302158355713,0.1019960269331932,0.0159053485840559,0.0001,0.25,1.0,0.25,0.0,0.0,0.0,0.0,0.0,2.05857253074646,False,True,25.0,1.0,1.0,1.0,,,,,,,,,,,,,,
855,2.4669997692108154,-8.983222007751465,0.3405607342720032,0.340501070022583,0.01533694937825203,1.7700637578964233,1.7711381912231445,1.7113091361217586e-17,0.022467415779829025,0.6868725419044495,0.10198241472244263,0.016622234135866165,1.7113091361217586e-17,0.6868725419044495,0.10198241472244263,0.016622234135866165,0.0001,0.25,1.0,0.25,0.0,0.0,0.0,0.0,0.0,2.0083181858062744,False,True,25.0,1.0,1.0,1.0,,,,,,,,,,,,,,
856,2.466726779937744,-9.02685832977295,0.34149056673049927,0.3418748378753662,0.015429466031491756,1.7677311897277832,1.7681328058242798,9.158668256030369e-15,0.0214128028601408,0.6869475841522217,0.10224349796772003,0.015795873478055,9.158668256030369e-15,0.6869475841522217,0.10224349796772003,0.015795873478055,0.0001,0.25,1.0,0.25,0.0,0.0,0.0,0.0,0.0,2.0246057510375977,False,True,25.0,1.0,1.0,1.0,,,,,,,,,,,,,,
857,2.4765305519104004,-8.977704048156738,0.3472517430782318,0.3475356996059418,0.01573903299868107,1.765914797782898,1.766093134880066,1.4225835763423617e-15,0.024082129821181297,0.6866496801376343,0.10191427916288376,0.017210492864251137,1.4225835763423617e-15,0.6866496801376343,0.10191427916288376,0.017210492864251137,0.0001,0.25,1.0,0.25,0.0,0.0,0.0,0.0,0.0,2.025143623352051,False,True,25.0,1.0,1.0,1.0,,,,,,,,,,,,,,
858,2.466416597366333,-8.982609748840332,0.3435342013835907,0.34439617395401,0.015497039072215557,1.7632044553756714,1.7627739906311035,2.870475438357498e-15,0.019764604046940804,0.6864708065986633,0.10228683054447174,0.016349848359823227,2.870475438357498e-15,0.6864708065986633,0.10228683054447174,0.016349848359823227,0.0001,0.25,1.0,0.25,0.0,0.0,0.0,0.0,0.0,2.0275633335113525,False,True,25.0,1.0,1.0,1.0,,,,,,,,,,,,,,
859,2.4758896827697754,-8.99276351928711,0.3490510880947113,0.3495543897151947,0.015331453643739223,1.7619884014129639,1.7619167566299438,4.096349588743678e-14,0.021257951855659485,0.6866337060928345,0.1022607758641243,0.01670607179403305,4.096349588743678e-14,0.6866337060928345,0.1022607758641243,0.01670607179403305,0.0001,0.25,1.0,0.25,0.0,0.0,0.0,0.0,0.0,2.037893295288086,False,True,25.0,1.0,1.0,1.0,,,,,,,,,,,,,,
860,2.4624013900756836,-9.057526588439941,0.34034472703933716,0.3406620919704437,0.015172087587416172,1.7663295269012451,1.766115665435791,6.058530739574063e-16,0.022879451513290405,0.6866571307182312,0.10228130221366882,0.016219835728406906,5.672942282823374e-16,0.6854642629623413,0.10197518765926361,0.01167611125856638,0.0001,0.25,1.0,0.25,0.0,0.0,0.0,0.0,0.0,2.0448009967803955,False,True,25.0,1.0,1.0,1.0,0.7832954525947571,0.7832954525947571,0.21670454740524292,9.008112907409668,0.0,0.9429175853729248,3.955493688583374,-0.0,1.4037888050079346,0.7839811444282532,5.672942282823374e-16,0.7839811444282532,0.038996338844299316,1.1519211530685425
861,2.477069854736328,-9.068684577941895,0.3467845022678375,0.34718674421310425,0.015302679501473904,1.768009066581726,1.7675831317901611,1.580231230902964e-15,0.022997230291366577,0.6870509386062622,0.10222649574279785,0.016613712534308434,1.580231230902964e-15,0.6870509386062622,0.10222649574279785,0.016613712534308434,0.0001,0.25,1.0,0.25,0.0,0.0,0.0,0.0,0.0,2.0008323192596436,False,True,25.0,1.0,1.0,1.0,,,,,,,,,,,,,,
862,2.461421012878418,-9.01550579071045,0.3423214852809906,0.3425306975841522,0.015399623662233353,1.7612342834472656,1.761103868484497,6.422322390694721e-15,0.02122627943754196,0.6865978837013245,0.10180214047431946,0.016095515340566635,6.422322390694721e-15,0.6865978837013245,0.10180214047431946,0.016095515340566635,0.0001,0.25,1.0,0.25,0.0,0.0,0.0,0.0,0.0,1.9917762279510498,False,True,25.0,1.0,1.0,1.0,,,,,,,,,,,,,,
863,2.4712862968444824,-8.979036331176758,0.3451524078845978,0.3452703654766083,0.015402929857373238,1.7654012441635132,1.765519618988037,3.811235863478157e-16,0.020931098610162735,0.6870090961456299,0.10184776782989502,0.016195815056562424,3.811235863478157e-16,0.6870090961456299,0.10184776782989502,0.016195815056562424,0.0001,0.25,1.0,0.25,0.0,0.0,0.0,0.0,0.0,2.0005269050598145,False,True,25.0,1.0,1.0,1.0,,,,,,,,,,,,,,
864,2.470334529876709,-8.986332893371582,0.34481626749038696,0.3452422320842743,0.015636350959539413,1.764412760734558,1.7648669481277466,8.773215748986932e-15,0.018532760441303253,0.6874558925628662,0.101859450340271,0.0162862129509449,8.773215748986932e-15,0.6874558925628662,0.101859450340271,0.0162862129509449,0.0001,0.25,1.0,0.25,0.0,0.0,0.0,0.0,0.0,1.9955997467041016,False,True,25.0,1.0,1.0,1.0,,,,,,,,,,,,,,
865,2.4533681869506836,-9.073747634887695,0.3336617350578308,0.3341449499130249,0.01553251501172781,1.7702175378799438,1.7698404788970947,3.1613448160270827e-14,0.01951768435537815,0.6867135167121887,0.10194984823465347,0.015705673024058342,3.1613448160270827e-14,0.6867135167121887,0.10194984823465347,0.015705673024058342,0.0001,0.25,1.0,0.25,0.0,0.0,0.0,0.0,0.0,2.0100815296173096,False,True,25.0,1.0,1.0,1.0,,,,,,,,,,,,,,
866,2.4606711864471436,-9.158985137939453,0.3400251567363739,0.34042057394981384,0.015043883584439754,1.765792727470398,1.7645705938339233,4.478496655589573e-16,0.019870512187480927,0.6868691444396973,0.10129926353693008,0.015893904492259026,4.478496655589573e-16,0.6868691444396973,0.10129926353693008,0.015893904492259026,0.0001,0.25,1.0,0.25,0.0,0.0,0.0,0.0,0.0,2.034592866897583,False,True,25.0,1.0,1.0,1.0,,,,,,,,,,,,,,
867,2.4632608890533447,-9.084190368652344,0.3412679135799408,0.3420829772949219,0.015705063939094543,1.7651312351226807,1.7632784843444824,1.5234473067893381e-15,0.02172233723104,0.6862691044807434,0.10166589915752411,0.016174238175153732,1.5234473067893381e-15,0.6862691044807434,0.10166589915752411,0.016174238175153732,0.0001,0.25,1.0,0.25,0.0,0.0,0.0,0.0,0.0,2.0331192016601562,False,True,25.0,1.0,1.0,1.0,,,,,,,,,,,,,,
868,2.463540554046631,-9.012696266174316,0.3413333296775818,0.3418961465358734,0.015705114230513573,1.7647755146026611,1.7644364833831787,4.287900584051081e-15,0.022291675209999084,0.6863221526145935,0.10121796280145645,0.016057131811976433,4.287900584051081e-15,0.6863221526145935,0.10121796280145645,0.016057131811976433,0.0001,0.25,1.0,0.25,0.0,0.0,0.0,0.0,0.0,2.039834499359131,False,True,25.0,1.0,1.0,1.0,,,,,,,,,,,,,,
869,2.479032516479492,-9.063336372375488,0.34977206587791443,0.35026007890701294,0.015538190491497517,1.7634869813919067,1.763437271118164,1.1179891256113964e-16,0.020712794736027718,0.686991810798645,0.10164026916027069,0.01586848683655262,1.1179891256113964e-16,0.686991810798645,0.10164026916027069,0.01586848683655262,0.0001,0.25,1.0,0.25,0.0,0.0,0.0,0.0,0.0,2.0003347396850586,False,True,25.0,1.0,1.0,1.0,,,,,,,,,,,,,,
870,2.4659759998321533,-9.120594024658203,0.3431663513183594,0.34304988384246826,0.015616247430443764,1.7637492418289185,1.7645376920700073,2.7234258600329414e-15,0.021127305924892426,0.6869547963142395,0.10114050656557083,0.016870204359292984,6.496312564996171e-16,0.6856281757354736,0.10144912451505661,0.01168078649789095,0.0001,0.25,1.0,0.25,0.0,0.0,0.0,0.0,0.0,2.035853862762451,False,True,25.0,1.0,1.0,1.0,0.7834045886993408,0.7834045886993408,0.21659541130065918,9.009665489196777,0.0,0.9429175853729248,3.956035852432251,-0.0,1.4014763832092285,0.7840337753295898,6.496312564996171e-16,0.7840337753295898,0.03904218599200249,1.1518529653549194
871,2.467113733291626,-9.127963066101074,0.3423522114753723,0.34217166900634766,0.015489667654037476,1.7667126655578613,1.7674877643585205,5.28004509824662e-15,0.022137558087706566,0.6867233514785767,0.10136216133832932,0.016620276495814323,5.28004509824662e-15,0.6867233514785767,0.10136216133832932,0.016620276495814323,0.0001,0.25,1.0,0.25,0.0,0.0,0.0,0.0,0.0,2.027667760848999,False,True,25.0,1.0,1.0,1.0,,,,,,,,,,,,,,
872,2.4770689010620117,-9.04990005493164,0.34568309783935547,0.3452910780906677,0.015642451122403145,1.7697252035140991,1.771179437637329,1.5851276107336858e-15,0.02173209935426712,0.687152087688446,0.10154347866773605,0.01610444113612175,1.5851276107336858e-15,0.687152087688446,0.10154347866773605,0.01610444113612175,0.0001,0.25,1.0,0.25,0.0,0.0,0.0,0.0,0.0,1.9784780740737915,False,True,25.0,1.0,1.0,1.0,,,,,,,,,,,,,,
873,2.440861225128174,-9.062297821044922,0.32492318749427795,0.3252285122871399,0.015639789402484894,1.7748818397521973,1.7752575874328613,3.2466357292717585e-16,0.01818382367491722,0.6864377856254578,0.10131151229143143,0.015342924743890762,3.2466357292717585e-16,0.6864377856254578,0.10131151229143143,0.015342924743890762,0.0001,0.25,1.0,0.25,0.0,0.0,0.0,0.0,0.0,2.037750482559204,False,True,25.0,1.0,1.0,1.0,,,,,,,,,,,,,,
874,2.473731279373169,-9.110505104064941,0.34418752789497375,0.3447505235671997,0.014981638640165329,1.7699823379516602,1.7696410417556763,1.6986683327308016e-14,0.0204835943877697,0.687024712562561,0.1015351340174675,0.01626947708427906,1.6986683327308016e-14,0.687024712562561,0.1015351340174675,0.01626947708427906,0.0001,0.25,1.0,0.25,0.0,0.0,0.0,0.0,0.0,1.9938057661056519,False,True,25.0,1.0,1.0,1.0,,,,,,,,,,,,,,
875,2.4755136966705322,-9.137494087219238,0.34628531336784363,0.3470892608165741,0.01527463924139738,1.7677826881408691,1.7659465074539185,5.099853026520134e-16,0.020947471261024475,0.6864694356918335,0.10146307945251465,0.016458753496408463,5.099853026520134e-16,0.6864694356918335,0.10146307945251465,0.016458753496408463,0.0001,0.25,1.0,0.25,0.0,0.0,0.0,0.0,0.0,2.0036911964416504,False,True,25.0,1.0,1.0,1.0,,,,,,,,,,,,,,
876,2.456376791000366,-9.135385513305664,0.3365953862667084,0.3378099501132965,0.015266417525708675,1.7674953937530518,1.765914797782898,1.4101460621822348e-15,0.018496660515666008,0.686137855052948,0.10133896768093109,0.016021128743886948,1.4101460621822348e-15,0.686137855052948,0.10133896768093109,0.016021128743886948,0.0001,0.25,1.0,0.25,0.0,0.0,0.0,0.0,0.0,2.03532338142395,False,True,25.0,1.0,1.0,1.0,,,,,,,,,,,,,,
877,2.440361499786377,-9.069415092468262,0.3308418095111847,0.3319777250289917,0.015411530621349812,1.7628358602523804,1.7614251375198364,1.6545690658154879e-15,0.018462438136339188,0.6867601275444031,0.1019362211227417,0.015819989144802094,1.6545690658154879e-15,0.6867601275444031,0.1019362211227417,0.015819989144802094,0.0001,0.25,1.0,0.25,0.0,0.0,0.0,0.0,0.0,2.005190372467041,False,True,25.0,1.0,1.0,1.0,,,,,,,,,,,,,,
878,2.4751994609832764,-9.13855266571045,0.34507226943969727,0.3458985686302185,0.01563459448516369,1.7688935995101929,1.768294334411621,2.4014203559035883e-15,0.018739962950348854,0.6866074204444885,0.10156726837158203,0.016093527898192406,2.4014203559035883e-15,0.6866074204444885,0.10156726837158203,0.016093527898192406,0.0001,0.25,1.0,0.25,0.0,0.0,0.0,0.0,0.0,2.028958797454834,False,True,25.0,1.0,1.0,1.0,,,,,,,,,,,,,,
879,2.4710185527801514,-9.191291809082031,0.3442418873310089,0.3443911075592041,0.015302032232284546,1.766813039779663,1.7673540115356445,1.849113369679369e-15,0.021037105470895767,0.6866815686225891,0.10191766917705536,0.01649223268032074,1.849113369679369e-15,0.6866815686225891,0.10191766917705536,0.01649223268032074,0.0001,0.25,1.0,0.25,0.0,0.0,0.0,0.0,0.0,2.013991117477417,False,True,25.0,1.0,1.0,1.0,,,,,,,,,,,,,,
880,2.4759159088134766,-9.17078971862793,0.34636983275413513,0.34609347581863403,0.015595135278999805,1.7671549320220947,1.7685600519180298,8.830007190517965e-16,0.01963679865002632,0.6865294575691223,0.1015257015824318,0.01636081002652645,4.3965927421420975e-16,0.6854119896888733,0.10163959860801697,0.011378031224012375,0.0001,0.25,1.0,0.25,0.0,0.0,0.0,0.0,0.0,1.9925482273101807,False,True,25.0,1.0,1.0,1.0,0.7834045886993408,0.7834045886993408,0.21659541130065918,9.009665489196777,0.0,0.9429175853729248,3.956035852432251,-0.0,1.4014763832092285,0.7840203046798706,4.3965927421420975e-16,0.7840203046798706,0.03766826167702675,1.1488429307937622
881,2.472384214401245,-9.135268211364746,0.34568047523498535,0.3454204797744751,0.015565544366836548,1.7654474973678589,1.7659881114959717,3.912116627228307e-17,0.019396577030420303,0.686509370803833,0.10180366784334183,0.015725038945674896,3.912116627228307e-17,0.686509370803833,0.10180366784334183,0.015725038945674896,0.0001,0.25,1.0,0.25,0.0,0.0,0.0,0.0,0.0,2.0044493675231934,False,True,25.0,1.0,1.0,1.0,,,,,,,,,,,,,,
882,2.4595730304718018,-9.154691696166992,0.33812329173088074,0.33874616026878357,0.015180574730038643,1.7679722309112549,1.7670737504959106,1.4372523870437933e-15,0.01940150372684002,0.6865684390068054,0.1015368178486824,0.0157230906188488,1.4372523870437933e-15,0.6865684390068054,0.1015368178486824,0.0157230906188488,0.0001,0.25,1.0,0.25,0.0,0.0,0.0,0.0,0.0,2.021979331970215,False,True,25.0,1.0,1.0,1.0,,,,,,,,,,,,,,
883,2.466946601867676,-9.211379051208496,0.340461403131485,0.3413241505622864,0.015233976766467094,1.7705268859863281,1.7693272829055786,1.036188533386868e-15,0.020270168781280518,0.6866715550422668,0.1017073467373848,0.016502657905220985,1.036188533386868e-15,0.6866715550422668,0.1017073467373848,0.016502657905220985,0.0001,0.25,1.0,0.25,0.0,0.0,0.0,0.0,0.0,2.0112292766571045,False,True,25.0,1.0,1.0,1.0,,,,,,,,,,,,,,
884,2.449286460876465,-9.256509780883789,0.33280184864997864,0.3337250351905823,0.01550924964249134,1.7680481672286987,1.7664521932601929,1.5366398449428238e-15,0.019720513373613358,0.6861791014671326,0.10183664411306381,0.01539421547204256,1.5366398449428238e-15,0.6861791014671326,0.10183664411306381,0.01539421547204256,0.0001,0.25,1.0,0.25,0.0,0.0,0.0,0.0,0.0,2.0269410610198975,False,True,25.0,1.0,1.0,1.0,,,,,,,,,,,,,,
885,2.456949472427368,-9.20036792755127,0.33811306953430176,0.33948415517807007,0.015284239314496517,1.7651852369308472,1.7629507780075073,6.225808629349355e-16,0.016266990453004837,0.6861532330513,0.10143162310123444,0.016131294891238213,6.225808629349355e-16,0.6861532330513,0.10143162310123444,0.016131294891238213,0.0001,0.25,1.0,0.25,0.0,0.0,0.0,0.0,0.0,1.9953631162643433,False,True,25.0,1.0,1.0,1.0,,,,,,,,,,,,,,
886,2.4478514194488525,-9.11206340789795,0.33279624581336975,0.33352184295654297,0.015426998026669025,1.7665895223617554,1.7656232118606567,5.684544517537608e-16,0.018439827486872673,0.686187207698822,0.10145549476146698,0.015979401767253876,5.684544517537608e-16,0.686187207698822,0.10145549476146698,0.015979401767253876,0.0001,0.25,1.0,0.25,0.0,0.0,0.0,0.0,0.0,2.0203027725219727,False,True,25.0,1.0,1.0,1.0,,,,,,,,,,,,,,
887,2.480802536010742,-9.221303939819336,0.34327852725982666,0.34407564997673035,0.015581702813506126,1.7779887914657593,1.7777445316314697,5.756679960908153e-16,0.01842106133699417,0.6866966485977173,0.10155539959669113,0.01590779609978199,5.756679960908153e-16,0.6866966485977173,0.10155539959669113,0.01590779609978199,0.0001,0.25,1.0,0.25,0.0,0.0,0.0,0.0,0.0,2.008565664291382,False,True,25.0,1.0,1.0,1.0,,,,,,,,,,,,,,
888,2.468118906021118,-9.323101043701172,0.34256434440612793,0.34268152713775635,0.015118966810405254,1.7674461603164673,1.768061876296997,8.200494554049835e-17,0.020432671532034874,0.6868873238563538,0.10133926570415497,0.01588699035346508,8.200494554049835e-17,0.6868873238563538,0.10133926570415497,0.01588699035346508,0.0001,0.25,1.0,0.25,0.0,0.0,0.0,0.0,0.0,2.0102503299713135,False,True,25.0,1.0,1.0,1.0,,,,,,,,,,,,,,
889,2.4680328369140625,-9.229169845581055,0.3478870689868927,0.347851037979126,0.015548846684396267,1.7563763856887817,1.7571154832839966,5.427340845521472e-16,0.021544085815548897,0.6867382526397705,0.1018812283873558,0.016329478472471237,5.427340845521472e-16,0.6867382526397705,0.1018812283873558,0.016329478472471237,0.0001,0.25,1.0,0.25,0.0,0.0,0.0,0.0,0.0,2.0043869018554688,False,True,25.0,1.0,1.0,1.0,,,,,,,,,,,,,,
890,2.4540467262268066,-9.146037101745605,0.3395335376262665,0.339490681886673,0.015306456945836544,1.7592629194259644,1.7601689100265503,2.473931511325799e-16,0.022018667310476303,0.6864568591117859,0.10198232531547546,0.01631912589073181,3.8493274772792205e-16,0.6855883002281189,0.10138599574565887,0.011411000974476337,0.0001,0.25,1.0,0.25,0.0,0.0,0.0,0.0,0.0,1.981315016746521,False,True,25.0,1.0,1.0,1.0,0.7834045886993408,0.7834045886993408,0.21659541130065918,9.009665489196777,0.0,0.9429175853729248,3.956035852432251,-0.0,1.4014763832092285,0.7838918566703796,3.8493274772792205e-16,0.7838918566703796,0.038051798939704895,1.1447067260742188
891,2.4678268432617188,-9.15827751159668,0.34549185633659363,0.345469206571579,0.01542972307652235,1.7611711025238037,1.761700987815857,4.8619856343821554e-15,0.019282711669802666,0.6867209076881409,0.10155081748962402,0.015651840716600418,4.8619856343821554e-15,0.6867209076881409,0.10155081748962402,0.015651840716600418,0.0001,0.25,1.0,0.25,0.0,0.0,0.0,0.0,0.0,2.012596607208252,False,True,25.0,1.0,1.0,1.0,,,,,,,,,,,,,,
892,2.4717657566070557,-9.28529167175293,0.3414752781391144,0.3414003252983093,0.01543970126658678,1.7733497619628906,1.7735509872436523,2.579871139648756e-15,0.01829427480697632,0.686610221862793,0.10181926190853119,0.015819676220417023,2.579871139648756e-15,0.686610221862793,0.10181926190853119,0.015819676220417023,0.0001,0.25,1.0,0.25,0.0,0.0,0.0,0.0,0.0,2.033601999282837,False,True,25.0,1.0,1.0,1.0,,,,,,,,,,,,,,
893,2.463418960571289,-9.312703132629395,0.3396957218647003,0.3401872217655182,0.015304558910429478,1.7685271501541138,1.7679357528686523,1.4125659294334219e-15,0.01950402744114399,0.6870343089103699,0.1011977270245552,0.01580760069191456,1.4125659294334219e-15,0.6870343089103699,0.1011977270245552,0.01580760069191456,0.0001,0.25,1.0,0.25,0.0,0.0,0.0,0.0,0.0,2.00543212890625,False,True,25.0,1.0,1.0,1.0,,,,,,,,,,,,,,
894,2.469205379486084,-9.224855422973633,0.3430123031139374,0.3428090512752533,0.015538925305008888,1.7675182819366455,1.768172025680542,9.54468065185194e-16,0.02014630101621151,0.687301516532898,0.10138058662414551,0.015731846913695335,9.54468065185194e-16,0.687301516532898,0.10138058662414551,0.015731846913695335,0.0001,0.25,1.0,0.25,0.0,0.0,0.0,0.0,0.0,2.015113115310669,False,True,25.0,1.0,1.0,1.0,,,,,,,,,,,,,,
895,2.4694464206695557,-9.181674003601074,0.34232255816459656,0.3422553837299347,0.015519766137003899,1.7689729928970337,1.7697244882583618,3.611349058118147e-16,0.01571783609688282,0.6867491602897644,0.10119664669036865,0.015597638674080372,3.611349058118147e-16,0.6867491602897644,0.10119664669036865,0.015597638674080372,0.0001,0.25,1.0,0.25,0.0,0.0,0.0,0.0,0.0,2.016993761062622,False,True,25.0,1.0,1.0,1.0,,,,,,,,,,,,,,
896,2.4637720584869385,-9.244513511657715,0.33844417333602905,0.3385224938392639,0.015583696775138378,1.77113938331604,1.7713041305541992,9.611950314456982e-15,0.018719090148806572,0.6868934631347656,0.10123328119516373,0.01620675064623356,9.611950314456982e-15,0.6868934631347656,0.10123328119516373,0.01620675064623356,0.0001,0.25,1.0,0.25,0.0,0.0,0.0,0.0,0.0,1.9744555950164795,False,True,25.0,1.0,1.0,1.0,,,,,,,,,,,,,,
897,2.4753897190093994,-9.379802703857422,0.34460902214050293,0.3450053632259369,0.015594045631587505,1.7705258131027222,1.76983642578125,2.1753938490935145e-15,0.02230558544397354,0.6867628693580627,0.1015830859541893,0.016825595870614052,2.1753938490935145e-15,0.6867628693580627,0.1015830859541893,0.016825595870614052,0.0001,0.25,1.0,0.25,0.0,0.0,0.0,0.0,0.0,1.9950990676879883,False,True,25.0,1.0,1.0,1.0,,,,,,,,,,,,,,
898,2.494981050491333,-9.334835052490234,0.35854974389076233,0.3593137264251709,0.015567856840789318,1.7619415521621704,1.7611581087112427,8.359483961738447e-18,0.020926447585225105,0.6862618923187256,0.10163433849811554,0.01662411354482174,8.359483961738447e-18,0.6862618923187256,0.10163433849811554,0.01662411354482174,0.0001,0.25,1.0,0.25,0.0,0.0,0.0,0.0,0.0,2.009660482406616,False,True,25.0,1.0,1.0,1.0,,,,,,,,,,,,,,
899,2.4521403312683105,-9.211669921875,0.33856400847435,0.33914440870285034,0.015322471968829632,1.7590320110321045,1.7591869831085205,1.0332816221910097e-15,0.01706993766129017,0.6867188811302185,0.10156449675559998,0.01573927514255047,1.0332816221910097e-15,0.6867188811302185,0.10156449675559998,0.01573927514255047,0.0001,0.25,1.0,0.25,0.0,0.0,0.0,0.0,0.0,1.985288381576538,False,True,25.0,1.0,1.0,1.0,,,,,,,,,,,,,,
900,2.439650058746338,-9.163602828979492,0.3320712745189667,0.33235815167427063,0.01548774167895317,1.7595621347427368,1.7599037885665894,3.5093381803627923e-15,0.01828993298113346,0.6870652437210083,0.10153716057538986,0.015974940732121468,3.334947895115535e-16,0.6856034994125366,0.10161445289850235,0.011194858700037003,0.0001,0.25,1.0,0.25,0.0,0.0,0.0,0.0,0.0,1.981020450592041,False,True,25.0,1.0,1.0,1.0,0.7835753560066223,0.7835753560066223,0.21642464399337769,9.01008415222168,0.0,0.9433019161224365,3.95571231842041,-0.0,1.403125286102295,0.7837904691696167,3.334947895115535e-16,0.7837904691696167,0.03768111765384674,1.1424472332000732
901,2.503568172454834,-9.314508438110352,0.35655373334884644,0.356064110994339,0.0159244816750288,1.7745006084442139,1.7755508422851562,2.300499133095317e-16,0.01674468442797661,0.686943531036377,0.10186413675546646,0.015073336660861969,2.300499133095317e-16,0.686943531036377,0.10186413675546646,0.015073336660861969,0.0001,0.25,1.0,0.25,0.0,0.0,0.0,0.0,0.0,2.0299880504608154,False,True,25.0,1.0,1.0,1.0,,,,,,,,,,,,,,
902,2.4731006622314453,-9.4226713180542,0.3428172469139099,0.3429402709007263,0.015319296158850193,1.7715871334075928,1.7724605798721313,2.0412215538473876e-16,0.018723582848906517,0.6866536736488342,0.10178785026073456,0.01627388410270214,2.0412215538473876e-16,0.6866536736488342,0.10178785026073456,0.01627388410270214,0.0001,0.25,1.0,0.25,0.0,0.0,0.0,0.0,0.0,2.0070066452026367,False,True,25.0,1.0,1.0,1.0,,,,,,,,,,,,,,
903,2.5188539028167725,-9.339966773986816,0.3688148856163025,0.3690967559814453,0.01581646129488945,1.7654520273208618,1.7647994756698608,2.950654624232524e-16,0.017128871753811836,0.6864119172096252,0.10137275606393814,0.014659498818218708,2.950654624232524e-16,0.6864119172096252,0.10137275606393814,0.014659498818218708,0.0001,0.25,1.0,0.25,0.0,0.0,0.0,0.0,0.0,2.0033648014068604,False,True,25.0,1.0,1.0,1.0,,,,,,,,,,,,,,
904,2.476870059967041,-9.239814758300781,0.3470970094203949,0.3478275239467621,0.015077442862093449,1.7671897411346436,1.766546607017517,1.4914802833599608e-15,0.017423253506422043,0.6866866946220398,0.10140231251716614,0.015020005404949188,1.4914802833599608e-15,0.6866866946220398,0.10140231251716614,0.015020005404949188,0.0001,0.25,1.0,0.25,0.0,0.0,0.0,0.0,0.0,2.015437364578247,False,True,25.0,1.0,1.0,1.0,,,,,,,,,,,,,,
905,2.4574222564697266,-9.250079154968262,0.33555805683135986,0.33586472272872925,0.015508306212723255,1.7704453468322754,1.7705371379852295,1.0426943155220425e-16,0.01821594126522541,0.6872299909591675,0.10125143826007843,0.015705561265349388,1.0426943155220425e-16,0.6872299909591675,0.10125143826007843,0.015705561265349388,0.0001,0.25,1.0,0.25,0.0,0.0,0.0,0.0,0.0,2.019040822982788,False,True,25.0,1.0,1.0,1.0,,,,,,,,,,,,,,
906,2.458813190460205,-9.389269828796387,0.33673280477523804,0.3379708230495453,0.015058061107993126,1.7698087692260742,1.768294095993042,6.69603897001758e-15,0.018951617181301117,0.6863715648651123,0.10148730874061584,0.016253003850579262,6.69603897001758e-15,0.6863715648651123,0.10148730874061584,0.016253003850579262,0.0001,0.25,1.0,0.25,0.0,0.0,0.0,0.0,0.0,1.9881447553634644,False,True,25.0,1.0,1.0,1.0,,,,,,,,,,,,,,
907,2.471792697906494,-9.434785842895508,0.34703198075294495,0.3479425609111786,0.015127182938158512,1.762235164642334,1.7611466646194458,2.505748980500427e-16,0.01906641013920307,0.686393141746521,0.10172369331121445,0.01637774333357811,2.505748980500427e-16,0.686393141746521,0.10172369331121445,0.01637774333357811,0.0001,0.25,1.0,0.25,0.0,0.0,0.0,0.0,0.0,2.0302603244781494,False,True,25.0,1.0,1.0,1.0,,,,,,,,,,,,,,
908,2.4828991889953613,-9.334525108337402,0.3517819344997406,0.3522898852825165,0.0155028710141778,1.7632735967636108,1.763375163078308,1.1306341893133802e-15,0.01774742268025875,0.6863694190979004,0.10117482393980026,0.015792302787303925,1.1306341893133802e-15,0.6863694190979004,0.10117482393980026,0.015792302787303925,0.0001,0.25,1.0,0.25,0.0,0.0,0.0,0.0,0.0,2.0148165225982666,False,True,25.0,1.0,1.0,1.0,,,,,,,,,,,,,,
909,2.4648842811584473,-9.327974319458008,0.340087354183197,0.34083956480026245,0.015030176378786564,1.769062876701355,1.7687913179397583,3.823565169179272e-15,0.018077939748764038,0.6870934367179871,0.10113353282213211,0.014903458766639233,3.823565169179272e-15,0.6870934367179871,0.10113353282213211,0.014903458766639233,0.0001,0.25,1.0,0.25,0.0,0.0,0.0,0.0,0.0,2.00296688079834,False,True,25.0,1.0,1.0,1.0,,,,,,,,,,,,,,
910,2.460357666015625,-9.35329532623291,0.3372678756713867,0.336806982755661,0.015495795756578445,1.770097255706787,1.7714765071868896,7.859143532089243e-15,0.019396895542740822,0.687375545501709,0.10121838748455048,0.015858491882681847,3.0167121848251576e-16,0.6857040524482727,0.10106255114078522,0.011157830245792866,0.0001,0.25,1.0,0.25,0.0,0.0,0.0,0.0,0.0,1.9545238018035889,False,True,25.0,1.0,1.0,1.0,0.7832911610603333,0.7832911610603333,0.21670883893966675,9.045867919921875,0.0,0.9390736222267151,3.957712411880493,-0.0,1.3901214599609375,0.7837612628936768,3.0167121848251576e-16,0.7837612628936768,0.03809197619557381,1.1386873722076416
911,2.453126907348633,-9.433014869689941,0.3352320194244385,0.3350805342197418,0.01552555151283741,1.7669179439544678,1.7676595449447632,2.0357867786995672e-16,0.016135161742568016,0.6867496371269226,0.10104875266551971,0.015271442010998726,2.0357867786995672e-16,0.6867496371269226,0.10104875266551971,0.015271442010998726,0.0001,0.25,1.0,0.25,0.0,0.0,0.0,0.0,0.0,2.0082294940948486,False,True,25.0,1.0,1.0,1.0,,,,,,,,,,,,,,
912,2.4605913162231445,-9.38942813873291,0.3414641320705414,0.3414599299430847,0.015014599077403545,1.7624469995498657,1.762858271598816,2.508466050436982e-15,0.018582003191113472,0.6864925026893616,0.10136228054761887,0.015951184555888176,2.508466050436982e-15,0.6864925026893616,0.10136228054761887,0.015951184555888176,0.0001,0.25,1.0,0.25,0.0,0.0,0.0,0.0,0.0,2.001163959503174,False,True,25.0,1.0,1.0,1.0,,,,,,,,,,,,,,
913,2.4610440731048584,-9.362739562988281,0.34044012427330017,0.3405075967311859,0.015020884573459625,1.7646889686584473,1.765461802482605,6.773493780296881e-16,0.016512811183929443,0.6867436766624451,0.10125167667865753,0.015283086337149143,6.773493780296881e-16,0.6867436766624451,0.10125167667865753,0.015283086337149143,0.0001,0.25,1.0,0.25,0.0,0.0,0.0,0.0,0.0,2.004166603088379,False,True,25.0,1.0,1.0,1.0,,,,,,,,,,,,,,
914,2.463228225708008,-9.330954551696777,0.3381976783275604,0.339130163192749,0.015004298649728298,1.7716861963272095,1.7701057195663452,1.2260380512614738e-15,0.01901686005294323,0.687136173248291,0.10158757120370865,0.015134334564208984,1.2260380512614738e-15,0.687136173248291,0.10158757120370865,0.015134334564208984,0.0001,0.25,1.0,0.25,0.0,0.0,0.0,0.0,0.0,1.9668196439743042,False,True,25.0,1.0,1.0,1.0,,,,,,,,,,,,,,
915,2.451460123062134,-9.371336936950684,0.3333607316017151,0.3345600664615631,0.015360109508037567,1.768921136856079,1.767437219619751,2.613102783268384e-15,0.01768970489501953,0.6867345571517944,0.10141286998987198,0.016448477283120155,2.613102783268384e-15,0.6867345571517944,0.10141286998987198,0.016448477283120155,0.0001,0.25,1.0,0.25,0.0,0.0,0.0,0.0,0.0,2.0067269802093506,False,True,25.0,1.0,1.0,1.0,,,,,,,,,,,,,,
916,2.4624853134155273,-9.396614074707031,0.3397955596446991,0.34055328369140625,0.015242006629705429,1.767903208732605,1.765885829925537,5.1873555533780025e-15,0.015846939757466316,0.686917781829834,0.10129423439502716,0.015166143886744976,5.1873555533780025e-15,0.686917781829834,0.10129423439502716,0.015166143886744976,0.0001,0.25,1.0,0.25,0.0,0.0,0.0,0.0,0.0,1.990424633026123,False,True,25.0,1.0,1.0,1.0,,,,,,,,,,,,,,
917,2.466986894607544,-9.470365524291992,0.34211117029190063,0.3426036536693573,0.014681607484817505,1.7675355672836304,1.7676453590393066,6.983669124290275e-16,0.016866903752088547,0.6863521337509155,0.10106761753559113,0.014787696301937103,6.983669124290275e-16,0.6863521337509155,0.10106761753559113,0.014787696301937103,0.0001,0.25,1.0,0.25,0.0,0.0,0.0,0.0,0.0,2.0004382133483887,False,True,25.0,1.0,1.0,1.0,,,,,,,,,,,,,,
918,2.4585301876068115,-9.44702434539795,0.3406139314174652,0.3410016894340515,0.015122069977223873,1.7619458436965942,1.7616392374038696,5.177608004100118e-16,0.0163996834307909,0.6866890788078308,0.10125161707401276,0.01517331600189209,5.177608004100118e-16,0.6866890788078308,0.10125161707401276,0.01517331600189209,0.0001,0.25,1.0,0.25,0.0,0.0,0.0,0.0,0.0,1.9792704582214355,False,True,25.0,1.0,1.0,1.0,,,,,,,,,,,,,,
919,2.464071035385132,-9.403114318847656,0.3422905504703522,0.34251245856285095,0.015080288052558899,1.7640769481658936,1.7642985582351685,3.163066863125608e-17,0.017133094370365143,0.6868606209754944,0.10108014196157455,0.014877952635288239,3.163066863125608e-17,0.6868606209754944,0.10108014196157455,0.014877952635288239,0.0001,0.25,1.0,0.25,0.0,0.0,0.0,0.0,0.0,1.9880807399749756,False,True,25.0,1.0,1.0,1.0,,,,,,,,,,,,,,
920,2.466218948364258,-9.406693458557129,0.34294530749320984,0.342837929725647,0.015399812720716,1.7649085521697998,1.7651629447937012,6.08649712051444e-16,0.01573742739856243,0.6873758435249329,0.10108056664466858,0.014952867291867733,1.7805828892576284e-16,0.6856408715248108,0.10099490731954575,0.011035037226974964,0.0001,0.25,1.0,0.25,0.0,0.0,0.0,0.0,0.0,1.9931999444961548,False,True,25.0,1.0,1.0,1.0,0.7839159965515137,0.7839159965515137,0.21608400344848633,9.043255805969238,0.0,0.9386892318725586,3.958085060119629,-0.0,1.3920433521270752,0.7837320566177368,1.7805828892576284e-16,0.7837320566177368,0.03732664883136749,1.1451244354248047
921,2.471734046936035,-9.48183536529541,0.34483715891838074,0.3446308672428131,0.015096431598067284,1.7664923667907715,1.7678465843200684,3.612958685415726e-16,0.015813857316970825,0.6870357990264893,0.10140920430421829,0.015312756411731243,3.612958685415726e-16,0.6870357990264893,0.10140920430421829,0.015312756411731243,0.0001,0.25,1.0,0.25,0.0,0.0,0.0,0.0,0.0,2.006798267364502,False,True,25.0,1.0,1.0,1.0,,,,,,,,,,,,,,
922,2.4595088958740234,-9.528851509094238,0.34120699763298035,0.3410811126232147,0.015264596790075302,1.7615699768066406,1.7623425722122192,1.3995346716470493e-16,0.01947922073304653,0.6871817708015442,0.10074205696582794,0.01569775864481926,1.3995346716470493e-16,0.6871817708015442,0.10074205696582794,0.01569775864481926,0.0001,0.25,1.0,0.25,0.0,0.0,0.0,0.0,0.0,1.9819598197937012,False,True,25.0,1.0,1.0,1.0,,,,,,,,,,,,,,
923,2.467679500579834,-9.470190048217773,0.34373489022254944,0.3435562551021576,0.015083059668540955,1.765081763267517,1.765528678894043,6.254637395709155e-16,0.016506463289260864,0.6872642040252686,0.10077448189258575,0.014639494009315968,6.254637395709155e-16,0.6872642040252686,0.10077448189258575,0.014639494009315968,0.0001,0.25,1.0,0.25,0.0,0.0,0.0,0.0,0.0,2.010788917541504,False,True,25.0,1.0,1.0,1.0,,,,,,,,,,,,,,
924,2.473649263381958,-9.436999320983887,0.34414228796958923,0.344205379486084,0.015507732518017292,1.7697746753692627,1.769812822341919,2.2040409268861286e-15,0.01706802286207676,0.6864920258522034,0.10108277946710587,0.015388885512948036,2.2040409268861286e-15,0.6864920258522034,0.10108277946710587,0.015388885512948036,0.0001,0.25,1.0,0.25,0.0,0.0,0.0,0.0,0.0,1.9961049556732178,False,True,25.0,1.0,1.0,1.0,,,,,,,,,,,,,,
925,2.4868927001953125,-9.469207763671875,0.35154858231544495,0.3519827425479889,0.015385713428258896,1.7679047584533691,1.7680469751358032,1.4513870375928626e-15,0.016105059534311295,0.6869633793830872,0.10059944540262222,0.014635954052209854,1.4513870375928626e-15,0.6869633793830872,0.10059944540262222,0.014635954052209854,0.0001,0.25,1.0,0.25,0.0,0.0,0.0,0.0,0.0,2.0097997188568115,False,True,25.0,1.0,1.0,1.0,,,,,,,,,,,,,,
926,2.4688963890075684,-9.437179565429688,0.34427353739738464,0.3442990779876709,0.014932767488062382,1.7651779651641846,1.76560378074646,1.9453998928980608e-16,0.01591002754867077,0.6867845058441162,0.10122331231832504,0.015121689066290855,1.9453998928980608e-16,0.6867845058441162,0.10122331231832504,0.015121689066290855,0.0001,0.25,1.0,0.25,0.0,0.0,0.0,0.0,0.0,2.0008437633514404,False,True,25.0,1.0,1.0,1.0,,,,,,,,,,,,,,
927,2.4732742309570312,-9.4678373336792,0.34361448884010315,0.3446764349937439,0.014744534157216549,1.770928144454956,1.7695492506027222,4.238803272175551e-16,0.017714470624923706,0.6863449215888977,0.10107909888029099,0.015249952673912048,4.238803272175551e-16,0.6863449215888977,0.10107909888029099,0.015249952673912048,0.0001,0.25,1.0,0.25,0.0,0.0,0.0,0.0,0.0,2.0103516578674316,False,True,25.0,1.0,1.0,1.0,,,,,,,,,,,,,,
928,2.479750633239746,-9.45256519317627,0.3491438925266266,0.3496643304824829,0.015118822455406189,1.7661248445510864,1.7655224800109863,5.314727815184013e-16,0.019226878881454468,0.6866217851638794,0.10130416601896286,0.015351111069321632,5.314727815184013e-16,0.6866217851638794,0.10130416601896286,0.015351111069321632,0.0001,0.25,1.0,0.25,0.0,0.0,0.0,0.0,0.0,2.015049934387207,False,True,25.0,1.0,1.0,1.0,,,,,,,,,,,,,,
929,2.464297294616699,-9.443397521972656,0.3412693440914154,0.34111687541007996,0.014747660607099533,1.7668756246566772,1.767451524734497,3.997687614563971e-15,0.014864201657474041,0.686900794506073,0.10095001757144928,0.014972817152738571,3.997687614563971e-15,0.686900794506073,0.10095001757144928,0.014972817152738571,0.0001,0.25,1.0,0.25,0.0,0.0,0.0,0.0,0.0,2.0119528770446777,False,True,25.0,1.0,1.0,1.0,,,,,,,,,,,,,,
930,2.48844575881958,-9.486372947692871,0.35351017117500305,0.35328033566474915,0.015069528482854366,1.7663624286651611,1.7668092250823975,1.7137633280596442e-15,0.017018374055624008,0.6867563724517822,0.10099376738071442,0.015964260324835777,1.2068301984650982e-16,0.6856052875518799,0.10113463550806046,0.01077640987932682,0.0001,0.25,1.0,0.25,0.0,0.0,0.0,0.0,0.0,2.005077362060547,False,True,25.0,1.0,1.0,1.0,0.7838316559791565,0.7838316559791565,0.2161683440208435,9.044744491577148,0.0,0.9387853145599365,3.9577856063842773,-0.0,1.3921315670013428,0.7837095260620117,1.2068301984650982e-16,0.7837095260620117,0.03682845085859299,1.1465787887573242
931,2.454777240753174,-9.518301010131836,0.3396044671535492,0.33934739232063293,0.01482690591365099,1.7605054378509521,1.761491298675537,6.364233718204968e-15,0.015479862689971924,0.686671793460846,0.10122516006231308,0.015161119401454926,6.364233718204968e-15,0.686671793460846,0.10122516006231308,0.015161119401454926,0.0001,0.25,1.0,0.25,0.0,0.0,0.0,0.0,0.0,2.0035560131073,False,True,25.0,1.0,1.0,1.0,,,,,,,,,,,,,,
932,2.4608101844787598,-9.54487133026123,0.3350653648376465,0.3347870707511902,0.015436885878443718,1.7750085592269897,1.7760332822799683,5.70173071015828e-15,0.018585827201604843,0.6865020394325256,0.10076700150966644,0.015749836340546608,5.70173071015828e-15,0.6865020394325256,0.10076700150966644,0.015749836340546608,0.0001,0.25,1.0,0.25,0.0,0.0,0.0,0.0,0.0,2.016519784927368,False,True,25.0,1.0,1.0,1.0,,,,,,,,,,,,,,
933,2.4550366401672363,-9.524285316467285,0.33669599890708923,0.3368816077709198,0.015409323386847973,1.7661181688308716,1.7659813165664673,3.2003827010935494e-15,0.01625654846429825,0.6872462630271912,0.10084616392850876,0.01490643247961998,3.2003827010935494e-15,0.6872462630271912,0.10084616392850876,0.01490643247961998,0.0001,0.25,1.0,0.25,0.0,0.0,0.0,0.0,0.0,2.024338722229004,False,True,25.0,1.0,1.0,1.0,,,,,,,,,,,,,,
934,2.468451976776123,-9.479042053222656,0.3387550711631775,0.33980387449264526,0.015306387096643448,1.775058627128601,1.7741146087646484,5.326889090724216e-16,0.01687692664563656,0.6869942545890808,0.10178997367620468,0.015270300209522247,5.326889090724216e-16,0.6869942545890808,0.10178997367620468,0.015270300209522247,0.0001,0.25,1.0,0.25,0.0,0.0,0.0,0.0,0.0,2.0274436473846436,False,True,25.0,1.0,1.0,1.0,,,,,,,,,,,,,,
935,2.465869903564453,-9.531571388244629,0.3405183255672455,0.3414176106452942,0.015138882212340832,1.769528865814209,1.7680612802505493,6.052665777568156e-15,0.018489424139261246,0.6869536638259888,0.10137297958135605,0.015107192099094391,6.052665777568156e-15,0.6869536638259888,0.10137297958135605,0.015107192099094391,0.0001,0.25,1.0,0.25,0.0,0.0,0.0,0.0,0.0,1.987547755241394,False,True,25.0,1.0,1.0,1.0,,,,,,,,,,,,,,
936,2.477571964263916,-9.53136920928955,0.3482530415058136,0.3495950400829315,0.015447362326085567,1.76521897315979,1.7633342742919922,3.280698894547794e-16,0.016377346590161324,0.686476469039917,0.10122469067573547,0.015093941241502762,3.280698894547794e-16,0.686476469039917,0.10122469067573547,0.015093941241502762,0.0001,0.25,1.0,0.25,0.0,0.0,0.0,0.0,0.0,1.9903764724731445,False,True,25.0,1.0,1.0,1.0,,,,,,,,,,,,,,
937,2.4645395278930664,-9.565999984741211,0.339531809091568,0.34045886993408203,0.015054483897984028,1.770190954208374,1.768797755241394,4.465339586940753e-16,0.015815148130059242,0.6869635581970215,0.10098855197429657,0.015387926250696182,4.465339586940753e-16,0.6869635581970215,0.10098855197429657,0.015387926250696182,0.0001,0.25,1.0,0.25,0.0,0.0,0.0,0.0,0.0,2.023770570755005,False,True,25.0,1.0,1.0,1.0,,,,,,,,,,,,,,
938,2.4680070877075195,-9.563282012939453,0.34220731258392334,0.34246203303337097,0.014966961927711964,1.7685719728469849,1.768169641494751,4.3303161824013135e-16,0.016252823173999786,0.6866170167922974,0.10101038962602615,0.014696410857141018,4.3303161824013135e-16,0.6866170167922974,0.10101038962602615,0.014696410857141018,0.0001,0.25,1.0,0.25,0.0,0.0,0.0,0.0,0.0,2.0042943954467773,False,True,25.0,1.0,1.0,1.0,,,,,,,,,,,,,,
939,2.4814000129699707,-9.559036254882812,0.3509359657764435,0.35110077261924744,0.01489204540848732,1.7643251419067383,1.7646173238754272,1.5972974624824804e-15,0.017100542783737183,0.6868528723716736,0.10071881860494614,0.015206827782094479,1.5972974624824804e-15,0.6868528723716736,0.10071881860494614,0.015206827782094479,0.0001,0.25,1.0,0.25,0.0,0.0,0.0,0.0,0.0,1.9820709228515625,False,True,25.0,1.0,1.0,1.0,,,,,,,,,,,,,,
940,2.4581260681152344,-9.536556243896484,0.3394578695297241,0.3397704064846039,0.014956976287066936,1.7637437582015991,1.7641377449035645,3.2723924130109857e-16,0.01618846319615841,0.6864079236984253,0.10095316916704178,0.014833721332252026,1.0501397479893214e-16,0.6855924129486084,0.10096774250268936,0.01066252589225769,0.0001,0.25,1.0,0.25,0.0,0.0,0.0,0.0,0.0,2.0054140090942383,False,True,25.0,1.0,1.0,1.0,0.7843791246414185,0.7843791246414185,0.21562087535858154,9.053749084472656,0.0,0.9403709173202515,3.9586009979248047,-0.0,1.3892269134521484,0.7837070822715759,1.0501397479893214e-16,0.7837070822715759,0.03675709664821625,1.1420196294784546
941,2.4717769622802734,-9.5784912109375,0.34440720081329346,0.34508979320526123,0.015124613419175148,1.7671632766723633,1.7671475410461426,1.685678415446211e-16,0.0191726703196764,0.6864527463912964,0.10141527652740479,0.015389775857329369,1.685678415446211e-16,0.6864527463912964,0.10141527652740479,0.015389775857329369,0.0001,0.25,1.0,0.25,0.0,0.0,0.0,0.0,0.0,2.009458303451538,False,True,25.0,1.0,1.0,1.0,,,,,,,,,,,,,,
942,2.45914363861084,-9.58147144317627,0.3365129828453064,0.33687904477119446,0.01495230570435524,1.7710679769515991,1.7705305814743042,3.030493726379228e-15,0.017000647261738777,0.6868911981582642,0.1010790765285492,0.014901163056492805,3.030493726379228e-15,0.6868911981582642,0.1010790765285492,0.014901163056492805,0.0001,0.25,1.0,0.25,0.0,0.0,0.0,0.0,0.0,2.001438617706299,False,True,25.0,1.0,1.0,1.0,,,,,,,,,,,,,,
943,2.4727871417999268,-9.54707145690918,0.3451509177684784,0.3461573123931885,0.014776183292269707,1.767507791519165,1.7658973932266235,2.5928660544277356e-16,0.017451085150241852,0.6864068508148193,0.10131093859672546,0.014781991019845009,2.5928660544277356e-16,0.6864068508148193,0.10131093859672546,0.014781991019845009,0.0001,0.25,1.0,0.25,0.0,0.0,0.0,0.0,0.0,2.007127046585083,False,True,25.0,1.0,1.0,1.0,,,,,,,,,,,,,,
944,2.4672839641571045,-9.597527503967285,0.34266290068626404,0.3436729609966278,0.014766556210815907,1.766509771347046,1.7658534049987793,1.7544134979895622e-15,0.016422253102064133,0.6872630715370178,0.10098331421613693,0.014720735140144825,1.7544134979895622e-15,0.6872630715370178,0.10098331421613693,0.014720735140144825,0.0001,0.25,1.0,0.25,0.0,0.0,0.0,0.0,0.0,1.9988839626312256,False,True,25.0,1.0,1.0,1.0,,,,,,,,,,,,,,
945,2.4698171615600586,-9.660948753356934,0.344906210899353,0.34535500407218933,0.015008428134024143,1.7646729946136475,1.764421820640564,7.663310891112588e-16,0.016998987644910812,0.6863592267036438,0.10123781859874725,0.015048391185700893,7.663310891112588e-16,0.6863592267036438,0.10123781859874725,0.015048391185700893,0.0001,0.25,1.0,0.25,0.0,0.0,0.0,0.0,0.0,1.9950569868087769,False,True,25.0,1.0,1.0,1.0,,,,,,,,,,,,,,
946,2.451474666595459,-9.609298706054688,0.33704423904418945,0.33745476603507996,0.014856768772006035,1.7621326446533203,1.7621052265167236,3.56045259532309e-15,0.01439046859741211,0.6865464448928833,0.10143791139125824,0.014971550554037094,3.56045259532309e-15,0.6865464448928833,0.10143791139125824,0.014971550554037094,0.0001,0.25,1.0,0.25,0.0,0.0,0.0,0.0,0.0,2.000448703765869,False,True,25.0,1.0,1.0,1.0,,,,,,,,,,,,,,
947,2.481320858001709,-9.599710464477539,0.35087987780570984,0.35104650259017944,0.014855201356112957,1.7643983364105225,1.7646803855895996,2.944742069562893e-16,0.015574503690004349,0.6863698363304138,0.10103721171617508,0.014597447589039803,2.944742069562893e-16,0.6863698363304138,0.10103721171617508,0.014597447589039803,0.0001,0.25,1.0,0.25,0.0,0.0,0.0,0.0,0.0,2.0310306549072266,False,True,25.0,1.0,1.0,1.0,,,,,,,,,,,,,,
948,2.4796292781829834,-9.64444351196289,0.3457430899143219,0.34595987200737,0.014831678941845894,1.7729321718215942,1.7732570171356201,1.3809408955564985e-15,0.01420014351606369,0.6866809725761414,0.10132376849651337,0.014579522423446178,1.3809408955564985e-15,0.6866809725761414,0.10132376849651337,0.014579522423446178,0.0001,0.25,1.0,0.25,0.0,0.0,0.0,0.0,0.0,1.9819717407226562,False,True,25.0,1.0,1.0,1.0,,,,,,,,,,,,,,
949,2.4749577045440674,-9.668280601501465,0.34351447224617004,0.3437444865703583,0.014831135049462318,1.7727844715118408,1.7729508876800537,1.1671418354269102e-17,0.018130984157323837,0.6868534684181213,0.10088083893060684,0.01526716910302639,1.1671418354269102e-17,0.6868534684181213,0.10088083893060684,0.01526716910302639,0.0001,0.25,1.0,0.25,0.0,0.0,0.0,0.0,0.0,1.984732985496521,False,True,25.0,1.0,1.0,1.0,,,,,,,,,,,,,,
950,2.4721388816833496,-9.630118370056152,0.34433308243751526,0.34453678131103516,0.014825702644884586,1.7683305740356445,1.7685561180114746,4.6318292728539555e-17,0.017163241282105446,0.6865744590759277,0.1010473221540451,0.014842643402516842,1.6742256174017344e-16,0.6855342984199524,0.10106021165847778,0.01065205130726099,0.0001,0.25,1.0,0.25,0.0,0.0,0.0,0.0,0.0,1.995360255241394,False,True,25.0,1.0,1.0,1.0,0.7842050790786743,0.7842050790786743,0.21579492092132568,9.062639236450195,0.0,0.939986526966095,3.957092761993408,-0.0,1.388251781463623,0.7835873365402222,1.6742256174017344e-16,0.7835873365402222,0.036433178931474686,1.142069935798645
951,2.4827938079833984,-9.61462116241455,0.34792059659957886,0.34780293703079224,0.015116584487259388,1.77190101146698,1.7720061540603638,9.77060445591716e-16,0.01765104942023754,0.686733067035675,0.10122153162956238,0.015614730305969715,9.77060445591716e-16,0.686733067035675,0.10122153162956238,0.015614730305969715,0.0001,0.25,1.0,0.25,0.0,0.0,0.0,0.0,0.0,1.9881402254104614,False,True,25.0,1.0,1.0,1.0,,,,,,,,,,,,,,
952,2.452057123184204,-9.603968620300293,0.33557388186454773,0.3363606631755829,0.01455647498369217,1.7658936977386475,1.7652384042739868,3.429432850827525e-16,0.017258672043681145,0.6862521767616272,0.10122767835855484,0.01474770437926054,3.429432850827525e-16,0.6862521767616272,0.10122767835855484,0.01474770437926054,0.0001,0.25,1.0,0.25,0.0,0.0,0.0,0.0,0.0,1.9921373128890991,False,True,25.0,1.0,1.0,1.0,,,,,,,,,,,,,,
953,2.4866671562194824,-9.693215370178223,0.3507428467273712,0.3515489995479584,0.01482630055397749,1.7698148488998413,1.7692829370498657,1.513513410263058e-16,0.017492489889264107,0.6865354776382446,0.10122568160295486,0.014460266567766666,1.513513410263058e-16,0.6865354776382446,0.10122568160295486,0.014460266567766666,0.0001,0.25,1.0,0.25,0.0,0.0,0.0,0.0,0.0,1.9693142175674438,False,True,25.0,1.0,1.0,1.0,,,,,,,,,,,,,,
954,2.483757495880127,-9.71502685546875,0.3547358512878418,0.3552512526512146,0.015056285075843334,1.7587155103683472,1.7587122917175293,4.742417298877436e-16,0.017573049291968346,0.6867910623550415,0.10106901824474335,0.015056588687002659,4.742417298877436e-16,0.6867910623550415,0.10106901824474335,0.015056588687002659,0.0001,0.25,1.0,0.25,0.0,0.0,0.0,0.0,0.0,1.972963809967041,False,True,25.0,1.0,1.0,1.0,,,,,,,,,,,,,,
955,2.454289436340332,-9.643909454345703,0.33971256017684937,0.34097349643707275,0.015106715261936188,1.7591214179992676,1.7578717470169067,1.381711166142908e-15,0.018609968945384026,0.6871257424354553,0.10039806365966797,0.014980582520365715,1.381711166142908e-15,0.6871257424354553,0.10039806365966797,0.014980582520365715,0.0001,0.25,1.0,0.25,0.0,0.0,0.0,0.0,0.0,1.958086371421814,False,True,25.0,1.0,1.0,1.0,,,,,,,,,,,,,,
956,2.467061758041382,-9.614985466003418,0.3429405987262726,0.3435528874397278,0.015024942345917225,1.7660647630691528,1.765021800994873,9.915677694617535e-15,0.01624222658574581,0.6863857507705688,0.10103776305913925,0.015212766826152802,9.915677694617535e-15,0.6863857507705688,0.10103776305913925,0.015212766826152802,0.0001,0.25,1.0,0.25,0.0,0.0,0.0,0.0,0.0,1.9942739009857178,False,True,25.0,1.0,1.0,1.0,,,,,,,,,,,,,,
957,2.4544460773468018,-9.678016662597656,0.33692240715026855,0.3373681902885437,0.014851697720587254,1.765122890472412,1.7654848098754883,2.293060132410505e-17,0.016973890364170074,0.6861276030540466,0.10135560482740402,0.014994144439697266,2.293060132410505e-17,0.6861276030540466,0.10135560482740402,0.014994144439697266,0.0001,0.25,1.0,0.25,0.0,0.0,0.0,0.0,0.0,2.0292646884918213,False,True,25.0,1.0,1.0,1.0,,,,,,,,,,,,,,
958,2.4633121490478516,-9.728869438171387,0.3395940661430359,0.3395642340183258,0.01500281598418951,1.7689146995544434,1.7693873643875122,3.519905763412737e-16,0.01589089445769787,0.6866533160209656,0.10066941380500793,0.015415015630424023,3.519905763412737e-16,0.6866533160209656,0.10066941380500793,0.015415015630424023,0.0001,0.25,1.0,0.25,0.0,0.0,0.0,0.0,0.0,1.9998000860214233,False,True,25.0,1.0,1.0,1.0,,,,,,,,,,,,,,
959,2.457508087158203,-9.736713409423828,0.33790767192840576,0.3373841345310211,0.014762173406779766,1.7668585777282715,1.7680495977401733,3.7973003186112517e-16,0.0148979052901268,0.6863741278648376,0.10092584043741226,0.015050155110657215,3.7973003186112517e-16,0.6863741278648376,0.10092584043741226,0.015050155110657215,0.0001,0.25,1.0,0.25,0.0,0.0,0.0,0.0,0.0,1.991462230682373,False,True,25.0,1.0,1.0,1.0,,,,,,,,,,,,,,
960,2.4732775688171387,-9.661267280578613,0.34286874532699585,0.34327879548072815,0.015233584679663181,1.77176034450531,1.7720322608947754,1.7859921303428437e-16,0.01628205180168152,0.6861987113952637,0.10103311389684677,0.015081954188644886,2.381675505549286e-16,0.6854264736175537,0.10091475397348404,0.01057742815464735,0.0001,0.25,1.0,0.25,0.0,0.0,0.0,0.0,0.0,2.019965171813965,False,True,25.0,1.0,1.0,1.0,0.7840307950973511,0.7840307950973511,0.21596920490264893,9.040019035339355,0.0,0.9396501779556274,3.958745002746582,-0.0,1.3876863718032837,0.7835858464241028,2.381675505549286e-16,0.7835858464241028,0.03600380942225456,1.143402099609375
961,2.466912269592285,-9.651021957397461,0.33956483006477356,0.3400063216686249,0.01504538580775261,1.7724982500076294,1.7720931768417358,4.540511219910731e-15,0.016380464658141136,0.6862284541130066,0.10089412331581116,0.014651461504399776,4.540511219910731e-15,0.6862284541130066,0.10089412331581116,0.014651461504399776,0.0001,0.25,1.0,0.25,0.0,0.0,0.0,0.0,0.0,2.0128214359283447,False,True,25.0,1.0,1.0,1.0,,,,,,,,,,,,,,
962,2.4597949981689453,-9.722273826599121,0.3356795310974121,0.33620980381965637,0.015303729102015495,1.7731720209121704,1.7720322608947754,4.63605823042691e-15,0.01730274222791195,0.6862297654151917,0.10085391998291016,0.015181892551481724,4.63605823042691e-15,0.6862297654151917,0.10085391998291016,0.015181892551481724,0.0001,0.25,1.0,0.25,0.0,0.0,0.0,0.0,0.0,1.9998046159744263,False,True,25.0,1.0,1.0,1.0,,,,,,,,,,,,,,
963,2.4699289798736572,-9.763897895812988,0.34496837854385376,0.3460070788860321,0.015100397169589996,1.7647697925567627,1.7629363536834717,3.5623611723114906e-16,0.014227429404854774,0.6862755417823792,0.10117544233798981,0.01440966036170721,3.5623611723114906e-16,0.6862755417823792,0.10117544233798981,0.01440966036170721,0.0001,0.25,1.0,0.25,0.0,0.0,0.0,0.0,0.0,2.025545597076416,False,True,25.0,1.0,1.0,1.0,,,,,,,,,,,,,,
964,2.462937116622925,-9.695650100708008,0.3420203924179077,0.34312909841537476,0.015060490928590298,1.7635178565979004,1.7619364261627197,4.26739354582114e-16,0.015957258641719818,0.6865500807762146,0.1013302132487297,0.01546326931566,4.26739354582114e-16,0.6865500807762146,0.1013302132487297,0.01546326931566,0.0001,0.25,1.0,0.25,0.0,0.0,0.0,0.0,0.0,2.0291268825531006,False,True,25.0,1.0,1.0,1.0,,,,,,,,,,,,,,
965,2.475267171859741,-9.695512771606445,0.34484604001045227,0.3458375334739685,0.015071894973516464,1.7702807188034058,1.768742561340332,2.672131874087826e-15,0.017730019986629486,0.6865448355674744,0.10078658908605576,0.01536574400961399,2.672131874087826e-15,0.6865448355674744,0.10078658908605576,0.01536574400961399,0.0001,0.25,1.0,0.25,0.0,0.0,0.0,0.0,0.0,2.0029993057250977,False,True,25.0,1.0,1.0,1.0,,,,,,,,,,,,,,
966,2.477726459503174,-9.751761436462402,0.3473634421825409,0.3473820984363556,0.014958716928958893,1.7681597471237183,1.7678842544555664,9.042615636652347e-16,0.015256292186677456,0.6861485838890076,0.10089904069900513,0.014789562672376633,9.042615636652347e-16,0.6861485838890076,0.10089904069900513,0.014789562672376633,0.0001,0.25,1.0,0.25,0.0,0.0,0.0,0.0,0.0,1.9930040836334229,False,True,25.0,1.0,1.0,1.0,,,,,,,,,,,,,,
967,2.4493801593780518,-9.730791091918945,0.3358113169670105,0.3361033797264099,0.015282009728252888,1.7621382474899292,1.7622284889221191,2.155645646505195e-16,0.016897430643439293,0.6865932941436768,0.10080848634243011,0.014939343556761742,2.155645646505195e-16,0.6865932941436768,0.10080848634243011,0.014939343556761742,0.0001,0.25,1.0,0.25,0.0,0.0,0.0,0.0,0.0,2.0077905654907227,False,True,25.0,1.0,1.0,1.0,,,,,,,,,,,,,,
968,2.4553327560424805,-9.713813781738281,0.3357469141483307,0.33589354157447815,0.01489997562021017,1.7685190439224243,1.7690657377243042,1.1488422213057955e-15,0.018205823376774788,0.6863153576850891,0.10111593455076218,0.01542818546295166,1.1488422213057955e-15,0.6863153576850891,0.10111593455076218,0.01542818546295166,0.0001,0.25,1.0,0.25,0.0,0.0,0.0,0.0,0.0,1.9965238571166992,False,True,25.0,1.0,1.0,1.0,,,,,,,,,,,,,,
969,2.464592695236206,-9.765646934509277,0.3366541564464569,0.3368392884731293,0.014873623847961426,1.7762532234191895,1.7761980295181274,1.8625689115629772e-15,0.015830982476472855,0.6866028308868408,0.10045862942934036,0.01464480347931385,1.8625689115629772e-15,0.6866028308868408,0.10045862942934036,0.01464480347931385,0.0001,0.25,1.0,0.25,0.0,0.0,0.0,0.0,0.0,2.0062544345855713,False,True,25.0,1.0,1.0,1.0,,,,,,,,,,,,,,
970,2.470508098602295,-9.776511192321777,0.3421103060245514,0.3422921895980835,0.015062416903674603,1.770855188369751,1.7712312936782837,1.0867559106470271e-16,0.016902731731534004,0.6865404844284058,0.10076867789030075,0.014826097525656223,2.3857817925515424e-16,0.6854946613311768,0.10063997656106949,0.010688094422221184,0.0001,0.25,1.0,0.25,0.0,0.0,0.0,0.0,0.0,1.9981893301010132,False,True,25.0,1.0,1.0,1.0,0.7842581868171692,0.7842581868171692,0.2157418131828308,9.064297676086426,0.0,0.9413319230079651,3.9573631286621094,-0.0,1.3844718933105469,0.7834447622299194,2.3857817925515424e-16,0.7834447622299194,0.036269523203372955,1.1452049016952515
971,2.4545552730560303,-9.79454231262207,0.3362855911254883,0.3368475139141083,0.014795628376305103,1.7669469118118286,1.7663064002990723,3.641919800673535e-16,0.016393352299928665,0.6864244341850281,0.1005113273859024,0.015145964920520782,3.641919800673535e-16,0.6864244341850281,0.1005113273859024,0.015145964920520782,0.0001,0.25,1.0,0.25,0.0,0.0,0.0,0.0,0.0,2.027240037918091,False,True,25.0,1.0,1.0,1.0,,,,,,,,,,,,,,
972,2.474536895751953,-9.758148193359375,0.34883272647857666,0.3495727777481079,0.014919989742338657,1.7614984512329102,1.760924220085144,1.2751345161040564e-16,0.01631614938378334,0.6867941617965698,0.10094252228736877,0.014740458689630032,1.2751345161040564e-16,0.6867941617965698,0.10094252228736877,0.014740458689630032,0.0001,0.25,1.0,0.25,0.0,0.0,0.0,0.0,0.0,2.027517318725586,False,True,25.0,1.0,1.0,1.0,,,,,,,,,,,,,,
973,2.474958658218384,-9.762959480285645,0.3470222055912018,0.34753715991973877,0.014931985177099705,1.7658966779708862,1.7650381326675415,2.326490868477407e-16,0.016174238175153732,0.6871163845062256,0.1005227267742157,0.014501477591693401,2.326490868477407e-16,0.6871163845062256,0.1005227267742157,0.014501477591693401,0.0001,0.25,1.0,0.25,0.0,0.0,0.0,0.0,0.0,1.9958988428115845,False,True,25.0,1.0,1.0,1.0,,,,,,,,,,,,,,
974,2.4626595973968506,-9.776802062988281,0.3423801362514496,0.3427850008010864,0.014797796495258808,1.763124942779541,1.762268304824829,1.1583334372380167e-15,0.015122578479349613,0.6862181425094604,0.10093501210212708,0.014631378464400768,1.1583334372380167e-15,0.6862181425094604,0.10093501210212708,0.014631378464400768,0.0001,0.25,1.0,0.25,0.0,0.0,0.0,0.0,0.0,1.9985913038253784,False,True,25.0,1.0,1.0,1.0,,,,,,,,,,,,,,
975,2.472480297088623,-9.841938018798828,0.345518559217453,0.3453819155693054,0.014783380553126335,1.766625165939331,1.7669677734375,3.3477499167733262e-15,0.01477734837681055,0.6869442462921143,0.10072879493236542,0.01518276333808899,3.3477499167733262e-15,0.6869442462921143,0.10072879493236542,0.01518276333808899,0.0001,0.25,1.0,0.25,0.0,0.0,0.0,0.0,0.0,1.9888628721237183,False,True,25.0,1.0,1.0,1.0,,,,,,,,,,,,,,
976,2.470564365386963,-9.760369300842285,0.3472367227077484,0.347663938999176,0.014800694771111012,1.7609217166900635,1.7608041763305664,6.33654918747779e-16,0.01676628738641739,0.6868705153465271,0.10128665715456009,0.014039130881428719,6.33654918747779e-16,0.6868705153465271,0.10128665715456009,0.014039130881428719,0.0001,0.25,1.0,0.25,0.0,0.0,0.0,0.0,0.0,1.9984060525894165,False,True,25.0,1.0,1.0,1.0,,,,,,,,,,,,,,
977,2.46657657623291,-9.797607421875,0.3389192819595337,0.3393000066280365,0.014985423535108566,1.773554801940918,1.7731890678405762,9.366839731828796e-16,0.01461927779018879,0.6863422989845276,0.10078857094049454,0.014352001249790192,9.366839731828796e-16,0.6863422989845276,0.10078857094049454,0.014352001249790192,0.0001,0.25,1.0,0.25,0.0,0.0,0.0,0.0,0.0,2.008007526397705,False,True,25.0,1.0,1.0,1.0,,,,,,,,,,,,,,
978,2.467015504837036,-9.807002067565918,0.34324949979782104,0.34374895691871643,0.01475540455430746,1.7653357982635498,1.7651875019073486,4.9079156915445544e-17,0.014629057608544827,0.6868294477462769,0.10105890035629272,0.01500012818723917,4.9079156915445544e-17,0.6868294477462769,0.10105890035629272,0.01500012818723917,0.0001,0.25,1.0,0.25,0.0,0.0,0.0,0.0,0.0,1.9905463457107544,False,True,25.0,1.0,1.0,1.0,,,,,,,,,,,,,,
979,2.450765371322632,-9.799139022827148,0.33528658747673035,0.3356515169143677,0.014621458947658539,1.765273094177246,1.7651383876800537,5.788619455766744e-16,0.014949388802051544,0.686349093914032,0.10106933861970901,0.014789804816246033,5.788619455766744e-16,0.686349093914032,0.10106933861970901,0.014789804816246033,0.0001,0.25,1.0,0.25,0.0,0.0,0.0,0.0,0.0,1.9948092699050903,False,True,25.0,1.0,1.0,1.0,,,,,,,,,,,,,,
980,2.459442138671875,-9.823955535888672,0.33859947323799133,0.33971577882766724,0.01491712499409914,1.7668228149414062,1.765596628189087,5.625910779346298e-16,0.015378939919173717,0.6864624619483948,0.10098888725042343,0.014194621704518795,1.6320650964245048e-16,0.6854885220527649,0.10078295320272446,0.010378238745033741,0.0001,0.25,1.0,0.25,0.0,0.0,0.0,0.0,0.0,2.0040743350982666,False,True,25.0,1.0,1.0,1.0,0.7839850187301636,0.7839850187301636,0.21601498126983643,9.035623550415039,0.0,0.9394580125808716,3.95898175239563,-0.0,1.3928524255752563,0.7834035158157349,1.6320650964245048e-16,0.7834035158157349,0.0361713282763958,1.1379611492156982
981,2.4790432453155518,-9.832352638244629,0.34677407145500183,0.34734922647476196,0.014714234508574009,1.770433783531189,1.7699775695800781,4.495354622943183e-15,0.015903258696198463,0.6866719126701355,0.10097166895866394,0.014188411645591259,4.495354622943183e-15,0.6866719126701355,0.10097166895866394,0.014188411645591259,0.0001,0.25,1.0,0.25,0.0,0.0,0.0,0.0,0.0,1.9915876388549805,False,True,25.0,1.0,1.0,1.0,,,,,,,,,,,,,,
982,2.459590435028076,-9.848639488220215,0.3388543128967285,0.33898240327835083,0.015005662105977535,1.7669715881347656,1.766524314880371,1.4122966788353134e-15,0.01630161888897419,0.6866122484207153,0.1008496806025505,0.014724530279636383,1.4122966788353134e-15,0.6866122484207153,0.1008496806025505,0.014724530279636383,0.0001,0.25,1.0,0.25,0.0,0.0,0.0,0.0,0.0,1.962104320526123,False,True,25.0,1.0,1.0,1.0,,,,,,,,,,,,,,
983,2.4603188037872314,-9.847723960876465,0.3380923271179199,0.33860495686531067,0.015061416663229465,1.768982172012329,1.7681379318237305,5.0549812443811005e-15,0.016602128744125366,0.6863403916358948,0.10064667463302612,0.015166174620389938,5.0549812443811005e-15,0.6863403916358948,0.10064667463302612,0.015166174620389938,0.0001,0.25,1.0,0.25,0.0,0.0,0.0,0.0,0.0,1.9920731782913208,False,True,25.0,1.0,1.0,1.0,,,,,,,,,,,,,,
984,2.4565515518188477,-9.818231582641602,0.3365541696548462,0.33709660172462463,0.014773339964449406,1.7685219049453735,1.767733097076416,3.046918754017673e-15,0.015383685007691383,0.6866559982299805,0.10106755793094635,0.014553056098520756,3.046918754017673e-15,0.6866559982299805,0.10106755793094635,0.014553056098520756,0.0001,0.25,1.0,0.25,0.0,0.0,0.0,0.0,0.0,1.9893122911453247,False,True,25.0,1.0,1.0,1.0,,,,,,,,,,,,,,
985,2.466240644454956,-9.84013843536377,0.33832311630249023,0.33930376172065735,0.014749800786376,1.7743427753448486,1.7733852863311768,1.2247700005877868e-14,0.01690549962222576,0.6872040033340454,0.10036799311637878,0.015155312605202198,1.2247700005877868e-14,0.6872040033340454,0.10036799311637878,0.015155312605202198,0.0001,0.25,1.0,0.25,0.0,0.0,0.0,0.0,0.0,2.002513885498047,False,True,25.0,1.0,1.0,1.0,,,,,,,,,,,,,,
986,2.4609949588775635,-9.86286735534668,0.3387601673603058,0.3395872414112091,0.01445089653134346,1.7687740325927734,1.767619013786316,2.21518491585668e-15,0.016592655330896378,0.6868340969085693,0.10079789161682129,0.014965259470045567,2.21518491585668e-15,0.6868340969085693,0.10079789161682129,0.014965259470045567,0.0001,0.25,1.0,0.25,0.0,0.0,0.0,0.0,0.0,1.9550009965896606,False,True,25.0,1.0,1.0,1.0,,,,,,,,,,,,,,
987,2.451725482940674,-9.914084434509277,0.33446723222732544,0.3350714147090912,0.014913222752511501,1.7675132751464844,1.7670341730117798,8.74038316376458e-16,0.016254208981990814,0.6870574355125427,0.10078783333301544,0.014809698797762394,8.74038316376458e-16,0.6870574355125427,0.10078783333301544,0.014809698797762394,0.0001,0.25,1.0,0.25,0.0,0.0,0.0,0.0,0.0,1.9696485996246338,False,True,25.0,1.0,1.0,1.0,,,,,,,,,,,,,,
988,2.4593465328216553,-9.890706062316895,0.34040722250938416,0.3409476578235626,0.014273103326559067,1.7638989686965942,1.763538122177124,1.9618420200141285e-15,0.017187559977173805,0.6869232654571533,0.10071442276239395,0.015021161176264286,1.9618420200141285e-15,0.6869232654571533,0.10071442276239395,0.015021161176264286,0.0001,0.25,1.0,0.25,0.0,0.0,0.0,0.0,0.0,1.965950846672058,False,True,25.0,1.0,1.0,1.0,,,,,,,,,,,,,,
989,2.478768825531006,-9.863443374633789,0.3491436243057251,0.34957364201545715,0.014522306621074677,1.7659674882888794,1.7650913000106812,2.410307849102654e-15,0.016948051750659943,0.6867356300354004,0.10063032805919647,0.01481645181775093,2.410307849102654e-15,0.6867356300354004,0.10063032805919647,0.01481645181775093,0.0001,0.25,1.0,0.25,0.0,0.0,0.0,0.0,0.0,1.9606714248657227,False,True,25.0,1.0,1.0,1.0,,,,,,,,,,,,,,
990,2.447876214981079,-9.891152381896973,0.3288189470767975,0.3294277489185333,0.014489038847386837,1.7755470275878906,1.7747341394424438,2.193836720970556e-15,0.014904639683663845,0.6869091987609863,0.10032503306865692,0.014798483811318874,2.0026865119276113e-16,0.6856531500816345,0.10059476643800735,0.010609453544020653,0.0001,0.25,1.0,0.25,0.0,0.0,0.0,0.0,0.0,1.987581491470337,False,True,25.0,1.0,1.0,1.0,0.7839850187301636,0.7839850187301636,0.21601498126983643,9.035623550415039,0.0,0.9394580125808716,3.95898175239563,-0.0,1.3928524255752563,0.7832901477813721,2.0026865119276113e-16,0.7832901477813721,0.036919478327035904,1.131057858467102
991,2.4759228229522705,-9.919355392456055,0.34480226039886475,0.3453197181224823,0.014484480954706669,1.7716524600982666,1.7709800004959106,2.0392847600739315e-15,0.01632067933678627,0.6863523125648499,0.10103890299797058,0.01594991609454155,2.0392847600739315e-15,0.6863523125648499,0.10103890299797058,0.01594991609454155,0.0001,0.25,1.0,0.25,0.0,0.0,0.0,0.0,0.0,1.983707308769226,False,True,25.0,1.0,1.0,1.0,,,,,,,,,,,,,,
992,2.462754249572754,-9.884608268737793,0.3406546711921692,0.34080854058265686,0.014971710741519928,1.7664217948913574,1.766216516494751,2.5632131779498163e-15,0.016048947349190712,0.6867010593414307,0.10092482715845108,0.014975852333009243,2.5632131779498163e-15,0.6867010593414307,0.10092482715845108,0.014975852333009243,0.0001,0.25,1.0,0.25,0.0,0.0,0.0,0.0,0.0,1.980340838432312,False,True,25.0,1.0,1.0,1.0,,,,,,,,,,,,,,
993,2.4622602462768555,-9.853347778320312,0.340251624584198,0.34062424302101135,0.014695166610181332,1.7668968439102173,1.766481876373291,1.845736249318666e-15,0.016852261498570442,0.6868709325790405,0.10103033483028412,0.014988104812800884,1.845736249318666e-15,0.6868709325790405,0.10103033483028412,0.014988104812800884,0.0001,0.25,1.0,0.25,0.0,0.0,0.0,0.0,0.0,1.961783766746521,False,True,25.0,1.0,1.0,1.0,,,,,,,,,,,,,,
994,2.4622745513916016,-9.932485580444336,0.34128066897392273,0.34127700328826904,0.014812346547842026,1.7646878957748413,1.7651209831237793,1.4399029384242092e-16,0.014440877363085747,0.6869762539863586,0.1004762053489685,0.014245511963963509,1.4399029384242092e-16,0.6869762539863586,0.1004762053489685,0.014245511963963509,0.0001,0.25,1.0,0.25,0.0,0.0,0.0,0.0,0.0,1.9648771286010742,False,True,25.0,1.0,1.0,1.0,,,,,,,,,,,,,,
995,2.471562385559082,-9.935932159423828,0.34765923023223877,0.34775638580322266,0.014908697456121445,1.7611597776412964,1.7613166570663452,6.306139963517532e-15,0.016675136983394623,0.6867418885231018,0.1004784107208252,0.014986236579716206,6.306139963517532e-15,0.6867418885231018,0.1004784107208252,0.014986236579716206,0.0001,0.25,1.0,0.25,0.0,0.0,0.0,0.0,0.0,1.989566683769226,False,True,25.0,1.0,1.0,1.0,,,,,,,,,,,,,,
996,2.456087589263916,-10.006412506103516,0.3391153812408447,0.3390853703022003,0.014768894761800766,1.7627041339874268,1.7635316848754883,2.2203857405044686e-14,0.014660625718533993,0.6868301033973694,0.1005760133266449,0.014108809642493725,2.2203857405044686e-14,0.6868301033973694,0.1005760133266449,0.014108809642493725,0.0001,0.25,1.0,0.25,0.0,0.0,0.0,0.0,0.0,2.0055902004241943,False,True,25.0,1.0,1.0,1.0,,,,,,,,,,,,,,
997,2.463301658630371,-9.902432441711426,0.3461802899837494,0.34583020210266113,0.014848236925899982,1.7558590173721313,1.7570271492004395,4.825298943370677e-16,0.016182586550712585,0.6870397925376892,0.10043539106845856,0.014780680648982525,4.825298943370677e-16,0.6870397925376892,0.10043539106845856,0.014780680648982525,0.0001,0.25,1.0,0.25,0.0,0.0,0.0,0.0,0.0,1.9804438352584839,False,True,25.0,1.0,1.0,1.0,,,,,,,,,,,,,,
998,2.4645402431488037,-9.868585586547852,0.345316082239151,0.3450513482093811,0.014664246700704098,1.7592469453811646,1.759770393371582,5.238683208882771e-15,0.014259153977036476,0.6873761415481567,0.10064554214477539,0.014569931663572788,5.238683208882771e-15,0.6873761415481567,0.10064554214477539,0.014569931663572788,0.0001,0.25,1.0,0.25,0.0,0.0,0.0,0.0,0.0,1.9931269884109497,False,True,25.0,1.0,1.0,1.0,,,,,,,,,,,,,,
999,2.4528865814208984,-9.91736888885498,0.3365930914878845,0.3364345133304596,0.014824858866631985,1.7647285461425781,1.7653394937515259,2.203708678212568e-15,0.018027806654572487,0.6868926286697388,0.10049736499786377,0.01495590154081583,2.203708678212568e-15,0.6868926286697388,0.10049736499786377,0.01495590154081583,0.0001,0.25,1.0,0.25,0.0,0.0,0.0,0.0,0.0,1.974840521812439,False,True,25.0,1.0,1.0,1.0,,,,,,,,,,,,,,
1000,2.447360038757324,-9.965842247009277,0.3311278522014618,0.3314463794231415,0.014717536978423595,1.7702891826629639,1.7698476314544678,3.7446482212143324e-16,0.016154084354639053,0.6866979002952576,0.10065820068120956,0.014537418261170387,2.0367166911250428e-16,0.6856504082679749,0.10070862621068954,0.01054296176880598,0.0001,0.25,1.0,0.25,0.0,0.0,0.0,0.0,0.0,1.993844747543335,False,True,25.0,1.0,1.0,1.0,0.7839210629463196,0.7839210629463196,0.21607893705368042,9.058427810668945,0.0,0.9381126165390015,3.9586105346679688,-0.0,1.3820414543151855,0.7831512093544006,2.0367166911250428e-16,0.7831512093544006,0.036781903356313705,1.1355754137039185
