epoch,critic_loss,actor_loss,q1_loss,q2_loss,cost_loss,cql_q1,cql_q2,expected_immediate_cost,expected_cost_to_go,cost_budget,lagrange,expert_kl,smoothness,avg_return,survival_rate,mortality_rate,avg_length,inadmissibility_rate,expert_argmax_match,mean_kl_to_expert,policy_entropy,mean_action_deviation_from_expert,soft_survival_rate,soft_inadmissibility_rate,soft_avg_return,soft_policy_entropy,soft_mean_kl_to_expert,trajectory_mean_action_jump,trajectory_normalised_action_jump
1,0.042995989322662354,0.10416288673877716,0.022998018190264702,0.0199979729950428,0.0,0.0,0.0,0.0,0.0,0.0,0.0,0.0,0.0,,,,,,,,,,,,,,,,
2,0.02888944000005722,0.08197021484375,0.01536591723561287,0.013523522764444351,0.0,0.0,0.0,0.0,0.0,0.0,0.0,0.0,0.0,,,,,,,,,,,,,,,,
3,0.02012200839817524,0.0682959109544754,0.010374162346124649,0.00974784605205059,0.0,0.0,0.0,0.0,0.0,0.0,0.0,0.0,0.0,,,,,,,,,,,,,,,,
4,0.016191013157367706,0.06805641204118729,0.008169544860720634,0.008021467365324497,0.0,0.0,0.0,0.0,0.0,0.0,0.0,0.0,0.0,,,,,,,,,,,,,,,,
5,0.01505080983042717,0.06655103713274002,0.0075370995327830315,0.007513710297644138,0.0,0.0,0.0,0.0,0.0,0.0,0.0,0.0,0.0,,,,,,,,,,,,,,,,
6,0.014935370534658432,0.06405553966760635,0.007351624313741922,0.007583745755255222,0.0,0.0,0.0,0.0,0.0,0.0,0.0,0.0,0.0,,,,,,,,,,,,,,,,
7,0.014863792806863785,0.06052680313587189,0.0074247270822525024,0.007439065258949995,0.0,0.0,0.0,0.0,0.0,0.0,0.0,0.0,0.0,,,,,,,,,,,,,,,,
8,0.014130644500255585,0.054470498114824295,0.007063409313559532,0.00706723565235734,0.0,0.0,0.0,0.0,0.0,0.0,0.0,0.0,0.0,,,,,,,,,,,,,,,,
9,0.012806647457182407,0.04724479094147682,0.006482971832156181,0.006323675625026226,0.0,0.0,0.0,0.0,0.0,0.0,0.0,0.0,0.0,,,,,,,,,,,,,,,,
10,0.011708245612680912,0.04221339523792267,0.005987892858684063,0.005720352753996849,0.0,0.0,0.0,0.0,0.0,0.0,0.0,0.0,0.0,,,,,,,,,,,,,,,,
11,0.010075056925415993,0.037542156875133514,0.005047271028161049,0.0050277854315936565,0.0,0.0,0.0,0.0,0.0,0.0,0.0,0.0,0.0,,,,,,,,,,,,,,,,
12,0.00910889357328415,0.035188719630241394,0.004553079605102539,0.004555813502520323,0.0,0.0,0.0,0.0,0.0,0.0,0.0,0.0,0.0,,,,,,,,,,,,,,,,
13,0.008269152604043484,0.03440616652369499,0.0041298517026007175,0.004139300901442766,0.0,0.0,0.0,0.0,0.0,0.0,0.0,0.0,0.0,,,,,,,,,,,,,,,,
14,0.007678826339542866,0.03249051794409752,0.0038071651943027973,0.003871661378070712,0.0,0.0,0.0,0.0,0.0,0.0,0.0,0.0,0.0,,,,,,,,,,,,,,,,
15,0.007511517032980919,0.0320933572947979,0.0037696922663599253,0.0037418249994516373,0.0,0.0,0.0,0.0,0.0,0.0,0.0,0.0,0.0,,,,,,,,,,,,,,,,
16,0.00711547676473856,0.03172050788998604,0.0035907335113734007,0.003524743253365159,0.0,0.0,0.0,0.0,0.0,0.0,0.0,0.0,0.0,,,,,,,,,,,,,,,,
17,0.007073583081364632,0.030271874740719795,0.0035605577286332846,0.003513025352731347,0.0,0.0,0.0,0.0,0.0,0.0,0.0,0.0,0.0,,,,,,,,,,,,,,,,
18,0.006881913170218468,0.03030760958790779,0.0035146225709468126,0.003367290599271655,0.0,0.0,0.0,0.0,0.0,0.0,0.0,0.0,0.0,,,,,,,,,,,,,,,,
19,0.006856488063931465,0.027652647346258163,0.0034935271833091974,0.0033629608806222677,0.0,0.0,0.0,0.0,0.0,0.0,0.0,0.0,0.0,,,,,,,,,,,,,,,,
20,0.006548881530761719,0.026633160188794136,0.003333194414153695,0.0032156871166080236,0.0,0.0,0.0,0.0,0.0,0.0,0.0,0.0,0.0,,,,,,,,,,,,,,,,
21,0.0062937005423009396,0.024087047204375267,0.0031824768520891666,0.003111223690211773,0.0,0.0,0.0,0.0,0.0,0.0,0.0,0.0,0.0,,,,,,,,,,,,,,,,
22,0.006007619667798281,0.022658752277493477,0.003031955100595951,0.0029756645672023296,0.0,0.0,0.0,0.0,0.0,0.0,0.0,0.0,0.0,,,,,,,,,,,,,,,,
23,0.0057312799617648125,0.020496277138590813,0.002873485442250967,0.0028577945195138454,0.0,0.0,0.0,0.0,0.0,0.0,0.0,0.0,0.0,,,,,,,,,,,,,,,,
24,0.005498403683304787,0.01885347254574299,0.002757477108389139,0.002740926807746291,0.0,0.0,0.0,0.0,0.0,0.0,0.0,0.0,0.0,,,,,,,,,,,,,,,,
25,0.0051756976172327995,0.015185616910457611,0.002572945784777403,0.002602751599624753,0.0,0.0,0.0,0.0,0.0,0.0,0.0,0.0,0.0,,,,,,,,,,,,,,,,
26,0.004922124557197094,0.014338593930006027,0.0024061345029622316,0.0025159898214042187,0.0,0.0,0.0,0.0,0.0,0.0,0.0,0.0,0.0,,,,,,,,,,,,,,,,
27,0.004896325990557671,0.011973543092608452,0.0024536466225981712,0.0024426793679594994,0.0,0.0,0.0,0.0,0.0,0.0,0.0,0.0,0.0,,,,,,,,,,,,,,,,
28,0.0045382799580693245,0.011247691698372364,0.0023288351949304342,0.0022094445303082466,0.0,0.0,0.0,0.0,0.0,0.0,0.0,0.0,0.0,,,,,,,,,,,,,,,,
29,0.004318687133491039,0.010184464044868946,0.002149306470528245,0.002169380895793438,0.0,0.0,0.0,0.0,0.0,0.0,0.0,0.0,0.0,,,,,,,,,,,,,,,,
30,0.004257487133145332,0.007008479908108711,0.0021206496749073267,0.0021368376910686493,0.0,0.0,0.0,0.0,0.0,0.0,0.0,0.0,0.0,,,,,,,,,,,,,,,,
31,0.004238058812916279,0.007552717346698046,0.0021478484850376844,0.0020902100950479507,0.0,0.0,0.0,0.0,0.0,0.0,0.0,0.0,0.0,,,,,,,,,,,,,,,,
32,0.003962614107877016,0.005551889538764954,0.0019878556486219168,0.0019747584592550993,0.0,0.0,0.0,0.0,0.0,0.0,0.0,0.0,0.0,,,,,,,,,,,,,,,,
33,0.003890588413923979,0.004055236931890249,0.0019635886419564486,0.0019269997719675303,0.0,0.0,0.0,0.0,0.0,0.0,0.0,0.0,0.0,,,,,,,,,,,,,,,,
34,0.0038350117392838,0.001956699648872018,0.0019220722606405616,0.0019129395950585604,0.0,0.0,0.0,0.0,0.0,0.0,0.0,0.0,0.0,,,,,,,,,,,,,,,,
35,0.0035636271350085735,0.0010000901529565454,0.0017821082146838307,0.0017815190367400646,0.0,0.0,0.0,0.0,0.0,0.0,0.0,0.0,0.0,,,,,,,,,,,,,,,,
36,0.003637562971562147,-0.0013133829925209284,0.0018061778973788023,0.0018313851905986667,0.0,0.0,0.0,0.0,0.0,0.0,0.0,0.0,0.0,,,,,,,,,,,,,,,,
37,0.0033421169500797987,-0.0021221167407929897,0.0016801292076706886,0.00166198774240911,0.0,0.0,0.0,0.0,0.0,0.0,0.0,0.0,0.0,,,,,,,,,,,,,,,,
38,0.003257294651120901,-0.005386423785239458,0.001631934312172234,0.0016253602225333452,0.0,0.0,0.0,0.0,0.0,0.0,0.0,0.0,0.0,,,,,,,,,,,,,,,,
39,0.0030878721736371517,-0.004969837609678507,0.0015626874519512057,0.0015251846052706242,0.0,0.0,0.0,0.0,0.0,0.0,0.0,0.0,0.0,,,,,,,,,,,,,,,,
40,0.003198357531800866,-0.005815780255943537,0.001608481863513589,0.0015898756682872772,0.0,0.0,0.0,0.0,0.0,0.0,0.0,0.0,0.0,,,,,,,,,,,,,,,,
41,0.002986829960718751,-0.008819947019219398,0.0015067553613334894,0.0014800745993852615,0.0,0.0,0.0,0.0,0.0,0.0,0.0,0.0,0.0,,,,,,,,,,,,,,,,
42,0.00296962633728981,-0.009685119614005089,0.001454712706618011,0.001514913747087121,0.0,0.0,0.0,0.0,0.0,0.0,0.0,0.0,0.0,,,,,,,,,,,,,,,,
43,0.002764740027487278,-0.011346142739057541,0.0014221693854779005,0.0013425705255940557,0.0,0.0,0.0,0.0,0.0,0.0,0.0,0.0,0.0,,,,,,,,,,,,,,,,
44,0.0027387700974941254,-0.01434273924678564,0.00136008660774678,0.0013786836061626673,0.0,0.0,0.0,0.0,0.0,0.0,0.0,0.0,0.0,,,,,,,,,,,,,,,,
45,0.002787509234622121,-0.014267823658883572,0.0014158542035147548,0.001371655031107366,0.0,0.0,0.0,0.0,0.0,0.0,0.0,0.0,0.0,,,,,,,,,,,,,,,,
46,0.002667403547093272,-0.0175183042883873,0.0013754594838246703,0.001291944063268602,0.0,0.0,0.0,0.0,0.0,0.0,0.0,0.0,0.0,,,,,,,,,,,,,,,,
47,0.0025437939912080765,-0.017694110050797462,0.0012924466282129288,0.0012513472465798259,0.0,0.0,0.0,0.0,0.0,0.0,0.0,0.0,0.0,,,,,,,,,,,,,,,,
48,0.0025111809372901917,-0.02019023522734642,0.0012952627148479223,0.0012159182224422693,0.0,0.0,0.0,0.0,0.0,0.0,0.0,0.0,0.0,,,,,,,,,,,,,,,,
49,0.0024921162985265255,-0.02103305421769619,0.0012498673750087619,0.0012422490399330854,0.0,0.0,0.0,0.0,0.0,0.0,0.0,0.0,0.0,,,,,,,,,,,,,,,,
50,0.0023879120126366615,-0.023583954200148582,0.001211896538734436,0.0011760155903175473,0.0,0.0,0.0,0.0,0.0,0.0,0.0,0.0,0.0,,,,,,,,,,,,,,,,
51,0.0024175364524126053,-0.02444598078727722,0.0011995035456493497,0.0012180330231785774,0.0,0.0,0.0,0.0,0.0,0.0,0.0,0.0,0.0,,,,,,,,,,,,,,,,
52,0.0023536880034953356,-0.02698001265525818,0.0011905746068805456,0.00116311339661479,0.0,0.0,0.0,0.0,0.0,0.0,0.0,0.0,0.0,,,,,,,,,,,,,,,,
53,0.0022817235440015793,-0.025463631376624107,0.001144454930908978,0.0011372684966772795,0.0,0.0,0.0,0.0,0.0,0.0,0.0,0.0,0.0,,,,,,,,,,,,,,,,
54,0.0022548497654497623,-0.027923686429858208,0.0011597141856327653,0.0010951354634016752,0.0,0.0,0.0,0.0,0.0,0.0,0.0,0.0,0.0,,,,,,,,,,,,,,,,
55,0.002292916877195239,-0.02954527921974659,0.0011676725698634982,0.0011252443073317409,0.0,0.0,0.0,0.0,0.0,0.0,0.0,0.0,0.0,,,,,,,,,,,,,,,,
56,0.0022839484736323357,-0.03014611266553402,0.0011887663276866078,0.0010951822623610497,0.0,0.0,0.0,0.0,0.0,0.0,0.0,0.0,0.0,,,,,,,,,,,,,,,,
57,0.002101478399708867,-0.03375690430402756,0.001085571013391018,0.0010159073863178492,0.0,0.0,0.0,0.0,0.0,0.0,0.0,0.0,0.0,,,,,,,,,,,,,,,,
58,0.002036919817328453,-0.035286735743284225,0.0010350830852985382,0.0010018367320299149,0.0,0.0,0.0,0.0,0.0,0.0,0.0,0.0,0.0,,,,,,,,,,,,,,,,
59,0.002107970416545868,-0.03778481483459473,0.0010613820049911737,0.0010465882951393723,0.0,0.0,0.0,0.0,0.0,0.0,0.0,0.0,0.0,,,,,,,,,,,,,,,,
60,0.0020152046345174313,-0.039511989802122116,0.0010111980373039842,0.001004006597213447,0.0,0.0,0.0,0.0,0.0,0.0,0.0,0.0,0.0,,,,,,,,,,,,,,,,
61,0.0020499923266470432,-0.03890504315495491,0.0010274648666381836,0.0010225273435935378,0.0,0.0,0.0,0.0,0.0,0.0,0.0,0.0,0.0,,,,,,,,,,,,,,,,
62,0.0020331365521997213,-0.04302409291267395,0.0010194003116339445,0.0010137362405657768,0.0,0.0,0.0,0.0,0.0,0.0,0.0,0.0,0.0,,,,,,,,,,,,,,,,
63,0.001969167497009039,-0.04312144219875336,0.0009897660929709673,0.0009794015204533935,0.0,0.0,0.0,0.0,0.0,0.0,0.0,0.0,0.0,,,,,,,,,,,,,,,,
64,0.002006961964070797,-0.04328902065753937,0.0010165158892050385,0.0009904461912810802,0.0,0.0,0.0,0.0,0.0,0.0,0.0,0.0,0.0,,,,,,,,,,,,,,,,
65,0.001951480284333229,-0.04434685781598091,0.0009684961405582726,0.0009829842019826174,0.0,0.0,0.0,0.0,0.0,0.0,0.0,0.0,0.0,,,,,,,,,,,,,,,,
66,0.0019028973765671253,-0.0435950942337513,0.0009741358226165175,0.0009287614957429469,0.0,0.0,0.0,0.0,0.0,0.0,0.0,0.0,0.0,,,,,,,,,,,,,,,,
67,0.0019351121736690402,-0.04645992070436478,0.0009761814144439995,0.0009589307592250407,0.0,0.0,0.0,0.0,0.0,0.0,0.0,0.0,0.0,,,,,,,,,,,,,,,,
68,0.0018551405519247055,-0.04717807099223137,0.00093035091413185,0.0009247896960005164,0.0,0.0,0.0,0.0,0.0,0.0,0.0,0.0,0.0,,,,,,,,,,,,,,,,
69,0.0018128463998436928,-0.04722355306148529,0.0009165729861706495,0.0008962733554653823,0.0,0.0,0.0,0.0,0.0,0.0,0.0,0.0,0.0,,,,,,,,,,,,,,,,
70,0.0018267952837049961,-0.049030087888240814,0.0009248045389540493,0.0009019908029586077,0.0,0.0,0.0,0.0,0.0,0.0,0.0,0.0,0.0,,,,,,,,,,,,,,,,
71,0.0017872571479529142,-0.050551578402519226,0.0009130744147114456,0.0008741826750338078,0.0,0.0,0.0,0.0,0.0,0.0,0.0,0.0,0.0,,,,,,,,,,,,,,,,
72,0.0017543669091537595,-0.05180245265364647,0.0008874924969859421,0.0008668744121678174,0.0,0.0,0.0,0.0,0.0,0.0,0.0,0.0,0.0,,,,,,,,,,,,,,,,
73,0.0018077990971505642,-0.05417526513338089,0.000913787807803601,0.0008940113475546241,0.0,0.0,0.0,0.0,0.0,0.0,0.0,0.0,0.0,,,,,,,,,,,,,,,,
74,0.0017100650584325194,-0.05436933413147926,0.0008680173195898533,0.0008420477388426661,0.0,0.0,0.0,0.0,0.0,0.0,0.0,0.0,0.0,,,,,,,,,,,,,,,,
75,0.001799513353034854,-0.05466349050402641,0.000916503369808197,0.0008830100414343178,0.0,0.0,0.0,0.0,0.0,0.0,0.0,0.0,0.0,,,,,,,,,,,,,,,,
76,0.0017263211775571108,-0.0561344251036644,0.000865846173837781,0.0008604750037193298,0.0,0.0,0.0,0.0,0.0,0.0,0.0,0.0,0.0,,,,,,,,,,,,,,,,
77,0.001725605339743197,-0.05481064319610596,0.0009010289795696735,0.0008245763601735234,0.0,0.0,0.0,0.0,0.0,0.0,0.0,0.0,0.0,,,,,,,,,,,,,,,,
78,0.001635211519896984,-0.0564018115401268,0.0008389052236452699,0.0007963062962517142,0.0,0.0,0.0,0.0,0.0,0.0,0.0,0.0,0.0,,,,,,,,,,,,,,,,
79,0.0017408543499186635,-0.05533802509307861,0.000872923294082284,0.0008679310558363795,0.0,0.0,0.0,0.0,0.0,0.0,0.0,0.0,0.0,,,,,,,,,,,,,,,,
80,0.0016799581935629249,-0.05704741179943085,0.000836745894048363,0.0008432122995145619,0.0,0.0,0.0,0.0,0.0,0.0,0.0,0.0,0.0,,,,,,,,,,,,,,,,
81,0.0016518223565071821,-0.05744682997465134,0.0008660315070301294,0.0007857908494770527,0.0,0.0,0.0,0.0,0.0,0.0,0.0,0.0,0.0,,,,,,,,,,,,,,,,
82,0.0016485386295244098,-0.060472577810287476,0.0008323474903590977,0.000816191139165312,0.0,0.0,0.0,0.0,0.0,0.0,0.0,0.0,0.0,,,,,,,,,,,,,,,,
83,0.0016042657662183046,-0.06038610637187958,0.0008252629777416587,0.0007790028466843069,0.0,0.0,0.0,0.0,0.0,0.0,0.0,0.0,0.0,,,,,,,,,,,,,,,,
84,0.0016474351286888123,-0.06282385438680649,0.0008314158767461777,0.0008160193101502955,0.0,0.0,0.0,0.0,0.0,0.0,0.0,0.0,0.0,,,,,,,,,,,,,,,,
85,0.0015290742740035057,-0.06540552526712418,0.0007688294281251729,0.0007602449040859938,0.0,0.0,0.0,0.0,0.0,0.0,0.0,0.0,0.0,,,,,,,,,,,,,,,,
86,0.0016029332764446735,-0.06522859632968903,0.0008022960973903537,0.0008006371208466589,0.0,0.0,0.0,0.0,0.0,0.0,0.0,0.0,0.0,,,,,,,,,,,,,,,,
87,0.0015798291424289346,-0.06780416518449783,0.0007953466265462339,0.0007844825158827007,0.0,0.0,0.0,0.0,0.0,0.0,0.0,0.0,0.0,,,,,,,,,,,,,,,,
88,0.0015864428132772446,-0.06716936826705933,0.0008162346202880144,0.0007702081929892302,0.0,0.0,0.0,0.0,0.0,0.0,0.0,0.0,0.0,,,,,,,,,,,,,,,,
89,0.0015564027708023787,-0.06651300936937332,0.0007993074832484126,0.000757095287553966,0.0,0.0,0.0,0.0,0.0,0.0,0.0,0.0,0.0,,,,,,,,,,,,,,,,
90,0.0015326064312830567,-0.0673719048500061,0.0007689190679229796,0.0007636873633600771,0.0,0.0,0.0,0.0,0.0,0.0,0.0,0.0,0.0,,,,,,,,,,,,,,,,
91,0.0015642385696992278,-0.06771767139434814,0.0007731740479357541,0.0007910645217634737,0.0,0.0,0.0,0.0,0.0,0.0,0.0,0.0,0.0,,,,,,,,,,,,,,,,
92,0.0015447017503902316,-0.07037700712680817,0.0007993137114681304,0.0007453880389221013,0.0,0.0,0.0,0.0,0.0,0.0,0.0,0.0,0.0,,,,,,,,,,,,,,,,
93,0.00142670760396868,-0.07048684358596802,0.0007166691357269883,0.0007100384682416916,0.0,0.0,0.0,0.0,0.0,0.0,0.0,0.0,0.0,,,,,,,,,,,,,,,,
94,0.0014822492375969887,-0.07216288149356842,0.0007339314324781299,0.0007483178051188588,0.0,0.0,0.0,0.0,0.0,0.0,0.0,0.0,0.0,,,,,,,,,,,,,,,,
95,0.0014983474975451827,-0.07398762553930283,0.0007503769593313336,0.0007479705382138491,0.0,0.0,0.0,0.0,0.0,0.0,0.0,0.0,0.0,,,,,,,,,,,,,,,,
96,0.0014652900863438845,-0.07214267551898956,0.000738135480787605,0.0007271545473486185,0.0,0.0,0.0,0.0,0.0,0.0,0.0,0.0,0.0,,,,,,,,,,,,,,,,
97,0.0014127506874501705,-0.07493393868207932,0.0006896710256114602,0.0007230796618387103,0.0,0.0,0.0,0.0,0.0,0.0,0.0,0.0,0.0,,,,,,,,,,,,,,,,
98,0.0013859982136636972,-0.0754048079252243,0.0006947761867195368,0.0006912220269441605,0.0,0.0,0.0,0.0,0.0,0.0,0.0,0.0,0.0,,,,,,,,,,,,,,,,
99,0.00138951581902802,-0.07644758373498917,0.0006973324925638735,0.0006921832682564855,0.0,0.0,0.0,0.0,0.0,0.0,0.0,0.0,0.0,,,,,,,,,,,,,,,,
100,0.0014356567990034819,-0.07716238498687744,0.0007067560218274593,0.0007289007189683616,0.0,0.0,0.0,0.0,0.0,0.0,0.0,0.0,0.0,,,,,,,,,,,,,,,,
101,0.0014706903602927923,-0.07786484807729721,0.0007254787487909198,0.0007452116697095335,0.0,0.0,0.0,0.0,0.0,0.0,0.0,0.0,0.0,,,,,,,,,,,,,,,,
102,0.0014753746800124645,-0.0801798477768898,0.0007444713264703751,0.0007309033535420895,0.0,0.0,0.0,0.0,0.0,0.0,0.0,0.0,0.0,,,,,,,,,,,,,,,,
103,0.0013774668332189322,-0.07905552536249161,0.0007042282959446311,0.000673238595481962,0.0,0.0,0.0,0.0,0.0,0.0,0.0,0.0,0.0,,,,,,,,,,,,,,,,
104,0.0014032811159268022,-0.07945070415735245,0.0006971574621275067,0.0007061236537992954,0.0,0.0,0.0,0.0,0.0,0.0,0.0,0.0,0.0,,,,,,,,,,,,,,,,
105,0.0014625636395066977,-0.08077698945999146,0.0007433865685015917,0.0007191771292127669,0.0,0.0,0.0,0.0,0.0,0.0,0.0,0.0,0.0,,,,,,,,,,,,,,,,
106,0.0014338886830955744,-0.0822283998131752,0.0007392628467641771,0.0006946257781237364,0.0,0.0,0.0,0.0,0.0,0.0,0.0,0.0,0.0,,,,,,,,,,,,,,,,
107,0.0013791038654744625,-0.08231355994939804,0.0007020129705779254,0.000677090953104198,0.0,0.0,0.0,0.0,0.0,0.0,0.0,0.0,0.0,,,,,,,,,,,,,,,,
108,0.0013827665243297815,-0.0848516970872879,0.0007106800330802798,0.0006720864912495017,0.0,0.0,0.0,0.0,0.0,0.0,0.0,0.0,0.0,,,,,,,,,,,,,,,,
109,0.001400270964950323,-0.08493013679981232,0.0006909502553753555,0.0007093206513673067,0.0,0.0,0.0,0.0,0.0,0.0,0.0,0.0,0.0,,,,,,,,,,,,,,,,
110,0.0014155774842947721,-0.08588121831417084,0.0007038795738480985,0.0007116978522390127,0.0,0.0,0.0,0.0,0.0,0.0,0.0,0.0,0.0,,,,,,,,,,,,,,,,
111,0.001424244837835431,-0.08756773918867111,0.0007204496068879962,0.0007037952309474349,0.0,0.0,0.0,0.0,0.0,0.0,0.0,0.0,0.0,,,,,,,,,,,,,,,,
112,0.001422271365299821,-0.08790210634469986,0.0007335037225857377,0.0006887675845064223,0.0,0.0,0.0,0.0,0.0,0.0,0.0,0.0,0.0,,,,,,,,,,,,,,,,
113,0.0013186698779463768,-0.08818338811397552,0.0006759390817023814,0.0006427308544516563,0.0,0.0,0.0,0.0,0.0,0.0,0.0,0.0,0.0,,,,,,,,,,,,,,,,
114,0.0013944192323833704,-0.08916360884904861,0.0007125101401470602,0.0006819091504439712,0.0,0.0,0.0,0.0,0.0,0.0,0.0,0.0,0.0,,,,,,,,,,,,,,,,
115,0.0013492750003933907,-0.09116135537624359,0.0006573856808245182,0.0006918893777765334,0.0,0.0,0.0,0.0,0.0,0.0,0.0,0.0,0.0,,,,,,,,,,,,,,,,
116,0.0013289190828800201,-0.09072460234165192,0.0006723608821630478,0.0006565582007169724,0.0,0.0,0.0,0.0,0.0,0.0,0.0,0.0,0.0,,,,,,,,,,,,,,,,
117,0.0012852733489125967,-0.09189997613430023,0.0006594699225388467,0.00062580342637375,0.0,0.0,0.0,0.0,0.0,0.0,0.0,0.0,0.0,,,,,,,,,,,,,,,,
118,0.0013320718426257372,-0.08983080834150314,0.0006702146492898464,0.0006618571933358908,0.0,0.0,0.0,0.0,0.0,0.0,0.0,0.0,0.0,,,,,,,,,,,,,,,,
119,0.0013843488413840532,-0.09331228584051132,0.0006878261337988079,0.0006965227075852454,0.0,0.0,0.0,0.0,0.0,0.0,0.0,0.0,0.0,,,,,,,,,,,,,,,,
120,0.0012915965635329485,-0.09344904124736786,0.0006499264272861183,0.0006416700780391693,0.0,0.0,0.0,0.0,0.0,0.0,0.0,0.0,0.0,,,,,,,,,,,,,,,,
121,0.0013099070638418198,-0.09571083635091782,0.0006656633340753615,0.0006442437879741192,0.0,0.0,0.0,0.0,0.0,0.0,0.0,0.0,0.0,,,,,,,,,,,,,,,,
122,0.0013295706594362855,-0.09687387198209763,0.0006827600882388651,0.0006468105711974204,0.0,0.0,0.0,0.0,0.0,0.0,0.0,0.0,0.0,,,,,,,,,,,,,,,,
123,0.0012793275527656078,-0.09765492379665375,0.0006325904396362603,0.0006467371713370085,0.0,0.0,0.0,0.0,0.0,0.0,0.0,0.0,0.0,,,,,,,,,,,,,,,,
124,0.001288621686398983,-0.0964781865477562,0.0006291610188782215,0.0006594606675207615,0.0,0.0,0.0,0.0,0.0,0.0,0.0,0.0,0.0,,,,,,,,,,,,,,,,
125,0.001282491022720933,-0.09933891147375107,0.000650572357699275,0.000631918606813997,0.0,0.0,0.0,0.0,0.0,0.0,0.0,0.0,0.0,,,,,,,,,,,,,,,,
126,0.001279034884646535,-0.10168834775686264,0.0006443718448281288,0.0006346630398184061,0.0,0.0,0.0,0.0,0.0,0.0,0.0,0.0,0.0,,,,,,,,,,,,,,,,
127,0.0012444985331967473,-0.1006028801202774,0.0006349351024255157,0.0006095634307712317,0.0,0.0,0.0,0.0,0.0,0.0,0.0,0.0,0.0,,,,,,,,,,,,,,,,
128,0.0012588764075189829,-0.10152146965265274,0.0006361185223795474,0.0006227578851394355,0.0,0.0,0.0,0.0,0.0,0.0,0.0,0.0,0.0,,,,,,,,,,,,,,,,
129,0.001243003411218524,-0.10158197581768036,0.000651877373456955,0.000591126037761569,0.0,0.0,0.0,0.0,0.0,0.0,0.0,0.0,0.0,,,,,,,,,,,,,,,,
130,0.001244608429260552,-0.10388223826885223,0.0006200812640599906,0.0006245271652005613,0.0,0.0,0.0,0.0,0.0,0.0,0.0,0.0,0.0,,,,,,,,,,,,,,,,
131,0.0012688084971159697,-0.10361231118440628,0.0006403637817129493,0.0006284447154030204,0.0,0.0,0.0,0.0,0.0,0.0,0.0,0.0,0.0,,,,,,,,,,,,,,,,
132,0.0012306349817663431,-0.10441075265407562,0.0006148891989141703,0.0006157457246445119,0.0,0.0,0.0,0.0,0.0,0.0,0.0,0.0,0.0,,,,,,,,,,,,,,,,
133,0.0012247087433934212,-0.1045781746506691,0.0006205293466337025,0.0006041793967597187,0.0,0.0,0.0,0.0,0.0,0.0,0.0,0.0,0.0,,,,,,,,,,,,,,,,
134,0.001240996178239584,-0.10675805062055588,0.0006440635188482702,0.0005969327175989747,0.0,0.0,0.0,0.0,0.0,0.0,0.0,0.0,0.0,,,,,,,,,,,,,,,,
135,0.0012340478133410215,-0.10824590176343918,0.000634176074527204,0.0005998717970214784,0.0,0.0,0.0,0.0,0.0,0.0,0.0,0.0,0.0,,,,,,,,,,,,,,,,
136,0.0011583641171455383,-0.1095942035317421,0.0005918311653658748,0.0005665330099873245,0.0,0.0,0.0,0.0,0.0,0.0,0.0,0.0,0.0,,,,,,,,,,,,,,,,
137,0.0011993194930255413,-0.10883305221796036,0.0006100310711190104,0.0005892884801141918,0.0,0.0,0.0,0.0,0.0,0.0,0.0,0.0,0.0,,,,,,,,,,,,,,,,
138,0.0012445106403902173,-0.11130992323160172,0.0006495690904557705,0.0005949415499344468,0.0,0.0,0.0,0.0,0.0,0.0,0.0,0.0,0.0,,,,,,,,,,,,,,,,
139,0.001181035302579403,-0.1118461936712265,0.0005996128311380744,0.0005814225296489894,0.0,0.0,0.0,0.0,0.0,0.0,0.0,0.0,0.0,,,,,,,,,,,,,,,,
140,0.0011748310644179583,-0.11117609590291977,0.0005986082251183689,0.0005762228392995894,0.0,0.0,0.0,0.0,0.0,0.0,0.0,0.0,0.0,,,,,,,,,,,,,,,,
141,0.001166445785202086,-0.11225862801074982,0.0005930218030698597,0.0005734239821322262,0.0,0.0,0.0,0.0,0.0,0.0,0.0,0.0,0.0,,,,,,,,,,,,,,,,
142,0.001274367794394493,-0.11259153485298157,0.0006462567253038287,0.0006281110108830035,0.0,0.0,0.0,0.0,0.0,0.0,0.0,0.0,0.0,,,,,,,,,,,,,,,,
143,0.0012278798967599869,-0.11382745951414108,0.0006257665227167308,0.0006021133158355951,0.0,0.0,0.0,0.0,0.0,0.0,0.0,0.0,0.0,,,,,,,,,,,,,,,,
144,0.0011787955882027745,-0.11600339412689209,0.000592820520978421,0.0005859750672243536,0.0,0.0,0.0,0.0,0.0,0.0,0.0,0.0,0.0,,,,,,,,,,,,,,,,
145,0.0011745363008230925,-0.11603690683841705,0.0005937209352850914,0.0005808153073303401,0.0,0.0,0.0,0.0,0.0,0.0,0.0,0.0,0.0,,,,,,,,,,,,,,,,
146,0.001175403711386025,-0.1168527826666832,0.0005898632225580513,0.0005855404888279736,0.0,0.0,0.0,0.0,0.0,0.0,0.0,0.0,0.0,,,,,,,,,,,,,,,,
147,0.0010670555057004094,-0.11727506667375565,0.000534896447788924,0.0005321590579114854,0.0,0.0,0.0,0.0,0.0,0.0,0.0,0.0,0.0,,,,,,,,,,,,,,,,
148,0.0011325888335704803,-0.11914849281311035,0.0005689065437763929,0.0005636823480017483,0.0,0.0,0.0,0.0,0.0,0.0,0.0,0.0,0.0,,,,,,,,,,,,,,,,
149,0.0011513268109411001,-0.11877306550741196,0.0005917449598200619,0.0005595817929133773,0.0,0.0,0.0,0.0,0.0,0.0,0.0,0.0,0.0,,,,,,,,,,,,,,,,
150,0.0011193801183253527,-0.1204490214586258,0.0005667633377015591,0.0005526167224161327,0.0,0.0,0.0,0.0,0.0,0.0,0.0,0.0,0.0,,,,,,,,,,,,,,,,
151,0.0011711099650710821,-0.12171412259340286,0.0005986503092572093,0.0005724596558138728,0.0,0.0,0.0,0.0,0.0,0.0,0.0,0.0,0.0,,,,,,,,,,,,,,,,
152,0.0011475050123408437,-0.12048164755105972,0.0005921009578742087,0.000555404054466635,0.0,0.0,0.0,0.0,0.0,0.0,0.0,0.0,0.0,,,,,,,,,,,,,,,,
153,0.001129870885051787,-0.12118638306856155,0.0005757770268246531,0.0005540938582271338,0.0,0.0,0.0,0.0,0.0,0.0,0.0,0.0,0.0,,,,,,,,,,,,,,,,
154,0.0011625932529568672,-0.1231028139591217,0.0005989156197756529,0.0005636776913888752,0.0,0.0,0.0,0.0,0.0,0.0,0.0,0.0,0.0,,,,,,,,,,,,,,,,
155,0.0011771677527576685,-0.12541086971759796,0.0006196786998771131,0.0005574889946728945,0.0,0.0,0.0,0.0,0.0,0.0,0.0,0.0,0.0,,,,,,,,,,,,,,,,
156,0.0011122345458716154,-0.12643584609031677,0.0005538931000046432,0.0005583414458669722,0.0,0.0,0.0,0.0,0.0,0.0,0.0,0.0,0.0,,,,,,,,,,,,,,,,
157,0.001151418429799378,-0.1276756078004837,0.0005821859813295305,0.0005692324484698474,0.0,0.0,0.0,0.0,0.0,0.0,0.0,0.0,0.0,,,,,,,,,,,,,,,,
158,0.0011472046608105302,-0.12758316099643707,0.0005821795202791691,0.0005650251405313611,0.0,0.0,0.0,0.0,0.0,0.0,0.0,0.0,0.0,,,,,,,,,,,,,,,,
159,0.0011622074525803328,-0.12882807850837708,0.0005942787975072861,0.0005679285968653858,0.0,0.0,0.0,0.0,0.0,0.0,0.0,0.0,0.0,,,,,,,,,,,,,,,,
160,0.0011244640918448567,-0.12933488190174103,0.0005808697897009552,0.0005435943021439016,0.0,0.0,0.0,0.0,0.0,0.0,0.0,0.0,0.0,,,,,,,,,,,,,,,,
161,0.0010541873052716255,-0.1297224760055542,0.0005362554220482707,0.0005179319414310157,0.0,0.0,0.0,0.0,0.0,0.0,0.0,0.0,0.0,,,,,,,,,,,,,,,,
162,0.001114703482016921,-0.1298079639673233,0.0005712696583941579,0.0005434337654151022,0.0,0.0,0.0,0.0,0.0,0.0,0.0,0.0,0.0,,,,,,,,,,,,,,,,
163,0.0011343674268573523,-0.13020530343055725,0.0005821976810693741,0.0005521698039956391,0.0,0.0,0.0,0.0,0.0,0.0,0.0,0.0,0.0,,,,,,,,,,,,,,,,
164,0.0010974027682095766,-0.13069340586662292,0.0005668574012815952,0.0005305454251356423,0.0,0.0,0.0,0.0,0.0,0.0,0.0,0.0,0.0,,,,,,,,,,,,,,,,
165,0.001076171756722033,-0.13046874105930328,0.0005540611455217004,0.0005221106112003326,0.0,0.0,0.0,0.0,0.0,0.0,0.0,0.0,0.0,,,,,,,,,,,,,,,,
166,0.0010685487650334835,-0.1325760930776596,0.0005448423908092082,0.0005237063742242754,0.0,0.0,0.0,0.0,0.0,0.0,0.0,0.0,0.0,,,,,,,,,,,,,,,,
167,0.0010739807039499283,-0.1354588121175766,0.0005517040845006704,0.0005222766776569188,0.0,0.0,0.0,0.0,0.0,0.0,0.0,0.0,0.0,,,,,,,,,,,,,,,,
168,0.0011114629451185465,-0.13728417456150055,0.0005707895616069436,0.0005406734417192638,0.0,0.0,0.0,0.0,0.0,0.0,0.0,0.0,0.0,,,,,,,,,,,,,,,,
169,0.0010906648822128773,-0.1363384872674942,0.0005544106825254858,0.0005362542578950524,0.0,0.0,0.0,0.0,0.0,0.0,0.0,0.0,0.0,,,,,,,,,,,,,,,,
170,0.0010601504473015666,-0.13944219052791595,0.0005465266294777393,0.0005136238178238273,0.0,0.0,0.0,0.0,0.0,0.0,0.0,0.0,0.0,,,,,,,,,,,,,,,,
171,0.0010487984400242567,-0.1386842578649521,0.0005222302861511707,0.000526568153873086,0.0,0.0,0.0,0.0,0.0,0.0,0.0,0.0,0.0,,,,,,,,,,,,,,,,
172,0.0011103092692792416,-0.13982780277729034,0.0005695338477380574,0.0005407753633335233,0.0,0.0,0.0,0.0,0.0,0.0,0.0,0.0,0.0,,,,,,,,,,,,,,,,
173,0.0010238559916615486,-0.13882789015769958,0.0005176034173928201,0.0005062525160610676,0.0,0.0,0.0,0.0,0.0,0.0,0.0,0.0,0.0,,,,,,,,,,,,,,,,
174,0.001042731455527246,-0.13819067180156708,0.0005440296954475343,0.0004987017600797117,0.0,0.0,0.0,0.0,0.0,0.0,0.0,0.0,0.0,,,,,,,,,,,,,,,,
175,0.0010142662795260549,-0.13830913603305817,0.0005076398956589401,0.0005066263838671148,0.0,0.0,0.0,0.0,0.0,0.0,0.0,0.0,0.0,,,,,,,,,,,,,,,,
176,0.001088118413463235,-0.14026451110839844,0.0005584281170740724,0.0005296902963891625,0.0,0.0,0.0,0.0,0.0,0.0,0.0,0.0,0.0,,,,,,,,,,,,,,,,
177,0.0010139027144759893,-0.14251749217510223,0.0005177693092264235,0.0004961334052495658,0.0,0.0,0.0,0.0,0.0,0.0,0.0,0.0,0.0,,,,,,,,,,,,,,,,
178,0.0010268818587064743,-0.14379912614822388,0.0005272442358545959,0.0004996375646442175,0.0,0.0,0.0,0.0,0.0,0.0,0.0,0.0,0.0,,,,,,,,,,,,,,,,
179,0.0010826668003574014,-0.14410078525543213,0.0005656384164467454,0.000517028383910656,0.0,0.0,0.0,0.0,0.0,0.0,0.0,0.0,0.0,,,,,,,,,,,,,,,,
180,0.0010037838947027922,-0.14434096217155457,0.0005191752570681274,0.00048460857942700386,0.0,0.0,0.0,0.0,0.0,0.0,0.0,0.0,0.0,,,,,,,,,,,,,,,,
181,0.0010526865953579545,-0.1456778198480606,0.0005349947023205459,0.0005176918930374086,0.0,0.0,0.0,0.0,0.0,0.0,0.0,0.0,0.0,,,,,,,,,,,,,,,,
182,0.0010988474823534489,-0.14749333262443542,0.0005588100175373256,0.0005400374066084623,0.0,0.0,0.0,0.0,0.0,0.0,0.0,0.0,0.0,,,,,,,,,,,,,,,,
183,0.0010198040399700403,-0.14720448851585388,0.0005164853646419942,0.000503318733535707,0.0,0.0,0.0,0.0,0.0,0.0,0.0,0.0,0.0,,,,,,,,,,,,,,,,
184,0.0010953727178275585,-0.14799806475639343,0.000550784869119525,0.0005445879069156945,0.0,0.0,0.0,0.0,0.0,0.0,0.0,0.0,0.0,,,,,,,,,,,,,,,,
185,0.0010487817926332355,-0.14883454144001007,0.0005481875268742442,0.0005005942657589912,0.0,0.0,0.0,0.0,0.0,0.0,0.0,0.0,0.0,,,,,,,,,,,,,,,,
186,0.000994600122794509,-0.14765073359012604,0.0005059208488091826,0.0004886793321929872,0.0,0.0,0.0,0.0,0.0,0.0,0.0,0.0,0.0,,,,,,,,,,,,,,,,
187,0.0009576886659488082,-0.14833201467990875,0.0004770589875988662,0.0004806297074537724,0.0,0.0,0.0,0.0,0.0,0.0,0.0,0.0,0.0,,,,,,,,,,,,,,,,
188,0.0010106924455612898,-0.15059928596019745,0.0005189278163015842,0.0004917646292597055,0.0,0.0,0.0,0.0,0.0,0.0,0.0,0.0,0.0,,,,,,,,,,,,,,,,
189,0.0010320700239390135,-0.15164442360401154,0.0005297627067193389,0.0005023073754273355,0.0,0.0,0.0,0.0,0.0,0.0,0.0,0.0,0.0,,,,,,,,,,,,,,,,
190,0.0010097033809870481,-0.15420757234096527,0.0005178524879738688,0.0004918508348055184,0.0,0.0,0.0,0.0,0.0,0.0,0.0,0.0,0.0,,,,,,,,,,,,,,,,
191,0.0009768046438694,-0.15407992899417877,0.0005116985994391143,0.0004651060444302857,0.0,0.0,0.0,0.0,0.0,0.0,0.0,0.0,0.0,,,,,,,,,,,,,,,,
192,0.0010308034252375364,-0.15622663497924805,0.0005344658275134861,0.0004963375977240503,0.0,0.0,0.0,0.0,0.0,0.0,0.0,0.0,0.0,,,,,,,,,,,,,,,,
193,0.0009761570254340768,-0.156168594956398,0.0004919493803754449,0.00048420761595480144,0.0,0.0,0.0,0.0,0.0,0.0,0.0,0.0,0.0,,,,,,,,,,,,,,,,
194,0.000980773358605802,-0.15806445479393005,0.0005035423091612756,0.000477231020340696,0.0,0.0,0.0,0.0,0.0,0.0,0.0,0.0,0.0,,,,,,,,,,,,,,,,
195,0.0010066500399261713,-0.15562556684017181,0.0005140393623150885,0.0004926107358187437,0.0,0.0,0.0,0.0,0.0,0.0,0.0,0.0,0.0,,,,,,,,,,,,,,,,
196,0.0009968813974410295,-0.15594477951526642,0.0005185591871850193,0.00047832223935984075,0.0,0.0,0.0,0.0,0.0,0.0,0.0,0.0,0.0,,,,,,,,,,,,,,,,
197,0.000922003760933876,-0.1555596888065338,0.00046531023690477014,0.0004566935240291059,0.0,0.0,0.0,0.0,0.0,0.0,0.0,0.0,0.0,,,,,,,,,,,,,,,,
198,0.0009878840064629912,-0.15462160110473633,0.000487453886307776,0.0005004301201552153,0.0,0.0,0.0,0.0,0.0,0.0,0.0,0.0,0.0,,,,,,,,,,,,,,,,
199,0.0009674971224740148,-0.15745405852794647,0.0005015360075049102,0.00046596111496910453,0.0,0.0,0.0,0.0,0.0,0.0,0.0,0.0,0.0,,,,,,,,,,,,,,,,
200,0.0010107397101819515,-0.16057759523391724,0.0005136322579346597,0.0004971074522472918,0.0,0.0,0.0,0.0,0.0,0.0,0.0,0.0,0.0,,,,,,,,,,,,,,,,
201,0.0009509302908554673,-0.16098494827747345,0.0004902955843135715,0.00046063470654189587,0.0,0.0,0.0,0.0,0.0,0.0,0.0,0.0,0.0,,,,,,,,,,,,,,,,
202,0.0010192596819251776,-0.16152946650981903,0.0005148627096787095,0.000504397030454129,0.0,0.0,0.0,0.0,0.0,0.0,0.0,0.0,0.0,,,,,,,,,,,,,,,,
203,0.0009206176036968827,-0.16220182180404663,0.00047284821630455554,0.00044776935828849673,0.0,0.0,0.0,0.0,0.0,0.0,0.0,0.0,0.0,,,,,,,,,,,,,,,,
204,0.0010112007148563862,-0.1633153259754181,0.0005240325699560344,0.0004871682031080127,0.0,0.0,0.0,0.0,0.0,0.0,0.0,0.0,0.0,,,,,,,,,,,,,,,,
205,0.0009148879908025265,-0.16313889622688293,0.0004738464776892215,0.0004410414840094745,0.0,0.0,0.0,0.0,0.0,0.0,0.0,0.0,0.0,,,,,,,,,,,,,,,,
206,0.0009557056473568082,-0.16445548832416534,0.0004939690697938204,0.00046173654845915735,0.0,0.0,0.0,0.0,0.0,0.0,0.0,0.0,0.0,,,,,,,,,,,,,,,,
207,0.0009670675499364734,-0.16562557220458984,0.0004949177382513881,0.0004721498116850853,0.0,0.0,0.0,0.0,0.0,0.0,0.0,0.0,0.0,,,,,,,,,,,,,,,,
208,0.0009359805844724178,-0.16829213500022888,0.0004966904525645077,0.00043929010280407965,0.0,0.0,0.0,0.0,0.0,0.0,0.0,0.0,0.0,,,,,,,,,,,,,,,,
209,0.0009609112748876214,-0.16782592236995697,0.0004877546161878854,0.00047315662959590554,0.0,0.0,0.0,0.0,0.0,0.0,0.0,0.0,0.0,,,,,,,,,,,,,,,,
210,0.0009320799726992846,-0.16838298738002777,0.00047682473086752,0.0004552552127279341,0.0,0.0,0.0,0.0,0.0,0.0,0.0,0.0,0.0,,,,,,,,,,,,,,,,
211,0.0009234084282070398,-0.16844594478607178,0.000494523614179343,0.0004288847849238664,0.0,0.0,0.0,0.0,0.0,0.0,0.0,0.0,0.0,,,,,,,,,,,,,,,,
212,0.0009267092100344598,-0.16676084697246552,0.0004681164864450693,0.0004585927235893905,0.0,0.0,0.0,0.0,0.0,0.0,0.0,0.0,0.0,,,,,,,,,,,,,,,,
213,0.0009074567351490259,-0.1685279756784439,0.0004505630349740386,0.0004568937001749873,0.0,0.0,0.0,0.0,0.0,0.0,0.0,0.0,0.0,,,,,,,,,,,,,,,,
214,0.0008898264495655894,-0.16778066754341125,0.0004600199463311583,0.00042980650323443115,0.0,0.0,0.0,0.0,0.0,0.0,0.0,0.0,0.0,,,,,,,,,,,,,,,,
215,0.0008908601012080908,-0.17021508514881134,0.0004505746182985604,0.00044028551201336086,0.0,0.0,0.0,0.0,0.0,0.0,0.0,0.0,0.0,,,,,,,,,,,,,,,,
216,0.0009232360171154141,-0.1720690280199051,0.00046799815027043223,0.0004552378668449819,0.0,0.0,0.0,0.0,0.0,0.0,0.0,0.0,0.0,,,,,,,,,,,,,,,,
217,0.0009702518000267446,-0.1727403998374939,0.000506768876221031,0.00046348292380571365,0.0,0.0,0.0,0.0,0.0,0.0,0.0,0.0,0.0,,,,,,,,,,,,,,,,
218,0.0008777611656114459,-0.17233626544475555,0.00044280008296482265,0.0004349610535427928,0.0,0.0,0.0,0.0,0.0,0.0,0.0,0.0,0.0,,,,,,,,,,,,,,,,
219,0.0008243314223363996,-0.17384155094623566,0.0004314638499636203,0.0003928676014766097,0.0,0.0,0.0,0.0,0.0,0.0,0.0,0.0,0.0,,,,,,,,,,,,,,,,
220,0.000901868857908994,-0.17176178097724915,0.0004722193698398769,0.00042964948806911707,0.0,0.0,0.0,0.0,0.0,0.0,0.0,0.0,0.0,,,,,,,,,,,,,,,,
221,0.0008911830373108387,-0.17284201085567474,0.00045640417374670506,0.0004347788926679641,0.0,0.0,0.0,0.0,0.0,0.0,0.0,0.0,0.0,,,,,,,,,,,,,,,,
222,0.0008827538113109767,-0.17541292309761047,0.0004480599891394377,0.00043469382217153907,0.0,0.0,0.0,0.0,0.0,0.0,0.0,0.0,0.0,,,,,,,,,,,,,,,,
223,0.0009293671464547515,-0.1768033653497696,0.000481514201965183,0.000447852915385738,0.0,0.0,0.0,0.0,0.0,0.0,0.0,0.0,0.0,,,,,,,,,,,,,,,,
224,0.0008706377702765167,-0.17690743505954742,0.0004455804009921849,0.0004250573692843318,0.0,0.0,0.0,0.0,0.0,0.0,0.0,0.0,0.0,,,,,,,,,,,,,,,,
225,0.0008466627914458513,-0.17754225432872772,0.00044270805665291846,0.00040395473479293287,0.0,0.0,0.0,0.0,0.0,0.0,0.0,0.0,0.0,,,,,,,,,,,,,,,,
226,0.0008607145864516497,-0.17917108535766602,0.000437788461567834,0.0004229261539876461,0.0,0.0,0.0,0.0,0.0,0.0,0.0,0.0,0.0,,,,,,,,,,,,,,,,
227,0.0008478969684801996,-0.1787586361169815,0.0004393708077259362,0.0004085261607542634,0.0,0.0,0.0,0.0,0.0,0.0,0.0,0.0,0.0,,,,,,,,,,,,,,,,
228,0.0008721953490749002,-0.180047869682312,0.00044349124073050916,0.00042870407924056053,0.0,0.0,0.0,0.0,0.0,0.0,0.0,0.0,0.0,,,,,,,,,,,,,,,,
229,0.0008324939990416169,-0.18066678941249847,0.00042436312651261687,0.0004081308434251696,0.0,0.0,0.0,0.0,0.0,0.0,0.0,0.0,0.0,,,,,,,,,,,,,,,,
230,0.0008758163312450051,-0.1820048689842224,0.0004499448696151376,0.000425871490733698,0.0,0.0,0.0,0.0,0.0,0.0,0.0,0.0,0.0,,,,,,,,,,,,,,,,
231,0.0008219326846301556,-0.18440182507038116,0.00042210903484374285,0.00039982362068258226,0.0,0.0,0.0,0.0,0.0,0.0,0.0,0.0,0.0,,,,,,,,,,,,,,,,
232,0.0008752398425713181,-0.18341681361198425,0.00045168641372583807,0.0004235534288454801,0.0,0.0,0.0,0.0,0.0,0.0,0.0,0.0,0.0,,,,,,,,,,,,,,,,
233,0.0008340025669895113,-0.1838536113500595,0.00042014240170829,0.00041386016528122127,0.0,0.0,0.0,0.0,0.0,0.0,0.0,0.0,0.0,,,,,,,,,,,,,,,,
234,0.0008012694306671619,-0.18182061612606049,0.0004052911826875061,0.0003959782188758254,0.0,0.0,0.0,0.0,0.0,0.0,0.0,0.0,0.0,,,,,,,,,,,,,,,,
235,0.000846780021674931,-0.18286852538585663,0.0004319419676903635,0.0004148380539845675,0.0,0.0,0.0,0.0,0.0,0.0,0.0,0.0,0.0,,,,,,,,,,,,,,,,
236,0.000834226724691689,-0.18470273911952972,0.00042721923091448843,0.00040700752288103104,0.0,0.0,0.0,0.0,0.0,0.0,0.0,0.0,0.0,,,,,,,,,,,,,,,,
237,0.0008780560456216335,-0.185699924826622,0.00045585352927446365,0.0004222025163471699,0.0,0.0,0.0,0.0,0.0,0.0,0.0,0.0,0.0,,,,,,,,,,,,,,,,
238,0.0008398045902140439,-0.1874302476644516,0.0004214664804749191,0.0004183381097391248,0.0,0.0,0.0,0.0,0.0,0.0,0.0,0.0,0.0,,,,,,,,,,,,,,,,
239,0.0008210425730794668,-0.1894359439611435,0.0004206123121548444,0.0004004302900284529,0.0,0.0,0.0,0.0,0.0,0.0,0.0,0.0,0.0,,,,,,,,,,,,,,,,
240,0.0008273891289718449,-0.1898914873600006,0.00041785722714848816,0.00040953190182335675,0.0,0.0,0.0,0.0,0.0,0.0,0.0,0.0,0.0,,,,,,,,,,,,,,,,
241,0.0008362781954929233,-0.18927405774593353,0.000425913545768708,0.00041036464972421527,0.0,0.0,0.0,0.0,0.0,0.0,0.0,0.0,0.0,,,,,,,,,,,,,,,,
242,0.0008088949834927917,-0.18972964584827423,0.00041588826570659876,0.0003930067177861929,0.0,0.0,0.0,0.0,0.0,0.0,0.0,0.0,0.0,,,,,,,,,,,,,,,,
243,0.0008323016809299588,-0.18829238414764404,0.00042160440352745354,0.0004106972482986748,0.0,0.0,0.0,0.0,0.0,0.0,0.0,0.0,0.0,,,,,,,,,,,,,,,,
244,0.0008888417505659163,-0.19056902825832367,0.00046750722685828805,0.00042133452370762825,0.0,0.0,0.0,0.0,0.0,0.0,0.0,0.0,0.0,,,,,,,,,,,,,,,,
245,0.0008885420393198729,-0.19145669043064117,0.0004571861354634166,0.0004313559038564563,0.0,0.0,0.0,0.0,0.0,0.0,0.0,0.0,0.0,,,,,,,,,,,,,,,,
246,0.0007938023773021996,-0.19158965349197388,0.00040023415931500494,0.00039356821798719466,0.0,0.0,0.0,0.0,0.0,0.0,0.0,0.0,0.0,,,,,,,,,,,,,,,,
247,0.0008316467283293605,-0.19365034997463226,0.00042787037091329694,0.00040377635741606355,0.0,0.0,0.0,0.0,0.0,0.0,0.0,0.0,0.0,,,,,,,,,,,,,,,,
248,0.0008239717571996152,-0.19376955926418304,0.00040699171950109303,0.0004169800376985222,0.0,0.0,0.0,0.0,0.0,0.0,0.0,0.0,0.0,,,,,,,,,,,,,,,,
249,0.0008538229740224779,-0.1939467489719391,0.0004428060201462358,0.00041101695387624204,0.0,0.0,0.0,0.0,0.0,0.0,0.0,0.0,0.0,,,,,,,,,,,,,,,,
250,0.000832080957479775,-0.1955050230026245,0.00043097237357869744,0.00040110855479724705,0.0,0.0,0.0,0.0,0.0,0.0,0.0,0.0,0.0,,,,,,,,,,,,,,,,
251,0.0008293006103485823,-0.19453877210617065,0.0004318728169891983,0.0003974278224632144,0.0,0.0,0.0,0.0,0.0,0.0,0.0,0.0,0.0,,,,,,,,,,,,,,,,
252,0.0008243528427556157,-0.1976495236158371,0.0004187083395663649,0.00040564447408542037,0.0,0.0,0.0,0.0,0.0,0.0,0.0,0.0,0.0,,,,,,,,,,,,,,,,
253,0.0008006409043446183,-0.1973678320646286,0.00042375357588753104,0.0003768872993532568,0.0,0.0,0.0,0.0,0.0,0.0,0.0,0.0,0.0,,,,,,,,,,,,,,,,
254,0.0008186241611838341,-0.19781242311000824,0.00042153088725171983,0.00039709327393211424,0.0,0.0,0.0,0.0,0.0,0.0,0.0,0.0,0.0,,,,,,,,,,,,,,,,
255,0.0008569998317398131,-0.19760307669639587,0.00043614927562884986,0.0004208505561109632,0.0,0.0,0.0,0.0,0.0,0.0,0.0,0.0,0.0,,,,,,,,,,,,,,,,
256,0.0008031832985579967,-0.19751904904842377,0.00040893093682825565,0.00039425239083357155,0.0,0.0,0.0,0.0,0.0,0.0,0.0,0.0,0.0,,,,,,,,,,,,,,,,
257,0.0008122153813019395,-0.19763796031475067,0.00041382660856470466,0.00039838877273723483,0.0,0.0,0.0,0.0,0.0,0.0,0.0,0.0,0.0,,,,,,,,,,,,,,,,
258,0.0008197382558137178,-0.20117807388305664,0.00042383282561786473,0.00039590540109202266,0.0,0.0,0.0,0.0,0.0,0.0,0.0,0.0,0.0,,,,,,,,,,,,,,,,
259,0.000782012939453125,-0.20371967554092407,0.0004098842618986964,0.0003721286484505981,0.0,0.0,0.0,0.0,0.0,0.0,0.0,0.0,0.0,,,,,,,,,,,,,,,,
260,0.000782203976996243,-0.2045222669839859,0.00040732158231548965,0.00037488239468075335,0.0,0.0,0.0,0.0,0.0,0.0,0.0,0.0,0.0,,,,,,,,,,,,,,,,
261,0.0008569321362301707,-0.20492571592330933,0.00044198299292474985,0.0004149491433054209,0.0,0.0,0.0,0.0,0.0,0.0,0.0,0.0,0.0,,,,,,,,,,,,,,,,
262,0.0008158143609762192,-0.20339223742485046,0.0004168800369370729,0.0003989343240391463,0.0,0.0,0.0,0.0,0.0,0.0,0.0,0.0,0.0,,,,,,,,,,,,,,,,
263,0.0008043842390179634,-0.20068122446537018,0.0004157830262556672,0.00038860118365846574,0.0,0.0,0.0,0.0,0.0,0.0,0.0,0.0,0.0,,,,,,,,,,,,,,,,
264,0.0007459213957190514,-0.20352135598659515,0.00039043615106493235,0.000355485244654119,0.0,0.0,0.0,0.0,0.0,0.0,0.0,0.0,0.0,,,,,,,,,,,,,,,,
265,0.0008052033372223377,-0.2059357613325119,0.00040295362123288214,0.0004022497159894556,0.0,0.0,0.0,0.0,0.0,0.0,0.0,0.0,0.0,,,,,,,,,,,,,,,,
266,0.0007953844033181667,-0.20740243792533875,0.000418768118834123,0.0003766163135878742,0.0,0.0,0.0,0.0,0.0,0.0,0.0,0.0,0.0,,,,,,,,,,,,,,,,
267,0.0008111963979899883,-0.20722231268882751,0.0004103902028873563,0.0004008062242064625,0.0,0.0,0.0,0.0,0.0,0.0,0.0,0.0,0.0,,,,,,,,,,,,,,,,
268,0.0008246169309131801,-0.20643380284309387,0.0004213316133245826,0.00040328531758859754,0.0,0.0,0.0,0.0,0.0,0.0,0.0,0.0,0.0,,,,,,,,,,,,,,,,
269,0.0007352259708568454,-0.20781148970127106,0.0003766843001358211,0.0003585416707210243,0.0,0.0,0.0,0.0,0.0,0.0,0.0,0.0,0.0,,,,,,,,,,,,,,,,
270,0.0007917337352409959,-0.20812399685382843,0.0004050735733471811,0.0003866601618938148,0.0,0.0,0.0,0.0,0.0,0.0,0.0,0.0,0.0,,,,,,,,,,,,,,,,
271,0.0007733208476565778,-0.20899063348770142,0.00039970132638700306,0.00037361952126957476,0.0,0.0,0.0,0.0,0.0,0.0,0.0,0.0,0.0,,,,,,,,,,,,,,,,
272,0.0007523259846493602,-0.20960202813148499,0.0003956124128308147,0.000356713542714715,0.0,0.0,0.0,0.0,0.0,0.0,0.0,0.0,0.0,,,,,,,,,,,,,,,,
273,0.0008162314770743251,-0.21187181770801544,0.0004128626605961472,0.0004033688164781779,0.0,0.0,0.0,0.0,0.0,0.0,0.0,0.0,0.0,,,,,,,,,,,,,,,,
274,0.0008245885255746543,-0.211127370595932,0.0004101243684999645,0.00041446415707468987,0.0,0.0,0.0,0.0,0.0,0.0,0.0,0.0,0.0,,,,,,,,,,,,,,,,
275,0.0007857498712837696,-0.2100985199213028,0.0003999227483291179,0.0003858271229546517,0.0,0.0,0.0,0.0,0.0,0.0,0.0,0.0,0.0,,,,,,,,,,,,,,,,
276,0.0007442831993103027,-0.20977020263671875,0.0003859675780404359,0.0003583156503736973,0.0,0.0,0.0,0.0,0.0,0.0,0.0,0.0,0.0,,,,,,,,,,,,,,,,
277,0.000772364845033735,-0.21261532604694366,0.00039546770858578384,0.0003768971364479512,0.0,0.0,0.0,0.0,0.0,0.0,0.0,0.0,0.0,,,,,,,,,,,,,,,,
278,0.0008003018447197974,-0.2142125964164734,0.0004117649223189801,0.0003885369224008173,0.0,0.0,0.0,0.0,0.0,0.0,0.0,0.0,0.0,,,,,,,,,,,,,,,,
279,0.0007831036346033216,-0.2155470997095108,0.0003964210336562246,0.0003866826300509274,0.0,0.0,0.0,0.0,0.0,0.0,0.0,0.0,0.0,,,,,,,,,,,,,,,,
280,0.000748245685826987,-0.21617799997329712,0.0003877983835991472,0.00036044730222783983,0.0,0.0,0.0,0.0,0.0,0.0,0.0,0.0,0.0,,,,,,,,,,,,,,,,
281,0.0007820376195013523,-0.2138664424419403,0.00040547404205426574,0.00037656357744708657,0.0,0.0,0.0,0.0,0.0,0.0,0.0,0.0,0.0,,,,,,,,,,,,,,,,
282,0.0007889901171438396,-0.21530959010124207,0.0004037179169245064,0.00038527220021933317,0.0,0.0,0.0,0.0,0.0,0.0,0.0,0.0,0.0,,,,,,,,,,,,,,,,
283,0.0007597985677421093,-0.21538598835468292,0.00039178889710456133,0.0003680096415337175,0.0,0.0,0.0,0.0,0.0,0.0,0.0,0.0,0.0,,,,,,,,,,,,,,,,
284,0.0007612563204020262,-0.21598351001739502,0.0003836000105366111,0.00037765633896924555,0.0,0.0,0.0,0.0,0.0,0.0,0.0,0.0,0.0,,,,,,,,,,,,,,,,
285,0.0007378207519650459,-0.2174929976463318,0.0003848535707220435,0.00035296721034683287,0.0,0.0,0.0,0.0,0.0,0.0,0.0,0.0,0.0,,,,,,,,,,,,,,,,
286,0.0007385002099908888,-0.21901799738407135,0.00038765702629461884,0.00035084318369627,0.0,0.0,0.0,0.0,0.0,0.0,0.0,0.0,0.0,,,,,,,,,,,,,,,,
287,0.0007610135362483561,-0.2187355011701584,0.0003934405685868114,0.0003675729676615447,0.0,0.0,0.0,0.0,0.0,0.0,0.0,0.0,0.0,,,,,,,,,,,,,,,,
288,0.0007310196524485946,-0.2197098433971405,0.00037435756530612707,0.0003566620871424675,0.0,0.0,0.0,0.0,0.0,0.0,0.0,0.0,0.0,,,,,,,,,,,,,,,,
289,0.0007753463578410447,-0.22120416164398193,0.000390806031646207,0.0003845403261948377,0.0,0.0,0.0,0.0,0.0,0.0,0.0,0.0,0.0,,,,,,,,,,,,,,,,
290,0.0007917217444628477,-0.22216728329658508,0.00040748630999587476,0.0003842354635708034,0.0,0.0,0.0,0.0,0.0,0.0,0.0,0.0,0.0,,,,,,,,,,,,,,,,
291,0.0007467682589776814,-0.22059126198291779,0.0003883848839905113,0.0003583833749871701,0.0,0.0,0.0,0.0,0.0,0.0,0.0,0.0,0.0,,,,,,,,,,,,,,,,
292,0.000806917087174952,-0.22167527675628662,0.00041667692130431533,0.00039024013676680624,0.0,0.0,0.0,0.0,0.0,0.0,0.0,0.0,0.0,,,,,,,,,,,,,,,,
293,0.0007486048270948231,-0.22139839828014374,0.00037786131724715233,0.0003707435098476708,0.0,0.0,0.0,0.0,0.0,0.0,0.0,0.0,0.0,,,,,,,,,,,,,,,,
294,0.0007235119119286537,-0.22425022721290588,0.00036514908424578607,0.00035836282768286765,0.0,0.0,0.0,0.0,0.0,0.0,0.0,0.0,0.0,,,,,,,,,,,,,,,,
295,0.0006736989016644657,-0.2253454178571701,0.0003483177861198783,0.0003253811155445874,0.0,0.0,0.0,0.0,0.0,0.0,0.0,0.0,0.0,,,,,,,,,,,,,,,,
296,0.00077315594535321,-0.22441844642162323,0.0003983158676419407,0.0003748400486074388,0.0,0.0,0.0,0.0,0.0,0.0,0.0,0.0,0.0,,,,,,,,,,,,,,,,
297,0.000720108044333756,-0.22358939051628113,0.0003722961700987071,0.00034781190333887935,0.0,0.0,0.0,0.0,0.0,0.0,0.0,0.0,0.0,,,,,,,,,,,,,,,,
298,0.0007265585009008646,-0.22450315952301025,0.00036893822834827006,0.0003576202434487641,0.0,0.0,0.0,0.0,0.0,0.0,0.0,0.0,0.0,,,,,,,,,,,,,,,,
299,0.0007382805924862623,-0.22765079140663147,0.00037309338222257793,0.0003651872102636844,0.0,0.0,0.0,0.0,0.0,0.0,0.0,0.0,0.0,,,,,,,,,,,,,,,,
300,0.00073687091935426,-0.23069030046463013,0.00037878521834500134,0.00035808570100925863,0.0,0.0,0.0,0.0,0.0,0.0,0.0,0.0,0.0,,,,,,,,,,,,,,,,
301,0.0007227645255625248,-0.22871117293834686,0.00037720860564149916,0.00034555591992102563,0.0,0.0,0.0,0.0,0.0,0.0,0.0,0.0,0.0,,,,,,,,,,,,,,,,
302,0.0007263822481036186,-0.22731085121631622,0.0003619993512984365,0.0003643828968051821,0.0,0.0,0.0,0.0,0.0,0.0,0.0,0.0,0.0,,,,,,,,,,,,,,,,
303,0.000801943417172879,-0.22763299942016602,0.00041463650995865464,0.00038730690721422434,0.0,0.0,0.0,0.0,0.0,0.0,0.0,0.0,0.0,,,,,,,,,,,,,,,,
304,0.00070341513492167,-0.23049993813037872,0.0003594732261262834,0.0003439418796915561,0.0,0.0,0.0,0.0,0.0,0.0,0.0,0.0,0.0,,,,,,,,,,,,,,,,
305,0.0007433259161189198,-0.2325628399848938,0.00037568487459793687,0.000367641041520983,0.0,0.0,0.0,0.0,0.0,0.0,0.0,0.0,0.0,,,,,,,,,,,,,,,,
306,0.000717991148121655,-0.23469550907611847,0.0003699646331369877,0.00034802654408849776,0.0,0.0,0.0,0.0,0.0,0.0,0.0,0.0,0.0,,,,,,,,,,,,,,,,
307,0.000693027745001018,-0.23277218639850616,0.00036232368438504636,0.00033070408971980214,0.0,0.0,0.0,0.0,0.0,0.0,0.0,0.0,0.0,,,,,,,,,,,,,,,,
308,0.0007067908300086856,-0.2293841540813446,0.00036699051270261407,0.0003398003173060715,0.0,0.0,0.0,0.0,0.0,0.0,0.0,0.0,0.0,,,,,,,,,,,,,,,,
309,0.0007147126598283648,-0.23195739090442657,0.00036466153687797487,0.00035005115205422044,0.0,0.0,0.0,0.0,0.0,0.0,0.0,0.0,0.0,,,,,,,,,,,,,,,,
310,0.000672026420943439,-0.2322903424501419,0.00033730710856616497,0.0003347192832734436,0.0,0.0,0.0,0.0,0.0,0.0,0.0,0.0,0.0,,,,,,,,,,,,,,,,
311,0.0006812814390286803,-0.23522113263607025,0.00034175909240730107,0.00033952234662137926,0.0,0.0,0.0,0.0,0.0,0.0,0.0,0.0,0.0,,,,,,,,,,,,,,,,
312,0.0006992524722591043,-0.23532526195049286,0.00036359255318529904,0.0003356599190738052,0.0,0.0,0.0,0.0,0.0,0.0,0.0,0.0,0.0,,,,,,,,,,,,,,,,
313,0.0007285346509888768,-0.23351721465587616,0.000372921145753935,0.0003556134761311114,0.0,0.0,0.0,0.0,0.0,0.0,0.0,0.0,0.0,,,,,,,,,,,,,,,,
314,0.0006742923869751394,-0.2343621402978897,0.000350149639416486,0.00032414274755865335,0.0,0.0,0.0,0.0,0.0,0.0,0.0,0.0,0.0,,,,,,,,,,,,,,,,
315,0.0006874124519526958,-0.23396319150924683,0.0003484889166429639,0.0003389235644135624,0.0,0.0,0.0,0.0,0.0,0.0,0.0,0.0,0.0,,,,,,,,,,,,,,,,
316,0.0007173606427386403,-0.2362949550151825,0.0003639155183918774,0.0003534451243467629,0.0,0.0,0.0,0.0,0.0,0.0,0.0,0.0,0.0,,,,,,,,,,,,,,,,
317,0.0007415246218442917,-0.2397828847169876,0.0003771721094381064,0.0003643525415100157,0.0,0.0,0.0,0.0,0.0,0.0,0.0,0.0,0.0,,,,,,,,,,,,,,,,
318,0.0007015787996351719,-0.23859108984470367,0.00036040646955370903,0.00034117233008146286,0.0,0.0,0.0,0.0,0.0,0.0,0.0,0.0,0.0,,,,,,,,,,,,,,,,
319,0.000774843618273735,-0.23750995099544525,0.0003971005498897284,0.00037774303928017616,0.0,0.0,0.0,0.0,0.0,0.0,0.0,0.0,0.0,,,,,,,,,,,,,,,,
320,0.0007289061322808266,-0.2380697876214981,0.00038775784196332097,0.0003411482903175056,0.0,0.0,0.0,0.0,0.0,0.0,0.0,0.0,0.0,,,,,,,,,,,,,,,,
321,0.0007394386339001358,-0.2401934117078781,0.0003831594658549875,0.00035627916804514825,0.0,0.0,0.0,0.0,0.0,0.0,0.0,0.0,0.0,,,,,,,,,,,,,,,,
322,0.0006393161602318287,-0.2412540465593338,0.00032718281727284193,0.0003121333138551563,0.0,0.0,0.0,0.0,0.0,0.0,0.0,0.0,0.0,,,,,,,,,,,,,,,,
323,0.0007212036289274693,-0.24203483760356903,0.0003658115747384727,0.00035539205418899655,0.0,0.0,0.0,0.0,0.0,0.0,0.0,0.0,0.0,,,,,,,,,,,,,,,,
324,0.0006904576439410448,-0.24273452162742615,0.0003483394393697381,0.0003421182045713067,0.0,0.0,0.0,0.0,0.0,0.0,0.0,0.0,0.0,,,,,,,,,,,,,,,,
325,0.0007308732601813972,-0.24119238555431366,0.00037552599678747356,0.00035534726339392364,0.0,0.0,0.0,0.0,0.0,0.0,0.0,0.0,0.0,,,,,,,,,,,,,,,,
326,0.0006949335802346468,-0.2431643158197403,0.00035108017618767917,0.0003438534040469676,0.0,0.0,0.0,0.0,0.0,0.0,0.0,0.0,0.0,,,,,,,,,,,,,,,,
327,0.0007376133580692112,-0.243235781788826,0.0003786883316934109,0.00035892502637580037,0.0,0.0,0.0,0.0,0.0,0.0,0.0,0.0,0.0,,,,,,,,,,,,,,,,
328,0.0006817289395257831,-0.24493002891540527,0.0003561573103070259,0.0003255716001149267,0.0,0.0,0.0,0.0,0.0,0.0,0.0,0.0,0.0,,,,,,,,,,,,,,,,
329,0.0006631644209846854,-0.24442963302135468,0.0003396286629140377,0.0003235357580706477,0.0,0.0,0.0,0.0,0.0,0.0,0.0,0.0,0.0,,,,,,,,,,,,,,,,
330,0.0007076881011016667,-0.2452520728111267,0.00036623497726395726,0.0003414531238377094,0.0,0.0,0.0,0.0,0.0,0.0,0.0,0.0,0.0,,,,,,,,,,,,,,,,
331,0.0006965937791392207,-0.24726048111915588,0.00035507031134329736,0.0003415234386920929,0.0,0.0,0.0,0.0,0.0,0.0,0.0,0.0,0.0,,,,,,,,,,,,,,,,
332,0.0006478853756561875,-0.24578873813152313,0.0003362826246302575,0.00031160275102593005,0.0,0.0,0.0,0.0,0.0,0.0,0.0,0.0,0.0,,,,,,,,,,,,,,,,
333,0.0006603172514587641,-0.24685758352279663,0.00033857475500553846,0.00032174252555705607,0.0,0.0,0.0,0.0,0.0,0.0,0.0,0.0,0.0,,,,,,,,,,,,,,,,
334,0.0007105178665369749,-0.24945302307605743,0.00035720912273973227,0.0003533087146934122,0.0,0.0,0.0,0.0,0.0,0.0,0.0,0.0,0.0,,,,,,,,,,,,,,,,
335,0.000722588156349957,-0.24919168651103973,0.00036965456092730165,0.00035293359542265534,0.0,0.0,0.0,0.0,0.0,0.0,0.0,0.0,0.0,,,,,,,,,,,,,,,,
336,0.0006752820918336511,-0.24929331243038177,0.0003487458743620664,0.0003265361883677542,0.0,0.0,0.0,0.0,0.0,0.0,0.0,0.0,0.0,,,,,,,,,,,,,,,,
337,0.0006427925545722246,-0.24859128892421722,0.0003338252427056432,0.0003089673409704119,0.0,0.0,0.0,0.0,0.0,0.0,0.0,0.0,0.0,,,,,,,,,,,,,,,,
338,0.0006535582942888141,-0.24889588356018066,0.0003300823154859245,0.0003234759788028896,0.0,0.0,0.0,0.0,0.0,0.0,0.0,0.0,0.0,,,,,,,,,,,,,,,,
339,0.0006894132820889354,-0.2516378164291382,0.0003541691112332046,0.00033524417085573077,0.0,0.0,0.0,0.0,0.0,0.0,0.0,0.0,0.0,,,,,,,,,,,,,,,,
340,0.0006925921188667417,-0.25284022092819214,0.0003571640409063548,0.00033542807796038687,0.0,0.0,0.0,0.0,0.0,0.0,0.0,0.0,0.0,,,,,,,,,,,,,,,,
341,0.000644064974039793,-0.2508731186389923,0.00033316382905468345,0.0003109011158812791,0.0,0.0,0.0,0.0,0.0,0.0,0.0,0.0,0.0,,,,,,,,,,,,,,,,
342,0.0007169930031523108,-0.2510131895542145,0.00037279920070432127,0.00034419383155182004,0.0,0.0,0.0,0.0,0.0,0.0,0.0,0.0,0.0,,,,,,,,,,,,,,,,
343,0.0006820333655923605,-0.25250044465065,0.0003428732743486762,0.00033916006213985384,0.0,0.0,0.0,0.0,0.0,0.0,0.0,0.0,0.0,,,,,,,,,,,,,,,,
344,0.0006025902694091201,-0.2559815049171448,0.0003103977651335299,0.0002921924751717597,0.0,0.0,0.0,0.0,0.0,0.0,0.0,0.0,0.0,,,,,,,,,,,,,,,,
345,0.0006697110366076231,-0.25697189569473267,0.0003403560840524733,0.0003293549525551498,0.0,0.0,0.0,0.0,0.0,0.0,0.0,0.0,0.0,,,,,,,,,,,,,,,,
346,0.0006550633697770536,-0.2551496922969818,0.00033595197601243854,0.00031911139376461506,0.0,0.0,0.0,0.0,0.0,0.0,0.0,0.0,0.0,,,,,,,,,,,,,,,,
347,0.0006873643724247813,-0.25190648436546326,0.0003506135253701359,0.0003367508761584759,0.0,0.0,0.0,0.0,0.0,0.0,0.0,0.0,0.0,,,,,,,,,,,,,,,,
348,0.0007068223785609007,-0.25324565172195435,0.00036927618202753365,0.0003375462256371975,0.0,0.0,0.0,0.0,0.0,0.0,0.0,0.0,0.0,,,,,,,,,,,,,,,,
349,0.0006561888149008155,-0.2550704777240753,0.00033087312476709485,0.00032531569013372064,0.0,0.0,0.0,0.0,0.0,0.0,0.0,0.0,0.0,,,,,,,,,,,,,,,,
350,0.0006638794438913465,-0.2601332366466522,0.00033552912645973265,0.0003283503174316138,0.0,0.0,0.0,0.0,0.0,0.0,0.0,0.0,0.0,,,,,,,,,,,,,,,,
351,0.0006703643011860549,-0.2609613239765167,0.00034085329389199615,0.0003295110072940588,0.0,0.0,0.0,0.0,0.0,0.0,0.0,0.0,0.0,,,,,,,,,,,,,,,,
352,0.0006774410139769316,-0.258364737033844,0.00035190480411984026,0.00032553618075326085,0.0,0.0,0.0,0.0,0.0,0.0,0.0,0.0,0.0,,,,,,,,,,,,,,,,
353,0.0006179869524203241,-0.25694701075553894,0.00032612710492685437,0.0002918598474934697,0.0,0.0,0.0,0.0,0.0,0.0,0.0,0.0,0.0,,,,,,,,,,,,,,,,
354,0.0006837270921096206,-0.25873684883117676,0.00034937800955958664,0.0003343491116538644,0.0,0.0,0.0,0.0,0.0,0.0,0.0,0.0,0.0,,,,,,,,,,,,,,,,
355,0.0006675132317468524,-0.2625023424625397,0.00034614893957041204,0.00032136429217644036,0.0,0.0,0.0,0.0,0.0,0.0,0.0,0.0,0.0,,,,,,,,,,,,,,,,
356,0.0005969833000563085,-0.2638859748840332,0.0003078900626860559,0.0002890932373702526,0.0,0.0,0.0,0.0,0.0,0.0,0.0,0.0,0.0,,,,,,,,,,,,,,,,
357,0.000618957681581378,-0.26117005944252014,0.0003224879037588835,0.00029646974871866405,0.0,0.0,0.0,0.0,0.0,0.0,0.0,0.0,0.0,,,,,,,,,,,,,,,,
358,0.0006314438069239259,-0.25896593928337097,0.0003286060527898371,0.0003028377250302583,0.0,0.0,0.0,0.0,0.0,0.0,0.0,0.0,0.0,,,,,,,,,,,,,,,,
359,0.0006117189186625183,-0.25983893871307373,0.0003182333894073963,0.00029348552925512195,0.0,0.0,0.0,0.0,0.0,0.0,0.0,0.0,0.0,,,,,,,,,,,,,,,,
360,0.0006767837330698967,-0.2633053958415985,0.0003412053920328617,0.000335578341037035,0.0,0.0,0.0,0.0,0.0,0.0,0.0,0.0,0.0,,,,,,,,,,,,,,,,
361,0.0006530975224450231,-0.2663436830043793,0.0003386428579688072,0.0003144546353723854,0.0,0.0,0.0,0.0,0.0,0.0,0.0,0.0,0.0,,,,,,,,,,,,,,,,
362,0.0006336956284940243,-0.26628780364990234,0.0003277808427810669,0.00030591481481678784,0.0,0.0,0.0,0.0,0.0,0.0,0.0,0.0,0.0,,,,,,,,,,,,,,,,
363,0.0006480911979451776,-0.26394736766815186,0.00032840922358445823,0.0003196820034645498,0.0,0.0,0.0,0.0,0.0,0.0,0.0,0.0,0.0,,,,,,,,,,,,,,,,
364,0.0006577648455277085,-0.26288485527038574,0.00033244764199480414,0.0003253172035329044,0.0,0.0,0.0,0.0,0.0,0.0,0.0,0.0,0.0,,,,,,,,,,,,,,,,
365,0.0006252334569580853,-0.2640177309513092,0.0003259359218645841,0.0002992975350935012,0.0,0.0,0.0,0.0,0.0,0.0,0.0,0.0,0.0,,,,,,,,,,,,,,,,
366,0.0006100493483245373,-0.26670366525650024,0.00032157133682630956,0.00028847804060205817,0.0,0.0,0.0,0.0,0.0,0.0,0.0,0.0,0.0,,,,,,,,,,,,,,,,
367,0.000616115634329617,-0.2689255475997925,0.0003213873424101621,0.00029472829191945493,0.0,0.0,0.0,0.0,0.0,0.0,0.0,0.0,0.0,,,,,,,,,,,,,,,,
368,0.0006224046228453517,-0.26885485649108887,0.00032740586902946234,0.0002949987829197198,0.0,0.0,0.0,0.0,0.0,0.0,0.0,0.0,0.0,,,,,,,,,,,,,,,,
369,0.0006219579954631627,-0.2686324119567871,0.00031552460859529674,0.0003064333868678659,0.0,0.0,0.0,0.0,0.0,0.0,0.0,0.0,0.0,,,,,,,,,,,,,,,,
370,0.0006118524470366538,-0.2676776349544525,0.0003153823490720242,0.00029647009796462953,0.0,0.0,0.0,0.0,0.0,0.0,0.0,0.0,0.0,,,,,,,,,,,,,,,,
371,0.0006140908226370811,-0.26984354853630066,0.0003208781417924911,0.00029321268084459007,0.0,0.0,0.0,0.0,0.0,0.0,0.0,0.0,0.0,,,,,,,,,,,,,,,,
372,0.000625512795522809,-0.26926061511039734,0.0003199292696081102,0.00030558352591469884,0.0,0.0,0.0,0.0,0.0,0.0,0.0,0.0,0.0,,,,,,,,,,,,,,,,
373,0.0006247265846468508,-0.2699459493160248,0.00031618689536117017,0.00030853968928568065,0.0,0.0,0.0,0.0,0.0,0.0,0.0,0.0,0.0,,,,,,,,,,,,,,,,
374,0.0005734016303904355,-0.26932331919670105,0.00029093437478877604,0.0002824672556016594,0.0,0.0,0.0,0.0,0.0,0.0,0.0,0.0,0.0,,,,,,,,,,,,,,,,
375,0.0006315788486972451,-0.271391361951828,0.0003233284514863044,0.0003082504263147712,0.0,0.0,0.0,0.0,0.0,0.0,0.0,0.0,0.0,,,,,,,,,,,,,,,,
376,0.0005673798732459545,-0.27214884757995605,0.00029683278989978135,0.00027054708334617317,0.0,0.0,0.0,0.0,0.0,0.0,0.0,0.0,0.0,,,,,,,,,,,,,,,,
377,0.0006263809045776725,-0.27577853202819824,0.0003232145099900663,0.00030316642369143665,0.0,0.0,0.0,0.0,0.0,0.0,0.0,0.0,0.0,,,,,,,,,,,,,,,,
378,0.0006034465041011572,-0.27607637643814087,0.0003066597564611584,0.00029678671853616834,0.0,0.0,0.0,0.0,0.0,0.0,0.0,0.0,0.0,,,,,,,,,,,,,,,,
379,0.0005861466052010655,-0.27364715933799744,0.0002990148204844445,0.0002871317556127906,0.0,0.0,0.0,0.0,0.0,0.0,0.0,0.0,0.0,,,,,,,,,,,,,,,,
380,0.000588674214668572,-0.27217790484428406,0.0002991453220602125,0.00028952889260835946,0.0,0.0,0.0,0.0,0.0,0.0,0.0,0.0,0.0,,,,,,,,,,,,,,,,
381,0.0006134971627034247,-0.27263790369033813,0.0003146653180010617,0.000298831844702363,0.0,0.0,0.0,0.0,0.0,0.0,0.0,0.0,0.0,,,,,,,,,,,,,,,,
382,0.0006039625150151551,-0.273788183927536,0.00031196046620607376,0.0002920020488090813,0.0,0.0,0.0,0.0,0.0,0.0,0.0,0.0,0.0,,,,,,,,,,,,,,,,
383,0.000627913570497185,-0.27927035093307495,0.0003230822621844709,0.0003048313083127141,0.0,0.0,0.0,0.0,0.0,0.0,0.0,0.0,0.0,,,,,,,,,,,,,,,,
384,0.0005884154234081507,-0.2803102433681488,0.0003058681613765657,0.00028254729113541543,0.0,0.0,0.0,0.0,0.0,0.0,0.0,0.0,0.0,,,,,,,,,,,,,,,,
385,0.0006341018015518785,-0.2804686427116394,0.00032701774034649134,0.0003070840612053871,0.0,0.0,0.0,0.0,0.0,0.0,0.0,0.0,0.0,,,,,,,,,,,,,,,,
386,0.0006049429066479206,-0.2758391797542572,0.0003036055131815374,0.00030133736436255276,0.0,0.0,0.0,0.0,0.0,0.0,0.0,0.0,0.0,,,,,,,,,,,,,,,,
387,0.000627867178991437,-0.2758469879627228,0.00031815958209335804,0.00030970756779424846,0.0,0.0,0.0,0.0,0.0,0.0,0.0,0.0,0.0,,,,,,,,,,,,,,,,
388,0.0006145447259768844,-0.2794497013092041,0.0003242633247282356,0.0002902813721448183,0.0,0.0,0.0,0.0,0.0,0.0,0.0,0.0,0.0,,,,,,,,,,,,,,,,
389,0.0005801167571917176,-0.2814500033855438,0.00029832060681656003,0.00028179617947898805,0.0,0.0,0.0,0.0,0.0,0.0,0.0,0.0,0.0,,,,,,,,,,,,,,,,
390,0.000617368845269084,-0.2805652618408203,0.00031375864637084305,0.0003036102280020714,0.0,0.0,0.0,0.0,0.0,0.0,0.0,0.0,0.0,,,,,,,,,,,,,,,,
391,0.0006054267869330943,-0.27669697999954224,0.0003053011023439467,0.00030012568458914757,0.0,0.0,0.0,0.0,0.0,0.0,0.0,0.0,0.0,,,,,,,,,,,,,,,,
392,0.0006264923140406609,-0.27895429730415344,0.0003190970455761999,0.0003073952393606305,0.0,0.0,0.0,0.0,0.0,0.0,0.0,0.0,0.0,,,,,,,,,,,,,,,,
393,0.0006163592915982008,-0.28303125500679016,0.00031957728788256645,0.0002967819746118039,0.0,0.0,0.0,0.0,0.0,0.0,0.0,0.0,0.0,,,,,,,,,,,,,,,,
394,0.0005526612512767315,-0.2862322926521301,0.00028612648020498455,0.00026653477107174695,0.0,0.0,0.0,0.0,0.0,0.0,0.0,0.0,0.0,,,,,,,,,,,,,,,,
395,0.0006304688286036253,-0.2851431667804718,0.0003271057503297925,0.00030336310737766325,0.0,0.0,0.0,0.0,0.0,0.0,0.0,0.0,0.0,,,,,,,,,,,,,,,,
396,0.0006001187721267343,-0.2831443250179291,0.00030133151449263096,0.00029878728673793375,0.0,0.0,0.0,0.0,0.0,0.0,0.0,0.0,0.0,,,,,,,,,,,,,,,,
397,0.0006311109755188227,-0.2829803228378296,0.00032882168306969106,0.0003022892924491316,0.0,0.0,0.0,0.0,0.0,0.0,0.0,0.0,0.0,,,,,,,,,,,,,,,,
398,0.0006112187984399498,-0.28408294916152954,0.00031644312548451126,0.0002947756729554385,0.0,0.0,0.0,0.0,0.0,0.0,0.0,0.0,0.0,,,,,,,,,,,,,,,,
399,0.0005800171056762338,-0.2855938971042633,0.0003030819061677903,0.00027693522861227393,0.0,0.0,0.0,0.0,0.0,0.0,0.0,0.0,0.0,,,,,,,,,,,,,,,,
400,0.0006011289660818875,-0.28780993819236755,0.0003179720079060644,0.0002831569581758231,0.0,0.0,0.0,0.0,0.0,0.0,0.0,0.0,0.0,,,,,,,,,,,,,,,,
401,0.0006451705121435225,-0.2874518632888794,0.00032931077294051647,0.00031585973920300603,0.0,0.0,0.0,0.0,0.0,0.0,0.0,0.0,0.0,,,,,,,,,,,,,,,,
402,0.0006229345453903079,-0.28652024269104004,0.00032081277458928525,0.0003021217999048531,0.0,0.0,0.0,0.0,0.0,0.0,0.0,0.0,0.0,,,,,,,,,,,,,,,,
403,0.000563781417440623,-0.28480321168899536,0.00029576552333310246,0.0002680158941075206,0.0,0.0,0.0,0.0,0.0,0.0,0.0,0.0,0.0,,,,,,,,,,,,,,,,
404,0.0005912580527365208,-0.28656086325645447,0.00030102874734438956,0.0002902293053921312,0.0,0.0,0.0,0.0,0.0,0.0,0.0,0.0,0.0,,,,,,,,,,,,,,,,
405,0.0005901733529753983,-0.29023435711860657,0.0002986222680192441,0.00029155108495615423,0.0,0.0,0.0,0.0,0.0,0.0,0.0,0.0,0.0,,,,,,,,,,,,,,,,
406,0.0005824253312312067,-0.29429879784584045,0.0002997349947690964,0.0002826903364621103,0.0,0.0,0.0,0.0,0.0,0.0,0.0,0.0,0.0,,,,,,,,,,,,,,,,
407,0.0006142851780168712,-0.29051733016967773,0.00031503953505307436,0.00029924564296379685,0.0,0.0,0.0,0.0,0.0,0.0,0.0,0.0,0.0,,,,,,,,,,,,,,,,
408,0.0005840982194058597,-0.28754502534866333,0.0003041363088414073,0.0002799619105644524,0.0,0.0,0.0,0.0,0.0,0.0,0.0,0.0,0.0,,,,,,,,,,,,,,,,
409,0.000546869938261807,-0.2897653877735138,0.0002748915576376021,0.0002719783806242049,0.0,0.0,0.0,0.0,0.0,0.0,0.0,0.0,0.0,,,,,,,,,,,,,,,,
410,0.0005639715818688273,-0.2914187014102936,0.00028801453299820423,0.00027595701976679265,0.0,0.0,0.0,0.0,0.0,0.0,0.0,0.0,0.0,,,,,,,,,,,,,,,,
411,0.0005924991564825177,-0.2922725975513458,0.00030906821484677494,0.0002834309416357428,0.0,0.0,0.0,0.0,0.0,0.0,0.0,0.0,0.0,,,,,,,,,,,,,,,,
412,0.0005592884263023734,-0.292158842086792,0.0002844535047188401,0.00027483489247970283,0.0,0.0,0.0,0.0,0.0,0.0,0.0,0.0,0.0,,,,,,,,,,,,,,,,
413,0.0005712818820029497,-0.291923850774765,0.0002902511041611433,0.0002810307778418064,0.0,0.0,0.0,0.0,0.0,0.0,0.0,0.0,0.0,,,,,,,,,,,,,,,,
414,0.0005316778551787138,-0.29051339626312256,0.000271285796770826,0.0002603920584078878,0.0,0.0,0.0,0.0,0.0,0.0,0.0,0.0,0.0,,,,,,,,,,,,,,,,
415,0.0005728488322347403,-0.2959669232368469,0.00029793899739161134,0.0002749098639469594,0.0,0.0,0.0,0.0,0.0,0.0,0.0,0.0,0.0,,,,,,,,,,,,,,,,
416,0.0005442830733954906,-0.2997171878814697,0.00027397656231187284,0.0002703065110836178,0.0,0.0,0.0,0.0,0.0,0.0,0.0,0.0,0.0,,,,,,,,,,,,,,,,
417,0.0005862372345291078,-0.2972816824913025,0.00030503395828418434,0.00028120327624492347,0.0,0.0,0.0,0.0,0.0,0.0,0.0,0.0,0.0,,,,,,,,,,,,,,,,
418,0.0005805527907796204,-0.2942206561565399,0.00030075066024437547,0.00027980213053524494,0.0,0.0,0.0,0.0,0.0,0.0,0.0,0.0,0.0,,,,,,,,,,,,,,,,
419,0.0005375510081648827,-0.2940160632133484,0.000274075660854578,0.00026347534731030464,0.0,0.0,0.0,0.0,0.0,0.0,0.0,0.0,0.0,,,,,,,,,,,,,,,,
420,0.0005922555574215949,-0.29807808995246887,0.0003025374608114362,0.0002897180966101587,0.0,0.0,0.0,0.0,0.0,0.0,0.0,0.0,0.0,,,,,,,,,,,,,,,,
421,0.0004921059589833021,-0.3011828362941742,0.00024893393856473267,0.0002431720495223999,0.0,0.0,0.0,0.0,0.0,0.0,0.0,0.0,0.0,,,,,,,,,,,,,,,,
422,0.0005757291219197214,-0.30076679587364197,0.0003042863099835813,0.00027144281193614006,0.0,0.0,0.0,0.0,0.0,0.0,0.0,0.0,0.0,,,,,,,,,,,,,,,,
423,0.000520294182933867,-0.2967981994152069,0.000265773618593812,0.00025452053523622453,0.0,0.0,0.0,0.0,0.0,0.0,0.0,0.0,0.0,,,,,,,,,,,,,,,,
424,0.000561387394554913,-0.2954755425453186,0.000287830043816939,0.0002735573216341436,0.0,0.0,0.0,0.0,0.0,0.0,0.0,0.0,0.0,,,,,,,,,,,,,,,,
425,0.0006138326716609299,-0.30091845989227295,0.0003170882409904152,0.0002967444306705147,0.0,0.0,0.0,0.0,0.0,0.0,0.0,0.0,0.0,,,,,,,,,,,,,,,,
426,0.0005514639196917415,-0.3049437701702118,0.00027518291608430445,0.00027628103271126747,0.0,0.0,0.0,0.0,0.0,0.0,0.0,0.0,0.0,,,,,,,,,,,,,,,,
427,0.0005793300224468112,-0.2997245788574219,0.0002951366768684238,0.0002841933455783874,0.0,0.0,0.0,0.0,0.0,0.0,0.0,0.0,0.0,,,,,,,,,,,,,,,,
428,0.0005625792546197772,-0.2971588969230652,0.00028729948098771274,0.00027527977363206446,0.0,0.0,0.0,0.0,0.0,0.0,0.0,0.0,0.0,,,,,,,,,,,,,,,,
429,0.0005838917568325996,-0.2990206480026245,0.0002933272917289287,0.0002905644359998405,0.0,0.0,0.0,0.0,0.0,0.0,0.0,0.0,0.0,,,,,,,,,,,,,,,,
430,0.0005782456719316542,-0.30217209458351135,0.0002919086837209761,0.0002863369882106781,0.0,0.0,0.0,0.0,0.0,0.0,0.0,0.0,0.0,,,,,,,,,,,,,,,,
431,0.0005627177888527513,-0.30579301714897156,0.00029437345801852643,0.0002683443308342248,0.0,0.0,0.0,0.0,0.0,0.0,0.0,0.0,0.0,,,,,,,,,,,,,,,,
432,0.0005687525263056159,-0.3034771978855133,0.0002908230235334486,0.00027792947366833687,0.0,0.0,0.0,0.0,0.0,0.0,0.0,0.0,0.0,,,,,,,,,,,,,,,,
433,0.000560052169021219,-0.30199968814849854,0.0002869510499294847,0.0002731011190917343,0.0,0.0,0.0,0.0,0.0,0.0,0.0,0.0,0.0,,,,,,,,,,,,,,,,
434,0.0005477588856592774,-0.30142101645469666,0.0002793005551211536,0.0002684583014342934,0.0,0.0,0.0,0.0,0.0,0.0,0.0,0.0,0.0,,,,,,,,,,,,,,,,
435,0.0005739856278523803,-0.3067598044872284,0.00029152349452488124,0.0002824621624313295,0.0,0.0,0.0,0.0,0.0,0.0,0.0,0.0,0.0,,,,,,,,,,,,,,,,
436,0.0005486678564921021,-0.30627503991127014,0.0002844381961040199,0.0002642296312842518,0.0,0.0,0.0,0.0,0.0,0.0,0.0,0.0,0.0,,,,,,,,,,,,,,,,
437,0.0005272312555462122,-0.30318325757980347,0.00026593980146571994,0.00026129145408049226,0.0,0.0,0.0,0.0,0.0,0.0,0.0,0.0,0.0,,,,,,,,,,,,,,,,
438,0.0006080499151721597,-0.30567505955696106,0.00031065280199982226,0.0002973971131723374,0.0,0.0,0.0,0.0,0.0,0.0,0.0,0.0,0.0,,,,,,,,,,,,,,,,
439,0.0005497111706063151,-0.3065046966075897,0.00028573835152201355,0.0002639728190843016,0.0,0.0,0.0,0.0,0.0,0.0,0.0,0.0,0.0,,,,,,,,,,,,,,,,
440,0.000513402686920017,-0.3080018162727356,0.00026479584630578756,0.00024860684061422944,0.0,0.0,0.0,0.0,0.0,0.0,0.0,0.0,0.0,,,,,,,,,,,,,,,,
441,0.0005412454484030604,-0.3106216490268707,0.0002745477540884167,0.0002666977234184742,0.0,0.0,0.0,0.0,0.0,0.0,0.0,0.0,0.0,,,,,,,,,,,,,,,,
442,0.0005457939114421606,-0.31156930327415466,0.0002743271179497242,0.00027146682259626687,0.0,0.0,0.0,0.0,0.0,0.0,0.0,0.0,0.0,,,,,,,,,,,,,,,,
443,0.0005931787891313434,-0.3092390298843384,0.0003074903797823936,0.00028568838024511933,0.0,0.0,0.0,0.0,0.0,0.0,0.0,0.0,0.0,,,,,,,,,,,,,,,,
444,0.0005267898086458445,-0.30878502130508423,0.00026484826230444014,0.0002619415463414043,0.0,0.0,0.0,0.0,0.0,0.0,0.0,0.0,0.0,,,,,,,,,,,,,,,,
445,0.0005250615649856627,-0.3092455267906189,0.000271981320111081,0.0002530802448745817,0.0,0.0,0.0,0.0,0.0,0.0,0.0,0.0,0.0,,,,,,,,,,,,,,,,
446,0.0005061738775111735,-0.3128422200679779,0.0002573441597633064,0.0002488297177478671,0.0,0.0,0.0,0.0,0.0,0.0,0.0,0.0,0.0,,,,,,,,,,,,,,,,
447,0.0005716823507100344,-0.31359222531318665,0.00028877778095193207,0.00028290459886193275,0.0,0.0,0.0,0.0,0.0,0.0,0.0,0.0,0.0,,,,,,,,,,,,,,,,
448,0.0005506051238626242,-0.3132238984107971,0.0002854301710613072,0.000265174952801317,0.0,0.0,0.0,0.0,0.0,0.0,0.0,0.0,0.0,,,,,,,,,,,,,,,,
449,0.0005497046513482928,-0.3114092946052551,0.0002785839606076479,0.00027112069074064493,0.0,0.0,0.0,0.0,0.0,0.0,0.0,0.0,0.0,,,,,,,,,,,,,,,,
450,0.0005743334768339992,-0.31311193108558655,0.00028959105839021504,0.00028474238933995366,0.0,0.0,0.0,0.0,0.0,0.0,0.0,0.0,0.0,,,,,,,,,,,,,,,,
451,0.0004990231245756149,-0.3132718801498413,0.0002521992428228259,0.0002468239108566195,0.0,0.0,0.0,0.0,0.0,0.0,0.0,0.0,0.0,,,,,,,,,,,,,,,,
452,0.0005302457138895988,-0.3140825629234314,0.00027529371436685324,0.00025495202862657607,0.0,0.0,0.0,0.0,0.0,0.0,0.0,0.0,0.0,,,,,,,,,,,,,,,,
453,0.0004894185694865882,-0.3140552341938019,0.00024863166618160903,0.00024078688875306398,0.0,0.0,0.0,0.0,0.0,0.0,0.0,0.0,0.0,,,,,,,,,,,,,,,,
454,0.0005525241140276194,-0.3145384192466736,0.000284910318441689,0.0002676137664820999,0.0,0.0,0.0,0.0,0.0,0.0,0.0,0.0,0.0,,,,,,,,,,,,,,,,
455,0.0005479523679241538,-0.3156522512435913,0.0002822128590196371,0.00026573947980068624,0.0,0.0,0.0,0.0,0.0,0.0,0.0,0.0,0.0,,,,,,,,,,,,,,,,
456,0.0005199376028031111,-0.3157894015312195,0.0002662990300450474,0.00025363860186189413,0.0,0.0,0.0,0.0,0.0,0.0,0.0,0.0,0.0,,,,,,,,,,,,,,,,
457,0.0005420511006377637,-0.31730809807777405,0.00027673362637870014,0.0002653174742590636,0.0,0.0,0.0,0.0,0.0,0.0,0.0,0.0,0.0,,,,,,,,,,,,,,,,
458,0.000565909082069993,-0.31855931878089905,0.0002953592920675874,0.00027054979000240564,0.0,0.0,0.0,0.0,0.0,0.0,0.0,0.0,0.0,,,,,,,,,,,,,,,,
459,0.0005144791794009507,-0.31985703110694885,0.0002657670993357897,0.000248712080065161,0.0,0.0,0.0,0.0,0.0,0.0,0.0,0.0,0.0,,,,,,,,,,,,,,,,
460,0.0005426454590633512,-0.3180481791496277,0.0002783588715828955,0.0002642865583766252,0.0,0.0,0.0,0.0,0.0,0.0,0.0,0.0,0.0,,,,,,,,,,,,,,,,
461,0.0005706620868295431,-0.31541115045547485,0.00029239917057566345,0.0002782628871500492,0.0,0.0,0.0,0.0,0.0,0.0,0.0,0.0,0.0,,,,,,,,,,,,,,,,
462,0.000539838511031121,-0.3183612823486328,0.00027474152739159763,0.0002650969836395234,0.0,0.0,0.0,0.0,0.0,0.0,0.0,0.0,0.0,,,,,,,,,,,,,,,,
463,0.0005295408773235977,-0.32158395648002625,0.0002753060543909669,0.0002542348229326308,0.0,0.0,0.0,0.0,0.0,0.0,0.0,0.0,0.0,,,,,,,,,,,,,,,,
464,0.0004914021701551974,-0.32190343737602234,0.00024843576829880476,0.00024296641640830785,0.0,0.0,0.0,0.0,0.0,0.0,0.0,0.0,0.0,,,,,,,,,,,,,,,,
465,0.0005306093953549862,-0.32093048095703125,0.0002731485292315483,0.00025746089522726834,0.0,0.0,0.0,0.0,0.0,0.0,0.0,0.0,0.0,,,,,,,,,,,,,,,,
466,0.0005037469090893865,-0.32029497623443604,0.00025336662656627595,0.0002503802825231105,0.0,0.0,0.0,0.0,0.0,0.0,0.0,0.0,0.0,,,,,,,,,,,,,,,,
467,0.0005834750481881201,-0.3190838694572449,0.0003021146694663912,0.0002813603787217289,0.0,0.0,0.0,0.0,0.0,0.0,0.0,0.0,0.0,,,,,,,,,,,,,,,,
468,0.0005702337948605418,-0.3212184011936188,0.0002902724372688681,0.0002799613866955042,0.0,0.0,0.0,0.0,0.0,0.0,0.0,0.0,0.0,,,,,,,,,,,,,,,,
469,0.0005424305563792586,-0.3261931836605072,0.0002733224828261882,0.0002691081026569009,0.0,0.0,0.0,0.0,0.0,0.0,0.0,0.0,0.0,,,,,,,,,,,,,,,,
470,0.0005191175732761621,-0.32461676001548767,0.0002625174238346517,0.0002566001785453409,0.0,0.0,0.0,0.0,0.0,0.0,0.0,0.0,0.0,,,,,,,,,,,,,,,,
471,0.0005762714426964521,-0.3219183683395386,0.0002990459615830332,0.0002772254520095885,0.0,0.0,0.0,0.0,0.0,0.0,0.0,0.0,0.0,,,,,,,,,,,,,,,,
472,0.0005283728241920471,-0.32353806495666504,0.0002743057848419994,0.00025406706845387816,0.0,0.0,0.0,0.0,0.0,0.0,0.0,0.0,0.0,,,,,,,,,,,,,,,,
473,0.0005204715998843312,-0.32558324933052063,0.00026654129032976925,0.0002539302804507315,0.0,0.0,0.0,0.0,0.0,0.0,0.0,0.0,0.0,,,,,,,,,,,,,,,,
474,0.0005175769911147654,-0.3276653587818146,0.000262723391642794,0.0002548535994719714,0.0,0.0,0.0,0.0,0.0,0.0,0.0,0.0,0.0,,,,,,,,,,,,,,,,
475,0.00048539740964770317,-0.3265877962112427,0.0002473224012646824,0.000238075022934936,0.0,0.0,0.0,0.0,0.0,0.0,0.0,0.0,0.0,,,,,,,,,,,,,,,,
476,0.0005184594192542136,-0.3256933093070984,0.00026565586449578404,0.00025280355475842953,0.0,0.0,0.0,0.0,0.0,0.0,0.0,0.0,0.0,,,,,,,,,,,,,,,,
477,0.0005057872040197253,-0.3252602517604828,0.0002605469198897481,0.00024524025502614677,0.0,0.0,0.0,0.0,0.0,0.0,0.0,0.0,0.0,,,,,,,,,,,,,,,,
478,0.0005557567346841097,-0.3268624544143677,0.00028902056510560215,0.00026673616957850754,0.0,0.0,0.0,0.0,0.0,0.0,0.0,0.0,0.0,,,,,,,,,,,,,,,,
479,0.0004798246663995087,-0.33019256591796875,0.0002451248874422163,0.0002346997644053772,0.0,0.0,0.0,0.0,0.0,0.0,0.0,0.0,0.0,,,,,,,,,,,,,,,,
480,0.00053127680439502,-0.33098331093788147,0.00027039845008403063,0.00026087838341481984,0.0,0.0,0.0,0.0,0.0,0.0,0.0,0.0,0.0,,,,,,,,,,,,,,,,
481,0.000541298883035779,-0.32807764410972595,0.0002779294445645064,0.00026336940936744213,0.0,0.0,0.0,0.0,0.0,0.0,0.0,0.0,0.0,,,,,,,,,,,,,,,,
482,0.0005332509754225612,-0.327445387840271,0.0002738965558819473,0.0002593544195406139,0.0,0.0,0.0,0.0,0.0,0.0,0.0,0.0,0.0,,,,,,,,,,,,,,,,
483,0.000499812129419297,-0.33139902353286743,0.00025045202346518636,0.0002493601059541106,0.0,0.0,0.0,0.0,0.0,0.0,0.0,0.0,0.0,,,,,,,,,,,,,,,,
484,0.0005158123094588518,-0.33204659819602966,0.00026714440900832415,0.0002486678713466972,0.0,0.0,0.0,0.0,0.0,0.0,0.0,0.0,0.0,,,,,,,,,,,,,,,,
485,0.0005252424161881208,-0.32988911867141724,0.00027534959372133017,0.0002498928224667907,0.0,0.0,0.0,0.0,0.0,0.0,0.0,0.0,0.0,,,,,,,,,,,,,,,,
486,0.0005266043590381742,-0.328189492225647,0.00026866645202971995,0.00025793787790462375,0.0,0.0,0.0,0.0,0.0,0.0,0.0,0.0,0.0,,,,,,,,,,,,,,,,
487,0.0005096419481560588,-0.3307877480983734,0.00025658379308879375,0.0002530581259634346,0.0,0.0,0.0,0.0,0.0,0.0,0.0,0.0,0.0,,,,,,,,,,,,,,,,
488,0.0005229932721704245,-0.33440372347831726,0.0002677163283806294,0.0002552769728936255,0.0,0.0,0.0,0.0,0.0,0.0,0.0,0.0,0.0,,,,,,,,,,,,,,,,
489,0.0004889577976427972,-0.3338671326637268,0.0002440100215608254,0.00024494779063388705,0.0,0.0,0.0,0.0,0.0,0.0,0.0,0.0,0.0,,,,,,,,,,,,,,,,
490,0.0005078989779576659,-0.3324330747127533,0.00025018706219270825,0.0002577118866611272,0.0,0.0,0.0,0.0,0.0,0.0,0.0,0.0,0.0,,,,,,,,,,,,,,,,
491,0.0004973953473381698,-0.3306804895401001,0.0002541047870181501,0.0002432905457681045,0.0,0.0,0.0,0.0,0.0,0.0,0.0,0.0,0.0,,,,,,,,,,,,,,,,
492,0.0005102927098050714,-0.3335878849029541,0.0002582504239398986,0.00025204228586517274,0.0,0.0,0.0,0.0,0.0,0.0,0.0,0.0,0.0,,,,,,,,,,,,,,,,
493,0.00046160578494891524,-0.3352833688259125,0.00023690186208114028,0.00022470392286777496,0.0,0.0,0.0,0.0,0.0,0.0,0.0,0.0,0.0,,,,,,,,,,,,,,,,
494,0.0004884034278802574,-0.3349810540676117,0.0002548569755163044,0.00023354646691586822,0.0,0.0,0.0,0.0,0.0,0.0,0.0,0.0,0.0,,,,,,,,,,,,,,,,
495,0.00048358822823502123,-0.33628180623054504,0.00025324668968096375,0.00023034153855405748,0.0,0.0,0.0,0.0,0.0,0.0,0.0,0.0,0.0,,,,,,,,,,,,,,,,
496,0.0005181762389838696,-0.337624728679657,0.00027120194863528013,0.0002469743194524199,0.0,0.0,0.0,0.0,0.0,0.0,0.0,0.0,0.0,,,,,,,,,,,,,,,,
497,0.00045373092871159315,-0.33689647912979126,0.00023124473227653652,0.0002224861818831414,0.0,0.0,0.0,0.0,0.0,0.0,0.0,0.0,0.0,,,,,,,,,,,,,,,,
498,0.000531823723576963,-0.33721238374710083,0.0002760840579867363,0.0002557396364863962,0.0,0.0,0.0,0.0,0.0,0.0,0.0,0.0,0.0,,,,,,,,,,,,,,,,
499,0.0004861261695623398,-0.33812767267227173,0.00024848312023095787,0.00023764304933138192,0.0,0.0,0.0,0.0,0.0,0.0,0.0,0.0,0.0,,,,,,,,,,,,,,,,
500,0.0004934994503855705,-0.338262677192688,0.00025621900567784905,0.00023728044470772147,0.0,0.0,0.0,0.0,0.0,0.0,0.0,0.0,0.0,,,,,,,,,,,,,,,,
501,0.0004892327706329525,-0.33818668127059937,0.0002514458610676229,0.00023778689501341432,0.0,0.0,0.0,0.0,0.0,0.0,0.0,0.0,0.0,,,,,,,,,,,,,,,,
502,0.0004960756050422788,-0.3396400809288025,0.0002543397422414273,0.0002417358773527667,0.0,0.0,0.0,0.0,0.0,0.0,0.0,0.0,0.0,,,,,,,,,,,,,,,,
503,0.0005137031548656523,-0.3414660692214966,0.0002610960800666362,0.0002526070747990161,0.0,0.0,0.0,0.0,0.0,0.0,0.0,0.0,0.0,,,,,,,,,,,,,,,,
504,0.0005075003718957305,-0.34251734614372253,0.00025811747764237225,0.0002493828651495278,0.0,0.0,0.0,0.0,0.0,0.0,0.0,0.0,0.0,,,,,,,,,,,,,,,,
505,0.000469905324280262,-0.3414098024368286,0.00024250563001260161,0.0002273997088195756,0.0,0.0,0.0,0.0,0.0,0.0,0.0,0.0,0.0,,,,,,,,,,,,,,,,
506,0.0004806439683306962,-0.3414436876773834,0.0002481111732777208,0.00023253279505297542,0.0,0.0,0.0,0.0,0.0,0.0,0.0,0.0,0.0,,,,,,,,,,,,,,,,
507,0.000468370970338583,-0.34188199043273926,0.0002396594063611701,0.00022871154942549765,0.0,0.0,0.0,0.0,0.0,0.0,0.0,0.0,0.0,,,,,,,,,,,,,,,,
508,0.0004719095886684954,-0.3403404951095581,0.00024111261882353574,0.00023079696984495968,0.0,0.0,0.0,0.0,0.0,0.0,0.0,0.0,0.0,,,,,,,,,,,,,,,,
509,0.0004755008267238736,-0.3408524990081787,0.00024495605612173676,0.00023054478515405208,0.0,0.0,0.0,0.0,0.0,0.0,0.0,0.0,0.0,,,,,,,,,,,,,,,,
510,0.0004779670271091163,-0.34376564621925354,0.0002473149506840855,0.0002306520618731156,0.0,0.0,0.0,0.0,0.0,0.0,0.0,0.0,0.0,,,,,,,,,,,,,,,,
511,0.0005076222587376833,-0.3461790680885315,0.00026182091096416116,0.00024580134777352214,0.0,0.0,0.0,0.0,0.0,0.0,0.0,0.0,0.0,,,,,,,,,,,,,,,,
512,0.0005154702812433243,-0.34448352456092834,0.0002648330992087722,0.00025063715293072164,0.0,0.0,0.0,0.0,0.0,0.0,0.0,0.0,0.0,,,,,,,,,,,,,,,,
513,0.0004877532192040235,-0.34354913234710693,0.0002496992819942534,0.00023805393720977008,0.0,0.0,0.0,0.0,0.0,0.0,0.0,0.0,0.0,,,,,,,,,,,,,,,,
514,0.00048108858754858375,-0.3432249426841736,0.0002453051565680653,0.0002357834455324337,0.0,0.0,0.0,0.0,0.0,0.0,0.0,0.0,0.0,,,,,,,,,,,,,,,,
515,0.00045056705130264163,-0.34414002299308777,0.00022923581127543002,0.0002213312400272116,0.0,0.0,0.0,0.0,0.0,0.0,0.0,0.0,0.0,,,,,,,,,,,,,,,,
516,0.0004654276999644935,-0.34560567140579224,0.00024176729493774474,0.00022366039047483355,0.0,0.0,0.0,0.0,0.0,0.0,0.0,0.0,0.0,,,,,,,,,,,,,,,,
517,0.0004719190183095634,-0.34790197014808655,0.0002447481674607843,0.00022717085084877908,0.0,0.0,0.0,0.0,0.0,0.0,0.0,0.0,0.0,,,,,,,,,,,,,,,,
518,0.0005077145760878921,-0.3478091061115265,0.00026097180671058595,0.0002467427693773061,0.0,0.0,0.0,0.0,0.0,0.0,0.0,0.0,0.0,,,,,,,,,,,,,,,,
519,0.0004974710172973573,-0.3484560549259186,0.0002567758783698082,0.0002406951243756339,0.0,0.0,0.0,0.0,0.0,0.0,0.0,0.0,0.0,,,,,,,,,,,,,,,,
520,0.0004788027727045119,-0.3500138521194458,0.00024348327133338898,0.0002353195013711229,0.0,0.0,0.0,0.0,0.0,0.0,0.0,0.0,0.0,,,,,,,,,,,,,,,,
521,0.0004728976055048406,-0.349473237991333,0.00024138469598256052,0.00023151289497036487,0.0,0.0,0.0,0.0,0.0,0.0,0.0,0.0,0.0,,,,,,,,,,,,,,,,
522,0.0004711271612904966,-0.35004952549934387,0.0002394450275460258,0.00023168211919255555,0.0,0.0,0.0,0.0,0.0,0.0,0.0,0.0,0.0,,,,,,,,,,,,,,,,
523,0.00044175927178002894,-0.3488837480545044,0.00022632394393440336,0.00021543532784562558,0.0,0.0,0.0,0.0,0.0,0.0,0.0,0.0,0.0,,,,,,,,,,,,,,,,
524,0.0004509244754444808,-0.3491017520427704,0.00022991457080934197,0.0002210099046351388,0.0,0.0,0.0,0.0,0.0,0.0,0.0,0.0,0.0,,,,,,,,,,,,,,,,
525,0.00046097877202555537,-0.3493540585041046,0.00023798059555701911,0.00022299816191662103,0.0,0.0,0.0,0.0,0.0,0.0,0.0,0.0,0.0,,,,,,,,,,,,,,,,
526,0.000457366113550961,-0.3480314016342163,0.00023172242799773812,0.00022564367100130767,0.0,0.0,0.0,0.0,0.0,0.0,0.0,0.0,0.0,,,,,,,,,,,,,,,,
527,0.0005127352778799832,-0.34952059388160706,0.000253491714829579,0.0002592435630504042,0.0,0.0,0.0,0.0,0.0,0.0,0.0,0.0,0.0,,,,,,,,,,,,,,,,
528,0.00046176870819181204,-0.35161352157592773,0.0002388479479122907,0.00022292077483143657,0.0,0.0,0.0,0.0,0.0,0.0,0.0,0.0,0.0,,,,,,,,,,,,,,,,
529,0.00048811209853738546,-0.35453054308891296,0.00024549567024223506,0.00024261641374323517,0.0,0.0,0.0,0.0,0.0,0.0,0.0,0.0,0.0,,,,,,,,,,,,,,,,
530,0.0005167907802388072,-0.35390353202819824,0.00025844183983281255,0.0002583489113021642,0.0,0.0,0.0,0.0,0.0,0.0,0.0,0.0,0.0,,,,,,,,,,,,,,,,
531,0.00047528307186439633,-0.3528817296028137,0.00023917140788398683,0.00023611164942849427,0.0,0.0,0.0,0.0,0.0,0.0,0.0,0.0,0.0,,,,,,,,,,,,,,,,
532,0.0004380893078632653,-0.3555799126625061,0.00022407977667171508,0.0002140095311915502,0.0,0.0,0.0,0.0,0.0,0.0,0.0,0.0,0.0,,,,,,,,,,,,,,,,
533,0.0004413871210999787,-0.35467609763145447,0.00022569460270460695,0.0002156925038434565,0.0,0.0,0.0,0.0,0.0,0.0,0.0,0.0,0.0,,,,,,,,,,,,,,,,
534,0.0004463230725377798,-0.3519454598426819,0.00022975268075242639,0.00021657039178535342,0.0,0.0,0.0,0.0,0.0,0.0,0.0,0.0,0.0,,,,,,,,,,,,,,,,
535,0.00045563821913674474,-0.3533824682235718,0.00022639392409473658,0.0002292443095939234,0.0,0.0,0.0,0.0,0.0,0.0,0.0,0.0,0.0,,,,,,,,,,,,,,,,
536,0.0004642312414944172,-0.3580588102340698,0.00023642387532163411,0.00022780735162086785,0.0,0.0,0.0,0.0,0.0,0.0,0.0,0.0,0.0,,,,,,,,,,,,,,,,
537,0.00042817697976715863,-0.35983872413635254,0.00021911523072049022,0.0002090617490466684,0.0,0.0,0.0,0.0,0.0,0.0,0.0,0.0,0.0,,,,,,,,,,,,,,,,
538,0.0004461727512534708,-0.35527050495147705,0.0002276296727359295,0.0002185430785175413,0.0,0.0,0.0,0.0,0.0,0.0,0.0,0.0,0.0,,,,,,,,,,,,,,,,
539,0.00048679448082111776,-0.3555777668952942,0.000249032280407846,0.00023776220041327178,0.0,0.0,0.0,0.0,0.0,0.0,0.0,0.0,0.0,,,,,,,,,,,,,,,,
540,0.0005127412732690573,-0.3578844368457794,0.0002626760397106409,0.00025006523355841637,0.0,0.0,0.0,0.0,0.0,0.0,0.0,0.0,0.0,,,,,,,,,,,,,,,,
541,0.0004395043943077326,-0.3604087829589844,0.0002234376297565177,0.0002160667791031301,0.0,0.0,0.0,0.0,0.0,0.0,0.0,0.0,0.0,,,,,,,,,,,,,,,,
542,0.00045197774306870997,-0.3605566918849945,0.00023106700973585248,0.0002209107333328575,0.0,0.0,0.0,0.0,0.0,0.0,0.0,0.0,0.0,,,,,,,,,,,,,,,,
543,0.00044815088040195405,-0.35678812861442566,0.00023264912306331098,0.00021550175733864307,0.0,0.0,0.0,0.0,0.0,0.0,0.0,0.0,0.0,,,,,,,,,,,,,,,,
544,0.0004507541307248175,-0.35935696959495544,0.00023143159341998398,0.0002193225227529183,0.0,0.0,0.0,0.0,0.0,0.0,0.0,0.0,0.0,,,,,,,,,,,,,,,,
545,0.00046178154298104346,-0.36162400245666504,0.00023584715381730348,0.00022593438916373998,0.0,0.0,0.0,0.0,0.0,0.0,0.0,0.0,0.0,,,,,,,,,,,,,,,,
546,0.00042576348641887307,-0.3630753755569458,0.00022211458417586982,0.00020364888769108802,0.0,0.0,0.0,0.0,0.0,0.0,0.0,0.0,0.0,,,,,,,,,,,,,,,,
547,0.00045474828220903873,-0.3609441816806793,0.00023295755090657622,0.00022179074585437775,0.0,0.0,0.0,0.0,0.0,0.0,0.0,0.0,0.0,,,,,,,,,,,,,,,,
548,0.00044571299804374576,-0.36050674319267273,0.00022631068713963032,0.0002194022963522002,0.0,0.0,0.0,0.0,0.0,0.0,0.0,0.0,0.0,,,,,,,,,,,,,,,,
549,0.0005313508445397019,-0.36166730523109436,0.00027169278473593295,0.00025965803069993854,0.0,0.0,0.0,0.0,0.0,0.0,0.0,0.0,0.0,,,,,,,,,,,,,,,,
550,0.00048468285240232944,-0.36321204900741577,0.00024394916545134038,0.00024073367239907384,0.0,0.0,0.0,0.0,0.0,0.0,0.0,0.0,0.0,,,,,,,,,,,,,,,,
551,0.00042530131759122014,-0.3646141290664673,0.00021936271514277905,0.00020593858789652586,0.0,0.0,0.0,0.0,0.0,0.0,0.0,0.0,0.0,,,,,,,,,,,,,,,,
552,0.00042676524026319385,-0.3654654920101166,0.00022314749367069453,0.0002036177320405841,0.0,0.0,0.0,0.0,0.0,0.0,0.0,0.0,0.0,,,,,,,,,,,,,,,,
553,0.0004841024929191917,-0.3633355498313904,0.0002522969152778387,0.000231805577641353,0.0,0.0,0.0,0.0,0.0,0.0,0.0,0.0,0.0,,,,,,,,,,,,,,,,
554,0.0004218880203552544,-0.3631972372531891,0.0002127850748365745,0.00020910296007059515,0.0,0.0,0.0,0.0,0.0,0.0,0.0,0.0,0.0,,,,,,,,,,,,,,,,
555,0.00044508924474939704,-0.3659001588821411,0.00022599163639824837,0.00021909760835114866,0.0,0.0,0.0,0.0,0.0,0.0,0.0,0.0,0.0,,,,,,,,,,,,,,,,
556,0.00042798445792868733,-0.36765265464782715,0.00021741607633884996,0.0002105683961417526,0.0,0.0,0.0,0.0,0.0,0.0,0.0,0.0,0.0,,,,,,,,,,,,,,,,
557,0.000441479729488492,-0.3643503785133362,0.0002224559721071273,0.00021902377193327993,0.0,0.0,0.0,0.0,0.0,0.0,0.0,0.0,0.0,,,,,,,,,,,,,,,,
558,0.00046487024519592524,-0.36362895369529724,0.00024041709548328072,0.00022445314971264452,0.0,0.0,0.0,0.0,0.0,0.0,0.0,0.0,0.0,,,,,,,,,,,,,,,,
559,0.00045055540977045894,-0.36536648869514465,0.0002302891225554049,0.0002202662726631388,0.0,0.0,0.0,0.0,0.0,0.0,0.0,0.0,0.0,,,,,,,,,,,,,,,,
560,0.00041591841727495193,-0.36851921677589417,0.00021562323672696948,0.00020029516599606723,0.0,0.0,0.0,0.0,0.0,0.0,0.0,0.0,0.0,,,,,,,,,,,,,,,,
561,0.0004429899563547224,-0.368262380361557,0.00022784963948652148,0.0002151403168682009,0.0,0.0,0.0,0.0,0.0,0.0,0.0,0.0,0.0,,,,,,,,,,,,,,,,
562,0.0004403810598887503,-0.3675493597984314,0.00022951947175897658,0.00021086158812977374,0.0,0.0,0.0,0.0,0.0,0.0,0.0,0.0,0.0,,,,,,,,,,,,,,,,
563,0.0004084766551386565,-0.36816540360450745,0.00020809812122024596,0.00020037853391841054,0.0,0.0,0.0,0.0,0.0,0.0,0.0,0.0,0.0,,,,,,,,,,,,,,,,
564,0.00042346440022811294,-0.37001723051071167,0.00022005390201229602,0.00020341049821581692,0.0,0.0,0.0,0.0,0.0,0.0,0.0,0.0,0.0,,,,,,,,,,,,,,,,
565,0.00045272207353264093,-0.3694342374801636,0.00022843385522719473,0.00022428823285736144,0.0,0.0,0.0,0.0,0.0,0.0,0.0,0.0,0.0,,,,,,,,,,,,,,,,
566,0.00043035499402321875,-0.3691710829734802,0.00022048853861633688,0.00020986645540688187,0.0,0.0,0.0,0.0,0.0,0.0,0.0,0.0,0.0,,,,,,,,,,,,,,,,
567,0.0004259602865204215,-0.37047281861305237,0.00021900628053117543,0.0002069540205411613,0.0,0.0,0.0,0.0,0.0,0.0,0.0,0.0,0.0,,,,,,,,,,,,,,,,
568,0.000415774411521852,-0.3717036545276642,0.00021288370771799237,0.00020289070380385965,0.0,0.0,0.0,0.0,0.0,0.0,0.0,0.0,0.0,,,,,,,,,,,,,,,,
569,0.00040132779395207763,-0.3726332485675812,0.00020189897622913122,0.0001994288177229464,0.0,0.0,0.0,0.0,0.0,0.0,0.0,0.0,0.0,,,,,,,,,,,,,,,,
570,0.0004578105581458658,-0.3709784746170044,0.00022911423002369702,0.00022869632812216878,0.0,0.0,0.0,0.0,0.0,0.0,0.0,0.0,0.0,,,,,,,,,,,,,,,,
571,0.00044597432133741677,-0.37337812781333923,0.00022725254530087113,0.00021872177603654563,0.0,0.0,0.0,0.0,0.0,0.0,0.0,0.0,0.0,,,,,,,,,,,,,,,,
572,0.0004148800508119166,-0.3728848099708557,0.0002158950810553506,0.00019898498430848122,0.0,0.0,0.0,0.0,0.0,0.0,0.0,0.0,0.0,,,,,,,,,,,,,,,,
573,0.00042405189014971256,-0.3707028925418854,0.00021892038057558239,0.00020513149502221495,0.0,0.0,0.0,0.0,0.0,0.0,0.0,0.0,0.0,,,,,,,,,,,,,,,,
574,0.0004460244963411242,-0.3731186091899872,0.00022797950077801943,0.00021804499556310475,0.0,0.0,0.0,0.0,0.0,0.0,0.0,0.0,0.0,,,,,,,,,,,,,,,,
575,0.00041694706305861473,-0.3768393099308014,0.0002127714251400903,0.00020417565247043967,0.0,0.0,0.0,0.0,0.0,0.0,0.0,0.0,0.0,,,,,,,,,,,,,,,,
576,0.00044494838220998645,-0.3751099407672882,0.00022979272762313485,0.00021515564003493637,0.0,0.0,0.0,0.0,0.0,0.0,0.0,0.0,0.0,,,,,,,,,,,,,,,,
577,0.0004056943580508232,-0.3748078942298889,0.00020979871624149382,0.00019589562725741416,0.0,0.0,0.0,0.0,0.0,0.0,0.0,0.0,0.0,,,,,,,,,,,,,,,,
578,0.00044098831131123006,-0.3754443824291229,0.00022756274847779423,0.00021342556283343583,0.0,0.0,0.0,0.0,0.0,0.0,0.0,0.0,0.0,,,,,,,,,,,,,,,,
579,0.0004530315345618874,-0.3771282136440277,0.00023534210049547255,0.00021768943406641483,0.0,0.0,0.0,0.0,0.0,0.0,0.0,0.0,0.0,,,,,,,,,,,,,,,,
580,0.0004398091696202755,-0.3757503926753998,0.00022587536659557372,0.00021393380302470177,0.0,0.0,0.0,0.0,0.0,0.0,0.0,0.0,0.0,,,,,,,,,,,,,,,,
581,0.00040222652023658156,-0.37575268745422363,0.00020547535677906126,0.0001967511634575203,0.0,0.0,0.0,0.0,0.0,0.0,0.0,0.0,0.0,,,,,,,,,,,,,,,,
582,0.0004999725497327745,-0.3774048686027527,0.00025366959744133055,0.00024630295229144394,0.0,0.0,0.0,0.0,0.0,0.0,0.0,0.0,0.0,,,,,,,,,,,,,,,,
583,0.00043433989048935473,-0.3822270631790161,0.0002177465648856014,0.00021659332560375333,0.0,0.0,0.0,0.0,0.0,0.0,0.0,0.0,0.0,,,,,,,,,,,,,,,,
584,0.0004589098389260471,-0.37764692306518555,0.00023264170158654451,0.0002262681518914178,0.0,0.0,0.0,0.0,0.0,0.0,0.0,0.0,0.0,,,,,,,,,,,,,,,,
585,0.00047272618394345045,-0.3759682774543762,0.00024288304848596454,0.00022984313545748591,0.0,0.0,0.0,0.0,0.0,0.0,0.0,0.0,0.0,,,,,,,,,,,,,,,,
586,0.0004280818102415651,-0.3787708580493927,0.00022228641319088638,0.00020579539705067873,0.0,0.0,0.0,0.0,0.0,0.0,0.0,0.0,0.0,,,,,,,,,,,,,,,,
587,0.0004447091487236321,-0.3840806782245636,0.00022440243628807366,0.0002203066978836432,0.0,0.0,0.0,0.0,0.0,0.0,0.0,0.0,0.0,,,,,,,,,,,,,,,,
588,0.0004118845099583268,-0.38055479526519775,0.00021364027634263039,0.00019824423361569643,0.0,0.0,0.0,0.0,0.0,0.0,0.0,0.0,0.0,,,,,,,,,,,,,,,,
589,0.00045545867760665715,-0.37856385111808777,0.00023277278523892164,0.0002226858923677355,0.0,0.0,0.0,0.0,0.0,0.0,0.0,0.0,0.0,,,,,,,,,,,,,,,,
590,0.0004710520734079182,-0.38174641132354736,0.00024200542247854173,0.00022904663637746125,0.0,0.0,0.0,0.0,0.0,0.0,0.0,0.0,0.0,,,,,,,,,,,,,,,,
591,0.00040841003647074103,-0.3846700191497803,0.00020925681747030467,0.0001991532335523516,0.0,0.0,0.0,0.0,0.0,0.0,0.0,0.0,0.0,,,,,,,,,,,,,,,,
592,0.00037920911563560367,-0.3834351897239685,0.00019404510385356843,0.00018516399723012,0.0,0.0,0.0,0.0,0.0,0.0,0.0,0.0,0.0,,,,,,,,,,,,,,,,
593,0.0003917503054253757,-0.3792523443698883,0.00019849197997245938,0.00019325832545291632,0.0,0.0,0.0,0.0,0.0,0.0,0.0,0.0,0.0,,,,,,,,,,,,,,,,
594,0.0004694589297287166,-0.3804837763309479,0.0002377075725235045,0.00023175135720521212,0.0,0.0,0.0,0.0,0.0,0.0,0.0,0.0,0.0,,,,,,,,,,,,,,,,
595,0.0005174108082428575,-0.38538858294487,0.0002637799479998648,0.00025363086024299264,0.0,0.0,0.0,0.0,0.0,0.0,0.0,0.0,0.0,,,,,,,,,,,,,,,,
596,0.000427827937528491,-0.3837210237979889,0.00022160739172250032,0.00020622053125407547,0.0,0.0,0.0,0.0,0.0,0.0,0.0,0.0,0.0,,,,,,,,,,,,,,,,
597,0.0003915177658200264,-0.38333234190940857,0.00019800284644588828,0.00019351491937413812,0.0,0.0,0.0,0.0,0.0,0.0,0.0,0.0,0.0,,,,,,,,,,,,,,,,
598,0.000428493891377002,-0.3854326903820038,0.00022030658146832138,0.0002081872953567654,0.0,0.0,0.0,0.0,0.0,0.0,0.0,0.0,0.0,,,,,,,,,,,,,,,,
599,0.00037820098805241287,-0.3863484263420105,0.00019250581681262702,0.00018569517123978585,0.0,0.0,0.0,0.0,0.0,0.0,0.0,0.0,0.0,,,,,,,,,,,,,,,,
600,0.00037457700818777084,-0.385707825422287,0.0001916086912387982,0.00018296831694897264,0.0,0.0,0.0,0.0,0.0,0.0,0.0,0.0,0.0,,,,,,,,,,,,,,,,
601,0.0004212833591736853,-0.38379570841789246,0.00021760929666925222,0.00020367404795251787,0.0,0.0,0.0,0.0,0.0,0.0,0.0,0.0,0.0,,,,,,,,,,,,,,,,
602,0.0004258557455614209,-0.3860698640346527,0.0002150109357899055,0.0002108447952196002,0.0,0.0,0.0,0.0,0.0,0.0,0.0,0.0,0.0,,,,,,,,,,,,,,,,
603,0.0003876904083881527,-0.3896278738975525,0.00019897976017091423,0.00018871064821723849,0.0,0.0,0.0,0.0,0.0,0.0,0.0,0.0,0.0,,,,,,,,,,,,,,,,
604,0.00037924337084405124,-0.3896161615848541,0.00019389922090340406,0.00018534414994064718,0.0,0.0,0.0,0.0,0.0,0.0,0.0,0.0,0.0,,,,,,,,,,,,,,,,
605,0.0003783695283345878,-0.38834503293037415,0.00019479301408864558,0.00018357651424594223,0.0,0.0,0.0,0.0,0.0,0.0,0.0,0.0,0.0,,,,,,,,,,,,,,,,
606,0.00038173020584508777,-0.38786646723747253,0.00019311731739435345,0.00018861288845073432,0.0,0.0,0.0,0.0,0.0,0.0,0.0,0.0,0.0,,,,,,,,,,,,,,,,
607,0.000409314117860049,-0.388749361038208,0.00020883539400529116,0.00020047873840667307,0.0,0.0,0.0,0.0,0.0,0.0,0.0,0.0,0.0,,,,,,,,,,,,,,,,
608,0.0003617035108618438,-0.38865455985069275,0.0001801677863113582,0.00018153573910240084,0.0,0.0,0.0,0.0,0.0,0.0,0.0,0.0,0.0,,,,,,,,,,,,,,,,
609,0.00039453001227229834,-0.3898639976978302,0.0001997252693399787,0.00019480474293231964,0.0,0.0,0.0,0.0,0.0,0.0,0.0,0.0,0.0,,,,,,,,,,,,,,,,
610,0.0004283734015189111,-0.38997259736061096,0.00021913832460995764,0.0002092350769089535,0.0,0.0,0.0,0.0,0.0,0.0,0.0,0.0,0.0,,,,,,,,,,,,,,,,
611,0.00038189449696801603,-0.3916480839252472,0.00019623455591499805,0.00018565994105301797,0.0,0.0,0.0,0.0,0.0,0.0,0.0,0.0,0.0,,,,,,,,,,,,,,,,
612,0.0003879871219396591,-0.3912738561630249,0.0001978392683668062,0.00019014786812476814,0.0,0.0,0.0,0.0,0.0,0.0,0.0,0.0,0.0,,,,,,,,,,,,,,,,
613,0.0004086916451342404,-0.3883775472640991,0.00020306113583501428,0.0002056305092992261,0.0,0.0,0.0,0.0,0.0,0.0,0.0,0.0,0.0,,,,,,,,,,,,,,,,
614,0.00042376748751848936,-0.3908989727497101,0.0002174828405259177,0.00020628466154448688,0.0,0.0,0.0,0.0,0.0,0.0,0.0,0.0,0.0,,,,,,,,,,,,,,,,
615,0.0004085754044353962,-0.3951009213924408,0.0002118607226293534,0.00019671469635795802,0.0,0.0,0.0,0.0,0.0,0.0,0.0,0.0,0.0,,,,,,,,,,,,,,,,
616,0.0003899285802617669,-0.393308162689209,0.0002012336626648903,0.0001886949030449614,0.0,0.0,0.0,0.0,0.0,0.0,0.0,0.0,0.0,,,,,,,,,,,,,,,,
617,0.00041984982090070844,-0.39107251167297363,0.000220027010072954,0.00019982282537966967,0.0,0.0,0.0,0.0,0.0,0.0,0.0,0.0,0.0,,,,,,,,,,,,,,,,
618,0.0003999129985459149,-0.3926849961280823,0.00020670682715717703,0.00019320615683682263,0.0,0.0,0.0,0.0,0.0,0.0,0.0,0.0,0.0,,,,,,,,,,,,,,,,
619,0.00040412897942587733,-0.3947150707244873,0.0002069525799015537,0.00019717641407623887,0.0,0.0,0.0,0.0,0.0,0.0,0.0,0.0,0.0,,,,,,,,,,,,,,,,
620,0.00038306514034047723,-0.3942561149597168,0.00019323894230183214,0.00018982621259056032,0.0,0.0,0.0,0.0,0.0,0.0,0.0,0.0,0.0,,,,,,,,,,,,,,,,
621,0.0003682747483253479,-0.39296069741249084,0.00018482805171515793,0.00018344668205827475,0.0,0.0,0.0,0.0,0.0,0.0,0.0,0.0,0.0,,,,,,,,,,,,,,,,
622,0.00041408365359529853,-0.39505237340927124,0.0002096871321555227,0.00020439653599169105,0.0,0.0,0.0,0.0,0.0,0.0,0.0,0.0,0.0,,,,,,,,,,,,,,,,
623,0.00037576170871034265,-0.3970165550708771,0.0001903913071146235,0.00018537040159571916,0.0,0.0,0.0,0.0,0.0,0.0,0.0,0.0,0.0,,,,,,,,,,,,,,,,
624,0.00037413285463117063,-0.400082528591156,0.0001896503526950255,0.00018448250193614513,0.0,0.0,0.0,0.0,0.0,0.0,0.0,0.0,0.0,,,,,,,,,,,,,,,,
625,0.00040012557292357087,-0.39489057660102844,0.00020317068265285343,0.00019695487571880221,0.0,0.0,0.0,0.0,0.0,0.0,0.0,0.0,0.0,,,,,,,,,,,,,,,,
626,0.0004150875029154122,-0.39555293321609497,0.00021197738533373922,0.00020311010302975774,0.0,0.0,0.0,0.0,0.0,0.0,0.0,0.0,0.0,,,,,,,,,,,,,,,,
627,0.0004112140741199255,-0.39825692772865295,0.0002155526599381119,0.00019566142873372883,0.0,0.0,0.0,0.0,0.0,0.0,0.0,0.0,0.0,,,,,,,,,,,,,,,,
628,0.00040305874426849186,-0.3974357843399048,0.0002085136657115072,0.00019454507855698466,0.0,0.0,0.0,0.0,0.0,0.0,0.0,0.0,0.0,,,,,,,,,,,,,,,,
629,0.0003823947627097368,-0.39849188923835754,0.00019747583428397775,0.00018491891387384385,0.0,0.0,0.0,0.0,0.0,0.0,0.0,0.0,0.0,,,,,,,,,,,,,,,,
630,0.00038211129140108824,-0.3980363607406616,0.0001981493114726618,0.00018396199448034167,0.0,0.0,0.0,0.0,0.0,0.0,0.0,0.0,0.0,,,,,,,,,,,,,,,,
631,0.0003684450639411807,-0.39800718426704407,0.00018810268375091255,0.00018034238019026816,0.0,0.0,0.0,0.0,0.0,0.0,0.0,0.0,0.0,,,,,,,,,,,,,,,,
632,0.0003991281846538186,-0.3990758955478668,0.0002058252430288121,0.0001933029416250065,0.0,0.0,0.0,0.0,0.0,0.0,0.0,0.0,0.0,,,,,,,,,,,,,,,,
633,0.0003740070969797671,-0.40096744894981384,0.00018974830163642764,0.00018425880989525467,0.0,0.0,0.0,0.0,0.0,0.0,0.0,0.0,0.0,,,,,,,,,,,,,,,,
634,0.0003906853962689638,-0.4002293348312378,0.00019824648916255683,0.00019243892165832222,0.0,0.0,0.0,0.0,0.0,0.0,0.0,0.0,0.0,,,,,,,,,,,,,,,,
635,0.00038065266562625766,-0.40036630630493164,0.00019022308697458357,0.0001904295786516741,0.0,0.0,0.0,0.0,0.0,0.0,0.0,0.0,0.0,,,,,,,,,,,,,,,,
636,0.00040820386493578553,-0.40238460898399353,0.0002078625839203596,0.00020034129556734115,0.0,0.0,0.0,0.0,0.0,0.0,0.0,0.0,0.0,,,,,,,,,,,,,,,,
637,0.0003850736829917878,-0.4045461118221283,0.0001973181206267327,0.00018775556236505508,0.0,0.0,0.0,0.0,0.0,0.0,0.0,0.0,0.0,,,,,,,,,,,,,,,,
638,0.0004015839076600969,-0.4011616110801697,0.000209990146686323,0.0001915937609737739,0.0,0.0,0.0,0.0,0.0,0.0,0.0,0.0,0.0,,,,,,,,,,,,,,,,
639,0.00037052627885714173,-0.39887240529060364,0.00019024971697945148,0.00018027657642960548,0.0,0.0,0.0,0.0,0.0,0.0,0.0,0.0,0.0,,,,,,,,,,,,,,,,
640,0.00038798004970885813,-0.4037453234195709,0.00019928571418859065,0.0001886943355202675,0.0,0.0,0.0,0.0,0.0,0.0,0.0,0.0,0.0,,,,,,,,,,,,,,,,
641,0.0003839448909275234,-0.40505221486091614,0.00019135000184178352,0.00019259488908573985,0.0,0.0,0.0,0.0,0.0,0.0,0.0,0.0,0.0,,,,,,,,,,,,,,,,
642,0.0004122395475860685,-0.39999285340309143,0.00020773326104972512,0.0002045062865363434,0.0,0.0,0.0,0.0,0.0,0.0,0.0,0.0,0.0,,,,,,,,,,,,,,,,
643,0.0003823186852969229,-0.4038366675376892,0.0001873628789326176,0.00019495582091622055,0.0,0.0,0.0,0.0,0.0,0.0,0.0,0.0,0.0,,,,,,,,,,,,,,,,
644,0.00036374060437083244,-0.4077436923980713,0.0001842096826294437,0.00017953092174138874,0.0,0.0,0.0,0.0,0.0,0.0,0.0,0.0,0.0,,,,,,,,,,,,,,,,
645,0.000399977492634207,-0.40403321385383606,0.0002031424519373104,0.00019683502614498138,0.0,0.0,0.0,0.0,0.0,0.0,0.0,0.0,0.0,,,,,,,,,,,,,,,,
646,0.00034959818003699183,-0.4027917981147766,0.00018154174904339015,0.00016805641644168645,0.0,0.0,0.0,0.0,0.0,0.0,0.0,0.0,0.0,,,,,,,,,,,,,,,,
647,0.00035464196116663516,-0.40716418623924255,0.00017965825099963695,0.0001749837101669982,0.0,0.0,0.0,0.0,0.0,0.0,0.0,0.0,0.0,,,,,,,,,,,,,,,,
648,0.0003825705498456955,-0.4108401834964752,0.0001934789033839479,0.00018909163190983236,0.0,0.0,0.0,0.0,0.0,0.0,0.0,0.0,0.0,,,,,,,,,,,,,,,,
649,0.00037353989318944514,-0.40692025423049927,0.0001898602640721947,0.00018367962911725044,0.0,0.0,0.0,0.0,0.0,0.0,0.0,0.0,0.0,,,,,,,,,,,,,,,,
650,0.00043265370186418295,-0.4034315049648285,0.0002187813661294058,0.00021387232118286192,0.0,0.0,0.0,0.0,0.0,0.0,0.0,0.0,0.0,,,,,,,,,,,,,,,,
651,0.000424422905780375,-0.40601974725723267,0.00021391737391240895,0.00021050551731605083,0.0,0.0,0.0,0.0,0.0,0.0,0.0,0.0,0.0,,,,,,,,,,,,,,,,
652,0.0003832769871223718,-0.41115906834602356,0.0001966705167433247,0.0001866064703790471,0.0,0.0,0.0,0.0,0.0,0.0,0.0,0.0,0.0,,,,,,,,,,,,,,,,
653,0.0004224797012284398,-0.4076910614967346,0.00021663811639882624,0.00020584158482961357,0.0,0.0,0.0,0.0,0.0,0.0,0.0,0.0,0.0,,,,,,,,,,,,,,,,
654,0.00037909281672909856,-0.4072020351886749,0.0001883122604340315,0.00019078054174315184,0.0,0.0,0.0,0.0,0.0,0.0,0.0,0.0,0.0,,,,,,,,,,,,,,,,
655,0.0003533543786033988,-0.40990787744522095,0.00018261902732774615,0.00017073535127565265,0.0,0.0,0.0,0.0,0.0,0.0,0.0,0.0,0.0,,,,,,,,,,,,,,,,
656,0.00040210774750448763,-0.4106033742427826,0.00020342660718597472,0.00019868114031851292,0.0,0.0,0.0,0.0,0.0,0.0,0.0,0.0,0.0,,,,,,,,,,,,,,,,
657,0.00036587484646588564,-0.40766146779060364,0.00018451354117132723,0.0001813613052945584,0.0,0.0,0.0,0.0,0.0,0.0,0.0,0.0,0.0,,,,,,,,,,,,,,,,
658,0.00041287177009508014,-0.40742048621177673,0.00020745956862811,0.00020541218691505492,0.0,0.0,0.0,0.0,0.0,0.0,0.0,0.0,0.0,,,,,,,,,,,,,,,,
659,0.00037327903555706143,-0.41248682141304016,0.000193579908227548,0.0001796991127775982,0.0,0.0,0.0,0.0,0.0,0.0,0.0,0.0,0.0,,,,,,,,,,,,,,,,
660,0.00038361852057278156,-0.41196414828300476,0.00019761762814596295,0.0001860008924268186,0.0,0.0,0.0,0.0,0.0,0.0,0.0,0.0,0.0,,,,,,,,,,,,,,,,
661,0.00035443255910649896,-0.4116496741771698,0.00018073184764944017,0.00017370072600897402,0.0,0.0,0.0,0.0,0.0,0.0,0.0,0.0,0.0,,,,,,,,,,,,,,,,
662,0.00038503785617649555,-0.41413751244544983,0.000197896413737908,0.00018714144243858755,0.0,0.0,0.0,0.0,0.0,0.0,0.0,0.0,0.0,,,,,,,,,,,,,,,,
663,0.00039372534956783056,-0.4129035770893097,0.00020200529252178967,0.00019172007159795612,0.0,0.0,0.0,0.0,0.0,0.0,0.0,0.0,0.0,,,,,,,,,,,,,,,,
664,0.0003697821812238544,-0.41181278228759766,0.00018907319463323802,0.0001807089865906164,0.0,0.0,0.0,0.0,0.0,0.0,0.0,0.0,0.0,,,,,,,,,,,,,,,,
665,0.0004594813799485564,-0.412293404340744,0.0002363635430810973,0.00022311783686745912,0.0,0.0,0.0,0.0,0.0,0.0,0.0,0.0,0.0,,,,,,,,,,,,,,,,
666,0.0003543775237631053,-0.4151427149772644,0.0001807488879421726,0.00017362863582093269,0.0,0.0,0.0,0.0,0.0,0.0,0.0,0.0,0.0,,,,,,,,,,,,,,,,
667,0.00033670454286038876,-0.4152470529079437,0.00016808082000352442,0.0001686237083049491,0.0,0.0,0.0,0.0,0.0,0.0,0.0,0.0,0.0,,,,,,,,,,,,,,,,
668,0.00033852114574983716,-0.41340166330337524,0.00017510833276901394,0.000163412798428908,0.0,0.0,0.0,0.0,0.0,0.0,0.0,0.0,0.0,,,,,,,,,,,,,,,,
669,0.0003599520423449576,-0.4124203324317932,0.000180762232048437,0.00017918979574460536,0.0,0.0,0.0,0.0,0.0,0.0,0.0,0.0,0.0,,,,,,,,,,,,,,,,
670,0.0003593103610910475,-0.41577762365341187,0.00018176862795371562,0.00017754171858541667,0.0,0.0,0.0,0.0,0.0,0.0,0.0,0.0,0.0,,,,,,,,,,,,,,,,
671,0.0003707263385877013,-0.4166376292705536,0.00019029423128813505,0.0001804321218514815,0.0,0.0,0.0,0.0,0.0,0.0,0.0,0.0,0.0,,,,,,,,,,,,,,,,
672,0.00036438636016100645,-0.4165593385696411,0.00018365244613960385,0.0001807339140214026,0.0,0.0,0.0,0.0,0.0,0.0,0.0,0.0,0.0,,,,,,,,,,,,,,,,
673,0.000344375817803666,-0.41688352823257446,0.00017491551989223808,0.00016946029791142792,0.0,0.0,0.0,0.0,0.0,0.0,0.0,0.0,0.0,,,,,,,,,,,,,,,,
674,0.0003716236096806824,-0.4185038208961487,0.00018999955500476062,0.00018162406922783703,0.0,0.0,0.0,0.0,0.0,0.0,0.0,0.0,0.0,,,,,,,,,,,,,,,,
675,0.0003262446844018996,-0.41823628544807434,0.00016547887935303152,0.0001607658196007833,0.0,0.0,0.0,0.0,0.0,0.0,0.0,0.0,0.0,,,,,,,,,,,,,,,,
676,0.0003515680436976254,-0.42065340280532837,0.00017816764011513442,0.00017340040358249098,0.0,0.0,0.0,0.0,0.0,0.0,0.0,0.0,0.0,,,,,,,,,,,,,,,,
677,0.00034567242255434394,-0.4182809889316559,0.00017777112952899188,0.0001679013075772673,0.0,0.0,0.0,0.0,0.0,0.0,0.0,0.0,0.0,,,,,,,,,,,,,,,,
678,0.00032616325188428164,-0.4176984131336212,0.00016891511040739715,0.00015724814147688448,0.0,0.0,0.0,0.0,0.0,0.0,0.0,0.0,0.0,,,,,,,,,,,,,,,,
679,0.0003246671985834837,-0.4177719056606293,0.00016461538325529546,0.00016005182988010347,0.0,0.0,0.0,0.0,0.0,0.0,0.0,0.0,0.0,,,,,,,,,,,,,,,,
680,0.0003657852066680789,-0.4205743968486786,0.00018209974223282188,0.00018368546443525702,0.0,0.0,0.0,0.0,0.0,0.0,0.0,0.0,0.0,,,,,,,,,,,,,,,,
681,0.00037076324224472046,-0.4205250144004822,0.00018761576211545616,0.00018314749468117952,0.0,0.0,0.0,0.0,0.0,0.0,0.0,0.0,0.0,,,,,,,,,,,,,,,,
682,0.00037659614463336766,-0.420253723859787,0.00019063858781009912,0.00018595755682326853,0.0,0.0,0.0,0.0,0.0,0.0,0.0,0.0,0.0,,,,,,,,,,,,,,,,
683,0.0003751451149582863,-0.4218064546585083,0.00019374641124159098,0.00018139868916478008,0.0,0.0,0.0,0.0,0.0,0.0,0.0,0.0,0.0,,,,,,,,,,,,,,,,
684,0.00035193131770938635,-0.4200630187988281,0.00017915153875946999,0.00017277976439800113,0.0,0.0,0.0,0.0,0.0,0.0,0.0,0.0,0.0,,,,,,,,,,,,,,,,
685,0.00037391134537756443,-0.42225226759910583,0.00019067504035774618,0.00018323631957173347,0.0,0.0,0.0,0.0,0.0,0.0,0.0,0.0,0.0,,,,,,,,,,,,,,,,
686,0.0003492363612167537,-0.42291274666786194,0.00017709581879898906,0.00017214052786584944,0.0,0.0,0.0,0.0,0.0,0.0,0.0,0.0,0.0,,,,,,,,,,,,,,,,
687,0.0003428366035223007,-0.42170199751853943,0.00017651512462180108,0.00016632147890049964,0.0,0.0,0.0,0.0,0.0,0.0,0.0,0.0,0.0,,,,,,,,,,,,,,,,
688,0.0003260229714214802,-0.4220118820667267,0.00016638259694445878,0.00015964038902893662,0.0,0.0,0.0,0.0,0.0,0.0,0.0,0.0,0.0,,,,,,,,,,,,,,,,
689,0.00035591115010902286,-0.42567554116249084,0.00018471440125722438,0.00017119673429988325,0.0,0.0,0.0,0.0,0.0,0.0,0.0,0.0,0.0,,,,,,,,,,,,,,,,
690,0.0003915259731002152,-0.42482060194015503,0.00019962945953011513,0.00019189649901818484,0.0,0.0,0.0,0.0,0.0,0.0,0.0,0.0,0.0,,,,,,,,,,,,,,,,
691,0.00034496845910325646,-0.42324477434158325,0.00017761028720997274,0.00016735817189328372,0.0,0.0,0.0,0.0,0.0,0.0,0.0,0.0,0.0,,,,,,,,,,,,,,,,
692,0.00035127386217936873,-0.4245465397834778,0.0001820893958210945,0.000169184451806359,0.0,0.0,0.0,0.0,0.0,0.0,0.0,0.0,0.0,,,,,,,,,,,,,,,,
693,0.0003386803437024355,-0.4266401529312134,0.00017181294970214367,0.00016686739400029182,0.0,0.0,0.0,0.0,0.0,0.0,0.0,0.0,0.0,,,,,,,,,,,,,,,,
694,0.0003426320035941899,-0.4246160387992859,0.00017598664271645248,0.0001666453608777374,0.0,0.0,0.0,0.0,0.0,0.0,0.0,0.0,0.0,,,,,,,,,,,,,,,,
695,0.0003251532616559416,-0.4233219623565674,0.00016806914936751127,0.00015708411228843033,0.0,0.0,0.0,0.0,0.0,0.0,0.0,0.0,0.0,,,,,,,,,,,,,,,,
696,0.0003814439696725458,-0.4274110794067383,0.00019655351934488863,0.00018489045032765716,0.0,0.0,0.0,0.0,0.0,0.0,0.0,0.0,0.0,,,,,,,,,,,,,,,,
697,0.0003415119426790625,-0.4305502474308014,0.0001752807729644701,0.0001662311697145924,0.0,0.0,0.0,0.0,0.0,0.0,0.0,0.0,0.0,,,,,,,,,,,,,,,,
698,0.00036170746898278594,-0.4254504144191742,0.0001853772992035374,0.0001763301552273333,0.0,0.0,0.0,0.0,0.0,0.0,0.0,0.0,0.0,,,,,,,,,,,,,,,,
699,0.00031091627897694707,-0.42337197065353394,0.0001589370658621192,0.00015197919856291264,0.0,0.0,0.0,0.0,0.0,0.0,0.0,0.0,0.0,,,,,,,,,,,,,,,,
700,0.0003432751400396228,-0.42930909991264343,0.00017037491488736123,0.00017290022515226156,0.0,0.0,0.0,0.0,0.0,0.0,0.0,0.0,0.0,,,,,,,,,,,,,,,,
701,0.00036957612610422075,-0.4289911985397339,0.0001945036492543295,0.00017507247684989125,0.0,0.0,0.0,0.0,0.0,0.0,0.0,0.0,0.0,,,,,,,,,,,,,,,,
702,0.0003452823148109019,-0.4266033470630646,0.0001761430175974965,0.00016913928266149014,0.0,0.0,0.0,0.0,0.0,0.0,0.0,0.0,0.0,,,,,,,,,,,,,,,,
703,0.0003897866699844599,-0.4283527731895447,0.00020170881180092692,0.00018807785818353295,0.0,0.0,0.0,0.0,0.0,0.0,0.0,0.0,0.0,,,,,,,,,,,,,,,,
704,0.0003100522153545171,-0.43239787220954895,0.0001552644098410383,0.00015478780551347882,0.0,0.0,0.0,0.0,0.0,0.0,0.0,0.0,0.0,,,,,,,,,,,,,,,,
705,0.0003226964036002755,-0.4290609061717987,0.00016502638754900545,0.00015767000149935484,0.0,0.0,0.0,0.0,0.0,0.0,0.0,0.0,0.0,,,,,,,,,,,,,,,,
706,0.0003410548670217395,-0.4299750030040741,0.00017499765090178698,0.0001660572161199525,0.0,0.0,0.0,0.0,0.0,0.0,0.0,0.0,0.0,,,,,,,,,,,,,,,,
707,0.0003252927272114903,-0.43056994676589966,0.00016703423170838505,0.00015825849550310522,0.0,0.0,0.0,0.0,0.0,0.0,0.0,0.0,0.0,,,,,,,,,,,,,,,,
708,0.00037753116339445114,-0.4296935796737671,0.00019359341240487993,0.00018393773643765599,0.0,0.0,0.0,0.0,0.0,0.0,0.0,0.0,0.0,,,,,,,,,,,,,,,,
709,0.0003352724015712738,-0.4292304515838623,0.00017118148389272392,0.00016409090312663466,0.0,0.0,0.0,0.0,0.0,0.0,0.0,0.0,0.0,,,,,,,,,,,,,,,,
710,0.0003229257999919355,-0.43210187554359436,0.00016553325986023992,0.00015739254013169557,0.0,0.0,0.0,0.0,0.0,0.0,0.0,0.0,0.0,,,,,,,,,,,,,,,,
711,0.00030090284417383373,-0.4337390065193176,0.00015617771714460105,0.00014472512702923268,0.0,0.0,0.0,0.0,0.0,0.0,0.0,0.0,0.0,,,,,,,,,,,,,,,,
712,0.0003357111127115786,-0.4330565631389618,0.00016935780877247453,0.0001663533184910193,0.0,0.0,0.0,0.0,0.0,0.0,0.0,0.0,0.0,,,,,,,,,,,,,,,,
713,0.0004019615880679339,-0.43232133984565735,0.00020184536697342992,0.000200116221094504,0.0,0.0,0.0,0.0,0.0,0.0,0.0,0.0,0.0,,,,,,,,,,,,,,,,
714,0.00035553722409531474,-0.43488699197769165,0.00018463091691955924,0.0001709063071757555,0.0,0.0,0.0,0.0,0.0,0.0,0.0,0.0,0.0,,,,,,,,,,,,,,,,
715,0.00033861419069580734,-0.4334627091884613,0.00016985594993457198,0.00016875824076123536,0.0,0.0,0.0,0.0,0.0,0.0,0.0,0.0,0.0,,,,,,,,,,,,,,,,
716,0.0004344380577094853,-0.43220460414886475,0.00021493766689673066,0.0002195003762608394,0.0,0.0,0.0,0.0,0.0,0.0,0.0,0.0,0.0,,,,,,,,,,,,,,,,
717,0.0003336447407491505,-0.4341459572315216,0.00017070335161406547,0.00016294138913508505,0.0,0.0,0.0,0.0,0.0,0.0,0.0,0.0,0.0,,,,,,,,,,,,,,,,
718,0.0003460708539932966,-0.4356720745563507,0.00017775112064555287,0.00016831973334774375,0.0,0.0,0.0,0.0,0.0,0.0,0.0,0.0,0.0,,,,,,,,,,,,,,,,
719,0.0003185000387020409,-0.4363582134246826,0.00016181798127945513,0.00015668205742258579,0.0,0.0,0.0,0.0,0.0,0.0,0.0,0.0,0.0,,,,,,,,,,,,,,,,
720,0.0003671923477668315,-0.436341255903244,0.00018536589050199836,0.00018182645726483315,0.0,0.0,0.0,0.0,0.0,0.0,0.0,0.0,0.0,,,,,,,,,,,,,,,,
721,0.0003321461845189333,-0.43662887811660767,0.00016860685718711466,0.00016353934188373387,0.0,0.0,0.0,0.0,0.0,0.0,0.0,0.0,0.0,,,,,,,,,,,,,,,,
722,0.00034837162820622325,-0.43548405170440674,0.00017911256873048842,0.0001692590449238196,0.0,0.0,0.0,0.0,0.0,0.0,0.0,0.0,0.0,,,,,,,,,,,,,,,,
723,0.00034653343027457595,-0.4334845244884491,0.00017903743719216436,0.00016749597853049636,0.0,0.0,0.0,0.0,0.0,0.0,0.0,0.0,0.0,,,,,,,,,,,,,,,,
724,0.00033432862255722284,-0.4377475678920746,0.0001709168282104656,0.00016341179434675723,0.0,0.0,0.0,0.0,0.0,0.0,0.0,0.0,0.0,,,,,,,,,,,,,,,,
725,0.0003585837548598647,-0.44120752811431885,0.00018053746316581964,0.0001780463062459603,0.0,0.0,0.0,0.0,0.0,0.0,0.0,0.0,0.0,,,,,,,,,,,,,,,,
726,0.0003487516660243273,-0.43879348039627075,0.00017802360525820404,0.000170728046214208,0.0,0.0,0.0,0.0,0.0,0.0,0.0,0.0,0.0,,,,,,,,,,,,,,,,
727,0.0003496878198347986,-0.437846302986145,0.00017582949658390135,0.000173858308698982,0.0,0.0,0.0,0.0,0.0,0.0,0.0,0.0,0.0,,,,,,,,,,,,,,,,
728,0.00033754672040231526,-0.4394998252391815,0.00017297551676165313,0.00016457120364066213,0.0,0.0,0.0,0.0,0.0,0.0,0.0,0.0,0.0,,,,,,,,,,,,,,,,
729,0.0003620330826379359,-0.4403979778289795,0.00018755847122520208,0.00017447462596464902,0.0,0.0,0.0,0.0,0.0,0.0,0.0,0.0,0.0,,,,,,,,,,,,,,,,
730,0.00034207949647679925,-0.4387580156326294,0.00017258489970117807,0.0001694946113275364,0.0,0.0,0.0,0.0,0.0,0.0,0.0,0.0,0.0,,,,,,,,,,,,,,,,
731,0.00032831792486831546,-0.44086000323295593,0.00016886639059521258,0.0001594515488250181,0.0,0.0,0.0,0.0,0.0,0.0,0.0,0.0,0.0,,,,,,,,,,,,,,,,
732,0.0003401140565983951,-0.44099387526512146,0.00017022820247802883,0.00016988583956845105,0.0,0.0,0.0,0.0,0.0,0.0,0.0,0.0,0.0,,,,,,,,,,,,,,,,
733,0.0003437324776314199,-0.43952926993370056,0.00017513053899165243,0.00016860192408785224,0.0,0.0,0.0,0.0,0.0,0.0,0.0,0.0,0.0,,,,,,,,,,,,,,,,
734,0.0003339226241223514,-0.44073835015296936,0.00017216627020388842,0.00016175636847037822,0.0,0.0,0.0,0.0,0.0,0.0,0.0,0.0,0.0,,,,,,,,,,,,,,,,
735,0.0003559225588105619,-0.4403475522994995,0.00018201099010184407,0.00017391156870871782,0.0,0.0,0.0,0.0,0.0,0.0,0.0,0.0,0.0,,,,,,,,,,,,,,,,
736,0.00032449071295559406,-0.44292452931404114,0.00016445470100734383,0.00016003602650016546,0.0,0.0,0.0,0.0,0.0,0.0,0.0,0.0,0.0,,,,,,,,,,,,,,,,
737,0.0003522438637446612,-0.442828893661499,0.00017802377988118678,0.00017422008386347443,0.0,0.0,0.0,0.0,0.0,0.0,0.0,0.0,0.0,,,,,,,,,,,,,,,,
738,0.0003280808450654149,-0.44056811928749084,0.00016973902529571205,0.00015834181976970285,0.0,0.0,0.0,0.0,0.0,0.0,0.0,0.0,0.0,,,,,,,,,,,,,,,,
739,0.0003248396678827703,-0.4424682855606079,0.00016881717601791024,0.00015602249186486006,0.0,0.0,0.0,0.0,0.0,0.0,0.0,0.0,0.0,,,,,,,,,,,,,,,,
740,0.00032017953344620764,-0.44647231698036194,0.000165859964909032,0.00015431956853717566,0.0,0.0,0.0,0.0,0.0,0.0,0.0,0.0,0.0,,,,,,,,,,,,,,,,
741,0.0003313315100967884,-0.44482526183128357,0.00016316314577125013,0.00016816836432553828,0.0,0.0,0.0,0.0,0.0,0.0,0.0,0.0,0.0,,,,,,,,,,,,,,,,
742,0.0003404761082492769,-0.4422203302383423,0.00016981268709059805,0.0001706634066067636,0.0,0.0,0.0,0.0,0.0,0.0,0.0,0.0,0.0,,,,,,,,,,,,,,,,
743,0.0003619882045313716,-0.4458554983139038,0.0001827039523050189,0.0001792842522263527,0.0,0.0,0.0,0.0,0.0,0.0,0.0,0.0,0.0,,,,,,,,,,,,,,,,
744,0.00034343349398113787,-0.4467196762561798,0.00017775366723071784,0.00016567982675042003,0.0,0.0,0.0,0.0,0.0,0.0,0.0,0.0,0.0,,,,,,,,,,,,,,,,
745,0.00032234046375378966,-0.44439440965652466,0.00016234310169238597,0.0001599973620614037,0.0,0.0,0.0,0.0,0.0,0.0,0.0,0.0,0.0,,,,,,,,,,,,,,,,
746,0.0003281771205365658,-0.4441564977169037,0.00016701729327905923,0.00016115982725750655,0.0,0.0,0.0,0.0,0.0,0.0,0.0,0.0,0.0,,,,,,,,,,,,,,,,
747,0.00032933009788393974,-0.44783368706703186,0.00016741146100685,0.00016191865142900497,0.0,0.0,0.0,0.0,0.0,0.0,0.0,0.0,0.0,,,,,,,,,,,,,,,,
748,0.00034220944507978857,-0.4474315047264099,0.0001731377124087885,0.00016907173267100006,0.0,0.0,0.0,0.0,0.0,0.0,0.0,0.0,0.0,,,,,,,,,,,,,,,,
749,0.0003543461498338729,-0.4463878571987152,0.0001757753052515909,0.000178570844582282,0.0,0.0,0.0,0.0,0.0,0.0,0.0,0.0,0.0,,,,,,,,,,,,,,,,
750,0.00031259332899935544,-0.448472261428833,0.00016066494572442025,0.00015192838327493519,0.0,0.0,0.0,0.0,0.0,0.0,0.0,0.0,0.0,,,,,,,,,,,,,,,,
751,0.0003054384724237025,-0.4473488926887512,0.00015617105236742646,0.0001492674055043608,0.0,0.0,0.0,0.0,0.0,0.0,0.0,0.0,0.0,,,,,,,,,,,,,,,,
752,0.00030238015460781753,-0.44768980145454407,0.00015216486644931138,0.00015021528815850616,0.0,0.0,0.0,0.0,0.0,0.0,0.0,0.0,0.0,,,,,,,,,,,,,,,,
753,0.0003243189421482384,-0.4494704604148865,0.00016542946104891598,0.00015888949565123767,0.0,0.0,0.0,0.0,0.0,0.0,0.0,0.0,0.0,,,,,,,,,,,,,,,,
754,0.00031646323623135686,-0.44817405939102173,0.0001634908257983625,0.00015297239588107914,0.0,0.0,0.0,0.0,0.0,0.0,0.0,0.0,0.0,,,,,,,,,,,,,,,,
755,0.0003163756337016821,-0.44842347502708435,0.00016649528697598726,0.00014988034672569484,0.0,0.0,0.0,0.0,0.0,0.0,0.0,0.0,0.0,,,,,,,,,,,,,,,,
756,0.00032031789305619895,-0.4520077407360077,0.00016607479483354837,0.0001542430982226506,0.0,0.0,0.0,0.0,0.0,0.0,0.0,0.0,0.0,,,,,,,,,,,,,,,,
757,0.0002952704089693725,-0.4511653780937195,0.0001503370440332219,0.0001449333649361506,0.0,0.0,0.0,0.0,0.0,0.0,0.0,0.0,0.0,,,,,,,,,,,,,,,,
758,0.00037550870911218226,-0.4481864273548126,0.000191081126104109,0.00018442758300807327,0.0,0.0,0.0,0.0,0.0,0.0,0.0,0.0,0.0,,,,,,,,,,,,,,,,
759,0.00035594432847574353,-0.45135343074798584,0.0001788098888937384,0.00017713443958200514,0.0,0.0,0.0,0.0,0.0,0.0,0.0,0.0,0.0,,,,,,,,,,,,,,,,
760,0.0003362097777426243,-0.45374658703804016,0.0001686568430159241,0.00016755292017478496,0.0,0.0,0.0,0.0,0.0,0.0,0.0,0.0,0.0,,,,,,,,,,,,,,,,
761,0.00031799779389984906,-0.4484845995903015,0.00016534181486349553,0.00015265597903635353,0.0,0.0,0.0,0.0,0.0,0.0,0.0,0.0,0.0,,,,,,,,,,,,,,,,
762,0.000306500936858356,-0.44994646310806274,0.00015227735275402665,0.00015422356955241412,0.0,0.0,0.0,0.0,0.0,0.0,0.0,0.0,0.0,,,,,,,,,,,,,,,,
763,0.0003490191884338856,-0.456292986869812,0.0001795201824279502,0.0001694990205578506,0.0,0.0,0.0,0.0,0.0,0.0,0.0,0.0,0.0,,,,,,,,,,,,,,,,
764,0.00032249209471046925,-0.4552542567253113,0.00016484451771248132,0.0001576475624460727,0.0,0.0,0.0,0.0,0.0,0.0,0.0,0.0,0.0,,,,,,,,,,,,,,,,
765,0.0003354003420099616,-0.45043689012527466,0.00016982770466711372,0.00016557263734284788,0.0,0.0,0.0,0.0,0.0,0.0,0.0,0.0,0.0,,,,,,,,,,,,,,,,
766,0.0003177998005412519,-0.45155325531959534,0.00016117219638545066,0.00015662760415580124,0.0,0.0,0.0,0.0,0.0,0.0,0.0,0.0,0.0,,,,,,,,,,,,,,,,
767,0.00033622479531913996,-0.4565259516239166,0.0001713111123535782,0.00016491369751747698,0.0,0.0,0.0,0.0,0.0,0.0,0.0,0.0,0.0,,,,,,,,,,,,,,,,
768,0.000361134298145771,-0.4536277651786804,0.00018629066471476108,0.00017484363343100995,0.0,0.0,0.0,0.0,0.0,0.0,0.0,0.0,0.0,,,,,,,,,,,,,,,,
769,0.00030158692970871925,-0.45023152232170105,0.00015480727597605437,0.00014677963918074965,0.0,0.0,0.0,0.0,0.0,0.0,0.0,0.0,0.0,,,,,,,,,,,,,,,,
770,0.0003559236938599497,-0.45659613609313965,0.00018042061128653586,0.00017550308257341385,0.0,0.0,0.0,0.0,0.0,0.0,0.0,0.0,0.0,,,,,,,,,,,,,,,,
771,0.0003179424675181508,-0.46032699942588806,0.0001590934843989089,0.00015884899767115712,0.0,0.0,0.0,0.0,0.0,0.0,0.0,0.0,0.0,,,,,,,,,,,,,,,,
772,0.00037335389060899615,-0.452468603849411,0.00019212208280805498,0.00018123180780094117,0.0,0.0,0.0,0.0,0.0,0.0,0.0,0.0,0.0,,,,,,,,,,,,,,,,
773,0.00033057708060368896,-0.45279210805892944,0.00016893054998945445,0.0001616465306142345,0.0,0.0,0.0,0.0,0.0,0.0,0.0,0.0,0.0,,,,,,,,,,,,,,,,
774,0.0003244888212066144,-0.4608025550842285,0.00016615746426396072,0.00015833135694265366,0.0,0.0,0.0,0.0,0.0,0.0,0.0,0.0,0.0,,,,,,,,,,,,,,,,
775,0.00030021980637684464,-0.45895180106163025,0.00015086514758877456,0.00014935465878807008,0.0,0.0,0.0,0.0,0.0,0.0,0.0,0.0,0.0,,,,,,,,,,,,,,,,
776,0.0003159840707667172,-0.45185911655426025,0.0001581807155162096,0.00015780334069859236,0.0,0.0,0.0,0.0,0.0,0.0,0.0,0.0,0.0,,,,,,,,,,,,,,,,
777,0.00031221075914800167,-0.4551358222961426,0.00016012026753742248,0.00015209047705866396,0.0,0.0,0.0,0.0,0.0,0.0,0.0,0.0,0.0,,,,,,,,,,,,,,,,
778,0.000331980234477669,-0.4624353051185608,0.00016953681188169867,0.0001624434080440551,0.0,0.0,0.0,0.0,0.0,0.0,0.0,0.0,0.0,,,,,,,,,,,,,,,,
779,0.00031270849285647273,-0.46041226387023926,0.00015877028636168689,0.00015393822104670107,0.0,0.0,0.0,0.0,0.0,0.0,0.0,0.0,0.0,,,,,,,,,,,,,,,,
780,0.00029489470762200654,-0.45629966259002686,0.00015090141096152365,0.00014399329666048288,0.0,0.0,0.0,0.0,0.0,0.0,0.0,0.0,0.0,,,,,,,,,,,,,,,,
781,0.00030249194242060184,-0.45703303813934326,0.0001519871730124578,0.00015050476940814406,0.0,0.0,0.0,0.0,0.0,0.0,0.0,0.0,0.0,,,,,,,,,,,,,,,,
782,0.00031261995900422335,-0.46108129620552063,0.0001625433360459283,0.00015007662295829505,0.0,0.0,0.0,0.0,0.0,0.0,0.0,0.0,0.0,,,,,,,,,,,,,,,,
783,0.0002812931779772043,-0.45986637473106384,0.00014081627887208015,0.0001404769136570394,0.0,0.0,0.0,0.0,0.0,0.0,0.0,0.0,0.0,,,,,,,,,,,,,,,,
784,0.00031827905331738293,-0.4557485282421112,0.00015807055751793087,0.00016020849579945207,0.0,0.0,0.0,0.0,0.0,0.0,0.0,0.0,0.0,,,,,,,,,,,,,,,,
785,0.0003549137036316097,-0.460221529006958,0.00018125127826351672,0.00017366243992000818,0.0,0.0,0.0,0.0,0.0,0.0,0.0,0.0,0.0,,,,,,,,,,,,,,,,
786,0.000286725873593241,-0.4626186788082123,0.0001453812001273036,0.00014134465891402215,0.0,0.0,0.0,0.0,0.0,0.0,0.0,0.0,0.0,,,,,,,,,,,,,,,,
787,0.0003179319901391864,-0.4605780243873596,0.0001624881842872128,0.00015544382040388882,0.0,0.0,0.0,0.0,0.0,0.0,0.0,0.0,0.0,,,,,,,,,,,,,,,,
788,0.00030073366360738873,-0.45782819390296936,0.00015324486594181508,0.00014748881221748888,0.0,0.0,0.0,0.0,0.0,0.0,0.0,0.0,0.0,,,,,,,,,,,,,,,,
789,0.00034831627272069454,-0.46532610058784485,0.00017840811051428318,0.00016990816220641136,0.0,0.0,0.0,0.0,0.0,0.0,0.0,0.0,0.0,,,,,,,,,,,,,,,,
790,0.000328879919834435,-0.46376168727874756,0.000165308709256351,0.00016357119602616876,0.0,0.0,0.0,0.0,0.0,0.0,0.0,0.0,0.0,,,,,,,,,,,,,,,,
791,0.0003181763750035316,-0.45897626876831055,0.00016123718523886055,0.00015693918976467103,0.0,0.0,0.0,0.0,0.0,0.0,0.0,0.0,0.0,,,,,,,,,,,,,,,,
792,0.00030578026780858636,-0.46192818880081177,0.00015127321239560843,0.00015450705541297793,0.0,0.0,0.0,0.0,0.0,0.0,0.0,0.0,0.0,,,,,,,,,,,,,,,,
793,0.00029649597126990557,-0.4657861292362213,0.00014988331531640142,0.00014661267050541937,0.0,0.0,0.0,0.0,0.0,0.0,0.0,0.0,0.0,,,,,,,,,,,,,,,,
794,0.00030279386555776,-0.46264591813087463,0.00015682721277698874,0.00014596665278077126,0.0,0.0,0.0,0.0,0.0,0.0,0.0,0.0,0.0,,,,,,,,,,,,,,,,
795,0.0002898543025366962,-0.46308815479278564,0.00014802051009610295,0.00014183380699250847,0.0,0.0,0.0,0.0,0.0,0.0,0.0,0.0,0.0,,,,,,,,,,,,,,,,
796,0.000309237337205559,-0.46526476740837097,0.00015558373706880957,0.00015365358558483422,0.0,0.0,0.0,0.0,0.0,0.0,0.0,0.0,0.0,,,,,,,,,,,,,,,,
797,0.0002841283567249775,-0.46454858779907227,0.0001427535171387717,0.00014137482503429055,0.0,0.0,0.0,0.0,0.0,0.0,0.0,0.0,0.0,,,,,,,,,,,,,,,,
798,0.00034334202064201236,-0.46434369683265686,0.00017441051022615284,0.00016893151041585952,0.0,0.0,0.0,0.0,0.0,0.0,0.0,0.0,0.0,,,,,,,,,,,,,,,,
799,0.0002909157192334533,-0.46680551767349243,0.00014732415729667991,0.0001435915764886886,0.0,0.0,0.0,0.0,0.0,0.0,0.0,0.0,0.0,,,,,,,,,,,,,,,,
800,0.00028291804483160377,-0.4664177894592285,0.0001450185663998127,0.00013789947843179107,0.0,0.0,0.0,0.0,0.0,0.0,0.0,0.0,0.0,,,,,,,,,,,,,,,,
801,0.0003067991347052157,-0.4675612449645996,0.00015510943194385618,0.0001516897027613595,0.0,0.0,0.0,0.0,0.0,0.0,0.0,0.0,0.0,,,,,,,,,,,,,,,,
802,0.0002977660624310374,-0.46834009885787964,0.00014958377869334072,0.00014818226918578148,0.0,0.0,0.0,0.0,0.0,0.0,0.0,0.0,0.0,,,,,,,,,,,,,,,,
803,0.000311589683406055,-0.46782585978507996,0.0001583305565873161,0.00015325912681873888,0.0,0.0,0.0,0.0,0.0,0.0,0.0,0.0,0.0,,,,,,,,,,,,,,,,
804,0.00031982699874788523,-0.4653119146823883,0.00016036767920013517,0.00015945930499583483,0.0,0.0,0.0,0.0,0.0,0.0,0.0,0.0,0.0,,,,,,,,,,,,,,,,
805,0.000310005183564499,-0.46576038002967834,0.00015735304623376578,0.00015265213733073324,0.0,0.0,0.0,0.0,0.0,0.0,0.0,0.0,0.0,,,,,,,,,,,,,,,,
806,0.00028385152108967304,-0.46932676434516907,0.00014504413411486894,0.0001388073869748041,0.0,0.0,0.0,0.0,0.0,0.0,0.0,0.0,0.0,,,,,,,,,,,,,,,,
807,0.00032511557219550014,-0.46713489294052124,0.000166693062055856,0.00015842251013964415,0.0,0.0,0.0,0.0,0.0,0.0,0.0,0.0,0.0,,,,,,,,,,,,,,,,
808,0.00031839724397286773,-0.46596333384513855,0.00016006291843950748,0.00015833434008527547,0.0,0.0,0.0,0.0,0.0,0.0,0.0,0.0,0.0,,,,,,,,,,,,,,,,
809,0.00029286311473697424,-0.46882936358451843,0.00014817785995546728,0.00014468524022959173,0.0,0.0,0.0,0.0,0.0,0.0,0.0,0.0,0.0,,,,,,,,,,,,,,,,
810,0.0003091340186074376,-0.4713885188102722,0.00015949174121487886,0.00014964229194447398,0.0,0.0,0.0,0.0,0.0,0.0,0.0,0.0,0.0,,,,,,,,,,,,,,,,
811,0.00031068746466189623,-0.47019582986831665,0.000160134892212227,0.00015055257244966924,0.0,0.0,0.0,0.0,0.0,0.0,0.0,0.0,0.0,,,,,,,,,,,,,,,,
812,0.00031558884074911475,-0.46913301944732666,0.0001621836272533983,0.00015340519894380122,0.0,0.0,0.0,0.0,0.0,0.0,0.0,0.0,0.0,,,,,,,,,,,,,,,,
813,0.00027212686836719513,-0.46964314579963684,0.0001387699303450063,0.00013335695257410407,0.0,0.0,0.0,0.0,0.0,0.0,0.0,0.0,0.0,,,,,,,,,,,,,,,,
814,0.00031549768755212426,-0.4712047278881073,0.00016186352877411991,0.00015363417332991958,0.0,0.0,0.0,0.0,0.0,0.0,0.0,0.0,0.0,,,,,,,,,,,,,,,,
815,0.0003033017856068909,-0.47264590859413147,0.00015270727453753352,0.00015059452562127262,0.0,0.0,0.0,0.0,0.0,0.0,0.0,0.0,0.0,,,,,,,,,,,,,,,,
816,0.0002666708023753017,-0.47235745191574097,0.00013470606063492596,0.00013196474174037576,0.0,0.0,0.0,0.0,0.0,0.0,0.0,0.0,0.0,,,,,,,,,,,,,,,,
817,0.00028127155383117497,-0.4711916148662567,0.0001433767902199179,0.00013789476361125708,0.0,0.0,0.0,0.0,0.0,0.0,0.0,0.0,0.0,,,,,,,,,,,,,,,,
818,0.0002938340185210109,-0.47447511553764343,0.00015037570847198367,0.00014345829549711198,0.0,0.0,0.0,0.0,0.0,0.0,0.0,0.0,0.0,,,,,,,,,,,,,,,,
819,0.0002921614795923233,-0.4718002378940582,0.00014952516357880086,0.00014263633056543767,0.0,0.0,0.0,0.0,0.0,0.0,0.0,0.0,0.0,,,,,,,,,,,,,,,,
820,0.00028547903639264405,-0.46925854682922363,0.00014466328138951212,0.00014081575500313193,0.0,0.0,0.0,0.0,0.0,0.0,0.0,0.0,0.0,,,,,,,,,,,,,,,,
821,0.00028846116038039327,-0.4732072651386261,0.0001463472144678235,0.000142113960464485,0.0,0.0,0.0,0.0,0.0,0.0,0.0,0.0,0.0,,,,,,,,,,,,,,,,
822,0.0003029182262253016,-0.47585445642471313,0.00015466747572645545,0.00014825075049884617,0.0,0.0,0.0,0.0,0.0,0.0,0.0,0.0,0.0,,,,,,,,,,,,,,,,
823,0.0002943222061730921,-0.47451668977737427,0.00014883457333780825,0.00014548761828336865,0.0,0.0,0.0,0.0,0.0,0.0,0.0,0.0,0.0,,,,,,,,,,,,,,,,
824,0.0002776377950794995,-0.472489595413208,0.00014025290147401392,0.0001373849081574008,0.0,0.0,0.0,0.0,0.0,0.0,0.0,0.0,0.0,,,,,,,,,,,,,,,,
825,0.0003162170760333538,-0.4763864576816559,0.0001620249531697482,0.0001541921083116904,0.0,0.0,0.0,0.0,0.0,0.0,0.0,0.0,0.0,,,,,,,,,,,,,,,,
826,0.00026505926507525146,-0.47740843892097473,0.00013511803990695626,0.0001299412251682952,0.0,0.0,0.0,0.0,0.0,0.0,0.0,0.0,0.0,,,,,,,,,,,,,,,,
827,0.0003309546154923737,-0.47356876730918884,0.00016759063873905689,0.0001633639622014016,0.0,0.0,0.0,0.0,0.0,0.0,0.0,0.0,0.0,,,,,,,,,,,,,,,,
828,0.00026029162108898163,-0.47218671441078186,0.00013169372687116265,0.0001285979087697342,0.0,0.0,0.0,0.0,0.0,0.0,0.0,0.0,0.0,,,,,,,,,,,,,,,,
829,0.00030880788108333945,-0.4782748818397522,0.0001558259391458705,0.00015298194193746895,0.0,0.0,0.0,0.0,0.0,0.0,0.0,0.0,0.0,,,,,,,,,,,,,,,,
830,0.00025980413192883134,-0.4781227707862854,0.00013172098260838538,0.00012808316387236118,0.0,0.0,0.0,0.0,0.0,0.0,0.0,0.0,0.0,,,,,,,,,,,,,,,,
831,0.0002646787615958601,-0.47449618577957153,0.00013475632295012474,0.00012992243864573538,0.0,0.0,0.0,0.0,0.0,0.0,0.0,0.0,0.0,,,,,,,,,,,,,,,,
832,0.0003178218030370772,-0.4779025614261627,0.0001639700640225783,0.00015385172446258366,0.0,0.0,0.0,0.0,0.0,0.0,0.0,0.0,0.0,,,,,,,,,,,,,,,,
833,0.0002562357112765312,-0.47939395904541016,0.00013041269266977906,0.00012582300405483693,0.0,0.0,0.0,0.0,0.0,0.0,0.0,0.0,0.0,,,,,,,,,,,,,,,,
834,0.0002841191308107227,-0.47820037603378296,0.0001449264382245019,0.0001391926925862208,0.0,0.0,0.0,0.0,0.0,0.0,0.0,0.0,0.0,,,,,,,,,,,,,,,,
835,0.00028404640033841133,-0.47644880414009094,0.00014449545415118337,0.0001395509607391432,0.0,0.0,0.0,0.0,0.0,0.0,0.0,0.0,0.0,,,,,,,,,,,,,,,,
836,0.00031849683728069067,-0.4812382757663727,0.00015731484745629132,0.00016118198982439935,0.0,0.0,0.0,0.0,0.0,0.0,0.0,0.0,0.0,,,,,,,,,,,,,,,,
837,0.00029368168907240033,-0.4808773994445801,0.00015100566088221967,0.00014267602819018066,0.0,0.0,0.0,0.0,0.0,0.0,0.0,0.0,0.0,,,,,,,,,,,,,,,,
838,0.00027546504861675203,-0.47578731179237366,0.00014087979798205197,0.00013458525063470006,0.0,0.0,0.0,0.0,0.0,0.0,0.0,0.0,0.0,,,,,,,,,,,,,,,,
839,0.00029013509629294276,-0.47923925518989563,0.0001454656448913738,0.00014466945140156895,0.0,0.0,0.0,0.0,0.0,0.0,0.0,0.0,0.0,,,,,,,,,,,,,,,,
840,0.0002985552710015327,-0.48223167657852173,0.00015297178470063955,0.00014558348630089313,0.0,0.0,0.0,0.0,0.0,0.0,0.0,0.0,0.0,,,,,,,,,,,,,,,,
841,0.00032673164969310164,-0.47875505685806274,0.00016173184849321842,0.00016499981575179845,0.0,0.0,0.0,0.0,0.0,0.0,0.0,0.0,0.0,,,,,,,,,,,,,,,,
842,0.00028900927281938493,-0.47891438007354736,0.0001472389412811026,0.00014177033153828233,0.0,0.0,0.0,0.0,0.0,0.0,0.0,0.0,0.0,,,,,,,,,,,,,,,,
843,0.00029905338305979967,-0.4826202988624573,0.00015178811736404896,0.00014726525114383548,0.0,0.0,0.0,0.0,0.0,0.0,0.0,0.0,0.0,,,,,,,,,,,,,,,,
844,0.0002773110172711313,-0.4837338626384735,0.00013841567852068692,0.00013889535330235958,0.0,0.0,0.0,0.0,0.0,0.0,0.0,0.0,0.0,,,,,,,,,,,,,,,,
845,0.000291388772893697,-0.4793076515197754,0.0001473457523388788,0.00014404300600290298,0.0,0.0,0.0,0.0,0.0,0.0,0.0,0.0,0.0,,,,,,,,,,,,,,,,
846,0.0002509742043912411,-0.48049604892730713,0.0001274349633604288,0.00012353922647889704,0.0,0.0,0.0,0.0,0.0,0.0,0.0,0.0,0.0,,,,,,,,,,,,,,,,
847,0.00035089775337837636,-0.4853653609752655,0.00017586865578778088,0.00017502909759059548,0.0,0.0,0.0,0.0,0.0,0.0,0.0,0.0,0.0,,,,,,,,,,,,,,,,
848,0.0004696854739449918,-0.4830605983734131,0.0002361851220484823,0.00023350035189650953,0.0,0.0,0.0,0.0,0.0,0.0,0.0,0.0,0.0,,,,,,,,,,,,,,,,
849,0.00026784668443724513,-0.4815880358219147,0.0001374778221361339,0.00013036887685302645,0.0,0.0,0.0,0.0,0.0,0.0,0.0,0.0,0.0,,,,,,,,,,,,,,,,
850,0.00031076447339728475,-0.48391327261924744,0.00015829606854822487,0.00015246840484905988,0.0,0.0,0.0,0.0,0.0,0.0,0.0,0.0,0.0,,,,,,,,,,,,,,,,
851,0.0003226077533327043,-0.4861668646335602,0.00016215513460338116,0.00016045263328123838,0.0,0.0,0.0,0.0,0.0,0.0,0.0,0.0,0.0,,,,,,,,,,,,,,,,
852,0.00028573506278917193,-0.482982337474823,0.00014816618931945413,0.00013756888802163303,0.0,0.0,0.0,0.0,0.0,0.0,0.0,0.0,0.0,,,,,,,,,,,,,,,,
853,0.00028953596483916044,-0.48313093185424805,0.00014648237265646458,0.0001430536067346111,0.0,0.0,0.0,0.0,0.0,0.0,0.0,0.0,0.0,,,,,,,,,,,,,,,,
854,0.00033558765426278114,-0.48600324988365173,0.00016943225637078285,0.00016615541244391352,0.0,0.0,0.0,0.0,0.0,0.0,0.0,0.0,0.0,,,,,,,,,,,,,,,,
855,0.00028438554727472365,-0.4867086112499237,0.00014507357263937593,0.00013931197463534772,0.0,0.0,0.0,0.0,0.0,0.0,0.0,0.0,0.0,,,,,,,,,,,,,,,,
856,0.00029403495136648417,-0.4845722019672394,0.00014680641470476985,0.0001472285221097991,0.0,0.0,0.0,0.0,0.0,0.0,0.0,0.0,0.0,,,,,,,,,,,,,,,,
857,0.00027913166559301317,-0.48416197299957275,0.00013988338469062,0.00013924828090239316,0.0,0.0,0.0,0.0,0.0,0.0,0.0,0.0,0.0,,,,,,,,,,,,,,,,
858,0.00027997384313493967,-0.48760244250297546,0.00014276523143053055,0.00013720861170440912,0.0,0.0,0.0,0.0,0.0,0.0,0.0,0.0,0.0,,,,,,,,,,,,,,,,
859,0.00030221600900404155,-0.48695066571235657,0.00015322411491069943,0.00014899189409334213,0.0,0.0,0.0,0.0,0.0,0.0,0.0,0.0,0.0,,,,,,,,,,,,,,,,
860,0.000295707635814324,-0.48437583446502686,0.0001525591069366783,0.00014314852887764573,0.0,0.0,0.0,0.0,0.0,0.0,0.0,0.0,0.0,,,,,,,,,,,,,,,,
861,0.0003032117965631187,-0.4884665906429291,0.00014977273531258106,0.00015343906125053763,0.0,0.0,0.0,0.0,0.0,0.0,0.0,0.0,0.0,,,,,,,,,,,,,,,,
862,0.00023515435168519616,-0.4918152987957001,0.00011965368321398273,0.00011550066119525582,0.0,0.0,0.0,0.0,0.0,0.0,0.0,0.0,0.0,,,,,,,,,,,,,,,,
863,0.0003240241785533726,-0.4867907464504242,0.00016435376892331988,0.00015967042418196797,0.0,0.0,0.0,0.0,0.0,0.0,0.0,0.0,0.0,,,,,,,,,,,,,,,,
864,0.0003087143413722515,-0.486479789018631,0.00015824669389985502,0.00015046763292048126,0.0,0.0,0.0,0.0,0.0,0.0,0.0,0.0,0.0,,,,,,,,,,,,,,,,
865,0.0002961693098768592,-0.49029967188835144,0.00015188542602118105,0.00014428389840759337,0.0,0.0,0.0,0.0,0.0,0.0,0.0,0.0,0.0,,,,,,,,,,,,,,,,
866,0.00030079999123699963,-0.48887765407562256,0.0001539438817417249,0.00014685610949527472,0.0,0.0,0.0,0.0,0.0,0.0,0.0,0.0,0.0,,,,,,,,,,,,,,,,
867,0.00033411086769774556,-0.4877348244190216,0.00016964241513051093,0.00016446846711914986,0.0,0.0,0.0,0.0,0.0,0.0,0.0,0.0,0.0,,,,,,,,,,,,,,,,
868,0.0003346983576193452,-0.4898684024810791,0.0001717444829409942,0.00016295387467835099,0.0,0.0,0.0,0.0,0.0,0.0,0.0,0.0,0.0,,,,,,,,,,,,,,,,
869,0.0002784217067528516,-0.49141934514045715,0.00014188601926434785,0.00013653568748850375,0.0,0.0,0.0,0.0,0.0,0.0,0.0,0.0,0.0,,,,,,,,,,,,,,,,
870,0.0002700423065107316,-0.4893856644630432,0.00013907374523114413,0.00013096856127958745,0.0,0.0,0.0,0.0,0.0,0.0,0.0,0.0,0.0,,,,,,,,,,,,,,,,
871,0.0002860270324163139,-0.4909316599369049,0.0001443907676730305,0.00014163625019136816,0.0,0.0,0.0,0.0,0.0,0.0,0.0,0.0,0.0,,,,,,,,,,,,,,,,
872,0.0002662127371877432,-0.49306562542915344,0.00013637270603794605,0.00012984004570171237,0.0,0.0,0.0,0.0,0.0,0.0,0.0,0.0,0.0,,,,,,,,,,,,,,,,
873,0.0002689124667085707,-0.49189186096191406,0.00013665268488693982,0.00013225979637354612,0.0,0.0,0.0,0.0,0.0,0.0,0.0,0.0,0.0,,,,,,,,,,,,,,,,
874,0.0002491007908247411,-0.48863062262535095,0.00012444064486771822,0.0001246601459570229,0.0,0.0,0.0,0.0,0.0,0.0,0.0,0.0,0.0,,,,,,,,,,,,,,,,
875,0.0002890285395551473,-0.49328672885894775,0.00014756096061319113,0.00014146757894195616,0.0,0.0,0.0,0.0,0.0,0.0,0.0,0.0,0.0,,,,,,,,,,,,,,,,
876,0.00027856347151100636,-0.4949437081813812,0.00014059973182156682,0.00013796373968943954,0.0,0.0,0.0,0.0,0.0,0.0,0.0,0.0,0.0,,,,,,,,,,,,,,,,
877,0.0002773297019302845,-0.4900588393211365,0.0001386778603773564,0.00013865182700101286,0.0,0.0,0.0,0.0,0.0,0.0,0.0,0.0,0.0,,,,,,,,,,,,,,,,
878,0.00025941565399989486,-0.49213215708732605,0.00013456522719934583,0.00012485044135246426,0.0,0.0,0.0,0.0,0.0,0.0,0.0,0.0,0.0,,,,,,,,,,,,,,,,
879,0.00025913838180713356,-0.4958864748477936,0.00013042344653513283,0.00012871493527200073,0.0,0.0,0.0,0.0,0.0,0.0,0.0,0.0,0.0,,,,,,,,,,,,,,,,
880,0.0002723600482568145,-0.4947919547557831,0.0001388370292261243,0.00013352303358260542,0.0,0.0,0.0,0.0,0.0,0.0,0.0,0.0,0.0,,,,,,,,,,,,,,,,
881,0.00029429522692225873,-0.4934830665588379,0.00014940439723432064,0.0001448908296879381,0.0,0.0,0.0,0.0,0.0,0.0,0.0,0.0,0.0,,,,,,,,,,,,,,,,
882,0.00025465962244197726,-0.4956331253051758,0.00012722569226752967,0.00012743394472636282,0.0,0.0,0.0,0.0,0.0,0.0,0.0,0.0,0.0,,,,,,,,,,,,,,,,
883,0.0002879837993532419,-0.4962685704231262,0.00014700478641316295,0.0001409790274919942,0.0,0.0,0.0,0.0,0.0,0.0,0.0,0.0,0.0,,,,,,,,,,,,,,,,
884,0.00026025850092992187,-0.49521204829216003,0.00013289880007505417,0.00012735971540678293,0.0,0.0,0.0,0.0,0.0,0.0,0.0,0.0,0.0,,,,,,,,,,,,,,,,
885,0.00026692956453189254,-0.49502477049827576,0.0001372398401144892,0.00012968973896931857,0.0,0.0,0.0,0.0,0.0,0.0,0.0,0.0,0.0,,,,,,,,,,,,,,,,
886,0.00027683249209076166,-0.495233952999115,0.00014145344903226942,0.00013537904305849224,0.0,0.0,0.0,0.0,0.0,0.0,0.0,0.0,0.0,,,,,,,,,,,,,,,,
887,0.00027608397067524493,-0.49621137976646423,0.0001399735629092902,0.00013611040776595473,0.0,0.0,0.0,0.0,0.0,0.0,0.0,0.0,0.0,,,,,,,,,,,,,,,,
888,0.0002844193368218839,-0.4938524067401886,0.0001431357959518209,0.000141283540870063,0.0,0.0,0.0,0.0,0.0,0.0,0.0,0.0,0.0,,,,,,,,,,,,,,,,
889,0.00030695507302880287,-0.49814748764038086,0.00015676341718062758,0.00015019164129626006,0.0,0.0,0.0,0.0,0.0,0.0,0.0,0.0,0.0,,,,,,,,,,,,,,,,
890,0.0002581633743830025,-0.4984201490879059,0.00013016063894610852,0.00012800272088497877,0.0,0.0,0.0,0.0,0.0,0.0,0.0,0.0,0.0,,,,,,,,,,,,,,,,
891,0.00030061593861319125,-0.496419757604599,0.00015210687706712633,0.0001485090615460649,0.0,0.0,0.0,0.0,0.0,0.0,0.0,0.0,0.0,,,,,,,,,,,,,,,,
892,0.0002812268503475934,-0.4973982274532318,0.00014128049951978028,0.00013994635082781315,0.0,0.0,0.0,0.0,0.0,0.0,0.0,0.0,0.0,,,,,,,,,,,,,,,,
893,0.0002598446444608271,-0.49856236577033997,0.00013247260358184576,0.00012737205543089658,0.0,0.0,0.0,0.0,0.0,0.0,0.0,0.0,0.0,,,,,,,,,,,,,,,,
894,0.0002787072444334626,-0.4984792172908783,0.0001423377252649516,0.00013636951916851103,0.0,0.0,0.0,0.0,0.0,0.0,0.0,0.0,0.0,,,,,,,,,,,,,,,,
895,0.00025726185413077474,-0.49800100922584534,0.0001313825196120888,0.00012587933451868594,0.0,0.0,0.0,0.0,0.0,0.0,0.0,0.0,0.0,,,,,,,,,,,,,,,,
896,0.0002549713826738298,-0.4989708364009857,0.000129865191411227,0.0001251061912626028,0.0,0.0,0.0,0.0,0.0,0.0,0.0,0.0,0.0,,,,,,,,,,,,,,,,
897,0.0003065481723751873,-0.5001878142356873,0.00015524002083111554,0.00015130815154407173,0.0,0.0,0.0,0.0,0.0,0.0,0.0,0.0,0.0,,,,,,,,,,,,,,,,
898,0.0002592812816146761,-0.5019989609718323,0.00012967530346941203,0.0001296059781452641,0.0,0.0,0.0,0.0,0.0,0.0,0.0,0.0,0.0,,,,,,,,,,,,,,,,
899,0.0002639656886458397,-0.4997398257255554,0.00013455920270644128,0.00012940647138748318,0.0,0.0,0.0,0.0,0.0,0.0,0.0,0.0,0.0,,,,,,,,,,,,,,,,
900,0.0003119544708169997,-0.500675618648529,0.00016089816926978528,0.0001510563015472144,0.0,0.0,0.0,0.0,0.0,0.0,0.0,0.0,0.0,,,,,,,,,,,,,,,,
901,0.00026425960822962224,-0.5027958750724792,0.00013298788690008223,0.00013127172132954001,0.0,0.0,0.0,0.0,0.0,0.0,0.0,0.0,0.0,,,,,,,,,,,,,,,,
902,0.00025230267783626914,-0.5006096959114075,0.0001295253896387294,0.00012277730274945498,0.0,0.0,0.0,0.0,0.0,0.0,0.0,0.0,0.0,,,,,,,,,,,,,,,,
903,0.0003457759157754481,-0.500347375869751,0.00017613553791306913,0.00016964039241429418,0.0,0.0,0.0,0.0,0.0,0.0,0.0,0.0,0.0,,,,,,,,,,,,,,,,
904,0.0002764901437330991,-0.5023274421691895,0.00013697271060664207,0.00013951743312645704,0.0,0.0,0.0,0.0,0.0,0.0,0.0,0.0,0.0,,,,,,,,,,,,,,,,
905,0.00026518310187384486,-0.4993104040622711,0.00013275672972667962,0.00013242637214716524,0.0,0.0,0.0,0.0,0.0,0.0,0.0,0.0,0.0,,,,,,,,,,,,,,,,
906,0.00026669909129850566,-0.50014328956604,0.00013702677097171545,0.00012967232032679021,0.0,0.0,0.0,0.0,0.0,0.0,0.0,0.0,0.0,,,,,,,,,,,,,,,,
907,0.00025959601043723524,-0.5043284296989441,0.0001337740832241252,0.00012582192721311003,0.0,0.0,0.0,0.0,0.0,0.0,0.0,0.0,0.0,,,,,,,,,,,,,,,,
908,0.00026518371305428445,-0.5043246746063232,0.00013395507994573563,0.00013122863310854882,0.0,0.0,0.0,0.0,0.0,0.0,0.0,0.0,0.0,,,,,,,,,,,,,,,,
909,0.00027097779093310237,-0.5005985498428345,0.00013748789206147194,0.00013348989887163043,0.0,0.0,0.0,0.0,0.0,0.0,0.0,0.0,0.0,,,,,,,,,,,,,,,,
910,0.00025678472593426704,-0.5046321153640747,0.000132187909912318,0.00012459680147003382,0.0,0.0,0.0,0.0,0.0,0.0,0.0,0.0,0.0,,,,,,,,,,,,,,,,
911,0.0002484641445335001,-0.507293701171875,0.00012753855844493955,0.00012092558608856052,0.0,0.0,0.0,0.0,0.0,0.0,0.0,0.0,0.0,,,,,,,,,,,,,,,,
912,0.00029946170980110765,-0.5026668906211853,0.0001543389807920903,0.00014512274356093258,0.0,0.0,0.0,0.0,0.0,0.0,0.0,0.0,0.0,,,,,,,,,,,,,,,,
913,0.0002887221926357597,-0.5030952095985413,0.00014676075079478323,0.00014196144184097648,0.0,0.0,0.0,0.0,0.0,0.0,0.0,0.0,0.0,,,,,,,,,,,,,,,,
914,0.0002671200782060623,-0.5066632032394409,0.00013702682917937636,0.00013009326357860118,0.0,0.0,0.0,0.0,0.0,0.0,0.0,0.0,0.0,,,,,,,,,,,,,,,,
915,0.00026927152066491544,-0.5066019892692566,0.00013929589476902038,0.00012997562589589506,0.0,0.0,0.0,0.0,0.0,0.0,0.0,0.0,0.0,,,,,,,,,,,,,,,,
916,0.0002463720738887787,-0.5031746625900269,0.00012724028783850372,0.0001191318006021902,0.0,0.0,0.0,0.0,0.0,0.0,0.0,0.0,0.0,,,,,,,,,,,,,,,,
917,0.000285026035271585,-0.5056880712509155,0.00014321321214083582,0.00014181282313074917,0.0,0.0,0.0,0.0,0.0,0.0,0.0,0.0,0.0,,,,,,,,,,,,,,,,
918,0.00023231444356497377,-0.5087639689445496,0.00011812153388746083,0.00011419290967751294,0.0,0.0,0.0,0.0,0.0,0.0,0.0,0.0,0.0,,,,,,,,,,,,,,,,
919,0.00028205756098032,-0.5056748390197754,0.00014085079601500183,0.00014120676496531814,0.0,0.0,0.0,0.0,0.0,0.0,0.0,0.0,0.0,,,,,,,,,,,,,,,,
920,0.00024234739248640835,-0.5043172240257263,0.0001222458522533998,0.00012010153295705095,0.0,0.0,0.0,0.0,0.0,0.0,0.0,0.0,0.0,,,,,,,,,,,,,,,,
921,0.0002616780693642795,-0.509861946105957,0.00013225417933426797,0.00012942389003001153,0.0,0.0,0.0,0.0,0.0,0.0,0.0,0.0,0.0,,,,,,,,,,,,,,,,
922,0.00025422347243875265,-0.5096390247344971,0.00012835545931011438,0.0001258680276805535,0.0,0.0,0.0,0.0,0.0,0.0,0.0,0.0,0.0,,,,,,,,,,,,,,,,
923,0.0002596243575681001,-0.5053955316543579,0.00013206416042521596,0.00012756019714288414,0.0,0.0,0.0,0.0,0.0,0.0,0.0,0.0,0.0,,,,,,,,,,,,,,,,
924,0.00026652379892766476,-0.5079033374786377,0.00013548927381634712,0.0001310345105594024,0.0,0.0,0.0,0.0,0.0,0.0,0.0,0.0,0.0,,,,,,,,,,,,,,,,
925,0.0002506079035811126,-0.5105684995651245,0.00012860815331805497,0.00012199974298710003,0.0,0.0,0.0,0.0,0.0,0.0,0.0,0.0,0.0,,,,,,,,,,,,,,,,
926,0.00027591409161686897,-0.5096585154533386,0.00013975064211990684,0.00013616344949696213,0.0,0.0,0.0,0.0,0.0,0.0,0.0,0.0,0.0,,,,,,,,,,,,,,,,
927,0.000389906985219568,-0.5061288475990295,0.00019651403999887407,0.00019339293066877872,0.0,0.0,0.0,0.0,0.0,0.0,0.0,0.0,0.0,,,,,,,,,,,,,,,,
928,0.00027463692822493613,-0.511309802532196,0.00014353645383380353,0.0001311004743911326,0.0,0.0,0.0,0.0,0.0,0.0,0.0,0.0,0.0,,,,,,,,,,,,,,,,
929,0.0003073113621212542,-0.5127084255218506,0.00015353791241068393,0.00015377344971057028,0.0,0.0,0.0,0.0,0.0,0.0,0.0,0.0,0.0,,,,,,,,,,,,,,,,
930,0.0002738245530053973,-0.5077632665634155,0.00013938898337073624,0.0001344355841865763,0.0,0.0,0.0,0.0,0.0,0.0,0.0,0.0,0.0,,,,,,,,,,,,,,,,
931,0.00027925046742893755,-0.5088801980018616,0.00013952601875644177,0.00013972444867249578,0.0,0.0,0.0,0.0,0.0,0.0,0.0,0.0,0.0,,,,,,,,,,,,,,,,
932,0.00026593258371576667,-0.5131912231445312,0.00013690679043065757,0.00012902577873319387,0.0,0.0,0.0,0.0,0.0,0.0,0.0,0.0,0.0,,,,,,,,,,,,,,,,
933,0.00028313661459833384,-0.5139493346214294,0.0001437439350411296,0.00013939266500528902,0.0,0.0,0.0,0.0,0.0,0.0,0.0,0.0,0.0,,,,,,,,,,,,,,,,
934,0.0002577484701760113,-0.5110564827919006,0.0001306467893300578,0.0001271016662940383,0.0,0.0,0.0,0.0,0.0,0.0,0.0,0.0,0.0,,,,,,,,,,,,,,,,
935,0.0002456952352076769,-0.5117599964141846,0.00012571511615533382,0.00011998012632830068,0.0,0.0,0.0,0.0,0.0,0.0,0.0,0.0,0.0,,,,,,,,,,,,,,,,
936,0.00023554032668471336,-0.5145694613456726,0.00012065701594110578,0.00011488331074360758,0.0,0.0,0.0,0.0,0.0,0.0,0.0,0.0,0.0,,,,,,,,,,,,,,,,
937,0.0002771572326309979,-0.5135332942008972,0.00013951338769402355,0.00013764383038505912,0.0,0.0,0.0,0.0,0.0,0.0,0.0,0.0,0.0,,,,,,,,,,,,,,,,
938,0.0002672542759682983,-0.5108445286750793,0.0001364518830087036,0.00013080239295959473,0.0,0.0,0.0,0.0,0.0,0.0,0.0,0.0,0.0,,,,,,,,,,,,,,,,
939,0.0002587895141914487,-0.5131491422653198,0.00012971898831892759,0.00012907054042443633,0.0,0.0,0.0,0.0,0.0,0.0,0.0,0.0,0.0,,,,,,,,,,,,,,,,
940,0.00024902692530304193,-0.5174374580383301,0.00012375175720080733,0.0001252751681022346,0.0,0.0,0.0,0.0,0.0,0.0,0.0,0.0,0.0,,,,,,,,,,,,,,,,
941,0.00028237164951860905,-0.5135403275489807,0.0001432233111700043,0.00013914833834860474,0.0,0.0,0.0,0.0,0.0,0.0,0.0,0.0,0.0,,,,,,,,,,,,,,,,
942,0.00023563241120427847,-0.5118579864501953,0.00012112481635995209,0.00011450759484432638,0.0,0.0,0.0,0.0,0.0,0.0,0.0,0.0,0.0,,,,,,,,,,,,,,,,
943,0.0002749386476352811,-0.5178212523460388,0.00014141976134851575,0.00013351890083868057,0.0,0.0,0.0,0.0,0.0,0.0,0.0,0.0,0.0,,,,,,,,,,,,,,,,
944,0.00026418748893775046,-0.5169215798377991,0.00013282692816574126,0.0001313605607720092,0.0,0.0,0.0,0.0,0.0,0.0,0.0,0.0,0.0,,,,,,,,,,,,,,,,
945,0.00024318182840943336,-0.511323869228363,0.00012336640793364495,0.00011981542775174603,0.0,0.0,0.0,0.0,0.0,0.0,0.0,0.0,0.0,,,,,,,,,,,,,,,,
946,0.00026577909011393785,-0.5145027041435242,0.00013323240273166448,0.00013254668738227338,0.0,0.0,0.0,0.0,0.0,0.0,0.0,0.0,0.0,,,,,,,,,,,,,,,,
947,0.00025189798907376826,-0.5183238983154297,0.00012809530016966164,0.00012380268890410662,0.0,0.0,0.0,0.0,0.0,0.0,0.0,0.0,0.0,,,,,,,,,,,,,,,,
948,0.0003032420645467937,-0.5154070258140564,0.00015774089843034744,0.00014550118066836149,0.0,0.0,0.0,0.0,0.0,0.0,0.0,0.0,0.0,,,,,,,,,,,,,,,,
949,0.0002531349309720099,-0.5137434601783752,0.0001297049893764779,0.00012342992704361677,0.0,0.0,0.0,0.0,0.0,0.0,0.0,0.0,0.0,,,,,,,,,,,,,,,,
950,0.0002728731487877667,-0.5180450081825256,0.0001366892538499087,0.00013618388038594276,0.0,0.0,0.0,0.0,0.0,0.0,0.0,0.0,0.0,,,,,,,,,,,,,,,,
951,0.000199006317416206,-0.5176661610603333,9.917041461449116e-05,9.983589552575722e-05,0.0,0.0,0.0,0.0,0.0,0.0,0.0,0.0,0.0,,,,,,,,,,,,,,,,
952,0.0002430163003737107,-0.5166858434677124,0.0001241651043528691,0.0001188511960208416,0.0,0.0,0.0,0.0,0.0,0.0,0.0,0.0,0.0,,,,,,,,,,,,,,,,
953,0.0002567108313087374,-0.5177105665206909,0.00013092340668663383,0.00012578742462210357,0.0,0.0,0.0,0.0,0.0,0.0,0.0,0.0,0.0,,,,,,,,,,,,,,,,
954,0.0002429274609312415,-0.5199649930000305,0.00012040296860504895,0.00012252449232619256,0.0,0.0,0.0,0.0,0.0,0.0,0.0,0.0,0.0,,,,,,,,,,,,,,,,
955,0.00024368427693843842,-0.5183085203170776,0.00012350323959253728,0.00012018104462185875,0.0,0.0,0.0,0.0,0.0,0.0,0.0,0.0,0.0,,,,,,,,,,,,,,,,
956,0.000255986989941448,-0.5164822936058044,0.000129686261061579,0.0001263007434317842,0.0,0.0,0.0,0.0,0.0,0.0,0.0,0.0,0.0,,,,,,,,,,,,,,,,
957,0.0002694128779694438,-0.518957257270813,0.0001348559308098629,0.00013455693260766566,0.0,0.0,0.0,0.0,0.0,0.0,0.0,0.0,0.0,,,,,,,,,,,,,,,,
958,0.00028281548293307424,-0.5201082229614258,0.00014340231427922845,0.0001394131686538458,0.0,0.0,0.0,0.0,0.0,0.0,0.0,0.0,0.0,,,,,,,,,,,,,,,,
959,0.00023597688414156437,-0.5208765864372253,0.00011748324322979897,0.00011849364818772301,0.0,0.0,0.0,0.0,0.0,0.0,0.0,0.0,0.0,,,,,,,,,,,,,,,,
960,0.00026064750272780657,-0.5184957385063171,0.00013285508612170815,0.0001277924166060984,0.0,0.0,0.0,0.0,0.0,0.0,0.0,0.0,0.0,,,,,,,,,,,,,,,,
961,0.00023427666747011244,-0.5213760733604431,0.0001185666405945085,0.00011571001959964633,0.0,0.0,0.0,0.0,0.0,0.0,0.0,0.0,0.0,,,,,,,,,,,,,,,,
962,0.000257516629062593,-0.5228126049041748,0.00013179767120163888,0.00012571897241286933,0.0,0.0,0.0,0.0,0.0,0.0,0.0,0.0,0.0,,,,,,,,,,,,,,,,
963,0.0002548027550801635,-0.5208766460418701,0.00012821493146475405,0.0001265878090634942,0.0,0.0,0.0,0.0,0.0,0.0,0.0,0.0,0.0,,,,,,,,,,,,,,,,
964,0.0002596178965177387,-0.5191472768783569,0.0001314828114118427,0.000128135085105896,0.0,0.0,0.0,0.0,0.0,0.0,0.0,0.0,0.0,,,,,,,,,,,,,,,,
965,0.00027540617156773806,-0.5223676562309265,0.0001399676111759618,0.00013543856039177626,0.0,0.0,0.0,0.0,0.0,0.0,0.0,0.0,0.0,,,,,,,,,,,,,,,,
966,0.00026500425883568823,-0.5250943899154663,0.0001319377333857119,0.00013306652544997633,0.0,0.0,0.0,0.0,0.0,0.0,0.0,0.0,0.0,,,,,,,,,,,,,,,,
967,0.0003563090576790273,-0.5200759768486023,0.0001802729966584593,0.00017603604646865278,0.0,0.0,0.0,0.0,0.0,0.0,0.0,0.0,0.0,,,,,,,,,,,,,,,,
968,0.00025692334747873247,-0.5215598940849304,0.00012731052993331105,0.00012961281754542142,0.0,0.0,0.0,0.0,0.0,0.0,0.0,0.0,0.0,,,,,,,,,,,,,,,,
969,0.0002513521467335522,-0.5254696607589722,0.0001276818074984476,0.00012367033923510462,0.0,0.0,0.0,0.0,0.0,0.0,0.0,0.0,0.0,,,,,,,,,,,,,,,,
970,0.00028163648676127195,-0.5227861404418945,0.0001411919220117852,0.00014044456474948674,0.0,0.0,0.0,0.0,0.0,0.0,0.0,0.0,0.0,,,,,,,,,,,,,,,,
971,0.0002687696542125195,-0.5198855400085449,0.0001357765431748703,0.00013299311103764921,0.0,0.0,0.0,0.0,0.0,0.0,0.0,0.0,0.0,,,,,,,,,,,,,,,,
972,0.0002435169299133122,-0.5243092179298401,0.0001247555628651753,0.00011876136704813689,0.0,0.0,0.0,0.0,0.0,0.0,0.0,0.0,0.0,,,,,,,,,,,,,,,,
973,0.00025338761042803526,-0.5271934866905212,0.00012864163727499545,0.0001247459731530398,0.0,0.0,0.0,0.0,0.0,0.0,0.0,0.0,0.0,,,,,,,,,,,,,,,,
974,0.0002571661025285721,-0.5214727520942688,0.00012988971138838679,0.00012727640569210052,0.0,0.0,0.0,0.0,0.0,0.0,0.0,0.0,0.0,,,,,,,,,,,,,,,,
975,0.0002429773157928139,-0.5242332220077515,0.00012350849283393472,0.00011946882295887917,0.0,0.0,0.0,0.0,0.0,0.0,0.0,0.0,0.0,,,,,,,,,,,,,,,,
976,0.00022631586762145162,-0.5287707448005676,0.00011441428796388209,0.00011190157238161191,0.0,0.0,0.0,0.0,0.0,0.0,0.0,0.0,0.0,,,,,,,,,,,,,,,,
977,0.00028015676070936024,-0.5241919755935669,0.0001424050860805437,0.00013775167462881655,0.0,0.0,0.0,0.0,0.0,0.0,0.0,0.0,0.0,,,,,,,,,,,,,,,,
978,0.0002886149159166962,-0.521058976650238,0.00014668077346868813,0.00014193414244800806,0.0,0.0,0.0,0.0,0.0,0.0,0.0,0.0,0.0,,,,,,,,,,,,,,,,
979,0.00026332412380725145,-0.5267090797424316,0.00013322402082849294,0.00013010008842684329,0.0,0.0,0.0,0.0,0.0,0.0,0.0,0.0,0.0,,,,,,,,,,,,,,,,
980,0.000259684631600976,-0.5272296071052551,0.00013040384510532022,0.000129280801047571,0.0,0.0,0.0,0.0,0.0,0.0,0.0,0.0,0.0,,,,,,,,,,,,,,,,
981,0.00021791073959320784,-0.5243312120437622,0.00010940521315205842,0.00010850552644114941,0.0,0.0,0.0,0.0,0.0,0.0,0.0,0.0,0.0,,,,,,,,,,,,,,,,
982,0.0002608791983220726,-0.527045488357544,0.0001315843255724758,0.00012929487274959683,0.0,0.0,0.0,0.0,0.0,0.0,0.0,0.0,0.0,,,,,,,,,,,,,,,,
983,0.00022306959726847708,-0.529434084892273,0.00011235840065637603,0.00011071119661210105,0.0,0.0,0.0,0.0,0.0,0.0,0.0,0.0,0.0,,,,,,,,,,,,,,,,
984,0.00023575537488795817,-0.5259402394294739,0.00011808475392172113,0.00011767061369027942,0.0,0.0,0.0,0.0,0.0,0.0,0.0,0.0,0.0,,,,,,,,,,,,,,,,
985,0.0002193238033214584,-0.5244801044464111,0.00011202111636521295,0.00010730268695624545,0.0,0.0,0.0,0.0,0.0,0.0,0.0,0.0,0.0,,,,,,,,,,,,,,,,
986,0.0002487521560396999,-0.5297048687934875,0.00012523261830210686,0.00012351953773759305,0.0,0.0,0.0,0.0,0.0,0.0,0.0,0.0,0.0,,,,,,,,,,,,,,,,
987,0.00027046335162594914,-0.5280559659004211,0.00013827158545609564,0.0001321917661698535,0.0,0.0,0.0,0.0,0.0,0.0,0.0,0.0,0.0,,,,,,,,,,,,,,,,
988,0.0002467188751325011,-0.5263747572898865,0.00012454245006665587,0.00012217643961776048,0.0,0.0,0.0,0.0,0.0,0.0,0.0,0.0,0.0,,,,,,,,,,,,,,,,
989,0.00025799087597988546,-0.5295738577842712,0.0001321051677223295,0.00012588570825755596,0.0,0.0,0.0,0.0,0.0,0.0,0.0,0.0,0.0,,,,,,,,,,,,,,,,
990,0.00026673992397263646,-0.5315727591514587,0.00013493309961631894,0.00013180683890823275,0.0,0.0,0.0,0.0,0.0,0.0,0.0,0.0,0.0,,,,,,,,,,,,,,,,
991,0.00024706285330466926,-0.5293270349502563,0.00012423824227880687,0.0001228246110258624,0.0,0.0,0.0,0.0,0.0,0.0,0.0,0.0,0.0,,,,,,,,,,,,,,,,
992,0.00021414313232526183,-0.5278401374816895,0.0001093749888241291,0.00010476813622517511,0.0,0.0,0.0,0.0,0.0,0.0,0.0,0.0,0.0,,,,,,,,,,,,,,,,
993,0.00023921590764075518,-0.5292208790779114,0.00012186816456960514,0.00011734774307115003,0.0,0.0,0.0,0.0,0.0,0.0,0.0,0.0,0.0,,,,,,,,,,,,,,,,
994,0.00023731490364298224,-0.5303192734718323,0.00012325622083153576,0.00011405868281144649,0.0,0.0,0.0,0.0,0.0,0.0,0.0,0.0,0.0,,,,,,,,,,,,,,,,
995,0.0002154864778276533,-0.5302476286888123,0.0001090693986043334,0.0001064170864992775,0.0,0.0,0.0,0.0,0.0,0.0,0.0,0.0,0.0,,,,,,,,,,,,,,,,
996,0.00023692676040809602,-0.5311904549598694,0.00012068543583154678,0.00011624132457654923,0.0,0.0,0.0,0.0,0.0,0.0,0.0,0.0,0.0,,,,,,,,,,,,,,,,
997,0.00023484566190745682,-0.5325301885604858,0.00011849965085275471,0.0001163460110547021,0.0,0.0,0.0,0.0,0.0,0.0,0.0,0.0,0.0,,,,,,,,,,,,,,,,
998,0.0002358967758482322,-0.5316076874732971,0.0001208347748615779,0.00011506200098665431,0.0,0.0,0.0,0.0,0.0,0.0,0.0,0.0,0.0,,,,,,,,,,,,,,,,
999,0.00023171711654867977,-0.5302444100379944,0.00011792172153946012,0.00011379539500921965,0.0,0.0,0.0,0.0,0.0,0.0,0.0,0.0,0.0,,,,,,,,,,,,,,,,
1000,0.00021785317221656442,-0.5327085852622986,0.00010982929961755872,0.0001080238725990057,0.0,0.0,0.0,0.0,0.0,0.0,0.0,0.0,0.0,0.797528862953186,0.797528862953186,0.20247113704681396,6.997795104980469,0.0,0.7487987279891968,4.618361473083496,-0.0,2.494617462158203,0.7974900603294373,0.0,0.7974900603294373,0.01757591962814331,2.432063102722168,1.5941910744880476,0.06642462810366866
