epoch,critic_loss,actor_loss,q1_loss,q2_loss,cost_loss,cql_q1,cql_q2,expected_immediate_cost,expected_cost_to_go,cost_budget,lagrange,expert_kl,smoothness,avg_return,survival_rate,mortality_rate,avg_length,inadmissibility_rate,expert_argmax_match,mean_kl_to_expert,policy_entropy,mean_action_deviation_from_expert,soft_survival_rate,soft_inadmissibility_rate,soft_avg_return,soft_policy_entropy,soft_mean_kl_to_expert,trajectory_mean_action_jump,trajectory_normalised_action_jump
1,0.045445602387189865,0.105510413646698,0.022998018190264702,0.0199979729950428,0.00244961422868073,0.0,0.0,0.0,0.02089686505496502,0.0,0.0,0.0601421482861042,0.12650687992572784,,,,,,,,,,,,,,,,
2,0.03057282418012619,0.08406992256641388,0.015652252361178398,0.01334118191152811,0.0015793886268511415,0.0,0.0,0.0,0.015491591766476631,0.0,0.0,0.061289671808481216,0.12587906420230865,,,,,,,,,,,,,,,,
3,0.021358711645007133,0.07075362652540207,0.010658184066414833,0.009598235599696636,0.001102292793802917,0.0,0.0,0.0,0.011807726696133614,0.0,0.0,0.06259814649820328,0.12520819902420044,,,,,,,,,,,,,,,,
4,0.017164427787065506,0.07061801105737686,0.00827597826719284,0.008045175112783909,0.0008432758622802794,0.0,0.0,0.0,0.00896348338574171,0.0,0.0,0.06358208507299423,0.12456407397985458,,,,,,,,,,,,,,,,
5,0.01592196151614189,0.0685940608382225,0.007503713946789503,0.00765093183144927,0.0007673155050724745,0.0,0.0,0.0,0.006845078431069851,0.0,0.0,0.06518931686878204,0.12412282824516296,,,,,,,,,,,,,,,,
6,0.01576920598745346,0.0657748356461525,0.007281235419213772,0.007756110746413469,0.0007318591815419495,0.0,0.0,0.0,0.005310460925102234,0.0,0.0,0.06542422622442245,0.12380989640951157,,,,,,,,,,,,,,,,
7,0.015619851648807526,0.06174015626311302,0.007372091989964247,0.007567321881651878,0.0006804375443607569,0.0,0.0,0.0,0.004840189591050148,0.0,0.0,0.06559400260448456,0.12363390624523163,,,,,,,,,,,,,,,,
8,0.014941271394491196,0.05535207688808441,0.007098503410816193,0.007155430503189564,0.0006873379461467266,0.0,0.0,0.0,0.004056984093040228,0.0,0.0,0.06486880779266357,0.12358810752630234,,,,,,,,,,,,,,,,
9,0.013614463619887829,0.04788438603281975,0.006543690804392099,0.006402432452887297,0.0006683401297777891,0.0,0.0,0.0,0.003691376419737935,0.0,0.0,0.06435956060886383,0.12370631098747253,,,,,,,,,,,,,,,,
10,0.012508995831012726,0.04275558516383171,0.0060698180459439754,0.005792456679046154,0.0006467211642302573,0.0,0.0,0.0,0.0034668210428208113,0.0,0.0,0.06365404278039932,0.12389885634183884,,,,,,,,,,,,,,,,
11,0.010807245969772339,0.037961602210998535,0.005109626334160566,0.0050966390408575535,0.0006009801873005927,0.0,0.0,0.0,0.0032392966095358133,0.0,0.0,0.06251747161149979,0.12394466996192932,,,,,,,,,,,,,,,,
12,0.00982664618641138,0.03522832691669464,0.0046035354025661945,0.004624168388545513,0.0005989418714307249,0.0,0.0,0.0,0.003547685220837593,0.0,0.0,0.06242045387625694,0.12429691851139069,,,,,,,,,,,,,,,,
13,0.008980819024145603,0.03494355082511902,0.004166937433183193,0.004243216477334499,0.0005706651718355715,0.0,0.0,0.0,0.0038412248250097036,0.0,0.0,0.062208473682403564,0.12445282191038132,,,,,,,,,,,,,,,,
14,0.008375301957130432,0.032796818763017654,0.003839154727756977,0.00398291228339076,0.0005532352370209992,0.0,0.0,0.0,0.0034964727237820625,0.0,0.0,0.06151473894715309,0.1246047392487526,,,,,,,,,,,,,,,,
15,0.00815683975815773,0.03236764296889305,0.0038032028824090958,0.0038160376716405153,0.0005375997861847281,0.0,0.0,0.0,0.0037666745483875275,0.0,0.0,0.0612141378223896,0.12474235147237778,,,,,,,,,,,,,,,,
16,0.0077512627467513084,0.03209192305803299,0.003603164106607437,0.003632753388956189,0.0005153455422259867,0.0,0.0,0.0,0.003854196285828948,0.0,0.0,0.06108618527650833,0.1248912662267685,,,,,,,,,,,,,,,,
17,0.007662371266633272,0.030552800744771957,0.0035635060630738735,0.0035944620613008738,0.000504403084050864,0.0,0.0,0.0,0.003829843830317259,0.0,0.0,0.06131425499916077,0.12499221414327621,,,,,,,,,,,,,,,,
18,0.007440394256263971,0.030770255252718925,0.0034977977629750967,0.0034555732272565365,0.00048702358617447317,0.0,0.0,0.0,0.004083793610334396,0.0,0.0,0.06124329939484596,0.12508097290992737,,,,,,,,,,,,,,,,
19,0.007397395092993975,0.028107523918151855,0.003485667984932661,0.003450958989560604,0.00046076797298155725,0.0,0.0,0.0,0.004379079677164555,0.0,0.0,0.06132340431213379,0.12510202825069427,,,,,,,,,,,,,,,,
20,0.007025241851806641,0.02734646573662758,0.003311692737042904,0.0032706137280911207,0.0004429353284649551,0.0,0.0,0.0,0.004062979482114315,0.0,0.0,0.06224353611469269,0.1250508427619934,,,,,,,,,,,,,,,,
21,0.006767140235751867,0.02469375915825367,0.00316312606446445,0.003173509845510125,0.00043050432577729225,0.0,0.0,0.0,0.004303589928895235,0.0,0.0,0.06258714944124222,0.12507979571819305,,,,,,,,,,,,,,,,
22,0.006451762747019529,0.023226866498589516,0.003019449533894658,0.0030328778084367514,0.00039943555020727217,0.0,0.0,0.0,0.004877663683146238,0.0,0.0,0.06284315884113312,0.12496127188205719,,,,,,,,,,,,,,,,
23,0.0061482093296945095,0.02106494829058647,0.002852517180144787,0.002907709451392293,0.0003879827563650906,0.0,0.0,0.0,0.004750503227114677,0.0,0.0,0.06378429383039474,0.1249937117099762,,,,,,,,,,,,,,,,
24,0.00592691358178854,0.019364984706044197,0.0027578286826610565,0.0027868878096342087,0.0003821968857664615,0.0,0.0,0.0,0.005373966880142689,0.0,0.0,0.06444593518972397,0.12480800598859787,,,,,,,,,,,,,,,,
25,0.005570536945015192,0.015560166910290718,0.002572219120338559,0.0026254754047840834,0.00037284239078871906,0.0,0.0,0.0,0.005767533089965582,0.0,0.0,0.06550560891628265,0.12470583617687225,,,,,,,,,,,,,,,,
26,0.005336471367627382,0.014795715920627117,0.0024088481441140175,0.0025706083979457617,0.000357014563633129,0.0,0.0,0.0,0.005992929916828871,0.0,0.0,0.06667975336313248,0.12468431144952774,,,,,,,,,,,,,,,,
27,0.005292817484587431,0.01213205885142088,0.0024448358453810215,0.0024948725476861,0.00035310929524712265,0.0,0.0,0.0,0.006005403585731983,0.0,0.0,0.06768462806940079,0.12457877397537231,,,,,,,,,,,,,,,,
28,0.004941000137478113,0.011426661163568497,0.002329492475837469,0.0022650710307061672,0.0003464366018306464,0.0,0.0,0.0,0.006313043646514416,0.0,0.0,0.06952082365751266,0.12463392317295074,,,,,,,,,,,,,,,,
29,0.00470473850145936,0.010129685513675213,0.002159913070499897,0.0021962877362966537,0.0003485374909359962,0.0,0.0,0.0,0.005832494702190161,0.0,0.0,0.07143378257751465,0.12469104677438736,,,,,,,,,,,,,,,,
30,0.004652451258152723,0.00698809651657939,0.002141232369467616,0.0021815942600369453,0.0003296243667136878,0.0,0.0,0.0,0.0059761833399534225,0.0,0.0,0.07334229350090027,0.12478164583444595,,,,,,,,,,,,,,,,
31,0.004598752595484257,0.007534168194979429,0.0021671822760254145,0.002121456665918231,0.0003101136244367808,0.0,0.0,0.0,0.005352183245122433,0.0,0.0,0.07528581470251083,0.12485789507627487,,,,,,,,,,,,,,,,
32,0.004323669709265232,0.005713628605008125,0.002002987079322338,0.0020168686751276255,0.00030381433316506445,0.0,0.0,0.0,0.005732271820306778,0.0,0.0,0.07794821262359619,0.12513093650341034,,,,,,,,,,,,,,,,
33,0.004221435636281967,0.004167056642472744,0.001980507979169488,0.001956660533323884,0.00028426700737327337,0.0,0.0,0.0,0.0055074249394237995,0.0,0.0,0.08155214786529541,0.12536154687404633,,,,,,,,,,,,,,,,
34,0.004181051626801491,0.0025509505067020655,0.0019474949222058058,0.001944751595146954,0.0002888048766180873,0.0,0.0,0.0,0.005266460124403238,0.0,0.0,0.0852942019701004,0.12584975361824036,,,,,,,,,,,,,,,,
35,0.0038783831987529993,0.0019371784292161465,0.0017868803115561604,0.0018181634368374944,0.00027333947946317494,0.0,0.0,0.0,0.004958589095622301,0.0,0.0,0.08921509981155396,0.12639500200748444,,,,,,,,,,,,,,,,
36,0.003938736394047737,-0.00026419348432682455,0.0018170052208006382,0.0018630132544785738,0.0002587177150417119,0.0,0.0,0.0,0.004937810357660055,0.0,0.0,0.09428367018699646,0.12695427238941193,,,,,,,,,,,,,,,,
37,0.0036459346301853657,-0.0005242592887952924,0.001695751678198576,0.0017027296125888824,0.00024745333939790726,0.0,0.0,0.0,0.004549617879092693,0.0,0.0,0.10025439411401749,0.12775284051895142,,,,,,,,,,,,,,,,
38,0.0035577076487243176,-0.0037352873478084803,0.0016522450605407357,0.0016606805147603154,0.0002447820734232664,0.0,0.0,0.0,0.004246126860380173,0.0,0.0,0.10708606988191605,0.12854966521263123,,,,,,,,,,,,,,,,
39,0.003400195389986038,-0.0035417829640209675,0.0015762150287628174,0.0015638055047020316,0.00026017471100203693,0.0,0.0,0.0,0.003999259788542986,0.0,0.0,0.11525771021842957,0.129672110080719,,,,,,,,,,,,,,,,
40,0.0034876237623393536,-0.004401765298098326,0.001642493181861937,0.0016147991409525275,0.00023033141042105854,0.0,0.0,0.0,0.003861050819978118,0.0,0.0,0.12433167546987534,0.13077247142791748,,,,,,,,,,,,,,,,
41,0.00327632506377995,-0.0074756937101483345,0.0015291207237169147,0.001523412298411131,0.00022379186702892184,0.0,0.0,0.0,0.00395967485383153,0.0,0.0,0.13638648390769958,0.13240575790405273,,,,,,,,,,,,,,,,
42,0.003230075119063258,-0.008383460342884064,0.001470558694563806,0.0015467677731066942,0.00021274878235999495,0.0,0.0,0.0,0.003669595578685403,0.0,0.0,0.1495048701763153,0.13373805582523346,,,,,,,,,,,,,,,,
43,0.0030130387749522924,-0.010164184495806694,0.0014378831256181002,0.0013644910650327802,0.00021066439512651414,0.0,0.0,0.0,0.0035402500070631504,0.0,0.0,0.16297340393066406,0.13525308668613434,,,,,,,,,,,,,,,,
44,0.002967451000586152,-0.01356425043195486,0.0013715603854507208,0.0013932943111285567,0.0002025964204221964,0.0,0.0,0.0,0.0033317143097519875,0.0,0.0,0.18165726959705353,0.13724756240844727,,,,,,,,,,,,,,,,
45,0.00303897587582469,-0.013484559953212738,0.0014291632687672973,0.001406365423463285,0.0002034471690421924,0.0,0.0,0.0,0.002966533647850156,0.0,0.0,0.2009754180908203,0.1391548067331314,,,,,,,,,,,,,,,,
46,0.002902551554143429,-0.016853434965014458,0.0013847340596839786,0.0013194062048569322,0.00019841126049868762,0.0,0.0,0.0,0.002596277743577957,0.0,0.0,0.22274498641490936,0.14110901951789856,,,,,,,,,,,,,,,,
47,0.0027703559026122093,-0.016814613714814186,0.0013000520411878824,0.0012860865099355578,0.00018421736604068428,0.0,0.0,0.0,0.002867887495085597,0.0,0.0,0.24875904619693756,0.14333660900592804,,,,,,,,,,,,,,,,
48,0.0027157384902238846,-0.019018029794096947,0.0012972040567547083,0.0012372073251754045,0.00018132702098228037,0.0,0.0,0.0,0.0027667058166116476,0.0,0.0,0.27993565797805786,0.1457090675830841,,,,,,,,,,,,,,,,
49,0.0026946989819407463,-0.019821204245090485,0.0012588006211444736,0.0012574229622259736,0.00017847548588179052,0.0,0.0,0.0,0.0026139114052057266,0.0,0.0,0.3102972209453583,0.14779406785964966,,,,,,,,,,,,,,,,
50,0.0025867668446153402,-0.022206421941518784,0.0012207379331812263,0.001192282303236425,0.00017374659364577383,0.0,0.0,0.0,0.0024474661331623793,0.0,0.0,0.34113752841949463,0.1497906744480133,,,,,,,,,,,,,,,,
51,0.0025818354915827513,-0.022837044671177864,0.0011979328701272607,0.0012262604432180524,0.0001576421200297773,0.0,0.0,0.0,0.0024695168249309063,0.0,0.0,0.3798510432243347,0.15206778049468994,,,,,,,,,,,,,,,,
52,0.0025312143843621016,-0.02484915964305401,0.0011958754621446133,0.001182172098197043,0.00015316702774725854,0.0,0.0,0.0,0.0024648946709930897,0.0,0.0,0.4212396740913391,0.15418632328510284,,,,,,,,,,,,,,,,
53,0.0024498216807842255,-0.02332153730094433,0.0011515867663547397,0.0011455005733296275,0.00015273438475560397,0.0,0.0,0.0,0.002501172013580799,0.0,0.0,0.4636133015155792,0.15634135901927948,,,,,,,,,,,,,,,,
54,0.0024033156223595142,-0.024812432006001472,0.0011555013479664922,0.001104690250940621,0.0001431240962119773,0.0,0.0,0.0,0.002649345202371478,0.0,0.0,0.5103291273117065,0.15828533470630646,,,,,,,,,,,,,,,,
55,0.002451719716191292,-0.026330461725592613,0.0011691913241520524,0.0011419495567679405,0.00014057884982321411,0.0,0.0,0.0,0.003031759290024638,0.0,0.0,0.5557361841201782,0.1600576937198639,,,,,,,,,,,,,,,,
56,0.0024542941246181726,-0.02639688365161419,0.0011952806962653995,0.0011240107705816627,0.00013500255590770394,0.0,0.0,0.0,0.0028940350748598576,0.0,0.0,0.6030184626579285,0.16168314218521118,,,,,,,,,,,,,,,,
57,0.002240524161607027,-0.029900936409831047,0.0010760994628071785,0.0010322764283046126,0.0001321480522165075,0.0,0.0,0.0,0.0030120043084025383,0.0,0.0,0.6386769413948059,0.16289566457271576,,,,,,,,,,,,,,,,
58,0.0021987350191920996,-0.03092476911842823,0.001046565012075007,0.0010225644800812006,0.0001296054688282311,0.0,0.0,0.0,0.003122759284451604,0.0,0.0,0.6871885061264038,0.16442789137363434,,,,,,,,,,,,,,,,
59,0.002259972272440791,-0.03321413695812225,0.0010697237448766828,0.001066623954102397,0.00012362444249447435,0.0,0.0,0.0,0.003071445506066084,0.0,0.0,0.7247531414031982,0.16542862355709076,,,,,,,,,,,,,,,,
60,0.0021627063397318125,-0.03444014862179756,0.0010200937977060676,0.0010161782847717404,0.00012643428635783494,0.0,0.0,0.0,0.0032108009327203035,0.0,0.0,0.7668368816375732,0.1664554625749588,,,,,,,,,,,,,,,,
61,0.0022068116813898087,-0.03378010541200638,0.0010413770796731114,0.0010477289324626327,0.00011770556739065796,0.0,0.0,0.0,0.0029278506990522146,0.0,0.0,0.7966368198394775,0.1673077493906021,,,,,,,,,,,,,,,,
62,0.0021502156741917133,-0.03791196644306183,0.001014557434245944,0.001022396027110517,0.00011326232925057411,0.0,0.0,0.0,0.002982736099511385,0.0,0.0,0.8252393007278442,0.1680150181055069,,,,,,,,,,,,,,,,
63,0.002094688592478633,-0.0375317744910717,0.0009921726305037737,0.0009848254267126322,0.00011769046977860853,0.0,0.0,0.0,0.0034141100477427244,0.0,0.0,0.8481491208076477,0.1687285602092743,,,,,,,,,,,,,,,,
64,0.0021200000774115324,-0.03790302202105522,0.0010183356935158372,0.0009965181816369295,0.00010514618770685047,0.0,0.0,0.0,0.002940558362752199,0.0,0.0,0.8697783946990967,0.16915296018123627,,,,,,,,,,,,,,,,
65,0.002042740350589156,-0.03918926417827606,0.0009632926085032523,0.0009782016277313232,0.0001012461434584111,0.0,0.0,0.0,0.003243215847760439,0.0,0.0,0.8852911591529846,0.16954274475574493,,,,,,,,,,,,,,,,
66,0.002010318683460355,-0.03874834254384041,0.000973541522398591,0.0009358969400636852,0.00010088023554999381,0.0,0.0,0.0,0.002929638372734189,0.0,0.0,0.8916146755218506,0.16985085606575012,,,,,,,,,,,,,,,,
67,0.002048667287454009,-0.04112594202160835,0.0009778700768947601,0.0009693704778328538,0.00010142662358703092,0.0,0.0,0.0,0.002608619164675474,0.0,0.0,0.9039526581764221,0.17007958889007568,,,,,,,,,,,,,,,,
68,0.0019568693824112415,-0.04160584509372711,0.000927916553337127,0.0009327312000095844,9.622163634048775e-05,0.0,0.0,0.0,0.0022776881232857704,0.0,0.0,0.9013864398002625,0.17015397548675537,,,,,,,,,,,,,,,,
69,0.0019326050532981753,-0.04164531081914902,0.0009263817337341607,0.0009154700092040002,9.07532885321416e-05,0.0,0.0,0.0,0.0028334599919617176,0.0,0.0,0.8997108340263367,0.17036321759223938,,,,,,,,,,,,,,,,
70,0.001929163234308362,-0.04337708279490471,0.0009302051621489227,0.0009057679562829435,9.319013770436868e-05,0.0,0.0,0.0,0.0024195408914238214,0.0,0.0,0.8959740996360779,0.17042206227779388,,,,,,,,,,,,,,,,
71,0.001899141469039023,-0.04434893652796745,0.0009189406409859657,0.0008850054582580924,9.519536251900718e-05,0.0,0.0,0.0,0.0024036040995270014,0.0,0.0,0.8876071572303772,0.17038367688655853,,,,,,,,,,,,,,,,
72,0.0018488274654373527,-0.04607806354761124,0.0008887122967280447,0.000873079348821193,8.703579806024209e-05,0.0,0.0,0.0,0.0023079048842191696,0.0,0.0,0.8826500177383423,0.1703912913799286,,,,,,,,,,,,,,,,
73,0.0019026470836251974,-0.04841379076242447,0.0009150525438599288,0.0009055144619196653,8.208000508602709e-05,0.0,0.0,0.0,0.002284038346260786,0.0,0.0,0.8585855960845947,0.17016561329364777,,,,,,,,,,,,,,,,
74,0.0017994154477491975,-0.048880528658628464,0.000874424644280225,0.0008483114652335644,7.667941827094182e-05,0.0,0.0,0.0,0.0017675805138424039,0.0,0.0,0.8500871658325195,0.17015372216701508,,,,,,,,,,,,,,,,
75,0.0018906390760093927,-0.04897891730070114,0.0009226513211615384,0.0008891713223420084,7.881638157414272e-05,0.0,0.0,0.0,0.001803167280741036,0.0,0.0,0.8321490287780762,0.1698964685201645,,,,,,,,,,,,,,,,
76,0.0018105244962498546,-0.05079455301165581,0.000862555461935699,0.0008713543647900224,7.661469135200605e-05,0.0,0.0,0.0,0.0016710354248061776,0.0,0.0,0.8168186545372009,0.16980323195457458,,,,,,,,,,,,,,,,
77,0.001821170561015606,-0.04952699691057205,0.0009087256621569395,0.0008320746710523963,8.03702132543549e-05,0.0,0.0,0.0,0.0018354414496570826,0.0,0.0,0.8021326065063477,0.16945253312587738,,,,,,,,,,,,,,,,
78,0.0017216270789504051,-0.05116983875632286,0.000840230321045965,0.0008066578884609044,7.473884761566296e-05,0.0,0.0,0.0,0.0017815238097682595,0.0,0.0,0.78636634349823,0.1691838800907135,,,,,,,,,,,,,,,,
79,0.001829445594921708,-0.050562601536512375,0.0008791374275460839,0.0008724342915229499,7.787387585267425e-05,0.0,0.0,0.0,0.001736225327476859,0.0,0.0,0.7701918482780457,0.16912856698036194,,,,,,,,,,,,,,,,
80,0.0017482494004070759,-0.0519283190369606,0.0008326445822604001,0.0008474797359667718,6.812508217990398e-05,0.0,0.0,0.0,0.0019082514336332679,0.0,0.0,0.7568318247795105,0.16889247298240662,,,,,,,,,,,,,,,,
81,0.001739340485073626,-0.0520334355533123,0.0008773156441748142,0.0007889237022027373,7.310118962777779e-05,0.0,0.0,0.0,0.0018371065380051732,0.0,0.0,0.7364274859428406,0.16858071088790894,,,,,,,,,,,,,,,,
82,0.0017268668161705136,-0.05509299039840698,0.0008361878572031856,0.000821113761048764,6.956524157430977e-05,0.0,0.0,0.0,0.0019901355262845755,0.0,0.0,0.7327194213867188,0.16858859360218048,,,,,,,,,,,,,,,,
83,0.001682201400399208,-0.0549774095416069,0.0008325324743054807,0.0007830418762750924,6.66270570945926e-05,0.0,0.0,0.0,0.0015068775974214077,0.0,0.0,0.7195221185684204,0.16841010749340057,,,,,,,,,,,,,,,,
84,0.0017225609626621008,-0.05716861039400101,0.0008384229731746018,0.0008196303970180452,6.450765067711473e-05,0.0,0.0,0.0,0.001898405491374433,0.0,0.0,0.7147117853164673,0.16833090782165527,,,,,,,,,,,,,,,,
85,0.001612287131138146,-0.05955848470330238,0.000777316396124661,0.0007704992895014584,6.44714236841537e-05,0.0,0.0,0.0,0.0018839852418750525,0.0,0.0,0.7125672101974487,0.1683495044708252,,,,,,,,,,,,,,,,
86,0.0016705733723938465,-0.059429410845041275,0.0008112180512398481,0.0007989323348738253,6.04230554017704e-05,0.0,0.0,0.0,0.0019352391827851534,0.0,0.0,0.6994138956069946,0.16823233664035797,,,,,,,,,,,,,,,,
87,0.0016604941338300705,-0.06223946809768677,0.0008070634794421494,0.0007908702245913446,6.256039341678843e-05,0.0,0.0,0.0,0.002196394605562091,0.0,0.0,0.6929244995117188,0.1681361198425293,,,,,,,,,,,,,,,,
88,0.0016537931514903903,-0.061456408351659775,0.0008159429999068379,0.0007791346870362759,5.871544635738246e-05,0.0,0.0,0.0,0.0019615290220826864,0.0,0.0,0.6917368769645691,0.16822941601276398,,,,,,,,,,,,,,,,
89,0.0016262682620435953,-0.06112400442361832,0.0008059891406446695,0.0007616630755364895,5.861607860424556e-05,0.0,0.0,0.0,0.001964338356629014,0.0,0.0,0.6981217265129089,0.16834868490695953,,,,,,,,,,,,,,,,
90,0.0016048428369686007,-0.061936479061841965,0.0007820212049409747,0.0007650147308595479,5.7806861150311306e-05,0.0,0.0,0.0,0.002034147037193179,0.0,0.0,0.6971951723098755,0.16836506128311157,,,,,,,,,,,,,,,,
91,0.0016242676647379994,-0.06220749765634537,0.000785806798376143,0.0007840633625164628,5.439755477709696e-05,0.0,0.0,0.0,0.0019787894561886787,0.0,0.0,0.7004637718200684,0.16855116188526154,,,,,,,,,,,,,,,,
92,0.001602265750989318,-0.0647876188158989,0.0007988463621586561,0.0007478941697627306,5.552527727559209e-05,0.0,0.0,0.0,0.001928927842527628,0.0,0.0,0.7009661793708801,0.1687089055776596,,,,,,,,,,,,,,,,
93,0.0014838065253570676,-0.06455066055059433,0.0007199507090263069,0.0007079741335473955,5.5881700973259285e-05,0.0,0.0,0.0,0.0016724379966035485,0.0,0.0,0.6998376846313477,0.16875280439853668,,,,,,,,,,,,,,,,
94,0.001549348933622241,-0.06636179238557816,0.0007463872316293418,0.0007483139634132385,5.464768037199974e-05,0.0,0.0,0.0,0.0019589681178331375,0.0,0.0,0.707244336605072,0.16915470361709595,,,,,,,,,,,,,,,,
95,0.0015577309532091022,-0.0680508017539978,0.0007498727063648403,0.0007532598683610559,5.459845851873979e-05,0.0,0.0,0.0,0.0020822607912123203,0.0,0.0,0.7174699306488037,0.16928516328334808,,,,,,,,,,,,,,,,
96,0.0015295015182346106,-0.06648047268390656,0.0007446297677233815,0.0007324539474211633,5.2417817641980946e-05,0.0,0.0,0.0,0.0019507836550474167,0.0,0.0,0.7165888547897339,0.169429749250412,,,,,,,,,,,,,,,,
97,0.0014672032557427883,-0.06924886256456375,0.0006897945422679186,0.0007247186731547117,5.2690091251861304e-05,0.0,0.0,0.0,0.0018813835922628641,0.0,0.0,0.7233213186264038,0.16961003839969635,,,,,,,,,,,,,,,,
98,0.0014428418362513185,-0.06982089579105377,0.0006991767440922558,0.000696624512784183,4.704056118498556e-05,0.0,0.0,0.0,0.0017142947763204575,0.0,0.0,0.7363511323928833,0.16995389759540558,,,,,,,,,,,,,,,,
99,0.0014439751394093037,-0.07104779779911041,0.0007045140955597162,0.0006916432757861912,4.781787720276043e-05,0.0,0.0,0.0,0.0015760967507958412,0.0,0.0,0.7374078035354614,0.16990482807159424,,,,,,,,,,,,,,,,
100,0.0014982034917920828,-0.07155284285545349,0.0007128629949875176,0.0007382946205325425,4.704583989223465e-05,0.0,0.0,0.0,0.0017956729279831052,0.0,0.0,0.748845100402832,0.17035870254039764,,,,,,,,,,,,,,,,
101,0.0015256426995620131,-0.0724760890007019,0.0007327146013267338,0.0007499285857193172,4.299953070585616e-05,0.0,0.0,0.0,0.0014896681532263756,0.0,0.0,0.7461786270141602,0.17035208642482758,,,,,,,,,,,,,,,,
102,0.0015209900448098779,-0.0747639536857605,0.0007480893400497735,0.0007259249105118215,4.6975797886261716e-05,0.0,0.0,0.0,0.001502885133959353,0.0,0.0,0.7500928044319153,0.17044779658317566,,,,,,,,,,,,,,,,
103,0.0014241862809285522,-0.07304254919290543,0.0007092482410371304,0.0006709222216159105,4.401579644763842e-05,0.0,0.0,0.0,0.001450718380510807,0.0,0.0,0.7543666958808899,0.17062662541866302,,,,,,,,,,,,,,,,
104,0.0014598967973142862,-0.07378775626420975,0.0007035151938907802,0.000711781089194119,4.4600565161090344e-05,0.0,0.0,0.0,0.0014105858281254768,0.0,0.0,0.769025444984436,0.17086930572986603,,,,,,,,,,,,,,,,
105,0.001502264174632728,-0.07461117953062057,0.0007460539927706122,0.0007146223797462881,4.1587820305721834e-05,0.0,0.0,0.0,0.0013624383136630058,0.0,0.0,0.764012336730957,0.17078322172164917,,,,,,,,,,,,,,,,
106,0.0014780807541683316,-0.07605595141649246,0.0007491274154745042,0.0006881903391331434,4.076295590493828e-05,0.0,0.0,0.0,0.0015037672128528357,0.0,0.0,0.7752690315246582,0.17107197642326355,,,,,,,,,,,,,,,,
107,0.0014265122590586543,-0.07642665505409241,0.000707973085809499,0.0006741579854860902,4.4381169573171064e-05,0.0,0.0,0.0,0.0015233062440529466,0.0,0.0,0.7686520218849182,0.17107342183589935,,,,,,,,,,,,,,,,
108,0.001419447478838265,-0.07896944880485535,0.0007034768350422382,0.000675638613756746,4.0331979107577354e-05,0.0,0.0,0.0,0.0015598961617797613,0.0,0.0,0.7665321230888367,0.1708289086818695,,,,,,,,,,,,,,,,
109,0.0014410798903554678,-0.07901034504175186,0.0007000651676207781,0.0007012910791672766,3.972368358517997e-05,0.0,0.0,0.0,0.0011017140932381153,0.0,0.0,0.7656739354133606,0.17089129984378815,,,,,,,,,,,,,,,,
110,0.0014593621017411351,-0.08001530170440674,0.0007148350705392659,0.0007068937411531806,3.763328641070984e-05,0.0,0.0,0.0,0.0012742255348712206,0.0,0.0,0.7614623308181763,0.17082680761814117,,,,,,,,,,,,,,,,
111,0.001472396426834166,-0.08152170479297638,0.0007317797280848026,0.0007016175077296793,3.899928560713306e-05,0.0,0.0,0.0,0.0012871538056060672,0.0,0.0,0.7600083947181702,0.17081809043884277,,,,,,,,,,,,,,,,
112,0.0014502352569252253,-0.0823410227894783,0.0007292904774658382,0.0006849183700978756,3.6026387533638626e-05,0.0,0.0,0.0,0.0013383410405367613,0.0,0.0,0.7616394758224487,0.17090697586536407,,,,,,,,,,,,,,,,
113,0.0013691158965229988,-0.08230867236852646,0.0006853232043795288,0.0006425139727070928,4.127881766180508e-05,0.0,0.0,0.0,0.0012237806804478168,0.0,0.0,0.7583339810371399,0.17070074379444122,,,,,,,,,,,,,,,,
114,0.001433677040040493,-0.0829457938671112,0.0007224507862702012,0.0006757078226655722,3.551848203642294e-05,0.0,0.0,0.0,0.0011937011731788516,0.0,0.0,0.745952308177948,0.17057013511657715,,,,,,,,,,,,,,,,
115,0.0013932898873463273,-0.08487608283758163,0.0006661322549916804,0.0006936239660717547,3.353371357661672e-05,0.0,0.0,0.0,0.0013659115647897124,0.0,0.0,0.7496485710144043,0.17053896188735962,,,,,,,,,,,,,,,,
116,0.001364901545457542,-0.08452190458774567,0.0006796303205192089,0.000650017405860126,3.5253797250334173e-05,0.0,0.0,0.0,0.0011832513846457005,0.0,0.0,0.7489100694656372,0.17063839733600616,,,,,,,,,,,,,,,,
117,0.0013175543863326311,-0.08577263355255127,0.0006599738844670355,0.0006219876813702285,3.559284232323989e-05,0.0,0.0,0.0,0.0010810118401423097,0.0,0.0,0.7450167536735535,0.1705373376607895,,,,,,,,,,,,,,,,
118,0.001355104730464518,-0.08359156548976898,0.000667202693875879,0.000653283204883337,3.461879168753512e-05,0.0,0.0,0.0,0.0012615586165338755,0.0,0.0,0.7514819502830505,0.1705177128314972,,,,,,,,,,,,,,,,
119,0.001414896221831441,-0.08684005588293076,0.0006936269346624613,0.0006889858050271869,3.2283493055729195e-05,0.0,0.0,0.0,0.0011378508061170578,0.0,0.0,0.7456107139587402,0.17046742141246796,,,,,,,,,,,,,,,,
120,0.0013123095268383622,-0.08719348162412643,0.000646133441478014,0.000636087788734585,3.0088356652413495e-05,0.0,0.0,0.0,0.0010081417858600616,0.0,0.0,0.746288537979126,0.17044973373413086,,,,,,,,,,,,,,,,
121,0.001343791838735342,-0.08936097472906113,0.0006694247131235898,0.0006419476703740656,3.241940066800453e-05,0.0,0.0,0.0,0.0010081517975777388,0.0,0.0,0.7479832768440247,0.17049863934516907,,,,,,,,,,,,,,,,
122,0.0013568447902798653,-0.09077680855989456,0.0006841221475042403,0.0006429239292629063,2.9798737159580924e-05,0.0,0.0,0.0,0.001310108695179224,0.0,0.0,0.7453117966651917,0.17046095430850983,,,,,,,,,,,,,,,,
123,0.0013094289461150765,-0.09170721471309662,0.0006381258135661483,0.0006401889258995652,3.111421756329946e-05,0.0,0.0,0.0,0.0013584878761321306,0.0,0.0,0.742507815361023,0.1704368144273758,,,,,,,,,,,,,,,,
124,0.0013229241594672203,-0.08980012685060501,0.000632662617135793,0.0006594808655790985,3.0780709494138137e-05,0.0,0.0,0.0,0.0013999053044244647,0.0,0.0,0.7442586421966553,0.170447438955307,,,,,,,,,,,,,,,,
125,0.0013065654784440994,-0.0922587513923645,0.0006550279795192182,0.0006216531037352979,2.988438427564688e-05,0.0,0.0,0.0,0.001004753983579576,0.0,0.0,0.7458775639533997,0.17034903168678284,,,,,,,,,,,,,,,,
126,0.0013058119220659137,-0.09446847438812256,0.0006476456765085459,0.0006282801041379571,2.988611231558025e-05,0.0,0.0,0.0,0.00124027905985713,0.0,0.0,0.7408186197280884,0.17028667032718658,,,,,,,,,,,,,,,,
127,0.0012690318981185555,-0.0932852253317833,0.0006363697466440499,0.000603674678131938,2.8987475161557086e-05,0.0,0.0,0.0,0.0013407127698883414,0.0,0.0,0.7537798881530762,0.17065821588039398,,,,,,,,,,,,,,,,
128,0.001274926238693297,-0.09428519010543823,0.0006309568416327238,0.0006156231393106282,2.8346325052552857e-05,0.0,0.0,0.0,0.0012524127960205078,0.0,0.0,0.7566705346107483,0.1707712858915329,,,,,,,,,,,,,,,,
129,0.001256349147297442,-0.09460850059986115,0.0006506078061647713,0.0005803052335977554,2.5436127543798648e-05,0.0,0.0,0.0,0.001173124648630619,0.0,0.0,0.7522169351577759,0.17058761417865753,,,,,,,,,,,,,,,,
130,0.001272304099984467,-0.09721481055021286,0.0006210868014022708,0.0006234801257960498,2.7737220079870895e-05,0.0,0.0,0.0,0.0012723461259156466,0.0,0.0,0.7573598027229309,0.1707800030708313,,,,,,,,,,,,,,,,
131,0.0012883695308119059,-0.09737977385520935,0.0006454394897446036,0.0006174638401716948,2.5466191800660454e-05,0.0,0.0,0.0,0.001245154649950564,0.0,0.0,0.748384952545166,0.17068147659301758,,,,,,,,,,,,,,,,
132,0.001249993802048266,-0.0980186015367508,0.0006157407769933343,0.0006067121285013855,2.7540965675143525e-05,0.0,0.0,0.0,0.0011666349601000547,0.0,0.0,0.7561829686164856,0.17067059874534607,,,,,,,,,,,,,,,,
133,0.0012420782586559653,-0.09788362681865692,0.0006230170256458223,0.0005894681089557707,2.959313314931933e-05,0.0,0.0,0.0,0.0011205236660316586,0.0,0.0,0.7525070309638977,0.1705736219882965,,,,,,,,,,,,,,,,
134,0.0012637616600841284,-0.09990543872117996,0.0006421604193747044,0.0005970905185677111,2.4510834919055924e-05,0.0,0.0,0.0,0.0009450024808757007,0.0,0.0,0.7619253396987915,0.17088958621025085,,,,,,,,,,,,,,,,
135,0.0012627597898244858,-0.10101857036352158,0.0006379140540957451,0.0005999067798256874,2.493899955879897e-05,0.0,0.0,0.0,0.0010243041906505823,0.0,0.0,0.7501714825630188,0.17064647376537323,,,,,,,,,,,,,,,,
136,0.0011880790116265416,-0.1022479459643364,0.0005979504203423858,0.0005633745458908379,2.6753945348900743e-05,0.0,0.0,0.0,0.0009300297242589295,0.0,0.0,0.7602682113647461,0.17095735669136047,,,,,,,,,,,,,,,,
137,0.0012078133877366781,-0.10142211616039276,0.000601541600190103,0.0005850176094099879,2.125421269738581e-05,0.0,0.0,0.0,0.0008738450123928487,0.0,0.0,0.7621874809265137,0.17097273468971252,,,,,,,,,,,,,,,,
138,0.0012639479245990515,-0.10391640663146973,0.0006480418960563838,0.0005922450800426304,2.3660930310143158e-05,0.0,0.0,0.0,0.0010268274927511811,0.0,0.0,0.7625705003738403,0.17085658013820648,,,,,,,,,,,,,,,,
139,0.0011944337747991085,-0.10451269894838333,0.000597181380726397,0.000573757744859904,2.3494714696425945e-05,0.0,0.0,0.0,0.0007514054886996746,0.0,0.0,0.7560415267944336,0.17082761228084564,,,,,,,,,,,,,,,,
140,0.0011894856579601765,-0.10380738973617554,0.0005988484481349587,0.0005683955387212336,2.2241649276111275e-05,0.0,0.0,0.0,0.0007460180204361677,0.0,0.0,0.7491984367370605,0.1708047240972519,,,,,,,,,,,,,,,,
141,0.001183345797471702,-0.10516270995140076,0.0005960142589174211,0.0005660770111717284,2.1254492821753956e-05,0.0,0.0,0.0,0.0008232711697928607,0.0,0.0,0.7534362077713013,0.170802503824234,,,,,,,,,,,,,,,,
142,0.0012980863684788346,-0.10520236939191818,0.0006492594839073718,0.0006264098337851465,2.2417034415411763e-05,0.0,0.0,0.0,0.0007757589919492602,0.0,0.0,0.7521083950996399,0.17077888548374176,,,,,,,,,,,,,,,,
143,0.001251148758456111,-0.10604391247034073,0.0006259970832616091,0.0006024821195751429,2.266951196361333e-05,0.0,0.0,0.0,0.0009159417822957039,0.0,0.0,0.7524582743644714,0.17078429460525513,,,,,,,,,,,,,,,,
144,0.0012130391551181674,-0.10819374769926071,0.0005990134086459875,0.0005927153397351503,2.1310388547135517e-05,0.0,0.0,0.0,0.0007603095145896077,0.0,0.0,0.7509204745292664,0.17084413766860962,,,,,,,,,,,,,,,,
145,0.0011997674591839314,-0.10800637304782867,0.0005977174150757492,0.0005817631026729941,2.0286941435188055e-05,0.0,0.0,0.0,0.0007841651677154005,0.0,0.0,0.7556616067886353,0.17092078924179077,,,,,,,,,,,,,,,,
146,0.0011901222169399261,-0.10918016731739044,0.0005867559812031686,0.000582012115046382,2.1354011551011354e-05,0.0,0.0,0.0,0.0008831222075968981,0.0,0.0,0.7535845041275024,0.1708286553621292,,,,,,,,,,,,,,,,
147,0.0010925069218501449,-0.10950294137001038,0.0005402903188951313,0.000530518067535013,2.1698515411117114e-05,0.0,0.0,0.0,0.0008368109120056033,0.0,0.0,0.751154363155365,0.17080530524253845,,,,,,,,,,,,,,,,
148,0.0011442708782851696,-0.11128808557987213,0.0005659747403115034,0.0005563683225773275,2.1927788111497648e-05,0.0,0.0,0.0,0.0007103742682375014,0.0,0.0,0.7461627721786499,0.1706770658493042,,,,,,,,,,,,,,,,
149,0.0011615966213867068,-0.11085663735866547,0.0005848919972777367,0.0005572197260335088,1.9484881704556756e-05,0.0,0.0,0.0,0.0007234585355035961,0.0,0.0,0.7522504329681396,0.17087070643901825,,,,,,,,,,,,,,,,
150,0.0011347318068146706,-0.11280588805675507,0.0005679202731698751,0.0005473005003295839,1.9510998754412867e-05,0.0,0.0,0.0,0.0007447852985933423,0.0,0.0,0.7406997084617615,0.1706918179988861,,,,,,,,,,,,,,,,
151,0.0011748021934181452,-0.11365798115730286,0.0005906529258936644,0.0005636824644170702,2.0466748537728563e-05,0.0,0.0,0.0,0.0009543347405269742,0.0,0.0,0.7517463564872742,0.170861154794693,,,,,,,,,,,,,,,,
152,0.0011739397887140512,-0.11216045916080475,0.0005958960973657668,0.0005594107788056135,1.8632943465490825e-05,0.0,0.0,0.0,0.0007664732402190566,0.0,0.0,0.7403465509414673,0.17049537599086761,,,,,,,,,,,,,,,,
153,0.0011440333910286427,-0.11254630982875824,0.000577595317736268,0.0005472963093779981,1.9141649318044074e-05,0.0,0.0,0.0,0.0008608223870396614,0.0,0.0,0.7506167888641357,0.17079733312129974,,,,,,,,,,,,,,,,
154,0.0011797620682045817,-0.11451277136802673,0.0006029189680702984,0.0005586515180766582,1.8191622075391933e-05,0.0,0.0,0.0,0.0007370319799520075,0.0,0.0,0.7570769786834717,0.17098771035671234,,,,,,,,,,,,,,,,
155,0.0011866820277646184,-0.11672943830490112,0.0006109945825301111,0.0005550381611101329,2.0649291400332004e-05,0.0,0.0,0.0,0.0008296796586364508,0.0,0.0,0.7531763911247253,0.17091712355613708,,,,,,,,,,,,,,,,
156,0.001133402925916016,-0.11785897612571716,0.0005624425248242915,0.0005539192352443933,1.704119858914055e-05,0.0,0.0,0.0,0.0009402739233337343,0.0,0.0,0.7560010552406311,0.17096726596355438,,,,,,,,,,,,,,,,
157,0.0011582205770537257,-0.11927516013383865,0.0005800740327686071,0.0005604668403975666,1.7679700249573216e-05,0.0,0.0,0.0,0.0008687145309522748,0.0,0.0,0.7515098452568054,0.17084121704101562,,,,,,,,,,,,,,,,
158,0.0011477196821942925,-0.11943146586418152,0.0005767993861809373,0.0005539575940929353,1.696275285212323e-05,0.0,0.0,0.0,0.0007972790044732392,0.0,0.0,0.7507110834121704,0.17078480124473572,,,,,,,,,,,,,,,,
159,0.0011733610881492496,-0.12069699168205261,0.0005892615881748497,0.0005678162560798228,1.628320387681015e-05,0.0,0.0,0.0,0.0006666492554359138,0.0,0.0,0.7484212517738342,0.17071694135665894,,,,,,,,,,,,,,,,
160,0.001131185912527144,-0.12096025049686432,0.0005750213167630136,0.0005392771563492715,1.6887453966774046e-05,0.0,0.0,0.0,0.0006726582651026547,0.0,0.0,0.7467320561408997,0.170657679438591,,,,,,,,,,,,,,,,
161,0.0010722666047513485,-0.12130245566368103,0.0005390411242842674,0.0005170316435396671,1.619380600459408e-05,0.0,0.0,0.0,0.0008480020915158093,0.0,0.0,0.742778480052948,0.1705164611339569,,,,,,,,,,,,,,,,
162,0.0011169560020789504,-0.12094137072563171,0.0005618046852760017,0.0005398921784944832,1.525913285149727e-05,0.0,0.0,0.0,0.0006254735635593534,0.0,0.0,0.741126537322998,0.1704830825328827,,,,,,,,,,,,,,,,
163,0.0011294202413409948,-0.12131369858980179,0.0005743814981542528,0.0005379205686040223,1.711811637505889e-05,0.0,0.0,0.0,0.0008543917792849243,0.0,0.0,0.7382386326789856,0.17047642171382904,,,,,,,,,,,,,,,,
164,0.0011215928243473172,-0.12171751260757446,0.0005748685216531157,0.0005310937995091081,1.5630499547114596e-05,0.0,0.0,0.0,0.0005358235212042928,0.0,0.0,0.7449214458465576,0.17061665654182434,,,,,,,,,,,,,,,,
165,0.0010637887753546238,-0.12201099097728729,0.0005391656304709613,0.0005083553260192275,1.6267837054328993e-05,0.0,0.0,0.0,0.0007903460646048188,0.0,0.0,0.7400525212287903,0.17039014399051666,,,,,,,,,,,,,,,,
166,0.0010689664632081985,-0.12406019866466522,0.0005388706340454519,0.0005146387265995145,1.5457122572115622e-05,0.0,0.0,0.0,0.0007733664242550731,0.0,0.0,0.7366831302642822,0.17036542296409607,,,,,,,,,,,,,,,,
167,0.0010911335702985525,-0.1272864043712616,0.0005538344848901033,0.0005221044993959367,1.519450597697869e-05,0.0,0.0,0.0,0.0007031308487057686,0.0,0.0,0.733580470085144,0.17045921087265015,,,,,,,,,,,,,,,,
168,0.0011136730900034308,-0.12869617342948914,0.000562830944545567,0.000536008388735354,1.4833803106739651e-05,0.0,0.0,0.0,0.0006484382320195436,0.0,0.0,0.7381157875061035,0.17037825286388397,,,,,,,,,,,,,,,,
169,0.0010928076226264238,-0.12785160541534424,0.0005500959232449532,0.000528409902472049,1.4301856936072e-05,0.0,0.0,0.0,0.0007153248880058527,0.0,0.0,0.7445153594017029,0.1706690639257431,,,,,,,,,,,,,,,,
170,0.0010735077084973454,-0.1304716318845749,0.0005494914948940277,0.0005090928170830011,1.4923451999493409e-05,0.0,0.0,0.0,0.0006781156989745796,0.0,0.0,0.738442063331604,0.17038282752037048,,,,,,,,,,,,,,,,
171,0.0010478810872882605,-0.1295146942138672,0.0005182474269531667,0.0005159738939255476,1.3659684555022977e-05,0.0,0.0,0.0,0.00073146732756868,0.0,0.0,0.7434998750686646,0.1705215722322464,,,,,,,,,,,,,,,,
172,0.00110641831997782,-0.1307516247034073,0.0005602624733000994,0.0005316012538969517,1.4554633708030451e-05,0.0,0.0,0.0,0.0005603189929388463,0.0,0.0,0.7465463876724243,0.1704024076461792,,,,,,,,,,,,,,,,
173,0.00102611118927598,-0.12962763011455536,0.0005123887094669044,0.0004985550767742097,1.5167357560130768e-05,0.0,0.0,0.0,0.000816008890978992,0.0,0.0,0.746517539024353,0.17053675651550293,,,,,,,,,,,,,,,,
174,0.0010436255251988769,-0.12948086857795715,0.0005396408378146589,0.0004896094906143844,1.4375188584381249e-05,0.0,0.0,0.0,0.000529218465089798,0.0,0.0,0.7505930066108704,0.1706331968307495,,,,,,,,,,,,,,,,
175,0.0010364564368501306,-0.12940683960914612,0.0005135331302881241,0.0005092108040116727,1.3712463442061562e-05,0.0,0.0,0.0,0.0004512146406341344,0.0,0.0,0.7427113056182861,0.17048047482967377,,,,,,,,,,,,,,,,
176,0.0010966671397909522,-0.13091015815734863,0.00055508321383968,0.0005302215577103198,1.1362352779542562e-05,0.0,0.0,0.0,0.0007447670213878155,0.0,0.0,0.7582274675369263,0.17083190381526947,,,,,,,,,,,,,,,,
177,0.0010160546516999602,-0.13325399160385132,0.0005111353821121156,0.0004898706101812422,1.5048649402160663e-05,0.0,0.0,0.0,0.00044798883027397096,0.0,0.0,0.7460314035415649,0.17051948606967926,,,,,,,,,,,,,,,,
178,0.001035170047543943,-0.1343044638633728,0.0005293363356031477,0.0004919928614981472,1.3840876817994285e-05,0.0,0.0,0.0,0.0005444713169708848,0.0,0.0,0.7484944462776184,0.1705876886844635,,,,,,,,,,,,,,,,
179,0.0010851930128410459,-0.1350659877061844,0.0005607877392321825,0.0005132213118486106,1.1183871720277239e-05,0.0,0.0,0.0,0.0005167513736523688,0.0,0.0,0.752536952495575,0.17063994705677032,,,,,,,,,,,,,,,,
180,0.0010067514376714826,-0.1351056694984436,0.0005131932557560503,0.00048023994895629585,1.3318204764800612e-05,0.0,0.0,0.0,0.0004708243941422552,0.0,0.0,0.7536611557006836,0.17068807780742645,,,,,,,,,,,,,,,,
181,0.0010578702203929424,-0.1364869773387909,0.000536625157110393,0.0005059482646174729,1.529672408651095e-05,0.0,0.0,0.0,0.0004897388280369341,0.0,0.0,0.7530761957168579,0.17064397037029266,,,,,,,,,,,,,,,,
182,0.001086111064068973,-0.1380784809589386,0.0005472363554872572,0.0005240789032541215,1.4795812603551894e-05,0.0,0.0,0.0,0.00043869749060831964,0.0,0.0,0.7529500126838684,0.17081515491008759,,,,,,,,,,,,,,,,
183,0.00102135946508497,-0.13777963817119598,0.000514149316586554,0.0004940155777148902,1.3194611710787285e-05,0.0,0.0,0.0,0.000516507017891854,0.0,0.0,0.7392693758010864,0.17048096656799316,,,,,,,,,,,,,,,,
184,0.0010948156705126166,-0.13852165639400482,0.0005456405342556536,0.0005329560372047126,1.6219053577515297e-05,0.0,0.0,0.0,0.00047371897380799055,0.0,0.0,0.7462930083274841,0.170596182346344,,,,,,,,,,,,,,,,
185,0.001041556242853403,-0.13883113861083984,0.0005369656137190759,0.000491842336487025,1.274833357456373e-05,0.0,0.0,0.0,0.00034927212982438505,0.0,0.0,0.7439443469047546,0.1705123782157898,,,,,,,,,,,,,,,,
186,0.0009853438241407275,-0.13780692219734192,0.0004952031304128468,0.00047857093159109354,1.1569796697585844e-05,0.0,0.0,0.0,0.000567836279515177,0.0,0.0,0.7426201701164246,0.17042860388755798,,,,,,,,,,,,,,,,
187,0.0009640146163292229,-0.1385122537612915,0.00047298360732384026,0.00047844331129454076,1.2587686796905473e-05,0.0,0.0,0.0,0.0003956634318456054,0.0,0.0,0.7381889224052429,0.17036165297031403,,,,,,,,,,,,,,,,
188,0.0010148102883249521,-0.14130257070064545,0.0005229429807513952,0.0004809214442502707,1.0945797839667648e-05,0.0,0.0,0.0,0.0004293576057534665,0.0,0.0,0.7384766340255737,0.1704120934009552,,,,,,,,,,,,,,,,
189,0.0010243495926260948,-0.14254875481128693,0.000525174371432513,0.0004887945833615959,1.0380583262303844e-05,0.0,0.0,0.0,0.00046161256614141166,0.0,0.0,0.7313339710235596,0.17015032470226288,,,,,,,,,,,,,,,,
190,0.0010223917197436094,-0.1446828842163086,0.0005164538160897791,0.0004949676804244518,1.0970234143314883e-05,0.0,0.0,0.0,0.0005653214175254107,0.0,0.0,0.7357838749885559,0.17041967809200287,,,,,,,,,,,,,,,,
191,0.000976581359282136,-0.14445671439170837,0.000509203237015754,0.0004577397194225341,9.638406481826678e-06,0.0,0.0,0.0,0.000529658340383321,0.0,0.0,0.7280585169792175,0.17023801803588867,,,,,,,,,,,,,,,,
192,0.0010215146467089653,-0.1464926153421402,0.0005274031427688897,0.0004842143098358065,9.897175914375111e-06,0.0,0.0,0.0,0.0004043722292408347,0.0,0.0,0.7331016063690186,0.17022542655467987,,,,,,,,,,,,,,,,
193,0.0009642677614465356,-0.1465168446302414,0.0004853930149693042,0.0004688437911681831,1.003094803309068e-05,0.0,0.0,0.0,0.0004791819956153631,0.0,0.0,0.7268512845039368,0.17017830908298492,,,,,,,,,,,,,,,,
194,0.0009992314735427499,-0.1478416621685028,0.0005049058818258345,0.0004840821784455329,1.0243395081488416e-05,0.0,0.0,0.0,0.0005799549981020391,0.0,0.0,0.7249290347099304,0.1699896603822708,,,,,,,,,,,,,,,,
195,0.000998046132735908,-0.14589770138263702,0.000507995777297765,0.0004797130241058767,1.0337311323382892e-05,0.0,0.0,0.0,0.0003568126121535897,0.0,0.0,0.7361465096473694,0.17045213282108307,,,,,,,,,,,,,,,,
196,0.000997044495306909,-0.14626625180244446,0.0005142755690030754,0.0004724467289634049,1.0322248272132128e-05,0.0,0.0,0.0,0.00036096031544730067,0.0,0.0,0.7277697324752808,0.17015716433525085,,,,,,,,,,,,,,,,
197,0.0009252794552594423,-0.14602941274642944,0.00045943158329464495,0.0004559262015391141,9.92169589153491e-06,0.0,0.0,0.0,0.0004002655332442373,0.0,0.0,0.733069121837616,0.1703236699104309,,,,,,,,,,,,,,,,
198,0.000980911310762167,-0.1451621949672699,0.00047930164146237075,0.0004924263339489698,9.183341717289295e-06,0.0,0.0,0.0,0.0004582494730129838,0.0,0.0,0.7310338020324707,0.17027170956134796,,,,,,,,,,,,,,,,
199,0.0009740497916936874,-0.1473059058189392,0.0005018503870815039,0.0004629341419786215,9.265267181035597e-06,0.0,0.0,0.0,0.0004653783980756998,0.0,0.0,0.7376531362533569,0.17036229372024536,,,,,,,,,,,,,,,,
200,0.0009980942122638226,-0.15029287338256836,0.0005091414786875248,0.00048051972407847643,8.4330449681147e-06,0.0,0.0,0.0,0.0004762201278936118,0.0,0.0,0.7369474768638611,0.17035268247127533,,,,,,,,,,,,,,,,
201,0.0009407751495018601,-0.15057793259620667,0.0004755691916216165,0.00045552823576144874,9.677695743448567e-06,0.0,0.0,0.0,0.000610035436693579,0.0,0.0,0.7442572116851807,0.17052599787712097,,,,,,,,,,,,,,,,
202,0.0010246926685795188,-0.1514725387096405,0.0005146775511093438,0.0005008528823964298,9.162262358586304e-06,0.0,0.0,0.0,0.0005046475562267005,0.0,0.0,0.7458692193031311,0.17062030732631683,,,,,,,,,,,,,,,,
203,0.000917102093808353,-0.15244971215724945,0.0004652733914554119,0.0004430367553140968,8.791929758444894e-06,0.0,0.0,0.0,0.00044110306771472096,0.0,0.0,0.7350105047225952,0.17037642002105713,,,,,,,,,,,,,,,,
204,0.0010133303003385663,-0.1536158174276352,0.000527006690390408,0.00047840882325544953,7.914745765447151e-06,0.0,0.0,0.0,0.0004450153501238674,0.0,0.0,0.7363343834877014,0.17030593752861023,,,,,,,,,,,,,,,,
205,0.0009243277600035071,-0.15328814089298248,0.00047200420522131026,0.000443624216131866,8.69937412062427e-06,0.0,0.0,0.0,0.000312473886879161,0.0,0.0,0.7325907945632935,0.17016224563121796,,,,,,,,,,,,,,,,
206,0.0009585748775862157,-0.15449999272823334,0.0004929563729092479,0.00045737382606603205,8.244723176176194e-06,0.0,0.0,0.0,0.0003557683667168021,0.0,0.0,0.7394011616706848,0.17031757533550262,,,,,,,,,,,,,,,,
207,0.00097757950425148,-0.1554087996482849,0.0005006262799724936,0.00046813569497317076,8.817544767225627e-06,0.0,0.0,0.0,0.00044649513438344,0.0,0.0,0.7326379418373108,0.1702880561351776,,,,,,,,,,,,,,,,
208,0.0009494236437603831,-0.15792465209960938,0.0004989276058040559,0.00044236562098376453,8.130461537803058e-06,0.0,0.0,0.0,0.00036829750752076507,0.0,0.0,0.7302191257476807,0.1701819747686386,,,,,,,,,,,,,,,,
209,0.0009555199067108333,-0.1573643684387207,0.00048200032324530184,0.00046636685146950185,7.15276019036537e-06,0.0,0.0,0.0,0.00038578594103455544,0.0,0.0,0.7289795279502869,0.1701393723487854,,,,,,,,,,,,,,,,
210,0.0009464227478019893,-0.15813276171684265,0.0004811956896446645,0.0004569952143356204,8.231858373619616e-06,0.0,0.0,0.0,0.00045106696779839694,0.0,0.0,0.7331019639968872,0.1703098565340042,,,,,,,,,,,,,,,,
211,0.000916703138500452,-0.15843413770198822,0.00048549383063800633,0.00042216514702886343,9.044218131748494e-06,0.0,0.0,0.0,0.0003383318253327161,0.0,0.0,0.7332727909088135,0.17032182216644287,,,,,,,,,,,,,,,,
212,0.000915735203307122,-0.15621069073677063,0.0004657274985220283,0.000442043092334643,7.964612450450659e-06,0.0,0.0,0.0,0.00034450506791472435,0.0,0.0,0.7349269390106201,0.17026761174201965,,,,,,,,,,,,,,,,
213,0.0009064461337402463,-0.15855064988136292,0.0004506785189732909,0.0004480474744923413,7.720141184108797e-06,0.0,0.0,0.0,0.0003744994755834341,0.0,0.0,0.724118709564209,0.16996385157108307,,,,,,,,,,,,,,,,
214,0.0008777009206824005,-0.15764585137367249,0.0004502191150095314,0.00042036958620883524,7.112199455150403e-06,0.0,0.0,0.0,0.000457230256870389,0.0,0.0,0.7257062792778015,0.17009903490543365,,,,,,,,,,,,,,,,
215,0.0008869017474353313,-0.16001366078853607,0.00044897300540469587,0.0004308664065320045,7.062333679641597e-06,0.0,0.0,0.0,0.0003052365209441632,0.0,0.0,0.7253876328468323,0.17002199590206146,,,,,,,,,,,,,,,,
216,0.0009271721937693655,-0.16183510422706604,0.0004638307145796716,0.00045591415255330503,7.427333457599161e-06,0.0,0.0,0.0,0.000337331963237375,0.0,0.0,0.7261028289794922,0.17006905376911163,,,,,,,,,,,,,,,,
217,0.0009576099109835923,-0.1629360467195511,0.0004926658584736288,0.0004581716493703425,6.772427241230616e-06,0.0,0.0,0.0,0.0002611884556245059,0.0,0.0,0.7159176468849182,0.16986070573329926,,,,,,,,,,,,,,,,
218,0.000879731378518045,-0.16276419162750244,0.00044437378528527915,0.0004288264608476311,6.531147391797276e-06,0.0,0.0,0.0,0.00036112446105107665,0.0,0.0,0.7218585014343262,0.17001581192016602,,,,,,,,,,,,,,,,
219,0.0008375479374080896,-0.1640140265226364,0.00043564350926317275,0.00039602754986844957,5.8768896451510955e-06,0.0,0.0,0.0,0.00041254679672420025,0.0,0.0,0.7184962034225464,0.16983312368392944,,,,,,,,,,,,,,,,
220,0.0009007035405375063,-0.16165798902511597,0.0004650485934689641,0.00042887890595011413,6.776032478228444e-06,0.0,0.0,0.0,0.0005097523098811507,0.0,0.0,0.718130350112915,0.16994203627109528,,,,,,,,,,,,,,,,
221,0.000899840029887855,-0.162113219499588,0.00045789245632477105,0.0004348282818682492,7.119288966350723e-06,0.0,0.0,0.0,0.0003709204902406782,0.0,0.0,0.7121165990829468,0.16980691254138947,,,,,,,,,,,,,,,,
222,0.000892096315510571,-0.16502942144870758,0.0004484702949412167,0.00043731156620197,6.314506208582316e-06,0.0,0.0,0.0,0.0005347599508240819,0.0,0.0,0.7193379998207092,0.16992886364459991,,,,,,,,,,,,,,,,
223,0.000931057904381305,-0.16635674238204956,0.00047654513036832213,0.00044564410927705467,8.868703844200354e-06,0.0,0.0,0.0,0.0004824321949854493,0.0,0.0,0.7178018689155579,0.1699647754430771,,,,,,,,,,,,,,,,
224,0.0008622239693067968,-0.16674460470676422,0.0004376852884888649,0.00041887795669026673,5.660735496348934e-06,0.0,0.0,0.0,0.0005500031402334571,0.0,0.0,0.7186228632926941,0.16989172995090485,,,,,,,,,,,,,,,,
225,0.0008606030605733395,-0.1672312468290329,0.00044159512617625296,0.00041167152812704444,7.3363994488317985e-06,0.0,0.0,0.0,0.00032925151754170656,0.0,0.0,0.7206076383590698,0.16996997594833374,,,,,,,,,,,,,,,,
226,0.0008721006452105939,-0.1692030429840088,0.0004415623552631587,0.0004249446792528033,5.593576588580618e-06,0.0,0.0,0.0,0.0003029964864253998,0.0,0.0,0.7243666052818298,0.17012551426887512,,,,,,,,,,,,,,,,
227,0.0008386841509491205,-0.16856485605239868,0.0004327487840782851,0.0003998705360572785,6.064817625883734e-06,0.0,0.0,0.0,0.00039693096186965704,0.0,0.0,0.726223886013031,0.17010444402694702,,,,,,,,,,,,,,,,
228,0.0008573158993385732,-0.16975359618663788,0.0004320463922340423,0.0004170594329480082,8.210055966628715e-06,0.0,0.0,0.0,0.00036308742710389197,0.0,0.0,0.7274265289306641,0.17007264494895935,,,,,,,,,,,,,,,,
229,0.0008382352534681559,-0.16995039582252502,0.00042405870044603944,0.0004081452789250761,6.031229531799909e-06,0.0,0.0,0.0,0.0003402465954422951,0.0,0.0,0.7315305471420288,0.1701374053955078,,,,,,,,,,,,,,,,
230,0.0008702489431016147,-0.1710497885942459,0.0004466494428925216,0.00041632200009189546,7.277551048900932e-06,0.0,0.0,0.0,0.0003524111525621265,0.0,0.0,0.737216591835022,0.17010918259620667,,,,,,,,,,,,,,,,
231,0.0008149543427862227,-0.17344921827316284,0.0004177324299234897,0.0003914108674507588,5.811043138237437e-06,0.0,0.0,0.0,0.0002891120675485581,0.0,0.0,0.7351742386817932,0.17007023096084595,,,,,,,,,,,,,,,,
232,0.0008842722745612264,-0.17294307053089142,0.0004536504566203803,0.00042422214755788445,6.399707217497053e-06,0.0,0.0,0.0,0.0002884354325942695,0.0,0.0,0.7455241084098816,0.1704648733139038,,,,,,,,,,,,,,,,
233,0.0008465211722068489,-0.17359471321105957,0.0004274471721146256,0.0004135710478294641,5.502949534275103e-06,0.0,0.0,0.0,0.00027923411107622087,0.0,0.0,0.7291353940963745,0.1699640154838562,,,,,,,,,,,,,,,,
234,0.000812722253613174,-0.17177695035934448,0.0004116826457902789,0.0003941398172173649,6.899801519466564e-06,0.0,0.0,0.0,0.00027697801124304533,0.0,0.0,0.7320996522903442,0.170071542263031,,,,,,,,,,,,,,,,
235,0.0008458808879368007,-0.17227047681808472,0.0004289090575184673,0.0004113122122362256,5.659564067173051e-06,0.0,0.0,0.0,0.0002800344955176115,0.0,0.0,0.7356441020965576,0.17008912563323975,,,,,,,,,,,,,,,,
236,0.0008343671215698123,-0.1740453839302063,0.0004281237197574228,0.000400979450205341,5.263975253910758e-06,0.0,0.0,0.0,0.0002742433571256697,0.0,0.0,0.7406686544418335,0.17021499574184418,,,,,,,,,,,,,,,,
237,0.0008791334112174809,-0.1754019856452942,0.000457723974250257,0.0004154327907599509,5.9766261983895674e-06,0.0,0.0,0.0,0.00020540515833999962,0.0,0.0,0.7370619773864746,0.17013950645923615,,,,,,,,,,,,,,,,
238,0.000835986400488764,-0.17651137709617615,0.000423390360083431,0.0004078252241015434,4.770818122779019e-06,0.0,0.0,0.0,0.0003412616206333041,0.0,0.0,0.7267852425575256,0.17000466585159302,,,,,,,,,,,,,,,,
239,0.0008257364388555288,-0.17894232273101807,0.0004230650083627552,0.0003975915315095335,5.0799035307136364e-06,0.0,0.0,0.0,0.00021454859233926982,0.0,0.0,0.7293937802314758,0.16989222168922424,,,,,,,,,,,,,,,,
240,0.0008333736914210021,-0.17952071130275726,0.0004205353034194559,0.00040737586095929146,5.462476565298857e-06,0.0,0.0,0.0,0.00018844340229406953,0.0,0.0,0.717873215675354,0.16970418393611908,,,,,,,,,,,,,,,,
241,0.0008447334985248744,-0.17890678346157074,0.0004272240330465138,0.00041225686436519027,5.252587016002508e-06,0.0,0.0,0.0,0.0002665891661308706,0.0,0.0,0.724789023399353,0.16981378197669983,,,,,,,,,,,,,,,,
242,0.0008210953674279153,-0.17910899221897125,0.0004201949923299253,0.00039635825669392943,4.542100214166567e-06,0.0,0.0,0.0,0.00023221994342748076,0.0,0.0,0.7191975712776184,0.1696546971797943,,,,,,,,,,,,,,,,
243,0.0008313733269460499,-0.1778198629617691,0.00041922222590073943,0.0004061673826072365,5.983670234854799e-06,0.0,0.0,0.0,0.00019482432981021702,0.0,0.0,0.7196818590164185,0.16965267062187195,,,,,,,,,,,,,,,,
244,0.000888465961907059,-0.18027329444885254,0.0004617240629158914,0.00042184689664281905,4.8949536903819535e-06,0.0,0.0,0.0,0.0003245713305659592,0.0,0.0,0.7224575877189636,0.16984161734580994,,,,,,,,,,,,,,,,
245,0.0008809638093225658,-0.18052582442760468,0.0004530368314590305,0.0004230109043419361,4.916070338367717e-06,0.0,0.0,0.0,0.0003085033968091011,0.0,0.0,0.7210452556610107,0.1697913408279419,,,,,,,,,,,,,,,,
246,0.0008069052128121257,-0.18046869337558746,0.0004078795318491757,0.00039492250652983785,4.103148057765793e-06,0.0,0.0,0.0,0.00027572980616241693,0.0,0.0,0.720958948135376,0.16960203647613525,,,,,,,,,,,,,,,,
247,0.0008375509642064571,-0.18258310854434967,0.0004235930973663926,0.00040935707511380315,4.600784450303763e-06,0.0,0.0,0.0,0.00023643138410989195,0.0,0.0,0.7205101251602173,0.16975374519824982,,,,,,,,,,,,,,,,
248,0.000833950296510011,-0.18311624228954315,0.0004083183594048023,0.00042134581599384546,4.2861452129727695e-06,0.0,0.0,0.0,0.00016163592226803303,0.0,0.0,0.7181870937347412,0.1696774810552597,,,,,,,,,,,,,,,,
249,0.0008500388357788324,-0.18294326961040497,0.0004349442897364497,0.0004110053414478898,4.089217327418737e-06,0.0,0.0,0.0,0.00018970963719766587,0.0,0.0,0.727277934551239,0.1699080765247345,,,,,,,,,,,,,,,,
250,0.0008153686067089438,-0.1841462403535843,0.00042192035471089184,0.00038905651308596134,4.391796210256871e-06,0.0,0.0,0.0,0.00017549983749631792,0.0,0.0,0.7207397818565369,0.16967348754405975,,,,,,,,,,,,,,,,
251,0.0008392592426389456,-0.18328537046909332,0.00044005957897752523,0.00039461275446228683,4.586883278534515e-06,0.0,0.0,0.0,0.0003510054957587272,0.0,0.0,0.7091054916381836,0.169528529047966,,,,,,,,,,,,,,,,
252,0.0008249693200923502,-0.1868385523557663,0.0004200369003228843,0.0004011013952549547,3.831067260762211e-06,0.0,0.0,0.0,0.0002162555028917268,0.0,0.0,0.7074918746948242,0.16922786831855774,,,,,,,,,,,,,,,,
253,0.0008086107554845512,-0.18678000569343567,0.0004203863500151783,0.0003842690493911505,3.955364718422061e-06,0.0,0.0,0.0,0.00025986850960180163,0.0,0.0,0.7128199934959412,0.16941045224666595,,,,,,,,,,,,,,,,
254,0.0008115970995277166,-0.18811778724193573,0.00041764581692405045,0.00038980829413048923,4.142977104493184e-06,0.0,0.0,0.0,0.00025354523677378893,0.0,0.0,0.7244913578033447,0.16976061463356018,,,,,,,,,,,,,,,,
255,0.0008550191996619105,-0.18724431097507477,0.0004308227216824889,0.0004201845149509609,4.0119571167451795e-06,0.0,0.0,0.0,0.00023038595099933445,0.0,0.0,0.7251688838005066,0.16995830833911896,,,,,,,,,,,,,,,,
256,0.0008066024747677147,-0.1864389181137085,0.00040620265644975007,0.00039691105484962463,3.4887666515714955e-06,0.0,0.0,0.0,0.0003389664343558252,0.0,0.0,0.7237547636032104,0.1698334664106369,,,,,,,,,,,,,,,,
257,0.0008146256441250443,-0.18663571774959564,0.00041350681567564607,0.00039678168832324445,4.337178324931301e-06,0.0,0.0,0.0,0.0002808922145050019,0.0,0.0,0.7267058491706848,0.16968196630477905,,,,,,,,,,,,,,,,
258,0.0008220170275308192,-0.18963563442230225,0.0004270797362551093,0.000391563109587878,3.3742030609573703e-06,0.0,0.0,0.0,0.00022990621801000088,0.0,0.0,0.7213113903999329,0.16965638101100922,,,,,,,,,,,,,,,,
259,0.000781020789872855,-0.1926669478416443,0.00040486230864189565,0.00037165891262702644,4.49955950898584e-06,0.0,0.0,0.0,0.00017395670874975622,0.0,0.0,0.7219030261039734,0.16972576081752777,,,,,,,,,,,,,,,,
260,0.0007896122406236827,-0.1930956393480301,0.0004101764061488211,0.00037485812208615243,4.577747404255206e-06,0.0,0.0,0.0,0.0002571043442003429,0.0,0.0,0.7188031077384949,0.16944587230682373,,,,,,,,,,,,,,,,
261,0.0008380666840821505,-0.19435842335224152,0.0004316670529078692,0.0004016737802885473,4.725894086732296e-06,0.0,0.0,0.0,0.00019064877415075898,0.0,0.0,0.7195813059806824,0.16958312690258026,,,,,,,,,,,,,,,,
262,0.0008248442318290472,-0.19274082779884338,0.00041954618063755333,0.0004014250298496336,3.872999968734803e-06,0.0,0.0,0.0,0.00024012803623918444,0.0,0.0,0.7137011885643005,0.1694926917552948,,,,,,,,,,,,,,,,
263,0.0008074571960605681,-0.19097456336021423,0.0004162479017395526,0.0003874935209751129,3.7157740280235885e-06,0.0,0.0,0.0,0.00021401126286946237,0.0,0.0,0.720112681388855,0.1697324961423874,,,,,,,,,,,,,,,,
264,0.000760503753554076,-0.19337569177150726,0.00039384435513056815,0.00036194920539855957,4.710215762315784e-06,0.0,0.0,0.0,0.0002397847274551168,0.0,0.0,0.7142477631568909,0.1695326417684555,,,,,,,,,,,,,,,,
265,0.0008044525166042149,-0.19498473405838013,0.00040092089329846203,0.00039991800440475345,3.613616854636348e-06,0.0,0.0,0.0,0.00021555856801569462,0.0,0.0,0.7112963795661926,0.16954532265663147,,,,,,,,,,,,,,,,
266,0.000789699493907392,-0.19613918662071228,0.00041166209848597646,0.00037418139982037246,3.856027433357667e-06,0.0,0.0,0.0,0.00015181898197624832,0.0,0.0,0.7185215950012207,0.16950751841068268,,,,,,,,,,,,,,,,
267,0.0008094658842310309,-0.1955329030752182,0.00040766963502392173,0.00039861281402409077,3.183455646649236e-06,0.0,0.0,0.0,0.00013810655218549073,0.0,0.0,0.7179536819458008,0.16946472227573395,,,,,,,,,,,,,,,,
268,0.000834008795209229,-0.1956811100244522,0.0004243329167366028,0.00040632806485518813,3.3477949727966916e-06,0.0,0.0,0.0,0.00017591784126125276,0.0,0.0,0.7156023979187012,0.16959936916828156,,,,,,,,,,,,,,,,
269,0.00075527309672907,-0.19691844284534454,0.0003870873770210892,0.00036411904147826135,4.066655037604505e-06,0.0,0.0,0.0,0.00011630727385636419,0.0,0.0,0.71478271484375,0.16944926977157593,,,,,,,,,,,,,,,,
270,0.0008026381838135421,-0.19689403474330902,0.00040531152626499534,0.0003939043963328004,3.4222678095829906e-06,0.0,0.0,0.0,0.00021634279983118176,0.0,0.0,0.7205907702445984,0.1695111095905304,,,,,,,,,,,,,,,,
271,0.0007728526252321899,-0.19770202040672302,0.0003954264975618571,0.0003742873959708959,3.138707597827306e-06,0.0,0.0,0.0,0.0001346637582173571,0.0,0.0,0.7156004309654236,0.16948410868644714,,,,,,,,,,,,,,,,
272,0.0007557189092040062,-0.19837234914302826,0.0003933077387046069,0.00035849842242896557,3.912719876097981e-06,0.0,0.0,0.0,0.0001712052762741223,0.0,0.0,0.7118985056877136,0.16923017799854279,,,,,,,,,,,,,,,,
273,0.0008239431772381067,-0.20041827857494354,0.0004186795267742127,0.0004024065856356174,2.8570725589815993e-06,0.0,0.0,0.0,0.00012053010141244158,0.0,0.0,0.7157040238380432,0.1693841964006424,,,,,,,,,,,,,,,,
274,0.0008164083119481802,-0.19991308450698853,0.00039977565756998956,0.0004130904853809625,3.542146714607952e-06,0.0,0.0,0.0,0.00014935778744984418,0.0,0.0,0.7127112150192261,0.1693456619977951,,,,,,,,,,,,,,,,
275,0.0007945279940031469,-0.1989622265100479,0.00040054021519608796,0.0003912940446753055,2.6937166239804355e-06,0.0,0.0,0.0,0.00018516098498366773,0.0,0.0,0.7129085659980774,0.16936832666397095,,,,,,,,,,,,,,,,
276,0.0007457699393853545,-0.19865930080413818,0.000386739062378183,0.00035597081296145916,3.0601145226683e-06,0.0,0.0,0.0,0.0001335690321866423,0.0,0.0,0.7164340615272522,0.16914808750152588,,,,,,,,,,,,,,,,
277,0.0007741781882941723,-0.20124205946922302,0.0003958461165893823,0.00037501007318496704,3.3220021578017622e-06,0.0,0.0,0.0,0.00016768090426921844,0.0,0.0,0.7178868055343628,0.1692625731229782,,,,,,,,,,,,,,,,
278,0.0008124423329718411,-0.20272377133369446,0.000417692877817899,0.00039097791886888444,3.771592218981823e-06,0.0,0.0,0.0,0.00022014441492501646,0.0,0.0,0.720667839050293,0.16937336325645447,,,,,,,,,,,,,,,,
279,0.0007879334152676165,-0.2045084685087204,0.0003942892944905907,0.0003903262841049582,3.3178646390297217e-06,0.0,0.0,0.0,0.00016462441999465227,0.0,0.0,0.7180711030960083,0.16910256445407867,,,,,,,,,,,,,,,,
280,0.0007529836148023605,-0.20501956343650818,0.00039046892197802663,0.00035963644040748477,2.8782556000805926e-06,0.0,0.0,0.0,0.0001560653035994619,0.0,0.0,0.7116749286651611,0.16904442012310028,,,,,,,,,,,,,,,,
281,0.0007890388369560242,-0.20300264656543732,0.00041159577085636556,0.0003745097783394158,2.9332973099371884e-06,0.0,0.0,0.0,0.00017440452938899398,0.0,0.0,0.711272656917572,0.169139564037323,,,,,,,,,,,,,,,,
282,0.0007821402978152037,-0.20422786474227905,0.0004013463039882481,0.00037710025208070874,3.693769031087868e-06,0.0,0.0,0.0,0.00021590177493635565,0.0,0.0,0.7150296568870544,0.1691838800907135,,,,,,,,,,,,,,,,
283,0.0007569869630970061,-0.2041698843240738,0.0003860565193463117,0.000368343957234174,2.5864667350106174e-06,0.0,0.0,0.0,0.000192540479474701,0.0,0.0,0.7125961780548096,0.16907474398612976,,,,,,,,,,,,,,,,
284,0.0007614783244207501,-0.20472358167171478,0.0003823055303655565,0.0003762443957384676,2.928425146819791e-06,0.0,0.0,0.0,0.00015678138879593462,0.0,0.0,0.7165151834487915,0.1691717803478241,,,,,,,,,,,,,,,,
285,0.0007567652501165867,-0.20640844106674194,0.00039232653216458857,0.00036205758806318045,2.381174454058055e-06,0.0,0.0,0.0,0.0001512370799900964,0.0,0.0,0.7228816151618958,0.1693556308746338,,,,,,,,,,,,,,,,
286,0.0007417876622639596,-0.20833535492420197,0.0003842300793621689,0.0003549407992977649,2.6167772375629283e-06,0.0,0.0,0.0,0.00020089354075025767,0.0,0.0,0.7204151749610901,0.16915908455848694,,,,,,,,,,,,,,,,
287,0.00076601019827649,-0.2079491764307022,0.0003972231352236122,0.0003660577640403062,2.7292981030768715e-06,0.0,0.0,0.0,0.00017785099043976516,0.0,0.0,0.7188097238540649,0.16946522891521454,,,,,,,,,,,,,,,,
288,0.0007240301929414272,-0.2088606208562851,0.0003694668412208557,0.0003515498829074204,3.0134870030451566e-06,0.0,0.0,0.0,0.00014645777991972864,0.0,0.0,0.7163307070732117,0.16933180391788483,,,,,,,,,,,,,,,,
289,0.0007792356773279607,-0.21003937721252441,0.00039198138983920217,0.00038477402995340526,2.48031506089319e-06,0.0,0.0,0.0,0.000181342737050727,0.0,0.0,0.716122031211853,0.1692330241203308,,,,,,,,,,,,,,,,
290,0.0007799400482326746,-0.21054282784461975,0.00040241365786641836,0.00037516120937652886,2.3652219169889577e-06,0.0,0.0,0.0,0.00015058093413244933,0.0,0.0,0.7180382013320923,0.16924747824668884,,,,,,,,,,,,,,,,
291,0.000752358406316489,-0.2095644325017929,0.00038837583269923925,0.00036076060496270657,3.221972974642995e-06,0.0,0.0,0.0,0.00017055710486602038,0.0,0.0,0.705213189125061,0.168976828455925,,,,,,,,,,,,,,,,
292,0.0008062827400863171,-0.21037504076957703,0.00041630439227446914,0.0003864997415803373,3.4786021387844812e-06,0.0,0.0,0.0,0.0001481841754866764,0.0,0.0,0.7035765051841736,0.16882598400115967,,,,,,,,,,,,,,,,
293,0.0007517802878282964,-0.2097754180431366,0.00037801609141752124,0.00037144433008506894,2.3198895178211387e-06,0.0,0.0,0.0,0.00015746433928143233,0.0,0.0,0.7044462561607361,0.16896674036979675,,,,,,,,,,,,,,,,
294,0.0007248138426803052,-0.21188533306121826,0.0003653179155662656,0.0003570611006580293,2.434850784993614e-06,0.0,0.0,0.0,0.00021698982163798064,0.0,0.0,0.6986535787582397,0.16865341365337372,,,,,,,,,,,,,,,,
295,0.0006637833430431783,-0.2132958322763443,0.00033920721034519374,0.0003223976236768067,2.178530621677055e-06,0.0,0.0,0.0,0.00021984144404996186,0.0,0.0,0.7029901742935181,0.16890233755111694,,,,,,,,,,,,,,,,
296,0.0007810145034454763,-0.2127566784620285,0.0004035936144646257,0.0003748946182895452,2.526273192415829e-06,0.0,0.0,0.0,0.0001925330434460193,0.0,0.0,0.7036852240562439,0.16874253749847412,,,,,,,,,,,,,,,,
297,0.0007134933839552104,-0.21289294958114624,0.0003674579784274101,0.0003431456570979208,2.889735014832695e-06,0.0,0.0,0.0,0.00013391188986133784,0.0,0.0,0.7053406834602356,0.16872356832027435,,,,,,,,,,,,,,,,
298,0.000718611991032958,-0.21391801536083221,0.000370885303709656,0.0003455673868302256,2.159277983082575e-06,0.0,0.0,0.0,0.00019694148795679212,0.0,0.0,0.7051043510437012,0.1686936467885971,,,,,,,,,,,,,,,,
299,0.0007348919752985239,-0.21661242842674255,0.00037366952165029943,0.00035900596412830055,2.216511347796768e-06,0.0,0.0,0.0,0.0002253464626846835,0.0,0.0,0.7041956782341003,0.1686822474002838,,,,,,,,,,,,,,,,
300,0.000737885246053338,-0.21847817301750183,0.0003813802031800151,0.00035446544643491507,2.039592800429091e-06,0.0,0.0,0.0,0.0001474137243349105,0.0,0.0,0.7106598615646362,0.16875514388084412,,,,,,,,,,,,,,,,
301,0.0007136932108551264,-0.2164243906736374,0.00036777096102014184,0.0003430431825108826,2.8790818760171533e-06,0.0,0.0,0.0,0.00014007449499331415,0.0,0.0,0.7110583782196045,0.16858355700969696,,,,,,,,,,,,,,,,
302,0.0007219865801744163,-0.21579210460186005,0.00036406266735866666,0.0003557882737368345,2.135658405677532e-06,0.0,0.0,0.0,0.00018432203796692193,0.0,0.0,0.7074887156486511,0.16868147253990173,,,,,,,,,,,,,,,,
303,0.0007873713620938361,-0.21616631746292114,0.0004064069362357259,0.00037854904076084495,2.415382368781138e-06,0.0,0.0,0.0,0.00014143485168460757,0.0,0.0,0.7070918679237366,0.16857486963272095,,,,,,,,,,,,,,,,
304,0.0007010691915638745,-0.21875225007534027,0.00035209671477787197,0.00034651218447834253,2.46025206251943e-06,0.0,0.0,0.0,0.0001349818630842492,0.0,0.0,0.7064264416694641,0.16847577691078186,,,,,,,,,,,,,,,,
305,0.0007699126726947725,-0.22114431858062744,0.0003942949988413602,0.000373004557332024,2.613134256534977e-06,0.0,0.0,0.0,0.00018069670477416366,0.0,0.0,0.7084664702415466,0.16865164041519165,,,,,,,,,,,,,,,,
306,0.0007133306935429573,-0.22284339368343353,0.00036633238778449595,0.000344831874826923,2.166422518712352e-06,0.0,0.0,0.0,0.00015594993601553142,0.0,0.0,0.7045449614524841,0.16841502487659454,,,,,,,,,,,,,,,,
307,0.0007014325237832963,-0.2213849276304245,0.00036642493796534836,0.0003327373997308314,2.2701769921695814e-06,0.0,0.0,0.0,0.00015325029380619526,0.0,0.0,0.7082957029342651,0.16862410306930542,,,,,,,,,,,,,,,,
308,0.0007147728465497494,-0.21810220181941986,0.0003698792716022581,0.0003427343617659062,2.1592179564322578e-06,0.0,0.0,0.0,6.78163705742918e-05,0.0,0.0,0.7121149897575378,0.16885510087013245,,,,,,,,,,,,,,,,
309,0.0006925997440703213,-0.22091268002986908,0.0003535199793986976,0.00033738071215339005,1.6990073845590814e-06,0.0,0.0,0.0,0.00012209553096909076,0.0,0.0,0.7047460079193115,0.16856753826141357,,,,,,,,,,,,,,,,
310,0.0006773786735720932,-0.22116416692733765,0.0003389981866348535,0.0003363908326718956,1.989633346966002e-06,0.0,0.0,0.0,0.00012577413872350007,0.0,0.0,0.7056611180305481,0.16844454407691956,,,,,,,,,,,,,,,,
311,0.0006888105999678373,-0.22358518838882446,0.0003453012614045292,0.0003412590886000544,2.250247234769631e-06,0.0,0.0,0.0,0.00016851401596795768,0.0,0.0,0.7082866430282593,0.16852188110351562,,,,,,,,,,,,,,,,
312,0.0006858725100755692,-0.223694309592247,0.00036044951411895454,0.00032366777304559946,1.755187327034946e-06,0.0,0.0,0.0,0.0001467974070692435,0.0,0.0,0.7081683278083801,0.16866856813430786,,,,,,,,,,,,,,,,
313,0.0007344229379668832,-0.2224494069814682,0.00037832121597602963,0.0003541912592481822,1.9104827515548095e-06,0.0,0.0,0.0,0.00020756249432452023,0.0,0.0,0.7136289477348328,0.16879820823669434,,,,,,,,,,,,,,,,
314,0.0006848355405963957,-0.22343550622463226,0.0003502745530568063,0.0003326727310195565,1.8882752783611068e-06,0.0,0.0,0.0,0.00012898308341391385,0.0,0.0,0.7077047824859619,0.16847506165504456,,,,,,,,,,,,,,,,
315,0.0007102826493792236,-0.22244583070278168,0.0003590371343307197,0.0003491866809781641,2.0588697680068435e-06,0.0,0.0,0.0,0.00012237371993251145,0.0,0.0,0.7016415596008301,0.1683400273323059,,,,,,,,,,,,,,,,
316,0.0007132807513698936,-0.2247750610113144,0.00036061336868442595,0.0003511529939714819,1.5144099734243355e-06,0.0,0.0,0.0,0.00012587332457769662,0.0,0.0,0.7031381130218506,0.16865022480487823,,,,,,,,,,,,,,,,
317,0.0007577522192150354,-0.22791191935539246,0.0003857984847854823,0.00037057267036288977,1.3810208656650502e-06,0.0,0.0,0.0,0.00012978313316125423,0.0,0.0,0.6997233629226685,0.16844502091407776,,,,,,,,,,,,,,,,
318,0.0007041268981993198,-0.22714164853096008,0.00036426776205189526,0.00033811546745710075,1.7436738062315271e-06,0.0,0.0,0.0,0.00011655886919470504,0.0,0.0,0.6988028287887573,0.16855895519256592,,,,,,,,,,,,,,,,
319,0.0007684964220970869,-0.2269987314939499,0.0003914123517461121,0.0003753966302610934,1.687450321696815e-06,0.0,0.0,0.0,7.152902253437787e-05,0.0,0.0,0.7083863019943237,0.16851113736629486,,,,,,,,,,,,,,,,
320,0.0007033764850348234,-0.22719904780387878,0.00037372190854512155,0.0003279902448412031,1.6643309663777472e-06,0.0,0.0,0.0,8.992330549517646e-05,0.0,0.0,0.701874852180481,0.16856805980205536,,,,,,,,,,,,,,,,
321,0.0007381425239145756,-0.22888237237930298,0.00038465188117697835,0.0003518644080031663,1.626227003725944e-06,0.0,0.0,0.0,0.00012287709978409111,0.0,0.0,0.7068063616752625,0.16852782666683197,,,,,,,,,,,,,,,,
322,0.0006530405371449888,-0.22911135852336884,0.00033394433557987213,0.0003172304423060268,1.8657376585906604e-06,0.0,0.0,0.0,0.00013997255882713944,0.0,0.0,0.7057569026947021,0.16836002469062805,,,,,,,,,,,,,,,,
323,0.0007299674907699227,-0.22956828773021698,0.0003679744550026953,0.0003600702330004424,1.9228166365792276e-06,0.0,0.0,0.0,0.00010809397645061836,0.0,0.0,0.6995611786842346,0.16845077276229858,,,,,,,,,,,,,,,,
324,0.0006979628815315664,-0.231721431016922,0.00035519537050276995,0.00034113138099201024,1.636168690311024e-06,0.0,0.0,0.0,0.00010716927499743178,0.0,0.0,0.7005306482315063,0.1680816113948822,,,,,,,,,,,,,,,,
325,0.0007240319973789155,-0.23061561584472656,0.00037333110230974853,0.00034882331965491176,1.877582917586551e-06,0.0,0.0,0.0,9.574008436175063e-05,0.0,0.0,0.6900026202201843,0.1680995523929596,,,,,,,,,,,,,,,,
326,0.0006854806561022997,-0.23228131234645844,0.00034306716406717896,0.00034042802872136235,1.9854705897159874e-06,0.0,0.0,0.0,0.00011025281128240749,0.0,0.0,0.6909523010253906,0.16812975704669952,,,,,,,,,,,,,,,,
327,0.0007269222405739129,-0.23136626183986664,0.0003723541449289769,0.00035302547621540725,1.5426361414938583e-06,0.0,0.0,0.0,6.937712896615267e-05,0.0,0.0,0.687671422958374,0.16808226704597473,,,,,,,,,,,,,,,,
328,0.0006767304148525,-0.2323227971792221,0.00035311354440636933,0.00032231275690719485,1.3041075135333813e-06,0.0,0.0,0.0,0.00010190173634327948,0.0,0.0,0.6803793907165527,0.16792987287044525,,,,,,,,,,,,,,,,
329,0.0006624583038501441,-0.23252859711647034,0.0003420102584641427,0.0003185150562785566,1.9330295799591113e-06,0.0,0.0,0.0,0.00010658392420737073,0.0,0.0,0.6842321753501892,0.16788801550865173,,,,,,,,,,,,,,,,
330,0.0007270419737324119,-0.2342841923236847,0.0003796466626226902,0.0003457692509982735,1.6261091104752268e-06,0.0,0.0,0.0,7.402935443678871e-05,0.0,0.0,0.6885203719139099,0.16786125302314758,,,,,,,,,,,,,,,,
331,0.0006941061001271009,-0.23589056730270386,0.00035493765608407557,0.0003369740443304181,2.194455873905099e-06,0.0,0.0,0.0,9.116749424720183e-05,0.0,0.0,0.692940354347229,0.1680668443441391,,,,,,,,,,,,,,,,
332,0.0006453025853261352,-0.2344333678483963,0.0003358868998475373,0.0003080825845245272,1.3330578667591908e-06,0.0,0.0,0.0,9.719123772811145e-05,0.0,0.0,0.7011910676956177,0.16828392446041107,,,,,,,,,,,,,,,,
333,0.000654081697575748,-0.23497454822063446,0.00033806549618020654,0.0003144273068755865,1.5888982716205646e-06,0.0,0.0,0.0,0.00016680922999512404,0.0,0.0,0.7150752544403076,0.1683397889137268,,,,,,,,,,,,,,,,
334,0.0007310661021620035,-0.23665668070316315,0.0003679276560433209,0.00036107684718444943,2.0616018900909694e-06,0.0,0.0,0.0,5.887113366043195e-05,0.0,0.0,0.6981493234634399,0.16830915212631226,,,,,,,,,,,,,,,,
335,0.0007300896104425192,-0.2364315688610077,0.00037282254197634757,0.0003556988085620105,1.5682414868933847e-06,0.0,0.0,0.0,8.574610546929762e-05,0.0,0.0,0.7033621072769165,0.1682160347700119,,,,,,,,,,,,,,,,
336,0.0006784438155591488,-0.23745650053024292,0.0003525919164530933,0.0003237989149056375,2.0529703306237934e-06,0.0,0.0,0.0,8.265924407169223e-05,0.0,0.0,0.6991218328475952,0.16793623566627502,,,,,,,,,,,,,,,,
337,0.0006637173355557024,-0.23801299929618835,0.00034915865398943424,0.0003129046526737511,1.654051288824121e-06,0.0,0.0,0.0,0.00014893752813804895,0.0,0.0,0.6977920532226562,0.16789238154888153,,,,,,,,,,,,,,,,
338,0.0006467199418693781,-0.2381228655576706,0.00032793093123473227,0.0003173527948092669,1.4362334468387417e-06,0.0,0.0,0.0,0.00011504033318487927,0.0,0.0,0.6943051218986511,0.16765616834163666,,,,,,,,,,,,,,,,
339,0.0006923165637999773,-0.24022211134433746,0.00035430677235126495,0.0003365761658642441,1.4336351341626141e-06,0.0,0.0,0.0,0.00010702861618483439,0.0,0.0,0.6856632232666016,0.16755133867263794,,,,,,,,,,,,,,,,
340,0.0006907117203809321,-0.24080771207809448,0.00036077911499887705,0.00032848972477950156,1.442933580619865e-06,0.0,0.0,0.0,8.438540680799633e-05,0.0,0.0,0.68578040599823,0.16772586107254028,,,,,,,,,,,,,,,,
341,0.000647881010081619,-0.23875458538532257,0.0003335287910886109,0.00031262848642654717,1.7236751546079176e-06,0.0,0.0,0.0,5.709595279768109e-05,0.0,0.0,0.6889581084251404,0.16798172891139984,,,,,,,,,,,,,,,,
342,0.0007042945362627506,-0.23944814503192902,0.000364438135875389,0.00033830490428954363,1.5514742699451745e-06,0.0,0.0,0.0,9.677675552666187e-05,0.0,0.0,0.6905236840248108,0.16781169176101685,,,,,,,,,,,,,,,,
343,0.0006747190491296351,-0.24173229932785034,0.00034212484024465084,0.00033104923204518855,1.545033455840894e-06,0.0,0.0,0.0,0.0001292348315473646,0.0,0.0,0.6832979917526245,0.16751475632190704,,,,,,,,,,,,,,,,
344,0.0006049221265129745,-0.244563490152359,0.00031334321829490364,0.00029011949663981795,1.4594286312785698e-06,0.0,0.0,0.0,0.00012905511539429426,0.0,0.0,0.6812090873718262,0.16762305796146393,,,,,,,,,,,,,,,,
345,0.0006577488966286182,-0.24476474523544312,0.000334985728841275,0.00032147314050234854,1.289990677832975e-06,0.0,0.0,0.0,6.093781485105865e-05,0.0,0.0,0.6769949197769165,0.16711190342903137,,,,,,,,,,,,,,,,
346,0.0006531669059768319,-0.24337910115718842,0.00033908948535099626,0.00031241579563356936,1.661605551817047e-06,0.0,0.0,0.0,0.00017882637621369213,0.0,0.0,0.6920860409736633,0.16772738099098206,,,,,,,,,,,,,,,,
347,0.0006848503253422678,-0.24046289920806885,0.000353432958945632,0.00033016371889971197,1.2535988389572594e-06,0.0,0.0,0.0,5.9004298236686736e-05,0.0,0.0,0.6947725415229797,0.16770943999290466,,,,,,,,,,,,,,,,
348,0.0007084073149599135,-0.2419440895318985,0.0003648063575383276,0.00034229725133627653,1.303652652495657e-06,0.0,0.0,0.0,0.00011194180842721835,0.0,0.0,0.7003340721130371,0.1679685264825821,,,,,,,,,,,,,,,,
349,0.0006473386893048882,-0.2434738129377365,0.0003274910559412092,0.00031836857669986784,1.479080310673453e-06,0.0,0.0,0.0,0.00011769677803386003,0.0,0.0,0.701915979385376,0.1679304540157318,,,,,,,,,,,,,,,,
350,0.0006510582170449197,-0.24762019515037537,0.0003284179838374257,0.0003214530588593334,1.1871505876115407e-06,0.0,0.0,0.0,8.090435585472733e-05,0.0,0.0,0.7079947590827942,0.16870753467082977,,,,,,,,,,,,,,,,
351,0.0006782235577702522,-0.24876731634140015,0.00034268965828232467,0.00033466017339378595,8.737031862438016e-07,0.0,0.0,0.0,0.00012460708967410028,0.0,0.0,0.7090395092964172,0.16846933960914612,,,,,,,,,,,,,,,,
352,0.0006805712473578751,-0.24614518880844116,0.0003547059604898095,0.00032446125987917185,1.4040203950571595e-06,0.0,0.0,0.0,0.0001313791290158406,0.0,0.0,0.7131931781768799,0.16829875111579895,,,,,,,,,,,,,,,,
353,0.000607965630479157,-0.24528968334197998,0.000321689440170303,0.00028509917319752276,1.1770293895096984e-06,0.0,0.0,0.0,0.00018062350864056498,0.0,0.0,0.7161564826965332,0.16860412061214447,,,,,,,,,,,,,,,,
354,0.000693678914103657,-0.24702505767345428,0.00035352728446014225,0.00033889763290062547,1.2539406952782883e-06,0.0,0.0,0.0,0.0001040327042574063,0.0,0.0,0.7104514837265015,0.16819187998771667,,,,,,,,,,,,,,,,
355,0.0006452474044635892,-0.2508506178855896,0.00033392227487638593,0.00031035084975883365,9.742902875586879e-07,0.0,0.0,0.0,8.555332169635221e-05,0.0,0.0,0.6894161701202393,0.16789449751377106,,,,,,,,,,,,,,,,
356,0.0005921637057326734,-0.2513790726661682,0.00030269051785580814,0.00028814535471610725,1.3278041706143995e-06,0.0,0.0,0.0,9.690150909591466e-05,0.0,0.0,0.6885727047920227,0.16813719272613525,,,,,,,,,,,,,,,,
357,0.0006052514654584229,-0.24942830204963684,0.00031490682158619165,0.00028910490800626576,1.239740186065319e-06,0.0,0.0,0.0,0.00010277686669724062,0.0,0.0,0.6867615580558777,0.16765105724334717,,,,,,,,,,,,,,,,
358,0.0006291052559390664,-0.24723468720912933,0.00032328328234143555,0.0003044556360691786,1.3663798199559096e-06,0.0,0.0,0.0,7.960240327520296e-05,0.0,0.0,0.6830729246139526,0.16736751794815063,,,,,,,,,,,,,,,,
359,0.0006210898864082992,-0.24832221865653992,0.0003185234672855586,0.00030148355290293694,1.0828541689988924e-06,0.0,0.0,0.0,7.258459663717076e-05,0.0,0.0,0.6840493083000183,0.1670006513595581,,,,,,,,,,,,,,,,
360,0.0006854461971670389,-0.2514381408691406,0.00034465405042283237,0.0003396497922949493,1.1424048125263653e-06,0.0,0.0,0.0,7.557818753411993e-05,0.0,0.0,0.6838616132736206,0.16753749549388885,,,,,,,,,,,,,,,,
361,0.0006443056627176702,-0.25365281105041504,0.00033524780883453786,0.00030778025393374264,1.2775986988344812e-06,0.0,0.0,0.0,6.12910371273756e-05,0.0,0.0,0.6794204115867615,0.16763147711753845,,,,,,,,,,,,,,,,
362,0.000642180151771754,-0.2540668249130249,0.0003315471112728119,0.0003094899875577539,1.1430161066527944e-06,0.0,0.0,0.0,3.8921451050555333e-05,0.0,0.0,0.6827523708343506,0.16706156730651855,,,,,,,,,,,,,,,,
363,0.0006569417892023921,-0.25261959433555603,0.0003361988055985421,0.0003195430908817798,1.1998683930869447e-06,0.0,0.0,0.0,7.559909136034548e-05,0.0,0.0,0.6880441904067993,0.16773532330989838,,,,,,,,,,,,,,,,
364,0.0006563998758792877,-0.2518215775489807,0.00033132045064121485,0.00032390703563578427,1.1724259820766747e-06,0.0,0.0,0.0,8.131893264362589e-05,0.0,0.0,0.6832570433616638,0.1671108454465866,,,,,,,,,,,,,,,,
365,0.0006300645181909204,-0.25345757603645325,0.00032753360574133694,0.00030140584567561746,1.125053245232266e-06,0.0,0.0,0.0,1.6005760699044913e-05,0.0,0.0,0.6921523809432983,0.16744287312030792,,,,,,,,,,,,,,,,
366,0.0005997153930366039,-0.2544940114021301,0.0003148926480207592,0.0002837195643223822,1.103171712202311e-06,0.0,0.0,0.0,8.000601519597694e-05,0.0,0.0,0.6877455711364746,0.16728127002716064,,,,,,,,,,,,,,,,
367,0.0006101774633862078,-0.2565355896949768,0.00032000266946852207,0.0002887738519348204,1.4009309552420746e-06,0.0,0.0,0.0,9.699915972305462e-05,0.0,0.0,0.6824105381965637,0.1673922836780548,,,,,,,,,,,,,,,,
368,0.0006264238618314266,-0.2560121417045593,0.0003263274556957185,0.0002988060878124088,1.2903531114716316e-06,0.0,0.0,0.0,4.307900235289708e-05,0.0,0.0,0.686420202255249,0.16696171462535858,,,,,,,,,,,,,,,,
369,0.000610345508903265,-0.25574880838394165,0.0003082539769820869,0.0003010313957929611,1.0601567055346095e-06,0.0,0.0,0.0,6.844348536105826e-05,0.0,0.0,0.6877074837684631,0.1674133837223053,,,,,,,,,,,,,,,,
370,0.0005967328906990588,-0.2559407353401184,0.0003080176538787782,0.0002878244558814913,8.907685469239368e-07,0.0,0.0,0.0,5.318065086612478e-05,0.0,0.0,0.6830866932868958,0.16689527034759521,,,,,,,,,,,,,,,,
371,0.0006010903744027019,-0.25848081707954407,0.00031412721727974713,0.0002857597137335688,1.2034154224238591e-06,0.0,0.0,0.0,7.288002234417945e-05,0.0,0.0,0.686627984046936,0.167186439037323,,,,,,,,,,,,,,,,
372,0.0006373776122927666,-0.25803640484809875,0.00032277629361487925,0.0003132946148980409,1.3066901374259032e-06,0.0,0.0,0.0,5.461648470372893e-05,0.0,0.0,0.6787426471710205,0.16681651771068573,,,,,,,,,,,,,,,,
373,0.00062178896041587,-0.25834205746650696,0.00031295043299905956,0.0003078176232520491,1.0209284937445773e-06,0.0,0.0,0.0,4.737170092994347e-05,0.0,0.0,0.6886059641838074,0.16695307195186615,,,,,,,,,,,,,,,,
374,0.0005590736982412636,-0.25683751702308655,0.0002845778362825513,0.00027369416784495115,8.017099730750488e-07,0.0,0.0,0.0,7.15766436769627e-05,0.0,0.0,0.6920604705810547,0.16706639528274536,,,,,,,,,,,,,,,,
375,0.0006145054358057678,-0.2591657042503357,0.00031935915467329323,0.0002942534629255533,8.928714692046924e-07,0.0,0.0,0.0,5.2354509534779936e-05,0.0,0.0,0.6874312162399292,0.16678258776664734,,,,,,,,,,,,,,,,
376,0.0005760075873695314,-0.2597515881061554,0.0003057606518268585,0.0002693022252060473,9.446836202187114e-07,0.0,0.0,0.0,8.195250848075375e-05,0.0,0.0,0.6884011030197144,0.167276993393898,,,,,,,,,,,,,,,,
377,0.000626883003860712,-0.26337963342666626,0.00032884281245060265,0.00029660927248187363,1.4309191556094447e-06,0.0,0.0,0.0,5.562742808251642e-05,0.0,0.0,0.6897724270820618,0.16731257736682892,,,,,,,,,,,,,,,,
378,0.0005981858703307807,-0.26355284452438354,0.00030446736491285264,0.0002929088077507913,8.097521799754759e-07,0.0,0.0,0.0,4.415490184328519e-05,0.0,0.0,0.6907587051391602,0.16708408296108246,,,,,,,,,,,,,,,,
379,0.0005898021627217531,-0.26193252205848694,0.0003025218320544809,0.00028634312911890447,9.372025147058594e-07,0.0,0.0,0.0,9.580320329405367e-05,0.0,0.0,0.7060294151306152,0.16749747097492218,,,,,,,,,,,,,,,,
380,0.0005610585794784129,-0.26127466559410095,0.0002860443200916052,0.0002739278716035187,1.0864029036383727e-06,0.0,0.0,0.0,5.3379288146970794e-05,0.0,0.0,0.6946883797645569,0.16746164858341217,,,,,,,,,,,,,,,,
381,0.000596701807808131,-0.2608896493911743,0.0003064765769522637,0.00028931189444847405,9.13312760530971e-07,0.0,0.0,0.0,7.077737973304465e-05,0.0,0.0,0.6989260911941528,0.16764241456985474,,,,,,,,,,,,,,,,
382,0.0006047245115041733,-0.2619289457798004,0.0003106537333223969,0.0002932290080934763,8.41789244532265e-07,0.0,0.0,0.0,4.9205791583517566e-05,0.0,0.0,0.6881091594696045,0.1669633537530899,,,,,,,,,,,,,,,,
383,0.0006233896710909903,-0.26723799109458923,0.00031872084946371615,0.00030373738263733685,9.314466637988517e-07,0.0,0.0,0.0,5.786851033917628e-05,0.0,0.0,0.6891698241233826,0.16714361310005188,,,,,,,,,,,,,,,,
384,0.0005777091719210148,-0.2680167853832245,0.00029691215604543686,0.00027971307281404734,1.0839544302143622e-06,0.0,0.0,0.0,4.532251114142127e-05,0.0,0.0,0.68429034948349,0.16710436344146729,,,,,,,,,,,,,,,,
385,0.0006231855368241668,-0.2679367959499359,0.00031929215765558183,0.0003029567014891654,9.366886501993577e-07,0.0,0.0,0.0,3.9786711568012834e-05,0.0,0.0,0.6944408416748047,0.16722668707370758,,,,,,,,,,,,,,,,
386,0.0005853890907019377,-0.2632941007614136,0.0002962865983135998,0.000288359442492947,7.430943469444173e-07,0.0,0.0,0.0,5.4183889005798846e-05,0.0,0.0,0.69167160987854,0.16730566322803497,,,,,,,,,,,,,,,,
387,0.000618956342805177,-0.2636246681213379,0.00031408373615704477,0.00030360466917045414,1.267949528482859e-06,0.0,0.0,0.0,6.89376174705103e-05,0.0,0.0,0.6839591860771179,0.16679804027080536,,,,,,,,,,,,,,,,
388,0.0006149571854621172,-0.2676423192024231,0.00032146525336429477,0.0002926817396655679,8.10199708212167e-07,0.0,0.0,0.0,3.937626024708152e-05,0.0,0.0,0.6809457540512085,0.1668555736541748,,,,,,,,,,,,,,,,
389,0.0005617024726234376,-0.27025750279426575,0.00029105826979503036,0.00026975193759426475,8.922369261199492e-07,0.0,0.0,0.0,4.539147994364612e-05,0.0,0.0,0.6774682402610779,0.1672314703464508,,,,,,,,,,,,,,,,
390,0.0006080085877329111,-0.2690911889076233,0.00031060961191542447,0.00029658133280463517,8.176577352969616e-07,0.0,0.0,0.0,6.484500045189634e-05,0.0,0.0,0.6689879894256592,0.16659636795520782,,,,,,,,,,,,,,,,
391,0.0005856999778188765,-0.2640829086303711,0.00029677600832656026,0.0002882882545236498,6.357019515235152e-07,0.0,0.0,0.0,9.033267997438088e-05,0.0,0.0,0.6827452778816223,0.166712686419487,,,,,,,,,,,,,,,,
392,0.0006395507953129709,-0.26581138372421265,0.0003249343717470765,0.0003139505861327052,6.658124789282738e-07,0.0,0.0,0.0,6.99568263371475e-05,0.0,0.0,0.67181396484375,0.16630634665489197,,,,,,,,,,,,,,,,
393,0.0006084002088755369,-0.2712459862232208,0.0003173937147948891,0.0002902041014749557,8.02387774001545e-07,0.0,0.0,0.0,7.674658263567835e-05,0.0,0.0,0.676830530166626,0.1666073501110077,,,,,,,,,,,,,,,,
394,0.000556521990802139,-0.2744392454624176,0.000293066434096545,0.00026240290026180446,1.052688048730488e-06,0.0,0.0,0.0,6.191704596858472e-05,0.0,0.0,0.6760802865028381,0.16696643829345703,,,,,,,,,,,,,,,,
395,0.0006292879697866738,-0.2729562819004059,0.00032428951817564666,0.0003042517928406596,7.466044280590722e-07,0.0,0.0,0.0,5.865291313966736e-05,0.0,0.0,0.672621488571167,0.16703924536705017,,,,,,,,,,,,,,,,
396,0.0005752004217356443,-0.2711816132068634,0.00029304035706445575,0.00028149085119366646,6.691953444715182e-07,0.0,0.0,0.0,9.093656990444288e-05,0.0,0.0,0.6753216981887817,0.1668078601360321,,,,,,,,,,,,,,,,
397,0.0006255106418393552,-0.27085408568382263,0.0003298194787930697,0.0002948991023004055,7.92025502960314e-07,0.0,0.0,0.0,7.962834934005514e-05,0.0,0.0,0.6756128668785095,0.166596919298172,,,,,,,,,,,,,,,,
398,0.0006014493410475552,-0.2719576358795166,0.0003167724935337901,0.0002840108354575932,6.65984714487422e-07,0.0,0.0,0.0,8.592009544372559e-05,0.0,0.0,0.6812818050384521,0.16663193702697754,,,,,,,,,,,,,,,,
399,0.0005720568588003516,-0.2736815810203552,0.00029791431734338403,0.0002734211157076061,7.214062520688458e-07,0.0,0.0,0.0,6.86848143232055e-05,0.0,0.0,0.6773018836975098,0.16639037430286407,,,,,,,,,,,,,,,,
400,0.0005954693770036101,-0.27522119879722595,0.00031472250702790916,0.000279764091828838,9.827707572185318e-07,0.0,0.0,0.0,8.150937355821952e-05,0.0,0.0,0.6866609454154968,0.1669076532125473,,,,,,,,,,,,,,,,
401,0.000658225966617465,-0.27496102452278137,0.00033881180570460856,0.00031872617546468973,6.880150067445356e-07,0.0,0.0,0.0,6.650189607171342e-05,0.0,0.0,0.6776121258735657,0.1664283275604248,,,,,,,,,,,,,,,,
402,0.0005913906497880816,-0.2740243673324585,0.00030345274717547,0.0002871633623726666,7.744944241494522e-07,0.0,0.0,0.0,5.305271042743698e-05,0.0,0.0,0.6803928017616272,0.16650095582008362,,,,,,,,,,,,,,,,
403,0.0005716307205148041,-0.2722940444946289,0.00029722534236498177,0.00027371515170671046,6.902012614773412e-07,0.0,0.0,0.0,5.489532486535609e-05,0.0,0.0,0.6785736680030823,0.16645823419094086,,,,,,,,,,,,,,,,
404,0.0005941166309639812,-0.27497756481170654,0.0003029346698895097,0.00029039671062491834,7.852070780245413e-07,0.0,0.0,0.0,5.730546763516031e-05,0.0,0.0,0.6710315942764282,0.16606493294239044,,,,,,,,,,,,,,,,
405,0.000580724561586976,-0.279197633266449,0.00028943578945472836,0.0002904966822825372,7.921040037217608e-07,0.0,0.0,0.0,5.1550930947996676e-05,0.0,0.0,0.6812784075737,0.16631601750850677,,,,,,,,,,,,,,,,
406,0.000578172504901886,-0.28205686807632446,0.0002967428881675005,0.0002806011470966041,8.284728778562567e-07,0.0,0.0,0.0,5.67031092941761e-05,0.0,0.0,0.6834706664085388,0.16641533374786377,,,,,,,,,,,,,,,,
407,0.0005976542015559971,-0.27760282158851624,0.00030669636907987297,0.0002903253771364689,6.324477794805716e-07,0.0,0.0,0.0,7.111042214091867e-05,0.0,0.0,0.6795660257339478,0.16640082001686096,,,,,,,,,,,,,,,,
408,0.0005746387760154903,-0.27559545636177063,0.0002986915351357311,0.0002751451975200325,8.020269888220355e-07,0.0,0.0,0.0,5.513902578968555e-05,0.0,0.0,0.6827175617218018,0.166479229927063,,,,,,,,,,,,,,,,
409,0.0005491328192874789,-0.27763861417770386,0.000277319282758981,0.0002711298584472388,6.836822876721271e-07,0.0,0.0,0.0,5.04705858475063e-05,0.0,0.0,0.6834244132041931,0.16623519361019135,,,,,,,,,,,,,,,,
410,0.0005528772599063814,-0.27980026602745056,0.00027991345268674195,0.0002723645593505353,5.992583851366362e-07,0.0,0.0,0.0,8.301213529193774e-05,0.0,0.0,0.6737585663795471,0.1660318821668625,,,,,,,,,,,,,,,,
411,0.0005932127824053168,-0.281217485666275,0.0003097301523666829,0.00028277849196456373,7.041131766527542e-07,0.0,0.0,0.0,4.460341006051749e-05,0.0,0.0,0.6803770065307617,0.16657213866710663,,,,,,,,,,,,,,,,
412,0.0005628781509585679,-0.27997440099716187,0.0002894406206905842,0.00027282125665806234,6.1624797353943e-07,0.0,0.0,0.0,6.044037581887096e-05,0.0,0.0,0.6723812222480774,0.16627730429172516,,,,,,,,,,,,,,,,
413,0.0005645108176395297,-0.2788446545600891,0.0002909196773543954,0.00027280079666525126,7.903575465206814e-07,0.0,0.0,0.0,5.2357361710164696e-05,0.0,0.0,0.6706209182739258,0.16630341112613678,,,,,,,,,,,,,,,,
414,0.0005243028281256557,-0.27801474928855896,0.0002686652005650103,0.00025469891261309385,9.38699770358653e-07,0.0,0.0,0.0,6.740560638718307e-05,0.0,0.0,0.6771435141563416,0.16624093055725098,,,,,,,,,,,,,,,,
415,0.0005684129428118467,-0.2838389277458191,0.000295924925012514,0.00027169662644155324,7.913649824331515e-07,0.0,0.0,0.0,3.679583460325375e-05,0.0,0.0,0.6738208532333374,0.16630616784095764,,,,,,,,,,,,,,,,
416,0.0005461659166030586,-0.2869809865951538,0.0002733526052907109,0.0002720158372540027,7.975093581080728e-07,0.0,0.0,0.0,4.694579547503963e-05,0.0,0.0,0.6754547357559204,0.16654612123966217,,,,,,,,,,,,,,,,
417,0.0005737649626098573,-0.2853635251522064,0.0003011271473951638,0.00027202608180232346,6.117048769738176e-07,0.0,0.0,0.0,4.852558777201921e-05,0.0,0.0,0.679393470287323,0.16657812893390656,,,,,,,,,,,,,,,,
418,0.0005795704200863838,-0.2825896441936493,0.0002956833632197231,0.00028324572485871613,6.413317805709084e-07,0.0,0.0,0.0,7.252288924064487e-05,0.0,0.0,0.683002233505249,0.166558176279068,,,,,,,,,,,,,,,,
419,0.0005453163757920265,-0.2817693054676056,0.00027635222068056464,0.00026835291646420956,6.112426831350604e-07,0.0,0.0,0.0,6.425787432817742e-05,0.0,0.0,0.6865828037261963,0.16691434383392334,,,,,,,,,,,,,,,,
420,0.0005771260475739837,-0.28493544459342957,0.0002953277435153723,0.0002812132006511092,5.850899924553232e-07,0.0,0.0,0.0,7.19673844287172e-05,0.0,0.0,0.6855151057243347,0.166896253824234,,,,,,,,,,,,,,,,
421,0.00048634802806191146,-0.2887542247772217,0.0002452941844239831,0.000240434063016437,6.197769266691466e-07,0.0,0.0,0.0,4.321963933762163e-05,0.0,0.0,0.6780243515968323,0.16680552065372467,,,,,,,,,,,,,,,,
422,0.0005564003949984908,-0.2886030375957489,0.00029183374135755,0.00026399455964565277,5.720697231481608e-07,0.0,0.0,0.0,3.532808841555379e-05,0.0,0.0,0.6772102117538452,0.16650338470935822,,,,,,,,,,,,,,,,
423,0.0005310395499691367,-0.2853224277496338,0.00027431067428551614,0.0002562795125413686,4.493764436119818e-07,0.0,0.0,0.0,2.929847687482834e-05,0.0,0.0,0.6811159253120422,0.16665853559970856,,,,,,,,,,,,,,,,
424,0.0005525443120859563,-0.28328225016593933,0.0002901148109231144,0.00026186174363829195,5.677823651240033e-07,0.0,0.0,0.0,2.7355705242371187e-05,0.0,0.0,0.6712667346000671,0.16637124121189117,,,,,,,,,,,,,,,,
425,0.0006126236403360963,-0.28781211376190186,0.0003161052882205695,0.0002956710522994399,8.472496801914531e-07,0.0,0.0,0.0,2.887453774746973e-05,0.0,0.0,0.6673104166984558,0.16622087359428406,,,,,,,,,,,,,,,,
426,0.0005435671773739159,-0.29198795557022095,0.00026994370273314416,0.00027306945412419736,5.540243819268653e-07,0.0,0.0,0.0,2.702316669456195e-05,0.0,0.0,0.6632851362228394,0.166133314371109,,,,,,,,,,,,,,,,
427,0.0005390582955442369,-0.28877753019332886,0.00027535553090274334,0.0002631839597597718,5.188009026824147e-07,0.0,0.0,0.0,2.5531255232635885e-05,0.0,0.0,0.6546431183815002,0.16587315499782562,,,,,,,,,,,,,,,,
428,0.0005372081650421023,-0.28647157549858093,0.000275018421234563,0.00026148150209337473,7.082866204655147e-07,0.0,0.0,0.0,6.498414586530998e-05,0.0,0.0,0.6513646245002747,0.16560600697994232,,,,,,,,,,,,,,,,
429,0.0005435006460174918,-0.28657105565071106,0.0002722424396779388,0.0002707200183067471,5.381693881645333e-07,0.0,0.0,0.0,5.798747224616818e-05,0.0,0.0,0.6582292914390564,0.16553543508052826,,,,,,,,,,,,,,,,
430,0.0005681265611201525,-0.28899437189102173,0.00028539274353533983,0.0002817132626660168,1.0205428679910256e-06,0.0,0.0,0.0,3.229449430364184e-05,0.0,0.0,0.6552084684371948,0.16545847058296204,,,,,,,,,,,,,,,,
431,0.0005430103628896177,-0.29240724444389343,0.00028346030740067363,0.00025902074412442744,5.292682203617005e-07,0.0,0.0,0.0,1.0662898603186477e-05,0.0,0.0,0.6514219045639038,0.16564278304576874,,,,,,,,,,,,,,,,
432,0.0005483952700160444,-0.29254472255706787,0.00027846693410538137,0.00026940263342112303,5.256791268948291e-07,0.0,0.0,0.0,3.262842074036598e-05,0.0,0.0,0.666852593421936,0.1656833440065384,,,,,,,,,,,,,,,,
433,0.0005599569412879646,-0.2911384701728821,0.00028842396568506956,0.00027099702856503427,5.359256078918406e-07,0.0,0.0,0.0,6.92780886311084e-05,0.0,0.0,0.665686309337616,0.1654142588376999,,,,,,,,,,,,,,,,
434,0.0005328223342075944,-0.28909817337989807,0.000275550817605108,0.000256764586083591,5.069243798061507e-07,0.0,0.0,0.0,4.9288377340417355e-05,0.0,0.0,0.6717989444732666,0.16563937067985535,,,,,,,,,,,,,,,,
435,0.0005781414802186191,-0.29296982288360596,0.00029380241176113486,0.0002838748332578689,4.641956650175416e-07,0.0,0.0,0.0,5.099493500893004e-05,0.0,0.0,0.6772997975349426,0.16636419296264648,,,,,,,,,,,,,,,,
436,0.0005351842846721411,-0.2929227948188782,0.0002783841046039015,0.00025607075076550245,7.294764259313524e-07,0.0,0.0,0.0,4.7534791519865394e-05,0.0,0.0,0.6786642670631409,0.1659257560968399,,,,,,,,,,,,,,,,
437,0.0005059927934780717,-0.2923448085784912,0.0002541117719374597,0.00025129420100711286,5.86856742756936e-07,0.0,0.0,0.0,3.672185994219035e-05,0.0,0.0,0.6783616542816162,0.16622677445411682,,,,,,,,,,,,,,,,
438,0.0005832879687659442,-0.29502665996551514,0.0003028238716069609,0.0002799180510919541,5.460547072289046e-07,0.0,0.0,0.0,5.757990584243089e-05,0.0,0.0,0.6735630631446838,0.16626492142677307,,,,,,,,,,,,,,,,
439,0.0005443395930342376,-0.2946736812591553,0.00028513086726889014,0.00025880217435769737,4.0659108435647795e-07,0.0,0.0,0.0,4.7525270929327235e-05,0.0,0.0,0.6688724160194397,0.16622419655323029,,,,,,,,,,,,,,,,
440,0.0005133054219186306,-0.29513850808143616,0.00026859587524086237,0.0002440986136207357,6.109498258410895e-07,0.0,0.0,0.0,4.6432895032921806e-05,0.0,0.0,0.672310471534729,0.16609524190425873,,,,,,,,,,,,,,,,
441,0.0005308841355144978,-0.2979210615158081,0.00027155139832757413,0.00025880461907945573,5.281219159769535e-07,0.0,0.0,0.0,4.4448646804085e-05,0.0,0.0,0.6679404973983765,0.1659162938594818,,,,,,,,,,,,,,,,
442,0.0005444134585559368,-0.2998349964618683,0.00027676584431901574,0.0002671114634722471,5.361597459341283e-07,0.0,0.0,0.0,3.730549360625446e-05,0.0,0.0,0.6595239043235779,0.16589392721652985,,,,,,,,,,,,,,,,
443,0.0005962569848634303,-0.29772618412971497,0.000309134426061064,0.00028670812025666237,4.144186789289961e-07,0.0,0.0,0.0,4.71779603685718e-05,0.0,0.0,0.6502104997634888,0.1655653417110443,,,,,,,,,,,,,,,,
444,0.0005182097665965557,-0.29635778069496155,0.0002621033927425742,0.00025566332624293864,4.4305994606474997e-07,0.0,0.0,0.0,5.863974001840688e-05,0.0,0.0,0.6539071202278137,0.16597622632980347,,,,,,,,,,,,,,,,
445,0.0005182594759389758,-0.29597988724708557,0.0002622522006276995,0.00025559187633916736,4.1534167394274846e-07,0.0,0.0,0.0,7.713736522418913e-06,0.0,0.0,0.6551869511604309,0.16577039659023285,,,,,,,,,,,,,,,,
446,0.0004995891940779984,-0.3002234995365143,0.00025757247931323946,0.00024151250545401126,5.042138582211919e-07,0.0,0.0,0.0,3.458612991380505e-05,0.0,0.0,0.6537169218063354,0.1656658798456192,,,,,,,,,,,,,,,,
447,0.0005599202704615891,-0.3022579252719879,0.00028588486020453274,0.00027316409978084266,8.713196848475491e-07,0.0,0.0,0.0,2.535821113269776e-05,0.0,0.0,0.6605881452560425,0.16568072140216827,,,,,,,,,,,,,,,,
448,0.0005412858445197344,-0.3021088242530823,0.0002818783395923674,0.0002588914940133691,5.160361524758628e-07,0.0,0.0,0.0,3.1557119655190036e-05,0.0,0.0,0.6559172868728638,0.1656988114118576,,,,,,,,,,,,,,,,
449,0.0005361702060326934,-0.2998974025249481,0.0002726479433476925,0.00026307933148927987,4.429483624335262e-07,0.0,0.0,0.0,5.47792405996006e-05,0.0,0.0,0.6643400192260742,0.1657411754131317,,,,,,,,,,,,,,,,
450,0.000560560030862689,-0.30097275972366333,0.00028643468976952136,0.0002736793248914182,4.4597109649657796e-07,0.0,0.0,0.0,2.6704079573391937e-05,0.0,0.0,0.6652293801307678,0.1662883460521698,,,,,,,,,,,,,,,,
451,0.0005001337267458439,-0.30113205313682556,0.00025681330589577556,0.00024287843552883714,4.419869128469145e-07,0.0,0.0,0.0,4.621149128070101e-05,0.0,0.0,0.6570557951927185,0.16556061804294586,,,,,,,,,,,,,,,,
452,0.0005162128945812583,-0.3014678359031677,0.000270405929768458,0.0002454416826367378,3.653094609035179e-07,0.0,0.0,0.0,2.404444785497617e-05,0.0,0.0,0.6704601049423218,0.16623689234256744,,,,,,,,,,,,,,,,
453,0.00048224476631730795,-0.3017929792404175,0.00024774865596555173,0.00023411591246258467,3.8022611192900513e-07,0.0,0.0,0.0,4.5742650399915874e-05,0.0,0.0,0.6728988289833069,0.16596157848834991,,,,,,,,,,,,,,,,
454,0.0005538266850635409,-0.30212587118148804,0.0002883938723243773,0.00026502853143028915,4.042927344016789e-07,0.0,0.0,0.0,5.4092524806037545e-05,0.0,0.0,0.670132040977478,0.16576020419597626,,,,,,,,,,,,,,,,
455,0.0005436561768874526,-0.303771436214447,0.0002838461077772081,0.00025941827334463596,3.9176896393655625e-07,0.0,0.0,0.0,2.490878068783786e-05,0.0,0.0,0.6723729968070984,0.16577285528182983,,,,,,,,,,,,,,,,
456,0.000518058892339468,-0.30401286482810974,0.0002650786773301661,0.00025251167244277894,4.6857095981067687e-07,0.0,0.0,0.0,2.7393505661166273e-05,0.0,0.0,0.6657795310020447,0.16569192707538605,,,,,,,,,,,,,,,,
457,0.0005465815775096416,-0.30495932698249817,0.0002815069165080786,0.0002644818741828203,5.927850565967674e-07,0.0,0.0,0.0,3.3625270589254797e-05,0.0,0.0,0.6639435887336731,0.165808767080307,,,,,,,,,,,,,,,,
458,0.0005610671942122281,-0.3063274323940277,0.0002918749814853072,0.0002688552194740623,3.3693595469230786e-07,0.0,0.0,0.0,5.338760820450261e-05,0.0,0.0,0.6626219153404236,0.16564610600471497,,,,,,,,,,,,,,,,
459,0.0005234996206127107,-0.30760928988456726,0.0002709853870328516,0.0002519501722417772,5.640777089865878e-07,0.0,0.0,0.0,2.7025149393011816e-05,0.0,0.0,0.6480119228363037,0.16565251350402832,,,,,,,,,,,,,,,,
460,0.0005164624890312552,-0.3053029477596283,0.0002642948238644749,0.00025178384385071695,3.837997439859464e-07,0.0,0.0,0.0,5.1377868658164516e-05,0.0,0.0,0.6516056060791016,0.16529129445552826,,,,,,,,,,,,,,,,
461,0.0005484709399752319,-0.30245599150657654,0.0002823231043294072,0.00026568034081719816,4.6747555870751967e-07,0.0,0.0,0.0,5.494290689966874e-06,0.0,0.0,0.6480768918991089,0.1655416637659073,,,,,,,,,,,,,,,,
462,0.0005268941749818623,-0.30632612109184265,0.00026745107606984675,0.0002590739750303328,3.690917367293878e-07,0.0,0.0,0.0,3.216960249119438e-05,0.0,0.0,0.6466689109802246,0.16527356207370758,,,,,,,,,,,,,,,,
463,0.0005033322377130389,-0.3101067841053009,0.0002625487104523927,0.000240371999097988,4.115447325148125e-07,0.0,0.0,0.0,2.4320577722392045e-05,0.0,0.0,0.6429790258407593,0.16497762501239777,,,,,,,,,,,,,,,,
464,0.0004925817484036088,-0.3104836642742157,0.00024901775759644806,0.00024297858180943877,5.854201958754857e-07,0.0,0.0,0.0,3.7325811717892066e-05,0.0,0.0,0.6482922434806824,0.16507430374622345,,,,,,,,,,,,,,,,
465,0.0005185561021789908,-0.308809757232666,0.0002692211710382253,0.0002487548044882715,5.801017550766119e-07,0.0,0.0,0.0,3.3724743843777105e-05,0.0,0.0,0.6440161466598511,0.16488316655158997,,,,,,,,,,,,,,,,
466,0.0004972561146132648,-0.3082294762134552,0.00025119452038779855,0.00024566237698309124,3.992366544025572e-07,0.0,0.0,0.0,4.031908974866383e-05,0.0,0.0,0.6387690305709839,0.16539908945560455,,,,,,,,,,,,,,,,
467,0.0005376420449465513,-0.3070663511753082,0.000277941842796281,0.00025902900961227715,6.711657647429092e-07,0.0,0.0,0.0,3.923012991435826e-05,0.0,0.0,0.6431022882461548,0.16536648571491241,,,,,,,,,,,,,,,,
468,0.0005457326769828796,-0.3097118139266968,0.00027530264924280345,0.0002700410841498524,3.8896445175851113e-07,0.0,0.0,0.0,4.681916470872238e-05,0.0,0.0,0.6522334814071655,0.16530276834964752,,,,,,,,,,,,,,,,
469,0.0005197309073992074,-0.31440994143486023,0.0002601345768198371,0.0002592535165604204,3.4280566296729376e-07,0.0,0.0,0.0,2.9826562240486965e-05,0.0,0.0,0.6360074877738953,0.16453219950199127,,,,,,,,,,,,,,,,
470,0.0005142464651726186,-0.31190934777259827,0.00025994391762651503,0.0002539448323659599,3.57700059794297e-07,0.0,0.0,0.0,6.532357656396925e-05,0.0,0.0,0.6475067138671875,0.16495727002620697,,,,,,,,,,,,,,,,
471,0.0005557342083193362,-0.3092328906059265,0.0002857136423699558,0.000269688869593665,3.317542223157943e-07,0.0,0.0,0.0,4.7906571126077324e-05,0.0,0.0,0.6437864303588867,0.16494983434677124,,,,,,,,,,,,,,,,
472,0.0005161961307749152,-0.3115631341934204,0.00026580478879623115,0.0002499594702385366,4.3187654341636517e-07,0.0,0.0,0.0,8.702875675226096e-06,0.0,0.0,0.6484841704368591,0.16507208347320557,,,,,,,,,,,,,,,,
473,0.00051081896526739,-0.31383779644966125,0.00026420954964123666,0.00024611904518678784,4.904098318547767e-07,0.0,0.0,0.0,1.222395439981483e-05,0.0,0.0,0.648457944393158,0.1649356186389923,,,,,,,,,,,,,,,,
474,0.0005090314080007374,-0.3165144622325897,0.0002615102275740355,0.0002471630577929318,3.5816370314023516e-07,0.0,0.0,0.0,2.3963417334016412e-05,0.0,0.0,0.6492264270782471,0.16502432525157928,,,,,,,,,,,,,,,,
475,0.0004617887898348272,-0.315350741147995,0.00023506824800278991,0.00022634767810814083,3.7287625787030265e-07,0.0,0.0,0.0,5.264703941065818e-05,0.0,0.0,0.6501169800758362,0.16465231776237488,,,,,,,,,,,,,,,,
476,0.0005103062139824033,-0.31395164132118225,0.00026634661480784416,0.00024360384850297123,3.5573637546804093e-07,0.0,0.0,0.0,5.160397267900407e-05,0.0,0.0,0.6537203192710876,0.16503268480300903,,,,,,,,,,,,,,,,
477,0.00048107144539244473,-0.31275880336761475,0.0002450081810820848,0.00023570784833282232,3.5540227827368653e-07,0.0,0.0,0.0,2.3852637241361663e-05,0.0,0.0,0.6503040790557861,0.1650155484676361,,,,,,,,,,,,,,,,
478,0.000559349893592298,-0.31314021348953247,0.0002868539304472506,0.00027205233345739543,4.4364651330397464e-07,0.0,0.0,0.0,6.160420161904767e-05,0.0,0.0,0.6593554615974426,0.16533376276493073,,,,,,,,,,,,,,,,
479,0.0004832267586607486,-0.31801438331604004,0.00024750063312239945,0.00023537523520644754,3.50914376667788e-07,0.0,0.0,0.0,5.890092870686203e-05,0.0,0.0,0.6608461141586304,0.16543500125408173,,,,,,,,,,,,,,,,
480,0.0005333691951818764,-0.3192686140537262,0.00027404239517636597,0.00025899565662257373,3.311452019261196e-07,0.0,0.0,0.0,2.570943979662843e-05,0.0,0.0,0.6624001264572144,0.16553489863872528,,,,,,,,,,,,,,,,
481,0.0005357216577976942,-0.3163776993751526,0.00027695074095390737,0.0002584485337138176,3.2234939340014535e-07,0.0,0.0,0.0,4.557087231660262e-05,0.0,0.0,0.6560428738594055,0.16517744958400726,,,,,,,,,,,,,,,,
482,0.0005152897210791707,-0.3157728910446167,0.0002602300955913961,0.000254588172538206,4.7148517978712334e-07,0.0,0.0,0.0,4.293372330721468e-05,0.0,0.0,0.6534549593925476,0.16502103209495544,,,,,,,,,,,,,,,,
483,0.0004996946081519127,-0.3190433084964752,0.00025630457093939185,0.00024308408319484442,3.0593906785725267e-07,0.0,0.0,0.0,4.489180355449207e-05,0.0,0.0,0.6404536962509155,0.1647144854068756,,,,,,,,,,,,,,,,
484,0.0004926740657538176,-0.32006189227104187,0.00025729899061843753,0.000235035564401187,3.395296914732171e-07,0.0,0.0,0.0,3.626908073783852e-05,0.0,0.0,0.6328567266464233,0.16453567147254944,,,,,,,,,,,,,,,,
485,0.000523311784490943,-0.31854185461997986,0.0002757734910119325,0.0002471141633577645,4.2407287992318743e-07,0.0,0.0,0.0,3.655311593320221e-05,0.0,0.0,0.6315195560455322,0.1641959398984909,,,,,,,,,,,,,,,,
486,0.0005103040602989495,-0.3162669539451599,0.00025965977692976594,0.000250266952207312,3.7736984381808725e-07,0.0,0.0,0.0,4.431481283972971e-05,0.0,0.0,0.6294137835502625,0.16408886015415192,,,,,,,,,,,,,,,,
487,0.0004966802662238479,-0.31773632764816284,0.0002494674117770046,0.00024679582566022873,4.169921794527909e-07,0.0,0.0,0.0,2.9075114071019925e-05,0.0,0.0,0.6291166543960571,0.16401228308677673,,,,,,,,,,,,,,,,
488,0.0005057639791630208,-0.3210352659225464,0.0002609898510854691,0.0002443655102979392,4.086214175913483e-07,0.0,0.0,0.0,3.730016396730207e-05,0.0,0.0,0.63526451587677,0.16428148746490479,,,,,,,,,,,,,,,,
489,0.0004868570249527693,-0.3221355974674225,0.0002445720601826906,0.00024149876844603568,7.862178676987241e-07,0.0,0.0,0.0,3.171276694047265e-05,0.0,0.0,0.6330242156982422,0.16397331655025482,,,,,,,,,,,,,,,,
490,0.0004968681605532765,-0.3220118582248688,0.0002432773180771619,0.0002532780054025352,3.1279930112759757e-07,0.0,0.0,0.0,3.2316052966052666e-05,0.0,0.0,0.645891010761261,0.16468097269535065,,,,,,,,,,,,,,,,
491,0.00049536646110937,-0.3202306926250458,0.00025214257766492665,0.00024276660406030715,4.572540035496786e-07,0.0,0.0,0.0,2.9666231057490222e-05,0.0,0.0,0.6465568542480469,0.16461579501628876,,,,,,,,,,,,,,,,
492,0.0004812806146219373,-0.32085245847702026,0.00024480291176587343,0.00023613280791323632,3.448818119977659e-07,0.0,0.0,0.0,7.833815288904589e-06,0.0,0.0,0.6405487060546875,0.16445773839950562,,,,,,,,,,,,,,,,
493,0.00046040938468649983,-0.32209986448287964,0.00023933823104016483,0.0002208496880484745,2.214900831631894e-07,0.0,0.0,0.0,1.6811529349070042e-05,0.0,0.0,0.6417314410209656,0.1646541953086853,,,,,,,,,,,,,,,,
494,0.0004664263688027859,-0.3233029544353485,0.0002440330572426319,0.00022197481303010136,4.1850290699585457e-07,0.0,0.0,0.0,5.04552481288556e-05,0.0,0.0,0.6482700109481812,0.16499914228916168,,,,,,,,,,,,,,,,
495,0.0004949311842210591,-0.3259204030036926,0.0002593266253825277,0.00023536103253718466,2.435516535115312e-07,0.0,0.0,0.0,2.213221523561515e-05,0.0,0.0,0.6496282815933228,0.16490735113620758,,,,,,,,,,,,,,,,
496,0.0005060421535745263,-0.3252984583377838,0.0002623100590426475,0.00024331254826392978,4.1955817664529604e-07,0.0,0.0,0.0,9.776236765901558e-06,0.0,0.0,0.6445837616920471,0.16437816619873047,,,,,,,,,,,,,,,,
497,0.00045943428995087743,-0.32353928685188293,0.00023267568030860275,0.0002262680936837569,4.905282366962638e-07,0.0,0.0,0.0,1.7652408132562414e-05,0.0,0.0,0.641018271446228,0.1647178828716278,,,,,,,,,,,,,,,,
498,0.0005324065568856895,-0.3253248333930969,0.0002756740723270923,0.00025651100440882146,2.2147995082377747e-07,0.0,0.0,0.0,1.1081073353125248e-05,0.0,0.0,0.6512470245361328,0.1648019552230835,,,,,,,,,,,,,,,,
499,0.00048280844930559397,-0.32720571756362915,0.00024401224800385535,0.00023843820963520557,3.5798635167338944e-07,0.0,0.0,0.0,1.4723576896358281e-05,0.0,0.0,0.6387960314750671,0.16463620960712433,,,,,,,,,,,,,,,,
500,0.0005111845675855875,-0.32639867067337036,0.0002693278656806797,0.00024149962700903416,3.5702043987839716e-07,0.0,0.0,0.0,1.3847993614035659e-05,0.0,0.0,0.6310591697692871,0.16424579918384552,,,,,,,,,,,,,,,,
501,0.0004902920918539166,-0.32490068674087524,0.00025039000320248306,0.000239608867559582,2.932388838416955e-07,0.0,0.0,0.0,1.619441718503367e-05,0.0,0.0,0.6350775957107544,0.16446952521800995,,,,,,,,,,,,,,,,
502,0.00047806481597945094,-0.3266414403915405,0.00024152347759809345,0.00023627719201613218,2.641515948198503e-07,0.0,0.0,0.0,4.792696199729107e-05,0.0,0.0,0.6272107362747192,0.16378472745418549,,,,,,,,,,,,,,,,
503,0.00048661718028597534,-0.32891303300857544,0.00024818599922582507,0.00023804203374311328,3.891483970619447e-07,0.0,0.0,0.0,9.768503332452383e-06,0.0,0.0,0.6264174580574036,0.16393879055976868,,,,,,,,,,,,,,,,
504,0.0004901689244434237,-0.3309662342071533,0.0002485420263838023,0.0002413415495539084,2.8533744966807717e-07,0.0,0.0,0.0,2.5116431061178446e-05,0.0,0.0,0.6200886368751526,0.16386361420154572,,,,,,,,,,,,,,,,
505,0.0004770929808728397,-0.3300299048423767,0.00024989849771372974,0.00022686885495204479,3.2560308227402857e-07,0.0,0.0,0.0,2.1278216081555e-05,0.0,0.0,0.6173230409622192,0.16324244439601898,,,,,,,,,,,,,,,,
506,0.00048411096213385463,-0.3303366005420685,0.00024727394338697195,0.00023639075516257435,4.462720255560271e-07,0.0,0.0,0.0,2.233154373243451e-05,0.0,0.0,0.6299254894256592,0.16397154331207275,,,,,,,,,,,,,,,,
507,0.0004708333290182054,-0.33027487993240356,0.00024087497149594128,0.000229795157792978,1.6322263718393515e-07,0.0,0.0,0.0,3.057575668208301e-05,0.0,0.0,0.6273646950721741,0.16436921060085297,,,,,,,,,,,,,,,,
508,0.00044732310925610363,-0.3290463089942932,0.0002265722578158602,0.00022051914129406214,2.3168999518929922e-07,0.0,0.0,0.0,2.2786034605815075e-05,0.0,0.0,0.6345309019088745,0.16404862701892853,,,,,,,,,,,,,,,,
509,0.00045520588173530996,-0.328374445438385,0.00023491468164138496,0.00022006782819516957,2.233859532907445e-07,0.0,0.0,0.0,2.7596839572652243e-05,0.0,0.0,0.639153242111206,0.16408227384090424,,,,,,,,,,,,,,,,
510,0.0004709434579126537,-0.3300693929195404,0.0002417298237560317,0.0002289589901920408,2.54653173215047e-07,0.0,0.0,0.0,1.1598800483625382e-05,0.0,0.0,0.6305342316627502,0.16418693959712982,,,,,,,,,,,,,,,,
511,0.0004998568329028785,-0.3329005837440491,0.00026179791893810034,0.00023779187176842242,2.6705458822107175e-07,0.0,0.0,0.0,1.7263202607864514e-05,0.0,0.0,0.6275911331176758,0.16451357305049896,,,,,,,,,,,,,,,,
512,0.0005086492164991796,-0.3325393497943878,0.0002620996965561062,0.000246142823016271,4.0668538758836803e-07,0.0,0.0,0.0,2.3886081180535257e-05,0.0,0.0,0.6269335150718689,0.16400690376758575,,,,,,,,,,,,,,,,
513,0.00047030005953274667,-0.3325461149215698,0.00023985352891031653,0.0002302700886502862,1.76442824795231e-07,0.0,0.0,0.0,1.4184939573169686e-05,0.0,0.0,0.6244917511940002,0.1640036553144455,,,,,,,,,,,,,,,,
514,0.0004556314379442483,-0.3320753574371338,0.00023003979003988206,0.00022527063265442848,3.210278407550504e-07,0.0,0.0,0.0,3.7959092878736556e-05,0.0,0.0,0.6323047280311584,0.16390669345855713,,,,,,,,,,,,,,,,
515,0.0004325305635575205,-0.3318469226360321,0.00021908288181293756,0.0002132050140062347,2.4265392539746244e-07,0.0,0.0,0.0,2.824879265972413e-05,0.0,0.0,0.6391901969909668,0.1640266329050064,,,,,,,,,,,,,,,,
516,0.00044955487828701735,-0.3332231044769287,0.00023527847952209413,0.00021407331223599613,2.0309086323777592e-07,0.0,0.0,0.0,2.017020233324729e-05,0.0,0.0,0.6336960196495056,0.16374820470809937,,,,,,,,,,,,,,,,
517,0.0004509534337557852,-0.33550065755844116,0.00023490712919738144,0.00021575587743427604,2.904276641402248e-07,0.0,0.0,0.0,4.2167950596194714e-05,0.0,0.0,0.6265179514884949,0.16389185190200806,,,,,,,,,,,,,,,,
518,0.0004923382075503469,-0.33606085181236267,0.0002540126151870936,0.0002381317608524114,1.938360298936459e-07,0.0,0.0,0.0,1.841847551986575e-05,0.0,0.0,0.6295331716537476,0.16363199055194855,,,,,,,,,,,,,,,,
519,0.00047730052028782666,-0.3363696336746216,0.0002480387920513749,0.00022886107035446912,4.0068331941256474e-07,0.0,0.0,0.0,2.1716839910368435e-05,0.0,0.0,0.6160154342651367,0.1633179634809494,,,,,,,,,,,,,,,,
520,0.00047523443936370313,-0.33718472719192505,0.00024403372663073242,0.00023093925847206265,2.6145130505028646e-07,0.0,0.0,0.0,4.117355274502188e-05,0.0,0.0,0.6343544721603394,0.16362154483795166,,,,,,,,,,,,,,,,
521,0.0004615448124241084,-0.3370150029659271,0.00023727792722638696,0.00022402615286409855,2.407295198736392e-07,0.0,0.0,0.0,3.877911876770668e-05,0.0,0.0,0.6371590495109558,0.16391125321388245,,,,,,,,,,,,,,,,
522,0.0004537469649221748,-0.3395121693611145,0.00023324911308009177,0.0002202496980316937,2.481589262970374e-07,0.0,0.0,0.0,1.8157903468818404e-05,0.0,0.0,0.6413840055465698,0.16415536403656006,,,,,,,,,,,,,,,,
523,0.0004248985496815294,-0.3401085138320923,0.00021660224592778832,0.0002079816913465038,3.146159031075513e-07,0.0,0.0,0.0,1.017799149849452e-05,0.0,0.0,0.642937421798706,0.1640135645866394,,,,,,,,,,,,,,,,
524,0.0004448364197742194,-0.33794647455215454,0.00022980458743404597,0.00021476550318766385,2.663363147803466e-07,0.0,0.0,0.0,3.544415085343644e-05,0.0,0.0,0.6346727013587952,0.16349303722381592,,,,,,,,,,,,,,,,
525,0.0004456069727893919,-0.335883766412735,0.0002277676685480401,0.00021757782087661326,2.6148885012844403e-07,0.0,0.0,0.0,2.160429176001344e-05,0.0,0.0,0.6444072127342224,0.16393186151981354,,,,,,,,,,,,,,,,
526,0.000462678843177855,-0.33552566170692444,0.00022847333457320929,0.0002339862985536456,2.1919741755027644e-07,0.0,0.0,0.0,9.417827641300391e-06,0.0,0.0,0.6266891956329346,0.16330111026763916,,,,,,,,,,,,,,,,
527,0.0004955395706929266,-0.33857855200767517,0.0002508144243620336,0.0002444183628540486,3.0682554097438697e-07,0.0,0.0,0.0,2.841552941390546e-06,0.0,0.0,0.630426824092865,0.16351664066314697,,,,,,,,,,,,,,,,
528,0.00045384076656773686,-0.34081190824508667,0.00023683304607402533,0.00021679171186406165,2.1600088473405776e-07,0.0,0.0,0.0,9.399946065968834e-06,0.0,0.0,0.6185096502304077,0.16298557817935944,,,,,,,,,,,,,,,,
529,0.0004890525015071034,-0.3423191010951996,0.00025138637283816934,0.00023746653459966183,1.9960722852374602e-07,0.0,0.0,0.0,1.0446025044075213e-05,0.0,0.0,0.6061121225357056,0.16232626140117645,,,,,,,,,,,,,,,,
530,0.0004917657352052629,-0.34091752767562866,0.00024626433150842786,0.0002452520711813122,2.493240742751368e-07,0.0,0.0,0.0,8.63533750816714e-06,0.0,0.0,0.6122294664382935,0.16242823004722595,,,,,,,,,,,,,,,,
531,0.00046186402323655784,-0.34103813767433167,0.00023709215747658163,0.00022458437888417393,1.8748492891518254e-07,0.0,0.0,0.0,9.537291589367669e-06,0.0,0.0,0.6143887639045715,0.1626269817352295,,,,,,,,,,,,,,,,
532,0.0004319477593526244,-0.3447825014591217,0.00022342738520819694,0.00020829832646995783,2.220749877324124e-07,0.0,0.0,0.0,7.90190551924752e-06,0.0,0.0,0.6240814924240112,0.16280241310596466,,,,,,,,,,,,,,,,
533,0.000450628693215549,-0.3434777557849884,0.00023212609812617302,0.00021829463366884738,2.0798968591861922e-07,0.0,0.0,0.0,4.580244421958923e-06,0.0,0.0,0.6183334589004517,0.16242177784442902,,,,,,,,,,,,,,,,
534,0.000434608111390844,-0.339358925819397,0.00022429916134569794,0.00021013477817177773,1.741758524076431e-07,0.0,0.0,0.0,5.678771685779793e-06,0.0,0.0,0.6345844864845276,0.16325166821479797,,,,,,,,,,,,,,,,
535,0.0004476525937207043,-0.34032198786735535,0.0002262575289933011,0.00022119574714452028,1.9931495387481846e-07,0.0,0.0,0.0,4.283002454030793e-06,0.0,0.0,0.6427812576293945,0.163594052195549,,,,,,,,,,,,,,,,
536,0.00046286650467664003,-0.34570184350013733,0.00023461277305614203,0.00022807014465797693,1.8360084652613295e-07,0.0,0.0,0.0,3.7981167224643286e-06,0.0,0.0,0.6459153294563293,0.1636543720960617,,,,,,,,,,,,,,,,
537,0.0004196426016278565,-0.3488297164440155,0.00021411098714452237,0.00020534478244371712,1.8685858549361e-07,0.0,0.0,0.0,1.9550196157069877e-05,0.0,0.0,0.6441047787666321,0.16348375380039215,,,,,,,,,,,,,,,,
538,0.0004600841202773154,-0.3441983163356781,0.00023533712374046445,0.000224595089093782,1.519226202617574e-07,0.0,0.0,0.0,3.96930727220024e-06,0.0,0.0,0.6364675760269165,0.16353335976600647,,,,,,,,,,,,,,,,
539,0.0004587260482367128,-0.34410619735717773,0.00023570207122247666,0.00022284079750534147,1.8318478112178127e-07,0.0,0.0,0.0,1.616998815734405e-05,0.0,0.0,0.6316791772842407,0.1639266014099121,,,,,,,,,,,,,,,,
540,0.0005011482280679047,-0.34601932764053345,0.00025680381804704666,0.00024411160848103464,2.3278852268049377e-07,0.0,0.0,0.0,1.1105530575150624e-05,0.0,0.0,0.6259284615516663,0.16316674649715424,,,,,,,,,,,,,,,,
541,0.00043623437522910535,-0.3486669957637787,0.0002214628184447065,0.00021465955069288611,1.1201881733313712e-07,0.0,0.0,0.0,1.554261143610347e-05,0.0,0.0,0.6077861785888672,0.16304722428321838,,,,,,,,,,,,,,,,
542,0.00043368624756112695,-0.3491869270801544,0.00022358360001817346,0.00020998396212235093,1.186718705525891e-07,0.0,0.0,0.0,8.403367246501148e-06,0.0,0.0,0.6174065470695496,0.16316473484039307,,,,,,,,,,,,,,,,
543,0.00044010879355482757,-0.34546932578086853,0.0002295216836500913,0.00021043785091023892,1.4926966684924992e-07,0.0,0.0,0.0,3.521839244058356e-05,0.0,0.0,0.6182461977005005,0.162572979927063,,,,,,,,,,,,,,,,
544,0.00044490897562354803,-0.34664371609687805,0.00023137406969908625,0.00021341336832847446,1.2152705153312127e-07,0.0,0.0,0.0,3.156332240905613e-05,0.0,0.0,0.6177250742912292,0.16255128383636475,,,,,,,,,,,,,,,,
545,0.00046020609443075955,-0.34837406873703003,0.00023707235231995583,0.00022301491117104888,1.1882259798312589e-07,0.0,0.0,0.0,4.238764813635498e-05,0.0,0.0,0.6146153211593628,0.16264469921588898,,,,,,,,,,,,,,,,
546,0.0004179498937446624,-0.3512633144855499,0.0002162321179639548,0.00020155559468548745,1.622075842533377e-07,0.0,0.0,0.0,2.520269845263101e-05,0.0,0.0,0.6252517700195312,0.16320596635341644,,,,,,,,,,,,,,,,
547,0.0004417321179062128,-0.35064244270324707,0.00022600921511184424,0.00021558032312896103,1.4258725400395633e-07,0.0,0.0,0.0,1.6866471924004145e-05,0.0,0.0,0.6260567903518677,0.1635284274816513,,,,,,,,,,,,,,,,
548,0.0004379832244012505,-0.3491768538951874,0.00022438477026298642,0.00021330777963157743,2.90650149281646e-07,0.0,0.0,0.0,1.8988537703990005e-05,0.0,0.0,0.6183945536613464,0.1627129167318344,,,,,,,,,,,,,,,,
549,0.0005113058723509312,-0.34905344247817993,0.0002657813602127135,0.00024532407405786216,2.004941563882312e-07,0.0,0.0,0.0,2.214795858890284e-05,0.0,0.0,0.6277421116828918,0.1632646769285202,,,,,,,,,,,,,,,,
550,0.0004756834532599896,-0.35144951939582825,0.00024321148521266878,0.00023226819757837802,2.0376383247366903e-07,0.0,0.0,0.0,2.6991918275598437e-05,0.0,0.0,0.6206337809562683,0.16336983442306519,,,,,,,,,,,,,,,,
551,0.00040279192035086453,-0.35377877950668335,0.0002064552390947938,0.00019620942475739866,1.2727652176636184e-07,0.0,0.0,0.0,1.0534998182265554e-05,0.0,0.0,0.622062087059021,0.16272099316120148,,,,,,,,,,,,,,,,
552,0.00043678516522049904,-0.3536548614501953,0.0002270421537104994,0.00020957794913556427,1.6508617761701316e-07,0.0,0.0,0.0,2.439608761051204e-05,0.0,0.0,0.6259599924087524,0.16354000568389893,,,,,,,,,,,,,,,,
553,0.0004524092946667224,-0.35118842124938965,0.00023682283062953502,0.00021542426839005202,1.6218687903801765e-07,0.0,0.0,0.0,3.8699639844708145e-05,0.0,0.0,0.6284201741218567,0.16341450810432434,,,,,,,,,,,,,,,,
554,0.0004099265206605196,-0.35182738304138184,0.00020372345170471817,0.00020604270684998482,1.6034763916650263e-07,0.0,0.0,0.0,2.673367089300882e-05,0.0,0.0,0.6300641298294067,0.16344323754310608,,,,,,,,,,,,,,,,
555,0.00043178818305023015,-0.3543616235256195,0.00021882321743760258,0.0002128404303221032,1.2454847819753923e-07,0.0,0.0,0.0,1.7597789337742142e-05,0.0,0.0,0.6362208127975464,0.16362078487873077,,,,,,,,,,,,,,,,
556,0.000422088400227949,-0.3566070795059204,0.00021511869272217155,0.00020684165065176785,1.2805683979877358e-07,0.0,0.0,0.0,2.2558533601113595e-05,0.0,0.0,0.620030403137207,0.16278214752674103,,,,,,,,,,,,,,,,
557,0.00042671174742281437,-0.35326939821243286,0.0002155299880541861,0.00021105892665218562,1.228196282454519e-07,0.0,0.0,0.0,2.7504060199134983e-05,0.0,0.0,0.6171233057975769,0.16278532147407532,,,,,,,,,,,,,,,,
558,0.00044819028698839247,-0.3517617881298065,0.00023101981787476689,0.0002169923682231456,1.7809055918860395e-07,0.0,0.0,0.0,2.4542685423512012e-05,0.0,0.0,0.6169445514678955,0.16270123422145844,,,,,,,,,,,,,,,,
559,0.00043682666728273034,-0.35313355922698975,0.00022351116058416665,0.00021318663493730128,1.288602362592428e-07,0.0,0.0,0.0,2.282671630382538e-06,0.0,0.0,0.6118949055671692,0.1623084992170334,,,,,,,,,,,,,,,,
560,0.000415043585235253,-0.35662105679512024,0.0002165119512937963,0.0001983997062779963,1.3194156167628535e-07,0.0,0.0,0.0,2.3518496163887903e-05,0.0,0.0,0.6170787811279297,0.1625005006790161,,,,,,,,,,,,,,,,
561,0.000421459466451779,-0.3572428524494171,0.00021687890694011003,0.0002044192369794473,1.613283018286893e-07,0.0,0.0,0.0,4.707059815700632e-06,0.0,0.0,0.6146197319030762,0.16262288391590118,,,,,,,,,,,,,,,,
562,0.00043057784205302596,-0.3565908670425415,0.00022255154908634722,0.00020795094314962626,7.536095125715292e-08,0.0,0.0,0.0,1.363048158964375e-05,0.0,0.0,0.6077754497528076,0.1622270941734314,,,,,,,,,,,,,,,,
563,0.0004150231834501028,-0.3567168414592743,0.00021163774363230914,0.00020326842786744237,1.1700976898509907e-07,0.0,0.0,0.0,2.207419129263144e-05,0.0,0.0,0.6227683424949646,0.16279631853103638,,,,,,,,,,,,,,,,
564,0.0004244578303769231,-0.3580024242401123,0.00021697719057556242,0.00020726409275084734,2.1654336990195588e-07,0.0,0.0,0.0,2.401590063527692e-05,0.0,0.0,0.6143357753753662,0.16260409355163574,,,,,,,,,,,,,,,,
565,0.0004359683662187308,-0.3572235107421875,0.0002184901968576014,0.0002173839893657714,9.418090485269204e-08,0.0,0.0,0.0,6.157945790619124e-06,0.0,0.0,0.617171049118042,0.16288910806179047,,,,,,,,,,,,,,,,
566,0.0004138634540140629,-0.35750260949134827,0.00021560912136919796,0.00019811985839623958,1.3445833246805705e-07,0.0,0.0,0.0,5.7440652199147735e-06,0.0,0.0,0.6183551549911499,0.16303814947605133,,,,,,,,,,,,,,,,
567,0.0004357391153462231,-0.3589209318161011,0.00022903882199898362,0.00020657596178352833,1.243295315589421e-07,0.0,0.0,0.0,1.5974910638760775e-05,0.0,0.0,0.6274354457855225,0.16296765208244324,,,,,,,,,,,,,,,,
568,0.00041046313708648086,-0.35909196734428406,0.00021230211132206023,0.00019805814372375607,1.0289397067708705e-07,0.0,0.0,0.0,1.1864612133649644e-05,0.0,0.0,0.6272018551826477,0.1632358282804489,,,,,,,,,,,,,,,,
569,0.00039658532477915287,-0.36058667302131653,0.00020095396030228585,0.00019555575272534043,7.560480241863843e-08,0.0,0.0,0.0,9.873680937744211e-06,0.0,0.0,0.6142336130142212,0.1628599315881729,,,,,,,,,,,,,,,,
570,0.0004478894406929612,-0.3600916266441345,0.00022383964096661657,0.00022391612583305687,1.336819366315467e-07,0.0,0.0,0.0,1.724161847960204e-05,0.0,0.0,0.6287928819656372,0.16311587393283844,,,,,,,,,,,,,,,,
571,0.0004352577670942992,-0.3619987964630127,0.0002226301730843261,0.00021254016610328108,8.742716772758286e-08,0.0,0.0,0.0,1.1027443179045804e-05,0.0,0.0,0.6121196746826172,0.16223125159740448,,,,,,,,,,,,,,,,
572,0.000408274179790169,-0.3612719774246216,0.00020898001093883067,0.00019913821597583592,1.5594935121043818e-07,0.0,0.0,0.0,9.309291272074915e-06,0.0,0.0,0.6090483665466309,0.16248765587806702,,,,,,,,,,,,,,,,
573,0.0004311618977226317,-0.35821548104286194,0.00021933963580522686,0.0002117220574291423,1.0019741836231333e-07,0.0,0.0,0.0,2.957089009214542e-07,0.0,0.0,0.6015441417694092,0.1618485152721405,,,,,,,,,,,,,,,,
574,0.00045516123645938933,-0.3610037863254547,0.00022933831496629864,0.00022568923304788768,1.3366113194024365e-07,0.0,0.0,0.0,1.923881791299209e-05,0.0,0.0,0.5981158018112183,0.16210512816905975,,,,,,,,,,,,,,,,
575,0.0004074682656209916,-0.3653411865234375,0.00020763247448485345,0.00019973289454355836,1.0289126350926381e-07,0.0,0.0,0.0,1.2422588042682037e-06,0.0,0.0,0.6091182827949524,0.16266535222530365,,,,,,,,,,,,,,,,
576,0.0004269024939276278,-0.36388570070266724,0.00022102180810179561,0.00020574353402480483,1.371389117821309e-07,0.0,0.0,0.0,1.5105978491192218e-05,0.0,0.0,0.5982483625411987,0.16224080324172974,,,,,,,,,,,,,,,,
577,0.00040292582707479596,-0.363345205783844,0.00020572691573761404,0.00019710438209585845,9.453439986373269e-08,0.0,0.0,0.0,8.966570931079332e-06,0.0,0.0,0.6070882678031921,0.16240614652633667,,,,,,,,,,,,,,,,
578,0.00045175605919212103,-0.36408644914627075,0.00023202034935820848,0.0002196355926571414,1.0012178819351902e-07,0.0,0.0,0.0,2.1926418412476778e-05,0.0,0.0,0.5967596173286438,0.16189923882484436,,,,,,,,,,,,,,,,
579,0.0004486458783503622,-0.36611849069595337,0.0002309221017640084,0.00021760843810625374,1.1534643107324882e-07,0.0,0.0,0.0,1.3288390618981794e-05,0.0,0.0,0.6017394661903381,0.16237477958202362,,,,,,,,,,,,,,,,
580,0.0004124196129851043,-0.3643890917301178,0.00021287430718075484,0.0001994213234866038,1.2397406123909605e-07,0.0,0.0,0.0,1.9964029434049735e-06,0.0,0.0,0.6083513498306274,0.1620643138885498,,,,,,,,,,,,,,,,
581,0.000385462335543707,-0.36399322748184204,0.0001965919218491763,0.0001887706748675555,9.974537107382275e-08,0.0,0.0,0.0,3.091243343078531e-05,0.0,0.0,0.6093449592590332,0.161916121840477,,,,,,,,,,,,,,,,
582,0.0004783988988492638,-0.3649088144302368,0.00024563036276958883,0.0002326445101061836,1.2400680304835987e-07,0.0,0.0,0.0,1.4198186363501009e-05,0.0,0.0,0.6196250915527344,0.16278178989887238,,,,,,,,,,,,,,,,
583,0.0004402912745717913,-0.37017911672592163,0.00022602349054068327,0.00021413204376585782,1.3574283741490945e-07,0.0,0.0,0.0,7.78564117354108e-06,0.0,0.0,0.6217231154441833,0.16260603070259094,,,,,,,,,,,,,,,,
584,0.0004498828202486038,-0.36652159690856934,0.00022623242693953216,0.000223555660340935,9.472044837366411e-08,0.0,0.0,0.0,4.432054538483499e-06,0.0,0.0,0.6218185424804688,0.16291183233261108,,,,,,,,,,,,,,,,
585,0.0004532759776338935,-0.36475035548210144,0.00023032307217363268,0.0002227900258731097,1.6287366122469393e-07,0.0,0.0,0.0,5.046226547733568e-08,0.0,0.0,0.6218714118003845,0.16273775696754456,,,,,,,,,,,,,,,,
586,0.00041587502346374094,-0.3664892017841339,0.00021756072237621993,0.00019818196597043425,1.323417961884843e-07,0.0,0.0,0.0,4.8916383093455806e-05,0.0,0.0,0.6192089915275574,0.16265767812728882,,,,,,,,,,,,,,,,
587,0.0004247480828780681,-0.37317055463790894,0.000216565968003124,0.00020797869365196675,2.0339832929039403e-07,0.0,0.0,0.0,1.4755722077097744e-05,0.0,0.0,0.6103737950325012,0.16244052350521088,,,,,,,,,,,,,,,,
588,0.0004133472975809127,-0.3704394996166229,0.0002121022844221443,0.00020112513448111713,1.1988633730197762e-07,0.0,0.0,0.0,7.83393898018403e-06,0.0,0.0,0.6187552213668823,0.16211578249931335,,,,,,,,,,,,,,,,
589,0.000434575806139037,-0.3663293421268463,0.0002274050930282101,0.00020709351520054042,7.72046888641853e-08,0.0,0.0,0.0,1.2376994163787458e-05,0.0,0.0,0.6120604276657104,0.16190166771411896,,,,,,,,,,,,,,,,
590,0.00047193432692438364,-0.36744701862335205,0.00024176272563636303,0.00023008686548564583,8.474884793940873e-08,0.0,0.0,0.0,2.741952357609989e-06,0.0,0.0,0.6092872619628906,0.16177308559417725,,,,,,,,,,,,,,,,
591,0.0004075964679941535,-0.37378567457199097,0.00020993863290641457,0.00019755007815547287,1.0773681680120717e-07,0.0,0.0,0.0,1.4342364920594264e-05,0.0,0.0,0.6076300144195557,0.16231390833854675,,,,,,,,,,,,,,,,
592,0.0003971844562329352,-0.3745819330215454,0.00020388929988257587,0.0001931828010128811,1.1233533570020882e-07,0.0,0.0,0.0,2.267869376737508e-06,0.0,0.0,0.6013950109481812,0.16166554391384125,,,,,,,,,,,,,,,,
593,0.00039834040217101574,-0.3689554035663605,0.00020388154371175915,0.0001943799143191427,7.892963793665331e-08,0.0,0.0,0.0,1.1115256711491384e-05,0.0,0.0,0.5949889421463013,0.16150033473968506,,,,,,,,,,,,,,,,
594,0.00045097238034941256,-0.368106871843338,0.000229730736464262,0.00022114746388979256,9.417856716709139e-08,0.0,0.0,0.0,9.462834896112327e-06,0.0,0.0,0.6025106310844421,0.1613137573003769,,,,,,,,,,,,,,,,
595,0.000519760767929256,-0.372871071100235,0.0002658040029928088,0.0002538063272368163,1.5041878498323058e-07,0.0,0.0,0.0,2.3924216293380596e-05,0.0,0.0,0.5914801955223083,0.16154536604881287,,,,,,,,,,,,,,,,
596,0.00041025588870979846,-0.3744812607765198,0.0002107765612890944,0.00019939427147619426,8.507846160910049e-08,0.0,0.0,0.0,1.3168175428290851e-05,0.0,0.0,0.5913990139961243,0.16114002466201782,,,,,,,,,,,,,,,,
597,0.00040120264748111367,-0.3721292018890381,0.00020464116823859513,0.00019644507847260684,1.164062908287633e-07,0.0,0.0,0.0,1.6156709534698166e-05,0.0,0.0,0.5785362124443054,0.16045762598514557,,,,,,,,,,,,,,,,
598,0.00042072735959663987,-0.3710699677467346,0.00021812939667142928,0.00020250893430784345,8.904236636908536e-08,0.0,0.0,0.0,3.321960321045481e-05,0.0,0.0,0.5972462892532349,0.1617620438337326,,,,,,,,,,,,,,,,
599,0.0003822393191512674,-0.3736526370048523,0.00019740339484997094,0.00018476533296052366,7.056695494611631e-08,0.0,0.0,0.0,1.2294279258640017e-05,0.0,0.0,0.5986714959144592,0.16134245693683624,,,,,,,,,,,,,,,,
600,0.00037575841997750103,-0.3768138289451599,0.00019263304420746863,0.00018306143465451896,6.392880891326058e-08,0.0,0.0,0.0,1.2540966054075398e-05,0.0,0.0,0.6096874475479126,0.161931574344635,,,,,,,,,,,,,,,,
601,0.0004160137032158673,-0.37393853068351746,0.00021602494234684855,0.00019992004672531039,6.87282835087899e-08,0.0,0.0,0.0,1.4765803825866897e-05,0.0,0.0,0.6121863722801208,0.1624564677476883,,,,,,,,,,,,,,,,
602,0.00039914294029586017,-0.3732801377773285,0.0002028044982580468,0.0001962369424290955,1.0148700368972641e-07,0.0,0.0,0.0,1.4887443285260815e-05,0.0,0.0,0.6152076125144958,0.1624460518360138,,,,,,,,,,,,,,,,
603,0.0003906072524841875,-0.3758908212184906,0.00019974424503743649,0.00019077217439189553,9.083209562277261e-08,0.0,0.0,0.0,7.885045306466054e-06,0.0,0.0,0.6176995635032654,0.1621723622083664,,,,,,,,,,,,,,,,
604,0.00037119118496775627,-0.3795633912086487,0.00019030117255169898,0.00018056710541713983,3.22920044482089e-07,0.0,0.0,0.0,1.8114613340003416e-05,0.0,0.0,0.618249773979187,0.16242079436779022,,,,,,,,,,,,,,,,
605,0.0003753134806174785,-0.3779873847961426,0.0001923231320688501,0.00018290949810761958,8.084276714726002e-08,0.0,0.0,0.0,2.0167239199508913e-05,0.0,0.0,0.6050882339477539,0.16186490654945374,,,,,,,,,,,,,,,,
606,0.00038666516775265336,-0.3755606412887573,0.00019799072470050305,0.0001886123209260404,6.210227354586095e-08,0.0,0.0,0.0,1.101768884836929e-05,0.0,0.0,0.601630449295044,0.16152487695217133,,,,,,,,,,,,,,,,
607,0.00042926042806357145,-0.3767535090446472,0.00021741882665082812,0.00021177767484914511,6.391402251892941e-08,0.0,0.0,0.0,1.2114757737435866e-05,0.0,0.0,0.5996150970458984,0.16206519305706024,,,,,,,,,,,,,,,,
608,0.0003578377072699368,-0.3779888451099396,0.00017830399156082422,0.00017944657884072512,8.714596333447844e-08,0.0,0.0,0.0,2.509853948140517e-05,0.0,0.0,0.5838744044303894,0.16052280366420746,,,,,,,,,,,,,,,,
609,0.0004132490139454603,-0.37838494777679443,0.0002094763913191855,0.00020369455160107464,7.80610136530413e-08,0.0,0.0,0.0,7.800742423569318e-06,0.0,0.0,0.5941399931907654,0.1616394966840744,,,,,,,,,,,,,,,,
610,0.000416620314354077,-0.37727436423301697,0.00021199346520006657,0.00020450160081963986,1.2524752435183473e-07,0.0,0.0,0.0,1.7946065781870857e-05,0.0,0.0,0.6033890843391418,0.16195042431354523,,,,,,,,,,,,,,,,
611,0.0003608197730500251,-0.379395455121994,0.00018484734755475074,0.00017584349552635103,1.2894382450667763e-07,0.0,0.0,0.0,2.4296584797411924e-06,0.0,0.0,0.5978658199310303,0.16114158928394318,,,,,,,,,,,,,,,,
612,0.00036971576628275216,-0.38046348094940186,0.0001878181064967066,0.00018182385247200727,7.38019139134849e-08,0.0,0.0,0.0,7.677334906475153e-06,0.0,0.0,0.6102510094642639,0.16198427975177765,,,,,,,,,,,,,,,,
613,0.0004064871754962951,-0.3791118860244751,0.0002045166038442403,0.0002019020903389901,6.848408418136387e-08,0.0,0.0,0.0,6.144658186713059e-07,0.0,0.0,0.6150878071784973,0.1614881455898285,,,,,,,,,,,,,,,,
614,0.00039861295954324305,-0.3788082003593445,0.0002021687396336347,0.00019638013327494264,6.409084818415067e-08,0.0,0.0,0.0,4.0678094137547305e-07,0.0,0.0,0.624001681804657,0.16232924163341522,,,,,,,,,,,,,,,,
615,0.0003896524431183934,-0.38221848011016846,0.00020022175158374012,0.00018933035607915372,1.0035558517529353e-07,0.0,0.0,0.0,1.754013828758616e-05,0.0,0.0,0.6286001205444336,0.162119060754776,,,,,,,,,,,,,,,,
616,0.0003685759147629142,-0.38213807344436646,0.00018820395052898675,0.00018021847063209862,1.5349957038779394e-07,0.0,0.0,0.0,1.7471598766860552e-05,0.0,0.0,0.6146758198738098,0.16197548806667328,,,,,,,,,,,,,,,,
617,0.00039251017733477056,-0.38044407963752747,0.00020515992946457118,0.00018726657435763627,8.366544790305852e-08,0.0,0.0,0.0,3.3350224839523435e-06,0.0,0.0,0.619013249874115,0.16196590662002563,,,,,,,,,,,,,,,,
618,0.0003789158654399216,-0.38128411769866943,0.00019392228568904102,0.00018492419621907175,6.937595031786259e-08,0.0,0.0,0.0,1.0863935131055769e-05,0.0,0.0,0.6140346527099609,0.16203713417053223,,,,,,,,,,,,,,,,
619,0.00041537603829056025,-0.38337403535842896,0.00021304728579707444,0.00020223121100571007,9.75517622237021e-08,0.0,0.0,0.0,1.5371966583188623e-05,0.0,0.0,0.5966309309005737,0.1612449586391449,,,,,,,,,,,,,,,,
620,0.0003890524967573583,-0.38382288813591003,0.0001981423847610131,0.00019075795717071742,1.5215299242754554e-07,0.0,0.0,0.0,5.372858140617609e-06,0.0,0.0,0.5729122757911682,0.159910649061203,,,,,,,,,,,,,,,,
621,0.0003698942018672824,-0.38244396448135376,0.00018874765373766422,0.00018109144002664834,5.511916967293473e-08,0.0,0.0,0.0,1.2578967471199576e-05,0.0,0.0,0.5703216791152954,0.16027051210403442,,,,,,,,,,,,,,,,
622,0.0003909170627593994,-0.3827381730079651,0.0001975233608391136,0.00019334119861014187,5.249339096735639e-08,0.0,0.0,0.0,3.571276238290011e-06,0.0,0.0,0.5722725987434387,0.16021385788917542,,,,,,,,,,,,,,,,
623,0.00036269385600462556,-0.3850342929363251,0.00018455939425621182,0.0001780737075023353,6.075543268480033e-08,0.0,0.0,0.0,4.544066996459151e-06,0.0,0.0,0.5621414184570312,0.16026806831359863,,,,,,,,,,,,,,,,
624,0.0003656379703897983,-0.38909730315208435,0.00018712104065343738,0.0001784519263310358,6.497532467619749e-08,0.0,0.0,0.0,2.874470510505489e-07,0.0,0.0,0.5769079327583313,0.1614171862602234,,,,,,,,,,,,,,,,
625,0.00037097951280884445,-0.3852953314781189,0.00018664306844584644,0.00018426839960739017,6.803249874565154e-08,0.0,0.0,0.0,2.883416527765803e-06,0.0,0.0,0.5766809582710266,0.16118089854717255,,,,,,,,,,,,,,,,
626,0.0004136138304602355,-0.3837188184261322,0.00021163524070288986,0.00020188905182294548,8.955419161793543e-08,0.0,0.0,0.0,3.005480039064423e-06,0.0,0.0,0.6158327460289001,0.16211441159248352,,,,,,,,,,,,,,,,
627,0.00037802496808581054,-0.38559022545814514,0.0001950649166246876,0.0001828961685532704,6.386976991734628e-08,0.0,0.0,0.0,3.0769033401156776e-06,0.0,0.0,0.624260663986206,0.16297177970409393,,,,,,,,,,,,,,,,
628,0.0003898955474141985,-0.3880699872970581,0.00020002636301796883,0.00018978977459482849,7.94245167412555e-08,0.0,0.0,0.0,3.313256684123189e-06,0.0,0.0,0.6213441491127014,0.16248005628585815,,,,,,,,,,,,,,,,
629,0.0003851320070680231,-0.38753098249435425,0.00019791653903666884,0.0001871449057944119,7.058819306848818e-08,0.0,0.0,0.0,2.7985506676486693e-05,0.0,0.0,0.6239824891090393,0.16248781979084015,,,,,,,,,,,,,,,,
630,0.0003587898099794984,-0.38439905643463135,0.00018389067554380745,0.00017483322881162167,6.58765770822356e-08,0.0,0.0,0.0,6.098258040765359e-07,0.0,0.0,0.616370677947998,0.1620403379201889,,,,,,,,,,,,,,,,
631,0.0003822752623818815,-0.3858683705329895,0.00019681571575347334,0.00018539941811468452,6.012997033622014e-08,0.0,0.0,0.0,4.239569989294978e-06,0.0,0.0,0.5995280146598816,0.16149145364761353,,,,,,,,,,,,,,,,
632,0.0003773726930376142,-0.3903829753398895,0.00019504241936374456,0.00018225665553472936,7.359562204101167e-08,0.0,0.0,0.0,5.293319190968759e-06,0.0,0.0,0.5863556861877441,0.16032198071479797,,,,,,,,,,,,,,,,
633,0.0003677488712128252,-0.39058512449264526,0.00018828659085556865,0.00017938711971510202,7.518045208598778e-08,0.0,0.0,0.0,1.5747028125900897e-09,0.0,0.0,0.5822668671607971,0.16038791835308075,,,,,,,,,,,,,,,,
634,0.00037887360667809844,-0.38726288080215454,0.00019196124048903584,0.00018685488612391055,5.748615450329453e-08,0.0,0.0,0.0,3.943704996345332e-06,0.0,0.0,0.5729970932006836,0.15990294516086578,,,,,,,,,,,,,,,,
635,0.0003657350316643715,-0.38904809951782227,0.000183823547558859,0.00018186139641329646,5.008010006690711e-08,0.0,0.0,0.0,2.0806687643926125e-06,0.0,0.0,0.5807554721832275,0.15999768674373627,,,,,,,,,,,,,,,,
636,0.0003959164023399353,-0.391384094953537,0.00019889549002982676,0.00019696170056704432,5.918760948020463e-08,0.0,0.0,0.0,1.6272222183033591e-06,0.0,0.0,0.5877662301063538,0.16074678301811218,,,,,,,,,,,,,,,,
637,0.00036967601045034826,-0.3934660255908966,0.00018857770191971213,0.00018103152979165316,6.679642439166855e-08,0.0,0.0,0.0,3.0837779831927037e-06,0.0,0.0,0.5886761546134949,0.16069449484348297,,,,,,,,,,,,,,,,
638,0.0003710310847964138,-0.3901260793209076,0.00019284553127363324,0.00017812357691582292,6.197642221650312e-08,0.0,0.0,0.0,1.8822562424247735e-06,0.0,0.0,0.5959966778755188,0.1612030416727066,,,,,,,,,,,,,,,,
639,0.0003486972418613732,-0.38739001750946045,0.00017630515503697097,0.00017233571270480752,5.6363010259019575e-08,0.0,0.0,0.0,1.0420509170216974e-05,0.0,0.0,0.5966543555259705,0.1614353507757187,,,,,,,,,,,,,,,,
640,0.0003856831172015518,-0.3915784955024719,0.000195394255570136,0.00019021793559659272,7.09335310489223e-08,0.0,0.0,0.0,1.505907675891649e-05,0.0,0.0,0.6017671823501587,0.161739319562912,,,,,,,,,,,,,,,,
641,0.00038392882561311126,-0.3944399952888489,0.00019224276184104383,0.00019164879631716758,3.725269337451209e-08,0.0,0.0,0.0,5.35259403022792e-07,0.0,0.0,0.590659499168396,0.16131547093391418,,,,,,,,,,,,,,,,
642,0.00041439998312853277,-0.3899097442626953,0.00021000207925681025,0.0002043512649834156,4.666539510367329e-08,0.0,0.0,0.0,1.620759030629415e-05,0.0,0.0,0.5938230156898499,0.16085053980350494,,,,,,,,,,,,,,,,
643,0.00035119729000143707,-0.3913489282131195,0.00017563563596922904,0.00017549753829371184,6.411151076690658e-08,0.0,0.0,0.0,1.1747267308237497e-05,0.0,0.0,0.5951674580574036,0.16084952652454376,,,,,,,,,,,,,,,,
644,0.0003667821001727134,-0.39599543809890747,0.00018407320021651685,0.00018265057587996125,5.8318207152296964e-08,0.0,0.0,0.0,8.326932402269449e-06,0.0,0.0,0.5818091034889221,0.16027802228927612,,,,,,,,,,,,,,,,
645,0.0003790157788898796,-0.39474430680274963,0.0001925366959767416,0.0001864006044343114,7.849740057963572e-08,0.0,0.0,0.0,4.477309630601667e-06,0.0,0.0,0.5862652063369751,0.16055060923099518,,,,,,,,,,,,,,,,
646,0.0003280362579971552,-0.39206933975219727,0.00017005974950734526,0.00015791994519531727,5.656931634234752e-08,0.0,0.0,0.0,7.2376924435957335e-06,0.0,0.0,0.5860565900802612,0.16053840517997742,,,,,,,,,,,,,,,,
647,0.00036655081203207374,-0.39397528767585754,0.0001874677836894989,0.00017902636318467557,5.665357605266763e-08,0.0,0.0,0.0,9.155312909570057e-06,0.0,0.0,0.5780028104782104,0.160509392619133,,,,,,,,,,,,,,,,
648,0.0003742178960237652,-0.39919841289520264,0.00018823082791641355,0.0001859346666606143,5.2408015704941135e-08,0.0,0.0,0.0,1.0928103620244656e-05,0.0,0.0,0.5708999633789062,0.1599651724100113,,,,,,,,,,,,,,,,
649,0.0003619141934905201,-0.3972483277320862,0.00018305260164197534,0.00017883018881548196,3.139811255437053e-08,0.0,0.0,0.0,4.67973723061732e-06,0.0,0.0,0.5815094709396362,0.16005642712116241,,,,,,,,,,,,,,,,
650,0.00041370184044353664,-0.3927356004714966,0.0002090118359774351,0.00020464534463826567,4.4683115874022405e-08,0.0,0.0,0.0,2.0556035451591015e-05,0.0,0.0,0.5921631455421448,0.1604921668767929,,,,,,,,,,,,,,,,
651,0.00040831061778590083,-0.3938400447368622,0.00020549017062876374,0.00020277927978895605,4.1160163277709216e-08,0.0,0.0,0.0,1.2259550203452818e-05,0.0,0.0,0.587339460849762,0.1606021225452423,,,,,,,,,,,,,,,,
652,0.0003773798525799066,-0.3996553122997284,0.00019042745407205075,0.00018686095427256078,9.143134604983061e-08,0.0,0.0,0.0,5.796473033115035e-06,0.0,0.0,0.6013186573982239,0.16080033779144287,,,,,,,,,,,,,,,,
653,0.0003737778461072594,-0.3992326557636261,0.00019282737048342824,0.00018077841377817094,1.7207455016432505e-07,0.0,0.0,0.0,4.440787961357273e-06,0.0,0.0,0.607449471950531,0.16057132184505463,,,,,,,,,,,,,,,,
654,0.00038489795406349003,-0.39636921882629395,0.0001930493162944913,0.00019180713570676744,4.150037824501851e-08,0.0,0.0,0.0,2.4844823201419786e-05,0.0,0.0,0.5978139042854309,0.16063657402992249,,,,,,,,,,,,,,,,
655,0.00035040455986745656,-0.396724134683609,0.0001787948131095618,0.00017156109970528632,4.862934943616892e-08,0.0,0.0,0.0,2.119130476785358e-05,0.0,0.0,0.6039499044418335,0.16064240038394928,,,,,,,,,,,,,,,,
656,0.0003800255653914064,-0.40007439255714417,0.0001908643898786977,0.0001890818093670532,7.936156976029451e-08,0.0,0.0,0.0,8.710993824934121e-06,0.0,0.0,0.5908983945846558,0.15995417535305023,,,,,,,,,,,,,,,,
657,0.00035675865365192294,-0.3989833891391754,0.00017955384100787342,0.0001771696115611121,3.520120728239817e-08,0.0,0.0,0.0,5.959486770734657e-06,0.0,0.0,0.5969332456588745,0.16078002750873566,,,,,,,,,,,,,,,,
658,0.00039251623093150556,-0.39727717638015747,0.00019832192629110068,0.00019414119014982134,5.310404205260966e-08,0.0,0.0,0.0,1.7853284589364193e-05,0.0,0.0,0.5858661532402039,0.1594371497631073,,,,,,,,,,,,,,,,
659,0.0003474803233984858,-0.39938458800315857,0.00017899295198731124,0.0001684103044681251,7.705276061642508e-08,0.0,0.0,0.0,2.415216113149654e-05,0.0,0.0,0.5792946219444275,0.1594657301902771,,,,,,,,,,,,,,,,
660,0.000366209918865934,-0.4013976454734802,0.00018685709801502526,0.00017929407476913184,5.8761589372124945e-08,0.0,0.0,0.0,8.257752597273793e-06,0.0,0.0,0.5756359100341797,0.1594805270433426,,,,,,,,,,,,,,,,
661,0.0003356245579198003,-0.4026797115802765,0.0001719407009659335,0.0001636435918044299,4.026719935268375e-08,0.0,0.0,0.0,6.636290891037788e-06,0.0,0.0,0.5759488344192505,0.15962769091129303,,,,,,,,,,,,,,,,
662,0.00035718176513910294,-0.40275606513023376,0.00018276167975272983,0.000174370885360986,4.9171184457463823e-08,0.0,0.0,0.0,5.4807114793220535e-06,0.0,0.0,0.5826690196990967,0.1603112816810608,,,,,,,,,,,,,,,,
663,0.000378225464373827,-0.4007900059223175,0.00019081392383668572,0.00018735848425421864,5.3047649828386056e-08,0.0,0.0,0.0,2.3460586362489266e-06,0.0,0.0,0.5836054682731628,0.16029278934001923,,,,,,,,,,,,,,,,
664,0.0003573375870473683,-0.40072038769721985,0.00018476061813998967,0.00017250815290026367,6.880207337189859e-08,0.0,0.0,0.0,8.839007023198064e-06,0.0,0.0,0.5749621987342834,0.16103367507457733,,,,,,,,,,,,,,,,
665,0.0004593128396663815,-0.40231236815452576,0.0002353537711314857,0.0002238947054138407,6.434241583974654e-08,0.0,0.0,0.0,4.870210887020221e-06,0.0,0.0,0.5838720798492432,0.159865602850914,,,,,,,,,,,,,,,,
666,0.0003590248234104365,-0.4045656621456146,0.0001817013690015301,0.00017726777878124267,5.568487537743749e-08,0.0,0.0,0.0,4.0217259993369225e-06,0.0,0.0,0.584689736366272,0.16055241227149963,,,,,,,,,,,,,,,,
667,0.00033137810532934964,-0.40285518765449524,0.00016624190902803093,0.00016509791021235287,3.827841510428698e-08,0.0,0.0,0.0,1.571106764686192e-07,0.0,0.0,0.583784818649292,0.16053776443004608,,,,,,,,,,,,,,,,
668,0.0003492121759336442,-0.4020738899707794,0.00017942349950317293,0.00016973403398878872,5.4624830880811714e-08,0.0,0.0,0.0,1.8962997273774818e-05,0.0,0.0,0.5874083638191223,0.1604578047990799,,,,,,,,,,,,,,,,
669,0.0003437496197875589,-0.40290912985801697,0.00017462350660935044,0.00016906962264329195,5.650099055287683e-08,0.0,0.0,0.0,1.0107867637998424e-05,0.0,0.0,0.5818493962287903,0.15968923270702362,,,,,,,,,,,,,,,,
670,0.00034914715797640383,-0.40556395053863525,0.0001741569139994681,0.00017495245265308768,3.780555246635231e-08,0.0,0.0,0.0,3.778551445066114e-06,0.0,0.0,0.5796282291412354,0.1595209538936615,,,,,,,,,,,,,,,,
671,0.00037165256799198687,-0.4049968421459198,0.00019146347767673433,0.00018014553643297404,4.355493743446459e-08,0.0,0.0,0.0,3.141312618026859e-06,0.0,0.0,0.5769643187522888,0.15930430591106415,,,,,,,,,,,,,,,,
672,0.0003685583942569792,-0.4056779146194458,0.0001865750818978995,0.00018194710719399154,3.620386124225661e-08,0.0,0.0,0.0,4.697966687672306e-06,0.0,0.0,0.576431155204773,0.15928030014038086,,,,,,,,,,,,,,,,
673,0.00032765837386250496,-0.4058099687099457,0.00016458860773127526,0.0001630286278668791,4.114918539244172e-08,0.0,0.0,0.0,4.466181962925475e-06,0.0,0.0,0.5814098715782166,0.15979093313217163,,,,,,,,,,,,,,,,
674,0.0003618035407271236,-0.406859815120697,0.0001862241915659979,0.00017554186342749745,3.747990717783978e-08,0.0,0.0,0.0,4.582030669553205e-06,0.0,0.0,0.5835810899734497,0.15934710204601288,,,,,,,,,,,,,,,,
675,0.00032278383150696754,-0.4071597456932068,0.00016407988732680678,0.0001586722646607086,3.1659144639206716e-08,0.0,0.0,0.0,3.070581897191005e-06,0.0,0.0,0.5845287442207336,0.15970078110694885,,,,,,,,,,,,,,,,
676,0.00034817008418031037,-0.40986067056655884,0.00017676243442110717,0.00017136985843535513,3.780413848630815e-08,0.0,0.0,0.0,2.3195416360977106e-06,0.0,0.0,0.5857705473899841,0.160501629114151,,,,,,,,,,,,,,,,
677,0.0003411761426832527,-0.4073764383792877,0.00017747445963323116,0.00016366440104320645,3.7269117569849186e-08,0.0,0.0,0.0,5.079375569039257e-06,0.0,0.0,0.6034720540046692,0.16058984398841858,,,,,,,,,,,,,,,,
678,0.00033288708073087037,-0.4072032868862152,0.00017029940499924123,0.0001625508302822709,3.683862459524789e-08,0.0,0.0,0.0,3.4695547128649196e-06,0.0,0.0,0.6085007786750793,0.1604880392551422,,,,,,,,,,,,,,,,
679,0.0003124321810901165,-0.4074973165988922,0.00015778985107317567,0.00015460709983017296,3.520840508031142e-08,0.0,0.0,0.0,5.283936388877919e-06,0.0,0.0,0.5913946628570557,0.16022704541683197,,,,,,,,,,,,,,,,
680,0.00034685092396102846,-0.4098057150840759,0.00017242744797840714,0.00017438436043448746,3.911654999910752e-08,0.0,0.0,0.0,1.7710301847273513e-07,0.0,0.0,0.5885326862335205,0.16016171872615814,,,,,,,,,,,,,,,,
681,0.00039172318065539,-0.4089222848415375,0.00020168506307527423,0.00019000627798959613,3.183334129630566e-08,0.0,0.0,0.0,9.40581776376348e-06,0.0,0.0,0.57904052734375,0.15947727859020233,,,,,,,,,,,,,,,,
682,0.0003787912428379059,-0.4085126519203186,0.00019143728422932327,0.00018730825104285032,4.5688661742815384e-08,0.0,0.0,0.0,8.778935807640664e-06,0.0,0.0,0.5612608790397644,0.15897716581821442,,,,,,,,,,,,,,,,
683,0.0003548333770595491,-0.4105611741542816,0.0001815459254430607,0.0001732546224957332,3.2838102015375625e-08,0.0,0.0,0.0,2.0510140252838482e-09,0.0,0.0,0.5563697218894958,0.15858767926692963,,,,,,,,,,,,,,,,
684,0.00032921836827881634,-0.4102650582790375,0.00016845994105096906,0.00016071840946096927,4.0022502645342684e-08,0.0,0.0,0.0,1.554529802660909e-07,0.0,0.0,0.5660077333450317,0.15810544788837433,,,,,,,,,,,,,,,,
685,0.0003781543346121907,-0.4120994210243225,0.00019430025713518262,0.00018381878908257931,3.526030312173134e-08,0.0,0.0,0.0,3.443602281549829e-06,0.0,0.0,0.5567355751991272,0.15807391703128815,,,,,,,,,,,,,,,,
686,0.00035294401459395885,-0.4122292101383209,0.0001786076172720641,0.00017429674335289747,3.963285877262024e-08,0.0,0.0,0.0,9.072412467503455e-06,0.0,0.0,0.5601546764373779,0.15842100977897644,,,,,,,,,,,,,,,,
687,0.00032562107662670314,-0.4110785126686096,0.00016814476111903787,0.0001574444759171456,3.185070340805396e-08,0.0,0.0,0.0,2.8475294584495714e-06,0.0,0.0,0.5696389079093933,0.15881380438804626,,,,,,,,,,,,,,,,
688,0.00032677542185410857,-0.41006335616111755,0.00016746867913752794,0.00015926056948956102,4.615719717548927e-08,0.0,0.0,0.0,3.6498554436548147e-06,0.0,0.0,0.5784286856651306,0.1594230830669403,,,,,,,,,,,,,,,,
689,0.0003588009567465633,-0.4145659804344177,0.0001864907389972359,0.00017227839271072298,3.1796602684153186e-08,0.0,0.0,0.0,8.718437129573431e-06,0.0,0.0,0.5905889272689819,0.15947270393371582,,,,,,,,,,,,,,,,
690,0.0003643025702331215,-0.414987176656723,0.00018635795277077705,0.0001779136509867385,3.097430578691274e-08,0.0,0.0,0.0,4.318901574151823e-06,0.0,0.0,0.5952938199043274,0.1605256348848343,,,,,,,,,,,,,,,,
691,0.0003375201777089387,-0.41294366121292114,0.0001740896113915369,0.00016339865396730602,3.1934355604334996e-08,0.0,0.0,0.0,2.2525176746057696e-07,0.0,0.0,0.6096540689468384,0.16053661704063416,,,,,,,,,,,,,,,,
692,0.0003503540938254446,-0.412588894367218,0.00018021053983829916,0.00017008664144668728,5.688872661835376e-08,0.0,0.0,0.0,2.6605267988699666e-10,0.0,0.0,0.6045854091644287,0.16011019051074982,,,,,,,,,,,,,,,,
693,0.0003373337385710329,-0.4157467484474182,0.00017068657325580716,0.00016658820095472038,5.895959276358553e-08,0.0,0.0,0.0,6.2090025494399015e-06,0.0,0.0,0.6047328114509583,0.1604066789150238,,,,,,,,,,,,,,,,
694,0.0003262924146838486,-0.4151739776134491,0.00016704930749256164,0.00015901295410003513,2.301628825307489e-07,0.0,0.0,0.0,2.4479405169586244e-08,0.0,0.0,0.5895802974700928,0.15957985818386078,,,,,,,,,,,,,,,,
695,0.0003313160268589854,-0.4126046597957611,0.00017260047025047243,0.0001586878497619182,2.7697758753220114e-08,0.0,0.0,0.0,1.8382706912234426e-07,0.0,0.0,0.590071439743042,0.1599941849708557,,,,,,,,,,,,,,,,
696,0.0003680301015265286,-0.4144324064254761,0.00018898965208791196,0.0001790130336303264,2.742623372853359e-08,0.0,0.0,0.0,6.6605196913371856e-09,0.0,0.0,0.580058753490448,0.15911690890789032,,,,,,,,,,,,,,,,
697,0.0003283157420810312,-0.4187857210636139,0.00016515130118932575,0.00016313890228047967,2.553684907979914e-08,0.0,0.0,0.0,1.7696879694995005e-06,0.0,0.0,0.5747725367546082,0.15864978730678558,,,,,,,,,,,,,,,,
698,0.00034226535353809595,-0.41737204790115356,0.00017310070688836277,0.0001691388024482876,2.5850999563203914e-08,0.0,0.0,0.0,0.0,0.0,0.0,0.5634939670562744,0.15853695571422577,,,,,,,,,,,,,,,,
699,0.00031380695872940123,-0.41288498044013977,0.0001595833891769871,0.00015420213458128273,2.1455871745956756e-08,0.0,0.0,0.0,2.086629365294357e-06,0.0,0.0,0.5610026717185974,0.1586136370897293,,,,,,,,,,,,,,,,
700,0.0003477316931821406,-0.41590172052383423,0.00017273274715989828,0.00017497353837825358,2.5409114812191547e-08,0.0,0.0,0.0,1.4193841479936964e-06,0.0,0.0,0.559583306312561,0.15871886909008026,,,,,,,,,,,,,,,,
701,0.0003435617545619607,-0.4190896451473236,0.00017421373922843486,0.00016931667050812393,3.1354257856719414e-08,0.0,0.0,0.0,9.201330612995662e-06,0.0,0.0,0.568419873714447,0.15969021618366241,,,,,,,,,,,,,,,,
702,0.000350984453689307,-0.4186173677444458,0.00018059639842249453,0.00017036224016919732,2.580364721893602e-08,0.0,0.0,0.0,0.0,0.0,0.0,0.5632250905036926,0.15837915241718292,,,,,,,,,,,,,,,,
703,0.0003731012111529708,-0.4165429174900055,0.00019273572252131999,0.00018034028471447527,2.521572639579972e-08,0.0,0.0,0.0,1.5367901141871698e-05,0.0,0.0,0.5625783205032349,0.15870437026023865,,,,,,,,,,,,,,,,
704,0.0003055133856832981,-0.4189721643924713,0.00015598726167809218,0.00014950419426895678,2.1951425566157923e-08,0.0,0.0,0.0,2.4236842364189215e-06,0.0,0.0,0.5655501484870911,0.1588122546672821,,,,,,,,,,,,,,,,
705,0.0003021926386281848,-0.4204396605491638,0.00015350179455708712,0.00014867016579955816,2.0660454680410112e-08,0.0,0.0,0.0,6.742319783370476e-06,0.0,0.0,0.5676597952842712,0.1592104136943817,,,,,,,,,,,,,,,,
706,0.0003457129932940006,-0.42103269696235657,0.00017634917458053678,0.00016934161249082536,2.2211388284176792e-08,0.0,0.0,0.0,1.0395830685183682e-07,0.0,0.0,0.5717849731445312,0.15925003588199615,,,,,,,,,,,,,,,,
707,0.00032817499595694244,-0.4185353219509125,0.00017122614372055978,0.00015692906163167208,1.9776791759795742e-08,0.0,0.0,0.0,2.1371290586102987e-06,0.0,0.0,0.5819554328918457,0.1595715582370758,,,,,,,,,,,,,,,,
708,0.0003869835927616805,-0.41813457012176514,0.00019913501455448568,0.00018782306869979948,2.5513841706015228e-08,0.0,0.0,0.0,2.5502706648694584e-06,0.0,0.0,0.5763609409332275,0.15935474634170532,,,,,,,,,,,,,,,,
709,0.00033459410769864917,-0.4210030138492584,0.00017174943059217185,0.00016282254364341497,2.2116719122777795e-08,0.0,0.0,0.0,2.0520888028841e-06,0.0,0.0,0.5807863473892212,0.1599045693874359,,,,,,,,,,,,,,,,
710,0.00031744749867357314,-0.4220655560493469,0.00016120159125421196,0.00015622645150870085,1.9464071243646686e-08,0.0,0.0,0.0,4.516408807830885e-06,0.0,0.0,0.5775619149208069,0.1589844673871994,,,,,,,,,,,,,,,,
711,0.00030295251053757966,-0.42165419459342957,0.00015514431288465858,0.00014778699551243335,2.121805842136837e-08,0.0,0.0,0.0,8.333814194294575e-10,0.0,0.0,0.5775381922721863,0.15911157429218292,,,,,,,,,,,,,,,,
712,0.0003373051295056939,-0.4228641092777252,0.00017016202036757022,0.00016712455544620752,1.8567314796769097e-08,0.0,0.0,0.0,8.6161247736527e-07,0.0,0.0,0.5663515329360962,0.15782028436660767,,,,,,,,,,,,,,,,
713,0.0004097507626283914,-0.4227486848831177,0.00020626111654564738,0.0002034631761489436,2.6441886902262013e-08,0.0,0.0,0.0,1.502528732544306e-07,0.0,0.0,0.5643335580825806,0.15794631838798523,,,,,,,,,,,,,,,,
714,0.0003133717691525817,-0.4236204922199249,0.00016319239512085915,0.00015015469398349524,2.467679038886672e-08,0.0,0.0,0.0,1.1091907254012767e-05,0.0,0.0,0.5577927231788635,0.1577504575252533,,,,,,,,,,,,,,,,
715,0.0003168322436977178,-0.4221685230731964,0.00015817511302884668,0.00015863782027736306,1.9295569586574857e-08,0.0,0.0,0.0,8.99563110579038e-06,0.0,0.0,0.5600265860557556,0.15781289339065552,,,,,,,,,,,,,,,,
716,0.0003991157282143831,-0.42226243019104004,0.00019855935533996671,0.0002005349233513698,2.1435754504750548e-08,0.0,0.0,0.0,1.2082974620852838e-08,0.0,0.0,0.5595755577087402,0.15778489410877228,,,,,,,,,,,,,,,,
717,0.0003314884379506111,-0.42489537596702576,0.00017140935233328491,0.0001600623072590679,1.675212146778904e-08,0.0,0.0,0.0,8.846570409559718e-08,0.0,0.0,0.5692641735076904,0.15825870633125305,,,,,,,,,,,,,,,,
718,0.00032022016239352524,-0.4241071939468384,0.00016420098836533725,0.00015599688049405813,2.2279616374021316e-08,0.0,0.0,0.0,3.568968907075032e-07,0.0,0.0,0.5703839659690857,0.1583898812532425,,,,,,,,,,,,,,,,
719,0.00031760171987116337,-0.4251182973384857,0.00016396603314206004,0.00015361144323833287,2.4247956531553427e-08,0.0,0.0,0.0,1.3751746408274812e-08,0.0,0.0,0.5899087190628052,0.1590825468301773,,,,,,,,,,,,,,,,
720,0.0003502425679471344,-0.42648741602897644,0.00017879447841551155,0.00017143492004834116,1.318020803608988e-08,0.0,0.0,0.0,0.0,0.0,0.0,0.5887246131896973,0.15925350785255432,,,,,,,,,,,,,,,,
721,0.00033131788950413465,-0.42689335346221924,0.0001664795126998797,0.00016482148203067482,1.687343242906536e-08,0.0,0.0,0.0,0.0,0.0,0.0,0.594327986240387,0.15969856083393097,,,,,,,,,,,,,,,,
722,0.00033136035199277103,-0.4244510233402252,0.00016942444199230522,0.00016189554298762232,4.035796763446342e-08,0.0,0.0,0.0,1.1365019645381835e-06,0.0,0.0,0.5801548957824707,0.15939263999462128,,,,,,,,,,,,,,,,
723,0.0003354980726726353,-0.42318108677864075,0.00017364211089443415,0.0001618409005459398,1.5086637716876794e-08,0.0,0.0,0.0,6.674493846503537e-08,0.0,0.0,0.5753962397575378,0.15886737406253815,,,,,,,,,,,,,,,,
724,0.00031943939393386245,-0.4261389374732971,0.00016259096446447074,0.00015683486708439887,1.3556904931988356e-08,0.0,0.0,0.0,1.8372576278125052e-06,0.0,0.0,0.5641173720359802,0.1585749089717865,,,,,,,,,,,,,,,,
725,0.00033947965130209923,-0.43045490980148315,0.00017072752234525979,0.00016871369734872133,3.842611207005575e-08,0.0,0.0,0.0,4.1944889517253614e-07,0.0,0.0,0.5505598187446594,0.15739838778972626,,,,,,,,,,,,,,,,
726,0.00033120965235866606,-0.4284418523311615,0.0001693179801804945,0.00016187664004974067,1.5033414513254684e-08,0.0,0.0,0.0,1.0951689333182912e-08,0.0,0.0,0.554756760597229,0.15757767856121063,,,,,,,,,,,,,,,,
727,0.00034140798379667103,-0.42714136838912964,0.00017354906594846398,0.00016784474428277463,1.4185671304289826e-08,0.0,0.0,0.0,9.052882887772284e-09,0.0,0.0,0.5597818493843079,0.15816833078861237,,,,,,,,,,,,,,,,
728,0.00032845602254383266,-0.4288163185119629,0.00016830168897286057,0.00016013902495615184,1.531035742630138e-08,0.0,0.0,0.0,4.533107130555436e-06,0.0,0.0,0.55438232421875,0.15793393552303314,,,,,,,,,,,,,,,,
729,0.0003491376992315054,-0.4309334456920624,0.00018063081370200962,0.00016849317762535065,1.3697871281692642e-08,0.0,0.0,0.0,2.9909251679782756e-06,0.0,0.0,0.5697594881057739,0.15910328924655914,,,,,,,,,,,,,,,,
730,0.00032311692484654486,-0.42919692397117615,0.00016340625006705523,0.00015968944353517145,2.122353670586108e-08,0.0,0.0,0.0,4.9986911108135246e-06,0.0,0.0,0.5710689425468445,0.15794986486434937,,,,,,,,,,,,,,,,
731,0.000309326802380383,-0.42882564663887024,0.00016202448750846088,0.00014728268433827907,1.9604458501021327e-08,0.0,0.0,0.0,7.152640790764053e-08,0.0,0.0,0.5743095278739929,0.15886299312114716,,,,,,,,,,,,,,,,
732,0.00032590649789199233,-0.4296358525753021,0.00016323408635798842,0.00016265889280475676,1.3496429751569394e-08,0.0,0.0,0.0,3.374916559550911e-07,0.0,0.0,0.5850350856781006,0.15854890644550323,,,,,,,,,,,,,,,,
733,0.00031838755239732563,-0.43055102229118347,0.00016029333346523345,0.00015797368541825563,1.2052304043663753e-07,0.0,0.0,0.0,6.403417955880286e-06,0.0,0.0,0.5799530744552612,0.15845997631549835,,,,,,,,,,,,,,,,
734,0.00033310410799458623,-0.43036144971847534,0.0001713874953566119,0.00016169964510481805,1.6971636540574764e-08,0.0,0.0,0.0,5.100703788230021e-07,0.0,0.0,0.5875910520553589,0.1587344855070114,,,,,,,,,,,,,,,,
735,0.0003435912658460438,-0.42825737595558167,0.00017333768482785672,0.00017024185217451304,1.1728638504848732e-08,0.0,0.0,0.0,7.106126759026665e-06,0.0,0.0,0.5831191539764404,0.15883290767669678,,,,,,,,,,,,,,,,
736,0.00032491693855263293,-0.431817889213562,0.00016565658734180033,0.00015924892795737833,1.1451406933815633e-08,0.0,0.0,0.0,3.2117616228788393e-06,0.0,0.0,0.5590491890907288,0.1573314070701599,,,,,,,,,,,,,,,,
737,0.0003338166861794889,-0.4346199333667755,0.00016830410459078848,0.00016550227883271873,1.031662044681525e-08,0.0,0.0,0.0,1.7448668586439453e-05,0.0,0.0,0.5638826489448547,0.1583959311246872,,,,,,,,,,,,,,,,
738,0.000322179461363703,-0.4317120909690857,0.000165127421496436,0.00015703994722571224,1.2110595193348672e-08,0.0,0.0,0.0,1.5416480891872197e-05,0.0,0.0,0.5414727926254272,0.15702037513256073,,,,,,,,,,,,,,,,
739,0.00030717154731974006,-0.42873233556747437,0.0001582795230206102,0.0001488809793954715,1.105838265402781e-08,0.0,0.0,0.0,4.813768939015972e-08,0.0,0.0,0.5334049463272095,0.1571826934814453,,,,,,,,,,,,,,,,
740,0.00033469725167378783,-0.43495532870292664,0.0001721346634440124,0.00016255069931503385,1.18622507372379e-08,0.0,0.0,0.0,3.2284621198641617e-08,0.0,0.0,0.531433641910553,0.15668708086013794,,,,,,,,,,,,,,,,
741,0.0003202949301339686,-0.43728306889533997,0.00016087692347355187,0.00015940323646645993,1.4785268120931505e-08,0.0,0.0,0.0,4.609543413636175e-09,0.0,0.0,0.5469223260879517,0.15752950310707092,,,,,,,,,,,,,,,,
742,0.00033847559825517237,-0.43216273188591003,0.00016988511197268963,0.00016857557056937367,1.4938629888661126e-08,0.0,0.0,0.0,3.450355778866765e-09,0.0,0.0,0.5379695892333984,0.156053826212883,,,,,,,,,,,,,,,,
743,0.000344056956237182,-0.43144357204437256,0.0001755943230818957,0.00016845122445374727,1.1405039579415188e-08,0.0,0.0,0.0,4.718208401754964e-06,0.0,0.0,0.5577334761619568,0.1581735759973526,,,,,,,,,,,,,,,,
744,0.0003368172619957477,-0.43630415201187134,0.00016993210010696203,0.00016687354946043342,1.1601236415970106e-08,0.0,0.0,0.0,0.0,0.0,0.0,0.5582998991012573,0.1578335165977478,,,,,,,,,,,,,,,,
745,0.0003255516930948943,-0.437898188829422,0.0001673831429798156,0.00015815961523912847,8.939905704608009e-09,0.0,0.0,0.0,1.3615313321224676e-08,0.0,0.0,0.5786764025688171,0.15861719846725464,,,,,,,,,,,,,,,,
746,0.0003201129147782922,-0.4334273338317871,0.0001648822071729228,0.0001552202447783202,1.0470652789251744e-08,0.0,0.0,0.0,6.679040779999923e-06,0.0,0.0,0.5947540998458862,0.15958449244499207,,,,,,,,,,,,,,,,
747,0.0003500251623336226,-0.4338527321815491,0.00017929407476913184,0.00017072181799449027,9.29004784211429e-09,0.0,0.0,0.0,0.0,0.0,0.0,0.5954025983810425,0.16005322337150574,,,,,,,,,,,,,,,,
748,0.0003381837741471827,-0.43870505690574646,0.0001723832101561129,0.0001657912362134084,9.317124849417269e-09,0.0,0.0,0.0,5.331163265509531e-06,0.0,0.0,0.590214729309082,0.1599520444869995,,,,,,,,,,,,,,,,
749,0.00034218383370898664,-0.44014158844947815,0.0001696685067145154,0.00017249553638976067,1.9790880045889025e-08,0.0,0.0,0.0,0.0,0.0,0.0,0.5915355682373047,0.1592986285686493,,,,,,,,,,,,,,,,
750,0.0002980400458909571,-0.43662697076797485,0.00015391693159472197,0.00014411511074285954,7.997643436397084e-09,0.0,0.0,0.0,3.0952691076890915e-08,0.0,0.0,0.5799901485443115,0.1592988520860672,,,,,,,,,,,,,,,,
751,0.00030236426391638815,-0.4334198832511902,0.00015222281217575073,0.00015013206575531512,9.408846146641281e-09,0.0,0.0,0.0,8.299341658357662e-08,0.0,0.0,0.5684059858322144,0.15798187255859375,,,,,,,,,,,,,,,,
752,0.000319332757499069,-0.4395707845687866,0.00016139533545356244,0.0001579269446665421,1.048108888568322e-08,0.0,0.0,0.0,2.692306225071661e-06,0.0,0.0,0.5503532886505127,0.15802156925201416,,,,,,,,,,,,,,,,
753,0.0003212556184735149,-0.4409829080104828,0.00016242645506281406,0.00015881903527770191,1.0114153070617249e-08,0.0,0.0,0.0,5.039665325057285e-07,0.0,0.0,0.5445315837860107,0.15716613829135895,,,,,,,,,,,,,,,,
754,0.0003312144835945219,-0.4353526532649994,0.00016996539488900453,0.00016124025569297373,8.819184493802368e-09,0.0,0.0,0.0,0.0,0.0,0.0,0.5371578931808472,0.15695402026176453,,,,,,,,,,,,,,,,
755,0.000314194563543424,-0.43646204471588135,0.00016425663488917053,0.00014992308570072055,1.4834859562995462e-08,0.0,0.0,0.0,1.6656406387483003e-06,0.0,0.0,0.5377680659294128,0.15619158744812012,,,,,,,,,,,,,,,,
756,0.00031964879599399865,-0.44298604130744934,0.0001662099384702742,0.00015341679682023823,2.2071642291621174e-08,0.0,0.0,0.0,1.1674565030261874e-05,0.0,0.0,0.5341525077819824,0.15623576939105988,,,,,,,,,,,,,,,,
757,0.00030562616302631795,-0.4433683753013611,0.0001553836918901652,0.00015023539890535176,7.070930951869059e-09,0.0,0.0,0.0,2.6901229830400553e-06,0.0,0.0,0.5466670989990234,0.15612511336803436,,,,,,,,,,,,,,,,
758,0.0003803121508099139,-0.4370541274547577,0.00019134546164423227,0.00018894353706855327,2.3161986106856602e-08,0.0,0.0,0.0,5.01038994116243e-06,0.0,0.0,0.5369828939437866,0.1565869301557541,,,,,,,,,,,,,,,,
759,0.00034242827678099275,-0.43811967968940735,0.00017410115106031299,0.00016829458763822913,3.25476143814285e-08,0.0,0.0,0.0,3.5202724575356115e-06,0.0,0.0,0.5493794083595276,0.15713590383529663,,,,,,,,,,,,,,,,
760,0.0003318828821647912,-0.4447886049747467,0.00016995474288705736,0.00016192012117244303,8.002853491007045e-09,0.0,0.0,0.0,4.763687684317119e-06,0.0,0.0,0.5494860410690308,0.15708184242248535,,,,,,,,,,,,,,,,
761,0.00032102951081469655,-0.4419580101966858,0.00016604653501417488,0.00015497469576075673,8.27200974384823e-09,0.0,0.0,0.0,7.85851170803653e-06,0.0,0.0,0.5645178556442261,0.15768152475357056,,,,,,,,,,,,,,,,
762,0.0002988273336086422,-0.43797585368156433,0.00014889765589032322,0.00014992103388067335,8.644049032113799e-09,0.0,0.0,0.0,6.970659796934342e-06,0.0,0.0,0.5739155411720276,0.15828603506088257,,,,,,,,,,,,,,,,
763,0.00033611373510211706,-0.44229862093925476,0.0001691837824182585,0.00016691710334271193,1.2854629360958825e-08,0.0,0.0,0.0,1.6628020205189387e-07,0.0,0.0,0.574920117855072,0.15782396495342255,,,,,,,,,,,,,,,,
764,0.00029058591462671757,-0.4466925263404846,0.00014922161062713712,0.00014135851233731955,5.7818243526241986e-09,0.0,0.0,0.0,4.855594966102217e-07,0.0,0.0,0.5667840242385864,0.15788684785366058,,,,,,,,,,,,,,,,
765,0.0003544606443028897,-0.4440711438655853,0.0001799003075575456,0.0001745537156239152,6.617284498133813e-09,0.0,0.0,0.0,0.0,0.0,0.0,0.5515753626823425,0.15672463178634644,,,,,,,,,,,,,,,,
766,0.0003034539404325187,-0.43859538435935974,0.0001496175245847553,0.00015378496027551591,5.14681559593555e-08,0.0,0.0,0.0,1.2476011761464179e-06,0.0,0.0,0.5607730150222778,0.1569361686706543,,,,,,,,,,,,,,,,
767,0.00033805985003709793,-0.44210636615753174,0.0001739440340315923,0.00016410676471423358,9.06062691541365e-09,0.0,0.0,0.0,1.3528674571716692e-06,0.0,0.0,0.5435454845428467,0.15628398954868317,,,,,,,,,,,,,,,,
768,0.0003357206878717989,-0.44755637645721436,0.00016954404418356717,0.00016616922221146524,7.433200721607136e-09,0.0,0.0,0.0,0.0,0.0,0.0,0.552940845489502,0.15697331726551056,,,,,,,,,,,,,,,,
769,0.0003260472440160811,-0.44423627853393555,0.0001685404422460124,0.00015750101010780782,5.803169056406432e-09,0.0,0.0,0.0,6.428523420254351e-07,0.0,0.0,0.539967954158783,0.1561005562543869,,,,,,,,,,,,,,,,
770,0.0003238240897189826,-0.4425307810306549,0.00016357148706447333,0.00016023442731238902,1.818703943001765e-08,0.0,0.0,0.0,1.6412924424002995e-06,0.0,0.0,0.5457563996315002,0.15597504377365112,,,,,,,,,,,,,,,,
771,0.00032744710915721953,-0.4466472864151001,0.00016601936658844352,0.00016142100503202528,6.7204464215819826e-09,0.0,0.0,0.0,2.6290583718946436e-06,0.0,0.0,0.5514189600944519,0.15653176605701447,,,,,,,,,,,,,,,,
772,0.00035384579678066075,-0.44643068313598633,0.00018231188005302101,0.00017152089276351035,1.3021145939262624e-08,0.0,0.0,0.0,0.0,0.0,0.0,0.5554007887840271,0.15773753821849823,,,,,,,,,,,,,,,,
773,0.0002952613867819309,-0.44443991780281067,0.00015175112639553845,0.00014347505930345505,3.520455749139728e-08,0.0,0.0,0.0,6.56322413306043e-07,0.0,0.0,0.5609511137008667,0.15768647193908691,,,,,,,,,,,,,,,,
774,0.0003193020820617676,-0.44705650210380554,0.00016226666048169136,0.00015702901873737574,6.400166618902858e-09,0.0,0.0,0.0,0.0,0.0,0.0,0.5579144954681396,0.15723834931850433,,,,,,,,,,,,,,,,
775,0.0002787698176689446,-0.4487023651599884,0.0001407744421157986,0.00013798908912576735,6.2901102104717665e-09,0.0,0.0,0.0,2.7495002541400027e-06,0.0,0.0,0.5668953061103821,0.15756559371948242,,,,,,,,,,,,,,,,
776,0.00030132688698358834,-0.4469382166862488,0.00014984353038016707,0.0001514768082415685,6.54224141527493e-09,0.0,0.0,0.0,3.980612106602166e-08,0.0,0.0,0.5576990246772766,0.15795326232910156,,,,,,,,,,,,,,,,
777,0.0002741748176049441,-0.4446195363998413,0.00013795240374747664,0.00013619905803352594,2.3370345658690894e-08,0.0,0.0,0.0,7.731111963948933e-07,0.0,0.0,0.5716407895088196,0.15819773077964783,,,,,,,,,,,,,,,,
778,0.00033174827694892883,-0.44795843958854675,0.00016828694788273424,0.00016344425966963172,1.706695940129066e-08,0.0,0.0,0.0,1.4558125940311584e-06,0.0,0.0,0.5631181597709656,0.15785054862499237,,,,,,,,,,,,,,,,
779,0.00026979800895787776,-0.4512622356414795,0.00013694156950805336,0.00013284535089042038,1.1090171447847297e-08,0.0,0.0,0.0,2.1566543182416353e-06,0.0,0.0,0.5670746564865112,0.15788868069648743,,,,,,,,,,,,,,,,
780,0.00029253331013023853,-0.4501311182975769,0.00014875469787511975,0.0001437727187294513,5.885401499483578e-09,0.0,0.0,0.0,1.9774740849243244e-06,0.0,0.0,0.554693877696991,0.15683850646018982,,,,,,,,,,,,,,,,
781,0.0003188498958479613,-0.44510117173194885,0.0001625189179321751,0.00015632511349394917,5.8538502933913605e-09,0.0,0.0,0.0,1.269384775071103e-08,0.0,0.0,0.5389010310173035,0.15629829466342926,,,,,,,,,,,,,,,,
782,0.0003162688226439059,-0.4477185606956482,0.00016279058763757348,0.00015347056614700705,7.684076486214053e-09,0.0,0.0,0.0,0.0,0.0,0.0,0.5295471549034119,0.1558225005865097,,,,,,,,,,,,,,,,
783,0.00027152508846484125,-0.45337915420532227,0.00013611611211672425,0.00013540116196963936,7.82441933466771e-09,0.0,0.0,0.0,0.0,0.0,0.0,0.526157021522522,0.15556877851486206,,,,,,,,,,,,,,,,
784,0.0003317353257443756,-0.4493034780025482,0.00016553707246202976,0.00016619186499156058,6.370413974110534e-09,0.0,0.0,0.0,1.2604836285845522e-07,0.0,0.0,0.5275028944015503,0.15568745136260986,,,,,,,,,,,,,,,,
785,0.00032281887251883745,-0.44755488634109497,0.00016210219473578036,0.00016069870616775006,1.7980767097469652e-08,0.0,0.0,0.0,0.0,0.0,0.0,0.5376779437065125,0.15658454596996307,,,,,,,,,,,,,,,,
786,0.00029086152790114284,-0.4511127471923828,0.0001480834762332961,0.00014276542060542852,1.2618365019534394e-08,0.0,0.0,0.0,3.520532800393994e-06,0.0,0.0,0.5419542193412781,0.15560464560985565,,,,,,,,,,,,,,,,
787,0.0002928120957221836,-0.4533688724040985,0.00015036108379717916,0.00014244123303797096,9.782160859117539e-09,0.0,0.0,0.0,8.573748822016114e-09,0.0,0.0,0.5411235094070435,0.15631207823753357,,,,,,,,,,,,,,,,
788,0.0003089902165811509,-0.4505087435245514,0.00015753564366605133,0.0001514506875537336,3.8797809409629735e-09,0.0,0.0,0.0,3.5334487620275468e-06,0.0,0.0,0.5460152626037598,0.15623441338539124,,,,,,,,,,,,,,,,
789,0.0003256468044128269,-0.4527445435523987,0.0001645136799197644,0.00016112813318613917,4.973444767131241e-09,0.0,0.0,0.0,3.7522690377045365e-07,0.0,0.0,0.5497691035270691,0.1566404104232788,,,,,,,,,,,,,,,,
790,0.0002821662637870759,-0.4536440372467041,0.0001410026743542403,0.00014115642989054322,7.145555702692263e-09,0.0,0.0,0.0,3.6152543181344754e-09,0.0,0.0,0.5491599440574646,0.15633538365364075,,,,,,,,,,,,,,,,
791,0.0003021614102181047,-0.45083707571029663,0.0001535079936729744,0.00014864820695947856,5.202773767365443e-09,0.0,0.0,0.0,0.0,0.0,0.0,0.5623680353164673,0.15719081461429596,,,,,,,,,,,,,,,,
792,0.00029812168213538826,-0.45219141244888306,0.00014990923227742314,0.0001482076768297702,4.764422190106643e-09,0.0,0.0,0.0,1.3971448886707094e-08,0.0,0.0,0.5448763966560364,0.1561044603586197,,,,,,,,,,,,,,,,
793,0.0002947034081444144,-0.45386114716529846,0.00014795633614994586,0.00014673489204142243,1.2172221452999565e-08,0.0,0.0,0.0,3.8366908938769484e-07,0.0,0.0,0.5592069029808044,0.1568058580160141,,,,,,,,,,,,,,,,
794,0.00029582128627225757,-0.4542315900325775,0.00015188008546829224,0.00014393663150258362,4.580597234848938e-09,0.0,0.0,0.0,3.3185435768245952e-06,0.0,0.0,0.5530288815498352,0.15647804737091064,,,,,,,,,,,,,,,,
795,0.0002816791529767215,-0.455923467874527,0.00014264012861531228,0.00013902406499255449,1.4970284567539238e-08,0.0,0.0,0.0,4.96390043736028e-07,0.0,0.0,0.5391988158226013,0.15595638751983643,,,,,,,,,,,,,,,,
796,0.00029220254509709775,-0.45431143045425415,0.00014729805116076022,0.0001448960683774203,8.416733976446267e-09,0.0,0.0,0.0,1.1367872199130602e-09,0.0,0.0,0.5501249432563782,0.15625283122062683,,,,,,,,,,,,,,,,
797,0.00026408437406644225,-0.4530225098133087,0.00013462576316669583,0.00012945123307872564,7.396696588557461e-09,0.0,0.0,0.0,4.183286606007641e-08,0.0,0.0,0.5431446433067322,0.15605516731739044,,,,,,,,,,,,,,,,
798,0.00032621357240714133,-0.4558035135269165,0.0001659297849982977,0.00016027885430958122,4.905900130580676e-09,0.0,0.0,0.0,1.1053397308558033e-08,0.0,0.0,0.5368068814277649,0.15602508187294006,,,,,,,,,,,,,,,,
799,0.0002828768629115075,-0.45690304040908813,0.00014114132500253618,0.00014172941155266017,6.1373448545509746e-09,0.0,0.0,0.0,5.079994480183814e-06,0.0,0.0,0.5405819416046143,0.1560501605272293,,,,,,,,,,,,,,,,
800,0.0002765310346148908,-0.45526522397994995,0.00014086352894082665,0.00013566350389737636,4.025320521350295e-09,0.0,0.0,0.0,1.851905295779943e-08,0.0,0.0,0.5497630834579468,0.15640492737293243,,,,,,,,,,,,,,,,
801,0.00030203486676327884,-0.45644620060920715,0.0001518831413704902,0.00015012947551440448,2.2260044474364804e-08,0.0,0.0,0.0,7.415213758577011e-07,0.0,0.0,0.558397114276886,0.1568230241537094,,,,,,,,,,,,,,,,
802,0.0003023918252438307,-0.46016961336135864,0.00015518786676693708,0.00014719403407070786,9.931931721496312e-09,0.0,0.0,0.0,6.533685592557958e-08,0.0,0.0,0.5720113515853882,0.15696921944618225,,,,,,,,,,,,,,,,
803,0.00029843777883797884,-0.45970961451530457,0.0001527198764961213,0.0001457141333958134,3.772940626589616e-09,0.0,0.0,0.0,5.540369443224336e-07,0.0,0.0,0.5642732381820679,0.15647606551647186,,,,,,,,,,,,,,,,
804,0.00031459153979085386,-0.4545227289199829,0.0001570107415318489,0.0001575773349031806,3.4588130137791495e-09,0.0,0.0,0.0,1.305086616554263e-08,0.0,0.0,0.5581343770027161,0.15655729174613953,,,,,,,,,,,,,,,,
805,0.0003100629837717861,-0.4552794098854065,0.00015550604439340532,0.00015454496315214783,1.1973215308103136e-08,0.0,0.0,0.0,0.0,0.0,0.0,0.5401605367660522,0.1553613692522049,,,,,,,,,,,,,,,,
806,0.0002773247251752764,-0.45945048332214355,0.0001402392954332754,0.00013708184997085482,3.5931329023242142e-09,0.0,0.0,0.0,1.5505554529227084e-06,0.0,0.0,0.5450770854949951,0.15563011169433594,,,,,,,,,,,,,,,,
807,0.0003202722582500428,-0.45800691843032837,0.0001621737756067887,0.00015807482122909278,2.3649050717722275e-08,0.0,0.0,0.0,6.208517788763857e-07,0.0,0.0,0.5316818952560425,0.15466879308223724,,,,,,,,,,,,,,,,
808,0.0003068306832574308,-0.45507678389549255,0.00015468023775611073,0.00015213870210573077,1.1759323292892532e-08,0.0,0.0,0.0,2.032280832509059e-08,0.0,0.0,0.5351594090461731,0.15451927483081818,,,,,,,,,,,,,,,,
809,0.00028831660165451467,-0.4588207006454468,0.00014491852198261768,0.0001433749421266839,2.3128690074258884e-08,0.0,0.0,0.0,1.6551256010188808e-07,0.0,0.0,0.5332897305488586,0.15475329756736755,,,,,,,,,,,,,,,,
810,0.00031111075077205896,-0.46278414130210876,0.00015644436643924564,0.00015466091281268746,5.463323571319734e-09,0.0,0.0,0.0,5.583877396020398e-07,0.0,0.0,0.5237133502960205,0.15535414218902588,,,,,,,,,,,,,,,,
811,0.00029516819631680846,-0.4614303410053253,0.00015160447219386697,0.00014356063911691308,3.0979883103299244e-09,0.0,0.0,0.0,0.0,0.0,0.0,0.5462603569030762,0.1558130830526352,,,,,,,,,,,,,,,,
812,0.00030332838650792837,-0.4583691656589508,0.00015687182894907892,0.000146453661727719,2.9231395082263134e-09,0.0,0.0,0.0,3.9959371633813134e-07,0.0,0.0,0.5374068021774292,0.15577492117881775,,,,,,,,,,,,,,,,
813,0.0002744115190580487,-0.45850738883018494,0.00013913783186580986,0.00013527095143217593,2.7305755434525736e-09,0.0,0.0,0.0,5.076677966897591e-10,0.0,0.0,0.5344447493553162,0.1562136560678482,,,,,,,,,,,,,,,,
814,0.0003109750396106392,-0.4623717665672302,0.0001577526709297672,0.00015321974933613092,2.629401141263088e-09,0.0,0.0,0.0,0.0,0.0,0.0,0.53667813539505,0.1560416966676712,,,,,,,,,,,,,,,,
815,0.00028608832508325577,-0.46308422088623047,0.00014421956439036876,0.00014186622865963727,2.528695697279204e-09,0.0,0.0,0.0,0.0,0.0,0.0,0.5419636368751526,0.15630094707012177,,,,,,,,,,,,,,,,
816,0.0002654681447893381,-0.4621782898902893,0.00013198249507695436,0.0001334811095148325,4.5518295799240605e-09,0.0,0.0,0.0,7.78693305392153e-08,0.0,0.0,0.5463388562202454,0.15685148537158966,,,,,,,,,,,,,,,,
817,0.0002792658342514187,-0.4607764780521393,0.0001427659299224615,0.00013649233733303845,7.573369487090531e-09,0.0,0.0,0.0,4.218681404211111e-09,0.0,0.0,0.5495165586471558,0.1569281667470932,,,,,,,,,,,,,,,,
818,0.00028535982710309327,-0.46496957540512085,0.0001454932935303077,0.00013986328849568963,3.2260805138406567e-09,0.0,0.0,0.0,1.1978913789789658e-06,0.0,0.0,0.5536865592002869,0.156231090426445,,,,,,,,,,,,,,,,
819,0.0002798738132696599,-0.4639716148376465,0.00014404077955987304,0.0001358293229714036,3.6895277943926885e-09,0.0,0.0,0.0,1.4827086225466246e-08,0.0,0.0,0.5527218580245972,0.15602470934391022,,,,,,,,,,,,,,,,
820,0.0002770705905277282,-0.4597444534301758,0.00014100408589001745,0.00013606445281766355,2.0585455562383004e-09,0.0,0.0,0.0,8.312189159198624e-09,0.0,0.0,0.5424129962921143,0.15669119358062744,,,,,,,,,,,,,,,,
821,0.00028568890411406755,-0.46183374524116516,0.0001429435797035694,0.00014274122077040374,4.1129983863186226e-09,0.0,0.0,0.0,2.2549366462953913e-07,0.0,0.0,0.5406594276428223,0.15581561625003815,,,,,,,,,,,,,,,,
822,0.000301362102618441,-0.46563926339149475,0.0001526374981040135,0.00014872258179821074,2.0005281875512537e-09,0.0,0.0,0.0,7.579396665846616e-09,0.0,0.0,0.5213748216629028,0.15503796935081482,,,,,,,,,,,,,,,,
823,0.0002965837484225631,-0.4654504656791687,0.00014903942064847797,0.00014749393449164927,5.0414850960578406e-08,0.0,0.0,0.0,1.6965049098871532e-07,0.0,0.0,0.5222815871238708,0.15474101901054382,,,,,,,,,,,,,,,,
824,0.00027294407482258976,-0.46208274364471436,0.000137150171212852,0.00013574041076935828,5.3483251605257465e-08,0.0,0.0,0.0,7.817297387191502e-07,0.0,0.0,0.5191853046417236,0.15448787808418274,,,,,,,,,,,,,,,,
825,0.0002971905341837555,-0.46540844440460205,0.00015142241318244487,0.00014576641842722893,1.7062822266211697e-09,0.0,0.0,0.0,1.3046174807129773e-08,0.0,0.0,0.5230898857116699,0.15444757044315338,,,,,,,,,,,,,,,,
826,0.000268454197794199,-0.4689454734325409,0.00013591440801974386,0.0001325359335169196,3.843492191180076e-09,0.0,0.0,0.0,9.189197385239822e-07,0.0,0.0,0.5219327211380005,0.15448004007339478,,,,,,,,,,,,,,,,
827,0.0003244129184167832,-0.4661787748336792,0.00016412748664151877,0.0001602834672667086,1.939030935815822e-09,0.0,0.0,0.0,1.530540849614681e-08,0.0,0.0,0.538909375667572,0.15485166013240814,,,,,,,,,,,,,,,,
828,0.00026707680081017315,-0.46295788884162903,0.00013720027345698327,0.00012987465015612543,1.8818326896763438e-09,0.0,0.0,0.0,0.0,0.0,0.0,0.535764217376709,0.15492208302021027,,,,,,,,,,,,,,,,
829,0.0002876819053199142,-0.46689265966415405,0.00014261453179642558,0.0001450660201953724,1.359215295870797e-09,0.0,0.0,0.0,0.0,0.0,0.0,0.535477876663208,0.15441295504570007,,,,,,,,,,,,,,,,
830,0.0002414738410152495,-0.46984022855758667,0.00012166168744442984,0.00011977974645560607,3.2402976302137176e-08,0.0,0.0,0.0,2.2438131352942037e-09,0.0,0.0,0.5459955334663391,0.15562795102596283,,,,,,,,,,,,,,,,
831,0.00026816516765393317,-0.466643750667572,0.00013584129919763654,0.00013232264609541744,1.2111216474153252e-09,0.0,0.0,0.0,2.1819623885477313e-09,0.0,0.0,0.5571960806846619,0.15598918497562408,,,,,,,,,,,,,,,,
832,0.0002770566788967699,-0.4660736322402954,0.00014128259499557316,0.000135772890644148,1.1806452482332475e-09,0.0,0.0,0.0,8.375649684921882e-08,0.0,0.0,0.5556362867355347,0.1557159125804901,,,,,,,,,,,,,,,,
833,0.00026776327285915613,-0.46859487891197205,0.00013819453306496143,0.00012956596037838608,2.7796298596172164e-09,0.0,0.0,0.0,2.1304538222466363e-06,0.0,0.0,0.5496233701705933,0.15618658065795898,,,,,,,,,,,,,,,,
834,0.0002790149301290512,-0.4712214767932892,0.00014221742458175868,0.00013679637049790472,1.1352855322499522e-09,0.0,0.0,0.0,4.1212743440155464e-08,0.0,0.0,0.5469637513160706,0.1552017480134964,,,,,,,,,,,,,,,,
835,0.00028530287090688944,-0.4671742618083954,0.000144944031490013,0.00014035150525160134,7.338181617910777e-09,0.0,0.0,0.0,1.1913955404452281e-06,0.0,0.0,0.5429342985153198,0.1546953320503235,,,,,,,,,,,,,,,,
836,0.00030025295563973486,-0.4688551723957062,0.00014977346290834248,0.00015047856140881777,9.442313597674001e-10,0.0,0.0,0.0,5.00556005533781e-08,0.0,0.0,0.5411219000816345,0.15540236234664917,,,,,,,,,,,,,,,,
837,0.0002662228944245726,-0.47110259532928467,0.0001351490936940536,0.00013107297127135098,8.553046604298231e-10,0.0,0.0,0.0,5.744007467001211e-06,0.0,0.0,0.5334528684616089,0.15507376194000244,,,,,,,,,,,,,,,,
838,0.00026543860440142453,-0.46823814511299133,0.0001374670391669497,0.00012797060480806977,9.674161471906473e-10,0.0,0.0,0.0,1.534267468628059e-08,0.0,0.0,0.523566722869873,0.15384958684444427,,,,,,,,,,,,,,,,
839,0.00026023571263067424,-0.4692828059196472,0.00013210221368353814,0.00012812699424102902,6.490899373545744e-09,0.0,0.0,0.0,9.838880032475572e-06,0.0,0.0,0.5283752083778381,0.1544273942708969,,,,,,,,,,,,,,,,
840,0.00029385279049165547,-0.4706573784351349,0.00014849108993075788,0.0001453109725844115,5.0727706479847257e-08,0.0,0.0,0.0,2.2557585452886997e-06,0.0,0.0,0.5277513861656189,0.15427489578723907,,,,,,,,,,,,,,,,
841,0.0002933341602329165,-0.47065794467926025,0.00014596838445868343,0.00014736468438059092,1.0639576997206746e-09,0.0,0.0,0.0,2.9423608438605697e-08,0.0,0.0,0.5299941897392273,0.1536892205476761,,,,,,,,,,,,,,,,
842,0.0002732847351580858,-0.47119542956352234,0.00013976758054923266,0.000133515743073076,1.3923086017442188e-09,0.0,0.0,0.0,0.0,0.0,0.0,0.5273938775062561,0.15449312329292297,,,,,,,,,,,,,,,,
843,0.0002803682873491198,-0.4706858992576599,0.00014351666322909296,0.00013685101293958724,6.018742171320923e-10,0.0,0.0,0.0,1.2441891961145757e-08,0.0,0.0,0.5422144532203674,0.15493106842041016,,,,,,,,,,,,,,,,
844,0.00025786698097363114,-0.47257691621780396,0.00012754465569742024,0.00013032152492087334,8.042791987961095e-10,0.0,0.0,0.0,3.5941473015554948e-06,0.0,0.0,0.5319268107414246,0.15550294518470764,,,,,,,,,,,,,,,,
845,0.0002736638125497848,-0.47302648425102234,0.00013802263129036874,0.0001356406428385526,5.603483232974327e-10,0.0,0.0,0.0,0.0,0.0,0.0,0.5412654876708984,0.15528921782970428,,,,,,,,,,,,,,,,
846,0.00024138769367709756,-0.47277623414993286,0.00012195780436741188,0.00011942531273234636,4.567875411254363e-09,0.0,0.0,0.0,9.23788149975735e-07,0.0,0.0,0.5473809242248535,0.15486687421798706,,,,,,,,,,,,,,,,
847,0.0003362174902576953,-0.4732242226600647,0.0001705699396552518,0.0001656448293942958,2.708437252252338e-09,0.0,0.0,0.0,0.0,0.0,0.0,0.5348094701766968,0.1553126871585846,,,,,,,,,,,,,,,,
848,0.0004194430948700756,-0.47275903820991516,0.00020998883701395243,0.00020943423442076892,2.0016241109033217e-08,0.0,0.0,0.0,0.0,0.0,0.0,0.5384811162948608,0.15507492423057556,,,,,,,,,,,,,,,,
849,0.00025671444018371403,-0.47353312373161316,0.00013000244507566094,0.0001267114857910201,5.04941144452431e-10,0.0,0.0,0.0,9.093623702938203e-06,0.0,0.0,0.5299861431121826,0.15437601506710052,,,,,,,,,,,,,,,,
850,0.0003024295438081026,-0.47414252161979675,0.0001531119633000344,0.00014931653277017176,1.0468454991752196e-09,0.0,0.0,0.0,6.737029139003425e-07,0.0,0.0,0.5348405241966248,0.154944509267807,,,,,,,,,,,,,,,,
851,0.00032420994830317795,-0.47493109107017517,0.00016074161976575851,0.00016346560732927173,2.6962236887584368e-09,0.0,0.0,0.0,7.735134310848935e-09,0.0,0.0,0.5331605076789856,0.1548646092414856,,,,,,,,,,,,,,,,
852,0.0002731461718212813,-0.475498229265213,0.00013906294771004468,0.0001339823065791279,1.00907932676364e-07,0.0,0.0,0.0,0.0,0.0,0.0,0.5378169417381287,0.1547478586435318,,,,,,,,,,,,,,,,
853,0.00027854202198795974,-0.4751913845539093,0.00014008121797814965,0.00013842764019500464,3.315541619031137e-08,0.0,0.0,0.0,1.8318767615710385e-05,0.0,0.0,0.5435245037078857,0.15543325245380402,,,,,,,,,,,,,,,,
854,0.00031621797825209796,-0.47456493973731995,0.0001573982444824651,0.0001588191371411085,5.98299465526253e-10,0.0,0.0,0.0,8.198400109904469e-07,0.0,0.0,0.5352647304534912,0.1545420140028,,,,,,,,,,,,,,,,
855,0.0002608402573969215,-0.47612303495407104,0.00013281300198286772,0.00012802700803149492,2.726921466411625e-10,0.0,0.0,0.0,0.0,0.0,0.0,0.5281776189804077,0.15370683372020721,,,,,,,,,,,,,,,,
856,0.00026111738407053053,-0.47585225105285645,0.00013166212011128664,0.00012945500202476978,2.474675186991959e-10,0.0,0.0,0.0,0.0,0.0,0.0,0.524082362651825,0.15389178693294525,,,,,,,,,,,,,,,,
857,0.0002720140037126839,-0.47491103410720825,0.00013863746426068246,0.0001333762047579512,3.3614366845569066e-10,0.0,0.0,0.0,1.4673860277980566e-06,0.0,0.0,0.5316206216812134,0.15378601849079132,,,,,,,,,,,,,,,,
858,0.000277243583695963,-0.47565707564353943,0.00013924611266702414,0.00013799728185404092,2.0155861701898203e-10,0.0,0.0,0.0,2.6286403609354636e-10,0.0,0.0,0.5250735878944397,0.1536620706319809,,,,,,,,,,,,,,,,
859,0.00027782286633737385,-0.4768698811531067,0.00014142689178697765,0.000136387869133614,8.129713791049653e-09,0.0,0.0,0.0,0.0,0.0,0.0,0.5215611457824707,0.15366707742214203,,,,,,,,,,,,,,,,
860,0.00028687831945717335,-0.4772794246673584,0.00014627276686951518,0.00014060539251659065,1.8680805513593413e-10,0.0,0.0,0.0,1.6655080798955169e-06,0.0,0.0,0.5123672485351562,0.15392418205738068,,,,,,,,,,,,,,,,
861,0.00028503002249635756,-0.4787932336330414,0.00014336893218569458,0.00014166091568768024,1.7725799994483538e-10,0.0,0.0,0.0,6.931526286280132e-08,0.0,0.0,0.5174211859703064,0.1542694866657257,,,,,,,,,,,,,,,,
862,0.00023807217075955123,-0.48067227005958557,0.00012061892630299553,0.00011745310621336102,1.323027937205623e-10,0.0,0.0,0.0,6.380566333064053e-07,0.0,0.0,0.5240044593811035,0.1542215794324875,,,,,,,,,,,,,,,,
863,0.0002997972769662738,-0.47855448722839355,0.00015078186697792262,0.00014901530812494457,1.176378161549252e-10,0.0,0.0,0.0,2.080987087538233e-06,0.0,0.0,0.5226670503616333,0.1540689319372177,,,,,,,,,,,,,,,,
864,0.0003018544230144471,-0.47795456647872925,0.0001539164804853499,0.00014793782611377537,1.042053665578635e-10,0.0,0.0,0.0,1.766787818269222e-06,0.0,0.0,0.5309523940086365,0.15460702776908875,,,,,,,,,,,,,,,,
865,0.0002760326024144888,-0.48001912236213684,0.00014200902660377324,0.0001340193412033841,4.243005502502228e-09,0.0,0.0,0.0,8.452979471940125e-08,0.0,0.0,0.5294348001480103,0.15529382228851318,,,,,,,,,,,,,,,,
866,0.00028824611217714846,-0.4789963364601135,0.00014865653065498918,0.00013958585623186082,3.7264502594780424e-09,0.0,0.0,0.0,1.893735124269824e-08,0.0,0.0,0.5329791903495789,0.15527448058128357,,,,,,,,,,,,,,,,
867,0.00032402941724285483,-0.4798189103603363,0.00016531442815903574,0.00015871466894168407,3.30614785548633e-10,0.0,0.0,0.0,4.6449052604202734e-08,0.0,0.0,0.5419060587882996,0.1557159125804901,,,,,,,,,,,,,,,,
868,0.00031109905103221536,-0.4811333119869232,0.00015841778076719493,0.00015268049901351333,7.669348489613981e-10,0.0,0.0,0.0,1.0335895694879582e-07,0.0,0.0,0.5331229567527771,0.1542263925075531,,,,,,,,,,,,,,,,
869,0.00026118691312149167,-0.4806700348854065,0.0001333284453721717,0.00012785631406586617,2.1599493305046735e-09,0.0,0.0,0.0,5.700882184100919e-07,0.0,0.0,0.5312760472297668,0.15410688519477844,,,,,,,,,,,,,,,,
870,0.00027071963995695114,-0.4802536964416504,0.00013961982040200382,0.00013109936844557524,4.515929297177479e-10,0.0,0.0,0.0,9.01886565429777e-09,0.0,0.0,0.5225245356559753,0.15462055802345276,,,,,,,,,,,,,,,,
871,0.0002764164237305522,-0.4817694425582886,0.0001385040086461231,0.00013790818047709763,4.263485564592884e-09,0.0,0.0,0.0,6.607206159969792e-07,0.0,0.0,0.5251810550689697,0.15369747579097748,,,,,,,,,,,,,,,,
872,0.00025871748221106827,-0.48311445116996765,0.0001327786158071831,0.00012593880819622427,5.917152878787135e-11,0.0,0.0,0.0,4.799221073881199e-07,0.0,0.0,0.5081808567047119,0.15213248133659363,,,,,,,,,,,,,,,,
873,0.00025438747252337635,-0.48241057991981506,0.0001270760258194059,0.00012731140304822475,4.319714030920352e-11,0.0,0.0,0.0,1.5147988108310528e-07,0.0,0.0,0.5141135454177856,0.1523570418357849,,,,,,,,,,,,,,,,
874,0.0002366297267144546,-0.4801097512245178,0.00011997497495030984,0.00011665474448818713,8.14325430004148e-12,0.0,0.0,0.0,1.076170819125366e-09,0.0,0.0,0.5141863226890564,0.15341904759407043,,,,,,,,,,,,,,,,
875,0.00027538969879969954,-0.48318177461624146,0.0001377308217342943,0.00013759864668827504,6.023567777901917e-08,0.0,0.0,0.0,0.0,0.0,0.0,0.5145308971405029,0.15377277135849,,,,,,,,,,,,,,,,
876,0.00025967424153350294,-0.4846652150154114,0.0001321667223237455,0.00012750476889777929,2.768965279287272e-09,0.0,0.0,0.0,2.3943522720060173e-08,0.0,0.0,0.5118414163589478,0.15264929831027985,,,,,,,,,,,,,,,,
877,0.00027419213438406587,-0.481404572725296,0.00013801429304294288,0.0001361778558930382,9.95204678215511e-13,0.0,0.0,0.0,2.656939779299705e-09,0.0,0.0,0.5244774222373962,0.1538572460412979,,,,,,,,,,,,,,,,
878,0.000244727183599025,-0.48243439197540283,0.0001267739717150107,0.00011795309546869248,1.1592311832675506e-10,0.0,0.0,0.0,0.0,0.0,0.0,0.5346027612686157,0.15460094809532166,,,,,,,,,,,,,,,,
879,0.0002464161079842597,-0.485870897769928,0.00012182503996882588,0.00012458197306841612,9.0966114640878e-09,0.0,0.0,0.0,6.483768633103182e-09,0.0,0.0,0.5340375900268555,0.15421582758426666,,,,,,,,,,,,,,,,
880,0.00025029623066075146,-0.4851756989955902,0.00012716180935967714,0.00012313442130107433,1.378081444675466e-16,0.0,0.0,0.0,2.197776893808623e-06,0.0,0.0,0.5309967398643494,0.15434494614601135,,,,,,,,,,,,,,,,
881,0.00028687657322734594,-0.4846673011779785,0.00014642080350313336,0.0001404553622705862,4.082061355603628e-10,0.0,0.0,0.0,1.0320835741595147e-07,0.0,0.0,0.5332512855529785,0.15463198721408844,,,,,,,,,,,,,,,,
882,0.00023991125635802746,-0.48504507541656494,0.00012043827155139297,0.00011947298480663449,3.473673822543266e-12,0.0,0.0,0.0,0.0,0.0,0.0,0.5280038118362427,0.1551753729581833,,,,,,,,,,,,,,,,
883,0.0002819409128278494,-0.4872467517852783,0.000142474498716183,0.00013946641411166638,6.4471080384043145e-12,0.0,0.0,0.0,4.0258249511815336e-10,0.0,0.0,0.5291796326637268,0.15408679842948914,,,,,,,,,,,,,,,,
884,0.0002750469429884106,-0.4862798750400543,0.00014026726421434432,0.0001347689249087125,1.0750401457926273e-08,0.0,0.0,0.0,4.392078167825275e-08,0.0,0.0,0.5073775053024292,0.1534300148487091,,,,,,,,,,,,,,,,
885,0.00026666323537938297,-0.4859493672847748,0.0001361789327347651,0.00013041464262641966,6.965132826053377e-08,0.0,0.0,0.0,0.0,0.0,0.0,0.511784553527832,0.1528005301952362,,,,,,,,,,,,,,,,
886,0.00027839330141432583,-0.4859861433506012,0.00013938781921751797,0.00013900548219680786,1.3451130694837565e-16,0.0,0.0,0.0,0.0,0.0,0.0,0.5076163411140442,0.15345367789268494,,,,,,,,,,,,,,,,
887,0.00025040050968527794,-0.48649483919143677,0.0001282714365515858,0.00012212229194119573,6.7955912008699215e-09,0.0,0.0,0.0,1.1021963786106426e-08,0.0,0.0,0.505343496799469,0.1526772826910019,,,,,,,,,,,,,,,,
888,0.0002780873910523951,-0.485075443983078,0.00014094436482992023,0.0001371430407743901,1.3350456858589451e-16,0.0,0.0,0.0,2.8376257432682905e-06,0.0,0.0,0.5097387433052063,0.15372686088085175,,,,,,,,,,,,,,,,
889,0.0002823839895427227,-0.48746174573898315,0.00014414395263884217,0.0001382347400067374,5.2980304587890714e-09,0.0,0.0,0.0,1.2442026786629867e-07,0.0,0.0,0.5228971242904663,0.15381817519664764,,,,,,,,,,,,,,,,
890,0.0002441599208395928,-0.48986756801605225,0.00012085794151062146,0.00012330197205301374,1.3216173019692083e-16,0.0,0.0,0.0,0.0,0.0,0.0,0.5248374342918396,0.15476541221141815,,,,,,,,,,,,,,,,
891,0.00030339829390868545,-0.48714688420295715,0.00015380210243165493,0.00014959620602894574,1.3143300392959631e-16,0.0,0.0,0.0,7.734372076129148e-08,0.0,0.0,0.5360594391822815,0.15578602254390717,,,,,,,,,,,,,,,,
892,0.0002617176214698702,-0.48677152395248413,0.00012974724813830107,0.00013196858344599605,1.7796314422113824e-09,0.0,0.0,0.0,4.2234805874841186e-08,0.0,0.0,0.5386359691619873,0.15448518097400665,,,,,,,,,,,,,,,,
893,0.00026258366415277123,-0.48972806334495544,0.00013258980470709503,0.00012999381578993052,6.598793733658681e-11,0.0,0.0,0.0,5.054213943367358e-06,0.0,0.0,0.531732976436615,0.1547030359506607,,,,,,,,,,,,,,,,
894,0.0002603086468297988,-0.4901919960975647,0.00013347819913178682,0.0001268286578124389,1.7871203406016889e-09,0.0,0.0,0.0,0.0,0.0,0.0,0.5406292676925659,0.1546720266342163,,,,,,,,,,,,,,,,
895,0.0002441979886498302,-0.48756057024002075,0.000123703881399706,0.00012049207725794986,2.039422186683737e-09,0.0,0.0,0.0,1.6978194139483094e-07,0.0,0.0,0.536613404750824,0.15454231202602386,,,,,,,,,,,,,,,,
896,0.0002454612113069743,-0.4896991550922394,0.00012567886733449996,0.00011977538088103756,6.967548760172804e-09,0.0,0.0,0.0,0.0,0.0,0.0,0.5329179167747498,0.15394830703735352,,,,,,,,,,,,,,,,
897,0.0002891705371439457,-0.4911656081676483,0.00014580936112906784,0.0001433558645658195,5.293817828544434e-09,0.0,0.0,0.0,2.3725592654955108e-06,0.0,0.0,0.5203418135643005,0.15295685827732086,,,,,,,,,,,,,,,,
898,0.0002491884515620768,-0.4911841154098511,0.0001243303413502872,0.00012485464685596526,3.476633425592013e-09,0.0,0.0,0.0,3.555197913840402e-09,0.0,0.0,0.5148431658744812,0.15324978530406952,,,,,,,,,,,,,,,,
899,0.0002513239160180092,-0.4901452362537384,0.00012691017764154822,0.00012441372382454574,1.6035886938190933e-15,0.0,0.0,0.0,2.1799028360192096e-08,0.0,0.0,0.507114052772522,0.15213054418563843,,,,,,,,,,,,,,,,
900,0.00027295935433357954,-0.4924330413341522,0.00014072092017158866,0.0001322380267083645,4.0298361869695043e-10,0.0,0.0,0.0,7.25922859601269e-08,0.0,0.0,0.5144050717353821,0.15277716517448425,,,,,,,,,,,,,,,,
901,0.0002515142550691962,-0.49228644371032715,0.0001259840209968388,0.00012552901171147823,1.2238766666783363e-09,0.0,0.0,0.0,0.0,0.0,0.0,0.5285740494728088,0.1535210758447647,,,,,,,,,,,,,,,,
902,0.00025265771546401083,-0.4900399446487427,0.00012858201807830483,0.00012406354653649032,1.2127967075059587e-08,0.0,0.0,0.0,2.3232380463866775e-09,0.0,0.0,0.5251068472862244,0.15419059991836548,,,,,,,,,,,,,,,,
903,0.0003161966160405427,-0.49222609400749207,0.00015958520816639066,0.0001566112186992541,1.9437666753940874e-10,0.0,0.0,0.0,2.664165492660686e-07,0.0,0.0,0.5339741706848145,0.15410380065441132,,,,,,,,,,,,,,,,
904,0.0002501086564734578,-0.49321115016937256,0.00012442249862942845,0.0001256861723959446,1.0528470456572236e-11,0.0,0.0,0.0,0.0,0.0,0.0,0.5274792313575745,0.1548568159341812,,,,,,,,,,,,,,,,
905,0.00024783541448414326,-0.49085381627082825,0.00012330552272032946,0.00012452987721189857,1.2363287604167847e-16,0.0,0.0,0.0,5.964031402072578e-08,0.0,0.0,0.517029881477356,0.15369898080825806,,,,,,,,,,,,,,,,
906,0.0002526870521251112,-0.492169052362442,0.00012939920998178422,0.00012328567390795797,2.187656278351824e-09,0.0,0.0,0.0,0.0,0.0,0.0,0.5158627033233643,0.15345759689807892,,,,,,,,,,,,,,,,
907,0.00024181505432352424,-0.49471598863601685,0.00012315403728280216,0.00011866101704072207,1.2409525015176092e-16,0.0,0.0,0.0,6.255083007999929e-06,0.0,0.0,0.5086762309074402,0.15329381823539734,,,,,,,,,,,,,,,,
908,0.0002583825262263417,-0.4949038624763489,0.00013054852024652064,0.00012783402053173631,1.2428255031222252e-16,0.0,0.0,0.0,1.8881901269196533e-06,0.0,0.0,0.5062457919120789,0.15316319465637207,,,,,,,,,,,,,,,,
909,0.00025791156804189086,-0.4910750091075897,0.0001302725577261299,0.00012763206905219704,6.9230656762897524e-09,0.0,0.0,0.0,2.838042973962729e-06,0.0,0.0,0.49703893065452576,0.15239614248275757,,,,,,,,,,,,,,,,
910,0.0002467546728439629,-0.4940619170665741,0.0001245486200787127,0.0001221796846948564,2.6355522209087212e-08,0.0,0.0,0.0,1.1420731880207313e-06,0.0,0.0,0.500481128692627,0.15290604531764984,,,,,,,,,,,,,,,,
911,0.0002403229591436684,-0.49776098132133484,0.00012158981553511694,0.00011873313633259386,1.2357938061710344e-16,0.0,0.0,0.0,8.193951543944422e-06,0.0,0.0,0.49697035551071167,0.15256795287132263,,,,,,,,,,,,,,,,
912,0.0002690507681109011,-0.4951171576976776,0.00013779019354842603,0.00013126058911439031,1.229173581943752e-16,0.0,0.0,0.0,0.0,0.0,0.0,0.5150586366653442,0.15345357358455658,,,,,,,,,,,,,,,,
913,0.0002744752273429185,-0.49344420433044434,0.00014020627713762224,0.00013426895020529628,1.2208684238959236e-16,0.0,0.0,0.0,0.0,0.0,0.0,0.5029283761978149,0.15276747941970825,,,,,,,,,,,,,,,,
914,0.00027434888761490583,-0.4957583248615265,0.00013992191816214472,0.00013442696945276111,1.2134155927512699e-16,0.0,0.0,0.0,3.895156908129138e-07,0.0,0.0,0.5113465785980225,0.1529337465763092,,,,,,,,,,,,,,,,
915,0.0002511851489543915,-0.49718430638313293,0.00012956076534464955,0.00012162274651927873,1.6435103278311658e-09,0.0,0.0,0.0,0.0,0.0,0.0,0.5146303772926331,0.15355652570724487,,,,,,,,,,,,,,,,
916,0.00023983066785149276,-0.4940539300441742,0.00012285637785680592,0.00011697428271872923,1.2016972889727006e-16,0.0,0.0,0.0,1.073772750714852e-07,0.0,0.0,0.5089621543884277,0.15383180975914001,,,,,,,,,,,,,,,,
917,0.00026540772523730993,-0.49509137868881226,0.00013428027159534395,0.0001311274099862203,5.7569733702411696e-11,0.0,0.0,0.0,0.0,0.0,0.0,0.5158118605613708,0.15307946503162384,,,,,,,,,,,,,,,,
918,0.00023607196635566652,-0.4985506534576416,0.0001219104160554707,0.00011416155030019581,1.1880509264479438e-16,0.0,0.0,0.0,0.0,0.0,0.0,0.51555335521698,0.15336373448371887,,,,,,,,,,,,,,,,
919,0.0002675983414519578,-0.4978252351284027,0.00013286671310197562,0.00013471605780068785,1.557484630154704e-08,0.0,0.0,0.0,7.203093232988067e-09,0.0,0.0,0.5122252702713013,0.15288592875003815,,,,,,,,,,,,,,,,
920,0.00023496474022977054,-0.49625906348228455,0.00011772883590310812,0.00011723589705070481,1.1760192204788905e-16,0.0,0.0,0.0,1.3128293403497082e-06,0.0,0.0,0.509430468082428,0.15275469422340393,,,,,,,,,,,,,,,,
921,0.00024048419436439872,-0.4995255768299103,0.00012111828982597217,0.00011935950897168368,6.403380492514543e-09,0.0,0.0,0.0,3.1692413138273423e-09,0.0,0.0,0.5096003413200378,0.1519899219274521,,,,,,,,,,,,,,,,
922,0.0002552891965024173,-0.5003463625907898,0.0001294043759116903,0.00012588483514264226,1.0429799249733404e-13,0.0,0.0,0.0,0.0,0.0,0.0,0.504360020160675,0.15292194485664368,,,,,,,,,,,,,,,,
923,0.00024318558280356228,-0.49669376015663147,0.00012437862460501492,0.00011880695092258975,2.2128247856040978e-14,0.0,0.0,0.0,9.111786880566797e-08,0.0,0.0,0.5264991521835327,0.1526973992586136,,,,,,,,,,,,,,,,
924,0.0002554934471845627,-0.4988867938518524,0.0001293953973799944,0.0001260980498045683,1.1378605185539823e-16,0.0,0.0,0.0,7.0307222266308145e-09,0.0,0.0,0.5204726457595825,0.15325240790843964,,,,,,,,,,,,,,,,
925,0.00024369209131691605,-0.5002686977386475,0.00012251436419319361,0.00012117681035306305,9.119224819720273e-10,0.0,0.0,0.0,4.2694537683019007e-07,0.0,0.0,0.5238907933235168,0.15395401418209076,,,,,,,,,,,,,,,,
926,0.00025184842525050044,-0.4996126592159271,0.00012769995373673737,0.0001241477148141712,7.573268123728383e-10,0.0,0.0,0.0,0.0,0.0,0.0,0.5082103610038757,0.1531028300523758,,,,,,,,,,,,,,,,
927,0.0003813621588051319,-0.49800270795822144,0.00019211661128792912,0.00018924186588265002,3.6616214504903155e-09,0.0,0.0,0.0,1.6170277561400326e-08,0.0,0.0,0.505333423614502,0.1529109627008438,,,,,,,,,,,,,,,,
928,0.00024252173898275942,-0.5019437074661255,0.0001257030526176095,0.00011681868636514992,1.071950634996859e-16,0.0,0.0,0.0,1.0374238001986669e-07,0.0,0.0,0.5055243968963623,0.15278728306293488,,,,,,,,,,,,,,,,
929,0.00031417005811817944,-0.5026167631149292,0.0001570352615090087,0.00015713479660917073,1.0936730172753442e-13,0.0,0.0,0.0,2.5381867718721196e-09,0.0,0.0,0.49085256457328796,0.15205112099647522,,,,,,,,,,,,,,,,
930,0.00027182226767763495,-0.4992450773715973,0.00013598914665635675,0.00013583310646936297,3.763485183216897e-12,0.0,0.0,0.0,8.604638992437685e-07,0.0,0.0,0.49103182554244995,0.15194597840309143,,,,,,,,,,,,,,,,
931,0.00024944377946667373,-0.4997292459011078,0.0001226764579769224,0.00012676713231485337,2.0933772770792558e-10,0.0,0.0,0.0,5.58147121410002e-07,0.0,0.0,0.4958605468273163,0.15243417024612427,,,,,,,,,,,,,,,,
932,0.0002610122610349208,-0.502748429775238,0.00013553300232160836,0.00012547857477329671,6.583812384164389e-10,0.0,0.0,0.0,1.7666030416307876e-08,0.0,0.0,0.503751277923584,0.1530296504497528,,,,,,,,,,,,,,,,
933,0.00027244925149716437,-0.5050644278526306,0.0001386692892992869,0.00013377994764596224,1.5229022903850975e-11,0.0,0.0,0.0,0.0,0.0,0.0,0.5144732594490051,0.15257570147514343,,,,,,,,,,,,,,,,
934,0.00024908172781579196,-0.5015009045600891,0.00012703707034233958,0.00012204330414533615,1.3725671710318466e-09,0.0,0.0,0.0,1.959645423710299e-08,0.0,0.0,0.5160292983055115,0.15357016026973724,,,,,,,,,,,,,,,,
935,0.00024179136380553246,-0.5025644302368164,0.00012340127432253212,0.00011838950013043359,5.839069783242223e-10,0.0,0.0,0.0,0.0,0.0,0.0,0.5291492342948914,0.15387119352817535,,,,,,,,,,,,,,,,
936,0.00021864516020286828,-0.5059646368026733,0.00011109899787697941,0.00010754603135865182,1.2372416979822276e-10,0.0,0.0,0.0,3.8710261662799894e-08,0.0,0.0,0.5323336124420166,0.15389832854270935,,,,,,,,,,,,,,,,
937,0.00026718323351815343,-0.502638041973114,0.00013566949928645045,0.00013151325401850045,4.662328856319675e-10,0.0,0.0,0.0,0.0,0.0,0.0,0.5333337187767029,0.15407584607601166,,,,,,,,,,,,,,,,
938,0.00026101930416189134,-0.5015629529953003,0.00013332946400623769,0.00012768815213348716,1.6819684534041812e-09,0.0,0.0,0.0,7.883484443027555e-08,0.0,0.0,0.5323649644851685,0.1537720263004303,,,,,,,,,,,,,,,,
939,0.0002501684066373855,-0.5039324760437012,0.00012703162792604417,0.00012313677871134132,8.51957318876951e-17,0.0,0.0,0.0,2.865286035103054e-07,0.0,0.0,0.5083711743354797,0.1525469869375229,,,,,,,,,,,,,,,,
940,0.0002321157808182761,-0.5062382221221924,0.00011716949666151777,0.00011494628415675834,3.917910267048352e-12,0.0,0.0,0.0,1.5211452097929623e-09,0.0,0.0,0.5083128809928894,0.1533089280128479,,,,,,,,,,,,,,,,
941,0.0002524736919440329,-0.5036103129386902,0.0001267240586457774,0.00012574954598676413,8.07405947655937e-11,0.0,0.0,0.0,2.8896624826302286e-07,0.0,0.0,0.49744555354118347,0.15212351083755493,,,,,,,,,,,,,,,,
942,0.00022374818217940629,-0.5037484765052795,0.00011285581422271207,0.0001108911819756031,1.1982403957944143e-09,0.0,0.0,0.0,1.112009400117131e-07,0.0,0.0,0.47862908244132996,0.15130877494812012,,,,,,,,,,,,,,,,
943,0.00023771253472659737,-0.5075659155845642,0.00012252024316694587,0.00011519145482452586,8.293503661604973e-10,0.0,0.0,0.0,3.0908492476555693e-07,0.0,0.0,0.4822932183742523,0.15057677030563354,,,,,,,,,,,,,,,,
944,0.00025581789668649435,-0.5060244202613831,0.0001297854323638603,0.0001260283461306244,4.121118557520731e-09,0.0,0.0,0.0,3.326986472984572e-07,0.0,0.0,0.4792420566082001,0.15020319819450378,,,,,,,,,,,,,,,,
945,0.00023995732772164047,-0.5023245215415955,0.00012115934077883139,0.00011879799421876669,7.001772203606569e-17,0.0,0.0,0.0,4.066940562097443e-09,0.0,0.0,0.48785004019737244,0.1512627750635147,,,,,,,,,,,,,,,,
946,0.0002623822074383497,-0.504558801651001,0.00013000669423490763,0.00013237549865152687,9.790939760334627e-13,0.0,0.0,0.0,1.866661314409157e-08,0.0,0.0,0.49107709527015686,0.15157069265842438,,,,,,,,,,,,,,,,
947,0.0002387670538155362,-0.5091689229011536,0.00011985094897681847,0.00011891553003806621,5.700246386020069e-10,0.0,0.0,0.0,0.0,0.0,0.0,0.49522078037261963,0.15182560682296753,,,,,,,,,,,,,,,,
948,0.00027691072318702936,-0.5069291591644287,0.00014339292829390615,0.0001335141423624009,3.6545635406781685e-09,0.0,0.0,0.0,7.596026563305713e-08,0.0,0.0,0.507574200630188,0.15204590559005737,,,,,,,,,,,,,,,,
949,0.00025868508964776993,-0.5042206048965454,0.00013243182911537588,0.00012625327508430928,2.4359763338421825e-12,0.0,0.0,0.0,1.1007150533259846e-06,0.0,0.0,0.5023794770240784,0.15268629789352417,,,,,,,,,,,,,,,,
950,0.00025912877754308283,-0.5078650116920471,0.00013147330901119858,0.00012765500287059695,4.69111083312157e-10,0.0,0.0,0.0,1.1172895852951115e-07,0.0,0.0,0.5072734951972961,0.15263168513774872,,,,,,,,,,,,,,,,
951,0.00019482937932480127,-0.5083736777305603,9.611499262973666e-05,9.87143866950646e-05,1.6720696008332148e-12,0.0,0.0,0.0,3.0700427089414006e-08,0.0,0.0,0.5137822031974792,0.1521608531475067,,,,,,,,,,,,,,,,
952,0.00023613021767232567,-0.5075709223747253,0.00011936166265513748,0.00011676541907945648,3.1319598026158246e-09,0.0,0.0,0.0,0.0,0.0,0.0,0.5030503869056702,0.1521224081516266,,,,,,,,,,,,,,,,
953,0.0002419754018774256,-0.5070502758026123,0.00012177971075288951,0.0001201956911245361,5.026417599333791e-15,0.0,0.0,0.0,0.0,0.0,0.0,0.50364750623703,0.1525368094444275,,,,,,,,,,,,,,,,
954,0.00022715891827829182,-0.5103371143341064,0.0001135862767114304,0.00011357264156686142,1.0790043988503917e-12,0.0,0.0,0.0,0.0,0.0,0.0,0.509485125541687,0.15230804681777954,,,,,,,,,,,,,,,,
955,0.0002246914809802547,-0.5105708241462708,0.00011396852642064914,0.0001107228672481142,8.080163621526637e-11,0.0,0.0,0.0,2.0685231305606067e-08,0.0,0.0,0.499822199344635,0.15226413309574127,,,,,,,,,,,,,,,,
956,0.000258366868365556,-0.5083967447280884,0.0001296543632633984,0.00012870546197518706,7.03985714167743e-09,0.0,0.0,0.0,1.421849873395331e-07,0.0,0.0,0.4972671568393707,0.15252190828323364,,,,,,,,,,,,,,,,
957,0.0002537925320211798,-0.5088753700256348,0.00012648738629650325,0.00012730345770251006,1.6833079374833915e-09,0.0,0.0,0.0,3.111764002028394e-08,0.0,0.0,0.4901135563850403,0.15229244530200958,,,,,,,,,,,,,,,,
958,0.00026095035718753934,-0.5113570094108582,0.0001310209190705791,0.000129929423565045,4.7829780009523e-17,0.0,0.0,0.0,1.0484152426215587e-06,0.0,0.0,0.4808551073074341,0.15126195549964905,,,,,,,,,,,,,,,,
959,0.0002515309024602175,-0.5109914541244507,0.00012583049829117954,0.00012570040416903794,4.6857859333385445e-17,0.0,0.0,0.0,3.888447785982407e-09,0.0,0.0,0.5037620663642883,0.15210884809494019,,,,,,,,,,,,,,,,
960,0.00024527174537070096,-0.5081638693809509,0.00012439375859685242,0.00012087788491044194,7.861812589826656e-11,0.0,0.0,0.0,1.383465132676065e-06,0.0,0.0,0.4966255724430084,0.15208837389945984,,,,,,,,,,,,,,,,
961,0.00023542677809018642,-0.5122865438461304,0.00011828192509710789,0.00011714362335624173,1.2384360204009681e-09,0.0,0.0,0.0,2.5260349367783874e-10,0.0,0.0,0.5130385756492615,0.1521821916103363,,,,,,,,,,,,,,,,
962,0.0002709831460379064,-0.5144715309143066,0.0001396097504766658,0.00013137341011315584,2.306988692961365e-13,0.0,0.0,0.0,3.622894650945341e-09,0.0,0.0,0.5116185545921326,0.1531233787536621,,,,,,,,,,,,,,,,
963,0.0002574899117462337,-0.5114870667457581,0.0001291880034841597,0.000128301908262074,7.75175063028044e-12,0.0,0.0,0.0,0.0,0.0,0.0,0.5061116218566895,0.15284934639930725,,,,,,,,,,,,,,,,
964,0.00023869289725553244,-0.5096349120140076,0.00012199470802443102,0.00011669818923110142,1.916753431321916e-13,0.0,0.0,0.0,3.62489638305874e-09,0.0,0.0,0.49361559748649597,0.15258164703845978,,,,,,,,,,,,,,,,
965,0.0002608908398542553,-0.5129609107971191,0.00013174476043786854,0.00012914545368403196,6.131947172249852e-10,0.0,0.0,0.0,7.283417757797395e-10,0.0,0.0,0.4961930513381958,0.1525961309671402,,,,,,,,,,,,,,,,
966,0.00027547654462978244,-0.514626145362854,0.00013700580166187137,0.00013847074296791106,8.801821251014363e-12,0.0,0.0,0.0,3.9575589028117975e-08,0.0,0.0,0.49311190843582153,0.15148921310901642,,,,,,,,,,,,,,,,
967,0.0003608213155530393,-0.5102590322494507,0.00018207904940936714,0.00017874222248792648,6.958755099928382e-11,0.0,0.0,0.0,4.937654694003868e-07,0.0,0.0,0.5024259090423584,0.15273629128932953,,,,,,,,,,,,,,,,
968,0.0002549187047407031,-0.5128764510154724,0.00012469534703996032,0.000130223372252658,3.778933269417879e-17,0.0,0.0,0.0,5.210113585008003e-08,0.0,0.0,0.49847298860549927,0.15243342518806458,,,,,,,,,,,,,,,,
969,0.00024395855143666267,-0.5172900557518005,0.00012298139336053282,0.00012097194121452048,5.209467079936303e-09,0.0,0.0,0.0,5.586293809756171e-07,0.0,0.0,0.5046753883361816,0.1521327644586563,,,,,,,,,,,,,,,,
970,0.0002725366211961955,-0.5149871706962585,0.0001374255371047184,0.0001351107202935964,3.6846475870433437e-10,0.0,0.0,0.0,0.0,0.0,0.0,0.49489647150039673,0.15195384621620178,,,,,,,,,,,,,,,,
971,0.0002743224031291902,-0.5109720826148987,0.000138729767058976,0.0001355915010208264,1.1417832235238734e-09,0.0,0.0,0.0,0.0,0.0,0.0,0.4798167943954468,0.15124788880348206,,,,,,,,,,,,,,,,
972,0.0002430231834296137,-0.5143441557884216,0.00012470826914068311,0.00011831490701297298,1.745074760693341e-13,0.0,0.0,0.0,0.0,0.0,0.0,0.4886421263217926,0.15159685909748077,,,,,,,,,,,,,,,,
973,0.0002416251809336245,-0.5171712040901184,0.00012123626947868615,0.00012038374552503228,5.160862848185843e-09,0.0,0.0,0.0,0.0,0.0,0.0,0.4868558645248413,0.15135422348976135,,,,,,,,,,,,,,,,
974,0.00025573038146831095,-0.5125812292098999,0.00012748657900374383,0.00012824371515307575,7.57286178210137e-11,0.0,0.0,0.0,0.0,0.0,0.0,0.5060253739356995,0.15210933983325958,,,,,,,,,,,,,,,,
975,0.00023435175535269082,-0.5139554738998413,0.00012016057007713243,0.00011419118527555838,3.521576408846254e-14,0.0,0.0,0.0,2.033210790841622e-07,0.0,0.0,0.5093013048171997,0.15244604647159576,,,,,,,,,,,,,,,,
976,0.00022800869191996753,-0.519460141658783,0.00011610712681431323,0.0001119015651056543,3.3829989678801873e-17,0.0,0.0,0.0,3.075203380831226e-08,0.0,0.0,0.5058344006538391,0.1534837931394577,,,,,,,,,,,,,,,,
977,0.000245760747930035,-0.5172725319862366,0.00012617498578038067,0.00011957967217313126,6.095383753290662e-09,0.0,0.0,0.0,3.2261134208511066e-08,0.0,0.0,0.4990522265434265,0.15238218009471893,,,,,,,,,,,,,,,,
978,0.00025260428083129227,-0.5124589800834656,0.00012965260248165578,0.00012295128544792533,3.722155084151524e-10,0.0,0.0,0.0,0.0,0.0,0.0,0.4975753426551819,0.15207001566886902,,,,,,,,,,,,,,,,
979,0.00024952495004981756,-0.5146589875221252,0.0001248915505129844,0.00012463338498491794,3.227070790202511e-17,0.0,0.0,0.0,0.0,0.0,0.0,0.49220529198646545,0.15253585577011108,,,,,,,,,,,,,,,,
980,0.00024441551067866385,-0.5185520648956299,0.00012235352187417448,0.0001220589765580371,2.9833111536703427e-09,0.0,0.0,0.0,0.0,0.0,0.0,0.48107922077178955,0.15106557309627533,,,,,,,,,,,,,,,,
981,0.00023002880334388465,-0.5177577137947083,0.00011524760338943452,0.00011478116357466206,5.0894823078184714e-11,0.0,0.0,0.0,0.0,0.0,0.0,0.4747695028781891,0.15169008076190948,,,,,,,,,,,,,,,,
982,0.0002326099929632619,-0.5160982608795166,0.0001174148783320561,0.0001151951146312058,3.071309041264081e-17,0.0,0.0,0.0,2.0893030239221844e-07,0.0,0.0,0.4807492196559906,0.1519698202610016,,,,,,,,,,,,,,,,
983,0.00022051113774068654,-0.518998920917511,0.00011125031596748158,0.00010926082904916257,3.027612398225355e-17,0.0,0.0,0.0,3.218550759243044e-09,0.0,0.0,0.4995291233062744,0.1526576429605484,,,,,,,,,,,,,,,,
984,0.00023072298790793866,-0.5187087655067444,0.00011653215915430337,0.00011419082875363529,2.987088158271892e-17,0.0,0.0,0.0,5.585865281432234e-08,0.0,0.0,0.5018021464347839,0.1524951457977295,,,,,,,,,,,,,,,,
985,0.00022199901286512613,-0.5167823433876038,0.00011283723870292306,0.00010916171595454216,5.249877962909544e-11,0.0,0.0,0.0,6.955886533432931e-09,0.0,0.0,0.49804162979125977,0.1528787761926651,,,,,,,,,,,,,,,,
986,0.00026299786986783147,-0.5172941088676453,0.00013180742098484188,0.00013119044888298959,2.3011922228866055e-12,0.0,0.0,0.0,1.3505530027657642e-08,0.0,0.0,0.4999563694000244,0.15194171667099,,,,,,,,,,,,,,,,
987,0.0002353404852328822,-0.5193954110145569,0.00011731405538739637,0.00011802540393546224,1.0352750878794836e-09,0.0,0.0,0.0,1.7848842404077914e-09,0.0,0.0,0.4939916133880615,0.15117394924163818,,,,,,,,,,,,,,,,
988,0.0002292451390530914,-0.5197086334228516,0.0001149481104221195,0.00011429593723732978,1.0941320072177518e-09,0.0,0.0,0.0,0.0,0.0,0.0,0.49707740545272827,0.15175601840019226,,,,,,,,,,,,,,,,
989,0.0002263766509713605,-0.5199627876281738,0.00011349404667271301,0.00011288260429864749,2.783198725189411e-17,0.0,0.0,0.0,5.097239963447464e-08,0.0,0.0,0.4908469617366791,0.15092715620994568,,,,,,,,,,,,,,,,
990,0.00026833577430807054,-0.520775318145752,0.00013393429981078953,0.00013440122711472213,2.5980576023876267e-10,0.0,0.0,0.0,6.238233709154883e-06,0.0,0.0,0.4934347867965698,0.15016871690750122,,,,,,,,,,,,,,,,
991,0.00022078714391682297,-0.5215554237365723,0.00011029889719793573,0.00011048532905988395,2.9227478215432257e-09,0.0,0.0,0.0,1.9795207251149805e-08,0.0,0.0,0.48592260479927063,0.15036647021770477,,,,,,,,,,,,,,,,
992,0.00020551044144667685,-0.5195716619491577,0.00010267016477882862,0.00010284027666784823,2.678175076972126e-17,0.0,0.0,0.0,4.109348861192075e-09,0.0,0.0,0.4928196668624878,0.1504848599433899,,,,,,,,,,,,,,,,
993,0.00022627953148912638,-0.5190995931625366,0.00011576116230571643,0.00011051625915570185,2.1163126806555965e-09,0.0,0.0,0.0,1.3863453318663232e-07,0.0,0.0,0.4932202994823456,0.15072669088840485,,,,,,,,,,,,,,,,
994,0.00023801173665560782,-0.5218616724014282,0.00012324591807555407,0.00011476581858005375,2.6213669594799442e-17,0.0,0.0,0.0,2.1352473567048946e-08,0.0,0.0,0.4848318099975586,0.1502208709716797,,,,,,,,,,,,,,,,
995,0.00020833127200603485,-0.5225029587745667,0.00010413650306873024,0.00010419477621326223,2.5938989383150183e-17,0.0,0.0,0.0,1.8266344170569937e-07,0.0,0.0,0.4886241853237152,0.1507595330476761,,,,,,,,,,,,,,,,
996,0.0002333913289476186,-0.5205139517784119,0.00011857877689180896,0.00011481096589704975,1.5873020675627458e-09,0.0,0.0,0.0,2.4105537121954512e-08,0.0,0.0,0.48605072498321533,0.15085335075855255,,,,,,,,,,,,,,,,
997,0.00022076143068261445,-0.5223972201347351,0.00011242605978623033,0.000108330073999241,5.3011905976063645e-09,0.0,0.0,0.0,5.987759976733287e-08,0.0,0.0,0.47686946392059326,0.15018321573734283,,,,,,,,,,,,,,,,
998,0.0002365060936426744,-0.5246683359146118,0.00012026106560369954,0.00011624477338045835,2.5268362402464106e-10,0.0,0.0,0.0,1.7400951790591535e-08,0.0,0.0,0.4805665910243988,0.15111638605594635,,,,,,,,,,,,,,,,
999,0.0002324391098227352,-0.5208151936531067,0.00011703756172209978,0.00011540154810063541,3.9226976701611793e-14,0.0,0.0,0.0,2.124909315170953e-08,0.0,0.0,0.48544129729270935,0.15107955038547516,,,,,,,,,,,,,,,,
1000,0.00020385431707836688,-0.5202116966247559,0.00010162130638491362,0.00010223301796941087,7.210391138323669e-13,0.0,0.0,0.0,3.5913543250387647e-09,0.0,0.0,0.4884398877620697,0.15109296143054962,0.8073853850364685,0.8073853850364685,0.1926146149635315,7.009888648986816,0.0,0.7488948702812195,4.613546371459961,-0.0,2.3477907180786133,0.8053105473518372,0.0,0.8053105473518372,0.29459476470947266,0.2764950692653656,2.1182168951646005,0.08825903729852502
