epoch,critic_loss,actor_loss,q1_loss,q2_loss,cost_loss,cql_q1,cql_q2,expected_immediate_cost,expected_cost_to_go,cost_budget,lagrange,expert_kl,smoothness,avg_return,survival_rate,mortality_rate,avg_length,inadmissibility_rate,expert_argmax_match,mean_kl_to_expert,policy_entropy,mean_action_deviation_from_expert,soft_survival_rate,soft_inadmissibility_rate,soft_avg_return,soft_policy_entropy,soft_mean_kl_to_expert,trajectory_mean_action_jump,trajectory_normalised_action_jump
1,0.9818732142448425,0.04550732672214508,0.019120002165436745,0.017125867307186127,0.0037805414758622646,0.9421020150184631,0.9415915608406067,0.0,0.024208150804042816,0.0,0.0,0.06210169196128845,0.0,,,,,,,,,,,,,,,,
2,0.9655612707138062,0.026271305978298187,0.012743129394948483,0.011266203597187996,0.0024961368180811405,0.93974769115448,0.9383638501167297,0.0,0.017963184043765068,0.0,0.0,0.06184753030538559,0.0,,,,,,,,,,,,,,,,
3,0.9570225477218628,0.011187966912984848,0.009757758118212223,0.008278795517981052,0.0017315890872851014,0.9381447434425354,0.9363641142845154,0.0,0.013929430395364761,0.0,0.0,0.06206344813108444,0.0,,,,,,,,,,,,,,,,
4,0.9527518153190613,0.00010369694791734219,0.008290122263133526,0.006945978384464979,0.001331072417087853,0.9369909167289734,0.9353784322738647,0.0,0.011348939500749111,0.0,0.0,0.06240290403366089,0.0,,,,,,,,,,,,,,,,
5,0.9506446123123169,-0.009028318338096142,0.007841783575713634,0.006635780446231365,0.0011584219755604863,0.9357383251190186,0.9342790246009827,0.0,0.008234240114688873,0.0,0.0,0.06230894476175308,0.0,,,,,,,,,,,,,,,,
6,0.9493781328201294,-0.014612379483878613,0.007580399513244629,0.0065832859836518764,0.0011054864153265953,0.9351629614830017,0.9330549836158752,0.0,0.006588061340153217,0.0,0.0,0.061727192252874374,0.0,,,,,,,,,,,,,,,,
7,0.9484626650810242,-0.02129363641142845,0.0073130023665726185,0.006538916379213333,0.0010534875327721238,0.934414267539978,0.9327002167701721,0.0,0.005696223117411137,0.0,0.0,0.06189216300845146,0.0,,,,,,,,,,,,,,,,
8,0.9469047784805298,-0.02302205003798008,0.0067307534627616405,0.006245385855436325,0.0010553342290222645,0.9336128234863281,0.9321337938308716,0.0,0.0049624256789684296,0.0,0.0,0.06145700812339783,0.0,,,,,,,,,,,,,,,,
9,0.9452609419822693,-0.0258176326751709,0.006155821960419416,0.00603102520108223,0.0010433228453621268,0.932855486869812,0.9312061667442322,0.0,0.005015100818127394,0.0,0.0,0.061413928866386414,0.0,,,,,,,,,,,,,,,,
10,0.9440521597862244,-0.0259780902415514,0.005654825828969479,0.00551472045481205,0.001013087690807879,0.9325206875801086,0.9312182664871216,0.0,0.004847852513194084,0.0,0.0,0.061050284653902054,0.0,,,,,,,,,,,,,,,,
11,0.9425693154335022,-0.025244206190109253,0.005124302580952644,0.005085907876491547,0.0009812457719817758,0.9319824576377869,0.9307732582092285,0.0,0.005124044604599476,0.0,0.0,0.06147974357008934,0.0,,,,,,,,,,,,,,,,
12,0.9418565034866333,-0.023586034774780273,0.005014189053326845,0.004745512269437313,0.0009568955865688622,0.9316723346710205,0.9306074380874634,0.0,0.005411800928413868,0.0,0.0,0.06205654516816139,0.0,,,,,,,,,,,,,,,,
13,0.9407813549041748,-0.023781921714544296,0.004503803327679634,0.004563904367387295,0.0009154494036920369,0.9312617778778076,0.9303345680236816,0.0,0.0059274472296237946,0.0,0.0,0.06236507371068001,0.0,,,,,,,,,,,,,,,,
14,0.940131664276123,-0.02138778753578663,0.004415715113282204,0.004478794522583485,0.0008758358308114111,0.930813193321228,0.9299094676971436,0.0,0.006563076749444008,0.0,0.0,0.06326142698526382,0.0,,,,,,,,,,,,,,,,
15,0.939674973487854,-0.023184381425380707,0.004437799099832773,0.0043389564380049706,0.000858306186273694,0.9303847551345825,0.9296949505805969,0.0,0.006458472926169634,0.0,0.0,0.06398257613182068,0.0,,,,,,,,,,,,,,,,
16,0.9390558004379272,-0.022406602278351784,0.004293418023735285,0.004207154735922813,0.0008069143514148891,0.9299913644790649,0.9295052289962769,0.0,0.0074827480129897594,0.0,0.0,0.06584644317626953,0.0,,,,,,,,,,,,,,,,
17,0.9387199878692627,-0.025960449129343033,0.0043168929405510426,0.004035054240375757,0.0007769722142256796,0.9298425316810608,0.929339587688446,0.0,0.0074088978581130505,0.0,0.0,0.0672435387969017,0.0,,,,,,,,,,,,,,,,
18,0.938704252243042,-0.02637268416583538,0.004444338381290436,0.0041295685805380344,0.0007606426952406764,0.9296681880950928,0.9290711283683777,0.0,0.007959776557981968,0.0,0.0,0.06988802552223206,0.0,,,,,,,,,,,,,,,,
19,0.9381531476974487,-0.028210662305355072,0.004358768463134766,0.00400338601320982,0.0007340359734371305,0.9292008876800537,0.9289129972457886,0.0,0.008319544605910778,0.0,0.0,0.07191018015146255,0.0,,,,,,,,,,,,,,,,
20,0.9375112056732178,-0.030785255134105682,0.004247900564223528,0.003968668635934591,0.0007205217843875289,0.9286036491394043,0.9285445213317871,0.0,0.007693720515817404,0.0,0.0,0.07489784806966782,0.0,,,,,,,,,,,,,,,,
21,0.9370923638343811,-0.03390763700008392,0.004209330305457115,0.004013389814645052,0.0006829664343968034,0.9283237457275391,0.9280495643615723,0.0,0.008080586791038513,0.0,0.0,0.07845324277877808,0.0,,,,,,,,,,,,,,,,
22,0.9370945692062378,-0.037601690739393234,0.004092477727681398,0.0040646083652973175,0.0006714076153002679,0.9285669922828674,0.9279651641845703,0.0,0.0075215306133031845,0.0,0.0,0.08298493176698685,0.0,,,,,,,,,,,,,,,,
23,0.9364486932754517,-0.038483552634716034,0.0040761977434158325,0.003954995423555374,0.0006211975705809891,0.9278103709220886,0.9277822375297546,0.0,0.0073272488079965115,0.0,0.0,0.08714215457439423,0.0,,,,,,,,,,,,,,,,
24,0.9359996318817139,-0.04287087917327881,0.003886234015226364,0.0038196630775928497,0.0006109633250162005,0.9279115796089172,0.927453875541687,0.0,0.007239728234708309,0.0,0.0,0.09309759736061096,0.0,,,,,,,,,,,,,,,,
25,0.936011791229248,-0.04506869241595268,0.00398953165858984,0.003950097598135471,0.0005801633815281093,0.9276990294456482,0.9272850155830383,0.0,0.006554049905389547,0.0,0.0,0.09960604459047318,0.0,,,,,,,,,,,,,,,,
26,0.9354972243309021,-0.04701631888747215,0.00385215412825346,0.0037582716904580593,0.000536367588210851,0.927478551864624,0.9272221922874451,0.0,0.006725879851728678,0.0,0.0,0.1078568547964096,0.0,,,,,,,,,,,,,,,,
27,0.9352869391441345,-0.04947974532842636,0.003862393321469426,0.003869756357744336,0.0005330448620952666,0.9271440505981445,0.9268994331359863,0.0,0.005804427899420261,0.0,0.0,0.11648479104042053,0.0,,,,,,,,,,,,,,,,
28,0.9349856376647949,-0.05127614364027977,0.003658864414319396,0.0036675173323601484,0.0005208022193983197,0.9274033308029175,0.9268735647201538,0.0,0.00610062200576067,0.0,0.0,0.12576249241828918,0.0,,,,,,,,,,,,,,,,
29,0.9349360466003418,-0.05311984196305275,0.0037478304002434015,0.0038246058393269777,0.0004896626924164593,0.9270638227462769,0.9266839623451233,0.0,0.005367598496377468,0.0,0.0,0.13575232028961182,0.0,,,,,,,,,,,,,,,,
30,0.9346623420715332,-0.05551138520240784,0.0036633876152336597,0.003691102610900998,0.00047091214219108224,0.9271385669708252,0.9265353083610535,0.0,0.005363695789128542,0.0,0.0,0.1484224647283554,0.0,,,,,,,,,,,,,,,,
31,0.9343925714492798,-0.0556771494448185,0.003622239688411355,0.0037386477924883366,0.00044552155304700136,0.9268783330917358,0.9262940287590027,0.0,0.005429398734122515,0.0,0.0,0.16281302273273468,0.0,,,,,,,,,,,,,,,,
32,0.9344598054885864,-0.05850875377655029,0.0036765814293175936,0.003695039078593254,0.00042945845052599907,0.9267637729644775,0.9265537261962891,0.0,0.004809583071619272,0.0,0.0,0.17901846766471863,0.0,,,,,,,,,,,,,,,,
33,0.9341354370117188,-0.061305053532123566,0.0034434229601174593,0.0035383321810513735,0.0004244543961249292,0.9269909858703613,0.9264673590660095,0.0,0.004718473646789789,0.0,0.0,0.1948285549879074,0.0,,,,,,,,,,,,,,,,
34,0.9339304566383362,-0.06249338015913963,0.003479619510471821,0.003448123810812831,0.0004034782468806952,0.9266379475593567,0.9265605211257935,0.0,0.00500348350033164,0.0,0.0,0.21629385650157928,0.0,,,,,,,,,,,,,,,,
35,0.9337474703788757,-0.06476180255413055,0.003427930874750018,0.003475407836958766,0.00038704369217157364,0.926647961139679,0.9262662529945374,0.0,0.004558983258903027,0.0,0.0,0.23649293184280396,0.0,,,,,,,,,,,,,,,,
36,0.9336133599281311,-0.06608020514249802,0.003306593047454953,0.0034148897975683212,0.00036809261655434966,0.9266712665557861,0.9263764023780823,0.0,0.004380045458674431,0.0,0.0,0.26127520203590393,0.0,,,,,,,,,,,,,,,,
37,0.933455228805542,-0.06800218671560287,0.0033115074038505554,0.0033943706657737494,0.00035568661405704916,0.9265884757041931,0.9261988997459412,0.0,0.003936709836125374,0.0,0.0,0.2855496108531952,0.0,,,,,,,,,,,,,,,,
38,0.9332783818244934,-0.0692669227719307,0.003332789521664381,0.0033217989839613438,0.00035629133344627917,0.9264756441116333,0.926059365272522,0.0,0.0037334617227315903,0.0,0.0,0.3120906352996826,0.0,,,,,,,,,,,,,,,,
39,0.9329813718795776,-0.07104784995317459,0.003247701097279787,0.00327167846262455,0.0003258331853430718,0.9262531399726868,0.9260190725326538,0.0,0.0038838081527501345,0.0,0.0,0.3407878577709198,0.0,,,,,,,,,,,,,,,,
40,0.9330814480781555,-0.0721760094165802,0.003263169666752219,0.0033768038265407085,0.00033145645284093916,0.9262674450874329,0.9259525537490845,0.0,0.0032763134222477674,0.0,0.0,0.373091459274292,0.0,,,,,,,,,,,,,,,,
41,0.933001697063446,-0.07290904968976974,0.003183129010722041,0.0033196150325238705,0.00031622042297385633,0.9263499975204468,0.9260155558586121,0.0,0.0036715033929795027,0.0,0.0,0.40571892261505127,0.0,,,,,,,,,,,,,,,,
42,0.9328643679618835,-0.07606790214776993,0.0032385732047259808,0.0033465304877609015,0.00029403524240478873,0.9261342883110046,0.9258361458778381,0.0,0.0032279209699481726,0.0,0.0,0.4390350580215454,0.0,,,,,,,,,,,,,,,,
43,0.9325435161590576,-0.07495123147964478,0.0033178944140672684,0.003336014924570918,0.0002817040658555925,0.9257194995880127,0.9254963397979736,0.0,0.003713430603966117,0.0,0.0,0.4734593629837036,0.0,,,,,,,,,,,,,,,,
44,0.9325815439224243,-0.0754755362868309,0.0032686644699424505,0.003272583009675145,0.000277016923064366,0.9259755611419678,0.9255510568618774,0.0,0.003790329908952117,0.0,0.0,0.5085378885269165,0.0,,,,,,,,,,,,,,,,
45,0.9324463605880737,-0.07703063637018204,0.0031504002399742603,0.00325521407648921,0.00025315259699709713,0.926030158996582,0.9255449175834656,0.0,0.004062368534505367,0.0,0.0,0.5455461740493774,0.0,,,,,,,,,,,,,,,,
46,0.9322637915611267,-0.08032272756099701,0.0033032947685569525,0.00333419325761497,0.00025609348085708916,0.925503134727478,0.9252373576164246,0.0,0.0036170578096061945,0.0,0.0,0.576863169670105,0.0,,,,,,,,,,,,,,,,
47,0.9321751594543457,-0.07938960939645767,0.0032607465982437134,0.003280577715486288,0.0002504511794541031,0.9255282282829285,0.9252385497093201,0.0,0.003212267067283392,0.0,0.0,0.6168736815452576,0.0,,,,,,,,,,,,,,,,
48,0.9321556687355042,-0.07886961102485657,0.003324203658849001,0.0033903636503964663,0.00023597429390065372,0.9253100752830505,0.9251001477241516,0.0,0.0030979723669588566,0.0,0.0,0.6421770453453064,0.0,,,,,,,,,,,,,,,,
49,0.9322401285171509,-0.0826762244105339,0.003290006658062339,0.0032666875049471855,0.00023185508325695992,0.9255256652832031,0.9253774881362915,0.0,0.0030095980037003756,0.0,0.0,0.669928789138794,0.0,,,,,,,,,,,,,,,,
50,0.9319513440132141,-0.08507271856069565,0.003222969826310873,0.0032679541036486626,0.00021583681518677622,0.925322949886322,0.9251661896705627,0.0,0.0033126852940768003,0.0,0.0,0.705935001373291,0.0,,,,,,,,,,,,,,,,
51,0.9318737983703613,-0.08723048865795135,0.0032314027193933725,0.00332898017950356,0.000205063697649166,0.9252552390098572,0.924961507320404,0.0,0.002251739613711834,0.0,0.0,0.7346859574317932,0.0,,,,,,,,,,,,,,,,
52,0.9317945241928101,-0.08632414788007736,0.003210167633369565,0.0033128962386399508,0.0002117652038577944,0.9252306222915649,0.9248887896537781,0.0,0.0022387823555618525,0.0,0.0,0.7564642429351807,0.0,,,,,,,,,,,,,,,,
53,0.9317667484283447,-0.08854258060455322,0.003169700503349304,0.0032853453885763884,0.00020031574240420014,0.9251816272735596,0.925041139125824,0.0,0.002384739462286234,0.0,0.0,0.7747021913528442,0.0,,,,,,,,,,,,,,,,
54,0.9316123723983765,-0.08971422910690308,0.0031688353046774864,0.003289020387455821,0.00019500902271829545,0.9252012372016907,0.9247177243232727,0.0,0.00223288731649518,0.0,0.0,0.7934326529502869,0.0,,,,,,,,,,,,,,,,
55,0.9315699934959412,-0.08931254595518112,0.0031618564389646053,0.003261958947405219,0.00018435204401612282,0.9250451922416687,0.9248784780502319,0.0,0.002348503563553095,0.0,0.0,0.8120083808898926,0.0,,,,,,,,,,,,,,,,
56,0.9315016269683838,-0.08974198251962662,0.0031616727355867624,0.0032555002253502607,0.00016993354074656963,0.9250515103340149,0.9247775673866272,0.0,0.0020902033429592848,0.0,0.0,0.8260536789894104,0.0,,,,,,,,,,,,,,,,
57,0.9312627911567688,-0.09117606282234192,0.003145633963868022,0.0032585144508630037,0.0001665179297560826,0.9247738718986511,0.9246104955673218,0.0,0.0021336860954761505,0.0,0.0,0.8300560116767883,0.0,,,,,,,,,,,,,,,,
58,0.9312778115272522,-0.09285145252943039,0.0031547825783491135,0.003186885267496109,0.00015830349002499133,0.9248713254928589,0.924684464931488,0.0,0.0022802797611802816,0.0,0.0,0.8424387574195862,0.0,,,,,,,,,,,,,,,,
59,0.931163489818573,-0.09385407716035843,0.0031948729883879423,0.003243314567953348,0.00015423803415615112,0.924704909324646,0.9244371652603149,0.0,0.0023047183640301228,0.0,0.0,0.8448008894920349,0.0,,,,,,,,,,,,,,,,
60,0.9314649105072021,-0.09433244168758392,0.0031774870585650206,0.0031814861577004194,0.0001534551556687802,0.9250558614730835,0.9248491525650024,0.0,0.0022528446279466152,0.0,0.0,0.8462382555007935,0.0,,,,,,,,,,,,,,,,
61,0.9311973452568054,-0.0966273695230484,0.0031772207003086805,0.0032203346490859985,0.00015398100367747247,0.9247345924377441,0.9245569109916687,0.0,0.0023538947571069,0.0,0.0,0.8423859477043152,0.0,,,,,,,,,,,,,,,,
62,0.9310579895973206,-0.09842382371425629,0.0031527013052254915,0.003134271362796426,0.00014493112394120544,0.9246290326118469,0.9246231913566589,0.0,0.0023778609465807676,0.0,0.0,0.8487157225608826,0.0,,,,,,,,,,,,,,,,
63,0.9310479164123535,-0.09959136694669724,0.003284566570073366,0.003230166621506214,0.00013601455430034548,0.924340009689331,0.9244543313980103,0.0,0.001972723053768277,0.0,0.0,0.8338773846626282,0.0,,,,,,,,,,,,,,,,
64,0.9310433268547058,-0.10013967007398605,0.003288456704467535,0.003322123782709241,0.00013220215623732656,0.9242704510688782,0.9243305921554565,0.0,0.0019668948370963335,0.0,0.0,0.8229497671127319,0.0,,,,,,,,,,,,,,,,
65,0.930924117565155,-0.10130191594362259,0.0032313282135874033,0.0033220299519598484,0.00013352447422221303,0.9244042634963989,0.9240702986717224,0.0,0.002041438827291131,0.0,0.0,0.821244478225708,0.0,,,,,,,,,,,,,,,,
66,0.9307874441146851,-0.10308629274368286,0.003274087328463793,0.003256911179050803,0.0001197352321469225,0.924127995967865,0.9241454005241394,0.0,0.0021173858549445868,0.0,0.0,0.8110615015029907,0.0,,,,,,,,,,,,,,,,
67,0.9307863712310791,-0.10150998830795288,0.0032740538008511066,0.0032766566146165133,0.00012121949839638546,0.9241187572479248,0.9241101145744324,0.0,0.0018680514767765999,0.0,0.0,0.8020435571670532,0.0,,,,,,,,,,,,,,,,
68,0.9309412837028503,-0.1046324372291565,0.003223883220925927,0.003283605445176363,0.0001163215420092456,0.9243545532226562,0.9242804050445557,0.0,0.0015600267797708511,0.0,0.0,0.7854083776473999,0.0,,,,,,,,,,,,,,,,
69,0.9307219982147217,-0.10371597111225128,0.0032216741237789392,0.003301694057881832,0.00011661140160867944,0.9242228865623474,0.9239411354064941,0.0,0.0019749579951167107,0.0,0.0,0.7700643539428711,0.0,,,,,,,,,,,,,,,,
70,0.9306528568267822,-0.1068863719701767,0.003231794573366642,0.003270025597885251,0.00010441403719596565,0.9241827130317688,0.9239106178283691,0.0,0.0018422120483592153,0.0,0.0,0.7587611079216003,0.0,,,,,,,,,,,,,,,,
71,0.9306079149246216,-0.10564437508583069,0.003250344656407833,0.0033343294635415077,0.00010322530579287559,0.9240136742591858,0.9238264560699463,0.0,0.0015999404713511467,0.0,0.0,0.7415897250175476,0.0,,,,,,,,,,,,,,,,
72,0.9304084777832031,-0.10726703703403473,0.003236330347135663,0.003295013215392828,0.0001026521495077759,0.92388916015625,0.9236598014831543,0.0,0.0017000932712107897,0.0,0.0,0.7329953908920288,0.0,,,,,,,,,,,,,,,,
73,0.9304832816123962,-0.1089450791478157,0.0032415855675935745,0.0032883095555007458,9.918962314259261e-05,0.9239409565925598,0.9237673878669739,0.0,0.0015478148125112057,0.0,0.0,0.7150160670280457,0.0,,,,,,,,,,,,,,,,
74,0.9304193258285522,-0.1113029271364212,0.0032434347085654736,0.003337116213515401,9.625886741559952e-05,0.9238515496253967,0.9236335754394531,0.0,0.001551909721456468,0.0,0.0,0.6997144222259521,0.0,,,,,,,,,,,,,,,,
75,0.9304761290550232,-0.1129649430513382,0.003297399263828993,0.003311570268124342,8.986143802758306e-05,0.923843264579773,0.9237112998962402,0.0,0.0015856190584599972,0.0,0.0,0.6915627121925354,0.0,,,,,,,,,,,,,,,,
76,0.9304182529449463,-0.11592349410057068,0.00331721524707973,0.0033801703248173,8.907852316042408e-05,0.9237130284309387,0.923550546169281,0.0,0.001420696615241468,0.0,0.0,0.6760154962539673,0.0,,,,,,,,,,,,,,,,
77,0.9303192496299744,-0.11662665009498596,0.003347573336213827,0.0033689942210912704,8.295237785205245e-05,0.923520028591156,0.923519492149353,0.0,0.001168405287899077,0.0,0.0,0.6596531867980957,0.0,,,,,,,,,,,,,,,,
78,0.9302469491958618,-0.1167641282081604,0.0033080559223890305,0.0033234027214348316,8.117544348351657e-05,0.9235334992408752,0.923535168170929,0.0,0.0014370069839060307,0.0,0.0,0.6522225737571716,0.0,,,,,,,,,,,,,,,,
79,0.9302383661270142,-0.11773822456598282,0.0033247647807002068,0.0032420780044049025,7.829433161532506e-05,0.9235855937004089,0.9236008524894714,0.0,0.0016027512028813362,0.0,0.0,0.6429177522659302,0.0,,,,,,,,,,,,,,,,
80,0.9302539825439453,-0.11857450753450394,0.0032966129947453737,0.0032785546500235796,7.561389793409035e-05,0.9236124157905579,0.9235939979553223,0.0,0.0013997094938531518,0.0,0.0,0.6342981457710266,0.0,,,,,,,,,,,,,,,,
81,0.9302437901496887,-0.11594118177890778,0.003268446074798703,0.003306834725663066,6.758471135981381e-05,0.9236788153648376,0.92352294921875,0.0,0.001374576473608613,0.0,0.0,0.6250296831130981,0.0,,,,,,,,,,,,,,,,
82,0.9301459193229675,-0.11813497543334961,0.0033794657792896032,0.0032981978729367256,6.95912676746957e-05,0.9232848286628723,0.9235125184059143,0.0,0.001432538847438991,0.0,0.0,0.6169188618659973,0.0,,,,,,,,,,,,,,,,
83,0.9300883412361145,-0.11876031756401062,0.0033098377753049135,0.0032675096299499273,6.769351602997631e-05,0.9234398007392883,0.9234468936920166,0.0,0.0015073814429342747,0.0,0.0,0.6112478971481323,0.0,,,,,,,,,,,,,,,,
84,0.9300926923751831,-0.11918624490499496,0.003287610597908497,0.00334443268366158,6.467005732702091e-05,0.9234405159950256,0.9233514666557312,0.0,0.0013751194346696138,0.0,0.0,0.5996944904327393,0.0,,,,,,,,,,,,,,,,
85,0.9301146864891052,-0.12195640802383423,0.0032488133292645216,0.0033051602076739073,6.147599924588576e-05,0.9235840439796448,0.9234143495559692,0.0,0.0013364326441660523,0.0,0.0,0.5968009233474731,0.0,,,,,,,,,,,,,,,,
86,0.9300186634063721,-0.12559722363948822,0.0032730563543736935,0.00330781820230186,6.1594728322234e-05,0.923506498336792,0.9232459664344788,0.0,0.0012690355069935322,0.0,0.0,0.593426525592804,0.0,,,,,,,,,,,,,,,,
87,0.9300554990768433,-0.128464475274086,0.0033676689490675926,0.00327892042696476,6.240235961740837e-05,0.9232709407806396,0.9234221577644348,0.0,0.0010779766598716378,0.0,0.0,0.5871772766113281,0.0,,,,,,,,,,,,,,,,
88,0.9298930764198303,-0.1286337822675705,0.003298843977972865,0.003202305641025305,5.804667671327479e-05,0.9232733845710754,0.9233943819999695,0.0,0.0013193987542763352,0.0,0.0,0.589297890663147,0.0,,,,,,,,,,,,,,,,
89,0.9298974871635437,-0.12830927968025208,0.0033639040775597095,0.003354195738211274,5.5339161917800084e-05,0.9231391549110413,0.9231089949607849,0.0,0.0013025262160226703,0.0,0.0,0.5832726359367371,0.0,,,,,,,,,,,,,,,,
90,0.9298721551895142,-0.1294812113046646,0.00341013609431684,0.003371696686372161,5.4786563850939274e-05,0.9230226874351501,0.9230484366416931,0.0,0.0010081363143399358,0.0,0.0,0.5802091956138611,0.0,,,,,,,,,,,,,,,,
91,0.9298545122146606,-0.12738557159900665,0.0032861502841115,0.0032536881044507027,5.0645394367165864e-05,0.9232715368270874,0.9232564568519592,0.0,0.001130887190811336,0.0,0.0,0.5812489986419678,0.0,,,,,,,,,,,,,,,,
92,0.9298154711723328,-0.12845373153686523,0.0033225177321583033,0.00337878311984241,4.755387271870859e-05,0.9231683611869812,0.9229649305343628,0.0,0.0008465261198580265,0.0,0.0,0.5771756172180176,0.0,,,,,,,,,,,,,,,,
93,0.9297037124633789,-0.12932033836841583,0.003290979191660881,0.0032580411061644554,4.830092439078726e-05,0.9230915904045105,0.9231211543083191,0.0,0.0009665220859460533,0.0,0.0,0.5816292762756348,0.0,,,,,,,,,,,,,,,,
94,0.9297468662261963,-0.1314951628446579,0.0033578055445104837,0.0033350386656820774,5.0676066166488454e-05,0.9230356812477112,0.9229709506034851,0.0,0.0010198054369539022,0.0,0.0,0.5865420699119568,0.0,,,,,,,,,,,,,,,,
95,0.9297975897789001,-0.13525080680847168,0.003392663551494479,0.003317125840112567,4.2915988160530105e-05,0.9229923486709595,0.9230973720550537,0.0,0.001044234842993319,0.0,0.0,0.5830434560775757,0.0,,,,,,,,,,,,,,,,
96,0.9295632839202881,-0.13492263853549957,0.0033766089472919703,0.003346887417137623,4.246649768901989e-05,0.9228187203407288,0.9227759838104248,0.0,0.001029011677019298,0.0,0.0,0.5779845714569092,0.0,,,,,,,,,,,,,,,,
97,0.9298030138015747,-0.13842840492725372,0.0033948502968996763,0.003333138069137931,4.633190110325813e-05,0.9229905605316162,0.9230668544769287,0.0,0.0011452448088675737,0.0,0.0,0.5880942344665527,0.0,,,,,,,,,,,,,,,,
98,0.929792046546936,-0.1386183649301529,0.003432355122640729,0.0034542172215878963,4.427268504514359e-05,0.9229109287261963,0.9228114485740662,0.0,0.0010210666805505753,0.0,0.0,0.589359700679779,0.0,,,,,,,,,,,,,,,,
99,0.9296217560768127,-0.13803711533546448,0.003345722099766135,0.0033746720291674137,3.6583503970177844e-05,0.9228744506835938,0.9228551983833313,0.0,0.0007133577018976212,0.0,0.0,0.5871992111206055,0.0,,,,,,,,,,,,,,,,
100,0.9295753836631775,-0.1395130157470703,0.0033949350472539663,0.0033487186301499605,3.7655201595043764e-05,0.9228082299232483,0.92277991771698,0.0,0.000806581461802125,0.0,0.0,0.5885692238807678,0.0,,,,,,,,,,,,,,,,
101,0.9296217560768127,-0.13870711624622345,0.003377108136191964,0.0033710654824972153,3.669901707326062e-05,0.9228310585021973,0.9228426814079285,0.0,0.0009791662450879812,0.0,0.0,0.5872028470039368,0.0,,,,,,,,,,,,,,,,
102,0.9296091198921204,-0.13969887793064117,0.0034453978296369314,0.003379247384145856,3.283527257735841e-05,0.9226998090744019,0.922803521156311,0.0,0.0006146877421997488,0.0,0.0,0.5932343602180481,0.0,,,,,,,,,,,,,,,,
103,0.9295058250427246,-0.14174698293209076,0.00342925195582211,0.003460924606770277,3.387533797649667e-05,0.9226275086402893,0.9225361347198486,0.0,0.00087160017574206,0.0,0.0,0.5905288457870483,0.0,,,,,,,,,,,,,,,,
104,0.9293919205665588,-0.14480942487716675,0.003390680067241192,0.0034114839509129524,3.46423767041415e-05,0.922574520111084,0.9225357174873352,0.0,0.0008558654226362705,0.0,0.0,0.5920037627220154,0.0,,,,,,,,,,,,,,,,
105,0.929490864276886,-0.1446867287158966,0.003354234155267477,0.0033148848451673985,3.51717317244038e-05,0.922765851020813,0.9228073954582214,0.0,0.0007726518088020384,0.0,0.0,0.5946152806282043,0.0,,,,,,,,,,,,,,,,
106,0.9294316172599792,-0.14745864272117615,0.003353004576638341,0.003388414392247796,3.353877764311619e-05,0.9226905703544617,0.9226226806640625,0.0,0.0007561827078461647,0.0,0.0,0.6015397906303406,0.0,,,,,,,,,,,,,,,,
107,0.9293578863143921,-0.1486077457666397,0.0034670138265937567,0.003437893697991967,3.0569070077035576e-05,0.9224154353141785,0.9224293828010559,0.0,0.0009980094619095325,0.0,0.0,0.5939408540725708,0.0,,,,,,,,,,,,,,,,
108,0.9293391108512878,-0.14847135543823242,0.0034280039835721254,0.003350485349074006,2.6517651349422522e-05,0.9224158525466919,0.9226524233818054,0.0,0.0006924774497747421,0.0,0.0,0.6018678545951843,0.0,,,,,,,,,,,,,,,,
109,0.9294101595878601,-0.14786891639232635,0.0033864642027765512,0.00333341839723289,2.625363049446605e-05,0.9225702285766602,0.9227578639984131,0.0,0.0011191756930202246,0.0,0.0,0.6043014526367188,0.0,,,,,,,,,,,,,,,,
110,0.9293479323387146,-0.14940035343170166,0.003365183947607875,0.0033703555818647146,2.4067561753327027e-05,0.9225999116897583,0.9225767254829407,0.0,0.0009644107776694,0.0,0.0,0.6066036820411682,0.0,,,,,,,,,,,,,,,,
111,0.9293197989463806,-0.1517915427684784,0.003390869125723839,0.00334856566041708,2.6147952667088248e-05,0.9225025177001953,0.9226058721542358,0.0,0.0009164489456452429,0.0,0.0,0.5968748927116394,0.0,,,,,,,,,,,,,,,,
112,0.9293527007102966,-0.1540081650018692,0.0033481731079518795,0.003299960633739829,2.4107610443024896e-05,0.9225466847419739,0.9228141903877258,0.0,0.0009248487185686827,0.0,0.0,0.5995461344718933,0.0,,,,,,,,,,,,,,,,
113,0.9293534159660339,-0.15349581837654114,0.003470925148576498,0.003389855846762657,2.3827013137633912e-05,0.9224273562431335,0.9225101470947266,0.0,0.0006922046304680407,0.0,0.0,0.6042078137397766,0.0,,,,,,,,,,,,,,,,
114,0.9293975830078125,-0.1564386487007141,0.0034228514414280653,0.0033873424399644136,2.9248509235912934e-05,0.9226409792900085,0.922475278377533,0.0,0.000704985810443759,0.0,0.0,0.5959802269935608,0.0,,,,,,,,,,,,,,,,
115,0.9292683005332947,-0.1582011729478836,0.0034448897931724787,0.003442569635808468,2.1937250494374894e-05,0.9223936200141907,0.9223242402076721,0.0,0.00079216284211725,0.0,0.0,0.6052079796791077,0.0,,,,,,,,,,,,,,,,
116,0.9292799830436707,-0.15790989995002747,0.0034594405442476273,0.0033692489378154278,2.005348142120056e-05,0.9223683476448059,0.9224941730499268,0.0,0.000663003942463547,0.0,0.0,0.610865592956543,0.0,,,,,,,,,,,,,,,,
117,0.9292346239089966,-0.15800034999847412,0.0034305304288864136,0.003392391139641404,2.305583984707482e-05,0.9223782420158386,0.9223991632461548,0.0,0.0005931811174377799,0.0,0.0,0.6085496544837952,0.0,,,,,,,,,,,,,,,,
118,0.9292491674423218,-0.15895633399486542,0.0035106721334159374,0.0034821864683181047,2.0554572984110564e-05,0.922235369682312,0.9222361445426941,0.0,0.0007121654343791306,0.0,0.0,0.610691249370575,0.0,,,,,,,,,,,,,,,,
119,0.929195761680603,-0.15814341604709625,0.003415236482396722,0.0033409439492970705,1.811994479794521e-05,0.9223526120185852,0.9224902391433716,0.0,0.0005896503571420908,0.0,0.0,0.6295589208602905,0.0,,,,,,,,,,,,,,,,
120,0.9292002320289612,-0.1596347987651825,0.003362500574439764,0.0032865481916815042,1.8014401575783268e-05,0.9224638342857361,0.9226024746894836,0.0,0.0006826912867836654,0.0,0.0,0.6315268278121948,0.0,,,,,,,,,,,,,,,,
121,0.92918860912323,-0.1628786325454712,0.0035208677873015404,0.0034737815149128437,1.9247547243139707e-05,0.9221590161323547,0.9221903681755066,0.0,0.000570467731449753,0.0,0.0,0.6365474462509155,0.0,,,,,,,,,,,,,,,,
122,0.9291521310806274,-0.16348892450332642,0.0034729083999991417,0.0034796730615198612,1.6011154002626427e-05,0.9221744537353516,0.9221925735473633,0.0,0.00047837296733632684,0.0,0.0,0.6414442658424377,0.0,,,,,,,,,,,,,,,,
123,0.9292064309120178,-0.1657067984342575,0.003550783032551408,0.0034812188241630793,1.926997720147483e-05,0.9221374988555908,0.9221728444099426,0.0,0.0005696224397979677,0.0,0.0,0.6590419411659241,0.0,,,,,,,,,,,,,,,,
124,0.9291333556175232,-0.1682441532611847,0.0035362623166292906,0.0034759112168103456,1.5752348190289922e-05,0.9220440983772278,0.9221667647361755,0.0,0.0005029868334531784,0.0,0.0,0.653085470199585,0.0,,,,,,,,,,,,,,,,
125,0.9291554689407349,-0.1680579036474228,0.0034777603577822447,0.0034394022077322006,1.450487798138056e-05,0.9221712946891785,0.9222763180732727,0.0,0.0006305310525931418,0.0,0.0,0.6655551791191101,0.0,,,,,,,,,,,,,,,,
126,0.9291386008262634,-0.16858507692813873,0.003413493512198329,0.003348640399053693,1.389617955283029e-05,0.9222838282585144,0.9224413633346558,0.0,0.0006746509461663663,0.0,0.0,0.6762832999229431,0.0,,,,,,,,,,,,,,,,
127,0.9290944337844849,-0.16995932161808014,0.0035435687750577927,0.003504637163132429,1.4255054338718764e-05,0.9220138192176819,0.9220501780509949,0.0,0.0003894680121447891,0.0,0.0,0.6872063279151917,0.0,,,,,,,,,,,,,,,,
128,0.9290923476219177,-0.16692209243774414,0.003424605820327997,0.00337628903798759,1.2686757145274896e-05,0.9222519397735596,0.9223055243492126,0.0,0.0003912570246029645,0.0,0.0,0.6858241558074951,0.0,,,,,,,,,,,,,,,,
129,0.9289883971214294,-0.16853947937488556,0.003550457302480936,0.0034723940771073103,1.28473247968941e-05,0.9219457507133484,0.9219596982002258,0.0,0.0006294765044003725,0.0,0.0,0.6991488337516785,0.0,,,,,,,,,,,,,,,,
130,0.9291172027587891,-0.1716633439064026,0.0035302755422890186,0.003450252814218402,1.2130432878620923e-05,0.9220500588417053,0.9221990704536438,0.0,0.000408929685363546,0.0,0.0,0.7057291865348816,0.0,,,,,,,,,,,,,,,,
131,0.9290457367897034,-0.17301611602306366,0.003433582605794072,0.0033469190821051598,1.0639157153491396e-05,0.9221618175506592,0.9223474264144897,0.0,0.00060624087927863,0.0,0.0,0.7023023962974548,0.0,,,,,,,,,,,,,,,,
132,0.9288859963417053,-0.17667879164218903,0.003446341259405017,0.003419047687202692,1.1840403203677852e-05,0.9219622611999512,0.9220552444458008,0.0,0.0004450212582014501,0.0,0.0,0.7085680365562439,0.0,,,,,,,,,,,,,,,,
133,0.9289425015449524,-0.17748256027698517,0.0034134848974645138,0.003486056113615632,1.2769901331921574e-05,0.9220924377441406,0.9219680428504944,0.0,0.000498801120556891,0.0,0.0,0.7160284519195557,0.0,,,,,,,,,,,,,,,,
134,0.9289085268974304,-0.17871776223182678,0.0035669885110110044,0.0035512810572981834,1.1584093954297714e-05,0.9218016862869263,0.9217557311058044,0.0,0.0003916816785931587,0.0,0.0,0.7272810935974121,0.0,,,,,,,,,,,,,,,,
135,0.9288778305053711,-0.17652186751365662,0.003547893138602376,0.003530331188812852,9.513214536127634e-06,0.9217453002929688,0.9218348860740662,0.0,0.00045114633394405246,0.0,0.0,0.7223445773124695,0.0,,,,,,,,,,,,,,,,
136,0.9289073348045349,-0.178266704082489,0.0035365624353289604,0.003520376281812787,9.863024388323538e-06,0.9218255877494812,0.9218555092811584,0.0,0.0006666712579317391,0.0,0.0,0.7314280867576599,0.0,,,,,,,,,,,,,,,,
137,0.9289067387580872,-0.1797732263803482,0.003574473550543189,0.003458491526544094,8.713914212421514e-06,0.9217676520347595,0.9219624400138855,0.0,0.00022588667343370616,0.0,0.0,0.7392081618309021,0.0,,,,,,,,,,,,,,,,
138,0.9288548827171326,-0.18044544756412506,0.0035577164962887764,0.0035397550091147423,1.1041285688406788e-05,0.9217100143432617,0.9217827320098877,0.0,0.0004166888538748026,0.0,0.0,0.7357078790664673,0.0,,,,,,,,,,,,,,,,
139,0.9288573861122131,-0.18164627254009247,0.0036078430712223053,0.003505886532366276,8.274245374195743e-06,0.921646773815155,0.9218239784240723,0.0,0.0002857737708836794,0.0,0.0,0.7472844123840332,0.0,,,,,,,,,,,,,,,,
140,0.9288737773895264,-0.1838044971227646,0.00355325685814023,0.0035460744984447956,7.562800874438835e-06,0.9217602610588074,0.9217735528945923,0.0,0.0004981833626516163,0.0,0.0,0.745870053768158,0.0,,,,,,,,,,,,,,,,
141,0.9288014769554138,-0.18536517024040222,0.0035740521270781755,0.0035055996850132942,7.613248271809425e-06,0.9216240048408508,0.9218043684959412,0.0,0.0004227290628477931,0.0,0.0,0.7512675523757935,0.0,,,,,,,,,,,,,,,,
142,0.9287514686584473,-0.18619868159294128,0.0035741382744163275,0.0034680727403610945,8.440881174465176e-06,0.9215514063835144,0.9218502640724182,0.0,0.0004896394675597548,0.0,0.0,0.7629929780960083,0.0,,,,,,,,,,,,,,,,
143,0.9288086295127869,-0.18482421338558197,0.0035095466300845146,0.0035014855675399303,1.1076510418206453e-05,0.9217736124992371,0.9217994213104248,0.0,0.0006718355580233037,0.0,0.0,0.7575688362121582,0.0,,,,,,,,,,,,,,,,
144,0.9288564920425415,-0.18581406772136688,0.0034654950723052025,0.0034708171151578426,9.007354492496233e-06,0.9218665957450867,0.9219557642936707,0.0,0.0005031153559684753,0.0,0.0,0.7570348978042603,0.0,,,,,,,,,,,,,,,,
145,0.928785502910614,-0.18506594002246857,0.0035506621934473515,0.0035136041697114706,9.681463779998012e-06,0.9217264652252197,0.921696662902832,0.0,0.0005548507906496525,0.0,0.0,0.7571691274642944,0.0,,,,,,,,,,,,,,,,
146,0.9287992715835571,-0.18647928535938263,0.0035778756719082594,0.0034725614823400974,8.20721652416978e-06,0.921617865562439,0.9218634366989136,0.0,0.0006130876136012375,0.0,0.0,0.7700483202934265,0.0,,,,,,,,,,,,,,,,
147,0.9286743998527527,-0.18997859954833984,0.0034721088595688343,0.0034027735237032175,6.894971193105448e-06,0.9217250943183899,0.9218602180480957,0.0,0.0004709305358119309,0.0,0.0,0.7634402513504028,0.0,,,,,,,,,,,,,,,,
148,0.92875075340271,-0.1919974833726883,0.0035279011353850365,0.0034275345969945192,6.835657131887274e-06,0.9217107892036438,0.9218661189079285,0.0,0.0004579325614031404,0.0,0.0,0.7620999217033386,0.0,,,,,,,,,,,,,,,,
149,0.928795337677002,-0.19454437494277954,0.0036543719470500946,0.0035781951155513525,6.629435119975824e-06,0.9214579463005066,0.9216543436050415,0.0,0.00029039030778221786,0.0,0.0,0.7652782797813416,0.0,,,,,,,,,,,,,,,,
150,0.9287906289100647,-0.19335401058197021,0.0035408162511885166,0.0035563225392252207,7.300865036086179e-06,0.9217250347137451,0.9216473698616028,0.0,0.0002957842661999166,0.0,0.0,0.7533823251724243,0.0,,,,,,,,,,,,,,,,
151,0.9287318587303162,-0.19468121230602264,0.0035479464568197727,0.0035656059626489878,5.072423846286256e-06,0.9216212630271912,0.9216051697731018,0.0,0.00045981883886270225,0.0,0.0,0.7631916403770447,0.0,,,,,,,,,,,,,,,,
152,0.9286826848983765,-0.1938423067331314,0.0035333691630512476,0.0035604294389486313,7.250756425492e-06,0.9216077327728271,0.9215554594993591,0.0,0.00041504568071104586,0.0,0.0,0.7664121985435486,0.0,,,,,,,,,,,,,,,,
153,0.9287392497062683,-0.19431090354919434,0.003520369064062834,0.0035597903188318014,7.0166188379516825e-06,0.9217029213905334,0.9216012358665466,0.0,0.00046238943468779325,0.0,0.0,0.7709130644798279,0.0,,,,,,,,,,,,,,,,
154,0.9287756681442261,-0.1965993046760559,0.003603839548304677,0.0036001012194901705,6.210958872543415e-06,0.9215558171272278,0.9215752482414246,0.0,0.00048224686179310083,0.0,0.0,0.7623963952064514,0.0,,,,,,,,,,,,,,,,
155,0.9287164807319641,-0.19957755506038666,0.003577898722141981,0.003634512657299638,5.428136319096666e-06,0.9215583801269531,0.9214388728141785,0.0,0.00030665466329082847,0.0,0.0,0.7652373909950256,0.0,,,,,,,,,,,,,,,,
156,0.9287416934967041,-0.198884055018425,0.003547094063833356,0.003531233873218298,7.098601145116845e-06,0.9216287136077881,0.9216837882995605,0.0,0.0003909832739736885,0.0,0.0,0.7617678046226501,0.0,,,,,,,,,,,,,,,,
157,0.9287251830101013,-0.20165514945983887,0.003642198396846652,0.0036860492546111345,7.760359949315898e-06,0.9214040637016296,0.9213742613792419,0.0,0.0002280538756167516,0.0,0.0,0.7501587867736816,0.0,,,,,,,,,,,,,,,,
158,0.9286876320838928,-0.201335608959198,0.00369548168964684,0.0037059017922729254,7.526173703809036e-06,0.9212885499000549,0.9212689399719238,0.0,0.0002799930516630411,0.0,0.0,0.769668698310852,0.0,,,,,,,,,,,,,,,,
159,0.9286883473396301,-0.2015540599822998,0.0035644297022372484,0.003491641953587532,6.092534476920264e-06,0.9215796589851379,0.9216727614402771,0.0,0.000428710482083261,0.0,0.0,0.7741414308547974,0.0,,,,,,,,,,,,,,,,
160,0.9285526871681213,-0.20368601381778717,0.0034844018518924713,0.0035300669260323048,4.872995305049699e-06,0.9215553998947144,0.9215112924575806,0.0,0.0003909706720151007,0.0,0.0,0.7702563405036926,0.0,,,,,,,,,,,,,,,,
161,0.9287149310112,-0.20359191298484802,0.003575656097382307,0.0035320748575031757,5.922672244196292e-06,0.9215570092201233,0.9216455221176147,0.0,0.00037607320700772107,0.0,0.0,0.7735990881919861,0.0,,,,,,,,,,,,,,,,
162,0.9286189675331116,-0.20655493438243866,0.003613580483943224,0.003587169572710991,5.8752352742885705e-06,0.9214101433753967,0.9214145541191101,0.0,0.000391442037653178,0.0,0.0,0.7924535274505615,0.0,,,,,,,,,,,,,,,,
163,0.9285504817962646,-0.20472265779972076,0.0036547724157571793,0.0036790610756725073,7.78624144004425e-06,0.9212560057640076,0.9211616516113281,0.0,0.0003942455514334142,0.0,0.0,0.7866774201393127,0.0,,,,,,,,,,,,,,,,
164,0.9286729097366333,-0.206362783908844,0.0035674157552421093,0.0035723980981856585,4.317136244935682e-06,0.9215133786201477,0.9215441346168518,0.0,0.00025819087750278413,0.0,0.0,0.7937307357788086,0.0,,,,,,,,,,,,,,,,
165,0.9286587834358215,-0.2100578397512436,0.00357412570156157,0.00352375372312963,6.463394583988702e-06,0.9215054512023926,0.9216033816337585,0.0,0.00030956038972362876,0.0,0.0,0.7954316735267639,0.0,,,,,,,,,,,,,,,,
166,0.9286226034164429,-0.20963452756404877,0.0035802957136183977,0.003541398560628295,5.767219136032509e-06,0.9214206337928772,0.9215696454048157,0.0,0.0003265423292759806,0.0,0.0,0.7917443513870239,0.0,,,,,,,,,,,,,,,,
167,0.9285371899604797,-0.21157287061214447,0.0036725238896906376,0.0036152289249002934,4.19510524807265e-06,0.9211844801902771,0.9213058948516846,0.0,0.00035155643126927316,0.0,0.0,0.7997772097587585,0.0,,,,,,,,,,,,,,,,
168,0.928602933883667,-0.2125125378370285,0.003660203656181693,0.0036431679036468267,4.639558937924448e-06,0.9212903380393982,0.9212994575500488,0.0,0.00028585363179445267,0.0,0.0,0.80042564868927,0.0,,,,,,,,,,,,,,,,
169,0.9286167621612549,-0.21210287511348724,0.003547697328031063,0.0035262720193713903,4.286824605514994e-06,0.9215326905250549,0.9215443730354309,0.0,0.00029038931825198233,0.0,0.0,0.8084259629249573,0.0,,,,,,,,,,,,,,,,
170,0.9287680983543396,-0.21302740275859833,0.0036961117293685675,0.003744949586689472,5.072371095593553e-06,0.9213584661483765,0.9212855696678162,0.0,0.00024875166127458215,0.0,0.0,0.8126692771911621,0.0,,,,,,,,,,,,,,,,
171,0.9285261631011963,-0.21373170614242554,0.0036309664137661457,0.003594945650547743,4.639276539819548e-06,0.9212750792503357,0.9213160872459412,0.0,0.00029132136842235923,0.0,0.0,0.8138176798820496,0.0,,,,,,,,,,,,,,,,
172,0.9285836219787598,-0.21324223279953003,0.0036229537799954414,0.00357062672264874,5.844377938046819e-06,0.9213261604309082,0.9214422702789307,0.0,0.0003924637276213616,0.0,0.0,0.8160961270332336,0.0,,,,,,,,,,,,,,,,
173,0.9284858703613281,-0.21597689390182495,0.0036412423942238092,0.0036343559622764587,5.508802587428363e-06,0.9211822152137756,0.9212272763252258,0.0,0.0002575439284555614,0.0,0.0,0.8128419518470764,0.0,,,,,,,,,,,,,,,,
174,0.9283806681632996,-0.22050295770168304,0.0035948653239756823,0.0035526957362890244,3.768756869249046e-06,0.9211865663528442,0.9212720990180969,0.0,0.00016124868125189096,0.0,0.0,0.8128672242164612,0.0,,,,,,,,,,,,,,,,
175,0.9284904599189758,-0.21983280777931213,0.003643936477601528,0.003601609030738473,4.365444056020351e-06,0.921200156211853,0.9212809801101685,0.0,0.00019681073899846524,0.0,0.0,0.8116398453712463,0.0,,,,,,,,,,,,,,,,
176,0.9285065531730652,-0.21919052302837372,0.00366240949369967,0.0036512883380055428,4.0054287637758534e-06,0.9211294054985046,0.9212483167648315,0.0,0.00024564616614952683,0.0,0.0,0.8185077905654907,0.0,,,,,,,,,,,,,,,,
177,0.9284365773200989,-0.2196858823299408,0.0036114829126745462,0.003605104051530361,3.912870852218475e-06,0.9211781620979309,0.9212539792060852,0.0,0.0002821101516019553,0.0,0.0,0.8141672611236572,0.0,,,,,,,,,,,,,,,,
178,0.9285449385643005,-0.21801334619522095,0.003732037730515003,0.0036356071941554546,5.673859504895518e-06,0.92107093334198,0.9212722778320312,0.0,0.0001314327382715419,0.0,0.0,0.8182079792022705,0.0,,,,,,,,,,,,,,,,
179,0.928595244884491,-0.21893462538719177,0.0036452284548431635,0.0035938711371272802,3.1468355246033752e-06,0.9213269948959351,0.921379029750824,0.0,0.0003340733819641173,0.0,0.0,0.8249952793121338,0.0,,,,,,,,,,,,,,,,
180,0.9283605217933655,-0.22232601046562195,0.0035712493117898703,0.0034523482900112867,4.188241746305721e-06,0.9211947917938232,0.921470582485199,0.0,0.0002597288985271007,0.0,0.0,0.8352622389793396,0.0,,,,,,,,,,,,,,,,
181,0.9284176230430603,-0.22801442444324493,0.003662861417979002,0.0035965561401098967,3.675018206195091e-06,0.9210746884346008,0.9212344288825989,0.0,0.0003359519469086081,0.0,0.0,0.8285170793533325,0.0,,,,,,,,,,,,,,,,
182,0.9284171462059021,-0.2312988042831421,0.0036269582342356443,0.0036278183106333017,3.0131513995002024e-06,0.9211479425430298,0.921170711517334,0.0,0.0002416080387774855,0.0,0.0,0.8280258178710938,0.0,,,,,,,,,,,,,,,,
183,0.9284253120422363,-0.23189866542816162,0.003746992675587535,0.0037231130991131067,2.49913659899903e-06,0.9209359288215637,0.9209694862365723,0.0,0.0002766841498669237,0.0,0.0,0.8317778706550598,0.0,,,,,,,,,,,,,,,,
184,0.928547739982605,-0.2296634167432785,0.0037296144291758537,0.0036804918199777603,3.376896529516671e-06,0.9210687279701233,0.9211996793746948,0.0,0.00022961768263485283,0.0,0.0,0.8265873193740845,0.0,,,,,,,,,,,,,,,,
185,0.9283390045166016,-0.22506526112556458,0.0037706748116761446,0.0036549882497638464,3.2383386496803723e-06,0.9207817912101746,0.9210383892059326,0.0,0.0003097236913163215,0.0,0.0,0.8336053490638733,0.0,,,,,,,,,,,,,,,,
186,0.9284674525260925,-0.22685830295085907,0.0036073392257094383,0.0035199851263314486,2.7645780846796697e-06,0.9213123321533203,0.9213623404502869,0.0,0.00027335245977155864,0.0,0.0,0.8350180387496948,0.0,,,,,,,,,,,,,,,,
187,0.9284681677818298,-0.22871707379817963,0.0037032910622656345,0.0036776287015527487,5.401271209848346e-06,0.921045184135437,0.9211184978485107,0.0,0.00025775935500860214,0.0,0.0,0.8233036994934082,0.0,,,,,,,,,,,,,,,,
188,0.9283714890480042,-0.23195475339889526,0.003688906319439411,0.0035917696077376604,1.9398387394176098e-06,0.9210025668144226,0.9211751818656921,0.0,0.00018016135436482728,0.0,0.0,0.8201601505279541,0.0,,,,,,,,,,,,,,,,
189,0.9284085631370544,-0.23074372112751007,0.0038042834494262934,0.003717665793374181,3.1927431791700656e-06,0.9208298921585083,0.9209368824958801,0.0,0.0003409249475225806,0.0,0.0,0.8363390564918518,0.0,,,,,,,,,,,,,,,,
190,0.9282791018486023,-0.23177607357501984,0.003765967208892107,0.0037008237559348345,2.727764012888656e-06,0.9207804203033447,0.9208387136459351,0.0,0.00035720921005122364,0.0,0.0,0.8306453227996826,0.0,,,,,,,,,,,,,,,,
191,0.9283639192581177,-0.23469646275043488,0.003650440601631999,0.0036013431381434202,2.450983856761013e-06,0.9210366010665894,0.9211826920509338,0.0,0.0002572175581008196,0.0,0.0,0.8326765298843384,0.0,,,,,,,,,,,,,,,,
192,0.928361713886261,-0.23452723026275635,0.003697591135278344,0.0037376817781478167,2.0361298993520904e-06,0.9209566116333008,0.9208922982215881,0.0,0.0002294052392244339,0.0,0.0,0.82872474193573,0.0,,,,,,,,,,,,,,,,
193,0.928358793258667,-0.23583248257637024,0.0037696093786507845,0.0037523105274885893,3.388439836271573e-06,0.9208448529243469,0.920822024345398,0.0,0.00033985884510912,0.0,0.0,0.839954137802124,0.0,,,,,,,,,,,,,,,,
194,0.9282916188240051,-0.23725390434265137,0.0037083730567246675,0.003662827657535672,1.8673249542189296e-06,0.9208961725234985,0.9209408760070801,0.0,0.0003287906583864242,0.0,0.0,0.8368958234786987,0.0,,,,,,,,,,,,,,,,
195,0.9285117387771606,-0.23864883184432983,0.0037234858609735966,0.0036421800032258034,2.286063136125449e-06,0.9210898876190186,0.9211977124214172,0.0,0.0003421164583414793,0.0,0.0,0.846808135509491,0.0,,,,,,,,,,,,,,,,
196,0.9283191561698914,-0.23932582139968872,0.003614861983805895,0.0036134179681539536,3.0319674806378316e-06,0.9210574626922607,0.9211182594299316,0.0,0.00025311915669590235,0.0,0.0,0.8296982645988464,0.0,,,,,,,,,,,,,,,,
197,0.9283360242843628,-0.23938705027103424,0.003575478447601199,0.0036302567459642887,2.5014719540195074e-06,0.9212039113044739,0.9210516214370728,0.0,0.00022620511299464852,0.0,0.0,0.8280325531959534,0.0,,,,,,,,,,,,,,,,
198,0.9282746911048889,-0.23899300396442413,0.0036541642621159554,0.003604969009757042,2.1685978026653174e-06,0.9209478497505188,0.9210789799690247,0.0,0.00037966418312862515,0.0,0.0,0.842411458492279,0.0,,,,,,,,,,,,,,,,
199,0.9283605813980103,-0.24100536108016968,0.003639682661741972,0.003617865266278386,3.49046695191646e-06,0.9210724830627441,0.9211265444755554,0.0,0.00040355880628339946,0.0,0.0,0.834705114364624,0.0,,,,,,,,,,,,,,,,
200,0.9283628463745117,-0.24076500535011292,0.003735355567187071,0.003648709738627076,2.607245733088348e-06,0.9209016561508179,0.9210507273674011,0.0,0.0002948750334326178,0.0,0.0,0.8299349546432495,0.0,,,,,,,,,,,,,,,,
201,0.9283595681190491,-0.24264872074127197,0.003649749094620347,0.0035496302880346775,2.6133911887882277e-06,0.9210778474807739,0.9212374091148376,0.0,0.0003110078687313944,0.0,0.0,0.8418649435043335,0.0,,,,,,,,,,,,,,,,
202,0.9283302426338196,-0.24301724135875702,0.0036679976619780064,0.003697906155139208,2.1361117887863657e-06,0.9209781885147095,0.9209462404251099,0.0,0.00028873109840787947,0.0,0.0,0.8465049862861633,0.0,,,,,,,,,,,,,,,,
203,0.9282758831977844,-0.24441353976726532,0.003704874310642481,0.0036070402711629868,2.831302253980539e-06,0.9208812713623047,0.921040952205658,0.0,0.00044716542470268905,0.0,0.0,0.8342032432556152,0.0,,,,,,,,,,,,,,,,
204,0.9281699657440186,-0.24687686562538147,0.0037710817996412516,0.003770873649045825,2.8076010494260117e-06,0.9206488728523254,0.920601487159729,0.0,0.00016897701425477862,0.0,0.0,0.8431733250617981,0.0,,,,,,,,,,,,,,,,
205,0.9283443093299866,-0.24864129722118378,0.00382649595849216,0.0037133307196199894,2.599425215521478e-06,0.9207333922386169,0.920870304107666,0.0,0.00033658783650025725,0.0,0.0,0.8276006579399109,0.0,,,,,,,,,,,,,,,,
206,0.9282817244529724,-0.2487032562494278,0.0037105954252183437,0.003682489041239023,2.815774678310845e-06,0.9208651781082153,0.9209064245223999,0.0,0.0002674586430657655,0.0,0.0,0.858731746673584,0.0,,,,,,,,,,,,,,,,
207,0.9282780885696411,-0.24894683063030243,0.0036976616829633713,0.0036368416622281075,1.9871285985573195e-06,0.9209181666374207,0.9209650754928589,0.0,0.00024306727573275566,0.0,0.0,0.845841646194458,0.0,,,,,,,,,,,,,,,,
208,0.9281659722328186,-0.24848344922065735,0.003818446071818471,0.003841269761323929,2.612810703794821e-06,0.9205188751220703,0.9204882979393005,0.0,0.0002791988372337073,0.0,0.0,0.8520540595054626,0.0,,,,,,,,,,,,,,,,
209,0.9282411932945251,-0.24862752854824066,0.0037329683545976877,0.0037085560616105795,2.2276346953731263e-06,0.9208246469497681,0.9207703471183777,0.0,0.00021748189465142787,0.0,0.0,0.8495230674743652,0.0,,,,,,,,,,,,,,,,
210,0.9283766746520996,-0.2540026903152466,0.003711173078045249,0.0036658127792179585,1.7275023083129781e-06,0.9209553599357605,0.9210405945777893,0.0,0.00020128063624724746,0.0,0.0,0.8461577296257019,0.0,,,,,,,,,,,,,,,,
211,0.9281498789787292,-0.2521548569202423,0.0036945792380720377,0.0036355454940348864,1.6644606830595876e-06,0.9207727313041687,0.9208633899688721,0.0,0.0003566990199033171,0.0,0.0,0.8359649181365967,0.0,,,,,,,,,,,,,,,,
212,0.9282357096672058,-0.256666898727417,0.0036870064213871956,0.003748522140085697,2.5826066121226177e-06,0.9208521842956543,0.920742928981781,0.0,0.00020997463434468955,0.0,0.0,0.8332124352455139,0.0,,,,,,,,,,,,,,,,
213,0.928292453289032,-0.2567985951900482,0.003704989328980446,0.0037267280276864767,2.9366365197347477e-06,0.9208683371543884,0.9208472371101379,0.0,0.00014129701594356447,0.0,0.0,0.8415263891220093,0.0,,,,,,,,,,,,,,,,
214,0.9281765222549438,-0.25845345854759216,0.003671089420095086,0.003632564330473542,2.998311401825049e-06,0.920824408531189,0.9209153652191162,0.0,0.00032251927768811584,0.0,0.0,0.8504815697669983,0.0,,,,,,,,,,,,,,,,
215,0.9282729029655457,-0.25630807876586914,0.003767445683479309,0.003788464004173875,2.2548217657458736e-06,0.9207558035850525,0.9206737279891968,0.0,0.00031593485618941486,0.0,0.0,0.8472668528556824,0.0,,,,,,,,,,,,,,,,
216,0.9281625747680664,-0.2553369700908661,0.0038246901240199804,0.0037409274373203516,1.0765184015326668e-06,0.9205576777458191,0.9206341505050659,0.0,0.00019604177214205265,0.0,0.0,0.8446422219276428,0.0,,,,,,,,,,,,,,,,
217,0.9281982183456421,-0.2564539313316345,0.003649438964203,0.0036868418101221323,2.359858171985252e-06,0.9209285974502563,0.9207905530929565,0.0,0.00020068715093657374,0.0,0.0,0.8422607779502869,0.0,,,,,,,,,,,,,,,,
218,0.9282628297805786,-0.2587042450904846,0.0036264879163354635,0.0035691596567630768,1.499474819866009e-06,0.9210344552993774,0.921096920967102,0.0,0.00024019324337132275,0.0,0.0,0.8498949408531189,0.0,,,,,,,,,,,,,,,,
219,0.928104043006897,-0.26158034801483154,0.0038084795232862234,0.0037052396219223738,2.3107156721380306e-06,0.9204912185668945,0.920684814453125,0.0,0.0001924330717884004,0.0,0.0,0.8391351699829102,0.0,,,,,,,,,,,,,,,,
220,0.928170919418335,-0.25960880517959595,0.0036810508463531733,0.0036030563060194254,2.111564299411839e-06,0.9208465814590454,0.9209229350090027,0.0,0.00019775530381593853,0.0,0.0,0.8374874591827393,0.0,,,,,,,,,,,,,,,,
221,0.9282088279724121,-0.2611016035079956,0.0037907608784735203,0.003785200184211135,2.4094824766507372e-06,0.9206433296203613,0.9206176400184631,0.0,0.0002306601672898978,0.0,0.0,0.8441299796104431,0.0,,,,,,,,,,,,,,,,
222,0.9283924102783203,-0.26177042722702026,0.00373626546934247,0.0036727585829794407,3.455892056081211e-06,0.920968234539032,0.9209915995597839,0.0,0.00021459061827044934,0.0,0.0,0.852013349533081,0.0,,,,,,,,,,,,,,,,
223,0.9281725287437439,-0.2654087245464325,0.003821240272372961,0.003726598806679249,2.568083573351032e-06,0.9205052852630615,0.9207389950752258,0.0,0.00015775792417116463,0.0,0.0,0.8393188118934631,0.0,,,,,,,,,,,,,,,,
224,0.9282699823379517,-0.26665380597114563,0.0037493270356208086,0.00363649008795619,2.7539961138245417e-06,0.9208117723464966,0.9209510684013367,0.0,0.00027249136473983526,0.0,0.0,0.8498928546905518,0.0,,,,,,,,,,,,,,,,
225,0.9281755685806274,-0.26716670393943787,0.0038707039784640074,0.003700974630191922,1.947479859154555e-06,0.9204657077789307,0.9207382202148438,0.0,0.00017532009223941714,0.0,0.0,0.8453394174575806,0.0,,,,,,,,,,,,,,,,
226,0.9281361699104309,-0.2663479149341583,0.0037715903017669916,0.0036881237756460905,3.026134436368011e-06,0.9206082224845886,0.9207386374473572,0.0,0.00019634391355793923,0.0,0.0,0.8616628646850586,0.0,,,,,,,,,,,,,,,,
227,0.9282419085502625,-0.2650052309036255,0.003844692138954997,0.0037981066852808,1.6950878034549532e-06,0.9205800890922546,0.9206147193908691,0.0,0.00022871390683576465,0.0,0.0,0.8597851991653442,0.0,,,,,,,,,,,,,,,,
228,0.9281061291694641,-0.26625856757164,0.003871304215863347,0.0037339201662689447,1.5200537291093497e-06,0.9203477501869202,0.9206510186195374,0.0,0.00021206583187449723,0.0,0.0,0.8582954406738281,0.0,,,,,,,,,,,,,,,,
229,0.9282020926475525,-0.2690066397190094,0.0037117432802915573,0.003651420120149851,3.268763975938782e-06,0.92080157995224,0.920869767665863,0.0,0.0002464833960402757,0.0,0.0,0.861720621585846,0.0,,,,,,,,,,,,,,,,
230,0.9281770586967468,-0.268893837928772,0.003836541436612606,0.0037721064873039722,1.758198322932003e-06,0.9205067157745361,0.9206266403198242,0.0,0.00020097426022402942,0.0,0.0,0.849031925201416,0.0,,,,,,,,,,,,,,,,
231,0.9281851053237915,-0.2710898816585541,0.0037313862703740597,0.0037095150910317898,3.2290079161612084e-06,0.920707106590271,0.9207748770713806,0.0,0.0002531864447519183,0.0,0.0,0.8447569012641907,0.0,,,,,,,,,,,,,,,,
232,0.9281582832336426,-0.2724982798099518,0.0037960889749228954,0.003747275099158287,1.500668986409437e-06,0.9206020832061768,0.9206247925758362,0.0,0.00028268949245102704,0.0,0.0,0.8322283029556274,0.0,,,,,,,,,,,,,,,,
233,0.9281644225120544,-0.27070823311805725,0.0037803789600729942,0.003822616534307599,3.2352643302147044e-06,0.920556902885437,0.9205595850944519,0.0,0.00020939079695381224,0.0,0.0,0.8434181809425354,0.0,,,,,,,,,,,,,,,,
234,0.9282642602920532,-0.27336645126342773,0.0038786206860095263,0.00384491216391325,2.432932660667575e-06,0.9205180406570435,0.9205586314201355,0.0,0.0003440087311901152,0.0,0.0,0.839229941368103,0.0,,,,,,,,,,,,,,,,
235,0.928128719329834,-0.27618059515953064,0.0036968914791941643,0.0036324390675872564,1.0669737093849108e-06,0.920792818069458,0.9208037853240967,0.0,0.00031130146817304194,0.0,0.0,0.843347430229187,0.0,,,,,,,,,,,,,,,,
236,0.928042471408844,-0.2781928479671478,0.003925383556634188,0.0039071086794137955,1.3855828910891432e-06,0.9202019572257996,0.9202151894569397,0.0,0.00018440812709741294,0.0,0.0,0.8353622555732727,0.0,,,,,,,,,,,,,,,,
237,0.9280553460121155,-0.275434672832489,0.003746017115190625,0.003777415258809924,1.6250926364591578e-06,0.920574963092804,0.9204855561256409,0.0,0.0002494169748388231,0.0,0.0,0.8192965984344482,0.0,,,,,,,,,,,,,,,,
238,0.9280922412872314,-0.2774435579776764,0.003959419205784798,0.00392502173781395,9.882083986667567e-07,0.9201603531837463,0.9202532768249512,0.0,0.0002444499114062637,0.0,0.0,0.8345850110054016,0.0,,,,,,,,,,,,,,,,
239,0.9281626343727112,-0.2794944643974304,0.003840875579044223,0.003845738945528865,2.0255781691957964e-06,0.9204820990562439,0.920465886592865,0.0,0.0002311791031388566,0.0,0.0,0.8212576508522034,0.0,,,,,,,,,,,,,,,,
240,0.9281972646713257,-0.2784993648529053,0.003843119367957115,0.0038025127723813057,2.0100746951356996e-06,0.9205103516578674,0.9205889701843262,0.0,0.00024791702162474394,0.0,0.0,0.8358635902404785,0.0,,,,,,,,,,,,,,,,
241,0.9280770421028137,-0.28114941716194153,0.0038644049782305956,0.003843890503048897,1.3306078017194523e-06,0.9203618764877319,0.9203729629516602,0.0,0.00011593173985602334,0.0,0.0,0.8402682542800903,0.0,,,,,,,,,,,,,,,,
242,0.928183913230896,-0.2793568968772888,0.003918460104614496,0.003834351198747754,1.464915953874879e-06,0.9203632473945618,0.9204960465431213,0.0,0.00020731415133923292,0.0,0.0,0.8384687900543213,0.0,,,,,,,,,,,,,,,,
243,0.9281491637229919,-0.27884355187416077,0.003937214147299528,0.003812083275988698,3.064244538109051e-06,0.9203130602836609,0.9204805493354797,0.0,0.00027130424859933555,0.0,0.0,0.8454797863960266,0.0,,,,,,,,,,,,,,,,
244,0.927983283996582,-0.2783738076686859,0.003836355870589614,0.003727131523191929,1.769381469785003e-06,0.920332133769989,0.9205039143562317,0.0,0.0001785973581718281,0.0,0.0,0.8541692495346069,0.0,,,,,,,,,,,,,,,,
245,0.9280526638031006,-0.27909278869628906,0.0037105262745171785,0.0036494440864771605,2.3892216631793417e-06,0.9206259846687317,0.9207546710968018,0.0,0.00022457003069575876,0.0,0.0,0.8548384308815002,0.0,,,,,,,,,,,,,,,,
246,0.9282324314117432,-0.28530561923980713,0.003765464061871171,0.0037494110874831676,1.1715901564457454e-06,0.9207110404968262,0.920721709728241,0.0,0.00012318936933297664,0.0,0.0,0.8566150069236755,0.0,,,,,,,,,,,,,,,,
247,0.9281833171844482,-0.28710848093032837,0.003850460285320878,0.0038038522470742464,2.2710967186867492e-06,0.9204773306846619,0.9205760955810547,0.0,0.0002288114483235404,0.0,0.0,0.852432131767273,0.0,,,,,,,,,,,,,,,,
248,0.9281300902366638,-0.2863684296607971,0.003782467683777213,0.0037262632977217436,1.9140131826134166e-06,0.9205835461616516,0.9206553101539612,0.0,0.0001499186473665759,0.0,0.0,0.8464344143867493,0.0,,,,,,,,,,,,,,,,
249,0.9281394481658936,-0.2857647240161896,0.0036830762401223183,0.0037032600957900286,2.2821727725386154e-06,0.9207831025123596,0.9207186102867126,0.0,0.00017956308147404343,0.0,0.0,0.8501787781715393,0.0,,,,,,,,,,,,,,,,
250,0.9280758500099182,-0.28440624475479126,0.0037370731588453054,0.0036962965968996286,2.6247209916618885e-06,0.9206234216690063,0.9206563234329224,0.0,0.00025395743432454765,0.0,0.0,0.8477044701576233,0.0,,,,,,,,,,,,,,,,
251,0.9280285835266113,-0.2863975465297699,0.0038528721779584885,0.0038099337834864855,1.2555076409626054e-06,0.9203344583511353,0.9203945994377136,0.0,0.0001075132968253456,0.0,0.0,0.8600764274597168,0.0,,,,,,,,,,,,,,,,
252,0.928074061870575,-0.28916582465171814,0.0038808570243418217,0.00385857280343771,1.9771186998696066e-06,0.9203245639801025,0.9203408360481262,0.0,0.00011107873433502391,0.0,0.0,0.8499663472175598,0.0,,,,,,,,,,,,,,,,
253,0.92816162109375,-0.289499968290329,0.0038028096314519644,0.003762276144698262,1.4606363265556865e-06,0.9205919504165649,0.9205981492996216,0.0,0.00012279651127755642,0.0,0.0,0.8579017519950867,0.0,,,,,,,,,,,,,,,,
254,0.9281121492385864,-0.29086023569107056,0.0038632575888186693,0.003839191747829318,2.076375722026569e-06,0.9204195737838745,0.9203957915306091,0.0,0.00013160712842363864,0.0,0.0,0.8382568955421448,0.0,,,,,,,,,,,,,,,,
255,0.9279812574386597,-0.29252809286117554,0.0037889278028160334,0.0038037265185266733,2.357729954383103e-06,0.9204123616218567,0.9203601479530334,0.0,0.00020803959341719747,0.0,0.0,0.8400551080703735,0.0,,,,,,,,,,,,,,,,
256,0.9281070828437805,-0.2949458062648773,0.003799906000494957,0.0038499084766954184,1.7145729316325742e-06,0.9205101132392883,0.9204010963439941,0.0,0.00022737406834494323,0.0,0.0,0.8452632427215576,0.0,,,,,,,,,,,,,,,,
257,0.9280350804328918,-0.2979569733142853,0.0038574757054448128,0.003850458189845085,1.2613143098860746e-06,0.9203234910964966,0.9203283190727234,0.0,0.00028842021129094064,0.0,0.0,0.8342230319976807,0.0,,,,,,,,,,,,,,,,
258,0.9281284213066101,-0.29722341895103455,0.0038755196146667004,0.0038916347548365593,1.6600318986093043e-06,0.9203712344169617,0.920348048210144,0.0,0.00011715958680724725,0.0,0.0,0.8339844942092896,0.0,,,,,,,,,,,,,,,,
259,0.9280247688293457,-0.2965746819972992,0.0037696894723922014,0.003791464027017355,1.0974181350320578e-06,0.9204768538475037,0.9204481244087219,0.0,0.00015237070329021662,0.0,0.0,0.8419336676597595,0.0,,,,,,,,,,,,,,,,
260,0.9279773831367493,-0.29402676224708557,0.0038167175371199846,0.0038121037650853395,1.2546692005344084e-06,0.9203266501426697,0.9203680157661438,0.0,0.00017272417608182877,0.0,0.0,0.8437538743019104,0.0,,,,,,,,,,,,,,,,
261,0.9280890822410583,-0.2958410978317261,0.00388598651625216,0.003837974974885583,1.417396674696647e-06,0.9203479290008545,0.9203795194625854,0.0,0.00019314962264616042,0.0,0.0,0.83452308177948,0.0,,,,,,,,,,,,,,,,
262,0.9281070232391357,-0.2971997857093811,0.003771010087803006,0.0037559957709163427,1.4053234735911246e-06,0.9205798506736755,0.9205774068832397,0.0,0.00023310280812438577,0.0,0.0,0.8416661024093628,0.0,,,,,,,,,,,,,,,,
263,0.9280717968940735,-0.29881399869918823,0.0037050696555525064,0.0036921363789588213,1.344626411992067e-06,0.9206641316413879,0.920682430267334,0.0,0.00022150002769194543,0.0,0.0,0.8442951440811157,0.0,,,,,,,,,,,,,,,,
264,0.9279631972312927,-0.3027566969394684,0.003960431553423405,0.00388336437754333,9.749032869876828e-07,0.920059084892273,0.9201777577400208,0.0,6.973712152102962e-05,0.0,0.0,0.8472997546195984,0.0,,,,,,,,,,,,,,,,
265,0.9280280470848083,-0.3017633259296417,0.0039032979402691126,0.0038035917095839977,1.5684736354160123e-06,0.9202353954315186,0.9204038381576538,0.0,0.00010127644782187417,0.0,0.0,0.845578134059906,0.0,,,,,,,,,,,,,,,,
266,0.9279569983482361,-0.3005526065826416,0.0037638824433088303,0.0037920165341347456,8.63103878145921e-07,0.9204379320144653,0.9203625917434692,0.0,0.0002238150773337111,0.0,0.0,0.8437513113021851,0.0,,,,,,,,,,,,,,,,
267,0.9280733466148376,-0.30301418900489807,0.0038718716241419315,0.003778928192332387,9.50591868331685e-07,0.9203827381134033,0.9204604029655457,0.0,0.000135136884637177,0.0,0.0,0.8480538129806519,0.0,,,,,,,,,,,,,,,,
268,0.9280328154563904,-0.30445683002471924,0.0038534977938979864,0.0037563215009868145,1.0235313538942137e-06,0.9203145503997803,0.920529305934906,0.0,0.0001727450144244358,0.0,0.0,0.8555209040641785,0.0,,,,,,,,,,,,,,,,
269,0.9279820919036865,-0.3053237199783325,0.0038581432309001684,0.003792243544012308,1.1637349643933703e-06,0.9202783703804016,0.9203826785087585,0.0,0.00021875565289519727,0.0,0.0,0.8544741868972778,0.0,,,,,,,,,,,,,,,,
270,0.9280266761779785,-0.30658185482025146,0.003827893640846014,0.0038136253133416176,9.508892162557459e-07,0.9203951358795166,0.9203733205795288,0.0,0.00019602605607360601,0.0,0.0,0.8355939388275146,0.0,,,,,,,,,,,,,,,,
271,0.9280096292495728,-0.3083547353744507,0.0037753204815089703,0.0036753404419869184,9.538154017718625e-07,0.9204369187355042,0.9206791520118713,0.0,0.00016332758241333067,0.0,0.0,0.8488357663154602,0.0,,,,,,,,,,,,,,,,
272,0.9280556440353394,-0.3092305362224579,0.003994314465671778,0.0038888384588062763,1.1609270131884841e-06,0.9200901985168457,0.9202524423599243,0.0,0.0001663419243413955,0.0,0.0,0.8474788069725037,0.0,,,,,,,,,,,,,,,,
273,0.9279876947402954,-0.30935731530189514,0.003945596050471067,0.0038541718386113644,1.5454653521373984e-06,0.920098066329956,0.9202747344970703,0.0,0.00024236380704678595,0.0,0.0,0.8446857929229736,0.0,,,,,,,,,,,,,,,,
274,0.9280329346656799,-0.3084236979484558,0.0037736541125923395,0.0037219987716525793,1.4238737549021607e-06,0.9204944968223572,0.9205772280693054,0.0,0.00021133790141902864,0.0,0.0,0.8418904542922974,0.0,,,,,,,,,,,,,,,,
275,0.9280904531478882,-0.3082521855831146,0.00384550541639328,0.003836543532088399,2.672073378562345e-06,0.9203941822052002,0.920417308807373,0.0,0.00010965777619276196,0.0,0.0,0.8449127078056335,0.0,,,,,,,,,,,,,,,,
276,0.9279035925865173,-0.3094218373298645,0.0038138001691550016,0.0037632540334016085,1.079137632586935e-06,0.920317530632019,0.9203333854675293,0.0,9.85700826277025e-05,0.0,0.0,0.8384580016136169,0.0,,,,,,,,,,,,,,,,
277,0.9281892776489258,-0.314441978931427,0.003757208352908492,0.003700589993968606,1.7717592299959506e-06,0.9206864833831787,0.920772910118103,0.0,0.00019772812083829194,0.0,0.0,0.8406203985214233,0.0,,,,,,,,,,,,,,,,
278,0.9279459118843079,-0.3170645833015442,0.0038561311084777117,0.003787114517763257,1.1362103577994276e-06,0.9202527403831482,0.9203504323959351,0.0,0.0001755785633577034,0.0,0.0,0.8377854228019714,0.0,,,,,,,,,,,,,,,,
279,0.9280596375465393,-0.315399169921875,0.003923426847904921,0.0038980129174888134,1.6434835288237082e-06,0.9202069044113159,0.9202661514282227,0.0,0.0002556743856985122,0.0,0.0,0.8488513827323914,0.0,,,,,,,,,,,,,,,,
280,0.9279720187187195,-0.3112002909183502,0.003997934050858021,0.003956160042434931,1.1589951327550807e-06,0.9199810028076172,0.9200525283813477,0.0,0.00014135357923805714,0.0,0.0,0.8439502716064453,0.0,,,,,,,,,,,,,,,,
281,0.9279425740242004,-0.3131107985973358,0.003922741394490004,0.003941382747143507,1.0839354445124627e-06,0.9200963377952576,0.9200584292411804,0.0,0.0001723231398500502,0.0,0.0,0.8540084958076477,0.0,,,,,,,,,,,,,,,,
282,0.9279859066009521,-0.3161056637763977,0.0038711950182914734,0.003866314422339201,1.4314938425741275e-06,0.9202573895454407,0.9202365875244141,0.0,5.3102710808161646e-05,0.0,0.0,0.8551614880561829,0.0,,,,,,,,,,,,,,,,
283,0.9279501438140869,-0.3195669949054718,0.003892625216394663,0.0038805881049484015,1.1108930948466877e-06,0.9201986193656921,0.920153021812439,0.0,0.00017940760881174356,0.0,0.0,0.8592315316200256,0.0,,,,,,,,,,,,,,,,
284,0.9281368851661682,-0.320261687040329,0.00387182948179543,0.0038047819398343563,2.264845306854113e-06,0.9204118251800537,0.9205042123794556,0.0,7.502621156163514e-05,0.0,0.0,0.8548440337181091,0.0,,,,,,,,,,,,,,,,
285,0.9280610084533691,-0.3193538784980774,0.00387575663626194,0.0038673856761306524,1.2668201634369325e-06,0.9203142523765564,0.9203189015388489,0.0,0.00021252584701869637,0.0,0.0,0.8537222146987915,0.0,,,,,,,,,,,,,,,,
286,0.9280955195426941,-0.3180297911167145,0.0038713517133146524,0.0038811543490737677,1.0228530982203665e-06,0.9203428626060486,0.9203410148620605,0.0,0.00015024625463411212,0.0,0.0,0.8516739010810852,0.0,,,,,,,,,,,,,,,,
287,0.9280195236206055,-0.31911662220954895,0.003859215648844838,0.003793754382058978,1.007369974104222e-06,0.920292854309082,0.920438289642334,0.0,0.0001029935956466943,0.0,0.0,0.8542548418045044,0.0,,,,,,,,,,,,,,,,
288,0.9279482364654541,-0.3203451931476593,0.003862502984702587,0.00377692305482924,1.260628891941451e-06,0.9202529191970825,0.9203622341156006,0.0,0.0001644843869144097,0.0,0.0,0.8453461527824402,0.0,,,,,,,,,,,,,,,,
289,0.9279168248176575,-0.32178306579589844,0.0039046527817845345,0.003812644863501191,1.2207912050143932e-06,0.9201359748840332,0.9202606081962585,0.0,0.000112225316115655,0.0,0.0,0.8526802659034729,0.0,,,,,,,,,,,,,,,,
290,0.9279903173446655,-0.3254927694797516,0.003817987395450473,0.0038346275687217712,1.2196402394692996e-06,0.9203567504882812,0.9203162789344788,0.0,0.00011794995953096077,0.0,0.0,0.8615116477012634,0.0,,,,,,,,,,,,,,,,
291,0.928047239780426,-0.32610541582107544,0.0038234135136008263,0.0038250356446951628,9.114846761804074e-07,0.9203872084617615,0.9204086065292358,0.0,0.0001364491763524711,0.0,0.0,0.8547932505607605,0.0,,,,,,,,,,,,,,,,
292,0.9279383420944214,-0.3243195712566376,0.004042860120534897,0.003990986384451389,1.9815652194665745e-06,0.9198517799377441,0.9199532270431519,0.0,0.00016763529856689274,0.0,0.0,0.8575425744056702,0.0,,,,,,,,,,,,,,,,
293,0.9279629588127136,-0.3240475654602051,0.0038691763766109943,0.0038299919106066227,1.5623264744135668e-06,0.9202566146850586,0.9202677607536316,0.0,0.00010504366946406662,0.0,0.0,0.8486675024032593,0.0,,,,,,,,,,,,,,,,
294,0.9280059337615967,-0.3221594989299774,0.0039003894198685884,0.0038905986584722996,1.310443280999607e-06,0.9202278852462769,0.9201993942260742,0.0,0.00012636862811632454,0.0,0.0,0.8691092133522034,0.0,,,,,,,,,,,,,,,,
295,0.927905797958374,-0.3282289505004883,0.0038401989731937647,0.0037932205013930798,2.632572432048619e-06,0.9202651977539062,0.9202743172645569,0.0,0.00017606922483537346,0.0,0.0,0.8553911447525024,0.0,,,,,,,,,,,,,,,,
296,0.9278818368911743,-0.3317520320415497,0.003859722288325429,0.0038037009071558714,1.015272118820576e-06,0.9201708436012268,0.920263946056366,0.0,0.00015155902656260878,0.0,0.0,0.8534833788871765,0.0,,,,,,,,,,,,,,,,
297,0.9278470277786255,-0.3316168785095215,0.003946059849113226,0.003925689496099949,9.608596656107693e-07,0.9199806451797485,0.9199679493904114,0.0,0.00013692042557522655,0.0,0.0,0.8503990769386292,0.0,,,,,,,,,,,,,,,,
298,0.9280487895011902,-0.33119913935661316,0.003811788046732545,0.003833799622952938,1.251402750312991e-06,0.9204542636871338,0.9203495979309082,0.0,0.00016107509145513177,0.0,0.0,0.8589399456977844,0.0,,,,,,,,,,,,,,,,
299,0.9280393123626709,-0.3307209014892578,0.0038461065851151943,0.0038341297768056393,1.4018559113537776e-06,0.9203592538833618,0.9203561544418335,0.0,0.00015439694107044488,0.0,0.0,0.8627982139587402,0.0,,,,,,,,,,,,,,,,
300,0.9279833436012268,-0.3330404460430145,0.00375110050663352,0.0037272940389811993,6.379877959261648e-07,0.9204591512680054,0.9205495715141296,0.0,4.055534736835398e-05,0.0,0.0,0.8688531517982483,0.0,,,,,,,,,,,,,,,,
301,0.9279689192771912,-0.3348350524902344,0.003976823296397924,0.003955059684813023,1.3018355957683525e-06,0.9200130701065063,0.9200583100318909,0.0,0.00013500323984771967,0.0,0.0,0.8704724907875061,0.0,,,,,,,,,,,,,,,,
302,0.9279913902282715,-0.3355538249015808,0.003866073675453663,0.003880784148350358,7.734182077001606e-07,0.9202767014503479,0.9202107191085815,0.0,0.00021872739307582378,0.0,0.0,0.8588849902153015,0.0,,,,,,,,,,,,,,,,
303,0.9279888272285461,-0.3373488485813141,0.0038676541298627853,0.003861199365928769,6.222986144166498e-07,0.9202606081962585,0.9202580451965332,0.0,0.00011665751662803814,0.0,0.0,0.8588132262229919,0.0,,,,,,,,,,,,,,,,
304,0.9278755784034729,-0.3363186717033386,0.003916947636753321,0.0038921635132282972,5.723831577597593e-07,0.9200544953346252,0.9200773239135742,0.0,0.00010226321319350973,0.0,0.0,0.8470960855484009,0.0,,,,,,,,,,,,,,,,
305,0.9279305338859558,-0.33631962537765503,0.003996369428932667,0.003951681312173605,7.407373345813539e-07,0.9199493527412415,0.9200141429901123,0.0,9.626730752643198e-05,0.0,0.0,0.8511568903923035,0.0,,,,,,,,,,,,,,,,
306,0.9279055595397949,-0.33494770526885986,0.003805608255788684,0.0038208584301173687,7.57646319016203e-07,0.9202929735183716,0.9202637076377869,0.0,4.260127752786502e-05,0.0,0.0,0.8637957572937012,0.0,,,,,,,,,,,,,,,,
307,0.9279541969299316,-0.3375815153121948,0.003867912571877241,0.0038075256161391735,8.830832598505367e-07,0.9202313423156738,0.920324444770813,0.0,0.00011784601520048454,0.0,0.0,0.8567521572113037,0.0,,,,,,,,,,,,,,,,
308,0.9279378652572632,-0.3379235863685608,0.003909227903932333,0.003937244415283203,1.9776250610448187e-06,0.9201245307922363,0.9200543165206909,0.0,0.00013112281158100814,0.0,0.0,0.8575509190559387,0.0,,,,,,,,,,,,,,,,
309,0.9279426336288452,-0.3419423997402191,0.003889039857313037,0.003868948668241501,1.5830702295716037e-06,0.92015540599823,0.9202107191085815,0.0,0.00011915380309801549,0.0,0.0,0.8477827310562134,0.0,,,,,,,,,,,,,,,,
310,0.9280093312263489,-0.3423629105091095,0.003909099381417036,0.003908309154212475,7.63168486628274e-07,0.9201855659484863,0.9201968312263489,0.0,6.194297020556405e-05,0.0,0.0,0.8579757809638977,0.0,,,,,,,,,,,,,,,,
311,0.9278603792190552,-0.3437572717666626,0.0039028555620461702,0.0038341006729751825,9.483202347837505e-07,0.9200775027275085,0.9201675057411194,0.0,0.00010359002044424415,0.0,0.0,0.8752275109291077,0.0,,,,,,,,,,,,,,,,
312,0.928084671497345,-0.34236910939216614,0.003834455506876111,0.003816997166723013,1.1079287105530966e-06,0.9204312562942505,0.920432984828949,0.0,0.00013128164573572576,0.0,0.0,0.8671267032623291,0.0,,,,,,,,,,,,,,,,
313,0.9279398322105408,-0.3403667211532593,0.004048454109579325,0.003979036118835211,8.661792207931285e-07,0.9198601245880127,0.9199628233909607,0.0,0.00011909657041542232,0.0,0.0,0.8796419501304626,0.0,,,,,,,,,,,,,,,,
314,0.9279263019561768,-0.3431576192378998,0.0037058109883219004,0.003627446945756674,7.142267008930503e-07,0.9205362796783447,0.9206482768058777,0.0,0.00020386409596540034,0.0,0.0,0.8634927272796631,0.0,,,,,,,,,,,,,,,,
315,0.9279683828353882,-0.3445882797241211,0.003911221399903297,0.003926926292479038,6.954833793315629e-07,0.9201180934906006,0.9201410412788391,0.0,0.0001381782494718209,0.0,0.0,0.880823016166687,0.0,,,,,,,,,,,,,,,,
316,0.9279447197914124,-0.3464135527610779,0.0039143869653344154,0.003857892472296953,5.907877493882552e-07,0.9201314449310303,0.9202122092247009,0.0,6.647364352829754e-05,0.0,0.0,0.8642796277999878,0.0,,,,,,,,,,,,,,,,
317,0.9280228018760681,-0.3483154773712158,0.0038822770584374666,0.0038189885672181845,8.908075983526942e-07,0.9202742576599121,0.9203670024871826,0.0,9.99068288365379e-05,0.0,0.0,0.8690921664237976,0.0,,,,,,,,,,,,,,,,
318,0.9278437495231628,-0.3484155237674713,0.0039316220209002495,0.003911757841706276,7.629109859408345e-07,0.9199764132499695,0.9200228452682495,0.0,0.0002330201823497191,0.0,0.0,0.8726111054420471,0.0,,,,,,,,,,,,,,,,
319,0.9279117584228516,-0.3494495451450348,0.0038161969278007746,0.0037899226881563663,7.343213610511157e-07,0.9202759265899658,0.9203339219093323,0.0,0.00015165237709879875,0.0,0.0,0.8740274906158447,0.0,,,,,,,,,,,,,,,,
320,0.9279964566230774,-0.3470611572265625,0.0038653200026601553,0.003831580514088273,8.373003765882459e-07,0.9202725291252136,0.9203248023986816,0.0,0.0001694144739303738,0.0,0.0,0.8736461400985718,0.0,,,,,,,,,,,,,,,,
321,0.9279104471206665,-0.3510494530200958,0.0038729500956833363,0.003827174659818411,1.2526451200756128e-06,0.9201751351356506,0.9202429056167603,0.0,7.828873640391976e-05,0.0,0.0,0.874990701675415,0.0,,,,,,,,,,,,,,,,
322,0.9280413389205933,-0.35121095180511475,0.003898743074387312,0.003855685004964471,1.4730426300957333e-06,0.9202510714530945,0.9203199148178101,0.0,0.00013116415357217193,0.0,0.0,0.8782795667648315,0.0,,,,,,,,,,,,,,,,
323,0.9278916716575623,-0.35103943943977356,0.003919254057109356,0.003868021070957184,9.373509328725049e-07,0.9200674295425415,0.9201393723487854,0.0,0.00012033680104650557,0.0,0.0,0.8809519410133362,0.0,,,,,,,,,,,,,,,,
324,0.9278939962387085,-0.35300618410110474,0.003766566514968872,0.003752731019631028,7.647077495676058e-07,0.9203546643257141,0.920393168926239,0.0,0.00011991940118605271,0.0,0.0,0.8814806938171387,0.0,,,,,,,,,,,,,,,,
325,0.928045392036438,-0.3535945415496826,0.003919858019798994,0.0038601933047175407,6.321542400655744e-07,0.9202118515968323,0.920317530632019,0.0,0.00010714128438849002,0.0,0.0,0.8610503673553467,0.0,,,,,,,,,,,,,,,,
326,0.9279237985610962,-0.35759299993515015,0.003924778196960688,0.003952435217797756,4.039744112560584e-07,0.9201048016548157,0.919987678527832,0.0,0.00013225919974502176,0.0,0.0,0.8748642802238464,0.0,,,,,,,,,,,,,,,,
327,0.92793869972229,-0.3582019805908203,0.003938131500035524,0.0039230333641171455,1.246187707693025e-06,0.9200872182846069,0.9200654029846191,0.0,0.0001662408612901345,0.0,0.0,0.8751266598701477,0.0,,,,,,,,,,,,,,,,
328,0.9278380274772644,-0.3581644296646118,0.004029410891234875,0.003953243605792522,9.070969326785416e-07,0.9197960495948792,0.9199128746986389,0.0,6.608489638892934e-05,0.0,0.0,0.8792063593864441,0.0,,,,,,,,,,,,,,,,
329,0.9279043674468994,-0.3542221784591675,0.00410706689581275,0.003986108582466841,5.567904395320511e-07,0.9197043180465698,0.9199170470237732,0.0,3.967358497902751e-05,0.0,0.0,0.864249587059021,0.0,,,,,,,,,,,,,,,,
330,0.9278398156166077,-0.35401758551597595,0.003962147049605846,0.003882241901010275,7.90631304425915e-07,0.9199284911155701,0.9200608134269714,0.0,0.00012456074182409793,0.0,0.0,0.8785072565078735,0.0,,,,,,,,,,,,,,,,
331,0.9279100298881531,-0.35787758231163025,0.003867089981213212,0.003849632805213332,4.912537292511843e-07,0.920193076133728,0.9201926589012146,0.0,4.2259765905328095e-05,0.0,0.0,0.8582778573036194,0.0,,,,,,,,,,,,,,,,
332,0.9278988838195801,-0.3615706264972687,0.003923902753740549,0.00386129692196846,6.964573913137428e-07,0.9200620651245117,0.9201639294624329,0.0,4.100688238395378e-05,0.0,0.0,0.8820891976356506,0.0,,,,,,,,,,,,,,,,
333,0.9278393387794495,-0.36258575320243835,0.004011355806142092,0.003971443511545658,3.7762029592158797e-07,0.9198284149169922,0.9198839068412781,0.0,5.6461769418092445e-05,0.0,0.0,0.8530787229537964,0.0,,,,,,,,,,,,,,,,
334,0.9279026389122009,-0.36107856035232544,0.003935369662940502,0.0039137681014835835,7.324733815039508e-07,0.9200683832168579,0.9200372099876404,0.0,7.642389391548932e-05,0.0,0.0,0.86741703748703,0.0,,,,,,,,,,,,,,,,
335,0.927945077419281,-0.36321401596069336,0.0038772043772041798,0.003877690527588129,3.1604120067640906e-06,0.9201957583427429,0.9201781749725342,0.0,7.756004924885929e-05,0.0,0.0,0.866494357585907,0.0,,,,,,,,,,,,,,,,
336,0.9278954863548279,-0.3626943528652191,0.003950812853872776,0.003912993706762791,5.531757665266923e-07,0.9200041890144348,0.9200580716133118,0.0,7.426838419632986e-05,0.0,0.0,0.8672603368759155,0.0,,,,,,,,,,,,,,,,
337,0.927984356880188,-0.3657815754413605,0.0038365237414836884,0.0038129021413624287,3.365128975474363e-07,0.9203141331672668,0.920354962348938,0.0,0.0001138820152846165,0.0,0.0,0.8722691535949707,0.0,,,,,,,,,,,,,,,,
338,0.9279164671897888,-0.36599966883659363,0.004052203614264727,0.004066401161253452,2.1319492589100264e-06,0.9198126792907715,0.9197788238525391,0.0,0.0001297772687394172,0.0,0.0,0.8648805618286133,0.0,,,,,,,,,,,,,,,,
339,0.9278742671012878,-0.3639642298221588,0.003920582123100758,0.003886854974552989,9.905030537993298e-07,0.9200468063354492,0.9200848340988159,0.0,9.13109615794383e-05,0.0,0.0,0.8720725178718567,0.0,,,,,,,,,,,,,,,,
340,0.9280862212181091,-0.36544913053512573,0.003935701213777065,0.0039476812817156315,3.2500730640094844e-07,0.9202431440353394,0.9201619029045105,0.0,9.425720782019198e-05,0.0,0.0,0.8742668032646179,0.0,,,,,,,,,,,,,,,,
341,0.9278422594070435,-0.36497703194618225,0.003828783519566059,0.003800195874646306,1.0294913863617694e-06,0.9202055335044861,0.9202190041542053,0.0,4.084011015947908e-05,0.0,0.0,0.8629610538482666,0.0,,,,,,,,,,,,,,,,
342,0.9279234409332275,-0.3668150305747986,0.003916766494512558,0.0038731510285288095,8.122245844788267e-07,0.920109212398529,0.9201561808586121,0.0,0.000102851445262786,0.0,0.0,0.8518410325050354,0.0,,,,,,,,,,,,,,,,
343,0.9280406832695007,-0.3694167733192444,0.0038783736526966095,0.0038433962035924196,5.198891699365049e-07,0.9203095436096191,0.9203272461891174,0.0,7.786100468365476e-05,0.0,0.0,0.8654345273971558,0.0,,,,,,,,,,,,,,,,
344,0.9279466271400452,-0.37197211384773254,0.0039756763726472855,0.003940147813409567,6.657883204752579e-07,0.9200069308280945,0.9200533628463745,0.0,9.236925689037889e-05,0.0,0.0,0.8655194044113159,0.0,,,,,,,,,,,,,,,,
345,0.9279494285583496,-0.37446868419647217,0.0038168581668287516,0.003814475145190954,3.0541855267074425e-07,0.9203217029571533,0.9203137755393982,0.0,6.344659050228074e-05,0.0,0.0,0.8697062730789185,0.0,,,,,,,,,,,,,,,,
346,0.9279660582542419,-0.37381264567375183,0.003929448779672384,0.003863831516355276,3.850157099805074e-07,0.9200959205627441,0.9202488660812378,0.0,0.00013835090794600546,0.0,0.0,0.8566215634346008,0.0,,,,,,,,,,,,,,,,
347,0.927951991558075,-0.3722600042819977,0.003925541415810585,0.003936706110835075,6.235264891074621e-07,0.9201115965843201,0.9200665950775146,0.0,8.161665755324066e-05,0.0,0.0,0.8449726104736328,0.0,,,,,,,,,,,,,,,,
348,0.9279726147651672,-0.37064802646636963,0.0038755929563194513,0.003844641847535968,4.6856189328536857e-07,0.9202572107315063,0.9202466011047363,0.0,8.855891064740717e-05,0.0,0.0,0.852904200553894,0.0,,,,,,,,,,,,,,,,
349,0.927898645401001,-0.3710576593875885,0.003943194635212421,0.003916515037417412,2.2026937074315356e-07,0.9200280904769897,0.9200493693351746,0.0,9.391769708599895e-05,0.0,0.0,0.849685549736023,0.0,,,,,,,,,,,,,,,,
350,0.9278945326805115,-0.3727852702140808,0.003972349222749472,0.004011071752756834,2.9978508564454387e-07,0.9199718832969666,0.9198497533798218,0.0,0.00013905913510825485,0.0,0.0,0.8523561954498291,0.0,,,,,,,,,,,,,,,,
351,0.9280061721801758,-0.376766175031662,0.00396638223901391,0.003930232021957636,4.13058813819589e-07,0.920080304145813,0.9201379418373108,0.0,6.70871086185798e-05,0.0,0.0,0.8673321604728699,0.0,,,,,,,,,,,,,,,,
352,0.9278327822685242,-0.37669068574905396,0.003934034612029791,0.003913348540663719,4.4190954895384493e-07,0.9199653267860413,0.9200045466423035,0.0,0.00010796517744893208,0.0,0.0,0.86281818151474,0.0,,,,,,,,,,,,,,,,
353,0.9279199838638306,-0.3784968852996826,0.004019759129732847,0.003963545896112919,3.2938891081357724e-07,0.9199123978614807,0.9199603199958801,0.0,8.740230987314135e-05,0.0,0.0,0.841460645198822,0.0,,,,,,,,,,,,,,,,
354,0.9279928207397461,-0.3770461082458496,0.004000798333436251,0.003995425533503294,3.9697917486591905e-07,0.9199948310852051,0.9199975728988647,0.0,7.11285974830389e-05,0.0,0.0,0.8312574625015259,0.0,,,,,,,,,,,,,,,,
355,0.9278377890586853,-0.37824997305870056,0.00406752061098814,0.0040240902453660965,1.665116769800079e-06,0.9197031855583191,0.9197857975959778,0.0,5.169920768821612e-05,0.0,0.0,0.8418252468109131,0.0,,,,,,,,,,,,,,,,
356,0.9278355240821838,-0.3795056641101837,0.003996351268142462,0.0038996818475425243,3.762727089906548e-07,0.9198578000068665,0.9200204014778137,0.0,8.993596566142514e-05,0.0,0.0,0.8333228230476379,0.0,,,,,,,,,,,,,,,,
357,0.9279527068138123,-0.3815532922744751,0.003897810820490122,0.0038913260214030743,2.2222046425213193e-07,0.9201746582984924,0.9201520085334778,0.0,9.667482663644478e-05,0.0,0.0,0.8454160094261169,0.0,,,,,,,,,,,,,,,,
358,0.9279641509056091,-0.38288357853889465,0.0038828568067401648,0.00389053113758564,3.150378802274645e-07,0.9201813340187073,0.9201996326446533,0.0,8.814670582069084e-05,0.0,0.0,0.8493613600730896,0.0,,,,,,,,,,,,,,,,
359,0.9279254078865051,-0.3808715343475342,0.0038473280146718025,0.003839807817712426,5.981270305710495e-07,0.9202370643615723,0.9202382564544678,0.0,6.716081406921148e-05,0.0,0.0,0.8468309640884399,0.0,,,,,,,,,,,,,,,,
360,0.9279351234436035,-0.38171887397766113,0.0038182390853762627,0.0038481310475617647,2.2881572192545718e-07,0.9203202724456787,0.9202167987823486,0.0,0.00013749765639659017,0.0,0.0,0.8419994115829468,0.0,,,,,,,,,,,,,,,,
361,0.927899956703186,-0.3838755190372467,0.0038052406162023544,0.003781188279390335,2.2636083940597018e-07,0.9203327298164368,0.9202938675880432,0.0,0.00011768347030738369,0.0,0.0,0.8492398262023926,0.0,,,,,,,,,,,,,,,,
362,0.9278987646102905,-0.3861529231071472,0.003943116404116154,0.0039142281748354435,4.5909169443802966e-07,0.9200317859649658,0.9200502038002014,0.0,0.00010757728887256235,0.0,0.0,0.8611670732498169,0.0,,,,,,,,,,,,,,,,
363,0.9279059767723083,-0.3879640996456146,0.0038456206675618887,0.0038174025248736143,3.2272470207317383e-07,0.9202384352684021,0.9202467799186707,0.0,4.519751382758841e-05,0.0,0.0,0.8499677181243896,0.0,,,,,,,,,,,,,,,,
364,0.9278824329376221,-0.38734567165374756,0.003880215110257268,0.0038005125243216753,2.2624837470175407e-07,0.920164942741394,0.9202380180358887,0.0,0.000171681895153597,0.0,0.0,0.8486309051513672,0.0,,,,,,,,,,,,,,,,
365,0.9280189871788025,-0.38724392652511597,0.003980159759521484,0.0039018415845930576,1.1656414926619618e-06,0.9200759530067444,0.9201956391334534,0.0,8.352046279469505e-05,0.0,0.0,0.8570483326911926,0.0,,,,,,,,,,,,,,,,
366,0.9278396964073181,-0.38374197483062744,0.003971008583903313,0.003903667675331235,4.441184557890665e-07,0.9199333786964417,0.9199957847595215,0.0,0.00010891385318245739,0.0,0.0,0.8659728169441223,0.0,,,,,,,,,,,,,,,,
367,0.9279400110244751,-0.3866131901741028,0.003964640665799379,0.003907900303602219,6.631381666011293e-07,0.92002934217453,0.9201042652130127,0.0,9.342803969047964e-05,0.0,0.0,0.8523094058036804,0.0,,,,,,,,,,,,,,,,
368,0.9278635382652283,-0.3907143175601959,0.003914586268365383,0.0038612722419202328,3.229897629353218e-07,0.9200522899627686,0.9201224446296692,0.0,9.82818310149014e-05,0.0,0.0,0.8534180521965027,0.0,,,,,,,,,,,,,,,,
369,0.9278871417045593,-0.39195919036865234,0.004076523706316948,0.004060066770762205,2.3068443510965153e-07,0.9197366833686829,0.91976398229599,0.0,0.00010273911175318062,0.0,0.0,0.8402674794197083,0.0,,,,,,,,,,,,,,,,
370,0.9279489517211914,-0.39124831557273865,0.003947087563574314,0.003940648399293423,2.8213545988364785e-07,0.9200657606124878,0.9200561046600342,0.0,8.66575792315416e-05,0.0,0.0,0.8553299307823181,0.0,,,,,,,,,,,,,,,,
371,0.9279654622077942,-0.392771452665329,0.0039095040410757065,0.003911578096449375,5.521399089047918e-07,0.9201335310935974,0.9201542139053345,0.0,0.00013835466234013438,0.0,0.0,0.8447914719581604,0.0,,,,,,,,,,,,,,,,
372,0.9280167818069458,-0.3961793780326843,0.0039536477997899055,0.00395197095349431,9.316678415416391e-07,0.9201337099075317,0.920086681842804,0.0,9.832606883719563e-05,0.0,0.0,0.8472124338150024,0.0,,,,,,,,,,,,,,,,
373,0.9278815984725952,-0.39740023016929626,0.004002621863037348,0.004005908966064453,1.6062986674114654e-07,0.9198853373527527,0.9198603630065918,0.0,8.763303776504472e-05,0.0,0.0,0.8448438048362732,0.0,,,,,,,,,,,,,,,,
374,0.9277588725090027,-0.39570924639701843,0.0040234895423054695,0.004032287746667862,2.2988679404534196e-07,0.9197344779968262,0.9196712374687195,0.0,3.753772398340516e-05,0.0,0.0,0.8484895825386047,0.0,,,,,,,,,,,,,,,,
375,0.9279207587242126,-0.39479032158851624,0.003986812196671963,0.003957666922360659,3.977760343332193e-07,0.9199641346931458,0.919987678527832,0.0,6.788042082916945e-05,0.0,0.0,0.8562635183334351,0.0,,,,,,,,,,,,,,,,
376,0.9279661178588867,-0.395181804895401,0.003838272299617529,0.0038076969794929028,2.2757295425890334e-07,0.9203265905380249,0.9203131794929504,0.0,6.348700117086992e-05,0.0,0.0,0.8509994149208069,0.0,,,,,,,,,,,,,,,,
377,0.9279528260231018,-0.3964708149433136,0.003925518598407507,0.003962679300457239,5.180993980502535e-07,0.9200978875160217,0.9200302958488464,0.0,0.00013092055451124907,0.0,0.0,0.8586190938949585,0.0,,,,,,,,,,,,,,,,
378,0.9278221726417542,-0.4001608192920685,0.00384319294244051,0.003810303285717964,2.5045389406841423e-07,0.9201484322547913,0.920188307762146,0.0,9.301087993662804e-05,0.0,0.0,0.8564633727073669,0.0,,,,,,,,,,,,,,,,
379,0.9278690218925476,-0.40226367115974426,0.00393045274540782,0.003918205387890339,2.8727697554131737e-07,0.9200096726417542,0.9200304746627808,0.0,9.183788642985746e-05,0.0,0.0,0.8690698742866516,0.0,,,,,,,,,,,,,,,,
380,0.92796391248703,-0.40032994747161865,0.0038989793974906206,0.003886226564645767,3.1569359748573333e-07,0.9201781153678894,0.9201787710189819,0.0,0.00012695637997239828,0.0,0.0,0.8672715425491333,0.0,,,,,,,,,,,,,,,,
381,0.9277657866477966,-0.3992518186569214,0.003953996580094099,0.0039030611515045166,3.1106904430089344e-07,0.9198874831199646,0.9199293255805969,0.0,5.877077273908071e-05,0.0,0.0,0.8707918524742126,0.0,,,,,,,,,,,,,,,,
382,0.9278064966201782,-0.39984411001205444,0.0039101243019104,0.0038486497942358255,2.586869243259571e-07,0.9199740886688232,0.9201208353042603,0.0,1.1928681260542362e-06,0.0,0.0,0.8732129335403442,0.0,,,,,,,,,,,,,,,,
383,0.9278975129127502,-0.4039294123649597,0.003880735719576478,0.0038839331828057766,1.3783519534626976e-06,0.920147716999054,0.9201151728630066,0.0,6.119583849795163e-05,0.0,0.0,0.8814888596534729,0.0,,,,,,,,,,,,,,,,
384,0.9278826117515564,-0.40536558628082275,0.004044563043862581,0.0040260981768369675,6.798445610911585e-07,0.9198192358016968,0.919803261756897,0.0,6.372827920131385e-05,0.0,0.0,0.8653182983398438,0.0,,,,,,,,,,,,,,,,
385,0.9278320074081421,-0.4037940800189972,0.004011946730315685,0.003968427423387766,1.3911278529121773e-06,0.9198295474052429,0.9198708534240723,0.0,7.312353409361094e-05,0.0,0.0,0.8855931758880615,0.0,,,,,,,,,,,,,,,,
386,0.9279205799102783,-0.40538010001182556,0.0039032113272696733,0.003909465856850147,1.589880440633351e-07,0.9201151728630066,0.9201003313064575,0.0,6.229140126379207e-05,0.0,0.0,0.8748553991317749,0.0,,,,,,,,,,,,,,,,
387,0.9279431104660034,-0.40767619013786316,0.003945444244891405,0.003911484498530626,1.8512369592826872e-07,0.9200665354728699,0.9201053977012634,0.0,1.5752245872135973e-06,0.0,0.0,0.8626614212989807,0.0,,,,,,,,,,,,,,,,
388,0.9278145432472229,-0.4076746106147766,0.003978284075856209,0.003885251935571432,5.034372065892967e-07,0.9198931455612183,0.9200077652931213,0.0,4.7121742682065815e-05,0.0,0.0,0.8706311583518982,0.0,,,,,,,,,,,,,,,,
389,0.9278454184532166,-0.40646490454673767,0.00386284152045846,0.0038617278914898634,1.2817096717299137e-07,0.9201240539550781,0.9201173782348633,0.0,6.414446397684515e-05,0.0,0.0,0.8582074046134949,0.0,,,,,,,,,,,,,,,,
390,0.927749514579773,-0.40577271580696106,0.003902594791725278,0.0038564582355320454,6.128618110778916e-07,0.9199508428573608,0.9200287461280823,0.0,4.1342067561345175e-05,0.0,0.0,0.8722550868988037,0.0,,,,,,,,,,,,,,,,
391,0.9278281331062317,-0.40861284732818604,0.003883332945406437,0.003896587062627077,1.2381478597944806e-07,0.9200636744499207,0.9200325012207031,0.0,0.00011993919179076329,0.0,0.0,0.8678755760192871,0.0,,,,,,,,,,,,,,,,
392,0.9277745485305786,-0.41177475452423096,0.003906425554305315,0.0038838586769998074,1.9348327384705044e-07,0.9199599623680115,0.92000812292099,0.0,7.362139876931906e-05,0.0,0.0,0.8830295205116272,0.0,,,,,,,,,,,,,,,,
393,0.9278769493103027,-0.4136849343776703,0.003962412476539612,0.003980221226811409,3.9614292290934827e-07,0.9199514985084534,0.9199163913726807,0.0,5.664080526912585e-05,0.0,0.0,0.8712106943130493,0.0,,,,,,,,,,,,,,,,
394,0.9279312491416931,-0.41328415274620056,0.004025167319923639,0.004031008575111628,1.6786152912118268e-07,0.9198825359344482,0.9198672771453857,0.0,4.2678817408159375e-05,0.0,0.0,0.8791578412055969,0.0,,,,,,,,,,,,,,,,
395,0.9280123710632324,-0.41203829646110535,0.00393078476190567,0.003882134333252907,4.2077363104908727e-07,0.9201648235321045,0.9202332496643066,0.0,8.655602141516283e-05,0.0,0.0,0.8738425374031067,0.0,,,,,,,,,,,,,,,,
396,0.9278241991996765,-0.41099801659584045,0.003999991808086634,0.003898927476257086,8.457603684064452e-08,0.9198430776596069,0.9200074076652527,0.0,9.001054422697052e-05,0.0,0.0,0.8739312887191772,0.0,,,,,,,,,,,,,,,,
397,0.9277721047401428,-0.41682857275009155,0.003942558076232672,0.003926287405192852,7.033533506728418e-07,0.9198775887489319,0.9199275374412537,0.0,5.6579352531116456e-05,0.0,0.0,0.8668714761734009,0.0,,,,,,,,,,,,,,,,
398,0.9277682304382324,-0.41535577178001404,0.003856501542031765,0.003823214676231146,2.1227073432328325e-07,0.9200485348701477,0.9201280474662781,0.0,0.00010638893581926823,0.0,0.0,0.87238609790802,0.0,,,,,,,,,,,,,,,,
399,0.9279037714004517,-0.41605788469314575,0.003906977828592062,0.003920137882232666,9.021347864290874e-07,0.9201182723045349,0.9200332760810852,0.0,9.926853817887604e-05,0.0,0.0,0.8693301677703857,0.0,,,,,,,,,,,,,,,,
400,0.9279017448425293,-0.4152841866016388,0.0038594852667301893,0.003850115230306983,1.3448550362227252e-06,0.920192301273346,0.9201893210411072,0.0,9.72111665760167e-05,0.0,0.0,0.8757049441337585,0.0,,,,,,,,,,,,,,,,
401,0.9278587698936462,-0.41710275411605835,0.003917866852134466,0.0038927909918129444,2.51819216146032e-07,0.9200279712677002,0.9200677871704102,0.0,7.833699055481702e-05,0.0,0.0,0.8521211743354797,0.0,,,,,,,,,,,,,,,,
402,0.9277786016464233,-0.41733798384666443,0.0037735593505203724,0.0037514909636229277,2.078549869111157e-06,0.9202387928962708,0.9202641844749451,0.0,3.510469832690433e-05,0.0,0.0,0.8676131963729858,0.0,,,,,,,,,,,,,,,,
403,0.9279429912567139,-0.41846147179603577,0.003928561229258776,0.0039098747074604034,5.586090878750838e-07,0.920078456401825,0.9201294779777527,0.0,6.339303217828274e-05,0.0,0.0,0.8746124505996704,0.0,,,,,,,,,,,,,,,,
404,0.9278126358985901,-0.42115262150764465,0.0039576455019414425,0.003932226449251175,4.87637557000653e-08,0.919898509979248,0.9199468493461609,0.0,0.00012452967348508537,0.0,0.0,0.8691561222076416,0.0,,,,,,,,,,,,,,,,
405,0.9278555512428284,-0.42079514265060425,0.004064960405230522,0.004008762072771788,6.119917088653892e-07,0.9197530746459961,0.9198093414306641,0.0,8.548705227440223e-05,0.0,0.0,0.848298966884613,0.0,,,,,,,,,,,,,,,,
406,0.9279219508171082,-0.42035120725631714,0.004041082225739956,0.004034379497170448,6.728991053250866e-08,0.919832170009613,0.9198606610298157,0.0,4.774553599418141e-05,0.0,0.0,0.8459514379501343,0.0,,,,,,,,,,,,,,,,
407,0.9278714060783386,-0.422037810087204,0.004078724421560764,0.004081270191818476,7.590509767396725e-07,0.9196986556053162,0.9197225570678711,0.0,0.00014709075912833214,0.0,0.0,0.8703504204750061,0.0,,,,,,,,,,,,,,,,
408,0.9279432892799377,-0.42224615812301636,0.003911265172064304,0.0038921909872442484,1.137319571853368e-07,0.9201510548591614,0.9201284050941467,0.0,9.303131810156628e-05,0.0,0.0,0.8489671349525452,0.0,,,,,,,,,,,,,,,,
409,0.9278358221054077,-0.4259689748287201,0.00393978226929903,0.003908835351467133,3.6681459647525116e-08,0.9199712872505188,0.9200029969215393,0.0,7.046670361887664e-05,0.0,0.0,0.8539849519729614,0.0,,,,,,,,,,,,,,,,
410,0.9279187321662903,-0.4252347946166992,0.003959733061492443,0.003907803446054459,2.6662393182164124e-08,0.9200083017349243,0.9200940132141113,0.0,7.017332973191515e-05,0.0,0.0,0.851648211479187,0.0,,,,,,,,,,,,,,,,
411,0.9278661012649536,-0.4219001233577728,0.003953729290515184,0.003931961487978697,7.484971433768806e-07,0.9199586510658264,0.9200006127357483,0.0,8.364291716134176e-05,0.0,0.0,0.8570172786712646,0.0,,,,,,,,,,,,,,,,
412,0.9278844594955444,-0.4242545962333679,0.0038689924404025078,0.003840421326458454,1.785898007256037e-07,0.9201482534408569,0.9202013611793518,0.0,3.1988092814572155e-05,0.0,0.0,0.8652742505073547,0.0,,,,,,,,,,,,,,,,
413,0.9278607964515686,-0.4238806962966919,0.00394250126555562,0.0038849120028316975,2.5451619478644716e-08,0.9200018048286438,0.9200648069381714,0.0,3.4728054743027315e-05,0.0,0.0,0.8517488241195679,0.0,,,,,,,,,,,,,,,,
414,0.9278938174247742,-0.4274449646472931,0.003857505042105913,0.0038769091479480267,2.0999417316147628e-08,0.9201827049255371,0.9201360940933228,0.0,1.715888356557116e-05,0.0,0.0,0.8572673797607422,0.0,,,,,,,,,,,,,,,,
415,0.927855372428894,-0.42844638228416443,0.003988760057836771,0.004021103959530592,3.351154731490169e-08,0.9198636412620544,0.9198272228240967,0.0,7.549594738520682e-05,0.0,0.0,0.8586561679840088,0.0,,,,,,,,,,,,,,,,
416,0.9279292225837708,-0.42555248737335205,0.003980030305683613,0.00394838722422719,7.613454755528437e-08,0.9200085401535034,0.9199929237365723,0.0,2.120330827892758e-05,0.0,0.0,0.8667434453964233,0.0,,,,,,,,,,,,,,,,
417,0.9279157519340515,-0.4286048412322998,0.0038393372669816017,0.0038253101520240307,1.9334692069605808e-07,0.9202572703361511,0.920244574546814,0.0,1.322958098626259e-07,0.0,0.0,0.8721187114715576,0.0,,,,,,,,,,,,,,,,
418,0.9278444647789001,-0.4326382577419281,0.0038845909293740988,0.003958006855100393,1.4611913456974435e-07,0.9200727343559265,0.9199306964874268,0.0,0.00010557418136158958,0.0,0.0,0.8604190349578857,0.0,,,,,,,,,,,,,,,,
419,0.9277969598770142,-0.43482905626296997,0.004008622374385595,0.003991511184722185,1.1774326225122422e-07,0.9198006391525269,0.9197927117347717,0.0,5.9289428463671356e-05,0.0,0.0,0.8728992342948914,0.0,,,,,,,,,,,,,,,,
420,0.9279081225395203,-0.43354061245918274,0.003992845769971609,0.004040710628032684,1.5693331079091877e-08,0.919926106929779,0.9198229908943176,0.0,7.386664947262034e-05,0.0,0.0,0.8700786232948303,0.0,,,,,,,,,,,,,,,,
421,0.9279647469520569,-0.43059438467025757,0.003985724411904812,0.004027325659990311,3.9927478212575807e-08,0.9199617505073547,0.9199416041374207,0.0,8.443447586614639e-05,0.0,0.0,0.8674221634864807,0.0,,,,,,,,,,,,,,,,
422,0.9279823899269104,-0.43369296193122864,0.004012336488813162,0.003972669597715139,2.288618894397132e-08,0.9199849367141724,0.9200096726417542,0.0,6.379883416229859e-05,0.0,0.0,0.8776596188545227,0.0,,,,,,,,,,,,,,,,
423,0.9278544187545776,-0.4362684488296509,0.004053329583257437,0.004022893495857716,2.1288347795689333e-07,0.9197457432746887,0.9198101758956909,0.0,7.188387826317921e-05,0.0,0.0,0.8659000992774963,0.0,,,,,,,,,,,,,,,,
424,0.9278832077980042,-0.43682846426963806,0.0038577159866690636,0.0038053332827985287,2.5876440545857804e-08,0.9201846718788147,0.9202556014060974,0.0,6.785096047678962e-05,0.0,0.0,0.885040283203125,0.0,,,,,,,,,,,,,,,,
425,0.9278274774551392,-0.43584707379341125,0.004034857265651226,0.003984615672379732,2.2096317309205915e-07,0.9197520613670349,0.9198634624481201,0.0,6.432749796658754e-05,0.0,0.0,0.8757431507110596,0.0,,,,,,,,,,,,,,,,
426,0.9278045892715454,-0.43636006116867065,0.00408483250066638,0.004054472781717777,9.020789093483472e-08,0.9196313619613647,0.9196990132331848,0.0,0.00011811109288828447,0.0,0.0,0.8794456720352173,0.0,,,,,,,,,,,,,,,,
427,0.9277616739273071,-0.4359021484851837,0.00396572845056653,0.00391565915197134,1.5377635520508193e-07,0.9198389649391174,0.919921338558197,0.0,6.237612979020923e-05,0.0,0.0,0.8611789345741272,0.0,,,,,,,,,,,,,,,,
428,0.9279530644416809,-0.4397646188735962,0.003947736695408821,0.003923515789210796,8.965933488980227e-07,0.9200584888458252,0.9201033115386963,0.0,7.324547914322466e-05,0.0,0.0,0.8579391241073608,0.0,,,,,,,,,,,,,,,,
429,0.9278191924095154,-0.439338356256485,0.0039207604713737965,0.0038487310521304607,4.637791040096317e-09,0.9200016260147095,0.9200976490974426,0.0,9.120106551563367e-05,0.0,0.0,0.8537524342536926,0.0,,,,,,,,,,,,,,,,
430,0.927854597568512,-0.4408949911594391,0.003959333524107933,0.003929780796170235,1.805082945338654e-07,0.9199540615081787,0.9199765920639038,0.0,0.00011093941429862753,0.0,0.0,0.8534807562828064,0.0,,,,,,,,,,,,,,,,
431,0.9278678894042969,-0.44227343797683716,0.003903747769072652,0.003819203469902277,9.682923796106024e-09,0.9200825095176697,0.9202072620391846,0.0,7.332249515457079e-05,0.0,0.0,0.858216404914856,0.0,,,,,,,,,,,,,,,,
432,0.9279048442840576,-0.4437469244003296,0.003842598292976618,0.0038628666661679745,3.8413215719401705e-08,0.9202225208282471,0.9201761484146118,0.0,5.7659704907564446e-05,0.0,0.0,0.854378342628479,0.0,,,,,,,,,,,,,,,,
433,0.9278311133384705,-0.44254642724990845,0.0038887730333954096,0.003862850135192275,8.799333386377839e-07,0.9200626015663147,0.9200947284698486,0.0,3.5448949347482994e-05,0.0,0.0,0.8592849373817444,0.0,,,,,,,,,,,,,,,,
434,0.9277824759483337,-0.43991008400917053,0.003961441107094288,0.003915570676326752,9.437173265069987e-10,0.9198779463768005,0.919933021068573,0.0,7.109621947165579e-05,0.0,0.0,0.8458218574523926,0.0,,,,,,,,,,,,,,,,
435,0.9278919696807861,-0.4403369128704071,0.003877440933138132,0.0038896354380995035,2.813756871944406e-08,0.9201379418373108,0.9201117753982544,0.0,4.614440331351943e-05,0.0,0.0,0.8609653115272522,0.0,,,,,,,,,,,,,,,,
436,0.9278452396392822,-0.44738397002220154,0.004013183061033487,0.004021034110337496,5.895174481906906e-08,0.9198371171951294,0.9197847843170166,0.0,7.407431257888675e-05,0.0,0.0,0.8721628785133362,0.0,,,,,,,,,,,,,,,,
437,0.9278415441513062,-0.44836217164993286,0.0039324951358139515,0.003927513491362333,7.696235115872696e-08,0.9199749827384949,0.9199879765510559,0.0,8.744084334466606e-05,0.0,0.0,0.8678476214408875,0.0,,,,,,,,,,,,,,,,
438,0.9279410243034363,-0.4484061300754547,0.004075777251273394,0.004010234493762255,6.642545713475556e-08,0.9198082089424133,0.9199016690254211,0.0,7.101536903064698e-05,0.0,0.0,0.8656834959983826,0.0,,,,,,,,,,,,,,,,
439,0.9280344247817993,-0.44461193680763245,0.004003481008112431,0.003957758191972971,8.625696636954672e-07,0.9200447797775269,0.9200998544692993,0.0,9.153079736279324e-05,0.0,0.0,0.8632004857063293,0.0,,,,,,,,,,,,,,,,
440,0.9279457926750183,-0.4452137351036072,0.0038852246943861246,0.0038707847706973553,6.312266123131849e-07,0.920220136642456,0.9201581478118896,0.0,5.451503966469318e-05,0.0,0.0,0.8827675580978394,0.0,,,,,,,,,,,,,,,,
441,0.9277987480163574,-0.44737106561660767,0.004054251126945019,0.003985382150858641,4.5260026837468104e-08,0.9197195768356323,0.9197986125946045,0.0,8.579222776461393e-05,0.0,0.0,0.8718303442001343,0.0,,,,,,,,,,,,,,,,
442,0.9278834462165833,-0.4502183496952057,0.003990151919424534,0.003960032481700182,2.0574816517182626e-08,0.9199047088623047,0.9199618101119995,0.0,1.5436433386639692e-05,0.0,0.0,0.8825475573539734,0.0,,,,,,,,,,,,,,,,
443,0.9278413653373718,-0.4501378536224365,0.003974168095737696,0.003980624955147505,2.1006748340823833e-08,0.9199219346046448,0.9198511242866516,0.0,6.382646824931726e-05,0.0,0.0,0.8694238662719727,0.0,,,,,,,,,,,,,,,,
444,0.9279226064682007,-0.45122650265693665,0.004028210416436195,0.004010926466435194,2.445440543397126e-07,0.9198979139328003,0.9198686480522156,0.0,8.574966341257095e-05,0.0,0.0,0.8743675351142883,0.0,,,,,,,,,,,,,,,,
445,0.9279176592826843,-0.450276255607605,0.003974089398980141,0.003984111361205578,8.485720854878309e-07,0.9199765920639038,0.9199405908584595,0.0,8.48242052597925e-05,0.0,0.0,0.8815363645553589,0.0,,,,,,,,,,,,,,,,
446,0.9278096556663513,-0.45269113779067993,0.0038251213263720274,0.0038103070110082626,7.587699712985341e-08,0.9201660752296448,0.9201821684837341,0.0,9.984825737774372e-05,0.0,0.0,0.8727617859840393,0.0,,,,,,,,,,,,,,,,
447,0.9279050827026367,-0.4550068974494934,0.003904967335984111,0.0038867956027388573,2.500653693005006e-07,0.9201246500015259,0.920101523399353,0.0,9.592887363396585e-05,0.0,0.0,0.8607898354530334,0.0,,,,,,,,,,,,,,,,
448,0.9278910160064697,-0.4536648094654083,0.0040380391292274,0.0040560876950621605,3.926136855625373e-07,0.9198159575462341,0.9197769165039062,0.0,4.431500201462768e-05,0.0,0.0,0.8667652010917664,0.0,,,,,,,,,,,,,,,,
449,0.9279038906097412,-0.4569239020347595,0.0039520105347037315,0.0039421068504452705,1.4470111864284263e-07,0.9199954271316528,0.9200237989425659,0.0,7.534648466389626e-05,0.0,0.0,0.8636181354522705,0.0,,,,,,,,,,,,,,,,
450,0.9278463125228882,-0.4571027457714081,0.0040498641319572926,0.004059396218508482,9.754325702715505e-08,0.91973876953125,0.9197352528572083,0.0,9.618104377295822e-05,0.0,0.0,0.8594889640808105,0.0,,,,,,,,,,,,,,,,
451,0.9279630780220032,-0.4574428200721741,0.003938159439712763,0.003934543114155531,1.8066798190830013e-07,0.9200769662857056,0.9201034307479858,0.0,3.01473010040354e-05,0.0,0.0,0.8553388118743896,0.0,,,,,,,,,,,,,,,,
452,0.9279040694236755,-0.45859676599502563,0.0040368577465415,0.003941462375223637,5.156671818440373e-07,0.9198419451713562,0.9200084805488586,0.0,8.352411532541737e-05,0.0,0.0,0.8682575225830078,0.0,,,,,,,,,,,,,,,,
453,0.9279782772064209,-0.4581594169139862,0.003952815663069487,0.003961289767175913,2.1910447856043902e-07,0.9200716018676758,0.9200563430786133,0.0,8.674681157572195e-05,0.0,0.0,0.8447642922401428,0.0,,,,,,,,,,,,,,,,
454,0.9279083013534546,-0.4586295783519745,0.004007377196103334,0.004026885610073805,1.0836424024773805e-07,0.9198901653289795,0.9198576807975769,0.0,8.45214890432544e-05,0.0,0.0,0.8701717853546143,0.0,,,,,,,,,,,,,,,,
455,0.9278241991996765,-0.4573526084423065,0.003894438501447439,0.003951938822865486,5.5749431737694977e-08,0.9200330972671509,0.9199225306510925,0.0,2.657867116795387e-05,0.0,0.0,0.8698018193244934,0.0,,,,,,,,,,,,,,,,
456,0.9279313683509827,-0.46003735065460205,0.003914169501513243,0.003973621409386396,1.3830514511425918e-08,0.920132040977478,0.9199550747871399,0.0,4.393081326270476e-05,0.0,0.0,0.8632134795188904,0.0,,,,,,,,,,,,,,,,
457,0.9278593063354492,-0.4641624689102173,0.00393763929605484,0.004005057737231255,1.002466589739015e-07,0.9200100898742676,0.9198229908943176,0.0,5.272186899674125e-05,0.0,0.0,0.8690354228019714,0.0,,,,,,,,,,,,,,,,
458,0.9278157353401184,-0.46125078201293945,0.003995209466665983,0.004014700185507536,8.610750512616505e-08,0.919827401638031,0.9197841882705688,0.0,1.0599444067338482e-05,0.0,0.0,0.8704136610031128,0.0,,,,,,,,,,,,,,,,
459,0.9278193712234497,-0.45948144793510437,0.004063364118337631,0.004065143410116434,5.657118329338573e-09,0.9197157025337219,0.919666051864624,0.0,3.9681159250903875e-05,0.0,0.0,0.8634873628616333,0.0,,,,,,,,,,,,,,,,
460,0.9279434680938721,-0.4663306474685669,0.0039751469157636166,0.003952632658183575,8.350527309630706e-07,0.9200132489204407,0.9200164675712585,0.0,6.461116572609171e-05,0.0,0.0,0.8728622794151306,0.0,,,,,,,,,,,,,,,,
461,0.9278688430786133,-0.46823278069496155,0.003908996935933828,0.0039098928682506084,4.386508223319652e-08,0.9200717210769653,0.9200280904769897,0.0,3.696826024679467e-05,0.0,0.0,0.8795443773269653,0.0,,,,,,,,,,,,,,,,
462,0.9279243350028992,-0.46810585260391235,0.0039264848455786705,0.0039304401725530624,1.2976735241920778e-08,0.9200872182846069,0.9200475215911865,0.0,5.690773468813859e-05,0.0,0.0,0.8746832609176636,0.0,,,,,,,,,,,,,,,,
463,0.9277892708778381,-0.46149885654449463,0.003962764050811529,0.003926165401935577,1.7787068884445034e-07,0.9198874235153198,0.9199129939079285,0.0,8.459096534352284e-06,0.0,0.0,0.8723602294921875,0.0,,,,,,,,,,,,,,,,
464,0.9279206395149231,-0.46241462230682373,0.003941308241337538,0.003929945640265942,9.331799901701743e-07,0.9200120568275452,0.9200848340988159,0.0,4.1134680941468105e-05,0.0,0.0,0.8650938868522644,0.0,,,,,,,,,,,,,,,,
465,0.927972137928009,-0.4676506221294403,0.0037391388323158026,0.0037344475276768208,6.785078277005141e-09,0.9204925894737244,0.9205045104026794,0.0,1.5583591448375955e-05,0.0,0.0,0.8688173294067383,0.0,,,,,,,,,,,,,,,,
466,0.927842915058136,-0.472130686044693,0.003929756116122007,0.00391039066016674,9.208886098122093e-08,0.9199845790863037,0.9200208187103271,0.0,3.815882882918231e-05,0.0,0.0,0.862704873085022,0.0,,,,,,,,,,,,,,,,
467,0.9279086589813232,-0.47016483545303345,0.003919404931366444,0.003945521079003811,2.793510667231658e-08,0.9200668334960938,0.9200206398963928,0.0,7.40649484214373e-05,0.0,0.0,0.8628720641136169,0.0,,,,,,,,,,,,,,,,
468,0.9279420375823975,-0.468263179063797,0.0038796362932771444,0.00384332612156868,5.81313770453562e-08,0.9202067255973816,0.920231282711029,0.0,6.320996180875227e-05,0.0,0.0,0.8531982898712158,0.0,,,,,,,,,,,,,,,,
469,0.9278085827827454,-0.4697101414203644,0.004122234880924225,0.004054620862007141,3.214582733335192e-08,0.9195818901062012,0.9196815490722656,0.0,5.1662438636412844e-05,0.0,0.0,0.8451145887374878,0.0,,,,,,,,,,,,,,,,
470,0.9278970956802368,-0.4725680947303772,0.0040297918021678925,0.003979681991040707,5.67489202296656e-08,0.9198473691940308,0.9199276566505432,0.0,5.617675014946144e-06,0.0,0.0,0.8683496117591858,0.0,,,,,,,,,,,,,,,,
471,0.9279487729072571,-0.47354114055633545,0.004111198708415031,0.004041340202093124,1.1252674880779523e-07,0.9197283387184143,0.9198638796806335,0.0,9.739147935761139e-05,0.0,0.0,0.8660936951637268,0.0,,,,,,,,,,,,,,,,
472,0.9278727173805237,-0.47204500436782837,0.004110089503228664,0.004041897598654032,1.8586904104722635e-07,0.9196662902832031,0.9197748303413391,0.0,8.750889537623152e-05,0.0,0.0,0.8751106262207031,0.0,,,,,,,,,,,,,,,,
473,0.9279798269271851,-0.469963401556015,0.004066107794642448,0.004026100039482117,4.05219990895489e-09,0.9198461771011353,0.919929027557373,0.0,7.729452045168728e-05,0.0,0.0,0.8691141605377197,0.0,,,,,,,,,,,,,,,,
474,0.927869439125061,-0.47491952776908875,0.003939405549317598,0.00390598620288074,1.566767480198905e-07,0.9199929237365723,0.9200548529624939,0.0,7.460555934812874e-05,0.0,0.0,0.8635458946228027,0.0,,,,,,,,,,,,,,,,
475,0.9279282689094543,-0.4777304530143738,0.003947029355913401,0.003921019844710827,3.791314995282846e-08,0.9200497269630432,0.9200705289840698,0.0,9.769806638360023e-05,0.0,0.0,0.867578387260437,0.0,,,,,,,,,,,,,,,,
476,0.9279347658157349,-0.4793733060359955,0.003968855366110802,0.00392185989767313,9.130080513841676e-08,0.9200150966644287,0.9200727343559265,0.0,5.4155720135895535e-05,0.0,0.0,0.8657687306404114,0.0,,,,,,,,,,,,,,,,
477,0.9279541373252869,-0.47715216875076294,0.0039385543204844,0.003905853256583214,1.5036685852010123e-07,0.9200830459594727,0.9201360940933228,0.0,3.603628647397272e-05,0.0,0.0,0.8488032817840576,0.0,,,,,,,,,,,,,,,,
478,0.9278269410133362,-0.4751600921154022,0.003958364482969046,0.003939654678106308,3.8456352058346965e-07,0.9199169278144836,0.9199401140213013,0.0,5.903107739868574e-05,0.0,0.0,0.8795769214630127,0.0,,,,,,,,,,,,,,,,
479,0.9278966188430786,-0.4749685525894165,0.004007317125797272,0.003954141400754452,6.064372826131148e-08,0.919905424118042,0.9199647903442383,0.0,7.994041516212747e-05,0.0,0.0,0.8710255026817322,0.0,,,,,,,,,,,,,,,,
480,0.9278918504714966,-0.47818347811698914,0.003969163633882999,0.003961475100368261,9.651672883137508e-08,0.9199661016464233,0.9199560880661011,0.0,6.005746763548814e-05,0.0,0.0,0.8639724850654602,0.0,,,,,,,,,,,,,,,,
481,0.9278683066368103,-0.48466232419013977,0.004148423671722412,0.004140871111303568,3.467259830358671e-07,0.919583797454834,0.9195735454559326,0.0,7.938325143186375e-05,0.0,0.0,0.8872780799865723,0.0,,,,,,,,,,,,,,,,
482,0.9279446601867676,-0.48334476351737976,0.004072160460054874,0.0041007897816598415,2.89384587404129e-07,0.9198331832885742,0.9197097420692444,0.0,7.693493535043672e-05,0.0,0.0,0.8654678463935852,0.0,,,,,,,,,,,,,,,,
483,0.9279143810272217,-0.4790256917476654,0.004000965040177107,0.004072523210197687,3.5258631214674097e-07,0.919906497001648,0.9197745323181152,0.0,5.9748374042101204e-05,0.0,0.0,0.8669919371604919,0.0,,,,,,,,,,,,,,,,
484,0.9279667139053345,-0.4799024760723114,0.0038994085043668747,0.003920495044440031,2.013427575775495e-07,0.9201821684837341,0.9201109409332275,0.0,5.730861084884964e-05,0.0,0.0,0.8802076578140259,0.0,,,,,,,,,,,,,,,,
485,0.9278900623321533,-0.48211780190467834,0.00396102387458086,0.003968428820371628,3.6038525763615326e-07,0.9199520349502563,0.9199685454368591,0.0,3.5941180698273456e-08,0.0,0.0,0.8635602593421936,0.0,,,,,,,,,,,,,,,,
486,0.9278635382652283,-0.4846077561378479,0.00406627357006073,0.004046790301799774,1.3574819490713708e-08,0.9197571277618408,0.9197438359260559,0.0,6.865909381303936e-05,0.0,0.0,0.8610804677009583,0.0,,,,,,,,,,,,,,,,
487,0.9278521537780762,-0.48341161012649536,0.0038755799178034067,0.003883369965478778,1.3821110478318133e-08,0.9200938940048218,0.9200924038887024,0.0,7.607170846313238e-05,0.0,0.0,0.8633981943130493,0.0,,,,,,,,,,,,,,,,
488,0.9278715252876282,-0.48334801197052,0.003930310253053904,0.0039326404221355915,1.3156027023342176e-07,0.920019268989563,0.9199976325035095,0.0,5.834966941620223e-05,0.0,0.0,0.8686429262161255,0.0,,,,,,,,,,,,,,,,
489,0.9279094338417053,-0.4856071472167969,0.0040673986077308655,0.003979937173426151,1.9879797363842044e-08,0.9197705388069153,0.9199536442756653,0.0,8.221384632633999e-05,0.0,0.0,0.881069540977478,0.0,,,,,,,,,,,,,,,,
490,0.92795330286026,-0.4867047965526581,0.003973883111029863,0.003887810278683901,2.4548364763177233e-07,0.9200173020362854,0.9201654195785522,0.0,9.002517617773265e-05,0.0,0.0,0.8720095753669739,0.0,,,,,,,,,,,,,,,,
491,0.9279205203056335,-0.4911949336528778,0.004047027323395014,0.004027757328003645,3.920438587101671e-07,0.9198395013809204,0.9198512434959412,0.0,7.626294245710596e-05,0.0,0.0,0.8783450722694397,0.0,,,,,,,,,,,,,,,,
492,0.9279707670211792,-0.4899948239326477,0.004070035647600889,0.004056601785123348,3.238453984977241e-07,0.919832706451416,0.9198549389839172,0.0,6.722514808643609e-05,0.0,0.0,0.8824927806854248,0.0,,,,,,,,,,,,,,,,
493,0.9278644919395447,-0.4859195053577423,0.003960329573601484,0.003980110865086317,2.3916941316315388e-08,0.9199401140213013,0.9199078679084778,0.0,0.00010228264727629721,0.0,0.0,0.8767568469047546,0.0,,,,,,,,,,,,,,,,
494,0.9278677105903625,-0.487240195274353,0.00388982892036438,0.003882037475705147,6.119401518844825e-08,0.9200947880744934,0.920096755027771,0.0,1.2299404261284508e-05,0.0,0.0,0.8790262341499329,0.0,,,,,,,,,,,,,,,,
495,0.9279109239578247,-0.4927680790424347,0.003871508641168475,0.003916231915354729,9.294350888922054e-08,0.9201741814613342,0.920072078704834,0.0,2.3553451683255844e-05,0.0,0.0,0.8759156465530396,0.0,,,,,,,,,,,,,,,,
496,0.9278954863548279,-0.4970487356185913,0.003892213338986039,0.003883413039147854,1.1422190482335282e-07,0.9200957417488098,0.920143723487854,0.0,1.1971992535109166e-05,0.0,0.0,0.8743040561676025,0.0,,,,,,,,,,,,,,,,
497,0.9279115200042725,-0.4952097535133362,0.00399948051199317,0.003986330237239599,7.395510315255649e-10,0.9199123978614807,0.9199389219284058,0.0,6.0258615121711046e-05,0.0,0.0,0.8533459901809692,0.0,,,,,,,,,,,,,,,,
498,0.9278103709220886,-0.4889824092388153,0.003987190779298544,0.003994040656834841,5.8801660429708136e-08,0.9198296070098877,0.9198285341262817,0.0,2.310699892404955e-05,0.0,0.0,0.875521183013916,0.0,,,,,,,,,,,,,,,,
499,0.9279963970184326,-0.4913818836212158,0.003994016908109188,0.004023227375000715,7.762496068153268e-08,0.920011043548584,0.9199471473693848,0.0,4.2773848690558225e-05,0.0,0.0,0.8920028805732727,0.0,,,,,,,,,,,,,,,,
500,0.9279358983039856,-0.4957369267940521,0.004010157193988562,0.003965642303228378,3.077609989077246e-08,0.9199243783950806,0.9199957847595215,0.0,6.486341590061784e-05,0.0,0.0,0.8704983592033386,0.0,,,,,,,,,,,,,,,,
501,0.9279325008392334,-0.49781692028045654,0.003927725832909346,0.003902037860825658,1.1416104506167812e-08,0.9200897812843323,0.9201157093048096,0.0,4.231082129990682e-05,0.0,0.0,0.8743785619735718,0.0,,,,,,,,,,,,,,,,
502,0.9279320240020752,-0.49669986963272095,0.003969482611864805,0.003934269305318594,7.00409259479784e-08,0.9199846982955933,0.9200717806816101,0.0,5.979832712910138e-05,0.0,0.0,0.8806798458099365,0.0,,,,,,,,,,,,,,,,
503,0.9279040694236755,-0.4942060708999634,0.003995528444647789,0.003995097242295742,1.357415957414787e-08,0.9199032783508301,0.9199235439300537,0.0,6.662194209638983e-05,0.0,0.0,0.8862738609313965,0.0,,,,,,,,,,,,,,,,
504,0.9278987646102905,-0.4975467026233673,0.0040307906456291676,0.003996493294835091,5.403451908136958e-08,0.919854998588562,0.919887900352478,0.0,4.70729501103051e-05,0.0,0.0,0.8559551239013672,0.0,,,,,,,,,,,,,,,,
505,0.9277912378311157,-0.5009764432907104,0.004019803833216429,0.003972961101680994,9.451963656204043e-09,0.9197619557380676,0.9198349118232727,0.0,7.401726907119155e-05,0.0,0.0,0.8559585213661194,0.0,,,,,,,,,,,,,,,,
506,0.927925705909729,-0.4986156225204468,0.0040712798945605755,0.004029334522783756,2.1808929773214913e-08,0.9198141098022461,0.9198361039161682,0.0,2.2827063730801456e-05,0.0,0.0,0.8595718741416931,0.0,,,,,,,,,,,,,,,,
507,0.9278462529182434,-0.4980536997318268,0.0038698508869856596,0.003879063529893756,5.417873083501945e-08,0.9201071858406067,0.9200873970985413,0.0,7.796975114615634e-05,0.0,0.0,0.875180721282959,0.0,,,,,,,,,,,,,,,,
508,0.9279173612594604,-0.499499648809433,0.003964695613831282,0.003960242494940758,2.2788843523358082e-07,0.9200074076652527,0.9199770092964172,0.0,1.8317434296477586e-05,0.0,0.0,0.8668836355209351,0.0,,,,,,,,,,,,,,,,
509,0.9279837608337402,-0.505491316318512,0.00391860818490386,0.003948969766497612,2.425098273306503e-07,0.9201470017433167,0.9200848937034607,0.0,7.690213533351198e-05,0.0,0.0,0.8614745736122131,0.0,,,,,,,,,,,,,,,,
510,0.9278715252876282,-0.504944920539856,0.004036755301058292,0.004064023960381746,6.404116792424475e-09,0.9198002815246582,0.9197412133216858,0.0,3.1626063901057933e-06,0.0,0.0,0.8549734354019165,0.0,,,,,,,,,,,,,,,,
511,0.9279880523681641,-0.5005420446395874,0.003962844144552946,0.003974339924752712,1.5237247907862184e-08,0.9200680255889893,0.9200337529182434,0.0,4.339396036812104e-05,0.0,0.0,0.881413459777832,0.0,,,,,,,,,,,,,,,,
512,0.927919864654541,-0.500592052936554,0.004095287993550301,0.00412172032520175,6.632360509684077e-07,0.919731855392456,0.919672429561615,0.0,1.146085704780189e-17,0.0,0.0,0.8689241409301758,0.0,,,,,,,,,,,,,,,,
513,0.9279844760894775,-0.5044088959693909,0.003971694502979517,0.003973201848566532,1.292378897232993e-07,0.9200519323348999,0.9200270175933838,0.0,6.661606312263757e-05,0.0,0.0,0.8628125786781311,0.0,,,,,,,,,,,,,,,,
514,0.9279332756996155,-0.5056509971618652,0.004008755087852478,0.003987255971878767,7.100269705517803e-09,0.9199512004852295,0.9199233651161194,0.0,4.907062975689769e-05,0.0,0.0,0.8917442560195923,0.0,,,,,,,,,,,,,,,,
515,0.9279047846794128,-0.5057013034820557,0.004009799100458622,0.003975930158048868,1.8613805252698512e-07,0.9198720455169678,0.9199657440185547,0.0,5.293974027154036e-05,0.0,0.0,0.8767074346542358,0.0,,,,,,,,,,,,,,,,
516,0.9280009865760803,-0.504097044467926,0.003915656358003616,0.003922014031559229,1.3657738273664677e-09,0.9201664924621582,0.920160174369812,0.0,4.5877219235990196e-05,0.0,0.0,0.8724077939987183,0.0,,,,,,,,,,,,,,,,
517,0.9279301166534424,-0.5063966512680054,0.0038464285898953676,0.0038562866393476725,7.490424391853878e-10,0.9202544689178467,0.9202004075050354,0.0,5.145855902810581e-05,0.0,0.0,0.8666516542434692,0.0,,,,,,,,,,,,,,,,
518,0.9279894828796387,-0.5121974945068359,0.004064795561134815,0.004056349862366915,9.814433710175763e-10,0.9198884963989258,0.9198482036590576,0.0,5.3347488574218005e-05,0.0,0.0,0.8746709227561951,0.0,,,,,,,,,,,,,,,,
519,0.9279406070709229,-0.5083247423171997,0.003983492963016033,0.003992821089923382,7.078755004386039e-08,0.9199734926223755,0.9199548959732056,0.0,3.261172605562024e-05,0.0,0.0,0.8787994384765625,0.0,,,,,,,,,,,,,,,,
520,0.9278662204742432,-0.5043560862541199,0.0039271144196391106,0.003909217659384012,8.52298711606636e-08,0.9200089573860168,0.9200506806373596,0.0,8.437612996203825e-05,0.0,0.0,0.8586147427558899,0.0,,,,,,,,,,,,,,,,
521,0.9279996752738953,-0.5071360468864441,0.003978899214416742,0.004003842826932669,2.0981350701276824e-07,0.9200747609138489,0.9199586510658264,0.0,6.824863521615043e-05,0.0,0.0,0.8548526763916016,0.0,,,,,,,,,,,,,,,,
522,0.9280608892440796,-0.5127430558204651,0.004067440051585436,0.004042754881083965,6.156918086475116e-09,0.9199346303939819,0.9199666976928711,0.0,3.9768921851646155e-05,0.0,0.0,0.8615670204162598,0.0,,,,,,,,,,,,,,,,
523,0.928141176700592,-0.5142374634742737,0.0041405195370316505,0.004079980310052633,9.180810423004004e-08,0.9198803901672363,0.9199607968330383,0.0,6.772676715627313e-05,0.0,0.0,0.858697772026062,0.0,,,,,,,,,,,,,,,,
524,0.9279059171676636,-0.5127323865890503,0.003999424632638693,0.004000658169388771,1.6135327740585126e-08,0.9199028611183167,0.9199088215827942,0.0,1.3065344319329597e-05,0.0,0.0,0.8818200826644897,0.0,,,,,,,,,,,,,,,,
525,0.9279532432556152,-0.5129587054252625,0.003929713740944862,0.0038770975079387426,5.9718261447017085e-09,0.9200895428657532,0.9202032685279846,0.0,8.284088835353032e-05,0.0,0.0,0.8848788142204285,0.0,,,,,,,,,,,,,,,,
526,0.9278546571731567,-0.5144045948982239,0.003924269694834948,0.00393273402005434,9.378773597745749e-07,0.920001745223999,0.9199917316436768,0.0,6.602206121897325e-05,0.0,0.0,0.8824487924575806,0.0,,,,,,,,,,,,,,,,
527,0.9279462695121765,-0.5163741707801819,0.004170294385403395,0.004129098728299141,6.157449092825118e-07,0.9196045398712158,0.9196879267692566,0.0,5.148241689312272e-05,0.0,0.0,0.8607965111732483,0.0,,,,,,,,,,,,,,,,
528,0.9278417229652405,-0.5142201781272888,0.004122498910874128,0.004097617231309414,2.990175929085126e-08,0.9195973873138428,0.9196457266807556,0.0,6.637731712544337e-05,0.0,0.0,0.8736913800239563,0.0,,,,,,,,,,,,,,,,
529,0.9278101921081543,-0.5102114081382751,0.00396259780973196,0.003946146462112665,6.371449501330062e-08,0.9198653101921082,0.9199373722076416,0.0,4.441050623427145e-05,0.0,0.0,0.8753288388252258,0.0,,,,,,,,,,,,,,,,
530,0.9278481602668762,-0.5195584893226624,0.003958591725677252,0.00399015611037612,3.1230385388880677e-07,0.9199047088623047,0.9198935627937317,0.0,1.0402165571576916e-05,0.0,0.0,0.8721156120300293,0.0,,,,,,,,,,,,,,,,
531,0.9279022216796875,-0.5247824192047119,0.003980682231485844,0.003968806006014347,1.6843632044682977e-09,0.9199484586715698,0.9199569821357727,0.0,5.7631561503512785e-05,0.0,0.0,0.8822138905525208,0.0,,,,,,,,,,,,,,,,
532,0.927914023399353,-0.5201125741004944,0.0039940145798027515,0.003983650356531143,2.0293003899496398e-07,0.9199227094650269,0.9199496507644653,0.0,4.8286758101312444e-05,0.0,0.0,0.8837211728096008,0.0,,,,,,,,,,,,,,,,
533,0.9279329776763916,-0.513891875743866,0.003982658963650465,0.003971925470978022,6.766306182015569e-09,0.9199835062026978,0.9199733138084412,0.0,4.491457002586685e-05,0.0,0.0,0.8946533203125,0.0,,,,,,,,,,,,,,,,
534,0.9279373288154602,-0.5142750144004822,0.0038455920293927193,0.003906724974513054,8.214921365379269e-08,0.9202611446380615,0.9201086759567261,0.0,3.1034458515932783e-05,0.0,0.0,0.8772395849227905,0.0,,,,,,,,,,,,,,,,
535,0.9279473423957825,-0.5240752696990967,0.00394688593223691,0.003972503822296858,3.1258977628567663e-07,0.9200537800788879,0.9200013875961304,0.0,5.655836866935715e-05,0.0,0.0,0.8739035725593567,0.0,,,,,,,,,,,,,,,,
536,0.9279789328575134,-0.5301617383956909,0.0039369575679302216,0.003945755306631327,2.7286498394119008e-08,0.9201276898384094,0.9200647473335266,0.0,6.167811807245016e-05,0.0,0.0,0.8920301198959351,0.0,,,,,,,,,,,,,,,,
537,0.9280676245689392,-0.5180573463439941,0.00411979341879487,0.004075583536177874,2.0541268952456448e-07,0.9198399186134338,0.9199042320251465,0.0,4.87694596813526e-05,0.0,0.0,0.8771013617515564,0.0,,,,,,,,,,,,,,,,
538,0.9279201030731201,-0.5132181644439697,0.004016262479126453,0.004007590003311634,5.634445301438973e-07,0.9198880791664124,0.9199033379554749,0.0,6.066392597858794e-05,0.0,0.0,0.8505669832229614,0.0,,,,,,,,,,,,,,,,
539,0.9279526472091675,-0.5197631120681763,0.003954998217523098,0.003978042397648096,1.183007043437101e-07,0.9200210571289062,0.9200180172920227,0.0,3.358019239385612e-05,0.0,0.0,0.8670686483383179,0.0,,,,,,,,,,,,,,,,
540,0.9277448654174805,-0.5289028882980347,0.004038619808852673,0.004013232421129942,3.9282500097215234e-07,0.9196692109107971,0.9197160601615906,0.0,5.16687759954948e-05,0.0,0.0,0.8661658763885498,0.0,,,,,,,,,,,,,,,,
541,0.9279839992523193,-0.5256087183952332,0.004113154020160437,0.004132428672164679,2.1569817931776925e-08,0.9197548627853394,0.9197220206260681,0.0,3.4708566090557724e-05,0.0,0.0,0.8689882755279541,0.0,,,,,,,,,,,,,,,,
542,0.9278922080993652,-0.5234392881393433,0.004007571376860142,0.004016464110463858,1.3475156546149947e-09,0.9198787808418274,0.9198575615882874,0.0,1.0455492116534515e-07,0.0,0.0,0.8676092624664307,0.0,,,,,,,,,,,,,,,,
543,0.92792809009552,-0.5231393575668335,0.003975851461291313,0.003955323249101639,2.3458558473521407e-07,0.9199920892715454,0.9200012683868408,0.0,8.008681470528245e-05,0.0,0.0,0.8632844686508179,0.0,,,,,,,,,,,,,,,,
544,0.927945077419281,-0.5279640555381775,0.00382584729231894,0.0037922796327620745,1.837574870044989e-09,0.9203124642372131,0.9203414916992188,0.0,3.410669160075486e-05,0.0,0.0,0.8540470004081726,0.0,,,,,,,,,,,,,,,,
545,0.9278903603553772,-0.5322204232215881,0.003978303633630276,0.0039924257434904575,7.733172435742119e-10,0.919921338558197,0.9199179410934448,0.0,3.7109606637386605e-05,0.0,0.0,0.8645184636116028,0.0,,,,,,,,,,,,,,,,
546,0.9278686046600342,-0.5313380360603333,0.003916519228368998,0.0038891604635864496,2.795749054484986e-08,0.9200436472892761,0.9200820922851562,0.0,7.961290975799784e-05,0.0,0.0,0.8580673933029175,0.0,,,,,,,,,,,,,,,,
547,0.9279253482818604,-0.5264527797698975,0.003993515856564045,0.003984998911619186,4.828773967346933e-07,0.9199202060699463,0.9199725389480591,0.0,4.9046451749745756e-05,0.0,0.0,0.8762140274047852,0.0,,,,,,,,,,,,,,,,
548,0.9279749393463135,-0.5257105231285095,0.00410202844068408,0.004079097416251898,2.1667722194251837e-07,0.9197861552238464,0.9198011159896851,0.0,0.00010290877253282815,0.0,0.0,0.8842212557792664,0.0,,,,,,,,,,,,,,,,
549,0.9279211163520813,-0.5293511748313904,0.003920002840459347,0.003896481590345502,5.983192274960913e-10,0.9200599193572998,0.9201492667198181,0.0,9.544411295792088e-05,0.0,0.0,0.8947702646255493,0.0,,,,,,,,,,,,,,,,
550,0.9279336333274841,-0.534516453742981,0.0039278860203921795,0.003901249496266246,3.014840999071566e-08,0.9200987219810486,0.9201101660728455,0.0,8.898862870410085e-05,0.0,0.0,0.8799585700035095,0.0,,,,,,,,,,,,,,,,
551,0.9278727173805237,-0.5319395661354065,0.0040733106434345245,0.004009634722024202,1.5615994053419513e-09,0.919727087020874,0.9198525547981262,0.0,8.876641368260607e-05,0.0,0.0,0.8811706900596619,0.0,,,,,,,,,,,,,,,,
552,0.9278786778450012,-0.5300602316856384,0.003992305137217045,0.0040055010467767715,1.043697821501155e-07,0.9198789596557617,0.9198824763298035,0.0,8.736900053918362e-05,0.0,0.0,0.8632051944732666,0.0,,,,,,,,,,,,,,,,
553,0.92795330286026,-0.5307064056396484,0.003932910040020943,0.00390051887370646,9.72946878619041e-09,0.9200957417488098,0.9201440811157227,0.0,2.7347552531864494e-05,0.0,0.0,0.8608206510543823,0.0,,,,,,,,,,,,,,,,
554,0.9278758764266968,-0.5350341200828552,0.003999769687652588,0.003963051363825798,9.710765169756996e-08,0.9198774099349976,0.9199484586715698,0.0,8.826176053844392e-05,0.0,0.0,0.8612148761749268,0.0,,,,,,,,,,,,,,,,
555,0.9279568195343018,-0.5383237600326538,0.003971883095800877,0.00397287355735898,4.495493612921564e-07,0.9200133085250854,0.920009970664978,0.0,5.384316318668425e-05,0.0,0.0,0.8666127324104309,0.0,,,,,,,,,,,,,,,,
556,0.9278509616851807,-0.5323736071586609,0.003915444947779179,0.003935446962714195,8.83072814872321e-08,0.9200094938278198,0.9199903607368469,0.0,5.8440920838620514e-05,0.0,0.0,0.8740046620368958,0.0,,,,,,,,,,,,,,,,
557,0.9279387593269348,-0.5336981415748596,0.004068845417350531,0.004050957504659891,6.280907882683096e-07,0.9197965264320374,0.9198401570320129,0.0,6.68266584398225e-05,0.0,0.0,0.8558840155601501,0.0,,,,,,,,,,,,,,,,
558,0.9279809594154358,-0.5395793318748474,0.00392971932888031,0.00393280666321516,2.8984374011997716e-07,0.9201124310493469,0.9201238751411438,0.0,7.770112279104069e-05,0.0,0.0,0.8736785054206848,0.0,,,,,,,,,,,,,,,,
559,0.9278715252876282,-0.5390035510063171,0.003985511604696512,0.003934559412300587,3.036975471104597e-08,0.9198964238166809,0.920006513595581,0.0,0.0,0.0,0.0,0.8945068717002869,0.0,,,,,,,,,,,,,,,,
560,0.9280878305435181,-0.5385603308677673,0.004014187958091497,0.0040033250115811825,1.7512425287691258e-08,0.9200810194015503,0.9200596213340759,0.0,6.975309133849805e-06,0.0,0.0,0.8588951230049133,0.0,,,,,,,,,,,,,,,,
561,0.9279932975769043,-0.5378915667533875,0.00392913306131959,0.00393650634214282,2.5577469386917073e-07,0.9201206564903259,0.9201341271400452,0.0,1.1576770702959038e-05,0.0,0.0,0.8639522790908813,0.0,,,,,,,,,,,,,,,,
562,0.9279850721359253,-0.5381695628166199,0.0038865036331117153,0.003933008760213852,3.876612808539903e-09,0.9202232956886292,0.9201077818870544,0.0,3.889368963427842e-05,0.0,0.0,0.880081295967102,0.0,,,,,,,,,,,,,,,,
563,0.928022027015686,-0.542846143245697,0.003953008446842432,0.003926373086869717,3.565000028515897e-08,0.9201151132583618,0.9201700687408447,0.0,5.089790988677123e-08,0.0,0.0,0.8754637837409973,0.0,,,,,,,,,,,,,,,,
564,0.9279745817184448,-0.545050323009491,0.004001913592219353,0.003995381295681,1.0064078459492976e-09,0.919966459274292,0.9199881553649902,0.0,2.6242827516398393e-05,0.0,0.0,0.868344247341156,0.0,,,,,,,,,,,,,,,,
565,0.9279329776763916,-0.5444205403327942,0.003964777570217848,0.003992418758571148,2.67794263208998e-07,0.9200116991996765,0.919939398765564,0.0,3.252939131925814e-05,0.0,0.0,0.8645285367965698,0.0,,,,,,,,,,,,,,,,
566,0.9280365705490112,-0.5404403805732727,0.003956313710659742,0.004002493806183338,7.513241229162304e-08,0.9201281666755676,0.9200271964073181,0.0,5.5383141443599015e-05,0.0,0.0,0.8801819682121277,0.0,,,,,,,,,,,,,,,,
567,0.9278621077537537,-0.5422340035438538,0.003977090120315552,0.003971496131271124,1.0332458089123975e-07,0.9199183583259583,0.9199084043502808,0.0,1.5127679944271222e-05,0.0,0.0,0.8919692635536194,0.0,,,,,,,,,,,,,,,,
568,0.927850067615509,-0.5440652966499329,0.003924753051251173,0.003948263358324766,3.503810797056417e-09,0.9199889302253723,0.9199651479721069,0.0,1.7194164684042335e-05,0.0,0.0,0.8773595690727234,0.0,,,,,,,,,,,,,,,,
569,0.9279924035072327,-0.5456640124320984,0.003965001553297043,0.003977683838456869,4.044185430984726e-08,0.9200618863105774,0.9200374484062195,0.0,3.552544512785971e-05,0.0,0.0,0.8759434819221497,0.0,,,,,,,,,,,,,,,,
570,0.9280028343200684,-0.5500324964523315,0.003899288596585393,0.0038877513725310564,7.438649163304945e-08,0.9202166199684143,0.9202148914337158,0.0,1.7220736481249332e-05,0.0,0.0,0.8707244396209717,0.0,,,,,,,,,,,,,,,,
571,0.9279053211212158,-0.5465077757835388,0.004036376718431711,0.004016332793980837,4.0829053205015953e-07,0.9198599457740784,0.9198444485664368,0.0,2.7035741368308663e-05,0.0,0.0,0.8924241662025452,0.0,,,,,,,,,,,,,,,,
572,0.9278321266174316,-0.5444639325141907,0.003916855435818434,0.003930781967937946,2.5530258795924965e-08,0.9200049042701721,0.9199639558792114,0.0,1.437589824959673e-09,0.0,0.0,0.8775704503059387,0.0,,,,,,,,,,,,,,,,
573,0.9278528690338135,-0.5509848594665527,0.0038094245828688145,0.0037914186250418425,1.5351577076216927e-07,0.920254647731781,0.9202490448951721,0.0,4.50132429250516e-05,0.0,0.0,0.8738401532173157,0.0,,,,,,,,,,,,,,,,
574,0.9279482960700989,-0.5502827763557434,0.0040101851336658,0.003989765420556068,8.775001703043017e-08,0.919941782951355,0.919954776763916,0.0,4.835481377085671e-05,0.0,0.0,0.8647380471229553,0.0,,,,,,,,,,,,,,,,
575,0.9279447197914124,-0.5488483309745789,0.00399930402636528,0.003944174852222204,4.6576980139434454e-07,0.9199774265289307,0.9200242161750793,0.0,4.990650631953031e-05,0.0,0.0,0.8826943039894104,0.0,,,,,,,,,,,,,,,,
576,0.9278936982154846,-0.5450816750526428,0.003947676625102758,0.0039591193199157715,1.570556946717261e-07,0.9199990034103394,0.9199743866920471,0.0,1.0013929568231106e-05,0.0,0.0,0.8602339625358582,0.0,,,,,,,,,,,,,,,,
577,0.9280403852462769,-0.5483981370925903,0.003931479062885046,0.003879384370520711,1.3174799917692326e-08,0.9201784133911133,0.9202805757522583,0.0,6.150102854007855e-05,0.0,0.0,0.857356607913971,0.0,,,,,,,,,,,,,,,,
578,0.9279336333274841,-0.555530846118927,0.003979923203587532,0.003964040894061327,1.918540704082261e-08,0.919981837272644,0.9199974536895752,0.0,3.72946924471762e-05,0.0,0.0,0.8792232275009155,0.0,,,,,,,,,,,,,,,,
579,0.92799973487854,-0.554759681224823,0.004195767920464277,0.004199720919132233,3.628235560881876e-07,0.9196112155914307,0.9195965528488159,0.0,5.5796288506826386e-05,0.0,0.0,0.861419677734375,0.0,,,,,,,,,,,,,,,,
580,0.9279906749725342,-0.5510136485099792,0.004135661758482456,0.004118854645639658,1.526146462538236e-07,0.9197285175323486,0.919743537902832,0.0,2.4283528546220623e-05,0.0,0.0,0.8639093637466431,0.0,,,,,,,,,,,,,,,,
581,0.9278733730316162,-0.5530663132667542,0.004007110837846994,0.003940660040825605,1.5832837263474175e-09,0.9198710322380066,0.9199802279472351,0.0,3.8544989365618676e-05,0.0,0.0,0.8645520806312561,0.0,,,,,,,,,,,,,,,,
582,0.9278905987739563,-0.5569160580635071,0.004047237802296877,0.003967920783907175,4.125072550209552e-08,0.9198129773139954,0.9199378490447998,0.0,7.428386015817523e-05,0.0,0.0,0.8622337579727173,0.0,,,,,,,,,,,,,,,,
583,0.9279922842979431,-0.5562272071838379,0.004188528750091791,0.004189218860119581,1.3137115217887185e-07,0.9195960164070129,0.9196327924728394,0.0,4.139443990425207e-05,0.0,0.0,0.8509506583213806,0.0,,,,,,,,,,,,,,,,
584,0.9278460144996643,-0.5500154495239258,0.004095262847840786,0.004070702474564314,4.5264360437613504e-07,0.9196717143058777,0.9196874499320984,0.0,6.245882104849443e-05,0.0,0.0,0.8602094054222107,0.0,,,,,,,,,,,,,,,,
585,0.927963137626648,-0.5531602501869202,0.00407164404168725,0.004050304647535086,2.7797202051260683e-07,0.919831395149231,0.9198504686355591,0.0,5.897942901356146e-05,0.0,0.0,0.8561434149742126,0.0,,,,,,,,,,,,,,,,
586,0.9280303716659546,-0.5624828338623047,0.0040885224007070065,0.0040948400273919106,1.3901401985094708e-07,0.9198654890060425,0.9198282361030579,0.0,5.6583030527690426e-05,0.0,0.0,0.8546729683876038,0.0,,,,,,,,,,,,,,,,
587,0.927882969379425,-0.5644820332527161,0.004019353538751602,0.004021856002509594,1.383942382915393e-08,0.9198642373085022,0.9198193550109863,0.0,3.7222715036477894e-05,0.0,0.0,0.8613277673721313,0.0,,,,,,,,,,,,,,,,
588,0.9279844760894775,-0.5564326047897339,0.004092943388968706,0.004100448917597532,9.117138688452542e-08,0.9197998642921448,0.9197820425033569,0.0,5.00027890666388e-05,0.0,0.0,0.8557712435722351,0.0,,,,,,,,,,,,,,,,
589,0.9279835820198059,-0.5506500005722046,0.003959281835705042,0.003933294210582972,3.539870618851637e-08,0.9200761318206787,0.9201058149337769,0.0,7.304336759261787e-05,0.0,0.0,0.8649450540542603,0.0,,,,,,,,,,,,,,,,
590,0.9279472231864929,-0.5556313991546631,0.00392574118450284,0.0038882826920598745,3.4161649864472565e-07,0.9201126098632812,0.9201532006263733,0.0,3.3650991099420935e-05,0.0,0.0,0.87221360206604,0.0,,,,,,,,,,,,,,,,
591,0.9279392957687378,-0.5608686804771423,0.003938429988920689,0.003916733432561159,2.6842057465614744e-09,0.920087993144989,0.9200802445411682,0.0,7.004338840488344e-05,0.0,0.0,0.8561308979988098,0.0,,,,,,,,,,,,,,,,
592,0.9279434084892273,-0.5629911422729492,0.003989505581557751,0.0039934637024998665,8.257473638195734e-08,0.9199734926223755,0.9199472665786743,0.0,3.372329956619069e-05,0.0,0.0,0.8524561524391174,0.0,,,,,,,,,,,,,,,,
593,0.9280474781990051,-0.5642399191856384,0.003794906660914421,0.0037720841355621815,3.267568331466464e-07,0.9204700589179993,0.9204902648925781,0.0,6.132543785497546e-05,0.0,0.0,0.8691244125366211,0.0,,,,,,,,,,,,,,,,
594,0.9279288053512573,-0.5600115060806274,0.0038760597817599773,0.003855640534311533,3.951415692426963e-07,0.9201934933662415,0.9201999306678772,0.0,6.506537465611473e-05,0.0,0.0,0.879070520401001,0.0,,,,,,,,,,,,,,,,
595,0.9280061721801758,-0.5653085708618164,0.003957785665988922,0.003936653025448322,4.455706914541224e-08,0.920113205909729,0.9201102256774902,0.0,5.8890818763757125e-05,0.0,0.0,0.8574073314666748,0.0,,,,,,,,,,,,,,,,
596,0.9279577136039734,-0.5709204077720642,0.0039712912403047085,0.003962995484471321,3.1429838287522216e-08,0.9200214147567749,0.9200253486633301,0.0,6.897555431351066e-05,0.0,0.0,0.8570491671562195,0.0,,,,,,,,,,,,,,,,
597,0.9278482794761658,-0.5609909892082214,0.004048514179885387,0.004048698581755161,1.3217308492130542e-07,0.9197428226470947,0.9197590351104736,0.0,5.39142893103417e-05,0.0,0.0,0.8755303621292114,0.0,,,,,,,,,,,,,,,,
598,0.9279334545135498,-0.5581858158111572,0.003982276655733585,0.00397952925413847,1.9014459340382928e-08,0.9199777841567993,0.9199655055999756,0.0,6.390858470695093e-05,0.0,0.0,0.8726569414138794,0.0,,,,,,,,,,,,,,,,
599,0.9279851317405701,-0.5659318566322327,0.003896980546414852,0.0038795892614871264,9.512644538745008e-08,0.9202057123184204,0.9202111959457397,0.0,1.378757951897569e-05,0.0,0.0,0.8745527863502502,0.0,,,,,,,,,,,,,,,,
600,0.9279800057411194,-0.5717567205429077,0.0039751408621668816,0.003966507501900196,1.2956222761317804e-09,0.9200038313865662,0.9200729131698608,0.0,8.261776383733377e-05,0.0,0.0,0.84511399269104,0.0,,,,,,,,,,,,,,,,
601,0.9279347062110901,-0.5692132711410522,0.004074297845363617,0.004068390931934118,6.371406868765916e-08,0.9197774529457092,0.9198063611984253,0.0,6.895935803186148e-05,0.0,0.0,0.8555677533149719,0.0,,,,,,,,,,,,,,,,
602,0.927904486656189,-0.5684623122215271,0.003988383337855339,0.003956351429224014,6.740003755112411e-08,0.9199261665344238,0.9199931025505066,0.0,4.386392902233638e-05,0.0,0.0,0.8652320504188538,0.0,,,,,,,,,,,,,,,,
603,0.9278951287269592,-0.5711360573768616,0.00408095121383667,0.00408354215323925,3.0764448410991463e-07,0.919736385345459,0.91972416639328,0.0,5.3788269724464044e-05,0.0,0.0,0.8543618321418762,0.0,,,,,,,,,,,,,,,,
604,0.9278532266616821,-0.5730437636375427,0.00401446595788002,0.004011090844869614,7.151242442660077e-08,0.9198318123817444,0.9198232889175415,0.0,5.335072273737751e-05,0.0,0.0,0.8642284870147705,0.0,,,,,,,,,,,,,,,,
605,0.9280564785003662,-0.5725967884063721,0.004121944308280945,0.0041478476487100124,4.813072678189201e-07,0.919812023639679,0.9197604060173035,0.0,3.3811120374593884e-05,0.0,0.0,0.8678520321846008,0.0,,,,,,,,,,,,,,,,
606,0.9278628826141357,-0.5689579844474792,0.004052800126373768,0.004017669707536697,6.299573129808778e-08,0.9197754859924316,0.9198092222213745,0.0,2.7335050617693923e-05,0.0,0.0,0.848272979259491,0.0,,,,,,,,,,,,,,,,
607,0.9281056523323059,-0.5720300078392029,0.004004295915365219,0.0039931777864694595,2.1419742779471562e-07,0.9201123118400574,0.9201036095619202,0.0,5.753762161475606e-05,0.0,0.0,0.8671388626098633,0.0,,,,,,,,,,,,,,,,
608,0.9280343055725098,-0.5753576159477234,0.004029898438602686,0.004038993269205093,3.692331418392314e-08,0.9199906587600708,0.9199401140213013,0.0,5.544160376302898e-05,0.0,0.0,0.8685877323150635,0.0,,,,,,,,,,,,,,,,
609,0.9280164241790771,-0.5754201412200928,0.0039490340277552605,0.003942753653973341,3.4424965633661486e-07,0.9201260805130005,0.920122504234314,0.0,6.221598596312106e-05,0.0,0.0,0.8842451572418213,0.0,,,,,,,,,,,,,,,,
610,0.9280385375022888,-0.5711529850959778,0.003989920951426029,0.003982112742960453,2.0286002211378218e-07,0.9200491905212402,0.9200834035873413,0.0,4.2622163164196536e-05,0.0,0.0,0.8759704232215881,0.0,,,,,,,,,,,,,,,,
611,0.9281018376350403,-0.5739080309867859,0.003864826401695609,0.0038668697234243155,1.9649192495307943e-07,0.9203654527664185,0.9203743934631348,0.0,4.812660699826665e-05,0.0,0.0,0.880666971206665,0.0,,,,,,,,,,,,,,,,
612,0.9280012249946594,-0.5773141980171204,0.004063411615788937,0.00408337963744998,3.448635155223201e-09,0.9198600649833679,0.9198486804962158,0.0,2.108793705701828e-05,0.0,0.0,0.8667492270469666,0.0,,,,,,,,,,,,,,,,
613,0.9279720187187195,-0.5742222666740417,0.003980498760938644,0.00397433340549469,3.996983934939635e-07,0.9200176000595093,0.9200159311294556,0.0,2.1478319922607625e-06,0.0,0.0,0.885366678237915,0.0,,,,,,,,,,,,,,,,
614,0.9279370903968811,-0.5736232399940491,0.003991222940385342,0.003982432186603546,1.7421579912024754e-07,0.9199585318565369,0.9199678897857666,0.0,6.221996591193601e-05,0.0,0.0,0.8826789855957031,0.0,,,,,,,,,,,,,,,,
615,0.9278922080993652,-0.5772521495819092,0.0040758284740149975,0.0040687695145606995,3.796794700861028e-08,0.919740617275238,0.9197546243667603,0.0,9.818032594921533e-06,0.0,0.0,0.855633020401001,0.0,,,,,,,,,,,,,,,,
616,0.9280874133110046,-0.5842894315719604,0.0039380500093102455,0.003937441390007734,2.830142342702402e-08,0.9202051162719727,0.9202186465263367,0.0,8.165400686266366e-06,0.0,0.0,0.8740242719650269,0.0,,,,,,,,,,,,,,,,
617,0.9280313849449158,-0.5825784802436829,0.004176310729235411,0.004098683595657349,2.0965444491594099e-07,0.9197006225585938,0.9198117256164551,0.0,2.9497528885258362e-05,0.0,0.0,0.8528003692626953,0.0,,,,,,,,,,,,,,,,
618,0.9279685020446777,-0.5788488984107971,0.004013941623270512,0.003987694159150124,2.9646340493627577e-08,0.9199294447898865,0.9200041890144348,0.0,4.5364326069829985e-05,0.0,0.0,0.8762459754943848,0.0,,,,,,,,,,,,,,,,
619,0.9278554320335388,-0.578896701335907,0.00400351220741868,0.003972710110247135,3.849730205729429e-07,0.9198480844497681,0.9199095964431763,0.0,6.525076605612412e-05,0.0,0.0,0.863094687461853,0.0,,,,,,,,,,,,,,,,
620,0.927836537361145,-0.5795133113861084,0.004074190743267536,0.004045872949063778,1.917027070419408e-08,0.9196940660476685,0.9197388887405396,0.0,4.450880805961788e-05,0.0,0.0,0.8679285049438477,0.0,,,,,,,,,,,,,,,,
621,0.927987813949585,-0.5824273228645325,0.003905143355950713,0.0038996939547359943,3.279494009689188e-08,0.9201761484146118,0.9201896786689758,0.0,3.6712532164528966e-05,0.0,0.0,0.8656041622161865,0.0,,,,,,,,,,,,,,,,
622,0.9280340075492859,-0.5828573703765869,0.00397895835340023,0.003982275724411011,3.223138700381156e-10,0.9200810790061951,0.9200644493103027,0.0,6.873494567116722e-05,0.0,0.0,0.8643472194671631,0.0,,,,,,,,,,,,,,,,
623,0.9279825091362,-0.583878755569458,0.003972738515585661,0.003958761692047119,1.2189238418613968e-07,0.9200567007064819,0.9200449585914612,0.0,5.4666990763507783e-05,0.0,0.0,0.870398998260498,0.0,,,,,,,,,,,,,,,,
624,0.9279457330703735,-0.5836573839187622,0.003981313668191433,0.003962305374443531,4.28652739969948e-08,0.9199855923652649,0.9200184941291809,0.0,1.4730463590240106e-05,0.0,0.0,0.8635040521621704,0.0,,,,,,,,,,,,,,,,
625,0.9280295968055725,-0.5834798812866211,0.003923485521227121,0.003898948896676302,1.1576486436126743e-08,0.9201918244361877,0.9202224016189575,0.0,4.1611751839809585e-06,0.0,0.0,0.8762600421905518,0.0,,,,,,,,,,,,,,,,
626,0.9279000163078308,-0.5861718654632568,0.0038733896799385548,0.0038573986385017633,6.165468691143872e-10,0.9201636910438538,0.920174777507782,0.0,0.0,0.0,0.0,0.8705099821090698,0.0,,,,,,,,,,,,,,,,
627,0.927880048751831,-0.5865787863731384,0.0038997947704046965,0.0038859795313328505,5.540342584708924e-08,0.9200665354728699,0.9201218485832214,0.0,7.912412002042402e-06,0.0,0.0,0.8731459975242615,0.0,,,,,,,,,,,,,,,,
628,0.9280304312705994,-0.5822983980178833,0.004047834314405918,0.004012948367744684,3.421154701754858e-07,0.9199448823928833,0.9199936985969543,0.0,5.346369289327413e-05,0.0,0.0,0.8637447953224182,0.0,,,,,,,,,,,,,,,,
629,0.9279047846794128,-0.5827201008796692,0.004024585708975792,0.004017920233309269,1.1613118999775907e-07,0.9198504090309143,0.9198739528656006,0.0,3.764410649864658e-08,0.0,0.0,0.8774414658546448,0.0,,,,,,,,,,,,,,,,
630,0.9279624223709106,-0.5899974703788757,0.003976683132350445,0.003956260625272989,9.485758845073633e-09,0.9200238585472107,0.9200350642204285,0.0,5.154568134457804e-05,0.0,0.0,0.8603063821792603,0.0,,,,,,,,,,,,,,,,
631,0.9278815984725952,-0.5901098251342773,0.00400965241715312,0.004031894262880087,4.5076149035594426e-08,0.919874906539917,0.9198049902915955,0.0,3.811099304584786e-05,0.0,0.0,0.8860575556755066,0.0,,,,,,,,,,,,,,,,
632,0.9279024600982666,-0.5882571935653687,0.004038390703499317,0.003999277018010616,2.8496447423975724e-09,0.91982501745224,0.9199044704437256,0.0,5.5870394135126844e-05,0.0,0.0,0.8702682256698608,0.0,,,,,,,,,,,,,,,,
633,0.9279552102088928,-0.5882609486579895,0.00399929890409112,0.003997232299298048,9.095580111306845e-08,0.919963002204895,0.9199541807174683,0.0,4.623569475370459e-05,0.0,0.0,0.8746423125267029,0.0,,,,,,,,,,,,,,,,
634,0.9279119968414307,-0.5908305644989014,0.0038891357835382223,0.003917926922440529,5.021920301828686e-08,0.920132577419281,0.9200771450996399,0.0,4.671692295232788e-05,0.0,0.0,0.8836167454719543,0.0,,,,,,,,,,,,,,,,
635,0.9278584718704224,-0.5927815437316895,0.004027495626360178,0.00400918023660779,2.8198595458661657e-08,0.9198064208030701,0.9198371171951294,0.0,4.801186878466979e-05,0.0,0.0,0.859372615814209,0.0,,,,,,,,,,,,,,,,
636,0.927930474281311,-0.5917757749557495,0.0040936036966741085,0.004043158143758774,1.1691539292257858e-08,0.9197726845741272,0.9198147654533386,0.0,5.52925921510905e-05,0.0,0.0,0.8636752367019653,0.0,,,,,,,,,,,,,,,,
637,0.9279079437255859,-0.5908350944519043,0.0038748455699533224,0.003880179487168789,2.7215250497647503e-07,0.920157790184021,0.9201475977897644,0.0,5.39233187737409e-05,0.0,0.0,0.8808389902114868,0.0,,,,,,,,,,,,,,,,
638,0.9279934167861938,-0.5934093594551086,0.0041049085557460785,0.004096142947673798,9.283326107834e-08,0.919791579246521,0.9197929501533508,0.0,6.316476356005296e-05,0.0,0.0,0.8576325178146362,0.0,,,,,,,,,,,,,,,,
639,0.927910327911377,-0.5967961549758911,0.004003269597887993,0.003942012786865234,3.3694922763061186e-07,0.9199084043502808,0.9200210571289062,0.0,1.0208003004663624e-05,0.0,0.0,0.8505403995513916,0.0,,,,,,,,,,,,,,,,
640,0.9279024600982666,-0.5967981219291687,0.00399221945554018,0.004020519554615021,3.2027180907334696e-09,0.9199209213256836,0.9198585748672485,0.0,5.00673741044011e-05,0.0,0.0,0.875919759273529,0.0,,,,,,,,,,,,,,,,
641,0.927847683429718,-0.5921278595924377,0.004001910332590342,0.004039643332362175,5.7118456631144454e-09,0.9198355078697205,0.9197766780853271,0.0,5.169660653336905e-05,0.0,0.0,0.847597599029541,0.0,,,,,,,,,,,,,,,,
642,0.9279974699020386,-0.5923042297363281,0.003891286440193653,0.003902853699401021,2.044951585844501e-08,0.9202224016189575,0.9201842546463013,0.0,5.167946437723003e-05,0.0,0.0,0.862567126750946,0.0,,,,,,,,,,,,,,,,
643,0.9280341863632202,-0.5968741178512573,0.003949875012040138,0.003943106159567833,9.893678765138247e-08,0.9201492667198181,0.9201329946517944,0.0,5.739368498325348e-05,0.0,0.0,0.8467726707458496,0.0,,,,,,,,,,,,,,,,
644,0.9278656244277954,-0.5988043546676636,0.0039143748581409454,0.00393009465187788,7.715543404174241e-08,0.9200460314750671,0.9199960827827454,0.0,5.4054737120168284e-05,0.0,0.0,0.8598657846450806,0.0,,,,,,,,,,,,,,,,
645,0.9278682470321655,-0.5956312417984009,0.003993642516434193,0.003966569434851408,4.897603989029164e-10,0.919884443283081,0.9199315905570984,0.0,3.547128653735854e-05,0.0,0.0,0.8590478897094727,0.0,,,,,,,,,,,,,,,,
646,0.9277970194816589,-0.5957712531089783,0.0038941828534007072,0.0038828300312161446,9.66769664323408e-10,0.9199978709220886,0.9200420379638672,0.0,1.9605322449933738e-05,0.0,0.0,0.8534489274024963,0.0,,,,,,,,,,,,,,,,
647,0.9279708862304688,-0.5980760455131531,0.004020163789391518,0.004006509203463793,9.783187238099345e-08,0.9199496507644653,0.9199385643005371,0.0,4.218626054353081e-05,0.0,0.0,0.866158664226532,0.0,,,,,,,,,,,,,,,,
648,0.9279206395149231,-0.6015655994415283,0.004002077039331198,0.003975218627601862,8.484769153938032e-08,0.9199206829071045,0.9199658632278442,0.0,3.992531492258422e-05,0.0,0.0,0.8590251207351685,0.0,,,,,,,,,,,,,,,,
649,0.928136944770813,-0.6000025868415833,0.0042473250068724155,0.004234225023537874,2.6535829089624485e-10,0.9196516275405884,0.9196591377258301,0.0,6.560119800269604e-05,0.0,0.0,0.8593812584877014,0.0,,,,,,,,,,,,,,,,
650,0.9279114007949829,-0.5973780751228333,0.003949102945625782,0.003917145077139139,5.090474264335398e-09,0.920015275478363,0.9200749397277832,0.0,3.709666998474859e-05,0.0,0.0,0.8946794867515564,0.0,,,,,,,,,,,,,,,,
651,0.9279744029045105,-0.6037745475769043,0.004005690570920706,0.003985792398452759,1.1131971788813644e-08,0.919956386089325,0.9200093746185303,0.0,9.044199941854458e-06,0.0,0.0,0.8779301643371582,0.0,,,,,,,,,,,,,,,,
652,0.9280142784118652,-0.6097145676612854,0.00395760964602232,0.003981899935752153,2.9276125701471756e-07,0.9201028943061829,0.9200460314750671,0.0,5.15775172971189e-05,0.0,0.0,0.8717570900917053,0.0,,,,,,,,,,,,,,,,
653,0.9280908107757568,-0.6069458723068237,0.00415752874687314,0.004090617876499891,8.382042437915516e-08,0.9198123216629028,0.9198728203773499,0.0,5.763917215517722e-05,0.0,0.0,0.8848702907562256,0.0,,,,,,,,,,,,,,,,
654,0.9279533624649048,-0.5996516346931458,0.0040763989090919495,0.004082893952727318,2.1108505166012037e-07,0.9198022484779358,0.9197853803634644,0.0,5.8892794186249375e-05,0.0,0.0,0.8774731159210205,0.0,,,,,,,,,,,,,,,,
655,0.9279144406318665,-0.6014689803123474,0.003970077261328697,0.00397612014785409,1.6085431875367817e-09,0.9199718236923218,0.919964611530304,0.0,9.655569010647014e-05,0.0,0.0,0.8800755143165588,0.0,,,,,,,,,,,,,,,,
656,0.9278975129127502,-0.6090204119682312,0.0039035938680171967,0.003919238690286875,1.4827844552200986e-07,0.9200921654701233,0.9200568795204163,0.0,5.826038614031859e-05,0.0,0.0,0.8609750866889954,0.0,,,,,,,,,,,,,,,,
657,0.9279546141624451,-0.6057072281837463,0.004115654621273279,0.004118953365832567,2.4081612082227366e-07,0.9197174906730652,0.9197220206260681,0.0,6.682648381683975e-05,0.0,0.0,0.8551136255264282,0.0,,,,,,,,,,,,,,,,
658,0.9280917644500732,-0.6016817688941956,0.004014241509139538,0.003972210455685854,2.76718225222794e-07,0.9200652241706848,0.9201448559761047,0.0,7.247235043905675e-05,0.0,0.0,0.8664577603340149,0.0,,,,,,,,,,,,,,,,
659,0.9280003905296326,-0.6068623065948486,0.004010695498436689,0.004001687280833721,1.0447661935586439e-07,0.9199945330619812,0.9199812412261963,0.0,2.8969341656193137e-05,0.0,0.0,0.8734894394874573,0.0,,,,,,,,,,,,,,,,
660,0.9280994534492493,-0.6154837012290955,0.0040371958166360855,0.003996485844254494,6.230422968656057e-07,0.9200302958488464,0.9201000928878784,0.0,6.545037467731163e-05,0.0,0.0,0.8745947480201721,0.0,,,,,,,,,,,,,,,,
661,0.9280685782432556,-0.6140515804290771,0.004042366985231638,0.004012929741293192,2.33893402423746e-07,0.9199814200401306,0.9200446605682373,0.0,5.1941024139523506e-05,0.0,0.0,0.8486297130584717,0.0,,,,,,,,,,,,,,,,
662,0.9279939532279968,-0.6047918796539307,0.00406084256246686,0.004023934248834848,4.974300082949412e-08,0.9198672771453857,0.9199509024620056,0.0,3.405184543225914e-05,0.0,0.0,0.8630118370056152,0.0,,,,,,,,,,,,,,,,
663,0.9280195236206055,-0.6052482724189758,0.0040519991889595985,0.004039606545120478,2.0573641279497679e-07,0.9199191331863403,0.9199362397193909,0.0,2.5758998162928037e-05,0.0,0.0,0.8833595514297485,0.0,,,,,,,,,,,,,,,,
664,0.9280045032501221,-0.6157998442649841,0.003989967051893473,0.003954150713980198,6.067467239745383e-08,0.9200304746627808,0.9200901985168457,0.0,3.349189796608698e-07,0.0,0.0,0.8606367707252502,0.0,,,,,,,,,,,,,,,,
665,0.9279322624206543,-0.6166064739227295,0.004084332846105099,0.00408002408221364,1.1343602324132007e-07,0.9197534322738647,0.9197821617126465,0.0,1.8434443305181958e-08,0.0,0.0,0.8581802845001221,0.0,,,,,,,,,,,,,,,,
666,0.9279918074607849,-0.608213484287262,0.004059890750795603,0.004031899385154247,2.5998795649684325e-07,0.9198858737945557,0.919913649559021,0.0,2.635785313032102e-05,0.0,0.0,0.8738193511962891,0.0,,,,,,,,,,,,,,,,
667,0.9279143810272217,-0.6083716750144958,0.0039818729273974895,0.003994010854512453,2.550297324432904e-07,0.919928252696991,0.9199482798576355,0.0,3.0771640791016353e-09,0.0,0.0,0.8671491146087646,0.0,,,,,,,,,,,,,,,,
668,0.927936851978302,-0.6132805347442627,0.003965054638683796,0.003985423594713211,8.233845605332135e-09,0.9200074076652527,0.9199653267860413,0.0,3.2129164537764154e-06,0.0,0.0,0.8722385764122009,0.0,,,,,,,,,,,,,,,,
669,0.9279890060424805,-0.6168303489685059,0.004011048469692469,0.004013138823211193,2.4463167846988654e-07,0.9199677109718323,0.9199613332748413,0.0,0.0,0.0,0.0,0.8709090948104858,0.0,,,,,,,,,,,,,,,,
670,0.928010106086731,-0.6134113073348999,0.004086932633072138,0.004101733677089214,2.3897493406366266e-07,0.919827938079834,0.9198144674301147,0.0,0.0,0.0,0.0,0.8797839879989624,0.0,,,,,,,,,,,,,,,,
671,0.9279811382293701,-0.6102561354637146,0.003989527467638254,0.003974393475800753,2.339890272651246e-07,0.9200037121772766,0.9200302958488464,0.0,5.47900169678428e-09,0.0,0.0,0.8647844195365906,0.0,,,,,,,,,,,,,,,,
672,0.9280967116355896,-0.6191564202308655,0.004001711495220661,0.004004343878477812,2.2728654869297316e-07,0.9201064705848694,0.920074462890625,0.0,5.409058758232277e-06,0.0,0.0,0.8667831420898438,0.0,,,,,,,,,,,,,,,,
673,0.9279829859733582,-0.621704638004303,0.003993799909949303,0.003997638821601868,1.9377893067940022e-07,0.9199981689453125,0.9199845194816589,0.0,2.3122703751710105e-08,0.0,0.0,0.8684223890304565,0.0,,,,,,,,,,,,,,,,
674,0.9279654026031494,-0.6153712272644043,0.004036293365061283,0.004016194026917219,2.1916265779964306e-07,0.9199022650718689,0.9199231863021851,0.0,0.0,0.0,0.0,0.8603980541229248,0.0,,,,,,,,,,,,,,,,
675,0.92792809009552,-0.6132238507270813,0.003978317603468895,0.003941625356674194,2.120311819453491e-07,0.9199877381324768,0.9200280904769897,0.0,5.474808403960196e-06,0.0,0.0,0.8647803664207458,0.0,,,,,,,,,,,,,,,,
676,0.9279960989952087,-0.6164036393165588,0.003967229276895523,0.003980293404310942,8.411932839180736e-08,0.9200671315193176,0.9200297594070435,0.0,5.268132554192562e-06,0.0,0.0,0.8644824028015137,0.0,,,,,,,,,,,,,,,,
677,0.9279406666755676,-0.6202777028083801,0.004000513348728418,0.0039652688428759575,2.015949718270349e-07,0.9199491143226624,0.9200002551078796,0.0,4.383238305649684e-08,0.0,0.0,0.8624910116195679,0.0,,,,,,,,,,,,,,,,
678,0.9278822541236877,-0.62108314037323,0.003998566418886185,0.003960844129323959,1.103367210930628e-07,0.9198959469795227,0.9199495315551758,0.0,1.266196613869397e-05,0.0,0.0,0.8636000156402588,0.0,,,,,,,,,,,,,,,,
679,0.9279398322105408,-0.6203625202178955,0.003965464420616627,0.003936110995709896,1.9786644145369792e-07,0.920032262802124,0.9200438261032104,0.0,0.0,0.0,0.0,0.8643079400062561,0.0,,,,,,,,,,,,,,,,
680,0.9279292225837708,-0.6193318367004395,0.003963645081967115,0.003949480596929789,1.0523638849235795e-07,0.9200194478034973,0.9200125336647034,0.0,1.686430005065631e-05,0.0,0.0,0.8537677526473999,0.0,,,,,,,,,,,,,,,,
681,0.927899956703186,-0.6222628355026245,0.003955390304327011,0.003929287660866976,6.672646435390561e-08,0.9200011491775513,0.9200292825698853,0.0,1.3872075896870228e-06,0.0,0.0,0.8468998670578003,0.0,,,,,,,,,,,,,,,,
682,0.927972137928009,-0.619491457939148,0.003985586576163769,0.003965454641729593,1.8287742875600088e-07,0.92000812292099,0.9200336933135986,0.0,0.0,0.0,0.0,0.8604386448860168,0.0,,,,,,,,,,,,,,,,
683,0.9279975295066833,-0.6178441643714905,0.004073784686625004,0.004034301731735468,1.8035004245575692e-07,0.919860303401947,0.9199182391166687,0.0,2.1424477381515317e-05,0.0,0.0,0.8597109913825989,0.0,,,,,,,,,,,,,,,,
684,0.9279430508613586,-0.6228358745574951,0.0039558419957757,0.0039641838520765305,8.27431900773945e-09,0.9200301170349121,0.9200159311294556,0.0,2.422982288408093e-05,0.0,0.0,0.8536190986633301,0.0,,,,,,,,,,,,,,,,
685,0.9280267357826233,-0.6272539496421814,0.004069497808814049,0.004038465674966574,1.4765718958642537e-07,0.919890284538269,0.9199469089508057,0.0,1.6380517990910448e-05,0.0,0.0,0.857525110244751,0.0,,,,,,,,,,,,,,,,
686,0.9280600547790527,-0.6304470300674438,0.004014441277831793,0.004037896171212196,7.766391973973441e-10,0.9200335144996643,0.919981837272644,0.0,3.489658411126584e-05,0.0,0.0,0.8555647134780884,0.0,,,,,,,,,,,,,,,,
687,0.9279733896255493,-0.6300764083862305,0.004070830065757036,0.004060412757098675,1.5843351630628888e-10,0.9198470115661621,0.9198372960090637,0.0,0.0,0.0,0.0,0.8597297072410583,0.0,,,,,,,,,,,,,,,,
688,0.9279349446296692,-0.6225880980491638,0.0040427823550999165,0.004012595396488905,5.2833570407528896e-08,0.9198458194732666,0.9199131727218628,0.0,5.455570499179885e-05,0.0,0.0,0.8651706576347351,0.0,,,,,,,,,,,,,,,,
689,0.9279814958572388,-0.6216123104095459,0.003933681175112724,0.003911817912012339,1.4743493925717388e-10,0.920119047164917,0.9201528429985046,0.0,5.406303534982726e-05,0.0,0.0,0.8585839867591858,0.0,,,,,,,,,,,,,,,,
690,0.9279499650001526,-0.6291607022285461,0.003993974067270756,0.0039466507732868195,1.6856206741522328e-07,0.9199730157852173,0.9200453758239746,0.0,4.780917151947506e-05,0.0,0.0,0.8693881630897522,0.0,,,,,,,,,,,,,,,,
691,0.9279157519340515,-0.6339424848556519,0.004044299945235252,0.004000775516033173,2.908089413722337e-07,0.9198230504989624,0.919917643070221,0.0,4.804422133020125e-06,0.0,0.0,0.8663952350616455,0.0,,,,,,,,,,,,,,,,
692,0.927925705909729,-0.6285817623138428,0.004144464153796434,0.004123981110751629,1.8711180160835283e-08,0.9196498990058899,0.9196645617485046,0.0,3.7729201721958816e-05,0.0,0.0,0.8921428322792053,0.0,,,,,,,,,,,,,,,,
693,0.9279738664627075,-0.6234105229377747,0.004055287688970566,0.003985878545790911,7.278614333472433e-08,0.9198882579803467,0.9199770092964172,0.0,6.567117088707164e-05,0.0,0.0,0.8797310590744019,0.0,,,,,,,,,,,,,,,,
694,0.9280807971954346,-0.6319073438644409,0.004005946684628725,0.0039909291081130505,6.620831527470727e-08,0.9200919270515442,0.9200758934020996,0.0,3.474590994301252e-05,0.0,0.0,0.8702147603034973,0.0,,,,,,,,,,,,,,,,
695,0.9278762936592102,-0.6343289017677307,0.003961318172514439,0.003942901734262705,3.72126223169289e-08,0.9199621081352234,0.9199820160865784,0.0,2.785099968605209e-05,0.0,0.0,0.871452271938324,0.0,,,,,,,,,,,,,,,,
696,0.9279603958129883,-0.6288618445396423,0.003978298977017403,0.003983453381806612,6.9956187509490064e-09,0.9200116991996765,0.9199855327606201,0.0,3.228690184187144e-05,0.0,0.0,0.8718128204345703,0.0,,,,,,,,,,,,,,,,
697,0.928019106388092,-0.629547655582428,0.003938695881515741,0.003936934284865856,9.917266652337275e-08,0.9201341271400452,0.9201525449752808,0.0,3.3748074201866984e-05,0.0,0.0,0.8548697829246521,0.0,,,,,,,,,,,,,,,,
698,0.9279274344444275,-0.6343967318534851,0.004016384948045015,0.004034543875604868,1.6024289095639688e-07,0.9199029803276062,0.9198497533798218,0.0,1.4391737749974709e-05,0.0,0.0,0.8487759828567505,0.0,,,,,,,,,,,,,,,,
699,0.9279831051826477,-0.6381414532661438,0.003980320878326893,0.003983618691563606,4.748267556919927e-09,0.9200370907783508,0.9200011491775513,0.0,5.403293471317738e-05,0.0,0.0,0.8575430512428284,0.0,,,,,,,,,,,,,,,,
700,0.9280274510383606,-0.6316561102867126,0.004119046963751316,0.004134069196879864,1.591048004456752e-07,0.91978919506073,0.919759213924408,0.0,3.478445432847366e-05,0.0,0.0,0.8693097233772278,0.0,,,,,,,,,,,,,,,,
701,0.9279079437255859,-0.6310180425643921,0.004008846823126078,0.004003892652690411,4.166251699189161e-08,0.9198768138885498,0.9199134707450867,0.0,9.010836947709322e-06,0.0,0.0,0.8656198382377625,0.0,,,,,,,,,,,,,,,,
702,0.9279254078865051,-0.6356497406959534,0.0039846585132181644,0.003972030710428953,1.0944798400913669e-09,0.9199578166007996,0.9199795722961426,0.0,1.2022748705931008e-05,0.0,0.0,0.8571329712867737,0.0,,,,,,,,,,,,,,,,
703,0.9279488325119019,-0.6412011981010437,0.0039672101847827435,0.003938282839953899,2.4915348006970817e-08,0.9200027585029602,0.9200838208198547,0.0,1.4855249901302159e-05,0.0,0.0,0.8627980351448059,0.0,,,,,,,,,,,,,,,,
704,0.9279637932777405,-0.6361698508262634,0.004116916563361883,0.0040957750752568245,1.7221456261040657e-08,0.9197368621826172,0.9197653532028198,0.0,8.934322977438569e-06,0.0,0.0,0.8600435256958008,0.0,,,,,,,,,,,,,,,,
705,0.9279372692108154,-0.6358579993247986,0.004009558353573084,0.003981366753578186,1.3650659491659667e-09,0.9199221134185791,0.9199706315994263,0.0,1.8079066649079323e-05,0.0,0.0,0.8589211106300354,0.0,,,,,,,,,,,,,,,,
706,0.9278968572616577,-0.6411911845207214,0.00398951955139637,0.003997001796960831,2.4153221644951373e-08,0.919916033744812,0.9199046492576599,0.0,0.0,0.0,0.0,0.842761754989624,0.0,,,,,,,,,,,,,,,,
707,0.9281001091003418,-0.6426210999488831,0.003958651330322027,0.003939550835639238,1.449442237344556e-07,0.9201813340187073,0.9202222228050232,0.0,2.1748603103333153e-05,0.0,0.0,0.8575882315635681,0.0,,,,,,,,,,,,,,,,
708,0.9279863238334656,-0.6408749222755432,0.004011307377368212,0.00400530593469739,2.2219964534997416e-08,0.9199643135070801,0.9199749827384949,0.0,0.0,0.0,0.0,0.8598484992980957,0.0,,,,,,,,,,,,,,,,
709,0.9280176758766174,-0.6349427700042725,0.0039965189062058926,0.004013967700302601,1.4063756736959476e-07,0.9200265407562256,0.9199875593185425,0.0,2.0624062017304823e-05,0.0,0.0,0.8667046427726746,0.0,,,,,,,,,,,,,,,,
710,0.9279863238334656,-0.6384940147399902,0.003842465579509735,0.003798886900767684,1.3862879200132738e-07,0.920308530330658,0.9203810691833496,0.0,2.4898590709199198e-05,0.0,0.0,0.8769121766090393,0.0,,,,,,,,,,,,,,,,
711,0.9279295802116394,-0.6443924307823181,0.0038799243047833443,0.003882624674588442,8.87897257939585e-08,0.9201799631118774,0.9201540350914001,0.0,2.1193880456849e-05,0.0,0.0,0.8653315305709839,0.0,,,,,,,,,,,,,,,,
712,0.9280338883399963,-0.6444956660270691,0.004037914797663689,0.004036750178784132,2.0624810304070706e-08,0.9199635982513428,0.919954776763916,0.0,2.933386349468492e-05,0.0,0.0,0.8409576416015625,0.0,,,,,,,,,,,,,,,,
713,0.927909255027771,-0.6380884647369385,0.0040302942506968975,0.00405740225687623,7.27630222741027e-08,0.9198564887046814,0.9197865724563599,0.0,4.183410055702552e-06,0.0,0.0,0.8477108478546143,0.0,,,,,,,,,,,,,,,,
714,0.9279394745826721,-0.6393445730209351,0.0038262810558080673,0.0038433042354881763,4.018909294245532e-08,0.9202935099601746,0.9202461242675781,0.0,2.9543345590354875e-05,0.0,0.0,0.8465390801429749,0.0,,,,,,,,,,,,,,,,
715,0.9280478358268738,-0.6441273093223572,0.0039042688440531492,0.003898246679455042,8.66670113452983e-09,0.9202423691749573,0.9202481508255005,0.0,3.744034256669693e-05,0.0,0.0,0.8525831699371338,0.0,,,,,,,,,,,,,,,,
716,0.9278479218482971,-0.6443226933479309,0.0039529926143586636,0.003984283655881882,1.1071237793203181e-07,0.9199371933937073,0.9198838472366333,0.0,1.1617021300480701e-05,0.0,0.0,0.8571903109550476,0.0,,,,,,,,,,,,,,,,
717,0.9280731081962585,-0.6402796506881714,0.004091091454029083,0.004071899689733982,5.042632089669041e-09,0.9199027419090271,0.9199175238609314,0.0,2.9613640435854904e-05,0.0,0.0,0.8503744006156921,0.0,,,,,,,,,,,,,,,,
718,0.9281233549118042,-0.644390344619751,0.0038833196740597486,0.00387596245855093,7.102865993147134e-07,0.9203688502311707,0.920357882976532,0.0,2.885159665311221e-05,0.0,0.0,0.8486130237579346,0.0,,,,,,,,,,,,,,,,
719,0.9280319809913635,-0.6488221287727356,0.003918322268873453,0.003899109549820423,7.021329739842486e-09,0.9202104806900024,0.9202185273170471,0.0,1.9925309970858507e-05,0.0,0.0,0.844389796257019,0.0,,,,,,,,,,,,,,,,
720,0.9279629588127136,-0.647382378578186,0.004002219997346401,0.0039703198708593845,1.2229514823047793e-07,0.9199764132499695,0.9200041890144348,0.0,3.582627323339693e-05,0.0,0.0,0.841312825679779,0.0,,,,,,,,,,,,,,,,
721,0.9278736710548401,-0.6467031240463257,0.00409171637147665,0.004035747144371271,3.024671713092175e-08,0.9196969866752625,0.9197952747344971,0.0,3.006889073731145e-06,0.0,0.0,0.8531431555747986,0.0,,,,,,,,,,,,,,,,
722,0.9283477067947388,-0.6499484181404114,0.004141669254750013,0.004098991397768259,3.2701565899628804e-09,0.9200880527496338,0.9201260805130005,0.0,5.594178560386354e-07,0.0,0.0,0.8517711758613586,0.0,,,,,,,,,,,,,,,,
723,0.9279258847236633,-0.6504626274108887,0.0041365246288478374,0.004115955904126167,2.5968319050662103e-08,0.9196581244468689,0.9196886420249939,0.0,4.8021383918239735e-06,0.0,0.0,0.8557114005088806,0.0,,,,,,,,,,,,,,,,
724,0.9279677867889404,-0.6499932408332825,0.004139606840908527,0.0040799942798912525,1.2066550425515743e-07,0.9196977615356445,0.9197984337806702,0.0,4.256883403286338e-05,0.0,0.0,0.8701809048652649,0.0,,,,,,,,,,,,,,,,
725,0.9280182123184204,-0.6472482681274414,0.00406187679618597,0.004016445018351078,2.0461980554387083e-08,0.9198923707008362,0.9199873208999634,0.0,2.8981091872992693e-06,0.0,0.0,0.8566930294036865,0.0,,,,,,,,,,,,,,,,
726,0.9280210137367249,-0.6504871249198914,0.004043916705995798,0.004032684024423361,1.0533807159873732e-09,0.9199447631835938,0.9199439883232117,0.0,3.701799400346317e-08,0.0,0.0,0.8562610745429993,0.0,,,,,,,,,,,,,,,,
727,0.9279694557189941,-0.6561802625656128,0.004058786202222109,0.004017897415906191,2.1982513587204267e-09,0.9198729991912842,0.9199126362800598,0.0,1.6214193237829022e-05,0.0,0.0,0.8776041269302368,0.0,,,,,,,,,,,,,,,,
728,0.9280288219451904,-0.6547857522964478,0.004056792240589857,0.004052506294101477,5.2336819322817973e-08,0.9199347496032715,0.9199042916297913,0.0,1.84266064024996e-05,0.0,0.0,0.8638873100280762,0.0,,,,,,,,,,,,,,,,
729,0.9279952645301819,-0.6475325226783752,0.004039460327476263,0.0040014213882386684,1.1043406544786194e-07,0.9199191331863403,0.9199894666671753,0.0,2.1050131181254983e-05,0.0,0.0,0.8614776134490967,0.0,,,,,,,,,,,,,,,,
730,0.928047239780426,-0.6518656015396118,0.003975635394454002,0.0039876913651824,1.0761143443005494e-07,0.92009437084198,0.9200732707977295,0.0,0.0,0.0,0.0,0.8707420229911804,0.0,,,,,,,,,,,,,,,,
731,0.9279881715774536,-0.6590165495872498,0.0039520361460745335,0.003984557930380106,2.734789283920236e-08,0.9200839996337891,0.9200190901756287,0.0,4.577799700200558e-06,0.0,0.0,0.8682129383087158,0.0,,,,,,,,,,,,,,,,
732,0.9280632734298706,-0.6525347232818604,0.004116767551749945,0.004074807278811932,6.211821101942405e-08,0.9198284149169922,0.9199148416519165,0.0,0.0,0.0,0.0,0.8830386400222778,0.0,,,,,,,,,,,,,,,,
733,0.9280146956443787,-0.6464068293571472,0.003982497379183769,0.003938692156225443,1.0052322352294141e-07,0.9200483560562134,0.9201385378837585,0.0,3.298078468105814e-07,0.0,0.0,0.8537198305130005,0.0,,,,,,,,,,,,,,,,
734,0.9279633164405823,-0.6559749841690063,0.00392787903547287,0.0038990031462162733,9.828408309431325e-08,0.9201161861419678,0.9201564192771912,0.0,0.0,0.0,0.0,0.8629499077796936,0.0,,,,,,,,,,,,,,,,
735,0.9279154539108276,-0.6615942716598511,0.004048339556902647,0.004010575357824564,6.666992646842118e-08,0.9198272824287415,0.9198856949806213,0.0,0.0,0.0,0.0,0.8459597826004028,0.0,,,,,,,,,,,,,,,,
736,0.9281002283096313,-0.6632981300354004,0.004012369550764561,0.004023489076644182,2.4861241953999524e-08,0.9200852513313293,0.9200433492660522,0.0,1.0654523975972552e-05,0.0,0.0,0.8492374420166016,0.0,,,,,,,,,,,,,,,,
737,0.9280441403388977,-0.6521825790405273,0.004078035708516836,0.004085229709744453,9.196669026323434e-08,0.9198943972587585,0.919867217540741,0.0,0.0,0.0,0.0,0.8485276699066162,0.0,,,,,,,,,,,,,,,,
738,0.9281296730041504,-0.6527356505393982,0.0039140828885138035,0.003919509239494801,1.355844290173991e-07,0.9202935099601746,0.9202983975410461,0.0,2.618458165670745e-05,0.0,0.0,0.8433123230934143,0.0,,,,,,,,,,,,,,,,
739,0.9279765486717224,-0.6636413931846619,0.003860115772113204,0.0038789897225797176,3.7763452809258524e-08,0.9202557802200317,0.9202191233634949,0.0,2.9637909904067783e-09,0.0,0.0,0.847846508026123,0.0,,,,,,,,,,,,,,,,
740,0.927889347076416,-0.6639187932014465,0.004055183846503496,0.004063726868480444,8.609755042243705e-08,0.9197858572006226,0.9197549223899841,0.0,9.309973393101245e-06,0.0,0.0,0.8448293209075928,0.0,,,,,,,,,,,,,,,,
741,0.9280876517295837,-0.6598430871963501,0.00410827249288559,0.004101123660802841,2.3785981184687444e-08,0.919862687587738,0.9198938012123108,0.0,4.255211752024479e-05,0.0,0.0,0.85417640209198,0.0,,,,,,,,,,,,,,,,
742,0.927926778793335,-0.6560372114181519,0.004003235138952732,0.004007803741842508,6.682957121029176e-08,0.9199249148368835,0.919906497001648,0.0,0.0,0.0,0.0,0.8682544231414795,0.0,,,,,,,,,,,,,,,,
743,0.9279537200927734,-0.6615933775901794,0.003960495349019766,0.003971264697611332,7.083421138531776e-08,0.9200378060340881,0.9200059175491333,0.0,0.0,0.0,0.0,0.8599608540534973,0.0,,,,,,,,,,,,,,,,
744,0.9280164837837219,-0.6674510836601257,0.003897743998095393,0.0038949407171458006,7.995276973815635e-08,0.9202207922935486,0.9202266931533813,0.0,2.2565398467122577e-05,0.0,0.0,0.853672444820404,0.0,,,,,,,,,,,,,,,,
745,0.9279819130897522,-0.6623396873474121,0.004026355687528849,0.004070532042533159,2.385372788182849e-08,0.919935941696167,0.9198340177536011,0.0,3.4753961861144766e-12,0.0,0.0,0.8741531372070312,0.0,,,,,,,,,,,,,,,,
746,0.9279544949531555,-0.660342276096344,0.0038868095725774765,0.003915807232260704,2.7229839716369497e-08,0.9201925992965698,0.9201111197471619,0.0,3.447997005423531e-05,0.0,0.0,0.8725706934928894,0.0,,,,,,,,,,,,,,,,
747,0.9280315637588501,-0.6642193794250488,0.004097439348697662,0.004057671874761581,1.1609295569314781e-07,0.9198372960090637,0.9199154376983643,0.0,3.9973081584321335e-05,0.0,0.0,0.8586775660514832,0.0,,,,,,,,,,,,,,,,
748,0.9279171824455261,-0.6686054468154907,0.0038761207833886147,0.0038697258569300175,7.589064665580736e-08,0.9201610684394836,0.9201815128326416,0.0,2.2429296222981066e-05,0.0,0.0,0.8656761050224304,0.0,,,,,,,,,,,,,,,,
749,0.9279884099960327,-0.6640491485595703,0.003992935176938772,0.003962024115025997,8.697002562563227e-10,0.9200260043144226,0.9200408458709717,0.0,3.863911115331575e-05,0.0,0.0,0.8587571382522583,0.0,,,,,,,,,,,,,,,,
750,0.9281840920448303,-0.6656405329704285,0.004033198114484549,0.004045963287353516,7.50790434267401e-08,0.9201143980026245,0.9200953245162964,0.0,2.466070327500347e-05,0.0,0.0,0.8575594425201416,0.0,,,,,,,,,,,,,,,,
751,0.9281495213508606,-0.6669983267784119,0.0041158185340464115,0.004097307100892067,7.486321607075297e-08,0.9199181199073792,0.9199544787406921,0.0,3.229434878448956e-05,0.0,0.0,0.8485430479049683,0.0,,,,,,,,,,,,,,,,
752,0.9280925989151001,-0.6649696230888367,0.004098891746252775,0.004043592140078545,7.785341260557743e-09,0.9199020862579346,0.9199982285499573,0.0,1.2667735063587315e-05,0.0,0.0,0.876839816570282,0.0,,,,,,,,,,,,,,,,
753,0.9278680682182312,-0.6646381616592407,0.00403846800327301,0.0040143635123968124,3.0023088015695976e-07,0.9197909235954285,0.9198389649391174,0.0,2.5208989882230526e-06,0.0,0.0,0.8441659808158875,0.0,,,,,,,,,,,,,,,,
754,0.9278942346572876,-0.6689278483390808,0.003995313309133053,0.003968673292547464,2.239692342698163e-08,0.9198991656303406,0.9199612140655518,0.0,3.061782263102941e-05,0.0,0.0,0.8414250016212463,0.0,,,,,,,,,,,,,,,,
755,0.9280378222465515,-0.6721525192260742,0.003987163305282593,0.003967815078794956,1.3826180200737781e-08,0.9200636744499207,0.9201019406318665,0.0,3.175178790115751e-05,0.0,0.0,0.8440741896629333,0.0,,,,,,,,,,,,,,,,
756,0.9279412031173706,-0.6728476285934448,0.004093100782483816,0.00409113010391593,6.924972950628216e-08,0.9197667241096497,0.9197471141815186,0.0,0.0,0.0,0.0,0.8557341694831848,0.0,,,,,,,,,,,,,,,,
757,0.9279028177261353,-0.6701115965843201,0.004095008131116629,0.004099380224943161,5.6560683248108035e-08,0.9197061657905579,0.919710636138916,0.0,0.0,0.0,0.0,0.8662710189819336,0.0,,,,,,,,,,,,,,,,
758,0.9279528856277466,-0.6688522100448608,0.004088317509740591,0.004040341824293137,7.278735125737512e-08,0.9197839498519897,0.9198642373085022,0.0,1.1305929547233973e-05,0.0,0.0,0.8685547113418579,0.0,,,,,,,,,,,,,,,,
759,0.9279735088348389,-0.668890655040741,0.004001254681497812,0.004007338546216488,1.7378426475644915e-09,0.9199762344360352,0.9199535846710205,0.0,9.6178982857964e-06,0.0,0.0,0.8593477010726929,0.0,,,,,,,,,,,,,,,,
760,0.9281861186027527,-0.6704964637756348,0.004104464314877987,0.0040957024320960045,2.7548041625635733e-10,0.9199796319007874,0.9199922680854797,0.0,3.0838481990258515e-08,0.0,0.0,0.8770738244056702,0.0,,,,,,,,,,,,,,,,
761,0.9281337857246399,-0.6724259257316589,0.004099773243069649,0.0041032047010958195,3.7593562041138284e-08,0.9199444651603699,0.9199170470237732,0.0,0.0,0.0,0.0,0.854611337184906,0.0,,,,,,,,,,,,,,,,
762,0.9279484152793884,-0.6752857565879822,0.00392993213608861,0.003926915116608143,5.477834852385399e-11,0.920091986656189,0.9200911521911621,0.0,1.4125769666861743e-05,0.0,0.0,0.8505274057388306,0.0,,,,,,,,,,,,,,,,
763,0.9280285835266113,-0.677978515625,0.0039031878113746643,0.0039364672265946865,1.2594672860188894e-08,0.9202260971069336,0.9201517701148987,0.0,0.0,0.0,0.0,0.8528282642364502,0.0,,,,,,,,,,,,,,,,
764,0.9279748797416687,-0.6736068725585938,0.004079657141119242,0.004053480923175812,4.73010342005864e-09,0.9198368787765503,0.9198465943336487,0.0,8.429964992728856e-08,0.0,0.0,0.8494338989257812,0.0,,,,,,,,,,,,,,,,
765,0.9279859066009521,-0.6741054654121399,0.003966801334172487,0.004010768607258797,5.971808825222524e-09,0.9200507998466492,0.9199657440185547,0.0,1.1411641025915742e-05,0.0,0.0,0.8698196411132812,0.0,,,,,,,,,,,,,,,,
766,0.9279905557632446,-0.6739711165428162,0.003984570968896151,0.003987809643149376,3.099591472377483e-09,0.9200241565704346,0.9200122356414795,0.0,4.9679347284836695e-06,0.0,0.0,0.8526184558868408,0.0,,,,,,,,,,,,,,,,
767,0.9279893636703491,-0.6789039969444275,0.003970701713114977,0.00398900406435132,4.110061979645252e-08,0.9200451374053955,0.9200140833854675,0.0,9.87270595942391e-06,0.0,0.0,0.8529831767082214,0.0,,,,,,,,,,,,,,,,
768,0.9279941916465759,-0.6769384145736694,0.003954547457396984,0.003978218883275986,5.24493479758803e-08,0.920085608959198,0.920037031173706,0.0,1.5104532394616399e-05,0.0,0.0,0.8630481362342834,0.0,,,,,,,,,,,,,,,,
769,0.927960991859436,-0.6779903769493103,0.00407019117847085,0.004064708482474089,5.122193158513255e-08,0.9198195338249207,0.9198325276374817,0.0,7.650544198156695e-09,0.0,0.0,0.8536030650138855,0.0,,,,,,,,,,,,,,,,
770,0.9280288815498352,-0.6785007119178772,0.00391962518915534,0.003951200284063816,5.0019565378534026e-08,0.9201952219009399,0.9201208353042603,0.0,3.6243935028323904e-05,0.0,0.0,0.8432718515396118,0.0,,,,,,,,,,,,,,,,
771,0.928032636642456,-0.680182695388794,0.0039891647174954414,0.003971972968429327,3.5880944437849394e-08,0.9200626015663147,0.9200804233551025,0.0,1.0248684702673927e-05,0.0,0.0,0.8474578857421875,0.0,,,,,,,,,,,,,,,,
772,0.9279962778091431,-0.6742777824401855,0.004079277161508799,0.004061692859977484,4.776068962542013e-08,0.9198490381240845,0.9198614954948425,0.0,3.136982923024334e-05,0.0,0.0,0.8703638315200806,0.0,,,,,,,,,,,,,,,,
773,0.9279646277427673,-0.6749823689460754,0.003963346593081951,0.003974019084125757,5.693207238977038e-09,0.9200396537780762,0.9200148582458496,0.0,3.4276316000614315e-05,0.0,0.0,0.8422408103942871,0.0,,,,,,,,,,,,,,,,
774,0.928100049495697,-0.6821888089179993,0.003914051689207554,0.003912073560059071,2.8032379972842136e-08,0.9202733039855957,0.9202744960784912,0.0,6.629101790167624e-06,0.0,0.0,0.843197226524353,0.0,,,,,,,,,,,,,,,,
775,0.9279822707176208,-0.688035249710083,0.004021074157208204,0.004021965898573399,4.488066096541843e-08,0.9199395775794983,0.9199387431144714,0.0,2.7018191758543253e-05,0.0,0.0,0.8529675006866455,0.0,,,,,,,,,,,,,,,,
776,0.9281384348869324,-0.6809273362159729,0.0041917855851352215,0.004167444538325071,4.42190071225923e-08,0.9197543263435364,0.919804036617279,0.0,1.2646636605495587e-05,0.0,0.0,0.8345118165016174,0.0,,,,,,,,,,,,,,,,
777,0.9279676675796509,-0.6750535368919373,0.004092605784535408,0.004059998784214258,2.6052749291238797e-08,0.9197881817817688,0.9198418855667114,0.0,2.9838773116352968e-05,0.0,0.0,0.8395644426345825,0.0,,,,,,,,,,,,,,,,
778,0.9280658960342407,-0.6818475723266602,0.003997307736426592,0.004005128517746925,2.5342689724539014e-08,0.9200602769851685,0.9200665950775146,0.0,0.0,0.0,0.0,0.8508215546607971,0.0,,,,,,,,,,,,,,,,
779,0.928017795085907,-0.6867143511772156,0.003979997243732214,0.003972576931118965,4.11400051802957e-08,0.9200604557991028,0.9200698137283325,0.0,2.3033146135276183e-05,0.0,0.0,0.8413329720497131,0.0,,,,,,,,,,,,,,,,
780,0.9280129075050354,-0.6844091415405273,0.004056969657540321,0.004052185453474522,5.383107293255307e-09,0.9199025630950928,0.9199049472808838,0.0,0.0,0.0,0.0,0.8307406306266785,0.0,,,,,,,,,,,,,,,,
781,0.9279094338417053,-0.680654764175415,0.004076497163623571,0.004077425692230463,2.5249451418574154e-09,0.9197574853897095,0.9197535514831543,0.0,6.958868198125856e-06,0.0,0.0,0.8565337657928467,0.0,,,,,,,,,,,,,,,,
782,0.9280080199241638,-0.6848209500312805,0.003945542965084314,0.003948364872485399,4.110810536417375e-08,0.9201183319091797,0.9201098680496216,0.0,0.0,0.0,0.0,0.8564245700836182,0.0,,,,,,,,,,,,,,,,
783,0.9279719591140747,-0.6884595155715942,0.003963842522352934,0.003962884657084942,4.046358981213416e-08,0.9200468063354492,0.9200435876846313,0.0,2.719163239817135e-05,0.0,0.0,0.8357000946998596,0.0,,,,,,,,,,,,,,,,
784,0.927936315536499,-0.6867203712463379,0.004014178179204464,0.003982131369411945,3.979331708592326e-08,0.9199095964431763,0.9199704527854919,0.0,3.789106615276205e-12,0.0,0.0,0.8411550521850586,0.0,,,,,,,,,,,,,,,,
785,0.9279686808586121,-0.684333860874176,0.003954312298446894,0.003959937021136284,3.910698964659787e-08,0.9200566411018372,0.9200521111488342,0.0,1.8641799215401988e-06,0.0,0.0,0.855269193649292,0.0,,,,,,,,,,,,,,,,
786,0.9279736280441284,-0.6842693090438843,0.0039011226035654545,0.003870575688779354,3.8512617095420865e-08,0.9201949834823608,0.920208752155304,0.0,6.640145766567684e-09,0.0,0.0,0.8590476512908936,0.0,,,,,,,,,,,,,,,,
787,0.9279958605766296,-0.6918132305145264,0.003951392136514187,0.0039473604410886765,9.269095713193565e-09,0.9200953841209412,0.9200988411903381,0.0,1.264391448785318e-05,0.0,0.0,0.857559084892273,0.0,,,,,,,,,,,,,,,,
788,0.92787766456604,-0.6934785842895508,0.003997845575213432,0.003972524777054787,5.461945340456964e-10,0.9198848605155945,0.9199296832084656,0.0,2.0390656572999433e-05,0.0,0.0,0.8343135714530945,0.0,,,,,,,,,,,,,,,,
789,0.9280162453651428,-0.689100444316864,0.003940551541745663,0.003964305855333805,3.754174571213298e-08,0.920137882232666,0.9200848340988159,0.0,3.452979768781006e-08,0.0,0.0,0.8200259804725647,0.0,,,,,,,,,,,,,,,,
790,0.9279696345329285,-0.6850134134292603,0.004008121322840452,0.004021223168820143,1.3255017528024382e-08,0.9199574589729309,0.9199231266975403,0.0,2.5029979951796122e-05,0.0,0.0,0.8568070530891418,0.0,,,,,,,,,,,,,,,,
791,0.9281394481658936,-0.689896285533905,0.0038991339970380068,0.0038814940489828587,3.750301047489302e-08,0.9203380346298218,0.9203794598579407,0.0,0.0,0.0,0.0,0.8433505296707153,0.0,,,,,,,,,,,,,,,,
792,0.9280253052711487,-0.693394124507904,0.003989787306636572,0.003963623195886612,3.495747691317774e-08,0.9200497269630432,0.9200938940048218,0.0,2.3734897695248947e-05,0.0,0.0,0.8400235176086426,0.0,,,,,,,,,,,,,,,,
793,0.9280470609664917,-0.6944007277488708,0.004011345561593771,0.00399774219840765,3.471980392077967e-08,0.9200431704521179,0.9200326800346375,0.0,2.8553860829561017e-05,0.0,0.0,0.8563540577888489,0.0,,,,,,,,,,,,,,,,
794,0.9281067252159119,-0.692647397518158,0.0041052065789699554,0.004114856012165546,5.3277902922754805e-11,0.91988605260849,0.9198872447013855,0.0,7.275655633520728e-10,0.0,0.0,0.8453143239021301,0.0,,,,,,,,,,,,,,,,
795,0.9281083941459656,-0.6946491599082947,0.004107533488422632,0.004072658251971006,3.363795642030709e-08,0.9199151992797852,0.9199411869049072,0.0,3.189375638612546e-05,0.0,0.0,0.8538957834243774,0.0,,,,,,,,,,,,,,,,
796,0.9280081391334534,-0.6950403451919556,0.004016522783786058,0.004020249005407095,1.0661993510296952e-10,0.9199796319007874,0.9199631214141846,0.0,1.6880647308425978e-05,0.0,0.0,0.8487107753753662,0.0,,,,,,,,,,,,,,,,
797,0.9279616475105286,-0.6953338980674744,0.003975451458245516,0.0039815702475607395,1.9718143784430708e-10,0.9200124740600586,0.9199966788291931,0.0,8.031694051169325e-06,0.0,0.0,0.8579280376434326,0.0,,,,,,,,,,,,,,,,
798,0.9279178977012634,-0.6939696073532104,0.003998033702373505,0.0040221139788627625,8.858086175678181e-08,0.9199298620223999,0.9198654294013977,0.0,5.10138415847905e-05,0.0,0.0,0.8412505984306335,0.0,,,,,,,,,,,,,,,,
799,0.9279971122741699,-0.6900163888931274,0.00395590765401721,0.003988607320934534,4.086260574354128e-08,0.9200870394706726,0.9200180172920227,0.0,8.601822032439088e-10,0.0,0.0,0.8431692719459534,0.0,,,,,,,,,,,,,,,,
800,0.928177535533905,-0.6989689469337463,0.003950593061745167,0.003936539404094219,4.04018116739735e-08,0.9202888011932373,0.9202919602394104,0.0,4.301714216126129e-05,0.0,0.0,0.8541533946990967,0.0,,,,,,,,,,,,,,,,
801,0.9281668066978455,-0.7017228007316589,0.003965209703892469,0.00397081021219492,3.6778551759653055e-08,0.9202548861503601,0.9202065467834473,0.0,1.77719284693012e-05,0.0,0.0,0.8622216582298279,0.0,,,,,,,,,,,,,,,,
802,0.9282129406929016,-0.6970644593238831,0.004108352120965719,0.004108475986868143,1.6610828268426303e-08,0.9200188517570496,0.9199733138084412,0.0,2.3370987037196755e-05,0.0,0.0,0.8601415157318115,0.0,,,,,,,,,,,,,,,,
803,0.9279868006706238,-0.6931864023208618,0.003969171550124884,0.003978061955422163,2.14941238141364e-08,0.920060396194458,0.9200186729431152,0.0,0.0,0.0,0.0,0.8481801152229309,0.0,,,,,,,,,,,,,,,,
804,0.9279779195785522,-0.6959807276725769,0.004030469339340925,0.004012090619653463,2.0744531425975765e-08,0.9199286699295044,0.9199419617652893,0.0,1.396515654050745e-05,0.0,0.0,0.8604806065559387,0.0,,,,,,,,,,,,,,,,
805,0.9280318021774292,-0.7018025517463684,0.004084842279553413,0.004080126527696848,2.991299297150363e-08,0.9198532104492188,0.9198803305625916,0.0,1.4066130482603967e-08,0.0,0.0,0.8408227562904358,0.0,,,,,,,,,,,,,,,,
806,0.9280154705047607,-0.7009078860282898,0.004119464661926031,0.004117490723729134,2.7978630967595564e-08,0.9197677969932556,0.91978919506073,0.0,0.0,0.0,0.0,0.8608906865119934,0.0,,,,,,,,,,,,,,,,
807,0.927963376045227,-0.696471095085144,0.004176102112978697,0.004154113121330738,9.021119851126969e-09,0.9196252226829529,0.9196410775184631,0.0,0.0,0.0,0.0,0.8597670793533325,0.0,,,,,,,,,,,,,,,,
808,0.9279899001121521,-0.7010918855667114,0.004049322567880154,0.004021184053272009,1.1124356991132345e-09,0.9198945760726929,0.919944167137146,0.0,8.939626816584223e-11,0.0,0.0,0.8691779971122742,0.0,,,,,,,,,,,,,,,,
809,0.928141713142395,-0.7064751386642456,0.004080177750438452,0.004060134291648865,2.5593994479322646e-08,0.9199885129928589,0.9200143218040466,0.0,0.0,0.0,0.0,0.8420982956886292,0.0,,,,,,,,,,,,,,,,
810,0.9280751943588257,-0.7039684057235718,0.0040707155130803585,0.004053821321576834,2.478504868008713e-08,0.9199271202087402,0.9199740290641785,0.0,0.0,0.0,0.0,0.8446265459060669,0.0,,,,,,,,,,,,,,,,
811,0.9280449151992798,-0.6983677744865417,0.0039592646062374115,0.003921390976756811,2.4195559333861638e-08,0.9201228618621826,0.9202055335044861,0.0,7.266899082480904e-09,0.0,0.0,0.846707820892334,0.0,,,,,,,,,,,,,,,,
812,0.9280800819396973,-0.699996829032898,0.0039476691745221615,0.003946695011109114,2.3154159478622205e-08,0.9201980233192444,0.9201733469963074,0.0,0.0,0.0,0.0,0.8456132411956787,0.0,,,,,,,,,,,,,,,,
813,0.9280315041542053,-0.706257700920105,0.003984874114394188,0.003980209585279226,2.2332514504341816e-08,0.9200567007064819,0.9200761318206787,0.0,5.395485004555667e-06,0.0,0.0,0.8427245020866394,0.0,,,,,,,,,,,,,,,,
814,0.9280609488487244,-0.7070174813270569,0.004030297975987196,0.004024075344204903,2.1525693227886222e-08,0.9200077652931213,0.9200053811073303,0.0,2.604697101560305e-06,0.0,0.0,0.8349912762641907,0.0,,,,,,,,,,,,,,,,
815,0.9280315041542053,-0.7018852233886719,0.0040405429899692535,0.004025931935757399,2.0740325012980065e-08,0.9199597239494324,0.9199702739715576,0.0,1.9277365481684683e-08,0.0,0.0,0.8447538018226624,0.0,,,,,,,,,,,,,,,,
816,0.9279736876487732,-0.7036123275756836,0.003955433145165443,0.003949249163269997,2.430967072086787e-08,0.9200810790061951,0.920056939125061,0.0,0.0,0.0,0.0,0.8428421020507812,0.0,,,,,,,,,,,,,,,,
817,0.928067147731781,-0.710591733455658,0.004019631072878838,0.003991411998867989,1.9261099382106295e-08,0.9200305938720703,0.920081615447998,0.0,0.0,0.0,0.0,0.8446915745735168,0.0,,,,,,,,,,,,,,,,
818,0.9280707240104675,-0.7118505239486694,0.003948637284338474,0.003966209944337606,7.080336317244473e-11,0.9201658368110657,0.9201458692550659,0.0,0.0,0.0,0.0,0.8437360525131226,0.0,,,,,,,,,,,,,,,,
819,0.9281100630760193,-0.7052645087242126,0.00408218614757061,0.004107785876840353,1.787257275509546e-08,0.9199342727661133,0.9199058413505554,0.0,2.2247265860642074e-06,0.0,0.0,0.8409162163734436,0.0,,,,,,,,,,,,,,,,
820,0.9281571507453918,-0.7045303583145142,0.0041909902356565,0.00419696606695652,1.9205915080533487e-08,0.9197871685028076,0.9197511672973633,0.0,0.0,0.0,0.0,0.8420933485031128,0.0,,,,,,,,,,,,,,,,
821,0.9281607866287231,-0.7116751074790955,0.0040415143594145775,0.004024991299957037,1.6940743918780754e-08,0.9200775027275085,0.9201109409332275,0.0,0.0,0.0,0.0,0.8418186902999878,0.0,,,,,,,,,,,,,,,,
822,0.9280818104743958,-0.7116513848304749,0.004112678114324808,0.0041261473670601845,1.5864243252394772e-08,0.9198628664016724,0.9198230504989624,0.0,1.4266724974731915e-05,0.0,0.0,0.8452548980712891,0.0,,,,,,,,,,,,,,,,
823,0.9280534982681274,-0.7044802904129028,0.004044231493026018,0.003990533761680126,2.6423523991070397e-07,0.9199559688568115,0.9200810194015503,0.0,0.0,0.0,0.0,0.842200756072998,0.0,,,,,,,,,,,,,,,,
824,0.9280442595481873,-0.7062645554542542,0.0039567346684634686,0.003932369872927666,1.4595777031445323e-08,0.9201208353042603,0.9201894998550415,0.0,0.0,0.0,0.0,0.8513758778572083,0.0,,,,,,,,,,,,,,,,
825,0.9281291365623474,-0.719297468662262,0.0040602972730994225,0.004049685318022966,7.301029558703931e-09,0.9200144410133362,0.9200238585472107,0.0,3.1311064958572388e-06,0.0,0.0,0.8497714996337891,0.0,,,,,,,,,,,,,,,,
826,0.9282252192497253,-0.7147402763366699,0.004197899717837572,0.004178757779300213,1.3793273190287891e-08,0.9198262691497803,0.9198708534240723,0.0,0.0,0.0,0.0,0.8566498160362244,0.0,,,,,,,,,,,,,,,,
827,0.9280701279640198,-0.7076278924942017,0.004034805111587048,0.004024609457701445,1.2513565295080298e-08,0.9200103878974915,0.9200109243392944,0.0,1.2140136895766318e-08,0.0,0.0,0.8501520156860352,0.0,,,,,,,,,,,,,,,,
828,0.9281110167503357,-0.7081480622291565,0.003977424465119839,0.003942999057471752,1.1774707431300158e-08,0.9201704263687134,0.9202107191085815,0.0,0.0,0.0,0.0,0.8544796109199524,0.0,,,,,,,,,,,,,,,,
829,0.9280640482902527,-0.7143535017967224,0.00397723400965333,0.003959080204367638,9.615609641855372e-09,0.9201136231422424,0.9201419353485107,0.0,0.0,0.0,0.0,0.8527864217758179,0.0,,,,,,,,,,,,,,,,
830,0.9281471967697144,-0.7133006453514099,0.004126536659896374,0.00411139614880085,1.0319298304750646e-08,0.9198940396308899,0.9199243783950806,0.0,1.635213448025752e-05,0.0,0.0,0.86663818359375,0.0,,,,,,,,,,,,,,,,
831,0.928009569644928,-0.7128593921661377,0.0038848526310175657,0.003896609880030155,9.615058083056738e-09,0.9202309250831604,0.9202252626419067,0.0,8.212579061250835e-09,0.0,0.0,0.8625080585479736,0.0,,,,,,,,,,,,,,,,
832,0.9280332326889038,-0.7181957960128784,0.003941003233194351,0.003958497662097216,8.916820171123163e-09,0.9201462268829346,0.9201212525367737,0.0,0.0,0.0,0.0,0.866482138633728,0.0,,,,,,,,,,,,,,,,
833,0.9280202388763428,-0.7166552543640137,0.004002455156296492,0.004003292880952358,9.828649005783063e-09,0.9200102686882019,0.9200186729431152,0.0,6.083328063510862e-09,0.0,0.0,0.8652626276016235,0.0,,,,,,,,,,,,,,,,
834,0.927984893321991,-0.7123740911483765,0.0038951984606683254,0.0038665866013616323,7.548004887780735e-09,0.9201892018318176,0.920257031917572,0.0,6.845053803772316e-07,0.0,0.0,0.844184398651123,0.0,,,,,,,,,,,,,,,,
835,0.9280580282211304,-0.7125623226165771,0.003998686093837023,0.003979986999183893,7.427757964251214e-09,0.9200645685195923,0.9200941920280457,0.0,3.194661246652686e-08,0.0,0.0,0.855523943901062,0.0,,,,,,,,,,,,,,,,
836,0.9280710220336914,-0.7183216214179993,0.00393805792555213,0.003945559728890657,8.672037310475389e-09,0.9201972484588623,0.9201775789260864,0.0,6.890660841918361e-08,0.0,0.0,0.8480653762817383,0.0,,,,,,,,,,,,,,,,
837,0.9282025098800659,-0.7178423404693604,0.003948140423744917,0.003969341050833464,5.683900017317001e-09,0.9203104972839355,0.9202595949172974,0.0,2.3850892816312808e-08,0.0,0.0,0.8415862917900085,0.0,,,,,,,,,,,,,,,,
838,0.9279599785804749,-0.7168869972229004,0.003976646810770035,0.003996798302978277,5.098789390700631e-09,0.9200050234794617,0.9199680685997009,0.0,3.9518777139591066e-10,0.0,0.0,0.8282657861709595,0.0,,,,,,,,,,,,,,,,
839,0.9280363917350769,-0.7190037369728088,0.003948010504245758,0.003954873885959387,4.5911634494189e-09,0.9201341271400452,0.9201329350471497,0.0,0.0,0.0,0.0,0.8490650057792664,0.0,,,,,,,,,,,,,,,,
840,0.9280522465705872,-0.7200029492378235,0.004064950626343489,0.004041857551783323,4.115292551176708e-09,0.919919490814209,0.9199713468551636,0.0,0.0,0.0,0.0,0.8396918773651123,0.0,,,,,,,,,,,,,,,,
841,0.9281038641929626,-0.72249436378479,0.004121602047234774,0.004101164638996124,3.6685403603797795e-09,0.9198535680770874,0.9199087023735046,0.0,0.0,0.0,0.0,0.8293347954750061,0.0,,,,,,,,,,,,,,,,
842,0.9280174374580383,-0.7204799652099609,0.004097364377230406,0.0041201445274055,3.253707525630034e-09,0.919814944267273,0.9197849631309509,0.0,0.0,0.0,0.0,0.8415627479553223,0.0,,,,,,,,,,,,,,,,
843,0.9279958009719849,-0.7193852066993713,0.004035784862935543,0.0040068840608000755,2.8706086396823594e-09,0.919926106929779,0.9199800491333008,0.0,6.903244087475002e-10,0.0,0.0,0.8282166719436646,0.0,,,,,,,,,,,,,,,,
844,0.9279468655586243,-0.7204250693321228,0.003929032012820244,0.00391389662399888,2.5180502127852833e-09,0.9200976490974426,0.9201101660728455,0.0,0.0,0.0,0.0,0.8437736630439758,0.0,,,,,,,,,,,,,,,,
845,0.9283830523490906,-0.7221128940582275,0.004080467391759157,0.004093588795512915,1.2380857450366989e-09,0.9202229380607605,0.9201950430870056,0.0,0.0,0.0,0.0,0.8484464287757874,0.0,,,,,,,,,,,,,,,,
846,0.9280210733413696,-0.7237080335617065,0.003951345570385456,0.003958428744226694,1.9081753954708347e-09,0.9201262593269348,0.9200963377952576,0.0,1.0631592886056751e-05,0.0,0.0,0.8187436461448669,0.0,,,,,,,,,,,,,,,,
847,0.9281221628189087,-0.7239928841590881,0.004040831234306097,0.00402831519022584,1.670244387241837e-09,0.9200611114501953,0.9200449585914612,0.0,2.7420590242854814e-09,0.0,0.0,0.8366630673408508,0.0,,,,,,,,,,,,,,,,
848,0.9280284643173218,-0.7253884077072144,0.003975369967520237,0.003994355443865061,2.6314907586311165e-08,0.9200747609138489,0.9200427532196045,0.0,0.0,0.0,0.0,0.8418936729431152,0.0,,,,,,,,,,,,,,,,
849,0.9280350208282471,-0.7237645983695984,0.004079618491232395,0.004086683504283428,2.0334351980011434e-09,0.9198865294456482,0.9198508262634277,0.0,5.175969164383787e-08,0.0,0.0,0.8493189811706543,0.0,,,,,,,,,,,,,,,,
850,0.9280624985694885,-0.7242667078971863,0.00402088975533843,0.003990136086940765,1.2919366021435508e-08,0.9200320839881897,0.9200708270072937,0.0,0.0,0.0,0.0,0.8381478786468506,0.0,,,,,,,,,,,,,,,,
851,0.9280294179916382,-0.7253195643424988,0.004070321563631296,0.004032452590763569,7.989735539837284e-10,0.9198914766311646,0.9199618101119995,0.0,2.4673696419341695e-09,0.0,0.0,0.8404123187065125,0.0,,,,,,,,,,,,,,,,
852,0.9281213283538818,-0.7241232991218567,0.004186386242508888,0.004156146198511124,6.251376638566342e-10,0.919766366481781,0.9197913408279419,0.0,0.0,0.0,0.0,0.8460947275161743,0.0,,,,,,,,,,,,,,,,
853,0.9280515909194946,-0.7266142964363098,0.004029599949717522,0.004024949390441179,1.4039501117224518e-08,0.9199984669685364,0.9199956059455872,0.0,0.0,0.0,0.0,0.8565539121627808,0.0,,,,,,,,,,,,,,,,
854,0.928080141544342,-0.7270140647888184,0.003981682006269693,0.003976734355092049,3.3447430936028866e-10,0.9201005101203918,0.9201429486274719,0.0,1.1962349333316524e-08,0.0,0.0,0.8580750823020935,0.0,,,,,,,,,,,,,,,,
855,0.9281460642814636,-0.7272920608520508,0.004163436125963926,0.004126930609345436,2.1806005612301504e-10,0.9198266863822937,0.9198846817016602,0.0,0.0,0.0,0.0,0.8512066006660461,0.0,,,,,,,,,,,,,,,,
856,0.9281549453735352,-0.7295100092887878,0.00398698914796114,0.003956101834774017,1.5884189796810944e-10,0.920194149017334,0.9202295541763306,0.0,3.262663383907238e-08,0.0,0.0,0.8497322797775269,0.0,,,,,,,,,,,,,,,,
857,0.9280407428741455,-0.7286728024482727,0.004026474896818399,0.003992144949734211,1.4059109432196237e-10,0.9199990034103394,0.9200452566146851,0.0,6.7976912987433025e-09,0.0,0.0,0.8519604206085205,0.0,,,,,,,,,,,,,,,,
858,0.9280458092689514,-0.731683075428009,0.004000256769359112,0.004012724384665489,1.3772399887201914e-11,0.9200423955917358,0.9200232028961182,0.0,1.5675709619245026e-08,0.0,0.0,0.8540273904800415,0.0,,,,,,,,,,,,,,,,
859,0.9280683398246765,-0.7314692139625549,0.0040822457522153854,0.004110570531338453,1.4595777932532525e-16,0.9198960065841675,0.919854998588562,0.0,0.0,0.0,0.0,0.8547940254211426,0.0,,,,,,,,,,,,,,,,
860,0.9280555844306946,-0.7301584482192993,0.004061374347656965,0.004075554199516773,0.0,0.9199153780937195,0.9199219346046448,0.0,6.478774849938418e-08,0.0,0.0,0.8571042418479919,0.0,,,,,,,,,,,,,,,,
861,0.9281314015388489,-0.7314040660858154,0.004050777293741703,0.004052677191793919,1.0603014022336765e-09,0.9200295805931091,0.9200263619422913,0.0,9.151988820121915e-07,0.0,0.0,0.8317728638648987,0.0,,,,,,,,,,,,,,,,
862,0.928087592124939,-0.7359060049057007,0.003967393189668655,0.003979875706136227,0.0,0.9201411008834839,0.9201395511627197,0.0,0.0,0.0,0.0,0.8371025919914246,0.0,,,,,,,,,,,,,,,,
863,0.9280586242675781,-0.7319618463516235,0.004017304163426161,0.003996162209659815,0.0,0.9200249314308167,0.9200653433799744,0.0,5.93060101028442e-10,0.0,0.0,0.8481257557868958,0.0,,,,,,,,,,,,,,,,
864,0.9280614256858826,-0.7254379987716675,0.00399473262950778,0.0040412237867712975,0.0,0.9200743436813354,0.9199765920639038,0.0,3.1403892819525936e-09,0.0,0.0,0.8447037935256958,0.0,,,,,,,,,,,,,,,,
865,0.9280627369880676,-0.7313254475593567,0.003914878237992525,0.003910802770406008,6.119718620745118e-11,0.9202406406402588,0.9202334880828857,0.0,1.2582718200704335e-10,0.0,0.0,0.8521100878715515,0.0,,,,,,,,,,,,,,,,
866,0.9280717372894287,-0.7392483353614807,0.004012418910861015,0.004016258288174868,1.1738837679686753e-09,0.9200378656387329,0.9200482368469238,0.0,7.096216843305303e-12,0.0,0.0,0.8559668660163879,0.0,,,,,,,,,,,,,,,,
867,0.9281107187271118,-0.7380256056785583,0.004086185712367296,0.0041280267760157585,5.538912106750615e-10,0.919923722743988,0.9198692440986633,0.0,3.3764660511970135e-10,0.0,0.0,0.8511655926704407,0.0,,,,,,,,,,,,,,,,
868,0.928213357925415,-0.7311923503875732,0.004066453315317631,0.004066724795848131,1.2072651038586013e-11,0.9200763702392578,0.9200839996337891,0.0,0.0,0.0,0.0,0.8389337658882141,0.0,,,,,,,,,,,,,,,,
869,0.928059458732605,-0.7337808012962341,0.003885940881446004,0.0039049182087183,0.0,0.9202929735183716,0.9202442169189453,0.0,1.171206258732127e-05,0.0,0.0,0.8375211358070374,0.0,,,,,,,,,,,,,,,,
870,0.9280182123184204,-0.7385912537574768,0.004114712122827768,0.00411934033036232,7.664142209762304e-09,0.9197812080383301,0.9197870492935181,0.0,0.0,0.0,0.0,0.8564887642860413,0.0,,,,,,,,,,,,,,,,
871,0.9280545115470886,-0.7361786961555481,0.004042611923068762,0.003999684937298298,1.2122657322422015e-09,0.9199907183647156,0.9200336933135986,0.0,0.0,0.0,0.0,0.8486897945404053,0.0,,,,,,,,,,,,,,,,
872,0.9281055331230164,-0.7344599962234497,0.003943555522710085,0.003930230159312487,0.0,0.9202244877815247,0.9202390313148499,0.0,0.0,0.0,0.0,0.8538222312927246,0.0,,,,,,,,,,,,,,,,
873,0.9282879829406738,-0.7380679845809937,0.00408379128202796,0.004076578188687563,0.0,0.9201331734657288,0.9201220870018005,0.0,0.0,0.0,0.0,0.8451457023620605,0.0,,,,,,,,,,,,,,,,
874,0.9280794262886047,-0.742317259311676,0.003985941410064697,0.003967676777392626,0.0,0.9201080203056335,0.9201435446739197,0.0,0.0,0.0,0.0,0.8312575221061707,0.0,,,,,,,,,,,,,,,,
875,0.9281660318374634,-0.7383341789245605,0.004106360021978617,0.004088902845978737,0.0,0.9199413657188416,0.9200001955032349,0.0,0.0,0.0,0.0,0.8420928120613098,0.0,,,,,,,,,,,,,,,,
876,0.9280351400375366,-0.7343729734420776,0.003950811922550201,0.003907228820025921,3.3173051111612395e-11,0.9201381802558899,0.9202159643173218,0.0,8.055695666087104e-09,0.0,0.0,0.8450400829315186,0.0,,,,,,,,,,,,,,,,
877,0.9280648827552795,-0.7401313781738281,0.0040000141598284245,0.003972512204200029,7.361189990895411e-10,0.9200674295425415,0.920117199420929,0.0,0.0,0.0,0.0,0.8390052318572998,0.0,,,,,,,,,,,,,,,,
878,0.9280610084533691,-0.7439413070678711,0.0039653233252465725,0.003951378166675568,1.3601304971189165e-08,0.9201278686523438,0.920160710811615,0.0,3.1230090513645337e-08,0.0,0.0,0.8288888335227966,0.0,,,,,,,,,,,,,,,,
879,0.9280933141708374,-0.7407074570655823,0.0041360934264957905,0.00414238590747118,0.0,0.9198266863822937,0.9198030233383179,0.0,0.0,0.0,0.0,0.8385326862335205,0.0,,,,,,,,,,,,,,,,
880,0.9280574917793274,-0.7402989268302917,0.003999568056315184,0.00397986127063632,0.0,0.9200604557991028,0.9200955629348755,0.0,3.808244386505066e-09,0.0,0.0,0.8428128957748413,0.0,,,,,,,,,,,,,,,,
881,0.9280798435211182,-0.7415285706520081,0.004032838623970747,0.004019757267087698,0.0,0.9200150966644287,0.9200394749641418,0.0,0.0,0.0,0.0,0.8354890942573547,0.0,,,,,,,,,,,,,,,,
882,0.9279778003692627,-0.7425915598869324,0.004026719834655523,0.004022995010018349,0.0,0.9199250936508179,0.9199310541152954,0.0,5.998554541974954e-09,0.0,0.0,0.8401198387145996,0.0,,,,,,,,,,,,,,,,
883,0.9280574321746826,-0.7425351142883301,0.0038785780780017376,0.0038703682366758585,5.409207304296615e-09,0.9203038215637207,0.9203131198883057,0.0,1.1907787644815926e-08,0.0,0.0,0.8324985504150391,0.0,,,,,,,,,,,,,,,,
884,0.9281097650527954,-0.7459719181060791,0.003937017638236284,0.003964029718190432,0.0,0.9202183485031128,0.9201989769935608,0.0,1.1808862221407423e-10,0.0,0.0,0.8328514695167542,0.0,,,,,,,,,,,,,,,,
885,0.9280799627304077,-0.7466992139816284,0.00409711105749011,0.004097822587937117,2.8185992428930717e-10,0.919883668422699,0.9198864698410034,0.0,2.0691739166522893e-07,0.0,0.0,0.8335956335067749,0.0,,,,,,,,,,,,,,,,
886,0.9281211495399475,-0.7454803586006165,0.004026656039059162,0.00403191102668643,0.0,0.9200560450553894,0.92006915807724,0.0,3.0621660584984056e-07,0.0,0.0,0.8413498401641846,0.0,,,,,,,,,,,,,,,,
887,0.928081214427948,-0.7477827668190002,0.003956313710659742,0.003973690792918205,1.6382600831477134e-10,0.9201709032058716,0.9201315641403198,0.0,0.0,0.0,0.0,0.8414548635482788,0.0,,,,,,,,,,,,,,,,
888,0.9281119704246521,-0.7436373829841614,0.004123954102396965,0.00413251668214798,1.8228015193706877e-14,0.9198691844940186,0.9198418259620667,0.0,0.0,0.0,0.0,0.8537330031394958,0.0,,,,,,,,,,,,,,,,
889,0.9281381964683533,-0.7447266578674316,0.003975574392825365,0.003960339818149805,1.0993440532902632e-11,0.9202027916908264,0.9202017784118652,0.0,0.0,0.0,0.0,0.8589799404144287,0.0,,,,,,,,,,,,,,,,
890,0.9280657172203064,-0.7480733394622803,0.003972939215600491,0.003991909325122833,2.9336585244399416e-11,0.9201105833053589,0.9200911521911621,0.0,5.03383603245311e-07,0.0,0.0,0.8318488001823425,0.0,,,,,,,,,,,,,,,,
891,0.9280304312705994,-0.7477340698242188,0.004129975568503141,0.004127342253923416,8.18395484714074e-09,0.9197840690612793,0.9197621941566467,0.0,0.0,0.0,0.0,0.8446977138519287,0.0,,,,,,,,,,,,,,,,
892,0.9280636310577393,-0.7459615468978882,0.003961868118494749,0.003957995213568211,4.504162320895233e-10,0.9201357364654541,0.9201518297195435,0.0,0.0,0.0,0.0,0.8532930016517639,0.0,,,,,,,,,,,,,,,,
893,0.9280436635017395,-0.7483639121055603,0.004067642148584127,0.004042112734168768,2.729611783998387e-14,0.9199154376983643,0.919952392578125,0.0,0.0,0.0,0.0,0.833222508430481,0.0,,,,,,,,,,,,,,,,
894,0.9281008243560791,-0.7535414099693298,0.003981359768658876,0.003990562632679939,0.0,0.9201233386993408,0.920134425163269,0.0,0.0,0.0,0.0,0.834165096282959,0.0,,,,,,,,,,,,,,,,
895,0.9281389117240906,-0.7529072761535645,0.00398953165858984,0.0039964355528354645,3.688955824837636e-12,0.920158326625824,0.9201475977897644,0.0,4.579151635653034e-08,0.0,0.0,0.8510944843292236,0.0,,,,,,,,,,,,,,,,
896,0.9280722141265869,-0.7477567195892334,0.0040856399573385715,0.004093816038221121,1.9425363010847074e-13,0.9198958277702332,0.9198896288871765,0.0,1.6653553203127558e-08,0.0,0.0,0.8469019532203674,0.0,,,,,,,,,,,,,,,,
897,0.9281590580940247,-0.7521854639053345,0.004006499890238047,0.003991656471043825,0.0,0.9201585054397583,0.9201633334159851,0.0,1.3472597970576317e-07,0.0,0.0,0.8515537977218628,0.0,,,,,,,,,,,,,,,,
898,0.9281471967697144,-0.7539599537849426,0.004086410626769066,0.0040772538632154465,1.3241617802250971e-09,0.9199842214584351,0.9199827313423157,0.0,6.056065426918167e-09,0.0,0.0,0.8379261493682861,0.0,,,,,,,,,,,,,,,,
899,0.9280462861061096,-0.7504045963287354,0.0040947450324893,0.004068991634994745,0.0,0.9198565483093262,0.9199085235595703,0.0,6.662843077265279e-08,0.0,0.0,0.8493309617042542,0.0,,,,,,,,,,,,,,,,
900,0.9280692934989929,-0.751617431640625,0.0041064671240746975,0.004114642273634672,0.0,0.9198638200759888,0.9198325872421265,0.0,0.0,0.0,0.0,0.8342652916908264,0.0,,,,,,,,,,,,,,,,
901,0.9281628131866455,-0.7561829686164856,0.004068286623805761,0.004063817672431469,4.284080867833495e-10,0.9200326800346375,0.9200286865234375,0.0,1.6609939848422073e-05,0.0,0.0,0.8610679507255554,0.0,,,,,,,,,,,,,,,,
902,0.9280553460121155,-0.755526065826416,0.004030364099889994,0.0040191952139139175,1.006427297056689e-08,0.9199861288070679,0.9200254082679749,0.0,0.0,0.0,0.0,0.8606353998184204,0.0,,,,,,,,,,,,,,,,
903,0.9281205534934998,-0.7519468665122986,0.004070534836500883,0.00407756632193923,2.2251300801912066e-09,0.9199835658073425,0.9199613928794861,0.0,4.2962977175875494e-08,0.0,0.0,0.8437439799308777,0.0,,,,,,,,,,,,,,,,
904,0.9280143976211548,-0.7523312568664551,0.003825451945886016,0.0038187226746231318,0.0,0.9203662872314453,0.9203741550445557,0.0,5.198651109594721e-08,0.0,0.0,0.8491047620773315,0.0,,,,,,,,,,,,,,,,
905,0.9280361533164978,-0.7559000253677368,0.0039989762008190155,0.00400110799819231,5.862668128742143e-09,0.920043408870697,0.920028805732727,0.0,6.6505858598020495e-09,0.0,0.0,0.8462950587272644,0.0,,,,,,,,,,,,,,,,
906,0.9280151724815369,-0.759066641330719,0.003938538953661919,0.0039270780980587006,1.6072966568803082e-10,0.9201353192329407,0.9201638698577881,0.0,3.075917121009297e-08,0.0,0.0,0.8456486463546753,0.0,,,,,,,,,,,,,,,,
907,0.9280569553375244,-0.7589221000671387,0.004080852027982473,0.004091791808605194,2.976862756298715e-09,0.919891357421875,0.9198773503303528,0.0,0.0,0.0,0.0,0.8658695816993713,0.0,,,,,,,,,,,,,,,,
908,0.9281712174415588,-0.7550790309906006,0.003964466508477926,0.003983048722147942,8.580749999431703e-11,0.9202544689178467,0.9201928973197937,0.0,3.427043338888325e-06,0.0,0.0,0.8665907382965088,0.0,,,,,,,,,,,,,,,,
909,0.9281884431838989,-0.75752854347229,0.0041126348078250885,0.004112673457711935,0.0,0.919979989528656,0.9199463129043579,0.0,0.0,0.0,0.0,0.8554520010948181,0.0,,,,,,,,,,,,,,,,
910,0.9280630946159363,-0.7590492963790894,0.003975686617195606,0.003970768768340349,0.0,0.9201164841651917,0.9201169013977051,0.0,2.4187688723031897e-06,0.0,0.0,0.830150842666626,0.0,,,,,,,,,,,,,,,,
911,0.9281051158905029,-0.7617934942245483,0.004037914797663689,0.004015469457954168,1.2299543605820418e-08,0.9200384616851807,0.9200648665428162,0.0,0.0,0.0,0.0,0.8439416289329529,0.0,,,,,,,,,,,,,,,,
912,0.9280543327331543,-0.7595899105072021,0.004099315032362938,0.0040861074812710285,0.0,0.9198498725891113,0.919887900352478,0.0,4.453330348042073e-06,0.0,0.0,0.8421704173088074,0.0,,,,,,,,,,,,,,,,
913,0.9282064437866211,-0.7621084451675415,0.004062510561197996,0.004025255795568228,0.0,0.9200950860977173,0.9201422333717346,0.0,0.0,0.0,0.0,0.8456137776374817,0.0,,,,,,,,,,,,,,,,
914,0.928064227104187,-0.7640746235847473,0.00402288930490613,0.0040194191969931126,0.0,0.920018196105957,0.9200255274772644,0.0,0.0,0.0,0.0,0.8422901034355164,0.0,,,,,,,,,,,,,,,,
915,0.927971601486206,-0.7614575028419495,0.004054598975926638,0.004015859216451645,0.0,0.9198604822158813,0.919941782951355,0.0,0.0,0.0,0.0,0.8381585478782654,0.0,,,,,,,,,,,,,,,,
916,0.9280813336372375,-0.7609289884567261,0.003991547040641308,0.003965733107179403,0.0,0.9200977683067322,0.9201502799987793,0.0,1.5206003123324763e-10,0.0,0.0,0.8287064433097839,0.0,,,,,,,,,,,,,,,,
917,0.928173840045929,-0.7621200680732727,0.00407015485689044,0.004070948343724012,0.0,0.92003333568573,0.9200321435928345,0.0,2.1942567400401458e-05,0.0,0.0,0.8422116637229919,0.0,,,,,,,,,,,,,,,,
918,0.9280754327774048,-0.7654304504394531,0.0039574927650392056,0.003966245334595442,0.0,0.9201661348342896,0.9201372861862183,0.0,1.4893745126087765e-09,0.0,0.0,0.8337187170982361,0.0,,,,,,,,,,,,,,,,
919,0.9281189441680908,-0.7652151584625244,0.003958919085562229,0.003983056638389826,0.0,0.9201921820640564,0.9201617240905762,0.0,0.0,0.0,0.0,0.8361949920654297,0.0,,,,,,,,,,,,,,,,
920,0.9281142354011536,-0.7637529969215393,0.004000261891633272,0.004033093340694904,4.251706542390821e-09,0.9201139807701111,0.9200477600097656,0.0,0.0,0.0,0.0,0.8508039712905884,0.0,,,,,,,,,,,,,,,,
921,0.928096354007721,-0.7619363069534302,0.0041419388726353645,0.004107427317649126,1.283417869670938e-17,0.9198198914527893,0.9198741912841797,0.0,0.0,0.0,0.0,0.8277313113212585,0.0,,,,,,,,,,,,,,,,
922,0.9281485676765442,-0.7650875449180603,0.004012744873762131,0.003997440915554762,0.0,0.920120120048523,0.9201565384864807,0.0,1.2048514186346893e-08,0.0,0.0,0.838444709777832,0.0,,,,,,,,,,,,,,,,
923,0.9280458688735962,-0.7662909030914307,0.004052408505231142,0.0040244050323963165,0.0,0.9199450612068176,0.9199931025505066,0.0,1.33272010316432e-07,0.0,0.0,0.836605966091156,0.0,,,,,,,,,,,,,,,,
924,0.9281471967697144,-0.7673794627189636,0.004012840799987316,0.00398176210001111,3.2010566072826485e-12,0.9201206564903259,0.9201845526695251,0.0,8.370931503520751e-09,0.0,0.0,0.8180649280548096,0.0,,,,,,,,,,,,,,,,
925,0.9281260967254639,-0.7660142183303833,0.0040340302512049675,0.004048450384289026,9.391693645000032e-09,0.9200516939163208,0.9200354814529419,0.0,1.0312950848856417e-07,0.0,0.0,0.8336387872695923,0.0,,,,,,,,,,,,,,,,
926,0.928081214427948,-0.769077479839325,0.00398258538916707,0.004008878953754902,7.594648000763815e-12,0.9201062917709351,0.9200730919837952,0.0,0.0,0.0,0.0,0.8407164812088013,0.0,,,,,,,,,,,,,,,,
927,0.9280425906181335,-0.769130289554596,0.004186653532087803,0.004189666826277971,1.0308456697841542e-13,0.919670045375824,0.9196624755859375,0.0,9.205286533031654e-10,0.0,0.0,0.8448344469070435,0.0,,,,,,,,,,,,,,,,
928,0.9281666278839111,-0.7615906000137329,0.004010967910289764,0.004033365752547979,1.6162815530407215e-10,0.9201387166976929,0.9201058149337769,0.0,0.0,0.0,0.0,0.8368816375732422,0.0,,,,,,,,,,,,,,,,
929,0.928114652633667,-0.7640955448150635,0.004004430957138538,0.0039978548884391785,8.874572604566922e-11,0.9201131463050842,0.9201115369796753,0.0,2.0384869348077927e-09,0.0,0.0,0.8375813961029053,0.0,,,,,,,,,,,,,,,,
930,0.9280979037284851,-0.7712120413780212,0.003931377083063126,0.003937578294426203,1.6482851195043224e-10,0.9202331900596619,0.9202247262001038,0.0,0.0,0.0,0.0,0.8412857055664062,0.0,,,,,,,,,,,,,,,,
931,0.9279971718788147,-0.7749037742614746,0.004007155541330576,0.00399373471736908,3.097785084005267e-10,0.919985294342041,0.9200072884559631,0.0,0.0,0.0,0.0,0.8271127939224243,0.0,,,,,,,,,,,,,,,,
932,0.9281009435653687,-0.7695246338844299,0.004071047529578209,0.004049001261591911,0.0,0.9199617505073547,0.9200000762939453,0.0,5.0550386099246225e-09,0.0,0.0,0.8403453230857849,0.0,,,,,,,,,,,,,,,,
933,0.9280474185943604,-0.7691931128501892,0.00400521419942379,0.004026041366159916,0.0,0.9200432300567627,0.9199890494346619,0.0,0.0,0.0,0.0,0.8361192345619202,0.0,,,,,,,,,,,,,,,,
934,0.9280157089233398,-0.7717383503913879,0.003990948665887117,0.00399063853546977,0.0,0.920035719871521,0.9200325012207031,0.0,0.0,0.0,0.0,0.8387058973312378,0.0,,,,,,,,,,,,,,,,
935,0.9280098676681519,-0.7725890278816223,0.0039046008605509996,0.003923284821212292,0.0,0.9202027916908264,0.9201611876487732,0.0,0.0,0.0,0.0,0.8369566798210144,0.0,,,,,,,,,,,,,,,,
936,0.9281501770019531,-0.7677901983261108,0.00397957768291235,0.003985730465501547,0.0,0.9201956391334534,0.9201740622520447,0.0,0.0,0.0,0.0,0.8287060856819153,0.0,,,,,,,,,,,,,,,,
937,0.9281092286109924,-0.7732096910476685,0.003947154153138399,0.003977559506893158,0.0,0.9202092885971069,0.9201596975326538,0.0,0.0,0.0,0.0,0.8388060331344604,0.0,,,,,,,,,,,,,,,,
938,0.9281238913536072,-0.778388500213623,0.003954227082431316,0.00396361481398344,0.0,0.9202096462249756,0.9202024936676025,0.0,0.0,0.0,0.0,0.8447383046150208,0.0,,,,,,,,,,,,,,,,
939,0.928110659122467,-0.7743554711341858,0.004101252183318138,0.004105438943952322,8.032856602113725e-10,0.9198915958404541,0.9199164509773254,0.0,0.0,0.0,0.0,0.8269588351249695,0.0,,,,,,,,,,,,,,,,
940,0.9280415773391724,-0.7705135345458984,0.00397674273699522,0.003989716526120901,0.0,0.9200929999351501,0.9200572371482849,0.0,0.0,0.0,0.0,0.8577201962471008,0.0,,,,,,,,,,,,,,,,
941,0.9280591607093811,-0.777563214302063,0.004032021854072809,0.004007203504443169,8.785191541252346e-13,0.9200008511543274,0.9200389981269836,0.0,5.897879407079643e-10,0.0,0.0,0.8385791778564453,0.0,,,,,,,,,,,,,,,,
942,0.9280821084976196,-0.7757922410964966,0.004134481307119131,0.004091668874025345,0.0,0.9198176860809326,0.9198941588401794,0.0,2.8484817282681263e-10,0.0,0.0,0.8410022258758545,0.0,,,,,,,,,,,,,,,,
943,0.9280416369438171,-0.7751672267913818,0.003990563098341227,0.004003619775176048,0.0,0.9200497269630432,0.9200451970100403,0.0,8.512790472536835e-09,0.0,0.0,0.841705322265625,0.0,,,,,,,,,,,,,,,,
944,0.9281376600265503,-0.7776585221290588,0.004144289996474981,0.00407473836094141,0.0,0.919861912727356,0.9199753999710083,0.0,0.0,0.0,0.0,0.8436622619628906,0.0,,,,,,,,,,,,,,,,
945,0.9280584454536438,-0.7804290652275085,0.004075917880982161,0.004075212404131889,6.62075949620089e-11,0.9199158549308777,0.9198987483978271,0.0,0.0,0.0,0.0,0.8387988209724426,0.0,,,,,,,,,,,,,,,,
946,0.9280690550804138,-0.7773884534835815,0.004073000513017178,0.004073676187545061,0.0,0.9199177622795105,0.9199269413948059,0.0,0.0,0.0,0.0,0.8461938500404358,0.0,,,,,,,,,,,,,,,,
947,0.9281869530677795,-0.7719449996948242,0.004012173041701317,0.004016237799078226,5.529327551379026e-10,0.9201593399047852,0.920157790184021,0.0,0.0,0.0,0.0,0.8588061928749084,0.0,,,,,,,,,,,,,,,,
948,0.9281173348426819,-0.7779049277305603,0.0039804731495678425,0.0040093762800097466,0.0,0.9201484322547913,0.9201065897941589,0.0,0.0,0.0,0.0,0.8454474806785583,0.0,,,,,,,,,,,,,,,,
949,0.9281432032585144,-0.7842549085617065,0.004041459411382675,0.004063508938997984,0.0,0.9200648069381714,0.9200116991996765,0.0,0.0,0.0,0.0,0.8379608988761902,0.0,,,,,,,,,,,,,,,,
950,0.9280568957328796,-0.7814468741416931,0.003953852690756321,0.003948241472244263,0.0,0.9201498031616211,0.9201598763465881,0.0,1.6555359305669981e-09,0.0,0.0,0.8537720441818237,0.0,,,,,,,,,,,,,,,,
951,0.9281695485115051,-0.7778041958808899,0.004064776003360748,0.00405642855912447,0.0,0.920048713684082,0.9200479984283447,0.0,3.295632922117875e-08,0.0,0.0,0.8318560719490051,0.0,,,,,,,,,,,,,,,,
952,0.9280501008033752,-0.7803793549537659,0.003989176359027624,0.003969546873122454,1.4800029691369732e-12,0.920063853263855,0.9201189279556274,0.0,3.101048307030396e-08,0.0,0.0,0.8414051532745361,0.0,,,,,,,,,,,,,,,,
953,0.9279830455780029,-0.7854681611061096,0.003849635599181056,0.003851227229461074,0.0,0.9202769994735718,0.9202873706817627,0.0,0.0,0.0,0.0,0.8202570676803589,0.0,,,,,,,,,,,,,,,,
954,0.9281192421913147,-0.7801322340965271,0.004067275673151016,0.004057041835039854,6.209054603800723e-09,0.9199893474578857,0.920000433921814,0.0,0.0,0.0,0.0,0.8295250535011292,0.0,,,,,,,,,,,,,,,,
955,0.9280383586883545,-0.7808511257171631,0.0039541288278996944,0.003949938341975212,3.691201511113462e-10,0.9201218485832214,0.9201467037200928,0.0,3.874141007997878e-09,0.0,0.0,0.8227827548980713,0.0,,,,,,,,,,,,,,,,
956,0.9281743168830872,-0.7871072888374329,0.0041368575766682625,0.004101826809346676,3.2333455357580476e-11,0.919913649559021,0.9199576377868652,0.0,1.666589355409087e-08,0.0,0.0,0.8332089781761169,0.0,,,,,,,,,,,,,,,,
957,0.9280851483345032,-0.7863950729370117,0.004026713781058788,0.004031918942928314,0.0,0.9200267195701599,0.920026421546936,0.0,0.0,0.0,0.0,0.8333562612533569,0.0,,,,,,,,,,,,,,,,
958,0.9280860424041748,-0.78053218126297,0.004122696816921234,0.004137814976274967,0.0,0.9198421239852905,0.9198089241981506,0.0,5.482778727555759e-12,0.0,0.0,0.8381748199462891,0.0,,,,,,,,,,,,,,,,
959,0.9280842542648315,-0.7830567359924316,0.004090701229870319,0.004115800838917494,5.428412164221186e-10,0.9198997020721436,0.9198558926582336,0.0,0.0,0.0,0.0,0.8344042897224426,0.0,,,,,,,,,,,,,,,,
960,0.9280823469161987,-0.7870444059371948,0.004105068743228912,0.0041026161052286625,0.0,0.9198846817016602,0.9198647141456604,0.0,2.588246804380301e-11,0.0,0.0,0.8545280694961548,0.0,,,,,,,,,,,,,,,,
961,0.9280514717102051,-0.7892651557922363,0.004044199362397194,0.0040306588634848595,0.0,0.9199665188789368,0.9199866056442261,0.0,3.0816892149232444e-08,0.0,0.0,0.8453130125999451,0.0,,,,,,,,,,,,,,,,
962,0.9280616044998169,-0.7865045070648193,0.004093945492058992,0.0040809717029333115,6.025092869066384e-09,0.9198751449584961,0.9198982119560242,0.0,9.387465804699957e-11,0.0,0.0,0.8332706093788147,0.0,,,,,,,,,,,,,,,,
963,0.9281425476074219,-0.7840855121612549,0.004092988558113575,0.004071940202265978,5.442557071688725e-09,0.9199653267860413,0.9199898838996887,0.0,3.951766203158513e-08,0.0,0.0,0.8527255654335022,0.0,,,,,,,,,,,,,,,,
964,0.9280615448951721,-0.7887110114097595,0.003953828476369381,0.00393404858186841,8.634925552364336e-10,0.9201620817184448,0.9201851487159729,0.0,1.1067716881862921e-10,0.0,0.0,0.8617351651191711,0.0,,,,,,,,,,,,,,,,
965,0.9281710982322693,-0.7884775996208191,0.003988728392869234,0.003997986204922199,2.289326506144107e-09,0.9202063679695129,0.9201623201370239,0.0,0.0,0.0,0.0,0.8437350392341614,0.0,,,,,,,,,,,,,,,,
966,0.9281153082847595,-0.782865583896637,0.003992692567408085,0.004002212081104517,6.708867489324533e-11,0.9201155304908752,0.9201253056526184,0.0,0.0,0.0,0.0,0.8429455161094666,0.0,,,,,,,,,,,,,,,,
967,0.9281132221221924,-0.7869037985801697,0.003965664654970169,0.003950872924178839,1.103631617517531e-12,0.9201899170875549,0.9202035069465637,0.0,9.138889089932434e-10,0.0,0.0,0.8509693145751953,0.0,,,,,,,,,,,,,,,,
968,0.9281851053237915,-0.7936387658119202,0.003965433686971664,0.003941606264561415,9.389439226126228e-10,0.9202596545219421,0.9202964901924133,0.0,5.1221031860393396e-09,0.0,0.0,0.8451427221298218,0.0,,,,,,,,,,,,,,,,
969,0.9281661510467529,-0.7903671264648438,0.004107407294213772,0.0040978845208883286,1.541426153384151e-10,0.9199553728103638,0.9199662804603577,0.0,0.0,0.0,0.0,0.8443451523780823,0.0,,,,,,,,,,,,,,,,
970,0.9280354380607605,-0.7851057052612305,0.003968390170484781,0.0039752814918756485,0.0,0.9200955033302307,0.9200880527496338,0.0,0.0,0.0,0.0,0.8424475789070129,0.0,,,,,,,,,,,,,,,,
971,0.9281784296035767,-0.7927502393722534,0.00395674305036664,0.0039897700771689415,4.895413588390518e-11,0.920257568359375,0.9202063083648682,0.0,0.0,0.0,0.0,0.8581428527832031,0.0,,,,,,,,,,,,,,,,
972,0.928131639957428,-0.7931614518165588,0.004015877842903137,0.004029328003525734,0.0,0.920091986656189,0.9200809001922607,0.0,0.0,0.0,0.0,0.835626482963562,0.0,,,,,,,,,,,,,,,,
973,0.9280943870544434,-0.7896510362625122,0.004010817036032677,0.004009698051959276,0.0,0.9200783371925354,0.9200693964958191,0.0,2.486582051375308e-09,0.0,0.0,0.8261608481407166,0.0,,,,,,,,,,,,,,,,
974,0.9280523657798767,-0.7897244691848755,0.003973029553890228,0.003977335523813963,1.1532329778629613e-11,0.9201112389564514,0.9200928211212158,0.0,0.0,0.0,0.0,0.8289528489112854,0.0,,,,,,,,,,,,,,,,
975,0.9281072616577148,-0.7949997782707214,0.0040642451494932175,0.004062755033373833,0.0,0.919973611831665,0.9199869632720947,0.0,0.0,0.0,0.0,0.828896701335907,0.0,,,,,,,,,,,,,,,,
976,0.9281314611434937,-0.7956593036651611,0.004046832211315632,0.004033301491290331,0.0,0.9200349450111389,0.9200677871704102,0.0,0.0,0.0,0.0,0.8333505392074585,0.0,,,,,,,,,,,,,,,,
977,0.9281017184257507,-0.7921236157417297,0.004012001678347588,0.004002652131021023,2.757330475056108e-10,0.9200763702392578,0.9200977087020874,0.0,0.0,0.0,0.0,0.8471217155456543,0.0,,,,,,,,,,,,,,,,
978,0.9284051060676575,-0.7910263538360596,0.004092888440936804,0.004070497117936611,1.0841405106987168e-08,0.9202184081077576,0.9202650189399719,0.0,0.0,0.0,0.0,0.8274144530296326,0.0,,,,,,,,,,,,,,,,
979,0.9282689094543457,-0.7953283786773682,0.003922115080058575,0.003916117828339338,3.992076200859396e-12,0.9204292297363281,0.9204320311546326,0.0,0.0,0.0,0.0,0.8326939344406128,0.0,,,,,,,,,,,,,,,,
980,0.9280888438224792,-0.7954610586166382,0.0039930264465510845,0.003964833449572325,0.0,0.9201095700263977,0.9201523661613464,0.0,0.0,0.0,0.0,0.8469761610031128,0.0,,,,,,,,,,,,,,,,
981,0.9280790090560913,-0.790795624256134,0.004074361175298691,0.0040578702464699745,0.0,0.9199280142784119,0.9199655055999756,0.0,0.0,0.0,0.0,0.821344256401062,0.0,,,,,,,,,,,,,,,,
982,0.9280901551246643,-0.7951529026031494,0.003992035519331694,0.003979440778493881,0.0,0.9201163649559021,0.9201210737228394,0.0,0.0,0.0,0.0,0.8262850642204285,0.0,,,,,,,,,,,,,,,,
983,0.928159773349762,-0.8020972609519958,0.003978893160820007,0.003994694910943508,0.0,0.9202075600624084,0.9201648235321045,0.0,0.0,0.0,0.0,0.8461962342262268,0.0,,,,,,,,,,,,,,,,
984,0.9282147884368896,-0.7970439791679382,0.0040330165065824986,0.0040402826853096485,0.0,0.9201482534408569,0.9201347827911377,0.0,0.0,0.0,0.0,0.8390969038009644,0.0,,,,,,,,,,,,,,,,
985,0.9280206561088562,-0.7916841506958008,0.004012925084680319,0.004006102681159973,8.685860364288089e-10,0.9200001955032349,0.9200029969215393,0.0,0.0,0.0,0.0,0.846897542476654,0.0,,,,,,,,,,,,,,,,
986,0.9281870722770691,-0.7969904541969299,0.004063902888447046,0.004083368927240372,8.598555756300641e-10,0.9200494885444641,0.9200301170349121,0.0,2.6724212176532092e-08,0.0,0.0,0.8327282071113586,0.0,,,,,,,,,,,,,,,,
987,0.9281019568443298,-0.8046789169311523,0.004020452965050936,0.004017310217022896,0.0,0.9200642704963684,0.9200642108917236,0.0,0.0,0.0,0.0,0.8182471394538879,0.0,,,,,,,,,,,,,,,,
988,0.928084671497345,-0.8011382818222046,0.004105177242308855,0.00410408666357398,0.0,0.9198828935623169,0.9198678135871887,0.0,0.0,0.0,0.0,0.8310181498527527,0.0,,,,,,,,,,,,,,,,
989,0.9281005263328552,-0.7964093089103699,0.004011273849755526,0.004049940500408411,0.0,0.9200756549835205,0.9200029969215393,0.0,0.0,0.0,0.0,0.8257970213890076,0.0,,,,,,,,,,,,,,,,
990,0.9281653761863708,-0.7995883226394653,0.003997454885393381,0.003983190283179283,0.0,0.9201797842979431,0.9201896786689758,0.0,0.0,0.0,0.0,0.8373631834983826,0.0,,,,,,,,,,,,,,,,
991,0.9281306862831116,-0.8015432953834534,0.003992291167378426,0.004008041694760323,5.832673233285846e-11,0.9201430678367615,0.9201176762580872,0.0,0.0,0.0,0.0,0.8402857780456543,0.0,,,,,,,,,,,,,,,,
992,0.9280731081962585,-0.8031867742538452,0.004109663888812065,0.004117143340408802,1.852086484177562e-09,0.9198676347732544,0.91982501745224,0.0,0.0,0.0,0.0,0.8529638051986694,0.0,,,,,,,,,,,,,,,,
993,0.9281760454177856,-0.7976202368736267,0.004085277207195759,0.004051084630191326,2.0140042411576076e-11,0.9200174808502197,0.9200618267059326,0.0,0.0,0.0,0.0,0.8314443230628967,0.0,,,,,,,,,,,,,,,,
994,0.9282126426696777,-0.8043159246444702,0.004204662051051855,0.00415697880089283,4.952240700850652e-11,0.9198240041732788,0.9198780059814453,0.0,0.0,0.0,0.0,0.8185891509056091,0.0,,,,,,,,,,,,,,,,
995,0.9281606674194336,-0.8030054569244385,0.0041397251188755035,0.004107869695872068,0.0,0.9198809862136841,0.9199451208114624,0.0,0.0,0.0,0.0,0.8331061601638794,0.0,,,,,,,,,,,,,,,,
996,0.9281567931175232,-0.8028977513313293,0.004044037777930498,0.00402569817379117,0.0,0.9200696349143982,0.920104444026947,0.0,1.7388385176175802e-09,0.0,0.0,0.8480565547943115,0.0,,,,,,,,,,,,,,,,
997,0.928054690361023,-0.8015682697296143,0.003934142179787159,0.003934366162866354,4.340837585214974e-12,0.9201833605766296,0.9201890230178833,0.0,0.0,0.0,0.0,0.8446192145347595,0.0,,,,,,,,,,,,,,,,
998,0.9281373023986816,-0.8051483035087585,0.0039259702898561954,0.003947807010263205,0.0,0.9202782511711121,0.9202488660812378,0.0,0.0,0.0,0.0,0.8301534652709961,0.0,,,,,,,,,,,,,,,,
999,0.9281678199768066,-0.8059194087982178,0.003948748577386141,0.0039637740701437,0.0,0.9202778339385986,0.9202327132225037,0.0,0.0,0.0,0.0,0.8384807705879211,0.0,,,,,,,,,,,,,,,,
1000,0.9282636046409607,-0.8046025633811951,0.004154648631811142,0.0041762604378163815,0.0,0.9199609756469727,0.9199045300483704,0.0,5.959432947122423e-11,0.0,0.0,0.8287628889083862,0.0,0.7932491898536682,0.7932491898536682,0.2067508101463318,8.695343017578125,0.0,0.952479362487793,3.954436779022217,-0.0,1.4123260974884033,0.7911184430122375,0.0,0.7911184430122375,0.1388588398694992,0.47981828451156616,3.1403747649614213,0.1308489485400592
