epoch,critic_loss,actor_loss,q1_loss,q2_loss,avg_return,survival_rate,mortality_rate,avg_length,inadmissibility_rate,expert_argmax_match,mean_kl_to_expert,policy_entropy,mean_action_deviation_from_expert,soft_survival_rate,soft_inadmissibility_rate,soft_avg_return,soft_policy_entropy,soft_mean_kl_to_expert
1,0.07360714673995972,-0.00411943718791008,0.03959761932492256,0.03400952368974686,,,,,,,,,,,,,,
2,0.06026636064052582,-0.02621321938931942,0.031858041882514954,0.028408320620656013,,,,,,,,,,,,,,
3,0.05147270858287811,-0.04498456418514252,0.026694737374782562,0.0247779693454504,,,,,,,,,,,,,,
4,0.0450102835893631,-0.05948425084352493,0.022993221879005432,0.022017061710357666,,,,,,,,,,,,,,
5,0.0402861088514328,-0.07203616946935654,0.020245809108018875,0.020040301606059074,,,,,,,,,,,,,,
6,0.03694644570350647,-0.08254028856754303,0.018366236239671707,0.018580207601189613,,,,,,,,,,,,,,
7,0.03440801799297333,-0.09151206910610199,0.01695733517408371,0.017450684681534767,,,,,,,,,,,,,,
8,0.032318878918886185,-0.09974800050258636,0.01584109105169773,0.016477787867188454,,,,,,,,,,,,,,
9,0.030385881662368774,-0.10685906559228897,0.014844929799437523,0.015540952794253826,,,,,,,,,,,,,,
10,0.028664756566286087,-0.11431791633367538,0.014034395106136799,0.014630362391471863,0.7805166244506836,0.7805166244506836,0.2194833755493164,9.443238258361816,0.9278173709772204,0.016673073172569275,17.566509246826172,-0.0,6.597970485687256,0.7758461833000183,0.8719148843675828,0.7758461833000183,3.1607632637023926,2.6225385665893555
11,0.027137290686368942,-0.1208377331495285,0.013297523371875286,0.013839766383171082,,,,,,,,,,,,,,
12,0.02563823014497757,-0.12753060460090637,0.012506847269833088,0.013131382875144482,,,,,,,,,,,,,,
13,0.024096034467220306,-0.13503123819828033,0.01174127496778965,0.012354760430753231,,,,,,,,,,,,,,
14,0.02267715334892273,-0.1405363380908966,0.011097133159637451,0.011580020189285278,,,,,,,,,,,,,,
15,0.021560095250606537,-0.1462993323802948,0.010611389763653278,0.010948706418275833,,,,,,,,,,,,,,
16,0.020191188901662827,-0.15185175836086273,0.009901933372020721,0.010289255529642105,,,,,,,,,,,,,,
17,0.019230537116527557,-0.15692269802093506,0.009476898238062859,0.009753639809787273,,,,,,,,,,,,,,
18,0.01809249445796013,-0.160487562417984,0.008987246081233025,0.009105248376727104,,,,,,,,,,,,,,
19,0.016900010406970978,-0.16451795399188995,0.008393404074013233,0.008506606332957745,,,,,,,,,,,,,,
20,0.0159178264439106,-0.16779567301273346,0.007873807102441788,0.008044019341468811,0.780813455581665,0.780813455581665,0.21918654441833496,9.493307113647461,0.8586338336587823,0.008744955062866211,17.66110610961914,-0.0,8.050712585449219,0.7759312987327576,0.873754031458952,0.7759312987327576,3.092916965484619,2.78340744972229
21,0.01524440012872219,-0.16932697594165802,0.007544088643044233,0.0077003114856779575,,,,,,,,,,,,,,
22,0.014488408342003822,-0.17150253057479858,0.007201625034213066,0.007286782842129469,,,,,,,,,,,,,,
23,0.013448835350573063,-0.17349718511104584,0.006682910956442356,0.006765924394130707,,,,,,,,,,,,,,
24,0.012888344004750252,-0.1764298379421234,0.006425731815397739,0.0064626126550138,,,,,,,,,,,,,,
25,0.012168661691248417,-0.17777873575687408,0.006055610720068216,0.006113050971180201,,,,,,,,,,,,,,
26,0.011371849104762077,-0.17993885278701782,0.005648462567478418,0.005723387002944946,,,,,,,,,,,,,,
27,0.01099653635174036,-0.18317826092243195,0.005445906426757574,0.005550629924982786,,,,,,,,,,,,,,
28,0.010087920352816582,-0.1861530840396881,0.005020194686949253,0.005067725665867329,,,,,,,,,,,,,,
29,0.009278594516217709,-0.18895286321640015,0.00458831712603569,0.004690277390182018,,,,,,,,,,,,,,
30,0.0092738326638937,-0.19256408512592316,0.004604950547218323,0.00466888165101409,0.7764502763748169,0.7764502763748169,0.2235497236251831,9.405702590942383,0.9718151228774093,0.003795886877924204,17.8251895904541,-0.0,7.839159965515137,0.7759053707122803,0.8719869162762547,0.7759053707122803,3.1523702144622803,2.6456856727600098
31,0.008803736418485641,-0.19684195518493652,0.004355722106993198,0.004448013845831156,,,,,,,,,,,,,,
32,0.008237026631832123,-0.2005065381526947,0.004090192262083292,0.004146834835410118,,,,,,,,,,,,,,
33,0.0077645364217460155,-0.20205730199813843,0.003846540581434965,0.00391799584031105,,,,,,,,,,,,,,
34,0.007407700642943382,-0.20476889610290527,0.0036889086477458477,0.0037187919951975346,,,,,,,,,,,,,,
35,0.006998353637754917,-0.20829913020133972,0.00348439603112638,0.0035139573737978935,,,,,,,,,,,,,,
36,0.00674604345113039,-0.21089789271354675,0.0033622151240706444,0.003383828094229102,,,,,,,,,,,,,,
37,0.006598890759050846,-0.21198344230651855,0.003282414050772786,0.0033164764754474163,,,,,,,,,,,,,,
38,0.006249392870813608,-0.214819997549057,0.0031069035176187754,0.003142489353194833,,,,,,,,,,,,,,
39,0.005941417068243027,-0.2172224521636963,0.002943445462733507,0.0029979716055095196,,,,,,,,,,,,,,
40,0.005780886858701706,-0.22015687823295593,0.002877263817936182,0.0029036228079348803,0.7817672491073608,0.7817672491073608,0.21823275089263916,8.607271194458008,0.7666024071235576,0.08802613615989685,16.530168533325195,-0.0,6.005246162414551,0.7760922312736511,0.8671500286754368,0.7760922312736511,3.1641225814819336,2.5806922912597656
41,0.005465802736580372,-0.22333721816539764,0.0026913622859865427,0.002774440683424473,,,,,,,,,,,,,,
42,0.0051716831512749195,-0.2231268435716629,0.0025665978901088238,0.0026050852611660957,,,,,,,,,,,,,,
43,0.0051741404458880424,-0.22567905485630035,0.0025751725770533085,0.002598967868834734,,,,,,,,,,,,,,
44,0.005173439159989357,-0.22662293910980225,0.002582457149401307,0.0025909817777574062,,,,,,,,,,,,,,
45,0.004641488194465637,-0.22956755757331848,0.0022954146843403578,0.002346073742955923,,,,,,,,,,,,,,
46,0.00427993293851614,-0.23349159955978394,0.0021133136469870806,0.0021666190586984158,,,,,,,,,,,,,,
47,0.004394502379000187,-0.23588356375694275,0.0021780531387776136,0.0022164492402225733,,,,,,,,,,,,,,
48,0.004327982664108276,-0.23804818093776703,0.002146546496078372,0.002181436400860548,,,,,,,,,,,,,,
49,0.003979549743235111,-0.2398161143064499,0.0019651323091238737,0.0020144174341112375,,,,,,,,,,,,,,
50,0.004118273966014385,-0.24324899911880493,0.0020460207015275955,0.0020722532644867897,0.7828404903411865,0.7828404903411865,0.21715950965881348,7.537500381469727,0.4988567928557493,0.11209878325462341,16.401174545288086,-0.0,6.238648414611816,0.7761875987052917,0.8632787818783842,0.7761875987052917,3.1717913150787354,2.673166275024414
51,0.003784305416047573,-0.24392841756343842,0.0018752643372863531,0.0019090411951765418,,,,,,,,,,,,,,
52,0.0035855071619153023,-0.24554738402366638,0.0017608809284865856,0.0018246262334287167,,,,,,,,,,,,,,
53,0.003715445753186941,-0.24858596920967102,0.001843506470322609,0.0018719391664490104,,,,,,,,,,,,,,
54,0.003302636556327343,-0.2497808337211609,0.0016214350471273065,0.0016812013927847147,,,,,,,,,,,,,,
55,0.003119059605523944,-0.2524504065513611,0.0015233356971293688,0.0015957239083945751,,,,,,,,,,,,,,
56,0.003260838333517313,-0.25547632575035095,0.001604934106580913,0.0016559042269364,,,,,,,,,,,,,,
57,0.0034169561695307493,-0.2564709484577179,0.001665479619987309,0.0017514765495434403,,,,,,,,,,,,,,
58,0.0032478587236255407,-0.2585681676864624,0.0016065376112237573,0.0016413211124017835,,,,,,,,,,,,,,
59,0.0030246376991271973,-0.26125216484069824,0.0014816984767094254,0.00154293910600245,,,,,,,,,,,,,,
60,0.0030610463581979275,-0.2622903287410736,0.001503658713772893,0.0015573875280097127,0.7830730676651001,0.7830730676651001,0.2169269323348999,7.29251766204834,0.41415183216837353,0.12790697813034058,16.207744598388672,-0.0,6.534619331359863,0.7762594819068909,0.857828385132303,0.7762594819068909,3.1805191040039062,2.7229437828063965
61,0.002950252965092659,-0.26361632347106934,0.0014432650059461594,0.0015069878427311778,,,,,,,,,,,,,,
62,0.003037565853446722,-0.2639399468898773,0.0014996868558228016,0.0015378791140392423,,,,,,,,,,,,,,
63,0.0030260735657066107,-0.2673487365245819,0.0014912671176716685,0.0015348064480349422,,,,,,,,,,,,,,
64,0.002906890120357275,-0.2697688639163971,0.0014208285138010979,0.0014860614901408553,,,,,,,,,,,,,,
65,0.002689680550247431,-0.27064183354377747,0.0013094587484374642,0.0013802219182252884,,,,,,,,,,,,,,
66,0.0027147657237946987,-0.2737244963645935,0.0013338470598682761,0.0013809187803417444,,,,,,,,,,,,,,
67,0.002672805218026042,-0.27384433150291443,0.0013127694837749004,0.0013600357342511415,,,,,,,,,,,,,,
68,0.002762798685580492,-0.27608561515808105,0.0013711919309571385,0.0013916067546233535,,,,,,,,,,,,,,
69,0.002482365118339658,-0.27757900953292847,0.0012150331167504191,0.0012673320015892386,,,,,,,,,,,,,,
70,0.0024955254048109055,-0.28120625019073486,0.0012351300101727247,0.0012603953946381807,0.7820447087287903,0.7820447087287903,0.21795529127120972,7.311437606811523,0.41950305076645467,0.12584085762500763,16.234222412109375,-0.0,7.183651447296143,0.7763254046440125,0.8526902532563434,0.7763254046440125,3.1863794326782227,2.716578245162964
71,0.0023975868243724108,-0.2837376594543457,0.0011881259270012379,0.001209460897371173,,,,,,,,,,,,,,
72,0.002501394134014845,-0.28579017519950867,0.0012221761280670762,0.0012792181223630905,,,,,,,,,,,,,,
73,0.0023516372311860323,-0.2856878340244293,0.0011602172162383795,0.0011914200149476528,,,,,,,,,,,,,,
74,0.002330946736037731,-0.2870106101036072,0.0011503102723509073,0.0011806365801021457,,,,,,,,,,,,,,
75,0.0023526325821876526,-0.2896101474761963,0.0011507305316627026,0.0012019019341096282,,,,,,,,,,,,,,
76,0.0022183232940733433,-0.2903946340084076,0.0010897782631218433,0.0011285449145361781,,,,,,,,,,,,,,
77,0.002180592156946659,-0.29159343242645264,0.001061536488123238,0.0011190557852387428,,,,,,,,,,,,,,
78,0.0023301909677684307,-0.2933247685432434,0.001148217124864459,0.0011819739593192935,,,,,,,,,,,,,,
79,0.0022316714748740196,-0.2960672974586487,0.0010853199055418372,0.0011463514529168606,,,,,,,,,,,,,,
80,0.0023483815602958202,-0.2977529466152191,0.0011547687463462353,0.001193612813949585,0.781464159488678,0.781464159488678,0.21853584051132202,7.2981343269348145,0.412522181046209,0.14385931193828583,15.892823219299316,-0.0,6.333657264709473,0.7765166163444519,0.8459287889947551,0.7765166163444519,3.18699312210083,2.6879210472106934
81,0.002335640601813793,-0.29900041222572327,0.0011469600722193718,0.0011886806460097432,,,,,,,,,,,,,,
82,0.0021675024181604385,-0.3031192719936371,0.0010654560755938292,0.0011020462261512876,,,,,,,,,,,,,,
83,0.0022214169148355722,-0.3050287365913391,0.001077556051313877,0.0011438608635216951,,,,,,,,,,,,,,
84,0.0020900843665003777,-0.30468645691871643,0.001023056567646563,0.0010670277988538146,,,,,,,,,,,,,,
85,0.0021711033768951893,-0.30671554803848267,0.001074042171239853,0.0010970610892400146,,,,,,,,,,,,,,
86,0.0022244255524128675,-0.3077021837234497,0.0010870046680793166,0.001137420884333551,,,,,,,,,,,,,,
87,0.0021204613149166107,-0.3098463714122772,0.0010366247734054923,0.0010838366579264402,,,,,,,,,,,,,,
88,0.0020521259866654873,-0.31185248494148254,0.0010073259472846985,0.0010448001557961106,,,,,,,,,,,,,,
89,0.0020616655237972736,-0.31392282247543335,0.001017287839204073,0.0010443778010085225,,,,,,,,,,,,,,
90,0.0021200014743953943,-0.3165764808654785,0.0010456435848027468,0.0010743578895926476,0.7816359996795654,0.7816359996795654,0.21836400032043457,7.271512985229492,0.40312062033901774,0.1804247498512268,15.210161209106445,-0.0,5.5595703125,0.776702344417572,0.8427913832555046,0.776702344417572,3.1876413822174072,2.6496715545654297
91,0.0019099570345133543,-0.31754010915756226,0.0009475757251493633,0.0009623812511563301,,,,,,,,,,,,,,
92,0.0018879829440265894,-0.3170963525772095,0.0009302707621827722,0.0009577121818438172,,,,,,,,,,,,,,
93,0.0019315611571073532,-0.3180058002471924,0.0009523660410195589,0.0009791951160877943,,,,,,,,,,,,,,
94,0.001809652429074049,-0.31986984610557556,0.000885504821781069,0.00092414760729298,,,,,,,,,,,,,,
95,0.0020546040032058954,-0.32164058089256287,0.0010084878886118531,0.0010461161145940423,,,,,,,,,,,,,,
96,0.0018273273017257452,-0.3267066180706024,0.0009066394413821399,0.0009206878603436053,,,,,,,,,,,,,,
97,0.0018967683427035809,-0.3301081955432892,0.0009351199842058122,0.0009616483584977686,,,,,,,,,,,,,,
98,0.0017741576302796602,-0.3309764564037323,0.0008655666606500745,0.0009085909114219248,,,,,,,,,,,,,,
99,0.0018630130216479301,-0.33114564418792725,0.0009118703892454505,0.0009511426906101406,,,,,,,,,,,,,,
100,0.0017049916787073016,-0.3311784565448761,0.0008462134865112603,0.0008587781921960413,0.7811439037322998,0.7811439037322998,0.2188560962677002,7.251321792602539,0.39210369429485814,0.192677304148674,14.985294342041016,-0.0,5.07310676574707,0.7769500017166138,0.8396528438005367,0.7769500017166138,3.187122344970703,2.6407899856567383
101,0.0018732979660853744,-0.33212408423423767,0.0009272192255593836,0.0009460787405259907,,,,,,,,,,,,,,
102,0.0017461397219449282,-0.3329697549343109,0.000855312857311219,0.0008908268064260483,,,,,,,,,,,,,,
103,0.0018631673883646727,-0.33478283882141113,0.0009202533401548862,0.0009429141064174473,,,,,,,,,,,,,,
104,0.0018830809276551008,-0.3387831747531891,0.0009321128600277007,0.0009509680094197392,,,,,,,,,,,,,,
105,0.001719584222882986,-0.34147053956985474,0.0008515760418958962,0.0008680081809870899,,,,,,,,,,,,,,
106,0.0018248434644192457,-0.34358537197113037,0.0009003789746202528,0.000924464431591332,,,,,,,,,,,,,,
107,0.0017705811187624931,-0.34433528780937195,0.0008831523591652513,0.0008874288178049028,,,,,,,,,,,,,,
108,0.0016689638141542673,-0.3444020450115204,0.0008218773873522878,0.0008470863685943186,,,,,,,,,,,,,,
109,0.0018846900202333927,-0.34598860144615173,0.0009364590514451265,0.0009482310269959271,,,,,,,,,,,,,,
110,0.0016723012086004019,-0.34839749336242676,0.000822234433144331,0.00085006671724841,0.78156578540802,0.78156578540802,0.21843421459197998,7.249393939971924,0.38965549154148427,0.2114645540714264,14.621647834777832,-0.0,5.190857887268066,0.7769354581832886,0.8416086987915755,0.7769354581832886,3.1910412311553955,2.6268811225891113
111,0.0016674627549946308,-0.3500775694847107,0.0008264253847301006,0.0008410374284721911,,,,,,,,,,,,,,
112,0.0016420413739979267,-0.3516329824924469,0.0008117006509564817,0.000830340723041445,,,,,,,,,,,,,,
113,0.0016505117528140545,-0.3537513017654419,0.0008152496302500367,0.0008352621807716787,,,,,,,,,,,,,,
114,0.0016276284586638212,-0.35782235860824585,0.0008003492257557809,0.0008272792911157012,,,,,,,,,,,,,,
115,0.0017406305996701121,-0.3583228886127472,0.000857018691021949,0.0008836119086481631,,,,,,,,,,,,,,
116,0.0017606972251087427,-0.3569583594799042,0.0008722447091713548,0.0008884525159373879,,,,,,,,,,,,,,
117,0.0016098676715046167,-0.35685768723487854,0.0007920440402813256,0.0008178235730156302,,,,,,,,,,,,,,
118,0.0016097857151180506,-0.36002370715141296,0.0007959526847116649,0.0008138329721987247,,,,,,,,,,,,,,
119,0.0015866404864937067,-0.36304280161857605,0.0007879328331910074,0.0007987077115103602,,,,,,,,,,,,,,
120,0.001641458016820252,-0.3664703965187073,0.0008155995747074485,0.0008258584421128035,0.7812293171882629,0.7812293171882629,0.21877068281173706,7.207566261291504,0.3698512149427847,0.22093023359775543,14.463350296020508,-0.0,5.1982574462890625,0.777160108089447,0.8376769307299646,0.777160108089447,3.189356565475464,2.6301608085632324
121,0.0017043123953044415,-0.3683135211467743,0.0008370964205823839,0.0008672160329297185,,,,,,,,,,,,,,
122,0.001697774976491928,-0.3693905472755432,0.0008367742993868887,0.0008610006188973784,,,,,,,,,,,,,,
123,0.001611360814422369,-0.3699203431606293,0.0007967489655129611,0.0008146117907017469,,,,,,,,,,,,,,
124,0.0016914806328713894,-0.36949411034584045,0.0008451849571429193,0.0008462956175208092,,,,,,,,,,,,,,
125,0.0016544226091355085,-0.3712467551231384,0.0008116099052131176,0.0008428127621300519,,,,,,,,,,,,,,
126,0.0016974847530946136,-0.3749714195728302,0.000842435285449028,0.0008550494676455855,,,,,,,,,,,,,,
127,0.0015392645727843046,-0.37876269221305847,0.000759578833822161,0.0007796857389621437,,,,,,,,,,,,,,
128,0.0014843267854303122,-0.3817753493785858,0.000728797516785562,0.000755529326852411,,,,,,,,,,,,,,
129,0.001515488955192268,-0.3830457925796509,0.0007480020285584033,0.0007674869266338646,,,,,,,,,,,,,,
130,0.0015867664478719234,-0.38298723101615906,0.0007891588611528277,0.0007976075867190957,0.7813287973403931,0.7813287973403931,0.21867120265960693,7.219717979431152,0.3725446385228408,0.24543532729148865,14.01569938659668,-0.0,5.794121742248535,0.7772009372711182,0.8371155704989467,0.7772009372711182,3.1908414363861084,2.6259021759033203
131,0.0014967486495152116,-0.38269320130348206,0.0007378637092188001,0.0007588849402964115,,,,,,,,,,,,,,
132,0.0016063633374869823,-0.3841698467731476,0.0007956755580380559,0.0008106878376565874,,,,,,,,,,,,,,
133,0.0015711470041424036,-0.38657477498054504,0.0007782373577356339,0.0007929095881991088,,,,,,,,,,,,,,
134,0.0014339282643049955,-0.3859345614910126,0.0007128793513402343,0.0007210488547571003,,,,,,,,,,,,,,
135,0.001540841069072485,-0.3903084695339203,0.000770214363001287,0.000770626706071198,,,,,,,,,,,,,,
136,0.001410837983712554,-0.39179113507270813,0.0007031371351331472,0.0007077008485794067,,,,,,,,,,,,,,
137,0.0014798149932175875,-0.3916248083114624,0.0007400495233014226,0.0007397654699161649,,,,,,,,,,,,,,
138,0.0015210980782285333,-0.39514675736427307,0.0007475015590898693,0.000773596519138664,,,,,,,,,,,,,,
139,0.0015320456586778164,-0.39753636717796326,0.0007611643522977829,0.0007708813063800335,,,,,,,,,,,,,,
140,0.0015328745357692242,-0.3981046974658966,0.0007565012783743441,0.0007763731991872191,0.7809608578681946,0.7809608578681946,0.21903914213180542,7.214098930358887,0.36087303363552875,0.2740246057510376,13.495491981506348,-0.0,6.273299217224121,0.7773293256759644,0.8340218002022699,0.7773293256759644,3.189828872680664,2.6147735118865967
141,0.0016154071781784296,-0.40010708570480347,0.00080229586455971,0.0008131113718263805,,,,,,,,,,,,,,
142,0.0015516877174377441,-0.4013288915157318,0.0007720274152234197,0.0007796603022143245,,,,,,,,,,,,,,
143,0.0014174100942909718,-0.40257224440574646,0.0007012156420387328,0.0007161943940445781,,,,,,,,,,,,,,
144,0.0016177254728972912,-0.40577346086502075,0.0008057562517933547,0.0008119692793115973,,,,,,,,,,,,,,
145,0.001556380302645266,-0.40727028250694275,0.0007711563957855105,0.0007852239068597555,,,,,,,,,,,,,,
146,0.0015242684166878462,-0.40777960419654846,0.0007548087160103023,0.000769459642469883,,,,,,,,,,,,,,
147,0.0015793731436133385,-0.40913569927215576,0.0007848653476685286,0.0007945077959448099,,,,,,,,,,,,,,
148,0.0015884912572801113,-0.4105226993560791,0.0007881447090767324,0.0008003465482033789,,,,,,,,,,,,,,
149,0.0015034013194963336,-0.41220730543136597,0.0007440909976139665,0.0007593103218823671,,,,,,,,,,,,,,
150,0.0013979132054373622,-0.41484227776527405,0.0006921490421518683,0.0007057641632854939,0.7807144522666931,0.7807144522666931,0.21928554773330688,7.227880001068115,0.36298393128417056,0.2873823046684265,13.226943969726562,-0.0,6.570795059204102,0.777107298374176,0.8381561405763951,0.777107298374176,3.194913625717163,2.6033506393432617
151,0.0014563582371920347,-0.4157698154449463,0.0007225562585517764,0.0007338019786402583,,,,,,,,,,,,,,
152,0.001442234730347991,-0.418061226606369,0.0007101535447873175,0.0007320811273530126,,,,,,,,,,,,,,
153,0.0015230766730383039,-0.4169352352619171,0.0007572670583613217,0.0007658096146769822,,,,,,,,,,,,,,
154,0.0015109420055523515,-0.4199148714542389,0.0007441846537403762,0.0007667573518119752,,,,,,,,,,,,,,
155,0.001584990182891488,-0.421012818813324,0.0007845141808502376,0.0008004760020412505,,,,,,,,,,,,,,
156,0.0015147821977734566,-0.42412588000297546,0.0007592579931952059,0.0007555242627859116,,,,,,,,,,,,,,
157,0.0013978946954011917,-0.4246171712875366,0.0006874916725791991,0.0007104030228219926,,,,,,,,,,,,,,
158,0.0014497285010293126,-0.42745935916900635,0.0007165357819758356,0.000733192719053477,,,,,,,,,,,,,,
159,0.0013770272489637136,-0.42822080850601196,0.0006836803513579071,0.0006933468976058066,,,,,,,,,,,,,,
160,0.0014891137834638357,-0.4315035343170166,0.0007416108273901045,0.0007475030142813921,0.78106689453125,0.78106689453125,0.21893310546875,7.183224201202393,0.3447181428054502,0.2981452941894531,13.035232543945312,-0.0,7.361084938049316,0.7772930860519409,0.8351401807084092,0.7772930860519409,3.193140983581543,2.60324764251709
161,0.0014420741936191916,-0.43005257844924927,0.0007148012518882751,0.0007272729417309165,,,,,,,,,,,,,,
162,0.0014199541183188558,-0.43241581320762634,0.0007080305367708206,0.0007119235815480351,,,,,,,,,,,,,,
163,0.0014169120695441961,-0.4338219463825226,0.0007053971057757735,0.0007115150219760835,,,,,,,,,,,,,,
164,0.0013925994280725718,-0.43574896454811096,0.0006917670834809542,0.0007008323445916176,,,,,,,,,,,,,,
165,0.0015218064654618502,-0.4389348328113556,0.0007604838465340436,0.0007613226189278066,,,,,,,,,,,,,,
166,0.001470919931307435,-0.4419751465320587,0.0007325582555495203,0.0007383616175502539,,,,,,,,,,,,,,
167,0.0015646670944988728,-0.44283732771873474,0.0007832254632376134,0.0007814416312612593,,,,,,,,,,,,,,
168,0.0014008651487529278,-0.4408886432647705,0.000697316019795835,0.0007035491871647537,,,,,,,,,,,,,,
169,0.0015112977707758546,-0.44210633635520935,0.0007468098192475736,0.000764487951528281,,,,,,,,,,,,,,
170,0.0014497429365292192,-0.44336482882499695,0.0007138701039366424,0.0007358728325925767,0.7813699841499329,0.7813699841499329,0.21863001585006714,7.18251895904541,0.3372999065116166,0.2990582287311554,13.02942943572998,-0.0,7.623880386352539,0.7772660255432129,0.8362313168362607,0.7772660255432129,3.1948606967926025,2.5979814529418945
171,0.0014513651840388775,-0.4493837356567383,0.0007154615595936775,0.0007359036244452,,,,,,,,,,,,,,
172,0.0013066790997982025,-0.45066115260124207,0.0006480514421127737,0.0006586277158930898,,,,,,,,,,,,,,
173,0.0015131946420297027,-0.4522528350353241,0.0007570423767901957,0.000756152265239507,,,,,,,,,,,,,,
174,0.0013979258947074413,-0.45204049348831177,0.0006949693197384477,0.0007029566331766546,,,,,,,,,,,,,,
175,0.001439680578187108,-0.4502062201499939,0.0007151399040594697,0.0007245406159199774,,,,,,,,,,,,,,
176,0.0015189254190772772,-0.45530587434768677,0.0007554065668955445,0.0007635189103893936,,,,,,,,,,,,,,
177,0.0013976707123219967,-0.46020132303237915,0.0006873977836221457,0.0007102728704921901,,,,,,,,,,,,,,
178,0.001424591289833188,-0.4572452902793884,0.000707147060893476,0.0007174441707320511,,,,,,,,,,,,,,
179,0.0014022351242601871,-0.4601794481277466,0.000700050441082567,0.0007021846249699593,,,,,,,,,,,,,,
180,0.0013947144616395235,-0.4613509178161621,0.000696791335940361,0.0006979230674915016,0.7820050120353699,0.7820050120353699,0.21799498796463013,7.177477836608887,0.34348322531191655,0.2844032049179077,13.302738189697266,-0.0,7.834191799163818,0.7773135304450989,0.8352524504882809,0.7773135304450989,3.1944994926452637,2.600496768951416
181,0.0012769930763170123,-0.4613889455795288,0.0006362249259836972,0.0006407681503333151,,,,,,,,,,,,,,
182,0.0013407617807388306,-0.4653317630290985,0.0006689968868158758,0.0006717648939229548,,,,,,,,,,,,,,
183,0.0014763751532882452,-0.46894288063049316,0.0007313619717024267,0.0007450131815858185,,,,,,,,,,,,,,
184,0.0014350933488458395,-0.4707629382610321,0.0007098940550349653,0.0007251993520185351,,,,,,,,,,,,,,
185,0.0014611325459554791,-0.46820366382598877,0.0007283572922460735,0.0007327752537094057,,,,,,,,,,,,,,
186,0.0014593224041163921,-0.4677934944629669,0.00072035554330796,0.0007389668608084321,,,,,,,,,,,,,,
187,0.001394679886288941,-0.47308117151260376,0.0006897878483869135,0.0007048920379020274,,,,,,,,,,,,,,
188,0.0013895658776164055,-0.474333792924881,0.000690990302246064,0.0006985756335780025,,,,,,,,,,,,,,
189,0.0013789000222459435,-0.4771095812320709,0.0006843365263193846,0.000694563495926559,,,,,,,,,,,,,,
190,0.0014389457646757364,-0.47742462158203125,0.0007093719323165715,0.000729573774151504,0.7821505069732666,0.7821505069732666,0.2178494930267334,7.177326679229736,0.3328187154550458,0.3187103867530823,12.679224014282227,-0.0,7.30051326751709,0.7771457433700562,0.838557681953445,0.7771456837654114,3.1978020668029785,2.5975875854492188
191,0.0013726764591410756,-0.4808636009693146,0.000683749036397785,0.0006889274227432907,,,,,,,,,,,,,,
192,0.001360141672194004,-0.4793955981731415,0.0006739846430718899,0.0006861569709144533,,,,,,,,,,,,,,
193,0.0014986590249463916,-0.4804019331932068,0.0007481023203581572,0.0007505567045882344,,,,,,,,,,,,,,
194,0.0013241367414593697,-0.4820169508457184,0.0006571023841388524,0.0006670343573205173,,,,,,,,,,,,,,
195,0.0014780128840357065,-0.4862275719642639,0.0007407278171740472,0.0007372850086539984,,,,,,,,,,,,,,
196,0.0013650632463395596,-0.4906376600265503,0.0006843487499281764,0.0006807144964113832,,,,,,,,,,,,,,
197,0.0013411474647000432,-0.48996081948280334,0.0006673435564152896,0.0006738039082847536,,,,,,,,,,,,,,
198,0.0013656930532306433,-0.4893926680088043,0.0006796233938075602,0.000686069717630744,,,,,,,,,,,,,,
199,0.0013179173693060875,-0.48880743980407715,0.0006582538480870426,0.0006596635212190449,,,,,,,,,,,,,,
200,0.001287498977035284,-0.4898255169391632,0.0006372720818035305,0.0006502268952317536,0.7818938493728638,0.7818938493728638,0.21810615062713623,7.171181678771973,0.3322191123938747,0.3288487493991852,12.48190689086914,-0.0,7.587558269500732,0.7772712707519531,0.8367242110777083,0.7772712707519531,3.1970577239990234,2.597276210784912
201,0.0013040169142186642,-0.4938522279262543,0.0006474261754192412,0.0006565907970070839,,,,,,,,,,,,,,
202,0.0013960294891148806,-0.4963080883026123,0.0006980716134421527,0.0006979578174650669,,,,,,,,,,,,,,
203,0.0014699390158057213,-0.4981171786785126,0.0007378283771686256,0.0007321105804294348,,,,,,,,,,,,,,
204,0.0013417035806924105,-0.4999096989631653,0.0006648912094533443,0.000676812429446727,,,,,,,,,,,,,,
205,0.0013494557933881879,-0.49971961975097656,0.0006703926483169198,0.0006790631450712681,,,,,,,,,,,,,,
206,0.0013566931011155248,-0.4995221495628357,0.0006786020239815116,0.0006780910771340132,,,,,,,,,,,,,,
207,0.0012672548182308674,-0.5018044114112854,0.0006315656355582178,0.0006356891244649887,,,,,,,,,,,,,,
208,0.0013883784413337708,-0.5049547553062439,0.0006901873275637627,0.000698191171977669,,,,,,,,,,,,,,
209,0.0013582289684563875,-0.5096672177314758,0.000678452430292964,0.0006797765381634235,,,,,,,,,,,,,,
210,0.0012796977534890175,-0.5084397196769714,0.0006427383632399142,0.0006369593902491033,0.7824727892875671,0.7824727892875671,0.21752721071243286,7.148911952972412,0.32386759785237207,0.34278300404548645,12.23933219909668,-0.0,7.665050029754639,0.7772138118743896,0.8380086499960026,0.7772138118743896,3.198873996734619,2.593623161315918
211,0.0013685096055269241,-0.5044817328453064,0.0006807273020967841,0.0006877822452224791,,,,,,,,,,,,,,
212,0.0013786258641630411,-0.5056448578834534,0.0006881875451654196,0.0006904383189976215,,,,,,,,,,,,,,
213,0.0013951456639915705,-0.5123473405838013,0.0006958339945413172,0.0006993116112425923,,,,,,,,,,,,,,
214,0.0013650325126945972,-0.5179679989814758,0.0006747781299054623,0.0006902543245814741,,,,,,,,,,,,,,
215,0.0015091971727088094,-0.5198312401771545,0.0007526701083406806,0.0007565270643681288,,,,,,,,,,,,,,
216,0.001382447313517332,-0.5161135792732239,0.0006904904730618,0.000691956898663193,,,,,,,,,,,,,,
217,0.001230435213074088,-0.5117369294166565,0.000612000236287713,0.0006184349185787141,,,,,,,,,,,,,,
218,0.0014568460173904896,-0.5145573019981384,0.0007271749782375991,0.0007296710973605514,,,,,,,,,,,,,,
219,0.0012957134749740362,-0.5219788551330566,0.0006476077251136303,0.0006481058080680668,,,,,,,,,,,,,,
220,0.0013229986652731895,-0.526691734790802,0.0006593741709366441,0.0006636245525442064,0.7833124995231628,0.7833124995231628,0.21668750047683716,7.119558334350586,0.3093348472512785,0.34028446674346924,12.289844512939453,-0.0,7.87396764755249,0.7771883010864258,0.8380971858153685,0.7771883606910706,3.19997501373291,2.59427547454834
221,0.0014232764951884747,-0.5269047021865845,0.0007115151383914053,0.0007117614150047302,,,,,,,,,,,,,,
222,0.0013361632591113448,-0.5223005414009094,0.0006666755652986467,0.0006694876938126981,,,,,,,,,,,,,,
223,0.0013387491926550865,-0.5200074315071106,0.0006683170795440674,0.00067043217131868,,,,,,,,,,,,,,
224,0.0014060318935662508,-0.5262056589126587,0.0007022591889835894,0.0007037726463750005,,,,,,,,,,,,,,
225,0.0013089540880173445,-0.5339962840080261,0.0006520503666251898,0.0006569036631844938,,,,,,,,,,,,,,
226,0.001357065630145371,-0.537212610244751,0.0006782396230846643,0.0006788260070607066,,,,,,,,,,,,,,
227,0.0012479821452870965,-0.5357539653778076,0.0006202916847541928,0.0006276904605329037,,,,,,,,,,,,,,
228,0.0012774084461852908,-0.5318066477775574,0.0006400651182048023,0.0006373433279804885,,,,,,,,,,,,,,
229,0.0012337840162217617,-0.5316850543022156,0.0006121580372564495,0.0006216259207576513,,,,,,,,,,,,,,
230,0.0014056831132620573,-0.5353735089302063,0.0007041206699796021,0.0007015623850747943,0.7835863828659058,0.7835863828659058,0.21641361713409424,7.114990711212158,0.3024548533809273,0.3477320671081543,12.157258987426758,-0.0,7.7019429206848145,0.7771072387695312,0.8399180450560024,0.7771072387695312,3.2016983032226562,2.6014163494110107
231,0.0012157680466771126,-0.5395779013633728,0.000607963593211025,0.0006078043952584267,,,,,,,,,,,,,,
232,0.0012581783812493086,-0.5434504151344299,0.0006256414926610887,0.000632536830380559,,,,,,,,,,,,,,
233,0.0012489173095673323,-0.5390199422836304,0.0006229800637811422,0.0006259371875785291,,,,,,,,,,,,,,
234,0.001283271936699748,-0.5397517681121826,0.0006387339672073722,0.0006445379694923759,,,,,,,,,,,,,,
235,0.0012568803504109383,-0.5429606437683105,0.0006304756971076131,0.0006264046533033252,,,,,,,,,,,,,,
236,0.0013143194373697042,-0.5475448966026306,0.0006567533710040152,0.00065756612457335,,,,,,,,,,,,,,
237,0.0012344508431851864,-0.5483460426330566,0.0006137222517281771,0.0006207285332493484,,,,,,,,,,,,,,
238,0.0012680571526288986,-0.5486549735069275,0.0006336307269521058,0.0006344264838844538,,,,,,,,,,,,,,
239,0.0013033326249569654,-0.5483832359313965,0.0006528105586767197,0.0006505221244879067,,,,,,,,,,,,,,
240,0.0013016245793551207,-0.5486837029457092,0.0006523318006657064,0.0006492927204817533,0.7837889194488525,0.7837889194488525,0.21621108055114746,7.109014511108398,0.30819410351711796,0.330818772315979,12.47677230834961,-0.0,7.526362895965576,0.7770890593528748,0.8405472679178183,0.7770890593528748,3.2021138668060303,2.607733726501465
241,0.001248848857358098,-0.5537452697753906,0.0006240083603188396,0.0006248404388315976,,,,,,,,,,,,,,
242,0.0012906339252367616,-0.5568230152130127,0.0006459674332290888,0.0006446664920076728,,,,,,,,,,,,,,
243,0.001393480459228158,-0.5547646880149841,0.0006973485578782856,0.0006961318431422114,,,,,,,,,,,,,,
244,0.0013693177606910467,-0.5520381927490234,0.0006827316246926785,0.0006865860777907073,,,,,,,,,,,,,,
245,0.0012576349545270205,-0.5565613508224487,0.0006308831507340074,0.0006267518037930131,,,,,,,,,,,,,,
246,0.0013098156778141856,-0.5613093972206116,0.0006538554443977773,0.0006559602334164083,,,,,,,,,,,,,,
247,0.0012219722848385572,-0.5661696791648865,0.0006128707900643349,0.0006091014365665615,,,,,,,,,,,,,,
248,0.0012628494296222925,-0.5641384720802307,0.0006307157455012202,0.0006321336259134114,,,,,,,,,,,,,,
249,0.0013105953112244606,-0.5608941316604614,0.0006562495836988091,0.0006543457857333124,,,,,,,,,,,,,,
250,0.0013959615025669336,-0.5650402903556824,0.0006973917479626834,0.0006985697546042502,0.7841123342514038,0.7841123342514038,0.2158876657485962,7.12087869644165,0.29347794716131076,0.3721410632133484,11.706565856933594,-0.0,6.727302074432373,0.7770550847053528,0.8411473480497461,0.7770550847053528,3.202765464782715,2.6039481163024902
251,0.0012918387074023485,-0.5687901377677917,0.0006463297177106142,0.0006455089314840734,,,,,,,,,,,,,,
252,0.0011842756066471338,-0.5716650485992432,0.0005941240815445781,0.0005901515251025558,,,,,,,,,,,,,,
253,0.0012572325067594647,-0.5706455707550049,0.0006291280733421445,0.0006281044334173203,,,,,,,,,,,,,,
254,0.001252379734069109,-0.5684374570846558,0.0006265197298489511,0.000625859946012497,,,,,,,,,,,,,,
255,0.0012935618869960308,-0.5712364315986633,0.0006395832169800997,0.000653978728223592,,,,,,,,,,,,,,
256,0.0012493820395320654,-0.5743477940559387,0.0006251584854908288,0.0006242234958335757,,,,,,,,,,,,,,
257,0.001386187388561666,-0.5797823667526245,0.0006963982013985515,0.0006897891871631145,,,,,,,,,,,,,,
258,0.0012648169649764895,-0.5768187642097473,0.0006309127202257514,0.0006339042447507381,,,,,,,,,,,,,,
259,0.001248437911272049,-0.5732392072677612,0.0006193926092237234,0.0006290453020483255,,,,,,,,,,,,,,
260,0.001393097103573382,-0.5766533017158508,0.0006967006484046578,0.0006963964551687241,0.7838089466094971,0.7838089466094971,0.21619105339050293,7.130646705627441,0.2994921108328513,0.39755910634994507,11.219585418701172,-0.0,6.48362398147583,0.7770691514015198,0.8407302747623556,0.7770691514015198,3.203547716140747,2.59439754486084
261,0.0013524366077035666,-0.5820508003234863,0.0006784445722587407,0.0006739920936524868,,,,,,,,,,,,,,
262,0.0013201513793319464,-0.5849853754043579,0.000661285244859755,0.0006588661344721913,,,,,,,,,,,,,,
263,0.001237332122400403,-0.5859801173210144,0.0006202464574016631,0.000617085606791079,,,,,,,,,,,,,,
264,0.0013529162388294935,-0.5849969983100891,0.0006737778312526643,0.0006791383493691683,,,,,,,,,,,,,,
265,0.0011648202780634165,-0.5830550193786621,0.0005850396119058132,0.0005797807243652642,,,,,,,,,,,,,,
266,0.00126774818636477,-0.5869850516319275,0.0006353847566060722,0.0006323634879663587,,,,,,,,,,,,,,
267,0.0012522370088845491,-0.5893046259880066,0.0006203578086569905,0.0006318792002275586,,,,,,,,,,,,,,
268,0.0012738164514303207,-0.5913015007972717,0.0006367824971675873,0.0006370340124703944,,,,,,,,,,,,,,
269,0.001400464097969234,-0.5922974944114685,0.00070051389047876,0.000699950207490474,,,,,,,,,,,,,,
270,0.001321406103670597,-0.590583860874176,0.0006601060158573091,0.0006613001460209489,0.7852601408958435,0.7852601408958435,0.2147398591041565,7.124660491943359,0.2917639907007973,0.3942437171936035,11.286088943481445,-0.0,6.31993293762207,0.7770884037017822,0.8411881213575947,0.7770883440971375,3.2037150859832764,2.5918519496917725
271,0.001304584089666605,-0.5931282639503479,0.0006525602075271308,0.0006520239403471351,,,,,,,,,,,,,,
272,0.0012501658638939261,-0.5971660614013672,0.0006238481728360057,0.0006263176910579205,,,,,,,,,,,,,,
273,0.001348335761576891,-0.5988171100616455,0.0006749515305273235,0.0006733841728419065,,,,,,,,,,,,,,
274,0.001265903702005744,-0.6018965840339661,0.0006361657870002091,0.0006297379150055349,,,,,,,,,,,,,,
275,0.0013612679904326797,-0.6021482944488525,0.0006769823376089334,0.0006842856528237462,,,,,,,,,,,,,,
276,0.0012370028998702765,-0.6020696759223938,0.0006174371228553355,0.0006195658352226019,,,,,,,,,,,,,,
277,0.0013254329096525908,-0.6017887592315674,0.0006586959934793413,0.0006667369161732495,,,,,,,,,,,,,,
278,0.00131781748495996,-0.6046751737594604,0.0006599001353606582,0.0006579172913916409,,,,,,,,,,,,,,
279,0.0012870359933003783,-0.6068370938301086,0.0006435930845327675,0.0006434429087676108,,,,,,,,,,,,,,
280,0.0012212982401251793,-0.6082381010055542,0.0006126619991846383,0.000608636240940541,0.7857005596160889,0.7857005596160889,0.21429944038391113,7.1452131271362305,0.2930659534543402,0.3849221467971802,11.441451072692871,-0.0,6.5120134353637695,0.7769553065299988,0.8431014177538485,0.776955246925354,3.206002712249756,2.597341299057007
281,0.0012443666346371174,-0.6076581478118896,0.0006228247075341642,0.0006215419271029532,,,,,,,,,,,,,,
282,0.00128306879196316,-0.6083972454071045,0.0006426782929338515,0.0006403904990293086,,,,,,,,,,,,,,
283,0.0012811522465199232,-0.6120709180831909,0.000645958527456969,0.0006351937772706151,,,,,,,,,,,,,,
284,0.0012848516926169395,-0.6130563616752625,0.0006451013614423573,0.0006397502729669213,,,,,,,,,,,,,,
285,0.0012769342865794897,-0.6139419674873352,0.0006389779155142605,0.0006379564292728901,,,,,,,,,,,,,,
286,0.0013032353017479181,-0.6130387783050537,0.0006501514581032097,0.0006530838436447084,,,,,,,,,,,,,,
287,0.0011868404690176249,-0.6142744421958923,0.000598544196691364,0.0005882962141185999,,,,,,,,,,,,,,
288,0.0012624122900888324,-0.6191608309745789,0.0006306475843302906,0.0006317647057585418,,,,,,,,,,,,,,
289,0.0012165929656475782,-0.619375467300415,0.0006106311338953674,0.0006059618899598718,,,,,,,,,,,,,,
290,0.0012103152694180608,-0.6209347248077393,0.0006064129411242902,0.0006039023282937706,0.7850183248519897,0.7850183248519897,0.21498167514801025,7.1572041511535645,0.29734982173248115,0.3341822028160095,12.366281509399414,-0.0,7.049591064453125,0.7769449949264526,0.8437907722239835,0.7769449949264526,3.20597505569458,2.5977301597595215
291,0.0012083944166079164,-0.6191732287406921,0.0006060909945517778,0.0006023034220561385,,,,,,,,,,,,,,
292,0.0012355156941339374,-0.623379111289978,0.0006193564040586352,0.0006161592900753021,,,,,,,,,,,,,,
293,0.0012360616819933057,-0.6270235776901245,0.0006244727992452681,0.0006115888827480376,,,,,,,,,,,,,,
294,0.0011179812718182802,-0.6255710124969482,0.0005614381516352296,0.0005565431201830506,,,,,,,,,,,,,,
295,0.001218860037624836,-0.6243667602539062,0.0006114726420491934,0.0006073873955756426,,,,,,,,,,,,,,
296,0.0011861920356750488,-0.6259727478027344,0.0005929343751631677,0.0005932576023042202,,,,,,,,,,,,,,
297,0.0012035883264616132,-0.6312267780303955,0.0006035323021933436,0.0006000560242682695,,,,,,,,,,,,,,
298,0.001184207503683865,-0.63181471824646,0.0005957666435278952,0.0005884408601559699,,,,,,,,,,,,,,
299,0.0012138721067458391,-0.6292670965194702,0.0006099614547565579,0.0006039107101969421,,,,,,,,,,,,,,
300,0.00122960249427706,-0.6315116286277771,0.0006178455660119653,0.0006117569282650948,0.7849653959274292,0.7849653959274292,0.2150346040725708,7.201687335968018,0.31707694077077103,0.30862003564834595,12.807572364807129,-0.0,7.341748237609863,0.7769112586975098,0.8442726752792078,0.7769112586975098,3.2069482803344727,2.6037497520446777
301,0.0012112520635128021,-0.6365059614181519,0.0006027041818015277,0.0006085478817112744,,,,,,,,,,,,,,
302,0.0012105396017432213,-0.6369360089302063,0.000605881039518863,0.0006046586204320192,,,,,,,,,,,,,,
303,0.0011427714489400387,-0.632735013961792,0.0005736493039876223,0.0005691222031600773,,,,,,,,,,,,,,
304,0.001235681469552219,-0.6350595355033875,0.0006226791301742196,0.0006130023393779993,,,,,,,,,,,,,,
305,0.0010793053079396486,-0.6407051682472229,0.0005423676921054721,0.0005369376158341765,,,,,,,,,,,,,,
306,0.0012038645800203085,-0.6437596678733826,0.0006004965398460627,0.0006033680983819067,,,,,,,,,,,,,,
307,0.0012992408592253923,-0.6401001214981079,0.0006525949575006962,0.0006466459599323571,,,,,,,,,,,,,,
308,0.001159160048700869,-0.6399982571601868,0.0005837874487042427,0.0005753725999966264,,,,,,,,,,,,,,
309,0.0012434138916432858,-0.6451334953308105,0.0006217584013938904,0.0006216555484570563,,,,,,,,,,,,,,
310,0.0012387647293508053,-0.6485952734947205,0.0006178519688546658,0.0006209127022884786,0.7859395146369934,0.7859395146369934,0.2140604853630066,7.215806007385254,0.3257412354035733,0.30626562237739563,12.813447952270508,-0.0,7.050686836242676,0.7768654823303223,0.8461649701093402,0.7768654823303223,3.2078380584716797,2.6113874912261963
311,0.0012198814656585455,-0.6466861963272095,0.0006150587578304112,0.0006048227660357952,,,,,,,,,,,,,,
312,0.0011682596523314714,-0.6471933126449585,0.0005890189204365015,0.000579240673687309,,,,,,,,,,,,,,
313,0.0011956347152590752,-0.6508373022079468,0.000601959356572479,0.0005936753586865962,,,,,,,,,,,,,,
314,0.0010210699401795864,-0.6518836617469788,0.0005100574344396591,0.0005110125639475882,,,,,,,,,,,,,,
315,0.0011162240989506245,-0.6541985869407654,0.0005631922394968569,0.0005530318012461066,,,,,,,,,,,,,,
316,0.001251895329914987,-0.6521133780479431,0.0006285356357693672,0.0006233596941456199,,,,,,,,,,,,,,
317,0.0011534512741491199,-0.6532741189002991,0.0005765635869465768,0.000576887687202543,,,,,,,,,,,,,,
318,0.0012010573409497738,-0.6572290062904358,0.000604031200055033,0.0005970261408947408,,,,,,,,,,,,,,
319,0.0011009039590135217,-0.6573991775512695,0.0005536616663448513,0.0005472422926686704,,,,,,,,,,,,,,
320,0.0011352242436259985,-0.6594110131263733,0.0005721224588342011,0.0005631018429994583,0.7875933051109314,0.7875933051109314,0.2124066948890686,7.224640369415283,0.3256985649094139,0.30025947093963623,12.909920692443848,-0.0,7.3529767990112305,0.7768413424491882,0.8461954417661309,0.7768413424491882,3.208894968032837,2.6135506629943848
321,0.0010901649948209524,-0.6594271063804626,0.0005463635316118598,0.0005438015214167535,,,,,,,,,,,,,,
322,0.0011305318912491202,-0.66139817237854,0.0005717169842682779,0.0005588149069808424,,,,,,,,,,,,,,
323,0.001071537146344781,-0.6605710387229919,0.0005389613215811551,0.000532575766555965,,,,,,,,,,,,,,
324,0.0011016752105206251,-0.661853551864624,0.0005535883246921003,0.0005480868858285248,,,,,,,,,,,,,,
325,0.0011302551720291376,-0.667313277721405,0.0005683770286850631,0.0005618782015517354,,,,,,,,,,,,,,
326,0.0011424790136516094,-0.6682676672935486,0.0005729174590669572,0.0005695616127923131,,,,,,,,,,,,,,
327,0.0011284654028713703,-0.664080023765564,0.0005668654339388013,0.0005616000271402299,,,,,,,,,,,,,,
328,0.0010681126732379198,-0.6691308617591858,0.0005387311684899032,0.0005293815629556775,,,,,,,,,,,,,,
329,0.0010947240516543388,-0.6717690229415894,0.0005491512711159885,0.0005455727223306894,,,,,,,,,,,,,,
330,0.001153185497969389,-0.6709272265434265,0.0005783434608019888,0.000574842095375061,0.7875581383705139,0.7875581383705139,0.21244186162948608,7.226166725158691,0.30266414902104144,0.35753411054611206,11.84201717376709,-0.0,6.710580825805664,0.7767910957336426,0.8472919792410938,0.7767910957336426,3.2094624042510986,2.607508420944214
331,0.0011324185179546475,-0.6716905236244202,0.000574736506678164,0.0005576820112764835,,,,,,,,,,,,,,
332,0.0011516653466969728,-0.6734374165534973,0.0005816719494760036,0.0005699934554286301,,,,,,,,,,,,,,
333,0.001223269966430962,-0.6737328171730042,0.0006160997436381876,0.0006071702227927744,,,,,,,,,,,,,,
334,0.001144699053838849,-0.6764541268348694,0.0005769202252849936,0.0005677788867615163,,,,,,,,,,,,,,
335,0.001086532138288021,-0.67713463306427,0.0005477421800605953,0.0005387899000197649,,,,,,,,,,,,,,
336,0.0011750790290534496,-0.6763068437576294,0.0005901962867937982,0.0005848827422596514,,,,,,,,,,,,,,
337,0.0010546036064624786,-0.6779764294624329,0.0005310391425155103,0.0005235644057393074,,,,,,,,,,,,,,
338,0.0010394598357379436,-0.6803404688835144,0.0005217370926402509,0.0005177228013053536,,,,,,,,,,,,,,
339,0.001243325648829341,-0.684328556060791,0.0006236679619178176,0.0006196576287038624,,,,,,,,,,,,,,
340,0.0010984302498400211,-0.6853110790252686,0.0005535090458579361,0.0005449211457744241,0.7879152894020081,0.7879152894020081,0.21208471059799194,7.228663444519043,0.32867753950861256,0.31164711713790894,12.694112777709961,-0.0,6.904245853424072,0.7767665386199951,0.8472156750157056,0.7767665386199951,3.2097256183624268,2.6086721420288086
341,0.001111019984818995,-0.6798784732818604,0.000560715445317328,0.000550304539501667,,,,,,,,,,,,,,
342,0.0010892122518271208,-0.6837879419326782,0.0005496456869877875,0.0005395665648393333,,,,,,,,,,,,,,
343,0.0010740016587078571,-0.6880704164505005,0.0005406111013144255,0.0005333906156010926,,,,,,,,,,,,,,
344,0.0011941792909055948,-0.686172366142273,0.0006030928925611079,0.000591086398344487,,,,,,,,,,,,,,
345,0.0010762519668787718,-0.6824043989181519,0.0005470415926538408,0.0005292103160172701,,,,,,,,,,,,,,
346,0.001052090316079557,-0.6883797645568848,0.0005318651092238724,0.0005202252068556845,,,,,,,,,,,,,,
347,0.0010629650205373764,-0.6968067288398743,0.000536904379259795,0.0005260606994852424,,,,,,,,,,,,,,
348,0.0012673153541982174,-0.6929418444633484,0.0006391108618117869,0.0006282044923864305,,,,,,,,,,,,,,
349,0.0009833283256739378,-0.6875659823417664,0.0004968249122612178,0.0004865034716203809,,,,,,,,,,,,,,
350,0.0012172632850706577,-0.6923876404762268,0.0006110749091021717,0.000606188434176147,0.7875921130180359,0.7875921130180359,0.2124078869819641,7.227409839630127,0.326751534953177,0.31501054763793945,12.610567092895508,-0.0,6.780926704406738,0.7767133712768555,0.8487835154101208,0.7767133712768555,3.210014581680298,2.606626510620117
351,0.000976280658505857,-0.7011664509773254,0.0004906898830085993,0.0004855907754972577,,,,,,,,,,,,,,
352,0.0010811416432261467,-0.6975581645965576,0.000546517432667315,0.0005346242105588317,,,,,,,,,,,,,,
353,0.0011056610383093357,-0.6904398798942566,0.000556793122086674,0.0005488679162226617,,,,,,,,,,,,,,
354,0.001090353587642312,-0.6973447799682617,0.0005490201874636114,0.0005413334001787007,,,,,,,,,,,,,,
355,0.0011195294791832566,-0.706547737121582,0.0005631029489450157,0.000556426530238241,,,,,,,,,,,,,,
356,0.0011611379450187087,-0.7008306384086609,0.0005798353813588619,0.0005813025636598468,,,,,,,,,,,,,,
357,0.0010514827445149422,-0.6957904696464539,0.0005305486265569925,0.0005209340597502887,,,,,,,,,,,,,,
358,0.001135007245466113,-0.6995608806610107,0.0005732124554924667,0.0005617948481813073,,,,,,,,,,,,,,
359,0.0010782716562971473,-0.7121347784996033,0.0005445422139018774,0.0005337294423952699,,,,,,,,,,,,,,
360,0.0010288243647664785,-0.7109915614128113,0.0005163223831914365,0.0005125019233673811,0.7886486649513245,0.7886486649513245,0.21135133504867554,7.2424468994140625,0.31673237641712365,0.3213050365447998,12.479223251342773,-0.0,6.669136047363281,0.7767019271850586,0.848535747232425,0.7767019271850586,3.2107009887695312,2.6064093112945557
361,0.0011193982791155577,-0.7025283575057983,0.0005648976657539606,0.0005545005551539361,,,,,,,,,,,,,,
362,0.0011889965971931815,-0.7061084508895874,0.0005964919691905379,0.0005925046280026436,,,,,,,,,,,,,,
363,0.0011158292181789875,-0.7144500017166138,0.0005622764583677053,0.0005535527598112822,,,,,,,,,,,,,,
364,0.001022851443849504,-0.7158328890800476,0.0005173282697796822,0.0005055231740698218,,,,,,,,,,,,,,
365,0.0010946239344775677,-0.7072868943214417,0.0005492361960932612,0.0005453876801766455,,,,,,,,,,,,,,
366,0.0010530049912631512,-0.710626482963562,0.0005276960437186062,0.000525308889336884,,,,,,,,,,,,,,
367,0.001086483709514141,-0.7172730565071106,0.0005473269266076386,0.0005391567246988416,,,,,,,,,,,,,,
368,0.0010376207064837217,-0.7190720438957214,0.0005235397256910801,0.0005140809225849807,,,,,,,,,,,,,,
369,0.0009224121458828449,-0.7108713984489441,0.00046385431778617203,0.0004585578280966729,,,,,,,,,,,,,,
370,0.0010210417676717043,-0.7130042910575867,0.0005144069436937571,0.0005066348821856081,0.7896469235420227,0.7896469235420227,0.2103530764579773,7.271927833557129,0.3242261581349869,0.31212764978408813,12.64649772644043,-0.0,6.724790573120117,0.7766262888908386,0.8502810072420486,0.7766262888908386,3.2117202281951904,2.613734483718872
371,0.0009877406992018223,-0.720512866973877,0.0004984086262993515,0.0004893320729024708,,,,,,,,,,,,,,
372,0.0010417953599244356,-0.7239273190498352,0.0005240566097199917,0.0005177387502044439,,,,,,,,,,,,,,
373,0.0010033068247139454,-0.7190762162208557,0.0005032180924899876,0.0005000887904316187,,,,,,,,,,,,,,
374,0.0010441970080137253,-0.718017578125,0.0005287577514536679,0.0005154391983523965,,,,,,,,,,,,,,
375,0.001070643775165081,-0.7259737849235535,0.0005403165123425424,0.0005303273210301995,,,,,,,,,,,,,,
376,0.0009985951473936439,-0.7257920503616333,0.0005049037281423807,0.0004936914192512631,,,,,,,,,,,,,,
377,0.0009359397226944566,-0.7225711345672607,0.00047379909665323794,0.00046214062604121864,,,,,,,,,,,,,,
378,0.001097364816814661,-0.7240753769874573,0.0005538054974749684,0.0005435593193396926,,,,,,,,,,,,,,
379,0.0010265029268339276,-0.7317675352096558,0.0005171105731278658,0.0005093923537060618,,,,,,,,,,,,,,
380,0.0009395465021952987,-0.7303948998451233,0.00047410198021680117,0.00046544449287466705,0.7901962399482727,0.7901962399482727,0.2098037600517273,7.281445503234863,0.3304466618791591,0.2940611243247986,12.975862503051758,-0.0,6.922971248626709,0.7766070365905762,0.8496917261031208,0.7766070365905762,3.211749315261841,2.613389015197754
381,0.0010750116780400276,-0.7288814783096313,0.0005425772978924215,0.0005324343801476061,,,,,,,,,,,,,,
382,0.0011500045657157898,-0.7280557155609131,0.0005824972759000957,0.0005675072898156941,,,,,,,,,,,,,,
383,0.0010156926000490785,-0.7315186858177185,0.0005147286574356258,0.0005009639426134527,,,,,,,,,,,,,,
384,0.0010254785884171724,-0.7367970943450928,0.0005191005766391754,0.000506378011777997,,,,,,,,,,,,,,
385,0.001017382019199431,-0.7349421977996826,0.0005130136851221323,0.0005043683340772986,,,,,,,,,,,,,,
386,0.001036378089338541,-0.7318488359451294,0.0005210094386711717,0.0005153687088750303,,,,,,,,,,,,,,
387,0.0010351419914513826,-0.7351559996604919,0.0005208994843997061,0.0005142425652593374,,,,,,,,,,,,,,
388,0.0010076304897665977,-0.7413879036903381,0.000509951205458492,0.0004976793425157666,,,,,,,,,,,,,,
389,0.0009021500591188669,-0.740688681602478,0.00045485407463274896,0.0004472959553822875,,,,,,,,,,,,,,
390,0.0011399479117244482,-0.7378960847854614,0.0005722331698052585,0.0005677146837115288,0.7908132076263428,0.7908132076263428,0.20918679237365723,7.317697525024414,0.3317877623331815,0.29800114035606384,12.838142395019531,-0.0,6.80611515045166,0.7765834331512451,0.8498403091045323,0.7765834331512451,3.2119083404541016,2.609896183013916
391,0.001039631781168282,-0.7360801100730896,0.0005280705518089235,0.0005115612293593585,,,,,,,,,,,,,,
392,0.0009363723220303655,-0.7430444359779358,0.0004718452400993556,0.00046452711103484035,,,,,,,,,,,,,,
393,0.0009237351478077471,-0.7430739998817444,0.0004675891832448542,0.0004561459645628929,,,,,,,,,,,,,,
394,0.0010020206682384014,-0.7434837222099304,0.0005051581538282335,0.0004968625144101679,,,,,,,,,,,,,,
395,0.0010130113223567605,-0.7427536845207214,0.0005114588420838118,0.0005015524802729487,,,,,,,,,,,,,,
396,0.001053418149240315,-0.7485777735710144,0.000531365571077913,0.0005220525781624019,,,,,,,,,,,,,,
397,0.0009334724163636565,-0.7493522763252258,0.000471831182949245,0.00046164123341441154,,,,,,,,,,,,,,
398,0.0009123520576395094,-0.7433503866195679,0.00046315049985423684,0.0004492015577852726,,,,,,,,,,,,,,
399,0.0010131243616342545,-0.7486786842346191,0.0005089678452350199,0.0005041564581915736,,,,,,,,,,,,,,
400,0.0009094517445191741,-0.7536700367927551,0.0004613088385667652,0.00044814287684857845,0.7935351133346558,0.7935351133346558,0.20646488666534424,7.3800482749938965,0.34336253801830746,0.3017970323562622,12.696443557739258,-0.0,6.692458629608154,0.776485800743103,0.8520469575220538,0.776485800743103,3.212777853012085,2.617593288421631
401,0.000843824353069067,-0.7515526413917542,0.0004270804056432098,0.00041674391832202673,,,,,,,,,,,,,,
402,0.0010142854880541563,-0.7509785890579224,0.0005146839539520442,0.0004996015341021121,,,,,,,,,,,,,,
403,0.0009631133871152997,-0.7531300187110901,0.0004877348546870053,0.0004753785324282944,,,,,,,,,,,,,,
404,0.0009061337914317846,-0.7579193711280823,0.00046060062595643103,0.00044553313637152314,,,,,,,,,,,,,,
405,0.0009827003814280033,-0.7561933398246765,0.0004987144493497908,0.0004839859902858734,,,,,,,,,,,,,,
406,0.0009158333414234221,-0.750813364982605,0.00046284851850941777,0.0004529848229140043,,,,,,,,,,,,,,
407,0.0009285705164074898,-0.7567416429519653,0.00046662832028232515,0.00046194216702133417,,,,,,,,,,,,,,
408,0.0008520244737155735,-0.7632302641868591,0.00043303106212988496,0.0004189934115856886,,,,,,,,,,,,,,
409,0.0010163820115849376,-0.7609165906906128,0.0005123973824083805,0.0005039846291765571,,,,,,,,,,,,,,
410,0.0008404108230024576,-0.7558164000511169,0.00042421102989465,0.00041619979310780764,0.793785035610199,0.793785035610199,0.20621496438980103,7.395524024963379,0.3447995678530205,0.2653757631778717,13.36855697631836,-0.0,7.112863540649414,0.7765018343925476,0.8510115589933265,0.7765018343925476,3.21289324760437,2.6254334449768066
411,0.0010030637495219707,-0.7607319355010986,0.0005072680069133639,0.0004957956844009459,,,,,,,,,,,,,,
412,0.0009074850240722299,-0.7662169337272644,0.000460680341348052,0.00044680468272417784,,,,,,,,,,,,,,
413,0.0008798671187832952,-0.7652875781059265,0.00044376958976499736,0.0004360975290182978,,,,,,,,,,,,,,
414,0.0008956675883382559,-0.7622538805007935,0.00045338430209085345,0.00044228325714357197,,,,,,,,,,,,,,
415,0.00097476108931005,-0.7628152966499329,0.0004960401565767825,0.000478720961837098,,,,,,,,,,,,,,
416,0.0008458907250314951,-0.7701200842857361,0.00042631811811588705,0.0004195726360194385,,,,,,,,,,,,,,
417,0.0008650092058815062,-0.7686191201210022,0.00043478485895320773,0.0004302243469282985,,,,,,,,,,,,,,
418,0.0008282795315608382,-0.7670761942863464,0.00041753516416065395,0.00041074439650401473,,,,,,,,,,,,,,
419,0.0008485773578286171,-0.770734965801239,0.0004301033332012594,0.00041847399552352726,,,,,,,,,,,,,,
420,0.000894347089342773,-0.7727739214897156,0.0004534888721536845,0.0004408582462929189,0.7938269376754761,0.7938269376754761,0.20617306232452393,7.436081886291504,0.3483954118972254,0.26619255542755127,13.366086959838867,-0.0,7.2385969161987305,0.7765035629272461,0.8506732371721288,0.7765035629272461,3.21305513381958,2.6223490238189697
421,0.0009492856916040182,-0.7724909782409668,0.0004822828050237149,0.00046700291568413377,,,,,,,,,,,,,,
422,0.0009122882620431483,-0.7704418301582336,0.00046079049934633076,0.0004514977626968175,,,,,,,,,,,,,,
423,0.0009248053538613021,-0.772821843624115,0.00046746357111260295,0.0004573417827486992,,,,,,,,,,,,,,
424,0.0008804139797575772,-0.7777341604232788,0.0004438303876668215,0.0004365835920907557,,,,,,,,,,,,,,
425,0.0008789800340309739,-0.7727338671684265,0.00044427221291698515,0.0004347077920101583,,,,,,,,,,,,,,
426,0.0008571188664063811,-0.7730214595794678,0.00043389442726038396,0.0004232244100421667,,,,,,,,,,,,,,
427,0.0008271081605926156,-0.7823625802993774,0.0004179239913355559,0.00040918419836089015,,,,,,,,,,,,,,
428,0.0009429715573787689,-0.7810264825820923,0.00047729024663567543,0.0004656813107430935,,,,,,,,,,,,,,
429,0.0008509046747349203,-0.7767845988273621,0.00043088747770525515,0.0004200171970296651,,,,,,,,,,,,,,
430,0.0008048058953136206,-0.7793481945991516,0.00040929100941866636,0.00039551485679112375,0.7960518002510071,0.7960518002510071,0.20394819974899292,7.511587142944336,0.3423881192970963,0.3090524673461914,12.537757873535156,-0.0,6.653803825378418,0.7764816880226135,0.8518576484801513,0.7764817476272583,3.21309232711792,2.615964889526367
431,0.0008454193011857569,-0.7873367667198181,0.0004287833289708942,0.0004166359722148627,,,,,,,,,,,,,,
432,0.0008619388099759817,-0.7821953296661377,0.0004369828966446221,0.0004249559424351901,,,,,,,,,,,,,,
433,0.0008603380993008614,-0.7783937454223633,0.00043616435141302645,0.00042417371878400445,,,,,,,,,,,,,,
434,0.000873521959874779,-0.7868393063545227,0.0004412286216393113,0.00043229333823546767,,,,,,,,,,,,,,
435,0.0008322607609443367,-0.7908872365951538,0.000423226912971586,0.00040903384797275066,,,,,,,,,,,,,,
436,0.0008183572208508849,-0.7870208621025085,0.00041296170093119144,0.00040539551991969347,,,,,,,,,,,,,,
437,0.0008089131442829967,-0.7849879264831543,0.00040909292874857783,0.00039982018643058836,,,,,,,,,,,,,,
438,0.0007798566948622465,-0.7875428795814514,0.0003940224996767938,0.00038583416608162224,,,,,,,,,,,,,,
439,0.0008631133241578937,-0.7947103381156921,0.00043795068631879985,0.00042516260873526335,,,,,,,,,,,,,,
440,0.0008510921616107225,-0.7909903526306152,0.0004306779592297971,0.00042041417327709496,0.7955207824707031,0.7955207824707031,0.20447921752929688,7.591653823852539,0.3508613420940035,0.2959350347518921,12.83578872680664,-0.0,6.705155372619629,0.7764357328414917,0.8518960907934213,0.7764357328414917,3.213730573654175,2.624619960784912
441,0.0008678000303916633,-0.7898772358894348,0.0004371131071820855,0.0004306869232095778,,,,,,,,,,,,,,
442,0.000765038188546896,-0.793724775314331,0.00038633254007436335,0.0003787056775763631,,,,,,,,,,,,,,
443,0.0007857165765017271,-0.7954242825508118,0.000398716249037534,0.00038700029836036265,,,,,,,,,,,,,,
444,0.0008228793158195913,-0.7926362752914429,0.00041762684122659266,0.0004052524745929986,,,,,,,,,,,,,,
445,0.0008779654745012522,-0.7972090244293213,0.00044047649134881794,0.0004374889540486038,,,,,,,,,,,,,,
446,0.0007722540758550167,-0.7946047186851501,0.0003923401818610728,0.0003799138648901135,,,,,,,,,,,,,,
447,0.0008495661895722151,-0.7958545088768005,0.00043132127029821277,0.00041824494837783277,,,,,,,,,,,,,,
448,0.0007858058670535684,-0.8013078570365906,0.0003977879823651165,0.00038801785558462143,,,,,,,,,,,,,,
449,0.0008443709230050445,-0.8009035587310791,0.00042688605026341975,0.0004174848727416247,,,,,,,,,,,,,,
450,0.0007936300244182348,-0.800270676612854,0.00040254651685245335,0.0003910835075657815,0.7947805523872375,0.7947805523872375,0.20521944761276245,7.681386470794678,0.3685722949884956,0.2743609547615051,13.114602088928223,-0.0,6.75731086730957,0.7763718962669373,0.8531856690444676,0.7763718962669373,3.2137138843536377,2.6256790161132812
451,0.0007717566331848502,-0.8034486174583435,0.0003933544794563204,0.0003784021537285298,,,,,,,,,,,,,,
452,0.0007664153818041086,-0.8011617660522461,0.0003866443003062159,0.00037977108149789274,,,,,,,,,,,,,,
453,0.0007739918073639274,-0.8016803860664368,0.0003924685879610479,0.0003815232194028795,,,,,,,,,,,,,,
454,0.0007814896525815129,-0.8061609864234924,0.00039455160731449723,0.0003869380452670157,,,,,,,,,,,,,,
455,0.0007724149036221206,-0.8064697980880737,0.0003912217216566205,0.0003811931819655001,,,,,,,,,,,,,,
456,0.000734593952074647,-0.8029422760009766,0.00037364527815952897,0.0003609486448112875,,,,,,,,,,,,,,
457,0.0008348928531631827,-0.813145637512207,0.0004206772428005934,0.0004142156394664198,,,,,,,,,,,,,,
458,0.0008227673824876547,-0.8115829229354858,0.00041748688090592623,0.000405280472477898,,,,,,,,,,,,,,
459,0.0008182168239727616,-0.8026670217514038,0.0004140214587096125,0.00040419536526314914,,,,,,,,,,,,,,
460,0.0008311875280924141,-0.8086875677108765,0.0004187609301880002,0.00041242659790441394,0.7954401969909668,0.7954401969909668,0.2045598030090332,7.778119087219238,0.3554929352795119,0.2733038663864136,13.06547737121582,-0.0,6.986842632293701,0.7763406038284302,0.8520652624525561,0.7763406038284302,3.2140369415283203,2.6235029697418213
461,0.0007256141980178654,-0.8176864385604858,0.00036774875479750335,0.00035786544322036207,,,,,,,,,,,,,,
462,0.0009509645751677454,-0.8151374459266663,0.0004798615409526974,0.00047110303421504796,,,,,,,,,,,,,,
463,0.0007724630413576961,-0.8068830370903015,0.0003911387757398188,0.00038132426561787724,,,,,,,,,,,,,,
464,0.0008392681484110653,-0.8153079152107239,0.00042371355812065303,0.0004155545902904123,,,,,,,,,,,,,,
465,0.0007634682115167379,-0.8222579956054688,0.0003859111457131803,0.00037755706580355763,,,,,,,,,,,,,,
466,0.000870552146807313,-0.808763861656189,0.0004394164716359228,0.00043113570427522063,,,,,,,,,,,,,,
467,0.0008691799594089389,-0.814640462398529,0.00044011991121806204,0.00042906004819087684,,,,,,,,,,,,,,
468,0.0008888644515536726,-0.8259275555610657,0.0004492118314374238,0.0004396526201162487,,,,,,,,,,,,,,
469,0.0008146566106006503,-0.8200458884239197,0.00041019782656803727,0.00040445878403261304,,,,,,,,,,,,,,
470,0.0007361159659922123,-0.8110946416854858,0.00037390546640381217,0.00036221047048456967,0.7966138124465942,0.7966138124465942,0.20338618755340576,7.8146867752075195,0.35591288961720063,0.23909282684326172,13.62877082824707,-0.0,7.764416694641113,0.7763854265213013,0.8522879519118607,0.7763854265213013,3.2142581939697266,2.633068561553955
471,0.0009158023167401552,-0.8243366479873657,0.0004588615847751498,0.00045694076106883585,,,,,,,,,,,,,,
472,0.0007969128200784326,-0.8302649855613708,0.0004060982319060713,0.0003908145590685308,,,,,,,,,,,,,,
473,0.0009332264307886362,-0.8155031204223633,0.0004701067227870226,0.0004631197080016136,,,,,,,,,,,,,,
474,0.0008647118229418993,-0.8193357586860657,0.0004354389093350619,0.0004292729136068374,,,,,,,,,,,,,,
475,0.0007466585957445204,-0.8316484689712524,0.0003767615125980228,0.0003698970831464976,,,,,,,,,,,,,,
476,0.0008196146227419376,-0.8266514539718628,0.0004142761754337698,0.0004053384473081678,,,,,,,,,,,,,,
477,0.0007897440227679908,-0.8211486339569092,0.00039937495603226125,0.0003903690667357296,,,,,,,,,,,,,,
478,0.0007435207953676581,-0.8276148438453674,0.0003779024991672486,0.00036561829620040953,,,,,,,,,,,,,,
479,0.0006683567771688104,-0.8328576683998108,0.00033809489104896784,0.00033026188611984253,,,,,,,,,,,,,,
480,0.0007626794977113605,-0.8299317955970764,0.00038788345409557223,0.0003747960436157882,0.7959675788879395,0.7959675788879395,0.20403242111206055,7.981416702270508,0.35467964859396245,0.2567268908023834,13.1922607421875,-0.0,7.43203592300415,0.7763705849647522,0.8528547451530472,0.776370644569397,3.2142813205718994,2.632179021835327
481,0.0007876395829953253,-0.825319766998291,0.00040041503962129354,0.0003872245433740318,,,,,,,,,,,,,,
482,0.0007257997058331966,-0.8332983255386353,0.00036762974923476577,0.00035816998570226133,,,,,,,,,,,,,,
483,0.0006449566571973264,-0.834889829158783,0.0003287624567747116,0.0003161942004226148,,,,,,,,,,,,,,
484,0.0006885869661346078,-0.8308722376823425,0.00034896720899268985,0.0003396197862457484,,,,,,,,,,,,,,
485,0.0007432571146637201,-0.8322837352752686,0.00037550448905676603,0.00036775259650312364,,,,,,,,,,,,,,
486,0.000659713929053396,-0.8372113108634949,0.00033391921897418797,0.000325794710079208,,,,,,,,,,,,,,
487,0.0008091781055554748,-0.8377854228019714,0.0004103540850337595,0.0003988239914178848,,,,,,,,,,,,,,
488,0.0006746323779225349,-0.8320909142494202,0.00034227556898258626,0.00033235683804377913,,,,,,,,,,,,,,
489,0.0007145937997847795,-0.8379420638084412,0.00036077824188396335,0.00035381558700464666,,,,,,,,,,,,,,
490,0.0007886780658736825,-0.8407155871391296,0.0004002294153906405,0.000388448650483042,0.7982041239738464,0.7982041239738464,0.20179587602615356,8.130010604858398,0.37425245755568315,0.20968671143054962,14.02763843536377,-0.0,7.920263290405273,0.7763453722000122,0.8534037858146286,0.7763453722000122,3.2144527435302734,2.6343374252319336
491,0.0007026896346360445,-0.8374469876289368,0.00035847461549565196,0.0003442149900365621,,,,,,,,,,,,,,
492,0.0008374092867597938,-0.8379622101783752,0.00042558371205814183,0.00041182557470165193,,,,,,,,,,,,,,
493,0.0006794636719860137,-0.8423335552215576,0.0003431966179050505,0.00033626705408096313,,,,,,,,,,,,,,
494,0.0007043496007099748,-0.8441685438156128,0.00035730371018871665,0.00034704586141742766,,,,,,,,,,,,,,
495,0.0007684980519115925,-0.8397388458251953,0.0003894316905643791,0.0003790663613472134,,,,,,,,,,,,,,
496,0.0006939478917047381,-0.8420466184616089,0.0003520967729855329,0.00034185111871920526,,,,,,,,,,,,,,
497,0.0007833620766177773,-0.8511305451393127,0.0003983935748692602,0.00038496850174851716,,,,,,,,,,,,,,
498,0.0007411488331854343,-0.8435532450675964,0.00037508647073991597,0.0003660623624455184,,,,,,,,,,,,,,
499,0.0007463634246960282,-0.8431019186973572,0.00037545233499258757,0.0003709111188072711,,,,,,,,,,,,,,
500,0.0007528527639806271,-0.8514301180839539,0.00038227264303714037,0.00037058009183965623,0.7971346974372864,0.7971346974372864,0.20286530256271362,8.241609573364258,0.3746068886735569,0.19128388166427612,14.26708984375,-0.0,7.938356399536133,0.776285707950592,0.8535065331999534,0.7762857675552368,3.21449613571167,2.636429786682129
501,0.0006970025133341551,-0.851959228515625,0.000354417075868696,0.0003425854374654591,,,,,,,,,,,,,,
502,0.0006892533274367452,-0.8466588854789734,0.0003505198983475566,0.0003387333999853581,,,,,,,,,,,,,,
503,0.0006938431179150939,-0.8503363728523254,0.00035023671807721257,0.00034360637073405087,,,,,,,,,,,,,,
504,0.0006368050817400217,-0.8513109087944031,0.00032576153171248734,0.00031104355002753437,,,,,,,,,,,,,,
505,0.0006498043076135218,-0.8531925082206726,0.00033249554689973593,0.0003173087607137859,,,,,,,,,,,,,,
506,0.0006112807895988226,-0.8506239056587219,0.0003118956519756466,0.0002993851085193455,,,,,,,,,,,,,,
507,0.0006440775468945503,-0.8523215055465698,0.00032728383666835725,0.0003167936811223626,,,,,,,,,,,,,,
508,0.0006937914877198637,-0.8583211898803711,0.0003521906619425863,0.00034160082577727735,,,,,,,,,,,,,,
509,0.0006751385517418385,-0.8520981669425964,0.0003417563275434077,0.00033338225330226123,,,,,,,,,,,,,,
510,0.0006730759632773697,-0.8533998131752014,0.0003428735362831503,0.0003302024269942194,0.7939260005950928,0.7939260005950928,0.20607399940490723,8.471575736999512,0.3916627387921614,0.14299443364143372,15.006771087646484,-0.0,8.765148162841797,0.776273250579834,0.8536768359523107,0.776273250579834,3.2145779132843018,2.639286518096924
511,0.0006621162174269557,-0.8638060092926025,0.00033831235487014055,0.00032380386255681515,,,,,,,,,,,,,,
512,0.0007296716794371605,-0.8601167798042297,0.0003699850640259683,0.00035968664451502264,,,,,,,,,,,,,,
513,0.000644672429189086,-0.855770468711853,0.0003258881624788046,0.0003187842376064509,,,,,,,,,,,,,,
514,0.0007063552038744092,-0.8605362772941589,0.00035617005778476596,0.0003501851751934737,,,,,,,,,,,,,,
515,0.0006233853055164218,-0.8643742203712463,0.00031695375218987465,0.0003064315824303776,,,,,,,,,,,,,,
516,0.000658818578813225,-0.8606193661689758,0.00033627916127443314,0.0003225394175387919,,,,,,,,,,,,,,
517,0.0006675643380731344,-0.8587199449539185,0.0003399379493203014,0.000327626388752833,,,,,,,,,,,,,,
518,0.0007090068538673222,-0.8683488368988037,0.0003619292692746967,0.0003470775845926255,,,,,,,,,,,,,,
519,0.0006911489181220531,-0.8659349083900452,0.00035061544622294605,0.00034053344279527664,,,,,,,,,,,,,,
520,0.0006956461584195495,-0.8586987257003784,0.0003509224916342646,0.0003447236667852849,0.7952139973640442,0.7952139973640442,0.2047860026359558,8.593315124511719,0.38003793027523586,0.1625504493713379,14.634195327758789,-0.0,8.63491153717041,0.7762293815612793,0.8534791906346298,0.7762293815612793,3.215055465698242,2.6454734802246094
521,0.0006255652406252921,-0.8668056726455688,0.0003185252717230469,0.00030703996890224516,,,,,,,,,,,,,,
522,0.0006595569429919124,-0.8723523020744324,0.0003323273849673569,0.000327229528920725,,,,,,,,,,,,,,
523,0.0006865585455670953,-0.8649418950080872,0.0003486311179585755,0.00033792745671235025,,,,,,,,,,,,,,
524,0.0006514998385682702,-0.8629872798919678,0.00033157377038151026,0.0003199260972905904,,,,,,,,,,,,,,
525,0.0006104971980676055,-0.8730617761611938,0.0003091710968874395,0.00030132613028399646,,,,,,,,,,,,,,
526,0.0006847264594398439,-0.8702341318130493,0.0003486285568214953,0.0003360979026183486,,,,,,,,,,,,,,
527,0.0006137943128123879,-0.8684195280075073,0.0003106902295257896,0.0003031040832865983,,,,,,,,,,,,,,
528,0.0006637311307713389,-0.8745074272155762,0.00033749290741980076,0.00032623825245536864,,,,,,,,,,,,,,
529,0.0006280738161876798,-0.8712212443351746,0.0003179175837431103,0.0003101562615483999,,,,,,,,,,,,,,
530,0.0006030931835994124,-0.8740186095237732,0.00030573367257602513,0.00029735948191955686,0.7976455688476562,0.7976455688476562,0.20235443115234375,8.73770523071289,0.38703852524539006,0.15005765855312347,14.89362907409668,-0.0,8.629953384399414,0.7762519717216492,0.8531364513047708,0.7762519717216492,3.214639186859131,2.6387240886688232
531,0.0006378933321684599,-0.8747291564941406,0.0003243515966460109,0.000313541735522449,,,,,,,,,,,,,,
532,0.0006969083333387971,-0.8745566010475159,0.00035213897353969514,0.00034476935979910195,,,,,,,,,,,,,,
533,0.0005821600207127631,-0.8746935129165649,0.0002959521079901606,0.0002862079127226025,,,,,,,,,,,,,,
534,0.0006458730204030871,-0.8789181709289551,0.0003246848355047405,0.00032118818489834666,,,,,,,,,,,,,,
535,0.0005852519534528255,-0.8784984350204468,0.00029833181179128587,0.00028692017076537013,,,,,,,,,,,,,,
536,0.0006316326325759292,-0.8733227252960205,0.00032205821480602026,0.00030957444687373936,,,,,,,,,,,,,,
537,0.0006328784511424601,-0.8816474080085754,0.0003193773445673287,0.0003135011065751314,,,,,,,,,,,,,,
538,0.0005852192407473922,-0.8824530839920044,0.00029775669099763036,0.00028746252064593136,,,,,,,,,,,,,,
539,0.0006140642799437046,-0.876977801322937,0.0003109940735157579,0.00030307023553177714,,,,,,,,,,,,,,
540,0.0006418857956305146,-0.8827138543128967,0.00032596217351965606,0.000315923651214689,0.7977744936943054,0.7977744936943054,0.20222550630569458,8.897765159606934,0.37357551991252286,0.13842974603176117,15.15068244934082,-0.0,8.50288200378418,0.7762236595153809,0.8532642934835968,0.7762236595153809,3.214995861053467,2.6463730335235596
541,0.0006341518019326031,-0.885398268699646,0.0003203341912012547,0.0003138176107313484,,,,,,,,,,,,,,
542,0.0006785824662074447,-0.8777967095375061,0.0003436504630371928,0.0003349320322740823,,,,,,,,,,,,,,
543,0.0006381223211064935,-0.8828359246253967,0.0003228364512324333,0.0003152858989778906,,,,,,,,,,,,,,
544,0.000558938947506249,-0.8906867504119873,0.00028273981297388673,0.00027619910542853177,,,,,,,,,,,,,,
545,0.0006616553291678429,-0.8845171928405762,0.0003353326756041497,0.0003263226244598627,,,,,,,,,,,,,,
546,0.0006253015017136931,-0.8833264708518982,0.0003177321923431009,0.0003075693384744227,,,,,,,,,,,,,,
547,0.0005537751130759716,-0.8929288983345032,0.00028326784376986325,0.00027050726930610836,,,,,,,,,,,,,,
548,0.0006595589802600443,-0.8866062164306641,0.0003352163766976446,0.00032434260356239974,,,,,,,,,,,,,,
549,0.0005809888825751841,-0.8885191082954407,0.00029622326837852597,0.00028476561419665813,,,,,,,,,,,,,,
550,0.0006039426662027836,-0.8922553062438965,0.0003075867425650358,0.0002963559527415782,0.7947287559509277,0.7947287559509277,0.20527124404907227,9.51419448852539,0.3617645059979816,0.15673649311065674,14.969112396240234,-0.0,8.422340393066406,0.7762020230293274,0.8529490979831793,0.7762020230293274,3.214930295944214,2.6441144943237305
551,0.0006234967149794102,-0.8883963227272034,0.00031737363315187395,0.00030612305272370577,,,,,,,,,,,,,,
552,0.0005960423732176423,-0.8918424248695374,0.00030121117015369236,0.0002948312321677804,,,,,,,,,,,,,,
553,0.0005914653302170336,-0.8954530358314514,0.0003003871825058013,0.0002910781477112323,,,,,,,,,,,,,,
554,0.0005814889445900917,-0.890532910823822,0.0002965170133393258,0.00028497190214693546,,,,,,,,,,,,,,
555,0.0005978535627946258,-0.8940422534942627,0.00030487700132653117,0.0002929765614680946,,,,,,,,,,,,,,
556,0.0006141331978142262,-0.8979895710945129,0.0003112906124442816,0.00030284258536994457,,,,,,,,,,,,,,
557,0.0005517720710486174,-0.8940101265907288,0.0002804366813506931,0.0002713353605940938,,,,,,,,,,,,,,
558,0.0005285550141707063,-0.8951335549354553,0.00026727907243184745,0.0002612759708426893,,,,,,,,,,,,,,
559,0.0005002304678782821,-0.8982370495796204,0.0002563190064392984,0.0002439114759908989,,,,,,,,,,,,,,
560,0.0005542078288272023,-0.8994776010513306,0.00028164926334284246,0.0002725585945881903,0.796683669090271,0.796683669090271,0.203316330909729,9.640473365783691,0.38078763596240056,0.1128675788640976,15.662914276123047,-0.0,8.860008239746094,0.776150107383728,0.8537664084896646,0.776150107383728,3.2148277759552,2.64792537689209
561,0.0005727339303120971,-0.8994026184082031,0.0002914154902100563,0.00028131844010204077,,,,,,,,,,,,,,
562,0.0005935686640441418,-0.8954199552536011,0.0003001465811394155,0.00029342208290472627,,,,,,,,,,,,,,
563,0.0005862950347363949,-0.9044487476348877,0.0002973154478240758,0.0002889796160161495,,,,,,,,,,,,,,
564,0.0005434428458102047,-0.9024351239204407,0.0002758753835223615,0.00026756746228784323,,,,,,,,,,,,,,
565,0.0005614918190985918,-0.9002001881599426,0.0002865219721570611,0.00027496987604536116,,,,,,,,,,,,,,
566,0.0005584611790254712,-0.9056771397590637,0.00028324787854216993,0.0002752132713794708,,,,,,,,,,,,,,
567,0.0005708507960662246,-0.9046894907951355,0.000291735545033589,0.0002791152219288051,,,,,,,,,,,,,,
568,0.0005794094176962972,-0.9040628671646118,0.0002936440578196198,0.0002857653598766774,,,,,,,,,,,,,,
569,0.000535912171471864,-0.9059403538703918,0.00027235079323872924,0.00026356137823313475,,,,,,,,,,,,,,
570,0.0005463381530717015,-0.9067217111587524,0.00027822551783174276,0.0002681126643437892,0.795293927192688,0.795293927192688,0.204706072807312,10.233292579650879,0.3628098386031815,0.10916778445243835,15.893796920776367,-0.0,9.440070152282715,0.7761600017547607,0.8530549819024419,0.7761600017547607,3.215118408203125,2.6527910232543945
571,0.0006227410631254315,-0.908475399017334,0.00031732942443341017,0.00030541163869202137,,,,,,,,,,,,,,
572,0.0005194919067434967,-0.907765805721283,0.00026450009318068624,0.0002549918135628104,,,,,,,,,,,,,,
573,0.0005206615896895528,-0.9060319066047668,0.00026415480533614755,0.0002565068134572357,,,,,,,,,,,,,,
574,0.0006014370592311025,-0.9122755527496338,0.0003039893927052617,0.00029744766652584076,,,,,,,,,,,,,,
575,0.0005647949874401093,-0.907823920249939,0.0002860867534764111,0.00027870823396369815,,,,,,,,,,,,,,
576,0.0004621018888428807,-0.9083659052848816,0.000234127976000309,0.00022797392739448696,,,,,,,,,,,,,,
577,0.0005655339919030666,-0.9166606664657593,0.00028553008451126516,0.00028000393649563193,,,,,,,,,,,,,,
578,0.0006420683348551393,-0.9101860523223877,0.0003251188900321722,0.0003169494157191366,,,,,,,,,,,,,,
579,0.0005115641979500651,-0.9107822775840759,0.0002595993282739073,0.0002519648987799883,,,,,,,,,,,,,,
580,0.0005811783485114574,-0.9194271564483643,0.0002950136549770832,0.0002861647226382047,0.7896401882171631,0.7896401882171631,0.21035981178283691,10.251508712768555,0.3640451041100942,0.10287334769964218,15.951776504516602,-0.0,8.741193771362305,0.7761527299880981,0.8531156643297281,0.7761527299880981,3.214792490005493,2.644521474838257
581,0.0006452699890360236,-0.9118619561195374,0.00032779056346043944,0.0003174794255755842,,,,,,,,,,,,,,
582,0.000560356245841831,-0.9130416512489319,0.0002831499732565135,0.0002772062725853175,,,,,,,,,,,,,,
583,0.0005437541985884309,-0.9233593940734863,0.00027622931520454586,0.000267524883383885,,,,,,,,,,,,,,
584,0.0006652877200394869,-0.9139583110809326,0.00033748068381100893,0.0003278070071246475,,,,,,,,,,,,,,
585,0.0005150247598066926,-0.9153348207473755,0.00026019770302809775,0.00025482705677859485,,,,,,,,,,,,,,
586,0.0006264608236961067,-0.9239429831504822,0.00031539864721708,0.0003110621764790267,,,,,,,,,,,,,,
587,0.0005554460221901536,-0.9181604981422424,0.00028140118229202926,0.0002740448690019548,,,,,,,,,,,,,,
588,0.0006026581395417452,-0.9159802794456482,0.0003044788318220526,0.0002981793077196926,,,,,,,,,,,,,,
589,0.0005922961863689125,-0.925494372844696,0.00029973313212394714,0.0002925630542449653,,,,,,,,,,,,,,
590,0.0005601372686214745,-0.9213575124740601,0.000283433502772823,0.00027670376584865153,0.7903980612754822,0.7903980612754822,0.20960193872451782,10.571630477905273,0.3571645753718621,0.12271766364574432,15.679590225219727,-0.0,9.577651977539062,0.776164710521698,0.8524517026883188,0.776164710521698,3.21486234664917,2.6470510959625244
591,0.0004924668464809656,-0.918583869934082,0.00025067408569157124,0.00024179276078939438,,,,,,,,,,,,,,
592,0.0005599402356892824,-0.9266229271888733,0.0002819916990119964,0.00027794853667728603,,,,,,,,,,,,,,
593,0.0005099691916257143,-0.9287242293357849,0.0002586237096693367,0.0002513455110602081,,,,,,,,,,,,,,
594,0.0005626706406474113,-0.9188615679740906,0.00028530738200061023,0.00027736328775063157,,,,,,,,,,,,,,
595,0.0005705952644348145,-0.9294658303260803,0.00028725090669468045,0.00028334438684396446,,,,,,,,,,,,,,
596,0.0005441679386422038,-0.929219126701355,0.0002757217444013804,0.0002684461942408234,,,,,,,,,,,,,,
597,0.0005267561646178365,-0.9230071902275085,0.0002681060286704451,0.00025865010684356093,,,,,,,,,,,,,,
598,0.000557041959837079,-0.9311125874519348,0.00028301787097007036,0.00027402405976317823,,,,,,,,,,,,,,
599,0.0005481622647494078,-0.9295238256454468,0.0002767694531939924,0.0002713928115554154,,,,,,,,,,,,,,
600,0.0005282887723296881,-0.9263012409210205,0.0002676609146874398,0.0002606278576422483,0.7886557579040527,0.7886557579040527,0.21134424209594727,10.705623626708984,0.35300942216315123,0.11070536077022552,15.929329872131348,-0.0,9.982564926147461,0.7761154770851135,0.8533279575393234,0.7761154770851135,3.214866876602173,2.6544923782348633
601,0.0005316686583682895,-0.9331675171852112,0.00026886173873208463,0.0002628069487400353,,,,,,,,,,,,,,
602,0.0005243894993327558,-0.9320383667945862,0.0002666679210960865,0.0002577215782366693,,,,,,,,,,,,,,
603,0.0005629579536616802,-0.9280924797058105,0.00028611166635528207,0.00027684628730639815,,,,,,,,,,,,,,
604,0.0005422665853984654,-0.9321091175079346,0.000275690428679809,0.0002665761567186564,,,,,,,,,,,,,,
605,0.0005047168815508485,-0.9376213550567627,0.00025476430892013013,0.00024995257263071835,,,,,,,,,,,,,,
606,0.0005066799931228161,-0.9302761554718018,0.0002552173682488501,0.00025146265397779644,,,,,,,,,,,,,,
607,0.0005288167158141732,-0.933289647102356,0.0002661811886355281,0.0002626355562824756,,,,,,,,,,,,,,
608,0.000547852017916739,-0.9414101243019104,0.00027706933906301856,0.0002707826788537204,,,,,,,,,,,,,,
609,0.0005756518803536892,-0.9351474046707153,0.00029092864133417606,0.0002847232681233436,,,,,,,,,,,,,,
610,0.0005116182146593928,-0.9340368509292603,0.00025832379469648004,0.0002532944199629128,0.7827532291412354,0.7827532291412354,0.21724677085876465,11.238870620727539,0.3217061624243412,0.1248798817396164,15.69773006439209,-0.0,10.138177871704102,0.7760686278343201,0.852884660501118,0.7760686278343201,3.2149949073791504,2.653935432434082
611,0.0005492984782904387,-0.9436682462692261,0.00027748808497563004,0.00027181036421097815,,,,,,,,,,,,,,
612,0.0006164314108900726,-0.9369551539421082,0.0003121609042864293,0.0003042705066036433,,,,,,,,,,,,,,
613,0.000503038871102035,-0.9371803998947144,0.0002551499055698514,0.0002478889946360141,,,,,,,,,,,,,,
614,0.0004872214631177485,-0.9434048533439636,0.0002474620414432138,0.00023975940712261945,,,,,,,,,,,,,,
615,0.0005565957399085164,-0.9395779967308044,0.000280639884294942,0.0002759558556135744,,,,,,,,,,,,,,
616,0.0004883511574007571,-0.9388137459754944,0.00024823538842611015,0.0002401157544227317,,,,,,,,,,,,,,
617,0.0004898738698102534,-0.9473102688789368,0.00024949616636149585,0.00024037771800067276,,,,,,,,,,,,,,
618,0.0005860261153429747,-0.9409840703010559,0.00029667344642803073,0.0002893526980187744,,,,,,,,,,,,,,
619,0.0005731250857934356,-0.9396034479141235,0.0002899353567045182,0.0002831896999850869,,,,,,,,,,,,,,
620,0.00058325519785285,-0.9490424394607544,0.0002957236429210752,0.0002875315258279443,0.7836881279945374,0.7836881279945374,0.21631187200546265,11.218422889709473,0.3279011522974413,0.11070536822080612,15.991368293762207,-0.0,9.967302322387695,0.7760908007621765,0.8528106740688124,0.7760908603668213,3.2144784927368164,2.647642135620117
621,0.0005632289103232324,-0.9432590007781982,0.00028585002291947603,0.0002773788874037564,,,,,,,,,,,,,,
622,0.000456063833553344,-0.94356769323349,0.00023075701028574258,0.0002253068087156862,,,,,,,,,,,,,,
623,0.0004784217744600028,-0.9510351419448853,0.00024287508858833462,0.00023554668587166816,,,,,,,,,,,,,,
624,0.0004971807356923819,-0.9467466473579407,0.0002505270531401038,0.0002466536534484476,,,,,,,,,,,,,,
625,0.0004606188740581274,-0.9454659223556519,0.0002348248235648498,0.00022579406504519284,,,,,,,,,,,,,,
626,0.0004999045631848276,-0.9519373178482056,0.00025361331063322723,0.00024629125255160034,,,,,,,,,,,,,,
627,0.0005785032408311963,-0.9480389356613159,0.0002936007222160697,0.00028490254771895707,,,,,,,,,,,,,,
628,0.0004977929638698697,-0.948737621307373,0.00025234962231479585,0.0002454433124512434,,,,,,,,,,,,,,
629,0.0005050249747000635,-0.9549295902252197,0.0002556720864959061,0.00024935288820415735,,,,,,,,,,,,,,
630,0.0005115292733535171,-0.947894275188446,0.0002573799865785986,0.0002541493158787489,0.7823982834815979,0.7823982834815979,0.2176017165184021,11.425131797790527,0.3119447102320102,0.09912550449371338,16.19538688659668,-0.0,10.149853706359863,0.7760897278785706,0.8526020308597627,0.7760897278785706,3.214731454849243,2.66044282913208
631,0.0005414749030023813,-0.9553167223930359,0.00027412743656896055,0.0002673474664334208,,,,,,,,,,,,,,
632,0.0005471989279612899,-0.9557147026062012,0.0002749394625425339,0.000272259465418756,,,,,,,,,,,,,,
633,0.00048600754234939814,-0.9475839138031006,0.00024700292851775885,0.0002390046138316393,,,,,,,,,,,,,,
634,0.0005512579809874296,-0.9569586515426636,0.0002783887321129441,0.0002728692488744855,,,,,,,,,,,,,,
635,0.0004970630398020148,-0.9576325416564941,0.00025112280854955316,0.00024594026035629213,,,,,,,,,,,,,,
636,0.0004482771619223058,-0.9508439898490906,0.00022739885025657713,0.00022087832621764392,,,,,,,,,,,,,,
637,0.0005163137684576213,-0.9591665863990784,0.0002610522205941379,0.00025526154786348343,,,,,,,,,,,,,,
638,0.0005842131795361638,-0.9579499959945679,0.0002951979113277048,0.0002890152973122895,,,,,,,,,,,,,,
639,0.0005604070611298084,-0.9561020731925964,0.000282691529719159,0.0002777155605144799,,,,,,,,,,,,,,
640,0.0005424793343991041,-0.9633285999298096,0.0002754216257017106,0.000267057737801224,0.7819089889526367,0.7819089889526367,0.21809101104736328,11.477336883544922,0.3072022026014428,0.10176821053028107,16.10781478881836,-0.0,10.102344512939453,0.7760881781578064,0.852894062566065,0.7760881781578064,3.2147204875946045,2.6643781661987305
641,0.0005853945040144026,-0.9568760991096497,0.00029654832906089723,0.0002888461749535054,,,,,,,,,,,,,,
642,0.0004999205702915788,-0.9603098034858704,0.0002527770702727139,0.0002471434709150344,,,,,,,,,,,,,,
643,0.000490495702251792,-0.9637239575386047,0.0002490669721737504,0.00024142873007804155,,,,,,,,,,,,,,
644,0.0005191197851672769,-0.9627352952957153,0.000263736117631197,0.0002553836675360799,,,,,,,,,,,,,,
645,0.0005125721800141037,-0.960853099822998,0.00025811136583797634,0.0002544608141761273,,,,,,,,,,,,,,
646,0.00048451361362822354,-0.9652508497238159,0.0002445956342853606,0.00023991797934286296,,,,,,,,,,,,,,
647,0.0004731077060569078,-0.9632720947265625,0.0002410094311926514,0.00023209827486425638,,,,,,,,,,,,,,
648,0.0004670670605264604,-0.9644986391067505,0.00023695493291597813,0.00023011212761048228,,,,,,,,,,,,,,
649,0.0005078285466879606,-0.9670510292053223,0.00025729526532813907,0.000250533310463652,,,,,,,,,,,,,,
650,0.0004975214833393693,-0.9654670357704163,0.0002505888987798244,0.00024693255545571446,0.7824143767356873,0.7824143767356873,0.21758562326431274,11.66435432434082,0.2954969936134214,0.09340764582157135,16.256710052490234,-0.0,10.397947311401367,0.7760754227638245,0.8523993141571544,0.7760753631591797,3.2148122787475586,2.6652517318725586
651,0.0004494478343985975,-0.9664300680160522,0.00022780493600293994,0.00022164291294757277,,,,,,,,,,,,,,
652,0.0006167890387587249,-0.9665424823760986,0.00031055332510732114,0.0003062357136514038,,,,,,,,,,,,,,
653,0.0004932701122015715,-0.9697613716125488,0.00025055708829313517,0.00024271299480460584,,,,,,,,,,,,,,
654,0.0005365974502637982,-0.9691893458366394,0.00027121006860397756,0.0002653873816598207,,,,,,,,,,,,,,
655,0.00047767741489224136,-0.9674955010414124,0.00024297789786942303,0.00023469951702281833,,,,,,,,,,,,,,
656,0.0004979181103408337,-0.9719228744506836,0.0002513705985620618,0.0002465474826749414,,,,,,,,,,,,,,
657,0.0004029572010040283,-0.9695579409599304,0.00020416297775227576,0.00019879423780366778,,,,,,,,,,,,,,
658,0.0005078205140307546,-0.9719855189323425,0.00025738897966220975,0.00025043150526471436,,,,,,,,,,,,,,
659,0.00045482447603717446,-0.9724966287612915,0.00022989949502516538,0.0002249249955639243,,,,,,,,,,,,,,
660,0.0005217770230956376,-0.9747668504714966,0.0002634506090544164,0.00025832641404122114,0.7821388244628906,0.7821388244628906,0.21786117553710938,11.832440376281738,0.286475838691574,0.09287910908460617,16.301525115966797,-0.0,10.390932083129883,0.7760847806930542,0.8517788076605196,0.7760847806930542,3.2145068645477295,2.6615371704101562
661,0.00043902554898522794,-0.9722649455070496,0.0002220558817498386,0.00021696966723538935,,,,,,,,,,,,,,
662,0.0004613446071743965,-0.9743207097053528,0.00023501002578996122,0.00022633456683252007,,,,,,,,,,,,,,
663,0.000486692413687706,-0.9778377413749695,0.0002462445117998868,0.00024044788733590394,,,,,,,,,,,,,,
664,0.0004748028004541993,-0.9723561406135559,0.00024087555357255042,0.00023392726143356413,,,,,,,,,,,,,,
665,0.0004412377020344138,-0.9767165780067444,0.00022456495207734406,0.00021667276450898498,,,,,,,,,,,,,,
666,0.0004731094522867352,-0.9799942374229431,0.00024173414567485452,0.00023137530661188066,,,,,,,,,,,,,,
667,0.00048375330516137183,-0.9728235602378845,0.00024491161457262933,0.0002388416905887425,,,,,,,,,,,,,,
668,0.0005439738743007183,-0.9817787408828735,0.0002757614420261234,0.0002682124322745949,,,,,,,,,,,,,,
669,0.0005195401608943939,-0.9788739681243896,0.00026210950454697013,0.00025743062724359334,,,,,,,,,,,,,,
670,0.0004655960947275162,-0.978303074836731,0.0002355776960030198,0.0002300184132764116,0.7819498181343079,0.7819498181343079,0.21805018186569214,11.835077285766602,0.28859076140183326,0.10018258541822433,16.185205459594727,-0.0,9.610956192016602,0.7760540843009949,0.8526057099628784,0.7760540843009949,3.2147176265716553,2.659367799758911
671,0.0004980807425454259,-0.9827352166175842,0.0002523777075111866,0.0002457030350342393,,,,,,,,,,,,,,
672,0.0005273628048598766,-0.9816674590110779,0.0002680108300410211,0.00025935194571502507,,,,,,,,,,,,,,
673,0.00043161551002413034,-0.9798677563667297,0.00021939277939964086,0.00021222271607257426,,,,,,,,,,,,,,
674,0.000504125258885324,-0.9863252639770508,0.00025444914354011416,0.0002496761444490403,,,,,,,,,,,,,,
675,0.00048737743054516613,-0.9835750460624695,0.00024537049466744065,0.00024200693587772548,,,,,,,,,,,,,,
676,0.00047743460163474083,-0.9820842146873474,0.00024092414241749793,0.0002365104592172429,,,,,,,,,,,,,,
677,0.0004882764769718051,-0.9886009097099304,0.00024742793175391853,0.00024084853066597134,,,,,,,,,,,,,,
678,0.00041629679617471993,-0.9832499027252197,0.00021168397506698966,0.00020461282110773027,,,,,,,,,,,,,,
679,0.00043191068107262254,-0.985048234462738,0.00021800068498123437,0.00021390999609138817,,,,,,,,,,,,,,
680,0.0005002701072953641,-0.9922242760658264,0.000254416954703629,0.0002458531525917351,0.77544766664505,0.77544766664505,0.22455233335494995,12.328394889831543,0.2642446670249277,0.08581587672233582,16.412778854370117,-0.0,11.116605758666992,0.7760421633720398,0.851374506879742,0.7760421633720398,3.214533805847168,2.671464443206787
681,0.000544124108273536,-0.9827651977539062,0.0002745063102338463,0.00026961779803968966,,,,,,,,,,,,,,
682,0.0005069526960141957,-0.9907780289649963,0.0002553012454882264,0.00025165145052596927,,,,,,,,,,,,,,
683,0.00044844835065305233,-0.9897184371948242,0.00022768591588828713,0.00022076242021284997,,,,,,,,,,,,,,
684,0.0005185896879993379,-0.9861066937446594,0.0002616488200146705,0.0002569408679846674,,,,,,,,,,,,,,
685,0.0005158351850695908,-0.9945562481880188,0.00025969729176722467,0.00025613789330236614,,,,,,,,,,,,,,
686,0.0006231230217963457,-0.9881998896598816,0.00031291472259908915,0.000310208328301087,,,,,,,,,,,,,,
687,0.00047005980741232634,-0.9913792610168457,0.00023772730492055416,0.00023233248793985695,,,,,,,,,,,,,,
688,0.0004252717480994761,-0.9942978024482727,0.0002156826521968469,0.0002095890959026292,,,,,,,,,,,,,,
689,0.0005468446761369705,-0.9916936755180359,0.0002755684545263648,0.0002712762216106057,,,,,,,,,,,,,,
690,0.0004432345158420503,-0.9891530275344849,0.00022360820730682462,0.00021962629398331046,0.7774936556816101,0.7774936556816101,0.2225063443183899,12.106253623962402,0.27056223618629016,0.09768402576446533,16.249149322509766,-0.0,10.339967727661133,0.7760260105133057,0.8523981159561116,0.7760260105133057,3.2147433757781982,2.674837350845337
691,0.000480415765196085,-1.0023460388183594,0.000242444162722677,0.00023797158792149276,,,,,,,,,,,,,,
692,0.000611378694884479,-0.9857338666915894,0.00030707966652698815,0.00030429899925366044,,,,,,,,,,,,,,
693,0.0006352197378873825,-0.9969192147254944,0.0003192746080458164,0.0003159451298415661,,,,,,,,,,,,,,
694,0.0004397206357680261,-0.9999811053276062,0.00022445556533057243,0.0002152650704374537,,,,,,,,,,,,,,
695,0.0004728961503133178,-0.9906473755836487,0.00024025917809922248,0.0002326369722140953,,,,,,,,,,,,,,
696,0.00051497807726264,-1.0013312101364136,0.0002588960633147508,0.0002560820139478892,,,,,,,,,,,,,,
697,0.0004861837951466441,-1.000538945198059,0.00024474624660797417,0.00024143754853866994,,,,,,,,,,,,,,
698,0.0004927797126583755,-0.992743968963623,0.0002485466538928449,0.0002442330587655306,,,,,,,,,,,,,,
699,0.0005521870334632695,-1.0034927129745483,0.000278195773717016,0.0002739912597462535,,,,,,,,,,,,,,
700,0.0004996685311198235,-1.004555583000183,0.00025116195320151746,0.00024850654881447554,0.7741503715515137,0.7741503715515137,0.22584962844848633,12.415043830871582,0.2547325968878602,0.0890832245349884,16.337173461914062,-0.0,11.077886581420898,0.7760328054428101,0.8513053565676939,0.7760327458381653,3.2144064903259277,2.677372932434082
701,0.0004750993102788925,-0.991425633430481,0.00024060522264335304,0.00023449408763553947,,,,,,,,,,,,,,
702,0.0006577544845640659,-1.0074480772018433,0.0003286741557531059,0.0003290803579147905,,,,,,,,,,,,,,
703,0.0006006101612001657,-1.0045171976089478,0.00030394975328817964,0.00029666043701581657,,,,,,,,,,,,,,
704,0.0004655283410102129,-0.9958758354187012,0.0002365787950111553,0.00022894956055097282,,,,,,,,,,,,,,
705,0.0005875901551917195,-1.0103416442871094,0.0002955168311018497,0.0002920732949860394,,,,,,,,,,,,,,
706,0.0005628261715173721,-1.0037802457809448,0.0002834163897205144,0.00027940981090068817,,,,,,,,,,,,,,
707,0.0004254721279721707,-0.998583972454071,0.00021529992227442563,0.00021017220569774508,,,,,,,,,,,,,,
708,0.00049493188271299,-1.011673927307129,0.0002498770481906831,0.0002450548345223069,,,,,,,,,,,,,,
709,0.000527313444763422,-1.005987524986267,0.0002635811979416758,0.00026373224682174623,,,,,,,,,,,,,,
710,0.00044859712943434715,-1.00008225440979,0.00022658811940345913,0.00022200901003088802,0.7682035565376282,0.7682035565376282,0.23179644346237183,12.685770988464355,0.2522495497855773,0.08576782047748566,16.377010345458984,-0.0,10.88003158569336,0.776037871837616,0.8516124077109208,0.776037871837616,3.2143192291259766,2.6838693618774414
711,0.0005638296133838594,-1.0123701095581055,0.00028366962214931846,0.00028015999123454094,,,,,,,,,,,,,,
712,0.0005039874231442809,-1.0104683637619019,0.00025469966931268573,0.0002492877538315952,,,,,,,,,,,,,,
713,0.00046298844972625375,-1.0040839910507202,0.00023389433044940233,0.00022909413382876664,,,,,,,,,,,,,,
714,0.00048752257134765387,-1.0143836736679077,0.00024604861391708255,0.00024147397198248655,,,,,,,,,,,,,,
715,0.0005567896878346801,-1.0094221830368042,0.0002820496738422662,0.00027474004309624434,,,,,,,,,,,,,,
716,0.00045877619413658977,-1.0073810815811157,0.00023151915229391307,0.00022725702729076147,,,,,,,,,,,,,,
717,0.000531121448148042,-1.015855312347412,0.00026741487090475857,0.0002637065772432834,,,,,,,,,,,,,,
718,0.0004883024957962334,-1.0108201503753662,0.000246798328589648,0.0002415041672065854,,,,,,,,,,,,,,
719,0.00043459516018629074,-1.009696125984192,0.00021961178572382778,0.0002149833890143782,,,,,,,,,,,,,,
720,0.0004952203016728163,-1.0152369737625122,0.00025037460727617145,0.0002448456652928144,0.7679625153541565,0.7679625153541565,0.2320374846458435,12.68384075164795,0.25621012632283185,0.07956947386264801,16.51641273498535,-0.0,10.462532043457031,0.77601557970047,0.8519671380789167,0.77601557970047,3.214564561843872,2.6865904331207275
721,0.0005130058852955699,-1.0134741067886353,0.0002587559283711016,0.00025424998602829874,,,,,,,,,,,,,,
722,0.0003998096799477935,-1.011954426765442,0.00020247595966793597,0.0001973337057279423,,,,,,,,,,,,,,
723,0.00047057541087269783,-1.018595576286316,0.00023882075038272887,0.00023175466048996896,,,,,,,,,,,,,,
724,0.00047310697846114635,-1.0148364305496216,0.00023906580463517457,0.00023404115927405655,,,,,,,,,,,,,,
725,0.00045371544547379017,-1.0154342651367188,0.00022891499975230545,0.0002248004311695695,,,,,,,,,,,,,,
726,0.0004538355569820851,-1.0182840824127197,0.00022933704894967377,0.00022449850803241134,,,,,,,,,,,,,,
727,0.0004641243431251496,-1.0187644958496094,0.00023474816407542676,0.00022937617904972285,,,,,,,,,,,,,,
728,0.00048198335571214557,-1.016206979751587,0.00024434708757326007,0.00023763625358697027,,,,,,,,,,,,,,
729,0.0005379322683438659,-1.0189062356948853,0.0002709057298488915,0.0002670265093911439,,,,,,,,,,,,,,
730,0.00038883084198459983,-1.019235372543335,0.00019535230239853263,0.0001934785395860672,0.7686291933059692,0.7686291933059692,0.23137080669403076,12.717363357543945,0.25263422786833145,0.07798385620117188,16.526220321655273,-0.0,10.769518852233887,0.7760006189346313,0.8509462923423053,0.7760006189346313,3.214282512664795,2.686738967895508
731,0.0004390765680000186,-1.0223088264465332,0.00022105137759353966,0.0002180251758545637,,,,,,,,,,,,,,
732,0.0004086621629539877,-1.0199824571609497,0.00020639851572923362,0.0002022636472247541,,,,,,,,,,,,,,
733,0.0004481811774894595,-1.020289421081543,0.000225232623051852,0.00022294855443760753,,,,,,,,,,,,,,
734,0.0004924403037875891,-1.0207995176315308,0.000249286211328581,0.00024315407790709287,,,,,,,,,,,,,,
735,0.0004041341890115291,-1.0231060981750488,0.00020436615159269422,0.00019976803741883487,,,,,,,,,,,,,,
736,0.0004153377376496792,-1.0218168497085571,0.00020921627583447844,0.00020612147636711597,,,,,,,,,,,,,,
737,0.00042508577462285757,-1.0241655111312866,0.00021533452672883868,0.00020975123334210366,,,,,,,,,,,,,,
738,0.00046566559467464685,-1.023139238357544,0.00023593044898007065,0.0002297351456945762,,,,,,,,,,,,,,
739,0.0005296383751556277,-1.0248466730117798,0.000268160569248721,0.00026147777680307627,,,,,,,,,,,,,,
740,0.0004262175061739981,-1.0275434255599976,0.00021605299843940884,0.00021016449318267405,0.766639769077301,0.766639769077301,0.23336023092269897,12.838446617126465,0.24319240025710723,0.07659042626619339,16.516687393188477,-0.0,10.823884963989258,0.7759566903114319,0.8511347208351685,0.7759566903114319,3.2143642902374268,2.6870059967041016
741,0.0004432714486028999,-1.0232293605804443,0.00022505398374050856,0.00021821746486239135,,,,,,,,,,,,,,
742,0.00045279174810275435,-1.0298439264297485,0.00022839194571133703,0.00022439981694333255,,,,,,,,,,,,,,
743,0.00047362371697090566,-1.0273290872573853,0.00023781867639627308,0.00023580504057463259,,,,,,,,,,,,,,
744,0.0004648648318834603,-1.0290461778640747,0.00023563913418911397,0.0002292256976943463,,,,,,,,,,,,,,
745,0.0004327901697251946,-1.0287415981292725,0.00021854121587239206,0.00021424895385280252,,,,,,,,,,,,,,
746,0.00046521093463525176,-1.0289103984832764,0.00023539649555459619,0.00022981443908065557,,,,,,,,,,,,,,
747,0.00044985360000282526,-1.030485987663269,0.0002278322644997388,0.00022202133550308645,,,,,,,,,,,,,,
748,0.00042999943252652884,-1.0314562320709229,0.00021716058836318552,0.00021283882961142808,,,,,,,,,,,,,,
749,0.00040839012945070863,-1.0306109189987183,0.00020767665409948677,0.00020071346079930663,,,,,,,,,,,,,,
750,0.0004841417248826474,-1.0339957475662231,0.00024558493169024587,0.00023855679319240153,0.7654603719711304,0.7654603719711304,0.23453962802886963,12.921809196472168,0.2411305023159897,0.07750336825847626,16.511823654174805,-0.0,11.319178581237793,0.7759891152381897,0.8506182015543612,0.7759891152381897,3.2139039039611816,2.686993360519409
751,0.00041972537292167544,-1.0316828489303589,0.00021216247114352882,0.00020756291633006185,,,,,,,,,,,,,,
752,0.0005393191240727901,-1.030012845993042,0.000271730066742748,0.0002675890864338726,,,,,,,,,,,,,,
753,0.00044812742271460593,-1.0363380908966064,0.0002261802728753537,0.00022194714983925223,,,,,,,,,,,,,,
754,0.00044523581163957715,-1.0313917398452759,0.000224704563152045,0.00022053124848753214,,,,,,,,,,,,,,
755,0.000462005496956408,-1.0354342460632324,0.00023245577176567167,0.00022954973974265158,,,,,,,,,,,,,,
756,0.0004483544616959989,-1.036038875579834,0.00022597942734137177,0.00022237503435462713,,,,,,,,,,,,,,
757,0.00042158912401646376,-1.0350074768066406,0.0002132540976163,0.00020833501184824854,,,,,,,,,,,,,,
758,0.0005091279745101929,-1.036788821220398,0.00025538401678204536,0.00025374398683197796,,,,,,,,,,,,,,
759,0.0004130197921767831,-1.035826563835144,0.00020967877935618162,0.0002033410273725167,,,,,,,,,,,,,,
760,0.00047728867502883077,-1.0406653881072998,0.00024154162383638322,0.00023574706574436277,0.7656366229057312,0.7656366229057312,0.2343633770942688,12.896990776062012,0.2413589702350912,0.07731116563081741,16.51443099975586,-0.0,10.825801849365234,0.7759672403335571,0.8504656474430006,0.7759672403335571,3.213805913925171,2.6889963150024414
761,0.00043766648741438985,-1.039298415184021,0.0002203987241955474,0.00021726776321884245,,,,,,,,,,,,,,
762,0.00042020491673611104,-1.0371344089508057,0.0002122581790899858,0.00020794673764612526,,,,,,,,,,,,,,
763,0.000490985345095396,-1.0394203662872314,0.0002455907524563372,0.0002453946217428893,,,,,,,,,,,,,,
764,0.0004177861846983433,-1.0423768758773804,0.00021022131841164082,0.00020756486628670245,,,,,,,,,,,,,,
765,0.0004435396986082196,-1.0385042428970337,0.00022316313697956502,0.0002203765616286546,,,,,,,,,,,,,,
766,0.0004553821054287255,-1.0405519008636475,0.00022919831098988652,0.00022618379443883896,,,,,,,,,,,,,,
767,0.00041331793181598186,-1.045415997505188,0.00020899996161460876,0.00020431795564945787,,,,,,,,,,,,,,
768,0.0004953908501192927,-1.039905071258545,0.0002494621730875224,0.0002459287061356008,,,,,,,,,,,,,,
769,0.0004370961687527597,-1.0454699993133545,0.00022113353770691901,0.0002159626455977559,,,,,,,,,,,,,,
770,0.00040775310480967164,-1.0439187288284302,0.0002048702008323744,0.00020288290397729725,0.7654603719711304,0.7654603719711304,0.23453962802886963,12.921809196472168,0.2411305023159897,0.07750336825847626,16.511823654174805,-0.0,11.142829895019531,0.775983452796936,0.8504345754586137,0.775983452796936,3.213700771331787,2.698241710662842
771,0.00045373314060270786,-1.041576862335205,0.00022940700000617653,0.00022432615514844656,,,,,,,,,,,,,,
772,0.0005022923578508198,-1.0486130714416504,0.0002533810620661825,0.00024891129578463733,,,,,,,,,,,,,,
773,0.00044188392348587513,-1.0449105501174927,0.00022295619419310242,0.00021892771474085748,,,,,,,,,,,,,,
774,0.0004290214565116912,-1.0448650121688843,0.00021699168428312987,0.00021202977222856134,,,,,,,,,,,,,,
775,0.0004130584711674601,-1.0490493774414062,0.0002094123774440959,0.00020364609372336417,,,,,,,,,,,,,,
776,0.00046787038445472717,-1.0459901094436646,0.00023661533487029374,0.00023125504958443344,,,,,,,,,,,,,,
777,0.00045615772251039743,-1.046584963798523,0.00023068513837642968,0.00022547258413396776,,,,,,,,,,,,,,
778,0.0004790817038156092,-1.0475877523422241,0.000240670662606135,0.0002384110412094742,,,,,,,,,,,,,,
779,0.00041543174302205443,-1.0509061813354492,0.00021018044208176434,0.00020525131549220532,,,,,,,,,,,,,,
780,0.00044310675002634525,-1.045339584350586,0.00022358329442795366,0.00021952347015030682,0.7654603719711304,0.7654603719711304,0.23453962802886963,12.921809196472168,0.2411305023159897,0.07750336825847626,16.511823654174805,-0.0,10.646001815795898,0.775987446308136,0.8509835005213422,0.775987446308136,3.2137231826782227,2.700136661529541
781,0.0004549853620119393,-1.0507434606552124,0.00023030377633403987,0.0002246815711259842,,,,,,,,,,,,,,
782,0.00040498474845662713,-1.0552661418914795,0.00020538056560326368,0.00019960418285336345,,,,,,,,,,,,,,
783,0.0005142175359651446,-1.0435882806777954,0.00025875226128846407,0.00025546527467668056,,,,,,,,,,,,,,
784,0.0005377536872401834,-1.057405948638916,0.00027086780755780637,0.00026688590878620744,,,,,,,,,,,,,,
785,0.0004993944894522429,-1.0530039072036743,0.00025090889539569616,0.0002484855940565467,,,,,,,,,,,,,,
786,0.00041455304017290473,-1.0465396642684937,0.00020902421965729445,0.00020552880596369505,,,,,,,,,,,,,,
787,0.0005161439767107368,-1.0572048425674438,0.00025932880816981196,0.00025681513943709433,,,,,,,,,,,,,,
788,0.0004592549230437726,-1.0573103427886963,0.0002306166716152802,0.00022863825142849237,,,,,,,,,,,,,,
789,0.0004441165365278721,-1.0464006662368774,0.00022298686963040382,0.0002211296814493835,,,,,,,,,,,,,,
790,0.000572764896787703,-1.0636588335037231,0.00028668856248259544,0.0002860763343051076,0.7633107304573059,0.7633107304573059,0.2366892695426941,13.066824913024902,0.24046756285178936,0.07750336825847626,16.514999389648438,-0.0,10.689197540283203,0.7760018706321716,0.8489791331699572,0.7760018706321716,3.2132604122161865,2.6990931034088135
791,0.0006534205749630928,-1.052445888519287,0.0003277363139204681,0.0003256842610426247,,,,,,,,,,,,,,
792,0.00043235672637820244,-1.0529594421386719,0.00021628927788697183,0.0002160674484912306,,,,,,,,,,,,,,
793,0.0004431289853528142,-1.065213918685913,0.0002236001892015338,0.0002195287961512804,,,,,,,,,,,,,,
794,0.0006188140832819045,-1.0487626791000366,0.0003102240734733641,0.00030859000980854034,,,,,,,,,,,,,,
795,0.0005344795063138008,-1.0594903230667114,0.00026925213751383126,0.0002652273396961391,,,,,,,,,,,,,,
796,0.00043082627234980464,-1.0653678178787231,0.00021724899124819785,0.00021357726654969156,,,,,,,,,,,,,,
797,0.0004981865058653057,-1.0516448020935059,0.0002490708720870316,0.00024911563377827406,,,,,,,,,,,,,,
798,0.0005799913196824491,-1.0636907815933228,0.0002905207802541554,0.0002894705394282937,,,,,,,,,,,,,,
799,0.0005378383793868124,-1.062929391860962,0.0002710607659537345,0.00026677761343307793,,,,,,,,,,,,,,
800,0.0004599561798386276,-1.0565530061721802,0.00023184710880741477,0.0002281090710312128,0.7633482813835144,0.7633482813835144,0.2366517186164856,13.070086479187012,0.23947745560208447,0.07750336825847626,16.51359748840332,-0.0,11.757007598876953,0.7759536504745483,0.8492900752548712,0.7759537100791931,3.2131786346435547,2.7064590454101562
801,0.0005098439869470894,-1.0642085075378418,0.0002565310860518366,0.0002533129008952528,,,,,,,,,,,,,,
802,0.00042328768176957965,-1.0613738298416138,0.00021394863142631948,0.00020933905034326017,,,,,,,,,,,,,,
803,0.00043062702752649784,-1.06023108959198,0.0002178947615902871,0.00021273226593621075,,,,,,,,,,,,,,
804,0.00041752471588552,-1.063950538635254,0.0002113351656589657,0.00020618953567463905,,,,,,,,,,,,,,
805,0.0003981415065936744,-1.0658749341964722,0.00020031728490721434,0.00019782420713454485,,,,,,,,,,,,,,
806,0.0004614067729562521,-1.0616261959075928,0.00023325893562287092,0.00022814783733338118,,,,,,,,,,,,,,
807,0.0004434622242115438,-1.0632930994033813,0.00022457911109086126,0.00021888311312068254,,,,,,,,,,,,,,
808,0.0004306587507016957,-1.0671935081481934,0.00021631151321344078,0.00021434725204017013,,,,,,,,,,,,,,
809,0.000428825500421226,-1.062635064125061,0.00021754293993581086,0.00021128256048541516,,,,,,,,,,,,,,
810,0.0004706194158643484,-1.0651556253433228,0.00023708019580226392,0.00023353923461399972,0.7633482813835144,0.7633482813835144,0.2366517186164856,13.070086479187012,0.23947745560208447,0.07750336825847626,16.51359748840332,-0.0,12.077207565307617,0.7759765982627869,0.8499087177734838,0.7759765982627869,3.212853193283081,2.7090184688568115
811,0.00041440280620008707,-1.0691547393798828,0.00020843146194238216,0.00020597132970578969,,,,,,,,,,,,,,
812,0.0004018035251647234,-1.0649584531784058,0.00020279153250157833,0.00019901197811122984,,,,,,,,,,,,,,
813,0.0004539744695648551,-1.0670936107635498,0.00022894844005350024,0.00022502601495943964,,,,,,,,,,,,,,
814,0.00042167690116912127,-1.070770502090454,0.00021282177476678044,0.00020885512640234083,,,,,,,,,,,,,,
815,0.0004057371988892555,-1.0671740770339966,0.00020414484606590122,0.00020159233827143908,,,,,,,,,,,,,,
816,0.000444207398686558,-1.070361852645874,0.00022623909171670675,0.00021796829241793603,,,,,,,,,,,,,,
817,0.0004116633499506861,-1.0719726085662842,0.00020907125144731253,0.00020259209850337356,,,,,,,,,,,,,,
818,0.0004481603391468525,-1.0650802850723267,0.00022628529404755682,0.00022187504509929568,,,,,,,,,,,,,,
819,0.0004647447494789958,-1.074934720993042,0.000232827864238061,0.00023191687068901956,,,,,,,,,,,,,,
820,0.0005169460782781243,-1.071063756942749,0.00026052325847558677,0.000256422848906368,0.7633482813835144,0.7633482813835144,0.2366517186164856,13.070086479187012,0.23947745560208447,0.07750336825847626,16.51359748840332,-0.0,11.124631881713867,0.7759580016136169,0.8495052209545763,0.7759580016136169,3.213244915008545,2.703670024871826
821,0.00041003950173035264,-1.0696637630462646,0.00020568585023283958,0.00020435366604942828,,,,,,,,,,,,,,
822,0.00046040170127525926,-1.076664924621582,0.00023085174325387925,0.00022954997257329524,,,,,,,,,,,,,,
823,0.0004639958788175136,-1.0709782838821411,0.0002340963837923482,0.00022989949502516538,,,,,,,,,,,,,,
824,0.0004392329719848931,-1.0753157138824463,0.00022150184668134898,0.00021773113985545933,,,,,,,,,,,,,,
825,0.00045760697685182095,-1.0768401622772217,0.00023160433920565993,0.0002260026230942458,,,,,,,,,,,,,,
826,0.0004408201784826815,-1.0701327323913574,0.00022130444995127618,0.0002195157139794901,,,,,,,,,,,,,,
827,0.0004828146775253117,-1.0785506963729858,0.00024249641865026206,0.00024031825887504965,,,,,,,,,,,,,,
828,0.00043765356531366706,-1.0771864652633667,0.0002212441322626546,0.00021640944760292768,,,,,,,,,,,,,,
829,0.000411965767852962,-1.0734941959381104,0.0002083146828226745,0.00020365107047837228,,,,,,,,,,,,,,
830,0.00044674292439594865,-1.077606201171875,0.00022353076201397926,0.00022321214783005416,0.7633482813835144,0.7633482813835144,0.2366517186164856,13.070086479187012,0.23947745560208447,0.07750336825847626,16.51359748840332,-0.0,10.925715446472168,0.7760157585144043,0.8481721822468443,0.7760156989097595,3.212372303009033,2.7017102241516113
831,0.0003978832100983709,-1.0797628164291382,0.0001998406369239092,0.00019804257317446172,,,,,,,,,,,,,,
832,0.0004582421388477087,-1.0740575790405273,0.0002313925069756806,0.0002268496318720281,,,,,,,,,,,,,,
833,0.00046306781587190926,-1.0799962282180786,0.00023211527150124311,0.00023095254437066615,,,,,,,,,,,,,,
834,0.00045980417053215206,-1.082904577255249,0.00023208235506899655,0.0002277218154631555,,,,,,,,,,,,,,
835,0.00044661443098448217,-1.0756360292434692,0.00022475331206806004,0.00022186111891642213,,,,,,,,,,,,,,
836,0.0004483755910769105,-1.0805485248565674,0.0002260641340399161,0.0002223114570369944,,,,,,,,,,,,,,
837,0.00037085788790136576,-1.0822511911392212,0.0001869094412541017,0.0001839484611991793,,,,,,,,,,,,,,
838,0.0004523748066276312,-1.0783145427703857,0.00022713928774464875,0.0002252355043310672,,,,,,,,,,,,,,
839,0.00043206484406255186,-1.0801900625228882,0.00021721303346566856,0.0002148518105968833,,,,,,,,,,,,,,
840,0.0004987118882127106,-1.0880242586135864,0.0002505367447156459,0.0002481751434970647,0.763723611831665,0.763723611831665,0.23627638816833496,13.116169929504395,0.23526991810911432,0.07798385620117188,16.50514793395996,-0.0,11.825607299804688,0.7759612202644348,0.8486428917774015,0.7759612202644348,3.2124061584472656,2.713870048522949
841,0.0004097977071069181,-1.0780119895935059,0.0002061780251096934,0.00020361969654913992,,,,,,,,,,,,,,
842,0.0005232076509855688,-1.0844507217407227,0.0002621747844386846,0.0002610328665468842,,,,,,,,,,,,,,
843,0.0004057632468175143,-1.085898995399475,0.00020439515355974436,0.00020136809325776994,,,,,,,,,,,,,,
844,0.0005128418561071157,-1.081415057182312,0.00025847365031950176,0.00025436823489144444,,,,,,,,,,,,,,
845,0.00041435210732743144,-1.0847803354263306,0.0002093645161949098,0.00020498759113252163,,,,,,,,,,,,,,
846,0.0004082197556272149,-1.0869545936584473,0.0002071823982987553,0.00020103737188037485,,,,,,,,,,,,,,
847,0.00039619728340767324,-1.0839760303497314,0.0001996023638639599,0.00019659491954371333,,,,,,,,,,,,,,
848,0.00042841536924242973,-1.0864793062210083,0.00021647202083840966,0.00021194333385210484,,,,,,,,,,,,,,
849,0.000418688083300367,-1.0891715288162231,0.00021063160966150463,0.00020805647363886237,,,,,,,,,,,,,,
850,0.0004184886929579079,-1.0846543312072754,0.0002100625861203298,0.0002084260922856629,0.763723611831665,0.763723611831665,0.23627638816833496,13.116169929504395,0.23526991810911432,0.07798385620117188,16.50514793395996,-0.0,12.026644706726074,0.7759767174720764,0.8482711363249928,0.7759767770767212,3.212329864501953,2.7209792137145996
851,0.000451589934527874,-1.0907902717590332,0.00022671309125144035,0.00022487682872451842,,,,,,,,,,,,,,
852,0.00042564645991660655,-1.08901846408844,0.00021497065608855337,0.00021067580382805318,,,,,,,,,,,,,,
853,0.00039538246346637607,-1.0877532958984375,0.0001993259647861123,0.00019605648412834853,,,,,,,,,,,,,,
854,0.00040386215550825,-1.0906140804290771,0.00020450934243854135,0.00019935281306970865,,,,,,,,,,,,,,
855,0.00041976344073191285,-1.0900708436965942,0.00021253556769806892,0.00020722787303384393,,,,,,,,,,,,,,
856,0.000422090437496081,-1.0921411514282227,0.00021298731735441834,0.00020910312014166266,,,,,,,,,,,,,,
857,0.00039225834188982844,-1.0892512798309326,0.0001986702118301764,0.0001935881155077368,,,,,,,,,,,,,,
858,0.00040492729749530554,-1.0922753810882568,0.0002042452833848074,0.00020068201411049813,,,,,,,,,,,,,,
859,0.0004044232191517949,-1.0915099382400513,0.00020400455105118454,0.00020041866810061038,,,,,,,,,,,,,,
860,0.00038787181256338954,-1.0925731658935547,0.00019569805590435863,0.00019217374210711569,0.7629408836364746,0.7629408836364746,0.2370591163635254,13.11550235748291,0.23637101447209877,0.07750336825847626,16.511089324951172,-0.0,10.981683731079102,0.7760403156280518,0.8481712006782446,0.7760403156280518,3.2119998931884766,2.7147622108459473
861,0.0003990674449596554,-1.0941098928451538,0.00020228476205375046,0.00019678268290590495,,,,,,,,,,,,,,
862,0.0003748704621102661,-1.0923203229904175,0.0001885154051706195,0.0001863550569396466,,,,,,,,,,,,,,
863,0.0004742069577332586,-1.0954060554504395,0.00023912436154205352,0.00023508259619120508,,,,,,,,,,,,,,
864,0.0004022940993309021,-1.0935958623886108,0.00020216737175360322,0.0002001267421292141,,,,,,,,,,,,,,
865,0.00038183186552487314,-1.0940321683883667,0.00019284618610981852,0.00018898567941505462,,,,,,,,,,,,,,
866,0.0004049516865052283,-1.0964101552963257,0.00020338254398666322,0.0002015691570704803,,,,,,,,,,,,,,
867,0.00043607153929769993,-1.0952576398849487,0.0002196983841713518,0.0002163731405744329,,,,,,,,,,,,,,
868,0.0004156900686211884,-1.0972729921340942,0.00020919350208714604,0.00020649656653404236,,,,,,,,,,,,,,
869,0.0004526307457126677,-1.0962283611297607,0.00022759675630368292,0.00022503397485706955,,,,,,,,,,,,,,
870,0.00042410375317558646,-1.098341464996338,0.00021456662216223776,0.00020953711646143347,0.7640942335128784,0.7640942335128784,0.23590576648712158,13.126245498657227,0.23425682144827623,0.07798385620117188,16.50480842590332,-0.0,11.092231750488281,0.7759321331977844,0.8476070212654188,0.7759321331977844,3.212024450302124,2.7188007831573486
871,0.0004618248494807631,-1.0982625484466553,0.0002317487815162167,0.00023007606796454638,,,,,,,,,,,,,,
872,0.0003901784075424075,-1.0974209308624268,0.00019670207984745502,0.00019347634224686772,,,,,,,,,,,,,,
873,0.0004382531624287367,-1.1012645959854126,0.00022059655748307705,0.00021765660494565964,,,,,,,,,,,,,,
874,0.0004220160481054336,-1.0949593782424927,0.00021366980217862874,0.00020834624592680484,,,,,,,,,,,,,,
875,0.0004101974191144109,-1.1040682792663574,0.00020722825138363987,0.00020296918228268623,,,,,,,,,,,,,,
876,0.000535187718924135,-1.0980124473571777,0.0002696014998946339,0.0002655862190295011,,,,,,,,,,,,,,
877,0.00039448385359719396,-1.0999253988265991,0.0001991709868889302,0.00019531288126017898,,,,,,,,,,,,,,
878,0.00040785811142995954,-1.1045541763305664,0.00020567444153130054,0.000202183669898659,,,,,,,,,,,,,,
879,0.00044342628098092973,-1.0980050563812256,0.00022353508393280208,0.00021989119704812765,,,,,,,,,,,,,,
880,0.0004264339804649353,-1.1063010692596436,0.00021401233971118927,0.00021242165530566126,0.7629408836364746,0.7629408836364746,0.2370591163635254,13.11550235748291,0.23637101447209877,0.07750336825847626,16.511089324951172,-0.0,11.097805976867676,0.776013195514679,0.847306920328826,0.776013195514679,3.2116029262542725,2.7189579010009766
881,0.0004115920455660671,-1.1016271114349365,0.0002073233190458268,0.0002042687265202403,,,,,,,,,,,,,,
882,0.0004091262526344508,-1.1016058921813965,0.00020670694357249886,0.00020241930906195194,,,,,,,,,,,,,,
883,0.00043202759115956724,-1.1056832075119019,0.00021793521591462195,0.0002140923752449453,,,,,,,,,,,,,,
884,0.0003976933076046407,-1.1034568548202515,0.0002002460096264258,0.00019744729797821492,,,,,,,,,,,,,,
885,0.0004264228045940399,-1.1034985780715942,0.00021496186673175544,0.0002114609524141997,,,,,,,,,,,,,,
886,0.0004233978979755193,-1.1065493822097778,0.00021317266509868205,0.00021022523287683725,,,,,,,,,,,,,,
887,0.0004203328862786293,-1.1011313199996948,0.0002125229948433116,0.00020780990598723292,,,,,,,,,,,,,,
888,0.0004933407763019204,-1.1086701154708862,0.0002482412673998624,0.000245099508902058,,,,,,,,,,,,,,
889,0.00040233856998384,-1.105600357055664,0.00020224734907969832,0.0002000912354560569,,,,,,,,,,,,,,
890,0.0004004217335022986,-1.1057840585708618,0.00020109473553020507,0.00019932699797209352,0.7629408836364746,0.7629408836364746,0.2370591163635254,13.11550235748291,0.23637101447209877,0.07750336825847626,16.511089324951172,-0.0,11.142139434814453,0.775955855846405,0.8482266503154703,0.775955855846405,3.2118616104125977,2.71860933303833
891,0.0004509221180342138,-1.1107256412506104,0.00022630066087003797,0.00022462147171609104,,,,,,,,,,,,,,
892,0.000452244421467185,-1.1048916578292847,0.00022673500643577427,0.00022550940047949553,,,,,,,,,,,,,,
893,0.0005096024833619595,-1.1100924015045166,0.0002575736725702882,0.00025202883989550173,,,,,,,,,,,,,,
894,0.0004404847859404981,-1.1091463565826416,0.0002222224575234577,0.00021826234296895564,,,,,,,,,,,,,,
895,0.0003845393948722631,-1.109054446220398,0.00019294819503556937,0.0001915911998366937,,,,,,,,,,,,,,
896,0.0003918946022167802,-1.10992431640625,0.00019778158457484096,0.000194113003090024,,,,,,,,,,,,,,
897,0.0004038240876980126,-1.11208176612854,0.0002035457728197798,0.00020027830032631755,,,,,,,,,,,,,,
898,0.000477663881611079,-1.107459545135498,0.00024040424614213407,0.00023725965002086014,,,,,,,,,,,,,,
899,0.0005158098647370934,-1.112265944480896,0.00025947901303879917,0.0002563308225944638,,,,,,,,,,,,,,
900,0.0004189562750980258,-1.113144874572754,0.0002113388618454337,0.00020761742780450732,0.763338565826416,0.763338565826416,0.23666143417358398,13.126299858093262,0.23528213940168075,0.07750336825847626,16.51074981689453,-0.0,11.606598854064941,0.7759640216827393,0.8468976689745306,0.7759640216827393,3.211054801940918,2.7265400886535645
901,0.00040730932960286736,-1.1120476722717285,0.0002055743825621903,0.0002017349615925923,,,,,,,,,,,,,,
902,0.00042643045890145004,-1.113663673400879,0.00021485245088115335,0.0002115780080202967,,,,,,,,,,,,,,
903,0.00045811530435457826,-1.1139984130859375,0.0002316907630302012,0.0002264245558762923,,,,,,,,,,,,,,
904,0.0004159774398431182,-1.1123319864273071,0.00021016497339587659,0.00020581248099915683,,,,,,,,,,,,,,
905,0.00042975362157449126,-1.1155216693878174,0.00021710750297643244,0.00021264611859805882,,,,,,,,,,,,,,
906,0.00041759456507861614,-1.113457441329956,0.00021020077110733837,0.00020739379397127777,,,,,,,,,,,,,,
907,0.000424811034463346,-1.1161003112792969,0.00021545235358644277,0.00020935868087690324,,,,,,,,,,,,,,
908,0.0004231042694300413,-1.1154916286468506,0.00021238409681245685,0.00021072017261758447,,,,,,,,,,,,,,
909,0.000385328137781471,-1.1158199310302734,0.00019403130863793194,0.0001912968436954543,,,,,,,,,,,,,,
910,0.0004057919722981751,-1.1166918277740479,0.0002033428754657507,0.00020244908228050917,0.7632339000701904,0.7632339000701904,0.23676609992980957,13.12745475769043,0.23472639278339028,0.07750336825847626,16.510042190551758,-0.0,10.932035446166992,0.7759831547737122,0.8468504981356519,0.7759831547737122,3.211163282394409,2.726123571395874
911,0.0004169326857663691,-1.1182317733764648,0.00020992297504562885,0.0002070097252726555,,,,,,,,,,,,,,
912,0.00046613789163529873,-1.1148053407669067,0.00023484486155211926,0.00023129301553126425,,,,,,,,,,,,,,
913,0.00047154701314866543,-1.1207966804504395,0.00023656654229853302,0.00023498045629821718,,,,,,,,,,,,,,
914,0.00042023538844659925,-1.1161175966262817,0.00021140016906429082,0.00020883521938230842,,,,,,,,,,,,,,
915,0.0004289538483135402,-1.122024416923523,0.00021658139303326607,0.00021237245528027415,,,,,,,,,,,,,,
916,0.0004228854086250067,-1.118212103843689,0.00021387604647316039,0.0002090093621518463,,,,,,,,,,,,,,
917,0.00039334670873358846,-1.1186884641647339,0.0001980319939320907,0.00019531471480149776,,,,,,,,,,,,,,
918,0.00046521599870175123,-1.1259565353393555,0.0002353488962398842,0.00022986710246186703,,,,,,,,,,,,,,
919,0.00047322415048256516,-1.1161454916000366,0.0002379088255111128,0.00023531533952336758,,,,,,,,,,,,,,
920,0.0004583982517942786,-1.125511646270752,0.00022892942070029676,0.00022946883109398186,0.7632339000701904,0.7632339000701904,0.23676609992980957,13.12745475769043,0.23472639278339028,0.07750336825847626,16.510042190551758,-0.0,10.477250099182129,0.7758928537368774,0.84600938854595,0.7758928537368774,3.2109375,2.730538845062256
921,0.00046227441634982824,-1.1192885637283325,0.0002309631381649524,0.00023131126363296062,,,,,,,,,,,,,,
922,0.0004317394341342151,-1.1203221082687378,0.00021792686311528087,0.00021381257101893425,,,,,,,,,,,,,,
923,0.0003913395630661398,-1.1277507543563843,0.00019606527348514646,0.00019527428958099335,,,,,,,,,,,,,,
924,0.0004239517729729414,-1.1201634407043457,0.00021278792701195925,0.00021116386051289737,,,,,,,,,,,,,,
925,0.00046705862041562796,-1.1242800951004028,0.00023495360801462084,0.0002321049978490919,,,,,,,,,,,,,,
926,0.000380470126401633,-1.1270819902420044,0.00019134412286803126,0.00018912600353360176,,,,,,,,,,,,,,
927,0.0003940193564631045,-1.1222010850906372,0.0001977288193302229,0.0001962905516847968,,,,,,,,,,,,,,
928,0.00048649412929080427,-1.129152774810791,0.0002444344281684607,0.00024205970112234354,,,,,,,,,,,,,,
929,0.0004864706424996257,-1.12367844581604,0.0002441956312395632,0.00024227499670814723,,,,,,,,,,,,,,
930,0.00044617115054279566,-1.126397967338562,0.00022463974892161787,0.00022153138706926256,0.762836217880249,0.762836217880249,0.23716378211975098,13.116655349731445,0.235815275912638,0.07750336825847626,16.5103816986084,-0.0,11.8187837600708,0.7759678959846497,0.8460052431218357,0.7759678959846497,3.2104997634887695,2.739086151123047
931,0.00039287301478907466,-1.1260926723480225,0.00019831980171147734,0.00019455322762951255,,,,,,,,,,,,,,
932,0.00042267562821507454,-1.1234164237976074,0.00021282752277329564,0.00020984811999369413,,,,,,,,,,,,,,
933,0.00047472643200308084,-1.1308728456497192,0.00023816732573322952,0.00023655910626985133,,,,,,,,,,,,,,
934,0.0004597303341142833,-1.1255733966827393,0.00023097352823242545,0.00022875679132994264,,,,,,,,,,,,,,
935,0.0004256461397744715,-1.129855990409851,0.00021550514793489128,0.00021014099183958024,,,,,,,,,,,,,,
936,0.00044287904165685177,-1.1301425695419312,0.00022383828763850033,0.00021904075401835144,,,,,,,,,,,,,,
937,0.00042068641050718725,-1.1269071102142334,0.00021277197811286896,0.00020791443239431828,,,,,,,,,,,,,,
938,0.0004405652289278805,-1.1311272382736206,0.00022135415929369628,0.00021921108418609947,,,,,,,,,,,,,,
939,0.0004499451897572726,-1.1285942792892456,0.00022677714878227562,0.00022316804097499698,,,,,,,,,,,,,,
940,0.0004069884307682514,-1.1306809186935425,0.00020498175581451505,0.00020200666040182114,0.7632339000701904,0.7632339000701904,0.23676609992980957,13.12745475769043,0.23472639278339028,0.07750336825847626,16.510042190551758,-0.0,11.830364227294922,0.7759159207344055,0.8465750759965833,0.7759159207344055,3.2105720043182373,2.7363216876983643
941,0.0003679968067444861,-1.131027102470398,0.00018590426770970225,0.0001820925244828686,,,,,,,,,,,,,,
942,0.000425901438575238,-1.129723072052002,0.00021380225371103734,0.00021209917031228542,,,,,,,,,,,,,,
943,0.00048079859698191285,-1.134782314300537,0.00024165592913050205,0.00023914268240332603,,,,,,,,,,,,,,
944,0.0004219887778162956,-1.127418875694275,0.00021207511599641293,0.00020991364726796746,,,,,,,,,,,,,,
945,0.00049420545110479,-1.1374140977859497,0.00024760112864896655,0.0002466043224558234,,,,,,,,,,,,,,
946,0.00046008170465938747,-1.1306263208389282,0.0002318964689038694,0.00022818523575551808,,,,,,,,,,,,,,
947,0.00047113621258176863,-1.13759446144104,0.00023635683464817703,0.0002347793779335916,,,,,,,,,,,,,,
948,0.00048699788749217987,-1.12814462184906,0.0002460394462104887,0.00024095842672977597,,,,,,,,,,,,,,
949,0.00048060365952551365,-1.13921320438385,0.0002406378189334646,0.00023996582604013383,,,,,,,,,,,,,,
950,0.0004599005333147943,-1.1344430446624756,0.00023249640071298927,0.00022740414715372026,0.762836217880249,0.762836217880249,0.23716378211975098,13.116655349731445,0.235815275912638,0.07750336825847626,16.5103816986084,-0.0,11.24348258972168,0.7759681940078735,0.8460170675359974,0.7759681940078735,3.2102599143981934,2.7375926971435547
951,0.00041925598634406924,-1.1332682371139526,0.00021086688502691686,0.0002083891158690676,,,,,,,,,,,,,,
952,0.0004626918234862387,-1.1397814750671387,0.00023332686396315694,0.00022936495952308178,,,,,,,,,,,,,,
953,0.00045849307207390666,-1.1327341794967651,0.0002314629964530468,0.00022703006106894463,,,,,,,,,,,,,,
954,0.0004508001438807696,-1.13716459274292,0.00022762524895370007,0.00022317489492706954,,,,,,,,,,,,,,
955,0.0004331649106461555,-1.140450358390808,0.00021847494645044208,0.0002146899641957134,,,,,,,,,,,,,,
956,0.00042454880895093083,-1.130476474761963,0.00021401807316578925,0.00021053072123322636,,,,,,,,,,,,,,
957,0.0005337040638551116,-1.1460577249526978,0.00026724598137661815,0.0002664581115823239,,,,,,,,,,,,,,
958,0.0005737668252550066,-1.1308304071426392,0.000288639246718958,0.00028512757853604853,,,,,,,,,,,,,,
959,0.0005266176303848624,-1.1416902542114258,0.00026298771263100207,0.0002636299468576908,,,,,,,,,,,,,,
960,0.000444624456577003,-1.1439939737319946,0.00022402641479857266,0.00022059805633034557,0.763338565826416,0.763338565826416,0.23666143417358398,13.126299858093262,0.23528213940168075,0.07750336825847626,16.51074981689453,-0.0,10.334062576293945,0.7759709358215332,0.8463392836554687,0.7759709358215332,3.2104005813598633,2.736851692199707
961,0.0005098329856991768,-1.130641222000122,0.00025627497234381735,0.000253557984251529,,,,,,,,,,,,,,
962,0.0005585012258961797,-1.1465795040130615,0.00027927299379371107,0.0002792282321024686,,,,,,,,,,,,,,
963,0.0004692262737080455,-1.1402145624160767,0.00023495973437093198,0.00023426652478519827,,,,,,,,,,,,,,
964,0.0004306621849536896,-1.136814832687378,0.0002177888818550855,0.0002128733176505193,,,,,,,,,,,,,,
965,0.00041999330278486013,-1.1469236612319946,0.00021172993001528084,0.0002082633727695793,,,,,,,,,,,,,,
966,0.0005234192358329892,-1.137890338897705,0.0002618659636937082,0.00026155327213928103,,,,,,,,,,,,,,
967,0.0004712166846729815,-1.140250563621521,0.00023590706405229867,0.00023530963517259806,,,,,,,,,,,,,,
968,0.00043790257768705487,-1.1488319635391235,0.00022092385916039348,0.00021697870397474617,,,,,,,,,,,,,,
969,0.0004607959999702871,-1.1387357711791992,0.00023124231665860862,0.00022955366875976324,,,,,,,,,,,,,,
970,0.00044064177200198174,-1.143843173980713,0.00022139245993457735,0.00021924929751548916,0.7632339000701904,0.7632339000701904,0.23676609992980957,13.12745475769043,0.23472639278339028,0.07750336825847626,16.510042190551758,-0.0,11.024913787841797,0.775938093662262,0.8456266517123545,0.775938093662262,3.209810256958008,2.7409133911132812
971,0.0004080104117747396,-1.1460318565368652,0.0002054651122307405,0.00020254529954399914,,,,,,,,,,,,,,
972,0.0004272617516107857,-1.1407771110534668,0.00021653813018929213,0.0002107236214214936,,,,,,,,,,,,,,
973,0.00041269510984420776,-1.1444776058197021,0.00020743394270539284,0.00020526116713881493,,,,,,,,,,,,,,
974,0.00041168805910274386,-1.1486735343933105,0.00020623668387997895,0.0002054513752227649,,,,,,,,,,,,,,
975,0.00044860405614599586,-1.1401737928390503,0.0002244025090476498,0.00022420156165026128,,,,,,,,,,,,,,
976,0.0005130000645294785,-1.1518032550811768,0.0002579999272711575,0.0002550001081544906,,,,,,,,,,,,,,
977,0.00043032114626839757,-1.146018385887146,0.00021684338571503758,0.00021347776055335999,,,,,,,,,,,,,,
978,0.00039078385452739894,-1.1427806615829468,0.00019723751756828278,0.00019354633695911616,,,,,,,,,,,,,,
979,0.0004164394340477884,-1.154676079750061,0.00020956940716132522,0.0002068700414383784,,,,,,,,,,,,,,
980,0.0004659407422877848,-1.1431658267974854,0.00023460073862224817,0.00023134000366553664,0.7632339000701904,0.7632339000701904,0.23676609992980957,13.12745475769043,0.23472639278339028,0.07750336825847626,16.510042190551758,-0.0,11.104484558105469,0.7759516835212708,0.8454114721275101,0.7759516835212708,3.2096714973449707,2.7388033866882324
981,0.00045560335274785757,-1.1475164890289307,0.0002291170385433361,0.00022648631420452148,,,,,,,,,,,,,,
982,0.0004699169658124447,-1.1554903984069824,0.00023653922835364938,0.00023337775201071054,,,,,,,,,,,,,,
983,0.0005100270500406623,-1.1426572799682617,0.00025638382066972554,0.00025364322937093675,,,,,,,,,,,,,,
984,0.0005783669766969979,-1.1526119709014893,0.00029058396467007697,0.0002877830120269209,,,,,,,,,,,,,,
985,0.000413536443375051,-1.1529221534729004,0.00020758016034960747,0.00020595628302544355,,,,,,,,,,,,,,
986,0.0004199749091640115,-1.1452629566192627,0.00021142441255506128,0.0002085504966089502,,,,,,,,,,,,,,
987,0.00045205134665593505,-1.1536508798599243,0.0002268032549181953,0.0002252480771858245,,,,,,,,,,,,,,
988,0.00048454038915224373,-1.152406930923462,0.00024411905906163156,0.00024042133009061217,,,,,,,,,,,,,,
989,0.0004624505527317524,-1.148218035697937,0.0002324134693481028,0.00023003706883173436,,,,,,,,,,,,,,
990,0.00040721811819821596,-1.1555184125900269,0.00020457526261452585,0.00020264287013560534,0.762836217880249,0.762836217880249,0.23716378211975098,13.116655349731445,0.235815275912638,0.07750336825847626,16.5103816986084,-0.0,11.206588745117188,0.7760277390480042,0.8437967133718579,0.7760277390480042,3.2088088989257812,2.7403061389923096
991,0.000410964508773759,-1.1518877744674683,0.00020610544015653431,0.0002048590686172247,,,,,,,,,,,,,,
992,0.00038844672963023186,-1.1527037620544434,0.00019541534129530191,0.00019303137378301471,,,,,,,,,,,,,,
993,0.00044586462900042534,-1.1535884141921997,0.0002245271170977503,0.0002213374973507598,,,,,,,,,,,,,,
994,0.0004486953839659691,-1.1535500288009644,0.00022584358521271497,0.00022285179875325412,,,,,,,,,,,,,,
995,0.00041894367313943803,-1.154794454574585,0.00021082449529785663,0.0002081191778415814,,,,,,,,,,,,,,
996,0.0004050385323353112,-1.1529598236083984,0.00020423797832336277,0.00020080053946003318,,,,,,,,,,,,,,
997,0.00043530217953957617,-1.1545217037200928,0.00021834812650922686,0.00021695405303034931,,,,,,,,,,,,,,
998,0.0004100985825061798,-1.1583126783370972,0.00020623735326807946,0.00020386122923810035,,,,,,,,,,,,,,
999,0.00042176753049716353,-1.153742790222168,0.00021306284179445356,0.00020870467415079474,,,,,,,,,,,,,,
1000,0.000386696367058903,-1.1553213596343994,0.00019447231898084283,0.00019222406262997538,0.7632339000701904,0.7632339000701904,0.23676609992980957,13.12745475769043,0.23472639278339028,0.07750336825847626,16.510042190551758,-0.0,10.852705955505371,0.7759999632835388,0.8447815092749391,0.7759999632835388,3.209505081176758,2.7408740520477295
