epoch,critic_loss,actor_loss,q1_loss,q2_loss,cost_loss,cql_q1,cql_q2,expected_immediate_cost,expected_cost_to_go,cost_budget,lagrange,expert_kl,smoothness,avg_return,survival_rate,mortality_rate,avg_length,inadmissibility_rate,expert_argmax_match,mean_kl_to_expert,policy_entropy,mean_action_deviation_from_expert,soft_survival_rate,soft_inadmissibility_rate,soft_avg_return,soft_policy_entropy,soft_mean_kl_to_expert,trajectory_mean_action_jump,trajectory_normalised_action_jump
1,0.9806026816368103,0.059320781379938126,0.023188788443803787,0.015538363717496395,0.0023582777939736843,0.9398118853569031,0.9392226934432983,0.0,0.018538817763328552,0.0,0.0,0.0,0.12666840851306915,,,,,,,,,,,,,,,,
2,0.9637421369552612,0.03637775033712387,0.014206664636731148,0.010684355162084103,0.0014406631235033274,0.93677818775177,0.9380428194999695,0.0,0.013142670504748821,0.0,0.0,0.0,0.12660524249076843,,,,,,,,,,,,,,,,
3,0.9547178745269775,0.017959723249077797,0.009149383753538132,0.008424228988587856,0.0011172572849318385,0.9347789883613586,0.9372749924659729,0.0,0.009287186898291111,0.0,0.0,0.0,0.12663063406944275,,,,,,,,,,,,,,,,
4,0.9520106911659241,0.0014679725281894207,0.007862912490963936,0.0075724171474576,0.0009573082206770778,0.9347556233406067,0.9364805221557617,0.0,0.0071142688393592834,0.0,0.0,0.0,0.12675954401493073,,,,,,,,,,,,,,,,
5,0.9504650235176086,-0.00936899520456791,0.007675815839320421,0.007134214509278536,0.0009054740658029914,0.934360921382904,0.9351381659507751,0.0,0.00651922170072794,0.0,0.0,0.0,0.12695443630218506,,,,,,,,,,,,,,,,
6,0.9497601389884949,-0.019403396174311638,0.007882975041866302,0.007027102634310722,0.0008467136649414897,0.9337708353996277,0.9342358708381653,0.0,0.00609838031232357,0.0,0.0,0.0,0.12691819667816162,,,,,,,,,,,,,,,,
7,0.9485474228858948,-0.024648411199450493,0.00770395016297698,0.006695989985018969,0.0008385179098695517,0.9332297444343567,0.9333881735801697,0.0,0.005495311226695776,0.0,0.0,0.0,0.1271333545446396,,,,,,,,,,,,,,,,
8,0.9469543695449829,-0.02919495292007923,0.007324869278818369,0.006327712908387184,0.0008083275752142072,0.9325793385505676,0.9324076175689697,0.0,0.005648054648190737,0.0,0.0,0.0,0.1272161304950714,,,,,,,,,,,,,,,,
9,0.9453451037406921,-0.030719518661499023,0.006749995052814484,0.00627653393894434,0.000779283232986927,0.9314815402030945,0.931597113609314,0.0,0.005719123408198357,0.0,0.0,0.0,0.12738536298274994,,,,,,,,,,,,,,,,
10,0.9439367055892944,-0.028715059161186218,0.006091848015785217,0.005937435198575258,0.0007459567859768867,0.931126594543457,0.9311963319778442,0.0,0.0056901960633695126,0.0,0.0,0.0,0.12750981748104095,,,,,,,,,,,,,,,,
11,0.9427751302719116,-0.027883267030119896,0.005803419277071953,0.005592583678662777,0.0007267185137607157,0.9306203722953796,0.9306843876838684,0.0,0.006020508706569672,0.0,0.0,0.0,0.12770850956439972,,,,,,,,,,,,,,,,
12,0.9416838884353638,-0.026468653231859207,0.005450761411339045,0.005383830051869154,0.0006992392591200769,0.9299194812774658,0.9303805232048035,0.0,0.0064603183418512344,0.0,0.0,0.0,0.12764155864715576,,,,,,,,,,,,,,,,
13,0.9407252669334412,-0.024337952956557274,0.004980865865945816,0.00506275799125433,0.0006872041849419475,0.9297563433647156,0.9302325248718262,0.0,0.006756453309208155,0.0,0.0,0.0,0.12791970372200012,,,,,,,,,,,,,,,,
14,0.9404135942459106,-0.019940031692385674,0.005020776763558388,0.00482539925724268,0.000642809784039855,0.9296873211860657,0.9301618337631226,0.0,0.006828076206147671,0.0,0.0,0.0,0.12808968126773834,,,,,,,,,,,,,,,,
15,0.9397624731063843,-0.019359484314918518,0.004975612740963697,0.004671785514801741,0.0006155851297080517,0.929295003414154,0.9297040104866028,0.0,0.007406115997582674,0.0,0.0,0.0,0.12832877039909363,,,,,,,,,,,,,,,,
16,0.9398360848426819,-0.01773766800761223,0.005068812053650618,0.0045797452330589294,0.0006261395756155252,0.9291281700134277,0.929994523525238,0.0,0.007879765704274178,0.0,0.0,0.0,0.128592848777771,,,,,,,,,,,,,,,,
17,0.939102828502655,-0.018181437626481056,0.004962924402207136,0.00433325907215476,0.0005867785075679421,0.9288246035575867,0.9296150207519531,0.0,0.007859894074499607,0.0,0.0,0.0,0.1289261132478714,,,,,,,,,,,,,,,,
18,0.9390572309494019,-0.01871361769735813,0.004956113640218973,0.004556024447083473,0.0006000419962219894,0.9286263585090637,0.9292638301849365,0.0,0.008145034313201904,0.0,0.0,0.0,0.1292295753955841,,,,,,,,,,,,,,,,
19,0.9386143088340759,-0.02188122272491455,0.004913582466542721,0.004297949373722076,0.0005542516009882092,0.9284788966178894,0.9292181134223938,0.0,0.008003962226212025,0.0,0.0,0.0,0.12962722778320312,,,,,,,,,,,,,,,,
20,0.9383772015571594,-0.024103229865431786,0.004829785320907831,0.004189824219793081,0.0005731262499466538,0.9283133149147034,0.9292557239532471,0.0,0.007852945476770401,0.0,0.0,0.0,0.1300015151500702,,,,,,,,,,,,,,,,
21,0.9378295540809631,-0.028060374781489372,0.004596896935254335,0.0042053526267409325,0.0005382682429626584,0.9280598163604736,0.9289182424545288,0.0,0.008041279390454292,0.0,0.0,0.0,0.1307375282049179,,,,,,,,,,,,,,,,
22,0.9373143911361694,-0.03375523164868355,0.004436081275343895,0.004073676653206348,0.0005252141854725778,0.9279149174690247,0.9286438226699829,0.0,0.00800993014127016,0.0,0.0,0.0,0.13132397830486298,,,,,,,,,,,,,,,,
23,0.9367240071296692,-0.03669773414731026,0.004371248185634613,0.003823049832135439,0.0005138576962053776,0.9276522397994995,0.928379476070404,0.0,0.007852294482290745,0.0,0.0,0.0,0.13190817832946777,,,,,,,,,,,,,,,,
24,0.9364765286445618,-0.04128874093294144,0.004183602053672075,0.0038346736691892147,0.0004982085665687919,0.9276221394538879,0.9282978773117065,0.0,0.007803435903042555,0.0,0.0,0.0,0.1327386349439621,,,,,,,,,,,,,,,,
25,0.9364160895347595,-0.04605778306722641,0.004196349531412125,0.003912697080522776,0.0005002627149224281,0.9275965690612793,0.9280170202255249,0.0,0.007546097040176392,0.0,0.0,0.0,0.1335219442844391,,,,,,,,,,,,,,,,
26,0.9360024333000183,-0.05042121186852455,0.004086831118911505,0.0038013190496712923,0.0004848328826483339,0.9272794723510742,0.9279795289039612,0.0,0.0073182727210223675,0.0,0.0,0.0,0.13436488807201385,,,,,,,,,,,,,,,,
27,0.9357360005378723,-0.055233437567949295,0.004064580891281366,0.0038407095707952976,0.00045674247667193413,0.9272130727767944,0.927534818649292,0.0,0.0067917350679636,0.0,0.0,0.0,0.13556955754756927,,,,,,,,,,,,,,,,
28,0.9355901479721069,-0.057407356798648834,0.004135036841034889,0.0038866379763931036,0.00048327818512916565,0.9268321394920349,0.9273383021354675,0.0,0.007134764455258846,0.0,0.0,0.0,0.13641388714313507,,,,,,,,,,,,,,,,
29,0.9354357123374939,-0.06123333051800728,0.004136321134865284,0.0038338424637913704,0.0004438196774572134,0.9267104864120483,0.9273329973220825,0.0,0.00708578247576952,0.0,0.0,0.0,0.13765078783035278,,,,,,,,,,,,,,,,
30,0.9353450536727905,-0.06379970163106918,0.004130104556679726,0.0039108069613575935,0.00042962023871950805,0.9267347455024719,0.9270143508911133,0.0,0.0061544799245893955,0.0,0.0,0.0,0.13913549482822418,,,,,,,,,,,,,,,,
31,0.9350157976150513,-0.06566797941923141,0.004102952778339386,0.0038765266072005033,0.00042794455657713115,0.9264752864837646,0.9267414808273315,0.0,0.0060653346590697765,0.0,0.0,0.0,0.14046545326709747,,,,,,,,,,,,,,,,
32,0.9350659847259521,-0.0659961849451065,0.004071115516126156,0.003855127142742276,0.0004061007930431515,0.9266435503959656,0.926823616027832,0.0,0.00571014080196619,0.0,0.0,0.0,0.1419791877269745,,,,,,,,,,,,,,,,
33,0.9345206618309021,-0.06666803359985352,0.003885507583618164,0.0036972216330468655,0.0004000465269200504,0.926417887210846,0.9266577959060669,0.0,0.005534749012440443,0.0,0.0,0.0,0.14388388395309448,,,,,,,,,,,,,,,,
34,0.934325635433197,-0.06854861229658127,0.0037474571727216244,0.003578000469133258,0.0003924311022274196,0.9264323115348816,0.9267832040786743,0.0,0.005437830928713083,0.0,0.0,0.0,0.1453924924135208,,,,,,,,,,,,,,,,
35,0.9341580867767334,-0.06695590168237686,0.003779510734602809,0.003561540273949504,0.00038948573637753725,0.9262197017669678,0.9266353845596313,0.0,0.005962960422039032,0.0,0.0,0.0,0.14717327058315277,,,,,,,,,,,,,,,,
36,0.9338403344154358,-0.06758186966180801,0.003689548699185252,0.0035162735730409622,0.00036236117011867464,0.9259784817695618,0.9265658259391785,0.0,0.005446619354188442,0.0,0.0,0.0,0.14881545305252075,,,,,,,,,,,,,,,,
37,0.9337432980537415,-0.06812580674886703,0.003679953282698989,0.0035030606668442488,0.00036242653732188046,0.9258806109428406,0.9265151619911194,0.0,0.005656744819134474,0.0,0.0,0.0,0.1507922112941742,,,,,,,,,,,,,,,,
38,0.9336393475532532,-0.06935738027095795,0.0035761550534516573,0.0033887363970279694,0.0003596395254135132,0.9261428117752075,0.9264868497848511,0.0,0.005427401512861252,0.0,0.0,0.0,0.15246155858039856,,,,,,,,,,,,,,,,
39,0.9336069226264954,-0.06964573264122009,0.003623283002525568,0.0034109188709408045,0.0003335675282869488,0.9259156584739685,0.9265625476837158,0.0,0.005563815589994192,0.0,0.0,0.0,0.15431903302669525,,,,,,,,,,,,,,,,
40,0.9333403706550598,-0.07330810278654099,0.0035254559479653835,0.0032834236044436693,0.00033948177588172257,0.9259390234947205,0.926444947719574,0.0,0.004848665092140436,0.0,0.0,0.0,0.15628711879253387,,,,,,,,,,,,,,,,
41,0.9334049224853516,-0.0744854062795639,0.003516942262649536,0.003313567955046892,0.00031801973818801343,0.9260770082473755,0.9264358878135681,0.0,0.004659051075577736,0.0,0.0,0.0,0.15788587927818298,,,,,,,,,,,,,,,,
42,0.9330528974533081,-0.07868921011686325,0.0035595297813415527,0.003327692626044154,0.0003224276297260076,0.9257095456123352,0.9259769320487976,0.0,0.005065028555691242,0.0,0.0,0.0,0.1595011204481125,,,,,,,,,,,,,,,,
43,0.9329374432563782,-0.07983491569757462,0.0035081710666418076,0.0032541959080845118,0.0003046349447686225,0.925594687461853,0.9261460900306702,0.0,0.00483343843370676,0.0,0.0,0.0,0.16086485981941223,,,,,,,,,,,,,,,,
44,0.9328791499137878,-0.08515258878469467,0.003536846023052931,0.0033991187810897827,0.0003048019716516137,0.9254817366600037,0.9257950186729431,0.0,0.004717378411442041,0.0,0.0,0.0,0.16240642964839935,,,,,,,,,,,,,,,,
45,0.9327950477600098,-0.08679751306772232,0.0033625743817538023,0.003292822279036045,0.00028303632279857993,0.9257686138153076,0.9259446263313293,0.0,0.005054578650742769,0.0,0.0,0.0,0.1638345867395401,,,,,,,,,,,,,,,,
46,0.9326000809669495,-0.09004759043455124,0.0034823287278413773,0.003379294415935874,0.0002888659364543855,0.9253488779067993,0.9255502820014954,0.0,0.004775758367031813,0.0,0.0,0.0,0.16498498618602753,,,,,,,,,,,,,,,,
47,0.9325606822967529,-0.09188169240951538,0.0034817627165466547,0.0033294623717665672,0.0002731469285208732,0.925308108329773,0.9256445169448853,0.0,0.004628382623195648,0.0,0.0,0.0,0.16597679257392883,,,,,,,,,,,,,,,,
48,0.9325748682022095,-0.0918399766087532,0.0034428632352501154,0.003339308314025402,0.0002678260498214513,0.9253435730934143,0.9257062077522278,0.0,0.004761296324431896,0.0,0.0,0.0,0.16720779240131378,,,,,,,,,,,,,,,,
49,0.9322770833969116,-0.0952625498175621,0.0033695874735713005,0.003283972851932049,0.0002558399282861501,0.9252492785453796,0.9254862070083618,0.0,0.0045112925581634045,0.0,0.0,0.0,0.1682012975215912,,,,,,,,,,,,,,,,
50,0.9323820471763611,-0.09462162107229233,0.0034324273001402617,0.003355073742568493,0.0002570042561274022,0.9253104329109192,0.9253647327423096,0.0,0.004121681209653616,0.0,0.0,0.0,0.16904520988464355,,,,,,,,,,,,,,,,
51,0.932246744632721,-0.09507174789905548,0.003353317268192768,0.003281443379819393,0.00024068067432381213,0.9253302216529846,0.9254123568534851,0.0,0.003941998817026615,0.0,0.0,0.0,0.16985508799552917,,,,,,,,,,,,,,,,
52,0.9320943355560303,-0.09518205374479294,0.003387273056432605,0.0032839481718838215,0.0002405554841971025,0.9251115322113037,0.9252535700798035,0.0,0.003637836780399084,0.0,0.0,0.0,0.17068924009799957,,,,,,,,,,,,,,,,
53,0.93183434009552,-0.09670480340719223,0.003298084018751979,0.0031806230545043945,0.00023181666620075703,0.9250328540802002,0.9252147078514099,0.0,0.0037065125070512295,0.0,0.0,0.0,0.17117638885974884,,,,,,,,,,,,,,,,
54,0.931845486164093,-0.09678375720977783,0.0032867102418094873,0.003178806509822607,0.00022327709302771837,0.9250605702400208,0.9252527952194214,0.0,0.0034030177630484104,0.0,0.0,0.0,0.17180216312408447,,,,,,,,,,,,,,,,
55,0.931729257106781,-0.09720934182405472,0.003291745437309146,0.00325978291220963,0.00021897161786910146,0.9249879121780396,0.9249296188354492,0.0,0.0035639500711113214,0.0,0.0,0.0,0.17232730984687805,,,,,,,,,,,,,,,,
56,0.9317353367805481,-0.09853076189756393,0.0032822848297655582,0.0031704388093203306,0.0002108333574142307,0.9250482320785522,0.9250953197479248,0.0,0.0026267929933965206,0.0,0.0,0.0,0.17277003824710846,,,,,,,,,,,,,,,,
57,0.9316273927688599,-0.09932728856801987,0.0032955303322523832,0.0031182528473436832,0.00019757966219913214,0.9248778820037842,0.9251541495323181,0.0,0.0032230643555521965,0.0,0.0,0.0,0.17300695180892944,,,,,,,,,,,,,,,,
58,0.9318456649780273,-0.10107571631669998,0.0033511731307953596,0.0031217841897159815,0.0001995312049984932,0.9249613285064697,0.9253849983215332,0.0,0.003402281552553177,0.0,0.0,0.0,0.17351767420768738,,,,,,,,,,,,,,,,
59,0.931419849395752,-0.10288204997777939,0.003266338724642992,0.003127533942461014,0.000187647994607687,0.9246341586112976,0.9250425100326538,0.0,0.003123792354017496,0.0,0.0,0.0,0.17384256422519684,,,,,,,,,,,,,,,,
60,0.9314740300178528,-0.10440299659967422,0.0032991496846079826,0.0031221811659634113,0.00018170733528677374,0.9247439503669739,0.9249979853630066,0.0,0.0031612159218639135,0.0,0.0,0.0,0.17418386042118073,,,,,,,,,,,,,,,,
61,0.9314061999320984,-0.1063171923160553,0.0033248981926590204,0.003184705274179578,0.00018785925931297243,0.9245980381965637,0.9248194694519043,0.0,0.0037579296622425318,0.0,0.0,0.0,0.17434316873550415,,,,,,,,,,,,,,,,
62,0.9312322735786438,-0.1089455857872963,0.0033440624829381704,0.003224528394639492,0.0001762012834660709,0.9244244694709778,0.924550473690033,0.0,0.0029259067960083485,0.0,0.0,0.0,0.17457666993141174,,,,,,,,,,,,,,,,
63,0.9313753843307495,-0.11141319572925568,0.0033916172105818987,0.0032415627501904964,0.00017711290274746716,0.924482524394989,0.9246475696563721,0.0,0.003195939352735877,0.0,0.0,0.0,0.17466048896312714,,,,,,,,,,,,,,,,
64,0.9311367869377136,-0.11241059750318527,0.0033558104187250137,0.0032139273826032877,0.00017005664994940162,0.9242463707923889,0.924547553062439,0.0,0.0032012241426855326,0.0,0.0,0.0,0.1748485416173935,,,,,,,,,,,,,,,,
65,0.93118816614151,-0.11200184375047684,0.0033733246382325888,0.0031862168107181787,0.00016399611195083708,0.9242649674415588,0.924664318561554,0.0,0.0034050215035676956,0.0,0.0,0.0,0.17506565153598785,,,,,,,,,,,,,,,,
66,0.9311703443527222,-0.11239862442016602,0.00336457253433764,0.0032969231251627207,0.00016324053285643458,0.9242185950279236,0.9244726896286011,0.0,0.003195064375177026,0.0,0.0,0.0,0.17515133321285248,,,,,,,,,,,,,,,,
67,0.9311051368713379,-0.11387009918689728,0.0033190452959388494,0.0031738709658384323,0.00015416946553159505,0.9244698286056519,0.9244462847709656,0.0,0.003077317727729678,0.0,0.0,0.0,0.1753322333097458,,,,,,,,,,,,,,,,
68,0.9307615160942078,-0.11234662681818008,0.0031947512179613113,0.003133838763460517,0.00014872544852551073,0.9241848587989807,0.9243835806846619,0.0,0.0030879073310643435,0.0,0.0,0.0,0.17551301419734955,,,,,,,,,,,,,,,,
69,0.9308459162712097,-0.11572609841823578,0.0032595936208963394,0.00311160646378994,0.00014604098396375775,0.9242520928382874,0.9244052171707153,0.0,0.003078741254284978,0.0,0.0,0.0,0.1754191517829895,,,,,,,,,,,,,,,,
70,0.9310348629951477,-0.11651653796434402,0.0032621673308312893,0.0032544892746955156,0.00014264558558352292,0.9243760704994202,0.924375057220459,0.0,0.0032303768675774336,0.0,0.0,0.0,0.17543314397335052,,,,,,,,,,,,,,,,
71,0.9309307932853699,-0.11699756234884262,0.0032986830919981003,0.0032218494452536106,0.00013837884762324393,0.9241872429847717,0.9243565201759338,0.0,0.002811418380588293,0.0,0.0,0.0,0.1754269301891327,,,,,,,,,,,,,,,,
72,0.9308850169181824,-0.12005843967199326,0.003305060090497136,0.0032500475645065308,0.00013711377687286586,0.9240824580192566,0.9243030548095703,0.0,0.003104946343228221,0.0,0.0,0.0,0.17557314038276672,,,,,,,,,,,,,,,,
73,0.9309003949165344,-0.1227126494050026,0.0033122687600553036,0.0032333307899534702,0.00012754547060467303,0.9241295456886292,0.9243249297142029,0.0,0.0025174329057335854,0.0,0.0,0.0,0.17550931870937347,,,,,,,,,,,,,,,,
74,0.930683434009552,-0.12352758646011353,0.0033570490777492523,0.0032666532788425684,0.0001245396415470168,0.9238637089729309,0.9240067005157471,0.0,0.002279721200466156,0.0,0.0,0.0,0.17555302381515503,,,,,,,,,,,,,,,,
75,0.9307193756103516,-0.12392165511846542,0.003313253400847316,0.0032395708840340376,0.00011945461301365867,0.9239534139633179,0.9241407513618469,0.0,0.0021757781505584717,0.0,0.0,0.0,0.17547248303890228,,,,,,,,,,,,,,,,
76,0.9307425618171692,-0.12546518445014954,0.003379926783964038,0.00331559288315475,0.000118533345812466,0.9238860607147217,0.9239709973335266,0.0,0.002695353701710701,0.0,0.0,0.0,0.17537899315357208,,,,,,,,,,,,,,,,
77,0.9306467175483704,-0.12526333332061768,0.003437628038227558,0.0033618896268308163,0.00011562801228137687,0.923677384853363,0.9237858057022095,0.0,0.0020773974247276783,0.0,0.0,0.0,0.17536531388759613,,,,,,,,,,,,,,,,
78,0.9304329752922058,-0.12393882125616074,0.00331201683729887,0.0032007431145757437,0.00011199765867786482,0.9236975312232971,0.9239189028739929,0.0,0.002351572038605809,0.0,0.0,0.0,0.17536023259162903,,,,,,,,,,,,,,,,
79,0.9305182099342346,-0.12431047111749649,0.0034156504552811384,0.0032635419629514217,0.00010652016499079764,0.9236478805541992,0.9238171577453613,0.0,0.0022047085221856833,0.0,0.0,0.0,0.17536847293376923,,,,,,,,,,,,,,,,
80,0.930574357509613,-0.12786616384983063,0.0033642309717833996,0.003196479519829154,0.00010636726074153557,0.9238365292549133,0.9239779710769653,0.0,0.00210477109067142,0.0,0.0,0.0,0.1752890795469284,,,,,,,,,,,,,,,,
81,0.9304872751235962,-0.12937746942043304,0.0032837362959980965,0.003213346004486084,0.00010081792424898595,0.923902153968811,0.9238765835762024,0.0,0.00239159120246768,0.0,0.0,0.0,0.17529331147670746,,,,,,,,,,,,,,,,
82,0.9304133653640747,-0.1325659304857254,0.003326192032545805,0.0032492298632860184,9.70491164480336e-05,0.9236530065536499,0.9238288402557373,0.0,0.002139502903446555,0.0,0.0,0.0,0.17497757077217102,,,,,,,,,,,,,,,,
83,0.9303602576255798,-0.1320977658033371,0.0033029085025191307,0.003235770855098963,9.448020136915147e-05,0.9236739873886108,0.9237802028656006,0.0,0.0020908655133098364,0.0,0.0,0.0,0.1751377284526825,,,,,,,,,,,,,,,,
84,0.9302911162376404,-0.13438138365745544,0.0033470226917415857,0.0031932764686644077,8.993097435450181e-05,0.9235507845878601,0.9237709641456604,0.0,0.0016857987502589822,0.0,0.0,0.0,0.17487435042858124,,,,,,,,,,,,,,,,
85,0.9303858280181885,-0.13490581512451172,0.0033659578766673803,0.003234302159398794,8.709620306035504e-05,0.923588216304779,0.923808753490448,0.0,0.0020783215295523405,0.0,0.0,0.0,0.1748722940683365,,,,,,,,,,,,,,,,
86,0.9302412867546082,-0.1364874243736267,0.0033832211047410965,0.0032087445724755526,8.583972521591932e-05,0.9234054684638977,0.923721432685852,0.0,0.0019435405265539885,0.0,0.0,0.0,0.1748979240655899,,,,,,,,,,,,,,,,
87,0.9301009178161621,-0.13700567185878754,0.003373107872903347,0.003223966807126999,8.841408271109685e-05,0.9233185052871704,0.92351233959198,0.0,0.0021080065052956343,0.0,0.0,0.0,0.17480748891830444,,,,,,,,,,,,,,,,
88,0.9301734566688538,-0.13752780854701996,0.003444538451731205,0.0032557661179453135,8.262326446129009e-05,0.9232109189033508,0.9235701560974121,0.0,0.0018181767081841826,0.0,0.0,0.0,0.17468318343162537,,,,,,,,,,,,,,,,
89,0.9301430583000183,-0.13877415657043457,0.003343629650771618,0.0031587553676217794,8.304967923322693e-05,0.9234482645988464,0.9236670136451721,0.0,0.0016756727127358317,0.0,0.0,0.0,0.1744658201932907,,,,,,,,,,,,,,,,
90,0.9301166534423828,-0.1408054232597351,0.0032901130616664886,0.0032524114940315485,7.097228080965579e-05,0.9235324859619141,0.9234738349914551,0.0,0.0018692942103371024,0.0,0.0,0.0,0.1744251251220703,,,,,,,,,,,,,,,,
91,0.930085301399231,-0.1396007388830185,0.0034280167892575264,0.003314802423119545,7.001859194133431e-05,0.9231995940208435,0.9233454465866089,0.0,0.0018020296702161431,0.0,0.0,0.0,0.17437028884887695,,,,,,,,,,,,,,,,
92,0.9300592541694641,-0.14053574204444885,0.0033001250121742487,0.0032826790120452642,7.106456178007647e-05,0.92342209815979,0.923388659954071,0.0,0.001549022737890482,0.0,0.0,0.0,0.17433910071849823,,,,,,,,,,,,,,,,
93,0.9300484657287598,-0.14462439715862274,0.003420925233513117,0.0032128801103681326,6.522607145598158e-05,0.9231826066970825,0.9235162734985352,0.0,0.0016493303701281548,0.0,0.0,0.0,0.17412929236888885,,,,,,,,,,,,,,,,
94,0.9300429224967957,-0.14546836912631989,0.003325197147205472,0.003263546619564295,6.868905620649457e-05,0.9233301281929016,0.9234409332275391,0.0,0.0016391874523833394,0.0,0.0,0.0,0.17404066026210785,,,,,,,,,,,,,,,,
95,0.9300150275230408,-0.14666752517223358,0.003329471219331026,0.00318173342384398,6.306710565695539e-05,0.9233427047729492,0.9235388040542603,0.0,0.0015940021257847548,0.0,0.0,0.0,0.1739683300256729,,,,,,,,,,,,,,,,
96,0.9299260377883911,-0.14889995753765106,0.0033745586406439543,0.003315653884783387,6.351531919790432e-05,0.9231568574905396,0.9231877326965332,0.0,0.0017537929816171527,0.0,0.0,0.0,0.1739254742860794,,,,,,,,,,,,,,,,
97,0.9299574494361877,-0.14873726665973663,0.0033900716807693243,0.0032500268425792456,6.252746970858425e-05,0.9232051372528076,0.9233044981956482,0.0,0.0011448083678260446,0.0,0.0,0.0,0.1737431287765503,,,,,,,,,,,,,,,,
98,0.9298998117446899,-0.14973311126232147,0.0034030633978545666,0.003396213287487626,5.5833254009485245e-05,0.9229884147644043,0.9231009483337402,0.0,0.0016816419083625078,0.0,0.0,0.0,0.17361728847026825,,,,,,,,,,,,,,,,
99,0.9298135638237,-0.15166345238685608,0.0034576370380818844,0.003283184953033924,5.893101842957549e-05,0.9228435158729553,0.9231841564178467,0.0,0.0012364130234345794,0.0,0.0,0.0,0.17360922694206238,,,,,,,,,,,,,,,,
100,0.9298507571220398,-0.1549638956785202,0.003298582509160042,0.0031821110751479864,5.5275926570175216e-05,0.9232923984527588,0.9233372807502747,0.0,0.0010665596928447485,0.0,0.0,0.0,0.17345081269741058,,,,,,,,,,,,,,,,
101,0.9297947883605957,-0.15127436816692352,0.0033618868328630924,0.003256089286878705,4.871606870437972e-05,0.9230250716209412,0.9232310652732849,0.0,0.0014530604239553213,0.0,0.0,0.0,0.17339053750038147,,,,,,,,,,,,,,,,
102,0.9298581480979919,-0.15545426309108734,0.003390110796317458,0.0032989478204399347,4.821436232305132e-05,0.9230352640151978,0.9232063889503479,0.0,0.0015288592549040914,0.0,0.0,0.0,0.17341348528862,,,,,,,,,,,,,,,,
103,0.929824709892273,-0.1560671180486679,0.0034513212740421295,0.003358343383297324,4.90589918626938e-05,0.9228619337081909,0.9230700731277466,0.0,0.001627232413738966,0.0,0.0,0.0,0.17312102019786835,,,,,,,,,,,,,,,,
104,0.929773211479187,-0.15544235706329346,0.003425247734412551,0.003310553962364793,4.732178058475256e-05,0.9229124188423157,0.9230678081512451,0.0,0.001326406141743064,0.0,0.0,0.0,0.17321784794330597,,,,,,,,,,,,,,,,
105,0.9296229481697083,-0.1563713550567627,0.0033842616248875856,0.0032803453505039215,4.493781671044417e-05,0.9228476881980896,0.9229792356491089,0.0,0.001063144882209599,0.0,0.0,0.0,0.17301198840141296,,,,,,,,,,,,,,,,
106,0.9296239614486694,-0.1573706567287445,0.003471128409728408,0.003348797559738159,4.250068377587013e-05,0.9226780533790588,0.9228450655937195,0.0,0.0014540456468239427,0.0,0.0,0.0,0.17294445633888245,,,,,,,,,,,,,,,,
107,0.9296645522117615,-0.15918196737766266,0.0034257734660059214,0.0033260409254580736,4.3175827158847824e-05,0.9228155612945557,0.9229235649108887,0.0,0.001466437359340489,0.0,0.0,0.0,0.17291408777236938,,,,,,,,,,,,,,,,
108,0.9296266436576843,-0.16181032359600067,0.0033934898674488068,0.003302772529423237,3.986328010796569e-05,0.9227800965309143,0.9230009913444519,0.0,0.0011795074678957462,0.0,0.0,0.0,0.17261359095573425,,,,,,,,,,,,,,,,
109,0.9296209812164307,-0.16512231528759003,0.003394477069377899,0.0033569224178791046,3.8670543290209025e-05,0.9228407740592957,0.9228211641311646,0.0,0.001117013394832611,0.0,0.0,0.0,0.17261947691440582,,,,,,,,,,,,,,,,
110,0.9295971393585205,-0.16733461618423462,0.003569271881133318,0.0034913881681859493,4.408785389387049e-05,0.9224035143852234,0.9225813150405884,0.0,0.0013605562271550298,0.0,0.0,0.0,0.17240549623966217,,,,,,,,,,,,,,,,
111,0.9294744729995728,-0.1672910898923874,0.0033400924876332283,0.0032792678102850914,3.8510817830683663e-05,0.9227516055107117,0.922881543636322,0.0,0.0012276691850274801,0.0,0.0,0.0,0.17236310243606567,,,,,,,,,,,,,,,,
112,0.9295648336410522,-0.16838425397872925,0.003501001512631774,0.0033934954553842545,3.6194323911331594e-05,0.9225393533706665,0.9227288961410522,0.0,0.000983431120403111,0.0,0.0,0.0,0.1721658557653427,,,,,,,,,,,,,,,,
113,0.929611086845398,-0.16781368851661682,0.0033806925639510155,0.0033688584808260202,3.533553899615072e-05,0.9228782057762146,0.9227741360664368,0.0,0.0010863598436117172,0.0,0.0,0.0,0.17195993661880493,,,,,,,,,,,,,,,,
114,0.9295579195022583,-0.1678823083639145,0.0032845649402588606,0.0032522769179195166,3.3863645512610674e-05,0.9229367971420288,0.9230377078056335,0.0,0.001137375133112073,0.0,0.0,0.0,0.17180682718753815,,,,,,,,,,,,,,,,
115,0.9295629858970642,-0.16803792119026184,0.0033721537329256535,0.003321280237287283,3.251870657550171e-05,0.9228031039237976,0.9228709936141968,0.0,0.0007816642755642533,0.0,0.0,0.0,0.17159704864025116,,,,,,,,,,,,,,,,
116,0.9294477105140686,-0.17019355297088623,0.003535178257152438,0.0033494154922664165,3.2799191103549674e-05,0.9224592447280884,0.9226014018058777,0.0,0.000987089006230235,0.0,0.0,0.0,0.1714225560426712,,,,,,,,,,,,,,,,
117,0.9295300841331482,-0.16923309862613678,0.003384962910786271,0.0033220306504517794,2.8424534320947714e-05,0.9227409958839417,0.9228482842445374,0.0,0.0009845326421782374,0.0,0.0,0.0,0.17131347954273224,,,,,,,,,,,,,,,,
118,0.9293238520622253,-0.17186658084392548,0.0034172525629401207,0.003326487960293889,3.1385035981656983e-05,0.9224469065666199,0.9226505160331726,0.0,0.0010075945174321532,0.0,0.0,0.0,0.1709933876991272,,,,,,,,,,,,,,,,
119,0.9294208288192749,-0.17297647893428802,0.003482873784378171,0.0034019318409264088,2.86397771560587e-05,0.9223990440368652,0.9226157665252686,0.0,0.0010690651834011078,0.0,0.0,0.0,0.17066670954227448,,,,,,,,,,,,,,,,
120,0.9293108582496643,-0.1730218231678009,0.0033659429755061865,0.003296530805528164,3.061367533518933e-05,0.9225589632987976,0.9226766228675842,0.0,0.0009264794061891735,0.0,0.0,0.0,0.17041075229644775,,,,,,,,,,,,,,,,
121,0.9292455315589905,-0.1763353943824768,0.0033368796575814486,0.0032985215075314045,3.609674604376778e-05,0.9225414991378784,0.9226065278053284,0.0,0.0007996290805749595,0.0,0.0,0.0,0.17047150433063507,,,,,,,,,,,,,,,,
122,0.9294211864471436,-0.17727743089199066,0.0034628123976290226,0.0033218711614608765,3.0458269975497387e-05,0.9224672317504883,0.922744870185852,0.0,0.0009979188907891512,0.0,0.0,0.0,0.17005355656147003,,,,,,,,,,,,,,,,
123,0.929524302482605,-0.1773131936788559,0.003387367120012641,0.0033115262631326914,2.7871536076418124e-05,0.9227107167243958,0.922884464263916,0.0,0.0010907772229984403,0.0,0.0,0.0,0.1699577420949936,,,,,,,,,,,,,,,,
124,0.9292126297950745,-0.1773838847875595,0.0034214877523481846,0.0033575843553990126,2.6911196982837282e-05,0.9223225116729736,0.9224908947944641,0.0,0.0008466169238090515,0.0,0.0,0.0,0.16941744089126587,,,,,,,,,,,,,,,,
125,0.9292859435081482,-0.17803652584552765,0.003483152249827981,0.003395171370357275,2.572525954747107e-05,0.9223120808601379,0.9224517345428467,0.0,0.001147151575423777,0.0,0.0,0.0,0.16919274628162384,,,,,,,,,,,,,,,,
126,0.9293265342712402,-0.18013350665569305,0.0033859582617878914,0.003361203009262681,2.078022043860983e-05,0.9225216507911682,0.9225955605506897,0.0,0.0008771705906838179,0.0,0.0,0.0,0.16880884766578674,,,,,,,,,,,,,,,,
127,0.9292382001876831,-0.18256372213363647,0.003455845406278968,0.003401979338377714,2.1566738723777235e-05,0.9223132729530334,0.9224043488502502,0.0,0.0008709369576536119,0.0,0.0,0.0,0.16840597987174988,,,,,,,,,,,,,,,,
128,0.929197371006012,-0.18403436243534088,0.0034290202893316746,0.003449107287451625,2.1209909391473047e-05,0.9223276376724243,0.9222683906555176,0.0,0.0011273972922936082,0.0,0.0,0.0,0.1680132895708084,,,,,,,,,,,,,,,,
129,0.9291433691978455,-0.18362009525299072,0.0035129485186189413,0.003426520386710763,2.196291279688012e-05,0.9220868349075317,0.9222770929336548,0.0,0.00109678425360471,0.0,0.0,0.0,0.16767637431621552,,,,,,,,,,,,,,,,
130,0.929207444190979,-0.18777643144130707,0.0033997311256825924,0.00341227138414979,2.357771882088855e-05,0.9224003553390503,0.922343373298645,0.0,0.0010251642670482397,0.0,0.0,0.0,0.16743068397045135,,,,,,,,,,,,,,,,
131,0.9292386174201965,-0.18534649908542633,0.0035575556103140116,0.003478915197774768,2.310310082975775e-05,0.9221253991127014,0.9222326874732971,0.0,0.0008583525777794421,0.0,0.0,0.0,0.16707944869995117,,,,,,,,,,,,,,,,
132,0.9292383790016174,-0.1863798350095749,0.0034833422396332026,0.0035180174745619297,2.0837569536524825e-05,0.9222207069396973,0.9222117066383362,0.0,0.0008300509070977569,0.0,0.0,0.0,0.16665136814117432,,,,,,,,,,,,,,,,
133,0.9292336106300354,-0.18822970986366272,0.003560013836249709,0.0034637146163731813,2.4317858333233744e-05,0.9220864772796631,0.9222846627235413,0.0,0.0010025175288319588,0.0,0.0,0.0,0.1661451905965805,,,,,,,,,,,,,,,,
134,0.929318904876709,-0.19029243290424347,0.003410926554352045,0.003458718303591013,2.0911100364173763e-05,0.9224401712417603,0.922416627407074,0.0,0.0008015857310965657,0.0,0.0,0.0,0.16576741635799408,,,,,,,,,,,,,,,,
135,0.9290533661842346,-0.1918679028749466,0.003474512603133917,0.0033797831274569035,2.0783443687832914e-05,0.9221208095550537,0.9222356677055359,0.0,0.0009069635416381061,0.0,0.0,0.0,0.16539932787418365,,,,,,,,,,,,,,,,
136,0.9290595054626465,-0.19410930573940277,0.0034722709096968174,0.003499147715047002,1.710277319943998e-05,0.9221243858337402,0.922017514705658,0.0,0.0007572004687972367,0.0,0.0,0.0,0.16486172378063202,,,,,,,,,,,,,,,,
137,0.9291082620620728,-0.19310307502746582,0.003529743757098913,0.0034801731817424297,1.6735861208871938e-05,0.9221267700195312,0.9220364093780518,0.0,0.000987288192845881,0.0,0.0,0.0,0.16416050493717194,,,,,,,,,,,,,,,,
138,0.9290972352027893,-0.19496996700763702,0.003470838535577059,0.0034045283682644367,1.6042849892983213e-05,0.9221324324607849,0.9222791790962219,0.0,0.0007745751645416021,0.0,0.0,0.0,0.16378925740718842,,,,,,,,,,,,,,,,
139,0.9290028810501099,-0.19398444890975952,0.0035307586658746004,0.0035440565552562475,1.5604404325131327e-05,0.9218816161155701,0.9219433665275574,0.0,0.0008104441803880036,0.0,0.0,0.0,0.16349291801452637,,,,,,,,,,,,,,,,
140,0.929031491279602,-0.19673162698745728,0.0035724607296288013,0.003521035658195615,1.5648109183530323e-05,0.9218388199806213,0.9220058917999268,0.0,0.0007140369853004813,0.0,0.0,0.0,0.16293896734714508,,,,,,,,,,,,,,,,
141,0.9289507865905762,-0.1983793079853058,0.0035061067901551723,0.0033920533023774624,1.3782694622932468e-05,0.9219539165496826,0.9221237897872925,0.0,0.000917834579013288,0.0,0.0,0.0,0.16228753328323364,,,,,,,,,,,,,,,,
142,0.9289748072624207,-0.1997288465499878,0.0034954105503857136,0.0035146011505275965,1.4322029528557323e-05,0.9220060706138611,0.9218948483467102,0.0,0.0008803720702417195,0.0,0.0,0.0,0.16220255196094513,,,,,,,,,,,,,,,,
143,0.9291484355926514,-0.19994601607322693,0.0035453883465379477,0.003492393298074603,1.4736757293576375e-05,0.9220843315124512,0.9221075177192688,0.0,0.0007151014870032668,0.0,0.0,0.0,0.16110442578792572,,,,,,,,,,,,,,,,
144,0.929000735282898,-0.20177356898784637,0.0035777983721345663,0.003497776808217168,1.631449777050875e-05,0.9218366146087646,0.9219810962677002,0.0,0.0007350161322392523,0.0,0.0,0.0,0.16074734926223755,,,,,,,,,,,,,,,,
145,0.9289430379867554,-0.2042013555765152,0.003522241720929742,0.0034712664783000946,1.3393076187639963e-05,0.9219134449958801,0.9219589233398438,0.0,0.0008458919473923743,0.0,0.0,0.0,0.16047215461730957,,,,,,,,,,,,,,,,
146,0.9290434122085571,-0.20320267975330353,0.0035257097333669662,0.0034955202136188745,2.1452156943269074e-05,0.9219729900360107,0.9220284223556519,0.0,0.0005834733019582927,0.0,0.0,0.0,0.15987220406532288,,,,,,,,,,,,,,,,
147,0.9288896322250366,-0.20499365031719208,0.0035304108168929815,0.0034408417996019125,1.3107607628626283e-05,0.9218330383300781,0.9219775795936584,0.0,0.000773057050537318,0.0,0.0,0.0,0.16013462841510773,,,,,,,,,,,,,,,,
148,0.9289655089378357,-0.20414996147155762,0.0034552395809441805,0.0033860791008919477,1.1571624781936407e-05,0.9220817685127258,0.9221435189247131,0.0,0.0005993794184178114,0.0,0.0,0.0,0.15967942774295807,,,,,,,,,,,,,,,,
149,0.9287821650505066,-0.2043054699897766,0.003544281702488661,0.0034960678312927485,1.278449417441152e-05,0.9217175841331482,0.9217404723167419,0.0,0.0004685176245402545,0.0,0.0,0.0,0.159138023853302,,,,,,,,,,,,,,,,
150,0.9290800094604492,-0.20651814341545105,0.00347930402494967,0.0034724283032119274,1.376734235236654e-05,0.922119140625,0.9221099019050598,0.0,0.0007225764566101134,0.0,0.0,0.0,0.15886473655700684,,,,,,,,,,,,,,,,
151,0.9289312362670898,-0.2065703421831131,0.0034908694215118885,0.0034404073376208544,1.5094908121682238e-05,0.921993613243103,0.9219760894775391,0.0,0.0005755336605943739,0.0,0.0,0.0,0.15867146849632263,,,,,,,,,,,,,,,,
152,0.9289454221725464,-0.2113349884748459,0.0034845666959881783,0.003418120089918375,1.13814558062586e-05,0.9219666123390198,0.9220960736274719,0.0,0.000567267183214426,0.0,0.0,0.0,0.15829060971736908,,,,,,,,,,,,,,,,
153,0.9288579225540161,-0.20955327153205872,0.003521502483636141,0.00350284855812788,1.2867896657553501e-05,0.9217978119850159,0.9218435883522034,0.0,0.0006758857052773237,0.0,0.0,0.0,0.1580209881067276,,,,,,,,,,,,,,,,
154,0.9287853837013245,-0.214959517121315,0.003515389980748296,0.0034819322172552347,1.3315159776539076e-05,0.9217496514320374,0.9217997789382935,0.0,0.0007935827015899122,0.0,0.0,0.0,0.15802915394306183,,,,,,,,,,,,,,,,
155,0.9288783073425293,-0.2168181836605072,0.00359021476469934,0.00348936440423131,1.3702162505069282e-05,0.9217137694358826,0.9218562841415405,0.0,0.000818163447547704,0.0,0.0,0.0,0.1579543948173523,,,,,,,,,,,,,,,,
156,0.9289228320121765,-0.21314890682697296,0.003523161169141531,0.003467915579676628,1.1457555956440046e-05,0.9218589663505554,0.9219816327095032,0.0,0.000683732214383781,0.0,0.0,0.0,0.15818384289741516,,,,,,,,,,,,,,,,
157,0.9288647770881653,-0.21519169211387634,0.0036413297057151794,0.0035561963450163603,1.1979449482169002e-05,0.9216178059577942,0.9216927289962769,0.0,0.0008359643397852778,0.0,0.0,0.0,0.15761621296405792,,,,,,,,,,,,,,,,
158,0.9288201928138733,-0.21456190943717957,0.0035916033666580915,0.003513949690386653,1.3817803846905008e-05,0.9216727614402771,0.9217288494110107,0.0,0.0007188292220234871,0.0,0.0,0.0,0.15775969624519348,,,,,,,,,,,,,,,,
159,0.9287983179092407,-0.21545971930027008,0.0036342651583254337,0.0036063222214579582,1.1411443665565457e-05,0.921544075012207,0.9215485453605652,0.0,0.0008957593236118555,0.0,0.0,0.0,0.1575312316417694,,,,,,,,,,,,,,,,
160,0.9288558959960938,-0.21867205202579498,0.0036035061348229647,0.0035825090017169714,1.5178005014604423e-05,0.9216547012329102,0.9216547012329102,0.0,0.0009500512387603521,0.0,0.0,0.0,0.15691940486431122,,,,,,,,,,,,,,,,
161,0.9288157820701599,-0.22002726793289185,0.0036314870230853558,0.003614212153479457,1.1717676898115315e-05,0.9215196967124939,0.9215970039367676,0.0,0.0006823689327575266,0.0,0.0,0.0,0.1570080816745758,,,,,,,,,,,,,,,,
162,0.9287799596786499,-0.22045296430587769,0.0036076162941753864,0.003582664532586932,9.758648047863971e-06,0.9215530753135681,0.921606719493866,0.0,0.0007654195069335401,0.0,0.0,0.0,0.15702947974205017,,,,,,,,,,,,,,,,
163,0.9286484122276306,-0.22099514305591583,0.0035877360496670008,0.003591606393456459,9.736363608681131e-06,0.9214497804641724,0.9214687943458557,0.0,0.0007620211108587682,0.0,0.0,0.0,0.15675783157348633,,,,,,,,,,,,,,,,
164,0.9288293719291687,-0.22014766931533813,0.003576303832232952,0.003596007823944092,1.2745837921102066e-05,0.9216725826263428,0.9216160178184509,0.0,0.0006890942458994687,0.0,0.0,0.0,0.1564663052558899,,,,,,,,,,,,,,,,
165,0.9288108348846436,-0.22062371671199799,0.00350173213519156,0.0034122364595532417,9.334842616226524e-06,0.9218336939811707,0.9219413995742798,0.0,0.0006652335287071764,0.0,0.0,0.0,0.15641018748283386,,,,,,,,,,,,,,,,
166,0.9288046360015869,-0.2209915965795517,0.0035042529925704002,0.0034895525313913822,9.389031220052857e-06,0.9218003153800964,0.9218025803565979,0.0,0.0008047574083320796,0.0,0.0,0.0,0.1560366451740265,,,,,,,,,,,,,,,,
167,0.9285988211631775,-0.22425560653209686,0.0035184624139219522,0.0034576423931866884,9.154889994533733e-06,0.9216240048408508,0.9216031432151794,0.0,0.0006845855386927724,0.0,0.0,0.0,0.15607333183288574,,,,,,,,,,,,,,,,
168,0.9286993741989136,-0.2270934283733368,0.0035647281911224127,0.00357245234772563,9.186554052575957e-06,0.9215479493141174,0.921558141708374,0.0,0.0007345613557845354,0.0,0.0,0.0,0.15586164593696594,,,,,,,,,,,,,,,,
169,0.9287563562393188,-0.22665300965309143,0.00364016299135983,0.0036168014630675316,1.0228652172372676e-05,0.9214407205581665,0.9215376377105713,0.0,0.0006870704237371683,0.0,0.0,0.0,0.15517893433570862,,,,,,,,,,,,,,,,
170,0.9286851286888123,-0.22699591517448425,0.0036368591245263815,0.00362619967199862,8.554661690141074e-06,0.9214255809783936,0.9214014410972595,0.0,0.0005917265661992133,0.0,0.0,0.0,0.15529000759124756,,,,,,,,,,,,,,,,
171,0.9288316369056702,-0.22682900726795197,0.0035868347622454166,0.003651522798463702,8.76534431881737e-06,0.9216455221176147,0.9215234518051147,0.0,0.0007198681123554707,0.0,0.0,0.0,0.15505914390087128,,,,,,,,,,,,,,,,
172,0.9286170601844788,-0.22830097377300262,0.003681046888232231,0.0036935582756996155,7.584993909404147e-06,0.9212793111801147,0.9211904406547546,0.0,0.000631961040198803,0.0,0.0,0.0,0.15453338623046875,,,,,,,,,,,,,,,,
173,0.9286289215087891,-0.2286623865365982,0.003584630787372589,0.003575178561732173,2.172002859879285e-05,0.9214601516723633,0.9214347004890442,0.0,0.0007195312646217644,0.0,0.0,0.0,0.15454913675785065,,,,,,,,,,,,,,,,
174,0.9285778403282166,-0.22847697138786316,0.0034921870101243258,0.0035186554305255413,7.183758498285897e-06,0.9216008186340332,0.9215187430381775,0.0,0.0005335357855074108,0.0,0.0,0.0,0.1542879343032837,,,,,,,,,,,,,,,,
175,0.9286530613899231,-0.23175175487995148,0.003616136033087969,0.0035950103774666786,8.708458153705578e-06,0.921434760093689,0.9214316010475159,0.0,0.0005231660325080156,0.0,0.0,0.0,0.1537856012582779,,,,,,,,,,,,,,,,
176,0.9287620186805725,-0.23451122641563416,0.003593900939449668,0.00358597538433969,7.640502190042753e-06,0.9216127395629883,0.9215362668037415,0.0,0.0006095814169384539,0.0,0.0,0.0,0.1535080373287201,,,,,,,,,,,,,,,,
177,0.9286688566207886,-0.23508258163928986,0.0037153097800910473,0.00367273879237473,1.3281383871799335e-05,0.9212272763252258,0.9213076829910278,0.0,0.0005977645050734282,0.0,0.0,0.0,0.1537209302186966,,,,,,,,,,,,,,,,
178,0.9287641048431396,-0.2373872995376587,0.0035850226413458586,0.003520555328577757,7.387405275949277e-06,0.921660304069519,0.9216418862342834,0.0,0.0005582019803114235,0.0,0.0,0.0,0.15328605473041534,,,,,,,,,,,,,,,,
179,0.9286191463470459,-0.23557984828948975,0.0035474945325404406,0.0035589751787483692,8.035355676838662e-06,0.9215856790542603,0.9214234948158264,0.0,0.0007004945655353367,0.0,0.0,0.0,0.15283754467964172,,,,,,,,,,,,,,,,
180,0.9288082718849182,-0.2369339019060135,0.003620193572714925,0.003605802543461323,8.166530278685968e-06,0.9215680956840515,0.9215801358222961,0.0,0.0006293305195868015,0.0,0.0,0.0,0.15268385410308838,,,,,,,,,,,,,,,,
181,0.9287164211273193,-0.2383715808391571,0.003659323789179325,0.003684559604153037,6.395788659574464e-06,0.9214065670967102,0.9213257431983948,0.0,0.0006528775556944311,0.0,0.0,0.0,0.15284273028373718,,,,,,,,,,,,,,,,
182,0.9287305474281311,-0.23949575424194336,0.0035897092893719673,0.00359516404569149,8.175150469469372e-06,0.9215322136878967,0.921542763710022,0.0,0.000558881729375571,0.0,0.0,0.0,0.15264740586280823,,,,,,,,,,,,,,,,
183,0.9285598397254944,-0.23908640444278717,0.003674648469313979,0.003664892865344882,7.780355190334376e-06,0.9212342500686646,0.9211907386779785,0.0,0.0006432543741539121,0.0,0.0,0.0,0.15198646485805511,,,,,,,,,,,,,,,,
184,0.9286235570907593,-0.24238118529319763,0.0036149914376437664,0.003599222982302308,6.268995093705598e-06,0.9214129447937012,0.9213931560516357,0.0,0.00073066825279966,0.0,0.0,0.0,0.15192674100399017,,,,,,,,,,,,,,,,
185,0.9284986853599548,-0.24211959540843964,0.0036239344626665115,0.0035869558341801167,8.14608847576892e-06,0.9212910532951355,0.9212682843208313,0.0,0.000704990467056632,0.0,0.0,0.0,0.15194469690322876,,,,,,,,,,,,,,,,
186,0.9285550713539124,-0.24449850618839264,0.0036439194809645414,0.0036535279359668493,9.679675713414326e-06,0.921279788017273,0.9212161898612976,0.0,0.0006505015189759433,0.0,0.0,0.0,0.15084609389305115,,,,,,,,,,,,,,,,
187,0.9284922480583191,-0.24418991804122925,0.003583037992939353,0.003554323920980096,7.201978860393865e-06,0.9213394522666931,0.9213559031486511,0.0,0.0005635741399601102,0.0,0.0,0.0,0.15120980143547058,,,,,,,,,,,,,,,,
188,0.9285725355148315,-0.2433692067861557,0.0036431951448321342,0.0036474294029176235,6.767475497326814e-06,0.9212884902954102,0.921261727809906,0.0,0.0006277720676735044,0.0,0.0,0.0,0.15073080360889435,,,,,,,,,,,,,,,,
189,0.928571879863739,-0.24428194761276245,0.00362333538942039,0.0035718900617212057,6.274603947531432e-06,0.9213510751724243,0.9213897585868835,0.0,0.0005219521699473262,0.0,0.0,0.0,0.15025557577610016,,,,,,,,,,,,,,,,
190,0.9286039471626282,-0.24768173694610596,0.003708698321133852,0.0036876911763101816,1.156569578597555e-05,0.921230673789978,0.9211612343788147,0.0,0.000768871686886996,0.0,0.0,0.0,0.14994005858898163,,,,,,,,,,,,,,,,
191,0.9285574555397034,-0.24964343011379242,0.0036984363105148077,0.0036723907105624676,4.422900929057505e-06,0.9212010502815247,0.9211633801460266,0.0,0.00047474706661887467,0.0,0.0,0.0,0.15015298128128052,,,,,,,,,,,,,,,,
192,0.9284576773643494,-0.2485850304365158,0.003716209437698126,0.003694836050271988,9.77889976638835e-06,0.9210144877433777,0.9210591912269592,0.0,0.0006206012330949306,0.0,0.0,0.0,0.14950969815254211,,,,,,,,,,,,,,,,
193,0.928615152835846,-0.2509663701057434,0.003684131195768714,0.0037328428588807583,1.0194600690738298e-05,0.9211957454681396,0.921180248260498,0.0,0.0005643462645821273,0.0,0.0,0.0,0.14860421419143677,,,,,,,,,,,,,,,,
194,0.928473711013794,-0.24924452602863312,0.003582953242585063,0.0036041797138750553,3.954892690671841e-06,0.9212691187858582,0.9212961792945862,0.0,0.0005686833756044507,0.0,0.0,0.0,0.14850348234176636,,,,,,,,,,,,,,,,
195,0.928429365158081,-0.2511826753616333,0.0036299037747085094,0.003620275529101491,6.334098543447908e-06,0.9211196899414062,0.9212260246276855,0.0,0.0007580741657875478,0.0,0.0,0.0,0.14820177853107452,,,,,,,,,,,,,,,,
196,0.9284979701042175,-0.2509748041629791,0.0037737672682851553,0.0037058587186038494,6.080429102439666e-06,0.9209544062614441,0.9210700988769531,0.0,0.0006710482412017882,0.0,0.0,0.0,0.14747178554534912,,,,,,,,,,,,,,,,
197,0.9284989237785339,-0.25448110699653625,0.0036097723059356213,0.0036264832597225904,5.458964551507961e-06,0.9212968349456787,0.9212175607681274,0.0,0.0005743540241383016,0.0,0.0,0.0,0.14681461453437805,,,,,,,,,,,,,,,,
198,0.9284879565238953,-0.25446146726608276,0.0036973280366510153,0.0036313659511506557,4.370680471765809e-06,0.9211257696151733,0.9211840629577637,0.0,0.0007491673459298909,0.0,0.0,0.0,0.14714401960372925,,,,,,,,,,,,,,,,
199,0.9284731149673462,-0.25379714369773865,0.003648158395662904,0.0036422554403543472,5.777321803179802e-06,0.9211955070495605,0.9211582541465759,0.0,0.0006211859872564673,0.0,0.0,0.0,0.14620305597782135,,,,,,,,,,,,,,,,
200,0.9283296465873718,-0.2574509382247925,0.0037887892685830593,0.0037171710282564163,4.651732069760328e-06,0.9208071827888489,0.9208309650421143,0.0,0.0006104951607994735,0.0,0.0,0.0,0.14584845304489136,,,,,,,,,,,,,,,,
201,0.9285049438476562,-0.25889095664024353,0.0036070754285901785,0.0036391066387295723,6.763106739526847e-06,0.9212689399719238,0.9212350249290466,0.0,0.0006422356818802655,0.0,0.0,0.0,0.14602473378181458,,,,,,,,,,,,,,,,
202,0.9285088181495667,-0.2589850127696991,0.003831631736829877,0.0037418517749756575,5.292948117130436e-06,0.9208467602729797,0.9210132956504822,0.0,0.0007084142416715622,0.0,0.0,0.0,0.14498037099838257,,,,,,,,,,,,,,,,
203,0.928384006023407,-0.2592214345932007,0.0037824001628905535,0.003771268529817462,4.003254161943914e-06,0.9207931160926819,0.9208595156669617,0.0,0.0005365713150240481,0.0,0.0,0.0,0.14447791874408722,,,,,,,,,,,,,,,,
204,0.92840576171875,-0.26036953926086426,0.0037354561500251293,0.003707058960571885,4.781633833772503e-06,0.9209625124931335,0.9209544062614441,0.0,0.0005050650797784328,0.0,0.0,0.0,0.1446748524904251,,,,,,,,,,,,,,,,
205,0.928558886051178,-0.26228630542755127,0.003714695805683732,0.0036969042848795652,6.257469976844732e-06,0.9211462736129761,0.9211357235908508,0.0,0.0005263281636871397,0.0,0.0,0.0,0.1438377946615219,,,,,,,,,,,,,,,,
206,0.9283507466316223,-0.25996384024620056,0.0037113111466169357,0.003651662729680538,3.3992134831350995e-06,0.9209163188934326,0.9210525155067444,0.0,0.0004398118471726775,0.0,0.0,0.0,0.14373114705085754,,,,,,,,,,,,,,,,
207,0.9284757375717163,-0.2622171640396118,0.003662245348095894,0.00365094724111259,5.275202056509443e-06,0.9211583137512207,0.9211561679840088,0.0,0.00048523989971727133,0.0,0.0,0.0,0.14328736066818237,,,,,,,,,,,,,,,,
208,0.9284854531288147,-0.2632092237472534,0.003706031246110797,0.003630615072324872,3.634659378803917e-06,0.9211549758911133,0.9211353659629822,0.0,0.0005751471617259085,0.0,0.0,0.0,0.1428280621767044,,,,,,,,,,,,,,,,
209,0.9283796548843384,-0.26620832085609436,0.0036585733760148287,0.0035973016638308764,7.213099252112443e-06,0.9210700988769531,0.921163022518158,0.0,0.0006212702137418091,0.0,0.0,0.0,0.14267538487911224,,,,,,,,,,,,,,,,
210,0.9283831715583801,-0.2678937315940857,0.0036239607725292444,0.003634774824604392,4.083342446392635e-06,0.9211482405662537,0.9210924506187439,0.0,0.00048492877976968884,0.0,0.0,0.0,0.14151516556739807,,,,,,,,,,,,,,,,
211,0.9284827709197998,-0.26855140924453735,0.003651304868981242,0.0036270138807594776,3.783593683692743e-06,0.9212175607681274,0.9211838245391846,0.0,0.00040023867040872574,0.0,0.0,0.0,0.14109282195568085,,,,,,,,,,,,,,,,
212,0.9283613562583923,-0.2685939073562622,0.00371138215996325,0.0036258725449442863,4.076652203366393e-06,0.9209659099578857,0.9210740923881531,0.0,0.0005300932098180056,0.0,0.0,0.0,0.13991770148277283,,,,,,,,,,,,,,,,
213,0.9282746315002441,-0.2696288526058197,0.0036451872438192368,0.003633038140833378,3.178935230607749e-06,0.9209656119346619,0.9210207462310791,0.0,0.0003864141181111336,0.0,0.0,0.0,0.140048086643219,,,,,,,,,,,,,,,,
214,0.9283260703086853,-0.2678818106651306,0.003759469836950302,0.0037253540940582752,3.3763371902750805e-06,0.9208189845085144,0.9208568334579468,0.0,0.0004156033683102578,0.0,0.0,0.0,0.1401991844177246,,,,,,,,,,,,,,,,
215,0.9283487796783447,-0.268881231546402,0.003673175349831581,0.0036204461939632893,3.0152941690175794e-06,0.9210282564163208,0.9210760593414307,0.0,0.0005510742776095867,0.0,0.0,0.0,0.1389719396829605,,,,,,,,,,,,,,,,
216,0.9284155368804932,-0.2685588002204895,0.0037164015229791403,0.0036563321482390165,4.097912551515037e-06,0.9209660291671753,0.9211113452911377,0.0,0.00041706310003064573,0.0,0.0,0.0,0.1388019621372223,,,,,,,,,,,,,,,,
217,0.9284546375274658,-0.27136754989624023,0.00373662868514657,0.003713731886819005,5.124251401866786e-06,0.9209659099578857,0.9210324883460999,0.0,0.0004244637966621667,0.0,0.0,0.0,0.1375206857919693,,,,,,,,,,,,,,,,
218,0.9283214211463928,-0.2768462002277374,0.0035872161388397217,0.003587238257750869,5.357733243727125e-06,0.9211539030075073,0.9211294054985046,0.0,0.0004545337287709117,0.0,0.0,0.0,0.136299267411232,,,,,,,,,,,,,,,,
219,0.9282965064048767,-0.27937227487564087,0.0036886383313685656,0.0036219717003405094,5.252713435766054e-06,0.9209415316581726,0.9210197329521179,0.0,0.00047221986460499465,0.0,0.0,0.0,0.1367836743593216,,,,,,,,,,,,,,,,
220,0.9283455014228821,-0.2757747173309326,0.0037375441752374172,0.0037575794849544764,3.43042665917892e-06,0.9209111928939819,0.9207826256752014,0.0,0.0006053386023268104,0.0,0.0,0.0,0.13650189340114594,,,,,,,,,,,,,,,,
221,0.9283132553100586,-0.2752280533313751,0.003712809644639492,0.003666624892503023,2.833063035723171e-06,0.920897364616394,0.9209646582603455,0.0,0.0005221361061558127,0.0,0.0,0.0,0.13579551875591278,,,,,,,,,,,,,,,,
222,0.9283739328384399,-0.27700042724609375,0.0036988090723752975,0.0037129579577594995,2.9987888865434797e-06,0.9209704995155334,0.9209478497505188,0.0,0.0005391230224631727,0.0,0.0,0.0,0.13464629650115967,,,,,,,,,,,,,,,,
223,0.9282367825508118,-0.2781851589679718,0.003759443061426282,0.003686203621327877,4.6781015043961816e-06,0.9207354784011841,0.92083740234375,0.0,0.0005203381297178566,0.0,0.0,0.0,0.1348070502281189,,,,,,,,,,,,,,,,
224,0.9282285571098328,-0.28420373797416687,0.0037318661343306303,0.0037242660764604807,2.9801026357745286e-06,0.920768678188324,0.9207702279090881,0.0,0.0005787248956039548,0.0,0.0,0.0,0.1341228187084198,,,,,,,,,,,,,,,,
225,0.9283061623573303,-0.2852652072906494,0.0037237918004393578,0.0036820275709033012,4.756210728373844e-06,0.9208474159240723,0.9209437370300293,0.0,0.0004064973327331245,0.0,0.0,0.0,0.13458643853664398,,,,,,,,,,,,,,,,
226,0.9282960891723633,-0.2864610254764557,0.0038253464736044407,0.003759257262572646,3.8481716728711035e-06,0.9206650257110596,0.9207502603530884,0.0,0.0004151368630118668,0.0,0.0,0.0,0.13412342965602875,,,,,,,,,,,,,,,,
227,0.928290843963623,-0.2812683582305908,0.0037997914478182793,0.003758825361728668,3.0785843136982294e-06,0.9206923842430115,0.9207658767700195,0.0,0.0004963978426530957,0.0,0.0,0.0,0.13402564823627472,,,,,,,,,,,,,,,,
228,0.9283499717712402,-0.283237099647522,0.0037985751405358315,0.0038074941840022802,3.9946621654962655e-06,0.9207103848457336,0.9207693338394165,0.0,0.000488948542624712,0.0,0.0,0.0,0.13330012559890747,,,,,,,,,,,,,,,,
229,0.9282604455947876,-0.28547149896621704,0.003757091239094734,0.0037104706279933453,2.5161732537526404e-06,0.9207581877708435,0.9208225607872009,0.0,0.0003817853576038033,0.0,0.0,0.0,0.13348901271820068,,,,,,,,,,,,,,,,
230,0.9284735321998596,-0.28726649284362793,0.0036893803626298904,0.0036605591885745525,2.247133807031787e-06,0.9210871458053589,0.9211555123329163,0.0,0.0005767785478383303,0.0,0.0,0.0,0.1335512101650238,,,,,,,,,,,,,,,,
231,0.9282742142677307,-0.2876414656639099,0.0037240558303892612,0.003743440145626664,3.2935802209976828e-06,0.9208528995513916,0.9207540154457092,0.0,0.00036392806214280427,0.0,0.0,0.0,0.13316680490970612,,,,,,,,,,,,,,,,
232,0.9282915592193604,-0.29108843207359314,0.003730559488758445,0.003764410736039281,3.1296704037231393e-06,0.9208495020866394,0.9207374453544617,0.0,0.0005072304629720747,0.0,0.0,0.0,0.13218940794467926,,,,,,,,,,,,,,,,
233,0.928259015083313,-0.288381963968277,0.0037875312846153975,0.0037865808699280024,3.640815748440218e-06,0.9207037687301636,0.9206587672233582,0.0,0.00048576685367152095,0.0,0.0,0.0,0.13207975029945374,,,,,,,,,,,,,,,,
234,0.9282799363136292,-0.28914207220077515,0.0036797348875552416,0.0036988789215683937,5.043302280682838e-06,0.9209157228469849,0.9208769202232361,0.0,0.0005360858049243689,0.0,0.0,0.0,0.13161757588386536,,,,,,,,,,,,,,,,
235,0.9282161593437195,-0.29176774621009827,0.0036557400599122047,0.0036748142447322607,2.3418278942699544e-06,0.9209337830543518,0.9208326935768127,0.0,0.0005373509484343231,0.0,0.0,0.0,0.13119864463806152,,,,,,,,,,,,,,,,
236,0.928270161151886,-0.29170066118240356,0.003779910271987319,0.0038077905774116516,4.674931915360503e-06,0.9207510948181152,0.920604407787323,0.0,0.00037712877383455634,0.0,0.0,0.0,0.1310550570487976,,,,,,,,,,,,,,,,
237,0.9283220767974854,-0.2959713339805603,0.003824798157438636,0.003799092024564743,4.350177277956391e-06,0.9206914305686951,0.9206961989402771,0.0,0.00036471307976171374,0.0,0.0,0.0,0.13096091151237488,,,,,,,,,,,,,,,,
238,0.9282747507095337,-0.29349324107170105,0.0037471328396350145,0.0037020391318947077,4.303421519580297e-06,0.9208016395568848,0.920840859413147,0.0,0.0003690323210321367,0.0,0.0,0.0,0.1305236667394638,,,,,,,,,,,,,,,,
239,0.9283724427223206,-0.29330477118492126,0.003735283389687538,0.0037175139877945185,2.4353146272915183e-06,0.9209428429603577,0.9208915829658508,0.0,0.0003669620491564274,0.0,0.0,0.0,0.1301601678133011,,,,,,,,,,,,,,,,
240,0.9281944632530212,-0.29414817690849304,0.003835945390164852,0.0037893711123615503,2.3276015781448223e-06,0.9205390214920044,0.9205945730209351,0.0,0.0005340136704035103,0.0,0.0,0.0,0.12924979627132416,,,,,,,,,,,,,,,,
241,0.928176760673523,-0.2962748408317566,0.003759980434551835,0.003699297783896327,2.082232640532311e-06,0.9206776022911072,0.9207531809806824,0.0,0.0004972022143192589,0.0,0.0,0.0,0.1293177604675293,,,,,,,,,,,,,,,,
242,0.9283033013343811,-0.30015164613723755,0.003812558716163039,0.003774364246055484,1.5471463257199503e-06,0.9206888675689697,0.9207407832145691,0.0,0.00039714781451039016,0.0,0.0,0.0,0.12927518784999847,,,,,,,,,,,,,,,,
243,0.9282457828521729,-0.3017839193344116,0.0038210826460272074,0.003772398689761758,3.008851763297571e-06,0.9206117391586304,0.9206868410110474,0.0,0.0005750045529566705,0.0,0.0,0.0,0.1296752393245697,,,,,,,,,,,,,,,,
244,0.9282811880111694,-0.3026467561721802,0.0037032263353466988,0.003650224069133401,5.279765446175588e-06,0.9208934903144836,0.9209514260292053,0.0,0.0004982884856872261,0.0,0.0,0.0,0.12836337089538574,,,,,,,,,,,,,,,,
245,0.928128182888031,-0.2999895513057709,0.003770098090171814,0.0037149989511817694,1.99970736503019e-06,0.9206185340881348,0.9206636548042297,0.0,0.0004715295508503914,0.0,0.0,0.0,0.1285143345594406,,,,,,,,,,,,,,,,
246,0.9281873106956482,-0.2990865409374237,0.0037132184952497482,0.0036795863416045904,3.704009941429831e-06,0.9207984209060669,0.9207831621170044,0.0,0.0004391650145407766,0.0,0.0,0.0,0.12910211086273193,,,,,,,,,,,,,,,,
247,0.9282594323158264,-0.30106645822525024,0.003655344946309924,0.0036618809681385756,2.0413049242051784e-06,0.9209698438644409,0.9209105372428894,0.0,0.00039493953227065504,0.0,0.0,0.0,0.13035736978054047,,,,,,,,,,,,,,,,
248,0.9282505512237549,-0.3057680130004883,0.003772212890908122,0.0038206304889172316,1.5848489738345961e-06,0.9207401871681213,0.9205721020698547,0.0,0.0004660717095248401,0.0,0.0,0.0,0.12985244393348694,,,,,,,,,,,,,,,,
249,0.9283638596534729,-0.3086797893047333,0.0037196383345872164,0.0037481989711523056,2.3414820589096053e-06,0.9209516048431396,0.9208356738090515,0.0,0.0004834056890103966,0.0,0.0,0.0,0.12931695580482483,,,,,,,,,,,,,,,,
250,0.9281895160675049,-0.3099364936351776,0.0038532549515366554,0.003877439070492983,2.6525990506343078e-06,0.920502781867981,0.920409619808197,0.0,0.0004946711123920977,0.0,0.0,0.0,0.12952692806720734,,,,,,,,,,,,,,,,
251,0.9281131029129028,-0.304776132106781,0.0038870496209710836,0.003893586341291666,1.5695588899689028e-06,0.9203321933746338,0.9203295111656189,0.0,0.00047040075878612697,0.0,0.0,0.0,0.1285959631204605,,,,,,,,,,,,,,,,
252,0.9282065033912659,-0.30433276295661926,0.0038629688788205385,0.0038753068074584007,2.1093362647661706e-06,0.9204999804496765,0.9204322695732117,0.0,0.000563807669095695,0.0,0.0,0.0,0.12944650650024414,,,,,,,,,,,,,,,,
253,0.9282890558242798,-0.30503708124160767,0.00377855752594769,0.0037659367080777884,2.4101223061734345e-06,0.9207795858383179,0.92070472240448,0.0,0.00036168069345876575,0.0,0.0,0.0,0.1303119659423828,,,,,,,,,,,,,,,,
254,0.9282107353210449,-0.3103519380092621,0.00372633570805192,0.0037450275849550962,2.9646671464433894e-06,0.9207605123519897,0.920712411403656,0.0,0.0004439304757397622,0.0,0.0,0.0,0.1290452480316162,,,,,,,,,,,,,,,,
255,0.928280234336853,-0.31420719623565674,0.003767577698454261,0.003693937323987484,1.9427163806540193e-06,0.9207867383956909,0.9208467602729797,0.0,0.00048766014515422285,0.0,0.0,0.0,0.12932729721069336,,,,,,,,,,,,,,,,
256,0.9281421899795532,-0.3151375949382782,0.003879908239468932,0.0038969656452536583,2.7346388833393576e-06,0.9203758835792542,0.9203493595123291,0.0,0.0005049773026257753,0.0,0.0,0.0,0.1288335621356964,,,,,,,,,,,,,,,,
257,0.9281501173973083,-0.3124861717224121,0.003867171937599778,0.0037947967648506165,3.389577614143491e-06,0.92045658826828,0.9205129146575928,0.0,0.0005244480562396348,0.0,0.0,0.0,0.1286059468984604,,,,,,,,,,,,,,,,
258,0.928148090839386,-0.3106316924095154,0.0037529475521296263,0.003730297787114978,1.8330006241740193e-06,0.9206773638725281,0.9206486344337463,0.0,0.0005095167434774339,0.0,0.0,0.0,0.12815545499324799,,,,,,,,,,,,,,,,
259,0.9281831383705139,-0.31146708130836487,0.003731540869921446,0.0037416538689285517,1.625355594114808e-06,0.9207677245140076,0.9206488132476807,0.0,0.0004738945863209665,0.0,0.0,0.0,0.12819255888462067,,,,,,,,,,,,,,,,
260,0.9281468391418457,-0.3125630021095276,0.0037275978829711676,0.0037359504494816065,1.8187186014984036e-06,0.9207132458686829,0.9206497669219971,0.0,0.000501078728120774,0.0,0.0,0.0,0.12816308438777924,,,,,,,,,,,,,,,,
261,0.9280971884727478,-0.31861767172813416,0.0038478164933621883,0.0038065072149038315,1.5907276065263432e-06,0.9204127788543701,0.9204698204994202,0.0,0.0005332014989107847,0.0,0.0,0.0,0.12812873721122742,,,,,,,,,,,,,,,,
262,0.9282007813453674,-0.31785088777542114,0.003860311582684517,0.003851092653349042,1.689128794168937e-06,0.9204944968223572,0.9204809069633484,0.0,0.0004489408456720412,0.0,0.0,0.0,0.12833426892757416,,,,,,,,,,,,,,,,
263,0.9280905723571777,-0.31741297245025635,0.003869523061439395,0.003880479373037815,1.6950418739725137e-06,0.9203438758850098,0.9203339219093323,0.0,0.00039009423926472664,0.0,0.0,0.0,0.12872810661792755,,,,,,,,,,,,,,,,
264,0.9281691908836365,-0.31775999069213867,0.0038236877880990505,0.00380916241556406,3.2364703201892553e-06,0.9205359220504761,0.9205303192138672,0.0,0.00044300800072960556,0.0,0.0,0.0,0.12888221442699432,,,,,,,,,,,,,,,,
265,0.9280365109443665,-0.31622588634490967,0.0037625429686158895,0.0037014298141002655,3.469731382210739e-06,0.9205320477485657,0.9206060171127319,0.0,0.0005329117993824184,0.0,0.0,0.0,0.12755869328975677,,,,,,,,,,,,,,,,
266,0.928196907043457,-0.3190639615058899,0.0038817396853119135,0.0038365975487977266,2.2595875179831637e-06,0.9204363822937012,0.9205161929130554,0.0,0.0004759586008731276,0.0,0.0,0.0,0.12858672440052032,,,,,,,,,,,,,,,,
267,0.928135871887207,-0.3245692551136017,0.003726112423464656,0.003688391298055649,2.92350523523055e-06,0.9207038879394531,0.9207330346107483,0.0,0.0005031205364502966,0.0,0.0,0.0,0.1276283860206604,,,,,,,,,,,,,,,,
268,0.9281753897666931,-0.3242920935153961,0.0038614245131611824,0.0038166630547493696,2.6247876121487934e-06,0.920447826385498,0.9205414652824402,0.0,0.0005560835707001388,0.0,0.0,0.0,0.12862952053546906,,,,,,,,,,,,,,,,
269,0.9281566143035889,-0.3253752589225769,0.0038945802953094244,0.0038413526490330696,2.0707989278889727e-06,0.920383095741272,0.9204541444778442,0.0,0.0004952827584929764,0.0,0.0,0.0,0.128102645277977,,,,,,,,,,,,,,,,
270,0.9281911849975586,-0.3251824676990509,0.003865891369059682,0.003803197992965579,2.2368833469954552e-06,0.9204960465431213,0.9205436110496521,0.0,0.0003567904932424426,0.0,0.0,0.0,0.12897826731204987,,,,,,,,,,,,,,,,
271,0.9281097054481506,-0.32210543751716614,0.003912489861249924,0.0038550961762666702,1.36459095756436e-06,0.9203165173530579,0.9203650951385498,0.0,0.000333604373736307,0.0,0.0,0.0,0.12842050194740295,,,,,,,,,,,,,,,,
272,0.9281958937644958,-0.3223989009857178,0.003898294409736991,0.0038517944049090147,1.5709690615040017e-06,0.9204407930374146,0.9204476475715637,0.0,0.00036526707117445767,0.0,0.0,0.0,0.1289009153842926,,,,,,,,,,,,,,,,
273,0.9280498623847961,-0.32379043102264404,0.0038658538833260536,0.0038043849635869265,2.189649194406229e-06,0.92033451795578,0.9204203486442566,0.0,0.0005038189701735973,0.0,0.0,0.0,0.12828485667705536,,,,,,,,,,,,,,,,
274,0.9280862212181091,-0.33073288202285767,0.003782446263357997,0.0037502399645745754,2.8379295144986827e-06,0.9205392003059387,0.9205621480941772,0.0,0.0003734781057573855,0.0,0.0,0.0,0.1283847987651825,,,,,,,,,,,,,,,,
275,0.9282127022743225,-0.3338322937488556,0.0038193045184016228,0.0038102047983556986,9.908781066769734e-07,0.920589029788971,0.9205753207206726,0.0,0.0003994563303422183,0.0,0.0,0.0,0.12880900502204895,,,,,,,,,,,,,,,,
276,0.9281580448150635,-0.33353284001350403,0.004009675700217485,0.003985351882874966,2.023081833613105e-06,0.920137882232666,0.9201840758323669,0.0,0.0005459978128783405,0.0,0.0,0.0,0.12775519490242004,,,,,,,,,,,,,,,,
277,0.9282242059707642,-0.327176570892334,0.003857390722259879,0.0037900987081229687,2.2998005988483783e-06,0.9205465912818909,0.9206022024154663,0.0,0.00042643785127438605,0.0,0.0,0.0,0.1283426582813263,,,,,,,,,,,,,,,,
278,0.928245484828949,-0.32616111636161804,0.0038060143124312162,0.0037997993640601635,2.4004575607250445e-06,0.9206337332725525,0.9206407070159912,0.0,0.0004663731961045414,0.0,0.0,0.0,0.12797784805297852,,,,,,,,,,,,,,,,
279,0.9281346797943115,-0.3285923898220062,0.0037826739717274904,0.003790325252339244,8.557644264328701e-07,0.9205835461616516,0.9205381870269775,0.0,0.0003559422038961202,0.0,0.0,0.0,0.1278451681137085,,,,,,,,,,,,,,,,
280,0.9279980063438416,-0.33273741602897644,0.0039007242303341627,0.0038923374377191067,7.354856279562227e-07,0.9201981425285339,0.9202103018760681,0.0,0.00023464381229132414,0.0,0.0,0.0,0.1272614300251007,,,,,,,,,,,,,,,,
281,0.9282690286636353,-0.3356188237667084,0.0038302000612020493,0.0038244801107794046,2.3823074570827885e-06,0.920613706111908,0.9206103086471558,0.0,0.0004733577952720225,0.0,0.0,0.0,0.12695427238941193,,,,,,,,,,,,,,,,
282,0.9281286001205444,-0.3402506411075592,0.0037926905788481236,0.003830200992524624,1.525964080428821e-06,0.9205744862556458,0.9204338192939758,0.0,0.00029042692040093243,0.0,0.0,0.0,0.12668737769126892,,,,,,,,,,,,,,,,
283,0.9281581044197083,-0.33717942237854004,0.0038657095283269882,0.003889074781909585,9.375054332849686e-07,0.920409083366394,0.9203957915306091,0.0,0.00039424403803423047,0.0,0.0,0.0,0.1268366128206253,,,,,,,,,,,,,,,,
284,0.9281094670295715,-0.333343505859375,0.0038603285793215036,0.0038762353360652924,3.1379604479297996e-06,0.9203765988349915,0.9203628301620483,0.0,0.000431543099693954,0.0,0.0,0.0,0.12636461853981018,,,,,,,,,,,,,,,,
285,0.9280909895896912,-0.3339959979057312,0.0037870113737881184,0.00383732165209949,8.783498515185784e-07,0.9205103516578674,0.9204211831092834,0.0,0.0004171926702838391,0.0,0.0,0.0,0.12627755105495453,,,,,,,,,,,,,,,,
286,0.9281264543533325,-0.33866363763809204,0.0038657672703266144,0.0038607202004641294,2.5861747872113483e-06,0.9203932285308838,0.9204015135765076,0.0,0.0003662824456114322,0.0,0.0,0.0,0.126744344830513,,,,,,,,,,,,,,,,
287,0.9282349944114685,-0.345124214887619,0.003787312423810363,0.0037859559524804354,1.4621541595261078e-06,0.9206643104553223,0.920656144618988,0.0,0.0003494617703836411,0.0,0.0,0.0,0.126444473862648,,,,,,,,,,,,,,,,
288,0.9280577301979065,-0.34530746936798096,0.003709144424647093,0.0036883982829749584,2.9519896997953765e-06,0.9206494092941284,0.9206650257110596,0.0,0.0002290950797032565,0.0,0.0,0.0,0.12626871466636658,,,,,,,,,,,,,,,,
289,0.9281362891197205,-0.34115490317344666,0.003869309090077877,0.0038416350726038218,9.003693776321597e-06,0.920397937297821,0.920434832572937,0.0,0.00040800910210236907,0.0,0.0,0.0,0.1260056495666504,,,,,,,,,,,,,,,,
290,0.9280838966369629,-0.33832889795303345,0.0037509333342313766,0.0037270821630954742,3.556068577381666e-06,0.9205847382545471,0.9206198453903198,0.0,0.00034852541284635663,0.0,0.0,0.0,0.12598919868469238,,,,,,,,,,,,,,,,
291,0.92815101146698,-0.33989351987838745,0.003719402477145195,0.003760268446058035,3.4666024930629646e-06,0.9207401275634766,0.9205957055091858,0.0,0.0005547855398617685,0.0,0.0,0.0,0.12685495615005493,,,,,,,,,,,,,,,,
292,0.9280821084976196,-0.3444102108478546,0.003828303888440132,0.0038466867990791798,1.5050009096739814e-06,0.9204373955726624,0.9203739166259766,0.0,0.00044422948849387467,0.0,0.0,0.0,0.1260751485824585,,,,,,,,,,,,,,,,
293,0.9281594753265381,-0.34726548194885254,0.003720679320394993,0.003741790074855089,6.213314463821007e-06,0.9207175374031067,0.9206640124320984,0.0,0.00045219878666102886,0.0,0.0,0.0,0.12603023648262024,,,,,,,,,,,,,,,,
294,0.9280893802642822,-0.3474973142147064,0.00380530022084713,0.003853504778817296,1.5392639625133597e-06,0.9204861521720886,0.920371949672699,0.0,0.00039852847112342715,0.0,0.0,0.0,0.12665106356143951,,,,,,,,,,,,,,,,
295,0.9281171560287476,-0.34724441170692444,0.003919731825590134,0.003903438104316592,1.1398931292205816e-06,0.9203046560287476,0.9202810525894165,0.0,0.0005394848994910717,0.0,0.0,0.0,0.12632332742214203,,,,,,,,,,,,,,,,
296,0.9280688166618347,-0.34699541330337524,0.0038655565585941076,0.0038372923154383898,6.558747145390953e-07,0.9203644394874573,0.9203662276268005,0.0,0.0004163305275142193,0.0,0.0,0.0,0.12620411813259125,,,,,,,,,,,,,,,,
297,0.9280328154563904,-0.3501140773296356,0.003956551663577557,0.0039328825660049915,1.6035536418712582e-06,0.9201405644416809,0.9201429486274719,0.0,0.0003102789632976055,0.0,0.0,0.0,0.12628158926963806,,,,,,,,,,,,,,,,
298,0.9281076192855835,-0.35215598344802856,0.003909612074494362,0.003885014448314905,1.1279709042355535e-06,0.9202966094017029,0.9203271269798279,0.0,0.00038153387140482664,0.0,0.0,0.0,0.12665770947933197,,,,,,,,,,,,,,,,
299,0.9280417561531067,-0.3535741865634918,0.0038892615120857954,0.0038691535592079163,3.349482994963182e-06,0.9202688932418823,0.9202911257743835,0.0,0.00030746913398616016,0.0,0.0,0.0,0.1259836107492447,,,,,,,,,,,,,,,,
300,0.9280964732170105,-0.35145142674446106,0.003926687408238649,0.003914839122444391,2.1577013740170514e-06,0.9202629923820496,0.9202425479888916,0.0,0.00034668686566874385,0.0,0.0,0.0,0.12551644444465637,,,,,,,,,,,,,,,,
301,0.9280952215194702,-0.3511717915534973,0.003935920540243387,0.003912375308573246,2.8363290311972378e-06,0.9202353954315186,0.9202527403831482,0.0,0.00041475228499621153,0.0,0.0,0.0,0.12536412477493286,,,,,,,,,,,,,,,,
302,0.9279977083206177,-0.3503876328468323,0.00392754003405571,0.003882588353008032,2.7388114176574163e-06,0.9201200604438782,0.9202497005462646,0.0,0.0004014640289824456,0.0,0.0,0.0,0.12603558599948883,,,,,,,,,,,,,,,,
303,0.9280550479888916,-0.3556724190711975,0.003860791912302375,0.003845267929136753,1.3424878488876857e-06,0.920329213142395,0.9203660488128662,0.0,0.0002813317987602204,0.0,0.0,0.0,0.12568891048431396,,,,,,,,,,,,,,,,
304,0.9280581474304199,-0.35797759890556335,0.003858392359688878,0.003897658782079816,2.6697703106037807e-06,0.9203367233276367,0.9202621579170227,0.0,0.00048605556366965175,0.0,0.0,0.0,0.12569446861743927,,,,,,,,,,,,,,,,
305,0.928097128868103,-0.35883671045303345,0.003811658127233386,0.0038138634990900755,1.967356638488127e-06,0.9204907417297363,0.9204484820365906,0.0,0.0004391252587083727,0.0,0.0,0.0,0.1254482865333557,,,,,,,,,,,,,,,,
306,0.9281386733055115,-0.3580667972564697,0.0039035126101225615,0.0038704052567481995,7.374183610409091e-07,0.9203526973724365,0.9203752875328064,0.0,0.0004774328554049134,0.0,0.0,0.0,0.12584581971168518,,,,,,,,,,,,,,,,
307,0.9280312061309814,-0.3548658490180969,0.003920559771358967,0.003879229538142681,9.134896572504658e-07,0.9202376008033752,0.9202233552932739,0.0,0.00040483774500899017,0.0,0.0,0.0,0.12536655366420746,,,,,,,,,,,,,,,,
308,0.928188681602478,-0.3548095226287842,0.003809067653492093,0.003767348825931549,1.3863373169442639e-06,0.9205963015556335,0.9206255674362183,0.0,0.00038810784462839365,0.0,0.0,0.0,0.12460050731897354,,,,,,,,,,,,,,,,
309,0.9281582832336426,-0.3569810390472412,0.003856125520542264,0.0038254375103861094,2.1972543891024543e-06,0.9204792380332947,0.9204698204994202,0.0,0.00037705455906689167,0.0,0.0,0.0,0.12525910139083862,,,,,,,,,,,,,,,,
310,0.9281371235847473,-0.36238154768943787,0.0038765084464102983,0.003859977936372161,1.3513205203707912e-06,0.9203975200653076,0.9204010963439941,0.0,0.0003537053125910461,0.0,0.0,0.0,0.12473563104867935,,,,,,,,,,,,,,,,
311,0.9281604290008545,-0.3656191825866699,0.003845345228910446,0.003849923377856612,2.3234690615936415e-06,0.9204930067062378,0.9204326272010803,0.0,0.00030408898601308465,0.0,0.0,0.0,0.12501351535320282,,,,,,,,,,,,,,,,
312,0.9280298352241516,-0.36575064063072205,0.0038509154692292213,0.003892028471454978,1.1867466582771158e-06,0.920348048210144,0.9202232956886292,0.0,0.00027543530450202525,0.0,0.0,0.0,0.12481408566236496,,,,,,,,,,,,,,,,
313,0.9279281497001648,-0.3651851415634155,0.003798172576352954,0.0037582963705062866,1.3348185348149855e-06,0.9203595519065857,0.9203811287879944,0.0,0.0003305918362457305,0.0,0.0,0.0,0.12417540699243546,,,,,,,,,,,,,,,,
314,0.9280619025230408,-0.3625182509422302,0.0039051994681358337,0.0038848882541060448,1.313747020503797e-06,0.9202608466148376,0.9202801585197449,0.0,0.000401872064685449,0.0,0.0,0.0,0.12519466876983643,,,,,,,,,,,,,,,,
315,0.9279816150665283,-0.3645743727684021,0.0038215431850403547,0.003864656900987029,2.2281708424998214e-06,0.920322597026825,0.9202637672424316,0.0,0.0002215708082076162,0.0,0.0,0.0,0.12460256367921829,,,,,,,,,,,,,,,,
316,0.928028404712677,-0.36448583006858826,0.004029073286801577,0.003978877793997526,1.731055249365454e-06,0.920011043548584,0.920026421546936,0.0,0.0003103401977568865,0.0,0.0,0.0,0.12411502748727798,,,,,,,,,,,,,,,,
317,0.9281095862388611,-0.3684665262699127,0.0038817068561911583,0.0038697177078574896,2.187744485127041e-06,0.9203499555587769,0.9203619956970215,0.0,0.0003724195412360132,0.0,0.0,0.0,0.12419329583644867,,,,,,,,,,,,,,,,
318,0.9280552268028259,-0.36657634377479553,0.0039077093824744225,0.003913306165486574,3.221673523512436e-06,0.9202580451965332,0.9202038645744324,0.0,0.00032904717954806983,0.0,0.0,0.0,0.1249128207564354,,,,,,,,,,,,,,,,
319,0.9279707670211792,-0.36706459522247314,0.003931707236915827,0.0039076064713299274,1.0790787428049953e-06,0.9201127290725708,0.9201480746269226,0.0,0.00042503804434090853,0.0,0.0,0.0,0.1253730058670044,,,,,,,,,,,,,,,,
320,0.9281035661697388,-0.3685248792171478,0.003838527947664261,0.0038900990039110184,1.527823087599245e-06,0.9204242825508118,0.9203226566314697,0.0,0.00032556065707467496,0.0,0.0,0.0,0.12482854723930359,,,,,,,,,,,,,,,,
321,0.9280657768249512,-0.36944547295570374,0.0038823327049613,0.003905556397512555,3.850291250273585e-06,0.9203020334243774,0.9202460050582886,0.0,0.00041225942550227046,0.0,0.0,0.0,0.1242205947637558,,,,,,,,,,,,,,,,
322,0.9280561208724976,-0.3721814751625061,0.003948095254600048,0.003925032913684845,9.122487085733155e-07,0.9201785922050476,0.9201855659484863,0.0,0.0004543206887319684,0.0,0.0,0.0,0.12504254281520844,,,,,,,,,,,,,,,,
323,0.9280136823654175,-0.37229982018470764,0.003966209013015032,0.003937962930649519,2.9661446205864195e-06,0.9200763702392578,0.9201366901397705,0.0,0.0003642365336418152,0.0,0.0,0.0,0.12416191399097443,,,,,,,,,,,,,,,,
324,0.9280423521995544,-0.37145179510116577,0.0038800390902906656,0.003872654167935252,1.6427641185146058e-06,0.9203006029129028,0.9202754497528076,0.0,0.00044577420339919627,0.0,0.0,0.0,0.1244964599609375,,,,,,,,,,,,,,,,
325,0.9280151128768921,-0.37161701917648315,0.003803318366408348,0.003807877656072378,4.627288035408128e-06,0.9203969240188599,0.9204016327857971,0.0,0.0002913404314313084,0.0,0.0,0.0,0.12347126007080078,,,,,,,,,,,,,,,,
326,0.9279924631118774,-0.37278077006340027,0.0037424901966005564,0.003726583207026124,3.596923306758981e-06,0.9205114245414734,0.9205281138420105,0.0,0.0003891222004313022,0.0,0.0,0.0,0.1239766851067543,,,,,,,,,,,,,,,,
327,0.9281020164489746,-0.37614133954048157,0.003739413572475314,0.0037363676819950342,1.2591688118845923e-06,0.92061847448349,0.9206314086914062,0.0,0.0003376141539774835,0.0,0.0,0.0,0.12400994449853897,,,,,,,,,,,,,,,,
328,0.9280190467834473,-0.37819308042526245,0.0037877082359045744,0.0038254656828939915,1.03355205283151e-06,0.9204510450363159,0.9203586578369141,0.0,0.00044056092156097293,0.0,0.0,0.0,0.12353072315454483,,,,,,,,,,,,,,,,
329,0.927950918674469,-0.37631645798683167,0.003890338819473982,0.003899346338585019,9.48559318203479e-07,0.9201807379722595,0.9201399087905884,0.0,0.0004615192592609674,0.0,0.0,0.0,0.12383811920881271,,,,,,,,,,,,,,,,
330,0.9280388951301575,-0.37660378217697144,0.00388048542663455,0.0038686192128807306,3.358903541084146e-06,0.9203076362609863,0.9202651381492615,0.0,0.000379153381800279,0.0,0.0,0.0,0.12436012923717499,,,,,,,,,,,,,,,,
331,0.9279823303222656,-0.37682273983955383,0.0037536572199314833,0.003785804146900773,1.5961592225721688e-06,0.9204663038253784,0.9204162955284119,0.0,0.0003220497164875269,0.0,0.0,0.0,0.12465009093284607,,,,,,,,,,,,,,,,
332,0.9279652237892151,-0.3801990747451782,0.003842341946437955,0.0038281134329736233,1.9270830762252444e-06,0.9202972650527954,0.9202885031700134,0.0,0.0002508175966795534,0.0,0.0,0.0,0.12400389462709427,,,,,,,,,,,,,,,,
333,0.9281439781188965,-0.3818672001361847,0.0037800034042447805,0.003774023614823818,5.290721219353145e-06,0.9205721020698547,0.9205973148345947,0.0,0.0003209796268492937,0.0,0.0,0.0,0.12499909847974777,,,,,,,,,,,,,,,,
334,0.9281184673309326,-0.38391512632369995,0.003937052562832832,0.00401495723053813,1.2147730785727617e-06,0.920264720916748,0.9200657606124878,0.0,0.000409241154557094,0.0,0.0,0.0,0.12542743980884552,,,,,,,,,,,,,,,,
335,0.9280179738998413,-0.3794514834880829,0.0038954520132392645,0.003943321295082569,1.1374891073501203e-06,0.9202255010604858,0.9201305508613586,0.0,0.00032543574343435466,0.0,0.0,0.0,0.12450341135263443,,,,,,,,,,,,,,,,
336,0.9281127452850342,-0.3782295286655426,0.003947835881263018,0.003925567492842674,1.4550720379702398e-06,0.9202459454536438,0.9202298521995544,0.0,0.0003372021019458771,0.0,0.0,0.0,0.12458192557096481,,,,,,,,,,,,,,,,
337,0.9280475974082947,-0.3810097277164459,0.003956368658691645,0.003957073669880629,1.972973905139952e-06,0.920137882232666,0.9201264381408691,0.0,0.00045178027357906103,0.0,0.0,0.0,0.12400888651609421,,,,,,,,,,,,,,,,
338,0.9280333518981934,-0.3863537013530731,0.0039001370314508677,0.0038564070127904415,4.587984676618362e-06,0.9202463626861572,0.9202980399131775,0.0,0.000296859594527632,0.0,0.0,0.0,0.12360534816980362,,,,,,,,,,,,,,,,
339,0.9281259179115295,-0.3869210481643677,0.00394322257488966,0.003948941361159086,1.9257934127381304e-06,0.9202568531036377,0.9202068448066711,0.0,0.00032398494658991694,0.0,0.0,0.0,0.12351104617118835,,,,,,,,,,,,,,,,
340,0.9282488226890564,-0.3859536051750183,0.003962219227105379,0.0038964098785072565,1.3659931710208184e-06,0.92033851146698,0.9204391241073608,0.0,0.0003323728742543608,0.0,0.0,0.0,0.12338729947805405,,,,,,,,,,,,,,,,
341,0.9278861284255981,-0.385652631521225,0.0038849192205816507,0.0039213052950799465,9.223269330504991e-07,0.9201151728630066,0.9200427532196045,0.0,0.00038104254053905606,0.0,0.0,0.0,0.12377950549125671,,,,,,,,,,,,,,,,
342,0.9281874895095825,-0.38796815276145935,0.004086698405444622,0.00410274975001812,9.318100637756288e-07,0.9200358986854553,0.919958233833313,0.0,0.0004706856270786375,0.0,0.0,0.0,0.12372533231973648,,,,,,,,,,,,,,,,
343,0.9280160665512085,-0.39059197902679443,0.003951895982027054,0.003944457042962313,5.606307240668684e-07,0.9201310276985168,0.920107364654541,0.0,0.00036386511055752635,0.0,0.0,0.0,0.12389326840639114,,,,,,,,,,,,,,,,
344,0.9280192852020264,-0.39318832755088806,0.003920671995729208,0.003933316562324762,2.881836508095148e-06,0.9202098250389099,0.9201149940490723,0.0,0.0003474146651569754,0.0,0.0,0.0,0.1248418465256691,,,,,,,,,,,,,,,,
345,0.9280648827552795,-0.39169254899024963,0.003954441752284765,0.003969194833189249,2.5784224817471113e-06,0.9201793670654297,0.9200979471206665,0.0,0.000501602771691978,0.0,0.0,0.0,0.12295567989349365,,,,,,,,,,,,,,,,
346,0.9280096292495728,-0.3885664939880371,0.003864445723593235,0.003892321838065982,1.7223065924554248e-06,0.920285165309906,0.9202170372009277,0.0,0.0003660398069769144,0.0,0.0,0.0,0.12363388389348984,,,,,,,,,,,,,,,,
347,0.9279903173446655,-0.3861304819583893,0.0037963660433888435,0.003773636184632778,1.3246649359643925e-06,0.9204395413398743,0.9203983545303345,0.0,0.0003174616431351751,0.0,0.0,0.0,0.12370860576629639,,,,,,,,,,,,,,,,
348,0.9281445145606995,-0.3914063274860382,0.0038538032677024603,0.003836969379335642,9.309809456681251e-07,0.9204776287078857,0.9204280376434326,0.0,0.0003119854081887752,0.0,0.0,0.0,0.12321533262729645,,,,,,,,,,,,,,,,
349,0.9280303716659546,-0.3968381881713867,0.0038783601485192776,0.0038492674939334393,1.460924863749824e-06,0.9202859997749329,0.9203165173530579,0.0,0.0003776899538934231,0.0,0.0,0.0,0.12294941395521164,,,,,,,,,,,,,,,,
350,0.9279686212539673,-0.40077894926071167,0.003909507300704718,0.0038793054409325123,1.9755379980779253e-06,0.9201861619949341,0.9201694130897522,0.0,0.0004219959955662489,0.0,0.0,0.0,0.12337346374988556,,,,,,,,,,,,,,,,
351,0.9282263517379761,-0.3979111611843109,0.003907693084329367,0.0038915083277970552,1.07783455405297e-06,0.9204302430152893,0.9204218983650208,0.0,0.0004236275563016534,0.0,0.0,0.0,0.12407734990119934,,,,,,,,,,,,,,,,
352,0.9278972148895264,-0.39478373527526855,0.0038799273315817118,0.0038792132399976254,3.528641627781326e-06,0.9201478958129883,0.9201211333274841,0.0,0.00037177588092163205,0.0,0.0,0.0,0.12348417937755585,,,,,,,,,,,,,,,,
353,0.9279929995536804,-0.3921820819377899,0.003927921410650015,0.0038808153476566076,1.3438203723126207e-06,0.920134961605072,0.9202309250831604,0.0,0.0002955397649202496,0.0,0.0,0.0,0.12316779792308807,,,,,,,,,,,,,,,,
354,0.9281100630760193,-0.3988489806652069,0.003990793600678444,0.0039799027144908905,3.135061206194223e-06,0.9201324582099915,0.9201399683952332,0.0,0.00035419658524915576,0.0,0.0,0.0,0.12309188395738602,,,,,,,,,,,,,,,,
355,0.9280121326446533,-0.4024529755115509,0.003967100754380226,0.003971266560256481,1.3385989632297424e-06,0.9201157689094543,0.9200291037559509,0.0,0.0002824895491357893,0.0,0.0,0.0,0.12373179197311401,,,,,,,,,,,,,,,,
356,0.9280413389205933,-0.40301042795181274,0.00393558107316494,0.0039052797947078943,3.094258545388584e-06,0.920193612575531,0.9202011227607727,0.0,0.0004287323681637645,0.0,0.0,0.0,0.12333788722753525,,,,,,,,,,,,,,,,
357,0.927994430065155,-0.3996446430683136,0.003925217315554619,0.003953463863581419,1.1105953490186948e-06,0.9201363325119019,0.9200929403305054,0.0,0.000362915190635249,0.0,0.0,0.0,0.12358289957046509,,,,,,,,,,,,,,,,
358,0.9279625415802002,-0.39776331186294556,0.0039359452202916145,0.0038891457952558994,4.780322342412546e-07,0.9200970530509949,0.9201769232749939,0.0,0.0003603121149353683,0.0,0.0,0.0,0.12360013276338577,,,,,,,,,,,,,,,,
359,0.9281359314918518,-0.3999938666820526,0.003867265535518527,0.003858485957607627,4.796065695700236e-07,0.9204011559486389,0.9204181432723999,0.0,0.0003279074444435537,0.0,0.0,0.0,0.12374695390462875,,,,,,,,,,,,,,,,
360,0.9281061887741089,-0.40709584951400757,0.00400122394785285,0.00391425983980298,1.5675012718929793e-06,0.9201353192329407,0.9202429056167603,0.0,0.0003064650809392333,0.0,0.0,0.0,0.12379907071590424,,,,,,,,,,,,,,,,
361,0.9280890226364136,-0.4099779427051544,0.003885153215378523,0.003849704982712865,2.277934299854678e-06,0.9203301668167114,0.9203735589981079,0.0,0.00037149875424802303,0.0,0.0,0.0,0.12315084785223007,,,,,,,,,,,,,,,,
362,0.9281255006790161,-0.40716028213500977,0.004039256367832422,0.004030447453260422,3.898354634657153e-07,0.9200369119644165,0.9200738668441772,0.0,0.0003727814182639122,0.0,0.0,0.0,0.12306960672140121,,,,,,,,,,,,,,,,
363,0.9280053973197937,-0.40075698494911194,0.00384001643396914,0.0038547441363334656,3.909603378815518e-07,0.9203310012817383,0.9202895760536194,0.0,0.00035141941043548286,0.0,0.0,0.0,0.12304224818944931,,,,,,,,,,,,,,,,
364,0.9280880689620972,-0.3991301953792572,0.0037879375740885735,0.00378978718072176,1.7302612604908063e-06,0.920495867729187,0.9205214381217957,0.0,0.00034830658114515245,0.0,0.0,0.0,0.12321555614471436,,,,,,,,,,,,,,,,
365,0.9279836416244507,-0.4067443907260895,0.0037501719780266285,0.003717964980751276,4.504829576035263e-07,0.9205161929130554,0.920513927936554,0.0,0.00029129942413419485,0.0,0.0,0.0,0.1226854994893074,,,,,,,,,,,,,,,,
366,0.9280092716217041,-0.4104851484298706,0.003897649236023426,0.003929032012820244,1.9164856439601863e-06,0.920221745967865,0.9201395511627197,0.0,0.00035406294045969844,0.0,0.0,0.0,0.12287397682666779,,,,,,,,,,,,,,,,
367,0.9280205368995667,-0.41051679849624634,0.003964255563914776,0.003964803647249937,3.555020612111548e-06,0.9201013445854187,0.9200745820999146,0.0,0.00027290653088130057,0.0,0.0,0.0,0.1230154037475586,,,,,,,,,,,,,,,,
368,0.9281116127967834,-0.4096403121948242,0.003901152638718486,0.0039504338055849075,1.8479918253433425e-06,0.9202986359596252,0.920217752456665,0.0,0.0002941412676591426,0.0,0.0,0.0,0.12230879068374634,,,,,,,,,,,,,,,,
369,0.9279162883758545,-0.4092268645763397,0.003987452015280724,0.004013581667095423,1.5115856513148174e-06,0.9199562072753906,0.9198713898658752,0.0,0.0003402229631319642,0.0,0.0,0.0,0.122019462287426,,,,,,,,,,,,,,,,
370,0.9280564188957214,-0.40882086753845215,0.003982894588261843,0.003961112350225449,1.1420257806094014e-06,0.9201059937477112,0.9201166033744812,0.0,0.0003052694955840707,0.0,0.0,0.0,0.12207009643316269,,,,,,,,,,,,,,,,
371,0.9280454516410828,-0.41375666856765747,0.00395098514854908,0.003983277827501297,7.288823553608381e-07,0.920153021812439,0.9200679659843445,0.0,0.00027693191077560186,0.0,0.0,0.0,0.12246488779783249,,,,,,,,,,,,,,,,
372,0.9280442595481873,-0.4155176877975464,0.003927979618310928,0.003912815824151039,7.533951702498598e-06,0.9201787710189819,0.9202130436897278,0.0,0.0003007848863489926,0.0,0.0,0.0,0.1228216364979744,,,,,,,,,,,,,,,,
373,0.928022563457489,-0.41509732604026794,0.004027489107102156,0.0040077087469398975,9.996152812163928e-07,0.919978678226471,0.9199941158294678,0.0,0.00034798585693351924,0.0,0.0,0.0,0.12171830981969833,,,,,,,,,,,,,,,,
374,0.9280853271484375,-0.41156795620918274,0.003924304619431496,0.0038813455030322075,1.137679532803304e-06,0.9202707409858704,0.9202864170074463,0.0,0.0003342492273077369,0.0,0.0,0.0,0.12170403450727463,,,,,,,,,,,,,,,,
375,0.9279662370681763,-0.411915123462677,0.003892068052664399,0.0038755761925131083,2.2051226551411673e-06,0.9201801419258118,0.9202126860618591,0.0,0.0003207104164175689,0.0,0.0,0.0,0.12122227251529694,,,,,,,,,,,,,,,,
376,0.9280268549919128,-0.4155328869819641,0.003922219853848219,0.003966412506997585,8.96028439001384e-07,0.9202123880386353,0.9200623035430908,0.0,0.00037661276292055845,0.0,0.0,0.0,0.12177284806966782,,,,,,,,,,,,,,,,
377,0.9280697107315063,-0.4192394018173218,0.003940725699067116,0.004013648256659508,2.966823558381293e-06,0.9201714396476746,0.9200533032417297,0.0,0.0002647506771609187,0.0,0.0,0.0,0.12179888784885406,,,,,,,,,,,,,,,,
378,0.92802894115448,-0.419294536113739,0.0039823586121201515,0.003971089143306017,8.168415206455393e-07,0.9200944900512695,0.9200548529624939,0.0,0.00033856279333122075,0.0,0.0,0.0,0.122008316218853,,,,,,,,,,,,,,,,
379,0.9279634952545166,-0.4182938039302826,0.003929561004042625,0.003966709598898888,7.22273966857756e-07,0.9201000332832336,0.9200329780578613,0.0,0.00038006604881957173,0.0,0.0,0.0,0.1222224310040474,,,,,,,,,,,,,,,,
380,0.9279909133911133,-0.4178735613822937,0.0039428770542144775,0.003938829060643911,2.4016640054469462e-06,0.9201189279556274,0.9200947284698486,0.0,0.0003670630685519427,0.0,0.0,0.0,0.12275265157222748,,,,,,,,,,,,,,,,
381,0.9279692769050598,-0.42231452465057373,0.0038795776199549437,0.00392571184784174,6.076826366552268e-07,0.9202194213867188,0.920107364654541,0.0,0.00035122784902341664,0.0,0.0,0.0,0.12204211205244064,,,,,,,,,,,,,,,,
382,0.9279844760894775,-0.4226512312889099,0.0038384348154067993,0.003855160204693675,2.369714366068365e-06,0.9203299283981323,0.9202470779418945,0.0,0.00040266907308250666,0.0,0.0,0.0,0.12229444086551666,,,,,,,,,,,,,,,,
383,0.9280339479446411,-0.4215196669101715,0.0038729291409254074,0.003871972905471921,6.93686047270603e-07,0.9203000068664551,0.9202766418457031,0.0,0.0004310054937377572,0.0,0.0,0.0,0.1226222887635231,,,,,,,,,,,,,,,,
384,0.9278687238693237,-0.42125779390335083,0.003842061385512352,0.003888605162501335,1.0475446288182866e-06,0.9201807975769043,0.9200931787490845,0.0,0.00030748354038223624,0.0,0.0,0.0,0.12226355820894241,,,,,,,,,,,,,,,,
385,0.9279288649559021,-0.4224450886249542,0.003956907894462347,0.003974801395088434,6.281816240516491e-07,0.920007586479187,0.9199854135513306,0.0,0.0002843335969373584,0.0,0.0,0.0,0.12216221541166306,,,,,,,,,,,,,,,,
386,0.9280188083648682,-0.42890629172325134,0.003936331253498793,0.0039014106150716543,1.0038654636446154e-06,0.9201793074607849,0.9201807975769043,0.0,0.0003893484245054424,0.0,0.0,0.0,0.1221611276268959,,,,,,,,,,,,,,,,
387,0.927929699420929,-0.42879828810691833,0.0038796262815594673,0.0038956128992140293,2.0422551187948557e-06,0.9201796054840088,0.9201253056526184,0.0,0.00024777709040790796,0.0,0.0,0.0,0.12184051424264908,,,,,,,,,,,,,,,,
388,0.9280343651771545,-0.4287985861301422,0.003998284228146076,0.003962530754506588,8.646904348097451e-07,0.9200469255447388,0.9200984835624695,0.0,0.00040808235644362867,0.0,0.0,0.0,0.12145722657442093,,,,,,,,,,,,,,,,
389,0.9280775785446167,-0.42755556106567383,0.003974531777203083,0.003970691468566656,9.088177534977149e-07,0.9201149344444275,0.9201478958129883,0.0,0.0001611988409422338,0.0,0.0,0.0,0.1221083477139473,,,,,,,,,,,,,,,,
390,0.9279384016990662,-0.4253550171852112,0.00382229033857584,0.003810021560639143,4.802439548257098e-07,0.9202935099601746,0.9203177094459534,0.0,0.00034301355481147766,0.0,0.0,0.0,0.12181274592876434,,,,,,,,,,,,,,,,
391,0.928051233291626,-0.42787250876426697,0.0038872482255101204,0.003889541607350111,2.435691612845403e-06,0.9202861189842224,0.9202578663825989,0.0,0.00025491282576695085,0.0,0.0,0.0,0.12109918147325516,,,,,,,,,,,,,,,,
392,0.9280038475990295,-0.4347023367881775,0.003951303660869598,0.003942455630749464,9.446632702747593e-07,0.9201416373252869,0.9200766682624817,0.0,0.0003014903049916029,0.0,0.0,0.0,0.12184496223926544,,,,,,,,,,,,,,,,
393,0.9279948472976685,-0.4350295960903168,0.003970228135585785,0.00397472083568573,1.5479192825296195e-06,0.9200647473335266,0.9200319647789001,0.0,0.0003531604306772351,0.0,0.0,0.0,0.12128496915102005,,,,,,,,,,,,,,,,
394,0.9280318021774292,-0.43188998103141785,0.0039970590732991695,0.004023788496851921,2.5928970899258275e-06,0.9200137257575989,0.9200029969215393,0.0,0.00034081866033375263,0.0,0.0,0.0,0.12083151191473007,,,,,,,,,,,,,,,,
395,0.9280189275741577,-0.4289589822292328,0.0039613875560462475,0.003942075185477734,1.0799827805385576e-06,0.9200917482376099,0.9201369881629944,0.0,0.0003292457840871066,0.0,0.0,0.0,0.12086864560842514,,,,,,,,,,,,,,,,
396,0.9280262589454651,-0.4296991229057312,0.00398918054997921,0.003973336890339851,7.298124273802387e-07,0.9200422167778015,0.9200838208198547,0.0,0.00024283592938445508,0.0,0.0,0.0,0.12084661424160004,,,,,,,,,,,,,,,,
397,0.9280012249946594,-0.433749258518219,0.003986434545367956,0.0039252424612641335,9.640456255510799e-07,0.9200222492218018,0.9201549291610718,0.0,0.00035520957317203283,0.0,0.0,0.0,0.12105730175971985,,,,,,,,,,,,,,,,
398,0.9280076026916504,-0.4369455575942993,0.004042403772473335,0.004008031915873289,1.264421143787331e-06,0.9199333786964417,0.9199784398078918,0.0,0.00030169941601343453,0.0,0.0,0.0,0.1216459646821022,,,,,,,,,,,,,,,,
399,0.9280557632446289,-0.43801772594451904,0.0039590043015778065,0.003956271335482597,1.2430207618763234e-07,0.9201114177703857,0.9201694130897522,0.0,0.0003457909042481333,0.0,0.0,0.0,0.12073448300361633,,,,,,,,,,,,,,,,
400,0.9280398488044739,-0.43547290563583374,0.004019577521830797,0.00405537523329258,4.4368150042828347e-07,0.920007586479187,0.919921338558197,0.0,0.00030450953636318445,0.0,0.0,0.0,0.12157735973596573,,,,,,,,,,,,,,,,
401,0.92792809009552,-0.4339941442012787,0.00396630447357893,0.003941044677048922,1.5961054486979265e-06,0.9200148582458496,0.9200234413146973,0.0,0.00022438715677708387,0.0,0.0,0.0,0.12230336666107178,,,,,,,,,,,,,,,,
402,0.9279574751853943,-0.4361822307109833,0.003931016195565462,0.003950365353375673,4.1346720536239445e-06,0.9201208353042603,0.9200231432914734,0.0,0.000310977891786024,0.0,0.0,0.0,0.1216406300663948,,,,,,,,,,,,,,,,
403,0.9280336499214172,-0.43878453969955444,0.003786808578297496,0.003754518460482359,7.909716259746347e-07,0.9204714894294739,0.9205115437507629,0.0,0.00027820488321594894,0.0,0.0,0.0,0.1211026981472969,,,,,,,,,,,,,,,,
404,0.9280602931976318,-0.440184623003006,0.0038767417427152395,0.0038956222124397755,3.0596726219300763e-07,0.9203129410743713,0.9202622175216675,0.0,0.0003380227426532656,0.0,0.0,0.0,0.12065516412258148,,,,,,,,,,,,,,,,
405,0.9280508160591125,-0.4370013177394867,0.003892712527886033,0.0038603772409260273,3.072085803523805e-07,0.9203026294708252,0.9202922582626343,0.0,0.00036009587347507477,0.0,0.0,0.0,0.12129298597574234,,,,,,,,,,,,,,,,
406,0.927992582321167,-0.4368230998516083,0.0038879183121025562,0.003899108385667205,6.242186714189302e-07,0.920204758644104,0.9202051162719727,0.0,0.0003378048131708056,0.0,0.0,0.0,0.12149865925312042,,,,,,,,,,,,,,,,
407,0.9279836416244507,-0.43779754638671875,0.0038626387249678373,0.0038528533186763525,1.40285874294932e-06,0.9202812314033508,0.92025226354599,0.0,0.00029843449010513723,0.0,0.0,0.0,0.12151085585355759,,,,,,,,,,,,,,,,
408,0.9280908703804016,-0.4440310597419739,0.003904693527147174,0.003947511315345764,1.2461363212423748e-06,0.9202689528465271,0.9202058911323547,0.0,0.000282352848444134,0.0,0.0,0.0,0.1218813881278038,,,,,,,,,,,,,,,,
409,0.9279959201812744,-0.44630977511405945,0.003919538576155901,0.003949518781155348,4.5182275698607555e-07,0.9201528429985046,0.9201000928878784,0.0,0.00023967406013980508,0.0,0.0,0.0,0.12107373774051666,,,,,,,,,,,,,,,,
410,0.928013801574707,-0.44738999009132385,0.003964590840041637,0.003941352479159832,1.9408851130719995e-06,0.9201179146766663,0.9200940132141113,0.0,0.0003721780958585441,0.0,0.0,0.0,0.1206100583076477,,,,,,,,,,,,,,,,
411,0.9280107021331787,-0.44632357358932495,0.004028218798339367,0.0040006511844694614,5.942679308645893e-07,0.919956624507904,0.9200057983398438,0.0,0.00033695632009766996,0.0,0.0,0.0,0.12136226892471313,,,,,,,,,,,,,,,,
412,0.9280059933662415,-0.44547590613365173,0.003898989176377654,0.003937045577913523,8.403281981372857e-07,0.9201975464820862,0.9201407432556152,0.0,0.0003345402656123042,0.0,0.0,0.0,0.12070111185312271,,,,,,,,,,,,,,,,
413,0.9280250668525696,-0.4472200572490692,0.003993520978838205,0.003955812193453312,4.937253947900899e-07,0.9200319051742554,0.9201185703277588,0.0,0.0002980802673846483,0.0,0.0,0.0,0.12096257507801056,,,,,,,,,,,,,,,,
414,0.9280519485473633,-0.44940972328186035,0.004031340591609478,0.0039739892818033695,2.222066996182548e-06,0.9200249910354614,0.920063853263855,0.0,0.00031442102044820786,0.0,0.0,0.0,0.12099806219339371,,,,,,,,,,,,,,,,
415,0.9279900193214417,-0.4512426555156708,0.003946344833821058,0.003925999626517296,1.1494345244500437e-06,0.9201180934906006,0.9201149940490723,0.0,0.00033016863744705915,0.0,0.0,0.0,0.12139938771724701,,,,,,,,,,,,,,,,
416,0.9279219508171082,-0.4483485519886017,0.004002187866717577,0.003980577923357487,2.6364521090727067e-06,0.9199342727661133,0.9199387431144714,0.0,0.00017318327445536852,0.0,0.0,0.0,0.12172871083021164,,,,,,,,,,,,,,,,
417,0.9280308485031128,-0.44788244366645813,0.0039029184263199568,0.00393535103648901,5.892782724004064e-07,0.9202440977096558,0.9201399683952332,0.0,0.0003620577044785023,0.0,0.0,0.0,0.12141083180904388,,,,,,,,,,,,,,,,
418,0.9279701709747314,-0.4501984119415283,0.003993253223598003,0.00397164560854435,6.89906869411061e-07,0.9200159311294556,0.9199932217597961,0.0,0.000278413383057341,0.0,0.0,0.0,0.12111622095108032,,,,,,,,,,,,,,,,
419,0.9280516505241394,-0.4531553387641907,0.003980564884841442,0.00401405431330204,1.0124836080649402e-06,0.9201061725616455,0.9200059175491333,0.0,0.0004241245042067021,0.0,0.0,0.0,0.12146910279989243,,,,,,,,,,,,,,,,
420,0.9280800223350525,-0.45514383912086487,0.004023686051368713,0.003985532559454441,1.4598224424844375e-06,0.9200484156608582,0.9200901985168457,0.0,0.0003914818516932428,0.0,0.0,0.0,0.12195821106433868,,,,,,,,,,,,,,,,
421,0.9280598163604736,-0.45219531655311584,0.0039952341467142105,0.0040053511038422585,8.72655107286846e-07,0.9200964570045471,0.9200202226638794,0.0,0.0004029572301078588,0.0,0.0,0.0,0.12208166718482971,,,,,,,,,,,,,,,,
422,0.9279610514640808,-0.45097288489341736,0.003939999267458916,0.003901899326592684,1.4237423329177545e-06,0.9201104044914246,0.9201250672340393,0.0,0.00031054342980496585,0.0,0.0,0.0,0.12217459827661514,,,,,,,,,,,,,,,,
423,0.9280197024345398,-0.45214083790779114,0.003960047382861376,0.003927870187908411,1.5838317324323725e-07,0.9201139807701111,0.9201492667198181,0.0,0.00022329551575239748,0.0,0.0,0.0,0.12137304246425629,,,,,,,,,,,,,,,,
424,0.9281229972839355,-0.45683854818344116,0.0038945877458900213,0.003876294707879424,8.748938284952601e-07,0.9203486442565918,0.920353889465332,0.0,0.00022596157214138657,0.0,0.0,0.0,0.12120968103408813,,,,,,,,,,,,,,,,
425,0.9279939532279968,-0.45881322026252747,0.003969888668507338,0.0039936513639986515,4.332806611273554e-07,0.9200483560562134,0.9200116991996765,0.0,0.0002987553598359227,0.0,0.0,0.0,0.12116874009370804,,,,,,,,,,,,,,,,
426,0.9280648231506348,-0.45744550228118896,0.003989239688962698,0.003924724645912647,7.108656632226484e-07,0.9201212525367737,0.9201791286468506,0.0,0.0002945636515505612,0.0,0.0,0.0,0.12115401774644852,,,,,,,,,,,,,,,,
427,0.9280529022216797,-0.4563261568546295,0.003939542453736067,0.003900771262124181,3.982688951964519e-07,0.9202223420143127,0.9202020764350891,0.0,0.0002809774596244097,0.0,0.0,0.0,0.1208491399884224,,,,,,,,,,,,,,,,
428,0.9279477596282959,-0.4576109051704407,0.0038989034947007895,0.0038670008070766926,5.836996592734067e-07,0.9201865196228027,0.9201759696006775,0.0,0.00046776357339695096,0.0,0.0,0.0,0.12071643024682999,,,,,,,,,,,,,,,,
429,0.9280680418014526,-0.4558276832103729,0.003887029830366373,0.003933705855160952,2.039515948126791e-06,0.920318603515625,0.9201719760894775,0.0,0.00029068157891742885,0.0,0.0,0.0,0.12020528316497803,,,,,,,,,,,,,,,,
430,0.928123950958252,-0.4601377844810486,0.003965022042393684,0.003985520917922258,1.7785513364287908e-06,0.9202094078063965,0.9201337695121765,0.0,0.00029042502865195274,0.0,0.0,0.0,0.12004519253969193,,,,,,,,,,,,,,,,
431,0.9279571175575256,-0.4637210965156555,0.003926833160221577,0.0039633591659367085,3.1571079261993873e-07,0.9201245307922363,0.9200087189674377,0.0,0.000295801495667547,0.0,0.0,0.0,0.11996183544397354,,,,,,,,,,,,,,,,
432,0.9280620813369751,-0.4643719792366028,0.003966228570789099,0.003976940643042326,2.4598432446509833e-06,0.9201634526252747,0.9200693368911743,0.0,0.00027470284840092063,0.0,0.0,0.0,0.11995762586593628,,,,,,,,,,,,,,,,
433,0.9280628561973572,-0.4616274833679199,0.003988725133240223,0.003923855721950531,2.13726320907881e-06,0.9201028943061829,0.9201934337615967,0.0,0.00022513020667247474,0.0,0.0,0.0,0.12114010006189346,,,,,,,,,,,,,,,,
434,0.9279667735099792,-0.45897045731544495,0.004143284168094397,0.004129699431359768,6.311368565548037e-07,0.9197028279304504,0.9196835160255432,0.0,0.00020689239318016917,0.0,0.0,0.0,0.12078980356454849,,,,,,,,,,,,,,,,
435,0.9279496669769287,-0.4644954204559326,0.003963635768741369,0.003952425438910723,6.940940693311859e-07,0.9200212359428406,0.9200446009635925,0.0,0.00037262128898873925,0.0,0.0,0.0,0.12018135190010071,,,,,,,,,,,,,,,,
436,0.9278445839881897,-0.4669499397277832,0.003958062268793583,0.003928437363356352,6.613284995182767e-07,0.919920802116394,0.9199939370155334,0.0,0.0002742040087468922,0.0,0.0,0.0,0.12060587108135223,,,,,,,,,,,,,,,,
437,0.9280104637145996,-0.4672251343727112,0.004067168105393648,0.004024073015898466,5.501942155206052e-07,0.919896125793457,0.9199411869049072,0.0,0.0002565418544691056,0.0,0.0,0.0,0.12079489231109619,,,,,,,,,,,,,,,,
438,0.9279745817184448,-0.4655500650405884,0.004001392517238855,0.0039842259138822556,1.1526292382768588e-06,0.9199863076210022,0.9199893474578857,0.0,0.00038486902485601604,0.0,0.0,0.0,0.12050366401672363,,,,,,,,,,,,,,,,
439,0.9280114769935608,-0.46710002422332764,0.003954318352043629,0.003956714179366827,1.4353995538840536e-06,0.9200797080993652,0.9201182723045349,0.0,0.00026008152053691447,0.0,0.0,0.0,0.12020641565322876,,,,,,,,,,,,,,,,
440,0.9281719326972961,-0.4671103358268738,0.0038852279540151358,0.0038593776989728212,3.32888419052324e-07,0.920422375202179,0.9204315543174744,0.0,0.00014482359983958304,0.0,0.0,0.0,0.12025784701108932,,,,,,,,,,,,,,,,
441,0.927973210811615,-0.4704618453979492,0.003918640315532684,0.003949790261685848,8.654772045701975e-07,0.9201329946517944,0.9200748801231384,0.0,0.00031292979838326573,0.0,0.0,0.0,0.12011560797691345,,,,,,,,,,,,,,,,
442,0.928056001663208,-0.47103333473205566,0.00399106414988637,0.00403617974370718,3.2515828252144274e-07,0.9201024174690247,0.9199544191360474,0.0,0.00019427863298915327,0.0,0.0,0.0,0.11965807527303696,,,,,,,,,,,,,,,,
443,0.9280011653900146,-0.4731394946575165,0.0039775860495865345,0.003968837205320597,1.8098694454238284e-06,0.9200342893600464,0.9200716018676758,0.0,0.0003268623840995133,0.0,0.0,0.0,0.11968469619750977,,,,,,,,,,,,,,,,
444,0.9280325770378113,-0.4695192277431488,0.003917751833796501,0.003915133886039257,1.013112978398567e-06,0.920200765132904,0.9201966524124146,0.0,0.00033894923399202526,0.0,0.0,0.0,0.11976966261863708,,,,,,,,,,,,,,,,
445,0.9280307292938232,-0.4701535701751709,0.003891445230692625,0.0039024814032018185,3.4982267038685677e-07,0.9202367663383484,0.9202361702919006,0.0,0.00029264442855492234,0.0,0.0,0.0,0.1201908215880394,,,,,,,,,,,,,,,,
446,0.9280387163162231,-0.47170042991638184,0.003925187513232231,0.003966720309108496,7.953784688652377e-07,0.9201862812042236,0.9201056361198425,0.0,0.00032155049848370254,0.0,0.0,0.0,0.12016172707080841,,,,,,,,,,,,,,,,
447,0.9279908537864685,-0.4734779894351959,0.003982188645750284,0.003982227761298418,1.206091610583826e-06,0.9200294017791748,0.9200210571289062,0.0,0.0003801447746809572,0.0,0.0,0.0,0.12056365609169006,,,,,,,,,,,,,,,,
448,0.9280797243118286,-0.47379717230796814,0.003970720339566469,0.003998828120529652,5.197348968977167e-07,0.9201361536979675,0.9200831055641174,0.0,0.0002940356498584151,0.0,0.0,0.0,0.12051305919885635,,,,,,,,,,,,,,,,
449,0.9280979633331299,-0.474132776260376,0.0039252666756510735,0.0039269765838980675,2.6660316052584676e-06,0.9202640056610107,0.9202221035957336,0.0,0.00036940397694706917,0.0,0.0,0.0,0.12075668573379517,,,,,,,,,,,,,,,,
450,0.9280467629432678,-0.4777701795101166,0.0040300688706338406,0.004018909297883511,5.709306378776091e-07,0.9199978113174438,0.9199966788291931,0.0,0.000223273309529759,0.0,0.0,0.0,0.12005840986967087,,,,,,,,,,,,,,,,
451,0.9279620051383972,-0.47516849637031555,0.003964750561863184,0.003941848408430815,2.6365637495473493e-07,0.9200562834739685,0.9200539588928223,0.0,0.00021190395636949688,0.0,0.0,0.0,0.12013320624828339,,,,,,,,,,,,,,,,
452,0.9280893802642822,-0.4762781858444214,0.004006129689514637,0.003992387093603611,1.1629849723249208e-06,0.9200672507286072,0.9201121926307678,0.0,0.0003382497816346586,0.0,0.0,0.0,0.12020304799079895,,,,,,,,,,,,,,,,
453,0.9280664920806885,-0.4786525070667267,0.004097640514373779,0.004087487701326609,9.889977263810579e-07,0.9198864102363586,0.9198744297027588,0.0,0.00026719042216427624,0.0,0.0,0.0,0.1204577386379242,,,,,,,,,,,,,,,,
454,0.9280575513839722,-0.4809500575065613,0.004056514706462622,0.0040139188058674335,1.348854766547447e-06,0.919959545135498,0.9200120568275452,0.0,0.00016867052181623876,0.0,0.0,0.0,0.12085757404565811,,,,,,,,,,,,,,,,
455,0.9279928803443909,-0.4770829975605011,0.003935714717954397,0.003902255557477474,8.185779734048992e-07,0.9201280474662781,0.9201802015304565,0.0,0.00031583436066284776,0.0,0.0,0.0,0.12018261104822159,,,,,,,,,,,,,,,,
456,0.9279834628105164,-0.4775395095348358,0.003910061903297901,0.0038870389107614756,4.4076864469388966e-07,0.920186460018158,0.9201854467391968,0.0,0.0003646712866611779,0.0,0.0,0.0,0.12037061899900436,,,,,,,,,,,,,,,,
457,0.9280325770378113,-0.48207709193229675,0.003965908661484718,0.003969838842749596,1.9213369739645714e-07,0.920120120048523,0.9200731515884399,0.0,0.00028419503360055387,0.0,0.0,0.0,0.11950399726629257,,,,,,,,,,,,,,,,
458,0.9280723929405212,-0.4836644232273102,0.004030847921967506,0.004008720628917217,9.986185887100874e-07,0.9200335144996643,0.9200301766395569,0.0,0.0003582460340112448,0.0,0.0,0.0,0.12016922235488892,,,,,,,,,,,,,,,,
459,0.9279804825782776,-0.4841030240058899,0.003910505678504705,0.003922326024621725,7.236998271764605e-07,0.9201712608337402,0.9201226830482483,0.0,0.00029442962841130793,0.0,0.0,0.0,0.11942573636770248,,,,,,,,,,,,,,,,
460,0.9279292821884155,-0.4838641285896301,0.0039946031756699085,0.003987923730164766,7.00234863870719e-07,0.919941782951355,0.9199504256248474,0.0,0.00029999768594279885,0.0,0.0,0.0,0.12001620978116989,,,,,,,,,,,,,,,,
461,0.9280951023101807,-0.48523497581481934,0.00397346168756485,0.003957805223762989,1.3372644502851472e-07,0.920167863368988,0.9201595187187195,0.0,0.00030353936017490923,0.0,0.0,0.0,0.11963421106338501,,,,,,,,,,,,,,,,
462,0.928063690662384,-0.48688656091690063,0.0039789024740457535,0.004003515932708979,1.3140294186086976e-06,0.9200997352600098,0.9200600981712341,0.0,0.00037178455386310816,0.0,0.0,0.0,0.11964578181505203,,,,,,,,,,,,,,,,
463,0.9279794692993164,-0.48603105545043945,0.00391383795067668,0.003934310749173164,2.900699655583594e-06,0.9201527833938599,0.9201040267944336,0.0,0.000282912515103817,0.0,0.0,0.0,0.120060496032238,,,,,,,,,,,,,,,,
464,0.9280015230178833,-0.48350632190704346,0.0040817358531057835,0.004076308570802212,3.594420377339702e-06,0.919858455657959,0.9198212027549744,0.0,0.0002416060888208449,0.0,0.0,0.0,0.119275763630867,,,,,,,,,,,,,,,,
465,0.9280375242233276,-0.4833703637123108,0.003952740225940943,0.003975598141551018,3.7818010696355486e-06,0.9201462268829346,0.9200645685195923,0.0,0.00020704655617009848,0.0,0.0,0.0,0.11969809234142303,,,,,,,,,,,,,,,,
466,0.9279165863990784,-0.48966026306152344,0.003951981198042631,0.003917401656508446,3.9674043250670366e-07,0.9200237989425659,0.9200698137283325,0.0,0.00016891777340788394,0.0,0.0,0.0,0.11922576278448105,,,,,,,,,,,,,,,,
467,0.9280702471733093,-0.491458922624588,0.003995555453002453,0.003985295072197914,4.9048430810216814e-06,0.9200814366340637,0.920087456703186,0.0,0.0002173161192331463,0.0,0.0,0.0,0.1187555268406868,,,,,,,,,,,,,,,,
468,0.9281219244003296,-0.48913320899009705,0.003953883424401283,0.003971778322011232,8.780434086474997e-07,0.9202309250831604,0.9201598763465881,0.0,0.0003154378500767052,0.0,0.0,0.0,0.1190587654709816,,,,,,,,,,,,,,,,
469,0.9279776215553284,-0.48519253730773926,0.003881508018821478,0.0038899106439203024,1.3883475276088575e-06,0.9202075004577637,0.9202021360397339,0.0,0.00022101566719356924,0.0,0.0,0.0,0.11860191076993942,,,,,,,,,,,,,,,,
470,0.9280275106430054,-0.4891008734703064,0.003942292649298906,0.0038783373311161995,6.645583994213666e-07,0.9201644659042358,0.9202479720115662,0.0,0.00027289081481285393,0.0,0.0,0.0,0.11914536356925964,,,,,,,,,,,,,,,,
471,0.9281095862388611,-0.49206116795539856,0.003989058546721935,0.004021200351417065,2.78331327763226e-07,0.9201206564903259,0.9200774431228638,0.0,0.0002888643939513713,0.0,0.0,0.0,0.11885666102170944,,,,,,,,,,,,,,,,
472,0.9279265403747559,-0.4959465563297272,0.004019810818135738,0.004032379016280174,1.8886123598349513e-07,0.9199069142341614,0.9198415279388428,0.0,0.00023480468371417373,0.0,0.0,0.0,0.1192966178059578,,,,,,,,,,,,,,,,
473,0.9278964400291443,-0.49273666739463806,0.004044124390929937,0.004024458583444357,6.370319169946015e-07,0.9198398590087891,0.9198145270347595,0.0,0.0002294787555001676,0.0,0.0,0.0,0.11854705959558487,,,,,,,,,,,,,,,,
474,0.9279276728630066,-0.49218523502349854,0.0039917235262691975,0.0039742677472531796,3.1150939321378246e-06,0.9199492931365967,0.9199678897857666,0.0,0.0003505820641294122,0.0,0.0,0.0,0.11872746050357819,,,,,,,,,,,,,,,,
475,0.9280067682266235,-0.49365925788879395,0.004077175632119179,0.004066364374011755,4.1984094423241913e-07,0.9198732376098633,0.9198523759841919,0.0,0.0003209959832020104,0.0,0.0,0.0,0.11882475763559341,,,,,,,,,,,,,,,,
476,0.9280645251274109,-0.4967203438282013,0.003910901490598917,0.0038602163549512625,2.8234758246981073e-06,0.9202666878700256,0.9203144907951355,0.0,0.00034901348408311605,0.0,0.0,0.0,0.11853783577680588,,,,,,,,,,,,,,,,
477,0.9279823303222656,-0.4986569583415985,0.003947798628360033,0.003943887539207935,1.4686283975606784e-06,0.9201133251190186,0.9200650453567505,0.0,0.0002675738069228828,0.0,0.0,0.0,0.11972488462924957,,,,,,,,,,,,,,,,
478,0.9280110001564026,-0.49761494994163513,0.004021947737783194,0.0039912941865623,2.559733900397987e-07,0.9199633002281189,0.920031726360321,0.0,0.0002821792149916291,0.0,0.0,0.0,0.11957705020904541,,,,,,,,,,,,,,,,
479,0.928145170211792,-0.49815890192985535,0.003963841591030359,0.003962695132941008,1.8709440041675407e-07,0.9202464818954468,0.9201905131340027,0.0,0.0002740519412327558,0.0,0.0,0.0,0.119057297706604,,,,,,,,,,,,,,,,
480,0.9279943108558655,-0.49747076630592346,0.003976430278271437,0.003980290610343218,5.013290547140059e-07,0.9200563430786133,0.9200178384780884,0.0,0.00034866068745031953,0.0,0.0,0.0,0.119526706635952,,,,,,,,,,,,,,,,
481,0.9281067848205566,-0.5006381869316101,0.003936592489480972,0.003918444272130728,1.081083610188216e-06,0.9202392101287842,0.9202621579170227,0.0,0.00037571159191429615,0.0,0.0,0.0,0.12000702321529388,,,,,,,,,,,,,,,,
482,0.92802494764328,-0.5010663270950317,0.0038941511884331703,0.003883978584781289,8.256523642558022e-07,0.9202430248260498,0.9202489256858826,0.0,0.0002567891788203269,0.0,0.0,0.0,0.11995720118284225,,,,,,,,,,,,,,,,
483,0.9279873371124268,-0.5016172528266907,0.0038482726085931063,0.0038544610142707825,1.4070998588522343e-07,0.920294463634491,0.9202744364738464,0.0,0.0003702167887240648,0.0,0.0,0.0,0.11970352381467819,,,,,,,,,,,,,,,,
484,0.9279397130012512,-0.49954578280448914,0.004008376970887184,0.003992749378085136,2.174663222831441e-06,0.9199302196502686,0.9199425578117371,0.0,0.000296925165457651,0.0,0.0,0.0,0.11977211385965347,,,,,,,,,,,,,,,,
485,0.9279659986495972,-0.5025278925895691,0.004016923252493143,0.00399538641795516,9.110869427786383e-07,0.9199604392051697,0.9199450612068176,0.0,0.0003210845170542598,0.0,0.0,0.0,0.11881056427955627,,,,,,,,,,,,,,,,
486,0.9279243350028992,-0.5027034282684326,0.004006574396044016,0.00398548599332571,7.10712697582494e-07,0.9199433922767639,0.9199197888374329,0.0,0.00032084601116366684,0.0,0.0,0.0,0.11901490390300751,,,,,,,,,,,,,,,,
487,0.9280369281768799,-0.5059848427772522,0.00395731907337904,0.00395171856507659,2.186790197811206e-06,0.9201366901397705,0.9201146960258484,0.0,0.0003132191195618361,0.0,0.0,0.0,0.11884722113609314,,,,,,,,,,,,,,,,
488,0.9279783964157104,-0.5084245800971985,0.004110331181436777,0.004106653854250908,5.365831157178036e-07,0.9197646379470825,0.9197571277618408,0.0,0.0003318344824947417,0.0,0.0,0.0,0.11945497989654541,,,,,,,,,,,,,,,,
489,0.927956223487854,-0.5073967576026917,0.003967370837926865,0.003969547804445028,8.566721021452395e-07,0.920048177242279,0.9199886918067932,0.0,0.00030147028155624866,0.0,0.0,0.0,0.11898375302553177,,,,,,,,,,,,,,,,
490,0.9280380010604858,-0.5080476403236389,0.0039324150420725346,0.003900584764778614,1.0555457947702962e-06,0.9201937913894653,0.920214056968689,0.0,0.0003224251850042492,0.0,0.0,0.0,0.11860489845275879,,,,,,,,,,,,,,,,
491,0.9281741976737976,-0.5067147612571716,0.004074180033057928,0.004064988344907761,3.3757365258679783e-07,0.920041024684906,0.9200283885002136,0.0,0.00021884418674744666,0.0,0.0,0.0,0.11861360818147659,,,,,,,,,,,,,,,,
492,0.9281103014945984,-0.5056474208831787,0.003977031912654638,0.003954512998461723,1.9308495211589616e-06,0.9201823472976685,0.9201712608337402,0.0,0.00029170827474445105,0.0,0.0,0.0,0.11858414113521576,,,,,,,,,,,,,,,,
493,0.9279444813728333,-0.5076062679290771,0.003851872868835926,0.003828005399554968,1.5641057871107478e-06,0.9202360510826111,0.9202901124954224,0.0,0.00028161369846202433,0.0,0.0,0.0,0.11874137818813324,,,,,,,,,,,,,,,,
494,0.9281054139137268,-0.5106310248374939,0.004061407409608364,0.004027658142149448,3.941771353765944e-07,0.920017421245575,0.920014500617981,0.0,0.0002761969808489084,0.0,0.0,0.0,0.11903538554906845,,,,,,,,,,,,,,,,
495,0.9279851913452148,-0.5107393860816956,0.0038848435506224632,0.0038988448213785887,2.5460537926846882e-06,0.9202178120613098,0.9201801419258118,0.0,0.00022974189778324217,0.0,0.0,0.0,0.11881319433450699,,,,,,,,,,,,,,,,
496,0.9278814196586609,-0.5108677744865417,0.003959978464990854,0.003979954402893782,6.069173537071038e-07,0.9199673533439636,0.9199144244194031,0.0,0.00025586201809346676,0.0,0.0,0.0,0.11884719133377075,,,,,,,,,,,,,,,,
497,0.9280529618263245,-0.5103921294212341,0.0039783357642591,0.003977604676038027,7.23024982107745e-07,0.920113205909729,0.9200792908668518,0.0,0.00023314780264627188,0.0,0.0,0.0,0.1182139664888382,,,,,,,,,,,,,,,,
498,0.9280160665512085,-0.5138819217681885,0.003907366190105677,0.003946077078580856,7.564991051367542e-07,0.9202225804328918,0.9201010465621948,0.0,0.0002620000159367919,0.0,0.0,0.0,0.11840285360813141,,,,,,,,,,,,,,,,
499,0.9280229806900024,-0.5141934752464294,0.0040962607599794865,0.004142296966165304,1.7792430071494891e-06,0.9198440909385681,0.9197211265563965,0.0,0.0002636912977322936,0.0,0.0,0.0,0.11827504634857178,,,,,,,,,,,,,,,,
500,0.9280045032501221,-0.5128416419029236,0.004063982050865889,0.00404979195445776,1.2857453839387745e-06,0.9198858737945557,0.9198930263519287,0.0,0.00026218302082270384,0.0,0.0,0.0,0.11819139122962952,,,,,,,,,,,,,,,,
501,0.9279158115386963,-0.5127991437911987,0.003971398342400789,0.003989118151366711,7.454564183717594e-07,0.91997230052948,0.9199367761611938,0.0,0.00033627968514338136,0.0,0.0,0.0,0.11773303896188736,,,,,,,,,,,,,,,,
502,0.9280053377151489,-0.5195090174674988,0.003954660147428513,0.003985084593296051,6.847253075648041e-07,0.9200901389122009,0.9200396537780762,0.0,0.0002561741857789457,0.0,0.0,0.0,0.11811625957489014,,,,,,,,,,,,,,,,
503,0.9279946684837341,-0.5196903944015503,0.0038849187549203634,0.0039479779079556465,4.695146799349459e-06,0.9202348589897156,0.9200793504714966,0.0,0.0002678645250853151,0.0,0.0,0.0,0.11865250766277313,,,,,,,,,,,,,,,,
504,0.9278964400291443,-0.5145408511161804,0.003911701496690512,0.003903548466041684,9.832981504587224e-07,0.9201163649559021,0.9200440645217896,0.0,0.00022744355374015868,0.0,0.0,0.0,0.11750809848308563,,,,,,,,,,,,,,,,
505,0.9280748963356018,-0.5144090056419373,0.004029891453683376,0.004006709437817335,4.5465995412996563e-07,0.9200382232666016,0.9200374484062195,0.0,0.0002637490106280893,0.0,0.0,0.0,0.11778239905834198,,,,,,,,,,,,,,,,
506,0.9281403422355652,-0.5198575258255005,0.003961536101996899,0.003923013340681791,7.552876581939927e-07,0.9202319383621216,0.9202781915664673,0.0,0.0002641775645315647,0.0,0.0,0.0,0.11829154938459396,,,,,,,,,,,,,,,,
507,0.927954912185669,-0.5231406092643738,0.003914112690836191,0.003894667373970151,6.488341455224145e-07,0.9201323986053467,0.9201586842536926,0.0,0.00033151498064398766,0.0,0.0,0.0,0.11851029843091965,,,,,,,,,,,,,,,,
508,0.9279922246932983,-0.5187907218933105,0.00413661589846015,0.004104130435734987,1.652274818297883e-06,0.9197235107421875,0.9197762608528137,0.0,0.0003284566628281027,0.0,0.0,0.0,0.11870379745960236,,,,,,,,,,,,,,,,
509,0.928033709526062,-0.5185675621032715,0.00393220828846097,0.003977582324296236,1.540308062430995e-06,0.9201721549034119,0.9200725555419922,0.0,0.0002755656314548105,0.0,0.0,0.0,0.118705615401268,,,,,,,,,,,,,,,,
510,0.9279172420501709,-0.5201122164726257,0.0038599318359047174,0.0038509469013661146,9.87777866612305e-07,0.9202152490615845,0.920195460319519,0.0,0.00029685129993595183,0.0,0.0,0.0,0.11861224472522736,,,,,,,,,,,,,,,,
511,0.928055465221405,-0.52386474609375,0.004072736948728561,0.004031864460557699,8.769191026658518e-07,0.9199308156967163,0.9199692606925964,0.0,0.00034387147752568126,0.0,0.0,0.0,0.11855015158653259,,,,,,,,,,,,,,,,
512,0.9280070066452026,-0.5239421725273132,0.0040396954864263535,0.004046406131237745,1.2916692639919347e-06,0.9199292063713074,0.9199100732803345,0.0,0.00030396433430723846,0.0,0.0,0.0,0.11877692490816116,,,,,,,,,,,,,,,,
513,0.9279984831809998,-0.5250002145767212,0.003949224948883057,0.003971004392951727,3.285323828094988e-06,0.9201093912124634,0.920040488243103,0.0,0.0002626888744998723,0.0,0.0,0.0,0.11931675672531128,,,,,,,,,,,,,,,,
514,0.9279777407646179,-0.5230383276939392,0.003999677952378988,0.0040664044208824635,1.5187603139565908e-06,0.919972836971283,0.9198474287986755,0.0,0.00022870588873047382,0.0,0.0,0.0,0.11915264278650284,,,,,,,,,,,,,,,,
515,0.9280156493186951,-0.5230185389518738,0.004063887521624565,0.004051058553159237,1.408019898008206e-06,0.9198998808860779,0.9198986887931824,0.0,0.00029979177634231746,0.0,0.0,0.0,0.11825568974018097,,,,,,,,,,,,,,,,
516,0.9281242489814758,-0.5244894027709961,0.004107281100004911,0.004103448707610369,2.8554095479194075e-06,0.919926106929779,0.9198951721191406,0.0,0.00021327874856069684,0.0,0.0,0.0,0.11791431158781052,,,,,,,,,,,,,,,,
517,0.928047239780426,-0.5301001667976379,0.00390504184179008,0.003897766349837184,1.4257085467761499e-06,0.9202689528465271,0.9202171564102173,0.0,0.00027266627876088023,0.0,0.0,0.0,0.11885636299848557,,,,,,,,,,,,,,,,
518,0.9280686378479004,-0.529490053653717,0.0041129980236291885,0.004089267924427986,1.4898414519848302e-06,0.9198644757270813,0.9198652505874634,0.0,0.00027460785349830985,0.0,0.0,0.0,0.11840259283781052,,,,,,,,,,,,,,,,
519,0.9279084801673889,-0.5259923934936523,0.003950139507651329,0.003961939364671707,7.185999493231066e-07,0.9200201630592346,0.919971227645874,0.0,0.0002754424640443176,0.0,0.0,0.0,0.1183602511882782,,,,,,,,,,,,,,,,
520,0.9281444549560547,-0.5273367762565613,0.0040560755878686905,0.004013113211840391,4.7517221446469193e-07,0.9200436472892761,0.9201059937477112,0.0,0.0002718553296290338,0.0,0.0,0.0,0.11870600283145905,,,,,,,,,,,,,,,,
521,0.9278562068939209,-0.5292567014694214,0.0038749119266867638,0.0038347903173416853,4.759532998832583e-07,0.9201115965843201,0.9201804995536804,0.0,0.0003056158893741667,0.0,0.0,0.0,0.11856689304113388,,,,,,,,,,,,,,,,
522,0.9280216693878174,-0.5282872319221497,0.003922713454812765,0.003895803354680538,4.818455181521131e-07,0.9201946258544922,0.9202107191085815,0.0,0.00031154611497186124,0.0,0.0,0.0,0.11815103888511658,,,,,,,,,,,,,,,,
523,0.9280636310577393,-0.5316963791847229,0.0039803083054721355,0.003996077924966812,2.0954958017682657e-06,0.920106828212738,0.9200634360313416,0.0,0.0003127303789369762,0.0,0.0,0.0,0.11722724139690399,,,,,,,,,,,,,,,,
524,0.9279723763465881,-0.5317721366882324,0.0038957386277616024,0.0038817983586341143,5.58778083359357e-07,0.9202152490615845,0.9201732277870178,0.0,0.0002818708017002791,0.0,0.0,0.0,0.11784658581018448,,,,,,,,,,,,,,,,
525,0.9280775785446167,-0.5322288274765015,0.0039499481208622456,0.003933929372578859,2.1724349608120974e-06,0.9202044606208801,0.9201785922050476,0.0,0.00036227708915248513,0.0,0.0,0.0,0.11817911267280579,,,,,,,,,,,,,,,,
526,0.9280165433883667,-0.5346154570579529,0.004014941863715649,0.003979715518653393,5.569519885284535e-07,0.9200044274330139,0.9200382828712463,0.0,0.00025417585857212543,0.0,0.0,0.0,0.11754800379276276,,,,,,,,,,,,,,,,
527,0.9280480146408081,-0.5322778820991516,0.003976252395659685,0.003979319706559181,5.65121865747642e-07,0.9201067686080933,0.9200769662857056,0.0,0.0002765598183032125,0.0,0.0,0.0,0.11728664487600327,,,,,,,,,,,,,,,,
528,0.9280169606208801,-0.5334429144859314,0.00402619456872344,0.003989097196608782,1.0001513146562502e-06,0.9199613928794861,0.9200400114059448,0.0,0.000253611447988078,0.0,0.0,0.0,0.1177753135561943,,,,,,,,,,,,,,,,
529,0.9280586838722229,-0.5336259007453918,0.003952883183956146,0.003957537468522787,3.018091774720233e-06,0.9201695919036865,0.9201209545135498,0.0,0.00023821908689569682,0.0,0.0,0.0,0.11759694665670395,,,,,,,,,,,,,,,,
530,0.9279999732971191,-0.538865864276886,0.004140585660934448,0.004157980903983116,7.348694452957716e-08,0.9197394847869873,0.9196631908416748,0.0,0.0003108473611064255,0.0,0.0,0.0,0.11755417287349701,,,,,,,,,,,,,,,,
531,0.9278037548065186,-0.538537323474884,0.004039546474814415,0.004034522920846939,1.5271242546077701e-06,0.9197199940681458,0.919736385345459,0.0,0.00029436848126351833,0.0,0.0,0.0,0.11822295188903809,,,,,,,,,,,,,,,,
532,0.928011417388916,-0.5358375310897827,0.004101832862943411,0.004125763196498156,3.551792246980767e-07,0.9198248982429504,0.9197419881820679,0.0,0.0003573473950382322,0.0,0.0,0.0,0.11710792034864426,,,,,,,,,,,,,,,,
533,0.9280714392662048,-0.5391299724578857,0.00405100267380476,0.004032940603792667,4.0535257994633866e-07,0.9199897646903992,0.9199844002723694,0.0,0.00032735176500864327,0.0,0.0,0.0,0.11748359352350235,,,,,,,,,,,,,,,,
534,0.9280188679695129,-0.541955292224884,0.003936906345188618,0.003964937292039394,1.424778247383074e-06,0.9201593399047852,0.9200718998908997,0.0,0.00026264501502737403,0.0,0.0,0.0,0.1179957464337349,,,,,,,,,,,,,,,,
535,0.9279594421386719,-0.5406562685966492,0.004116701427847147,0.00409077201038599,2.191524259842481e-07,0.9197546243667603,0.9197489619255066,0.0,0.00027117374702356756,0.0,0.0,0.0,0.11792060732841492,,,,,,,,,,,,,,,,
536,0.9280408620834351,-0.5381743311882019,0.003957102540880442,0.003961039707064629,3.6477359799391706e-07,0.9201405644416809,0.9201040863990784,0.0,0.00027358869556337595,0.0,0.0,0.0,0.11795264482498169,,,,,,,,,,,,,,,,
537,0.9281323552131653,-0.5407620072364807,0.003946708049625158,0.003942418843507767,5.384082442105864e-07,0.9202473163604736,0.9202379584312439,0.0,0.00022089229605626315,0.0,0.0,0.0,0.11819962412118912,,,,,,,,,,,,,,,,
538,0.9281520247459412,-0.5430005788803101,0.004108143970370293,0.0041349767707288265,1.0097264748765156e-06,0.9199512004852295,0.9198645353317261,0.0,0.00020780513295903802,0.0,0.0,0.0,0.11827273666858673,,,,,,,,,,,,,,,,
539,0.9279367327690125,-0.54305100440979,0.003935702610760927,0.00394973810762167,1.3942434406999382e-06,0.920071542263031,0.9200282096862793,0.0,0.00033129905932582915,0.0,0.0,0.0,0.11817621439695358,,,,,,,,,,,,,,,,
540,0.9278711080551147,-0.5423988103866577,0.004025657661259174,0.004047445021569729,8.338839165844547e-07,0.919824481010437,0.9197699427604675,0.0,0.0002553538070060313,0.0,0.0,0.0,0.1175355538725853,,,,,,,,,,,,,,,,
541,0.9279698133468628,-0.5444010496139526,0.003981185611337423,0.003949305973947048,8.596564384788508e-07,0.9200303554534912,0.9200465679168701,0.0,0.0003168393741361797,0.0,0.0,0.0,0.11741884052753448,,,,,,,,,,,,,,,,
542,0.9278927445411682,-0.5446009039878845,0.003961384762078524,0.003997839521616697,2.2380438622349175e-06,0.9199705123901367,0.9198920726776123,0.0,0.0002958452678285539,0.0,0.0,0.0,0.11747217178344727,,,,,,,,,,,,,,,,
543,0.9280834794044495,-0.5470846891403198,0.003948736935853958,0.003955498803406954,5.935816602686828e-07,0.9202138781547546,0.9201434850692749,0.0,0.000272225821390748,0.0,0.0,0.0,0.11776323616504669,,,,,,,,,,,,,,,,
544,0.9279860258102417,-0.5457239747047424,0.003964825998991728,0.003973278682678938,6.130167093942873e-07,0.9200695157051086,0.9200249910354614,0.0,0.0002469090395607054,0.0,0.0,0.0,0.11768175661563873,,,,,,,,,,,,,,,,
545,0.9279587268829346,-0.5445385575294495,0.004008311312645674,0.004012338817119598,8.713366241863696e-07,0.9199457168579102,0.9199286699295044,0.0,0.0002463381679262966,0.0,0.0,0.0,0.11719759553670883,,,,,,,,,,,,,,,,
546,0.9280315637588501,-0.5463541150093079,0.00391107052564621,0.003930355422198772,1.059967416949803e-06,0.9202172160148621,0.9201609492301941,0.0,0.0002433884219499305,0.0,0.0,0.0,0.11673732846975327,,,,,,,,,,,,,,,,
547,0.9281157851219177,-0.5475789904594421,0.0038980706594884396,0.0038953167386353016,8.93348214958678e-07,0.9203331470489502,0.9203099012374878,0.0,0.0002553319791331887,0.0,0.0,0.0,0.1173747181892395,,,,,,,,,,,,,,,,
548,0.9280579686164856,-0.5489705801010132,0.004044104367494583,0.004012354649603367,1.3530029718822334e-07,0.9199785590171814,0.9200241565704346,0.0,0.0002916602825280279,0.0,0.0,0.0,0.11755510419607162,,,,,,,,,,,,,,,,
549,0.927970290184021,-0.5483276844024658,0.004024673253297806,0.003999592736363411,1.0119697435584385e-06,0.9199392199516296,0.9199507236480713,0.0,0.0003555232542566955,0.0,0.0,0.0,0.11690548807382584,,,,,,,,,,,,,,,,
550,0.9279977679252625,-0.5504432320594788,0.00395835330709815,0.003931506536900997,4.400478417210252e-07,0.9201040267944336,0.9201109409332275,0.0,0.0002670697867870331,0.0,0.0,0.0,0.11749035865068436,,,,,,,,,,,,,,,,
551,0.9279940724372864,-0.5504424571990967,0.003935859072953463,0.003917609807103872,8.326613283315965e-07,0.9201537370681763,0.9201259016990662,0.0,0.00030092429369688034,0.0,0.0,0.0,0.11706572771072388,,,,,,,,,,,,,,,,
552,0.9280719757080078,-0.550163984298706,0.004013765137642622,0.0039949906058609486,4.788252567777818e-07,0.9200533628463745,0.920072078704834,0.0,0.0003245871630497277,0.0,0.0,0.0,0.11719467490911484,,,,,,,,,,,,,,,,
553,0.9280468225479126,-0.5538297891616821,0.003925640601664782,0.003940231632441282,8.933173489822366e-07,0.9202142357826233,0.9201458692550659,0.0,0.0003095421998295933,0.0,0.0,0.0,0.11694823950529099,,,,,,,,,,,,,,,,
554,0.9279992580413818,-0.5553185343742371,0.003957107197493315,0.003952150698751211,2.1584633032034617e-06,0.9201158881187439,0.9200598001480103,0.0,0.00033138575963675976,0.0,0.0,0.0,0.11735431849956512,,,,,,,,,,,,,,,,
555,0.9282341599464417,-0.5555117726325989,0.004139238502830267,0.004125264007598162,1.6880484281500685e-06,0.9199810028076172,0.9199548959732056,0.0,0.00024118628061842173,0.0,0.0,0.0,0.11745810508728027,,,,,,,,,,,,,,,,
556,0.9280612468719482,-0.5518447160720825,0.004061966668814421,0.004068953450769186,4.1184568999597104e-07,0.9199401140213013,0.9199197292327881,0.0,0.0001912221050588414,0.0,0.0,0.0,0.11706487089395523,,,,,,,,,,,,,,,,
557,0.9280932545661926,-0.5523359775543213,0.004032617434859276,0.004012910649180412,1.3780863810097799e-06,0.9200505018234253,0.9200421571731567,0.0,0.00023139434051699936,0.0,0.0,0.0,0.11766358464956284,,,,,,,,,,,,,,,,
558,0.927952229976654,-0.5581042170524597,0.003939459100365639,0.0039213611744344234,3.0980893370724516e-06,0.9200703501701355,0.9201062321662903,0.0,0.000315408076858148,0.0,0.0,0.0,0.11701735109090805,,,,,,,,,,,,,,,,
559,0.9280925989151001,-0.5589253306388855,0.004071246832609177,0.0040910211391747,1.281044319512148e-06,0.9199649095535278,0.919893205165863,0.0,0.00024137327272910625,0.0,0.0,0.0,0.11708012968301773,,,,,,,,,,,,,,,,
560,0.9281910061836243,-0.5551213026046753,0.004036968573927879,0.004013813566416502,1.7230814819413354e-06,0.9201220870018005,0.9201549291610718,0.0,0.00020540898549370468,0.0,0.0,0.0,0.11600033938884735,,,,,,,,,,,,,,,,
561,0.9279691576957703,-0.5560795068740845,0.003907057456672192,0.003931492567062378,1.6915765854719211e-06,0.9201589822769165,0.9200988411903381,0.0,0.00030316755874082446,0.0,0.0,0.0,0.11721732467412949,,,,,,,,,,,,,,,,
562,0.9279721975326538,-0.560432493686676,0.003912267275154591,0.003932350780814886,1.4736472166987369e-06,0.9201467037200928,0.9201054573059082,0.0,0.00020517811935860664,0.0,0.0,0.0,0.11777468025684357,,,,,,,,,,,,,,,,
563,0.927981972694397,-0.5632184147834778,0.00397237716242671,0.003949741832911968,1.2140703802288044e-06,0.9200529456138611,0.920064389705658,0.0,0.00028501846827566624,0.0,0.0,0.0,0.11729993671178818,,,,,,,,,,,,,,,,
564,0.9279831051826477,-0.5586850047111511,0.003928116522729397,0.003959830850362778,2.000156342774062e-07,0.9201246500015259,0.9200652241706848,0.0,0.0001415300357621163,0.0,0.0,0.0,0.117416612803936,,,,,,,,,,,,,,,,
565,0.9280350208282471,-0.5597925186157227,0.003864139784127474,0.0038450523279607296,1.1136024795632693e-06,0.9203105568885803,0.9203389286994934,0.0,0.00030103285098448396,0.0,0.0,0.0,0.11698195338249207,,,,,,,,,,,,,,,,
566,0.9279133677482605,-0.5612956881523132,0.003923669923096895,0.0039116679690778255,6.175147859721619e-07,0.9200949668884277,0.9200598001480103,0.0,0.0002338201302336529,0.0,0.0,0.0,0.11674456298351288,,,,,,,,,,,,,,,,
567,0.9279993772506714,-0.5646740794181824,0.004033735487610102,0.004032699856907129,9.393067443852487e-07,0.9199501276016235,0.9199139475822449,0.0,0.0002753275039140135,0.0,0.0,0.0,0.11713595688343048,,,,,,,,,,,,,,,,
568,0.9279693961143494,-0.5647040009498596,0.0040346900932490826,0.004007773473858833,1.1536609463291825e-06,0.9199072122573853,0.9199442863464355,0.0,0.0002602036402095109,0.0,0.0,0.0,0.11683523654937744,,,,,,,,,,,,,,,,
569,0.9281467199325562,-0.5596030950546265,0.004184260033071041,0.00415349705144763,1.2543767979877884e-06,0.9198084473609924,0.9198070168495178,0.0,0.0003181381616741419,0.0,0.0,0.0,0.11756810545921326,,,,,,,,,,,,,,,,
570,0.9278744459152222,-0.5630952715873718,0.004020097199827433,0.004028736148029566,8.065896963671548e-07,0.9198395609855652,0.9198099970817566,0.0,0.00022851517132949084,0.0,0.0,0.0,0.11776594817638397,,,,,,,,,,,,,,,,
571,0.9280776977539062,-0.5665720105171204,0.003975550178438425,0.003981989808380604,1.1555664514162345e-06,0.9201416969299316,0.9200962781906128,0.0,0.00030163308838382363,0.0,0.0,0.0,0.11667057126760483,,,,,,,,,,,,,,,,
572,0.9279566407203674,-0.5668159127235413,0.004021584987640381,0.00405947957187891,1.0491568218640168e-06,0.9199020862579346,0.9198470115661621,0.0,0.00028202563407830894,0.0,0.0,0.0,0.1174088642001152,,,,,,,,,,,,,,,,
573,0.9281015992164612,-0.5643212795257568,0.004038396757096052,0.004073495510965586,3.373422430286155e-07,0.9200360774993896,0.9199426770210266,0.0,0.0002513015060685575,0.0,0.0,0.0,0.11757859587669373,,,,,,,,,,,,,,,,
574,0.9279323220252991,-0.5638972520828247,0.003984994720667601,0.0039687370881438255,9.977648574022169e-08,0.9199782609939575,0.9199787974357605,0.0,0.00026662202435545623,0.0,0.0,0.0,0.11719159036874771,,,,,,,,,,,,,,,,
575,0.9280912280082703,-0.5665849447250366,0.0039480156265199184,0.003977841231971979,3.1524731980425713e-07,0.920195996761322,0.9201341867446899,0.0,0.0003105517535004765,0.0,0.0,0.0,0.11742498725652695,,,,,,,,,,,,,,,,
576,0.9279895424842834,-0.5702228546142578,0.003973441198468208,0.003960164729505777,1.3795297491014935e-06,0.9200525879859924,0.9200565218925476,0.0,0.00032792609999887645,0.0,0.0,0.0,0.11707685142755508,,,,,,,,,,,,,,,,
577,0.9280700087547302,-0.5668290853500366,0.003948313649743795,0.003937785979360342,2.2327035367197823e-06,0.9201925992965698,0.920170783996582,0.0,0.0003329282335471362,0.0,0.0,0.0,0.11744090914726257,,,,,,,,,,,,,,,,
578,0.9279164671897888,-0.567572295665741,0.003905941965058446,0.00390629330649972,1.1022139005945064e-06,0.9201131463050842,0.9200931191444397,0.0,0.0001929046557052061,0.0,0.0,0.0,0.11779315769672394,,,,,,,,,,,,,,,,
579,0.9281013607978821,-0.5708128809928894,0.003934742417186499,0.003945968579500914,7.245616302498092e-07,0.9202309250831604,0.9202089309692383,0.0,0.00033524722675792873,0.0,0.0,0.0,0.1178063377737999,,,,,,,,,,,,,,,,
580,0.9280129671096802,-0.572008490562439,0.004033572971820831,0.004028011579066515,4.147813967847469e-07,0.9199768900871277,0.9199249744415283,0.0,0.0002903437416534871,0.0,0.0,0.0,0.11806824058294296,,,,,,,,,,,,,,,,
581,0.9279563426971436,-0.5680097341537476,0.004016313701868057,0.004011500161141157,1.368228367937263e-06,0.9199174046516418,0.9199369549751282,0.0,0.00017726721125654876,0.0,0.0,0.0,0.11689119786024094,,,,,,,,,,,,,,,,
582,0.9280024766921997,-0.5688674449920654,0.003925401717424393,0.00394789082929492,2.225439743597235e-07,0.9201654195785522,0.9200925230979919,0.0,0.00036912120413035154,0.0,0.0,0.0,0.1168455183506012,,,,,,,,,,,,,,,,
583,0.9279493093490601,-0.5716660618782043,0.003988770768046379,0.003969854675233364,6.337130002975755e-07,0.9199919104576111,0.9199881553649902,0.0,0.00033073409576900303,0.0,0.0,0.0,0.11698096990585327,,,,,,,,,,,,,,,,
584,0.9279811978340149,-0.5745406150817871,0.004022072069346905,0.004069921560585499,1.152316713159962e-06,0.9199425578117371,0.9198336005210876,0.0,0.00031304347794502974,0.0,0.0,0.0,0.11704906076192856,,,,,,,,,,,,,,,,
585,0.9280049800872803,-0.5752027630805969,0.004011435434222221,0.004001522436738014,6.538552952406462e-07,0.9200085997581482,0.9199742078781128,0.0,0.0002825269475579262,0.0,0.0,0.0,0.11726654320955276,,,,,,,,,,,,,,,,
586,0.9280457496643066,-0.5748828053474426,0.004027517046779394,0.004014108330011368,1.821376542920916e-07,0.92000812292099,0.9199997782707214,0.0,0.00026433542370796204,0.0,0.0,0.0,0.11731962859630585,,,,,,,,,,,,,,,,
587,0.928013026714325,-0.5783793330192566,0.0040384624153375626,0.004020349588245153,5.556391897698632e-07,0.9199468493461609,0.9199604392051697,0.0,0.0002745850069914013,0.0,0.0,0.0,0.1170380711555481,,,,,,,,,,,,,,,,
588,0.9279698729515076,-0.5786179900169373,0.004042827058583498,0.004023402463644743,4.835130198443949e-07,0.919914186000824,0.9198920726776123,0.0,0.00020980410045012832,0.0,0.0,0.0,0.11583653837442398,,,,,,,,,,,,,,,,
589,0.9279500246047974,-0.574354887008667,0.004031631164252758,0.0040602791123092175,1.191640649267356e-06,0.9198856353759766,0.9198282361030579,0.0,0.00021528550132643431,0.0,0.0,0.0,0.115811288356781,,,,,,,,,,,,,,,,
590,0.9279384016990662,-0.5748918056488037,0.003938144538551569,0.003942133858799934,6.003276666888269e-07,0.9200618267059326,0.9200531840324402,0.0,0.0002513081708457321,0.0,0.0,0.0,0.11607575416564941,,,,,,,,,,,,,,,,
591,0.9281398057937622,-0.5809520483016968,0.004006972536444664,0.0039943186566233635,6.168922936922172e-07,0.9201438426971436,0.9201318621635437,0.0,0.00021794014901388437,0.0,0.0,0.0,0.11618384718894958,,,,,,,,,,,,,,,,
592,0.9280120134353638,-0.5802738070487976,0.0039688278920948505,0.003927343059331179,5.965344485048263e-07,0.9200999140739441,0.9201305508613586,0.0,0.0001481384679209441,0.0,0.0,0.0,0.11686848849058151,,,,,,,,,,,,,,,,
593,0.9280138611793518,-0.5791759490966797,0.003921967931091785,0.0038844679947942495,1.7715098010739894e-07,0.920181930065155,0.9202326536178589,0.0,0.00017646914056967944,0.0,0.0,0.0,0.11646828800439835,,,,,,,,,,,,,,,,
594,0.9279546141624451,-0.5780340433120728,0.004016251768916845,0.003990699537098408,2.7883418169949437e-06,0.9199244976043701,0.9199652671813965,0.0,0.0002168257924495265,0.0,0.0,0.0,0.11619986593723297,,,,,,,,,,,,,,,,
595,0.9281609654426575,-0.5834499001502991,0.00391611410304904,0.003921491093933582,1.1753446642615017e-06,0.92033851146698,0.9203057885169983,0.0,0.0003130817203782499,0.0,0.0,0.0,0.1165521889925003,,,,,,,,,,,,,,,,
596,0.9281435608863831,-0.585331916809082,0.004011448007076979,0.0039863199926912785,5.425411018222803e-07,0.9201315641403198,0.9201589822769165,0.0,0.00021644325170200318,0.0,0.0,0.0,0.11685342341661453,,,,,,,,,,,,,,,,
597,0.9280317425727844,-0.5816461443901062,0.003970734775066376,0.00394484493881464,4.622435199053143e-07,0.9201030731201172,0.9201284050941467,0.0,0.00023534239153377712,0.0,0.0,0.0,0.11661258339881897,,,,,,,,,,,,,,,,
598,0.9279647469520569,-0.581274688243866,0.003958923742175102,0.003949737176299095,3.612552461618179e-07,0.9200542569160461,0.9200572371482849,0.0,0.00026203953893855214,0.0,0.0,0.0,0.11696160584688187,,,,,,,,,,,,,,,,
599,0.9281080365180969,-0.5895168781280518,0.003965212032198906,0.003945350646972656,9.411538144377118e-07,0.9201805591583252,0.9202125072479248,0.0,0.0002715746231842786,0.0,0.0,0.0,0.11691270768642426,,,,,,,,,,,,,,,,
600,0.9281101226806641,-0.5889063477516174,0.004037640057504177,0.004034067969769239,2.849758118372847e-07,0.9200471639633179,0.9200291037559509,0.0,0.00027784588746726513,0.0,0.0,0.0,0.11788946390151978,,,,,,,,,,,,,,,,
601,0.9279990196228027,-0.5812612771987915,0.00409808661788702,0.00411064550280571,1.8081502730638022e-06,0.9198043942451477,0.9197725057601929,0.0,0.00019367191998753697,0.0,0.0,0.0,0.11778797954320908,,,,,,,,,,,,,,,,
602,0.9280461072921753,-0.5826910734176636,0.003967150580137968,0.003967361059039831,4.2666474655561615e-06,0.9201169013977051,0.9200977087020874,0.0,0.00017537966778036207,0.0,0.0,0.0,0.11809132248163223,,,,,,,,,,,,,,,,
603,0.9280233383178711,-0.5920676589012146,0.003980580717325211,0.00399857247248292,4.957769306201953e-07,0.9200575351715088,0.9200299382209778,0.0,0.00032782647758722305,0.0,0.0,0.0,0.11744341999292374,,,,,,,,,,,,,,,,
604,0.927971601486206,-0.5892873406410217,0.0041609457693994045,0.0041924272663891315,7.032856501609785e-07,0.9196625351905823,0.9195725917816162,0.0,0.00038118267548270524,0.0,0.0,0.0,0.11693602800369263,,,,,,,,,,,,,,,,
605,0.9280468821525574,-0.5851817727088928,0.004029859788715839,0.004088954068720341,3.2978090303004137e-07,0.9199992418289185,0.9198561906814575,0.0,0.00027622858760878444,0.0,0.0,0.0,0.11732269823551178,,,,,,,,,,,,,,,,
606,0.9280397295951843,-0.5887898802757263,0.003994320519268513,0.004025123082101345,4.988746127310151e-07,0.9200497269630432,0.9199898838996887,0.0,0.0002815644256770611,0.0,0.0,0.0,0.1172315701842308,,,,,,,,,,,,,,,,
607,0.9280955791473389,-0.5937865972518921,0.003935135435312986,0.003911587875336409,7.917682154356953e-08,0.9202379584312439,0.9202595949172974,0.0,0.0003012967063114047,0.0,0.0,0.0,0.11681494861841202,,,,,,,,,,,,,,,,
608,0.9280295968055725,-0.5915465950965881,0.0040306951850652695,0.004037877079099417,3.7233886018839257e-07,0.9199924468994141,0.9199289083480835,0.0,0.0002606833295430988,0.0,0.0,0.0,0.11683414876461029,,,,,,,,,,,,,,,,
609,0.9279013276100159,-0.5866472721099854,0.0038816495798528194,0.003853193949908018,9.60141846917395e-07,0.9201450347900391,0.9201861023902893,0.0,0.00024190756084863096,0.0,0.0,0.0,0.11625745892524719,,,,,,,,,,,,,,,,
610,0.9280937910079956,-0.5924727916717529,0.003941512666642666,0.003953095059841871,1.810971070881351e-06,0.9202239513397217,0.9201708436012268,0.0,0.0002887884038500488,0.0,0.0,0.0,0.11663777381181717,,,,,,,,,,,,,,,,
611,0.9280363917350769,-0.597517192363739,0.004020067397505045,0.004023573826998472,1.04803245903895e-06,0.9200001955032349,0.9199832081794739,0.0,0.0002896623918786645,0.0,0.0,0.0,0.11617069691419601,,,,,,,,,,,,,,,,
612,0.928025484085083,-0.593662440776825,0.003966614603996277,0.003986875060945749,1.417156568095379e-06,0.9201141595840454,0.9200270175933838,0.0,0.000304941349895671,0.0,0.0,0.0,0.11628137528896332,,,,,,,,,,,,,,,,
613,0.9279441237449646,-0.5926862359046936,0.003948253113776445,0.003986862488090992,4.331464822371345e-07,0.920057475566864,0.9199597239494324,0.0,0.0003011125372722745,0.0,0.0,0.0,0.11641320586204529,,,,,,,,,,,,,,,,
614,0.9280029535293579,-0.5935941338539124,0.003975420258939266,0.003995046950876713,5.244290264272422e-07,0.9200578331947327,0.9200060963630676,0.0,0.00033702602377161384,0.0,0.0,0.0,0.11681874841451645,,,,,,,,,,,,,,,,
615,0.9280223250389099,-0.5989259481430054,0.003985981456935406,0.003987865522503853,8.230842354350898e-07,0.9200640320777893,0.9200313091278076,0.0,0.00029013867606408894,0.0,0.0,0.0,0.1169586330652237,,,,,,,,,,,,,,,,
616,0.9279639720916748,-0.5935706496238708,0.004053288605064154,0.004123457707464695,3.7187401602523096e-08,0.9198688268661499,0.9197055101394653,0.0,0.0002889161987695843,0.0,0.0,0.0,0.11655391752719879,,,,,,,,,,,,,,,,
617,0.9280878901481628,-0.5942462682723999,0.003928671590983868,0.003977413754910231,9.007841299535357e-07,0.9202283620834351,0.9201334118843079,0.0,0.0003257298667449504,0.0,0.0,0.0,0.11723896116018295,,,,,,,,,,,,,,,,
618,0.9281357526779175,-0.5963020324707031,0.003963829018175602,0.003970013000071049,1.6630334584988304e-06,0.9202367663383484,0.920163631439209,0.0,0.000296704558422789,0.0,0.0,0.0,0.1177191361784935,,,,,,,,,,,,,,,,
619,0.927928626537323,-0.5990822315216064,0.0040366798639297485,0.004045811947435141,3.4078814792337653e-07,0.9198698401451111,0.9198217988014221,0.0,0.0002706094819586724,0.0,0.0,0.0,0.11710826307535172,,,,,,,,,,,,,,,,
620,0.9279747605323792,-0.5979071259498596,0.003909512422978878,0.003913328517228365,1.903361180666252e-06,0.9201651215553284,0.9201349020004272,0.0,0.000299421779345721,0.0,0.0,0.0,0.1173027977347374,,,,,,,,,,,,,,,,
621,0.9281355142593384,-0.597916841506958,0.004072155337780714,0.004106177948415279,1.2020511803711997e-06,0.9199914336204529,0.9199205040931702,0.0,0.000271015363978222,0.0,0.0,0.0,0.11762581020593643,,,,,,,,,,,,,,,,
622,0.9280378818511963,-0.6013104319572449,0.0040519339963793755,0.00404879217967391,4.336613130817568e-07,0.9199443459510803,0.9199290871620178,0.0,0.0002835711638908833,0.0,0.0,0.0,0.11745056509971619,,,,,,,,,,,,,,,,
623,0.9280174970626831,-0.6026482582092285,0.004099602811038494,0.004072210285812616,2.2847616776289215e-07,0.9198511242866516,0.9198398590087891,0.0,0.00021305186965037137,0.0,0.0,0.0,0.1173129752278328,,,,,,,,,,,,,,,,
624,0.9280244708061218,-0.5985025763511658,0.003972718492150307,0.004006677307188511,6.704451038785919e-07,0.9200856685638428,0.9200032353401184,0.0,0.00025445627397857606,0.0,0.0,0.0,0.11621832847595215,,,,,,,,,,,,,,,,
625,0.928013265132904,-0.6022313833236694,0.003972254693508148,0.003959959372878075,5.160011937732634e-07,0.9200802445411682,0.920080840587616,0.0,0.00027004387811757624,0.0,0.0,0.0,0.11759419739246368,,,,,,,,,,,,,,,,
626,0.9279297590255737,-0.606162965297699,0.003977897111326456,0.003986174240708351,1.4959282452764455e-06,0.919985294342041,0.9199431538581848,0.0,0.000245588889811188,0.0,0.0,0.0,0.1164282038807869,,,,,,,,,,,,,,,,
627,0.9280974268913269,-0.6039066314697266,0.004117205273360014,0.004105572123080492,7.249176974255533e-07,0.9198761582374573,0.9198718070983887,0.0,0.00013959483476355672,0.0,0.0,0.0,0.11640110611915588,,,,,,,,,,,,,,,,
628,0.9281304478645325,-0.6058006882667542,0.004038283601403236,0.004040439613163471,1.117390752369829e-06,0.9200681447982788,0.9200331568717957,0.0,0.0001948032877407968,0.0,0.0,0.0,0.11628158390522003,,,,,,,,,,,,,,,,
629,0.9279758930206299,-0.6041249632835388,0.003920183517038822,0.003923820797353983,1.1594139550652471e-06,0.9201563000679016,0.9201050996780396,0.0,0.0002371535956626758,0.0,0.0,0.0,0.1166437566280365,,,,,,,,,,,,,,,,
630,0.9279926419258118,-0.6051896214485168,0.004021915607154369,0.0040369657799601555,7.975480002642144e-06,0.9199586510658264,0.9198930263519287,0.0,0.0003195823519490659,0.0,0.0,0.0,0.11644401401281357,,,,,,,,,,,,,,,,
631,0.928038477897644,-0.6071167588233948,0.003972519654780626,0.003965986426919699,3.292701364898676e-07,0.9201040267944336,0.9200952649116516,0.0,0.00030511972727254033,0.0,0.0,0.0,0.11645691096782684,,,,,,,,,,,,,,,,
632,0.9282387495040894,-0.6072118282318115,0.004044481087476015,0.0040554143488407135,4.860655735683395e-07,0.9201646447181702,0.920112133026123,0.0,0.0003049240040127188,0.0,0.0,0.0,0.11634193360805511,,,,,,,,,,,,,,,,
633,0.9280495643615723,-0.6096349358558655,0.00411552470177412,0.004107531625777483,1.507597971794894e-06,0.9198313355445862,0.9198186993598938,0.0,0.0002570326323620975,0.0,0.0,0.0,0.11656447499990463,,,,,,,,,,,,,,,,
634,0.928025484085083,-0.607943594455719,0.003984533715993166,0.004003745503723621,1.2008293879262055e-06,0.9200819134712219,0.9199901223182678,0.0,0.00032705458579584956,0.0,0.0,0.0,0.11621212959289551,,,,,,,,,,,,,,,,
635,0.9280921816825867,-0.6086891889572144,0.003952271305024624,0.003960441332310438,9.31600879994221e-07,0.9201860427856445,0.9201710820198059,0.0,0.00036729854764416814,0.0,0.0,0.0,0.11616123467683792,,,,,,,,,,,,,,,,
636,0.9280659556388855,-0.6094943284988403,0.004099268466234207,0.00407180842012167,2.0857826257270062e-06,0.9198775291442871,0.9199080467224121,0.0,0.00029519503004848957,0.0,0.0,0.0,0.11657308787107468,,,,,,,,,,,,,,,,
637,0.9282020330429077,-0.6146634817123413,0.004115768242627382,0.004079167265444994,5.987598683532269e-07,0.9200057983398438,0.9200071692466736,0.0,0.00026447264826856554,0.0,0.0,0.0,0.11576463282108307,,,,,,,,,,,,,,,,
638,0.9282007813453674,-0.6103079915046692,0.004207965452224016,0.0042149838991463184,5.98052508848923e-07,0.9197852611541748,0.9197691679000854,0.0,0.000321307685226202,0.0,0.0,0.0,0.11658976972103119,,,,,,,,,,,,,,,,
639,0.9279314875602722,-0.607672393321991,0.004030258394777775,0.004002927336841822,1.39316455260996e-07,0.9198805093765259,0.9199157357215881,0.0,0.00024245399981737137,0.0,0.0,0.0,0.11689945310354233,,,,,,,,,,,,,,,,
640,0.9279522895812988,-0.611844539642334,0.003977278247475624,0.003974389750510454,6.572089716883056e-08,0.9200112819671631,0.9199898838996887,0.0,0.00024878536351025105,0.0,0.0,0.0,0.11573780328035355,,,,,,,,,,,,,,,,
641,0.9281399250030518,-0.6181668639183044,0.00406254269182682,0.004051159601658583,5.0572840137874664e-08,0.9200261831283569,0.9200261235237122,0.0,0.00021897556143812835,0.0,0.0,0.0,0.11628401279449463,,,,,,,,,,,,,,,,
642,0.9280672669410706,-0.6165956854820251,0.004199387039989233,0.0041623362340033054,1.7918202388500504e-07,0.9196966290473938,0.919714093208313,0.0,0.00023531792976427823,0.0,0.0,0.0,0.11598570644855499,,,,,,,,,,,,,,,,
643,0.9280585050582886,-0.6130691170692444,0.003995217848569155,0.0039924015291035175,9.801355105309995e-08,0.9200718998908997,0.9200695753097534,0.0,0.00026472483295947313,0.0,0.0,0.0,0.11615976691246033,,,,,,,,,,,,,,,,
644,0.9281163215637207,-0.6127214431762695,0.004063436761498451,0.004031133372336626,3.8140788660712133e-07,0.9200034141540527,0.9200392961502075,0.0,0.00016309237980749458,0.0,0.0,0.0,0.11686529219150543,,,,,,,,,,,,,,,,
645,0.9281120300292969,-0.6150402426719666,0.004006970673799515,0.004003249574452639,3.0351847613019345e-07,0.9201167225837708,0.9200862646102905,0.0,0.0002330478746443987,0.0,0.0,0.0,0.11662198603153229,,,,,,,,,,,,,,,,
646,0.9280059337615967,-0.6162159442901611,0.00398030923679471,0.004010274074971676,2.5686085791676305e-07,0.9200626611709595,0.919967532157898,0.0,0.00023770974075887352,0.0,0.0,0.0,0.116556815803051,,,,,,,,,,,,,,,,
647,0.9280204176902771,-0.6139689683914185,0.003983786795288324,0.003968320786952972,5.341932052260745e-08,0.9200634360313416,0.9200731515884399,0.0,0.00017948733875527978,0.0,0.0,0.0,0.11612462252378464,,,,,,,,,,,,,,,,
648,0.9278977513313293,-0.6136892437934875,0.0038507848512381315,0.003867756575345993,5.467041432893893e-07,0.9202072620391846,0.9201499819755554,0.0,0.0002240079193143174,0.0,0.0,0.0,0.11640433222055435,,,,,,,,,,,,,,,,
649,0.9281152486801147,-0.6191775798797607,0.003939951304346323,0.003939705900847912,1.1497040759422816e-06,0.9202205538749695,0.9202483296394348,0.0,0.00017240368470083922,0.0,0.0,0.0,0.11731051653623581,,,,,,,,,,,,,,,,
650,0.9280833601951599,-0.6196838021278381,0.004057045094668865,0.004026796203106642,1.0675247352764927e-07,0.9199792742729187,0.9200195670127869,0.0,0.00021145019854884595,0.0,0.0,0.0,0.11728188395500183,,,,,,,,,,,,,,,,
651,0.9280386567115784,-0.6221698522567749,0.004003172740340233,0.0040078903548419476,1.3038120982855617e-07,0.920033872127533,0.9200209975242615,0.0,0.00024709312128834426,0.0,0.0,0.0,0.11676041781902313,,,,,,,,,,,,,,,,
652,0.9279159903526306,-0.6207970380783081,0.003964872565120459,0.00392706086859107,6.006947842251975e-06,0.9199903607368469,0.9200458526611328,0.0,0.00021958477736916393,0.0,0.0,0.0,0.11662343144416809,,,,,,,,,,,,,,,,
653,0.9279810190200806,-0.6165419816970825,0.004003393463790417,0.0039499192498624325,1.679662091191858e-06,0.9199965000152588,0.9200555086135864,0.0,0.00014498842938337475,0.0,0.0,0.0,0.11661171168088913,,,,,,,,,,,,,,,,
654,0.9280109405517578,-0.623024046421051,0.004043896682560444,0.00404893234372139,6.629155677728704e-07,0.9199212789535522,0.919913649559021,0.0,0.00026772840647026896,0.0,0.0,0.0,0.11636833101511002,,,,,,,,,,,,,,,,
655,0.9279601573944092,-0.6216347217559814,0.004006617236882448,0.003992962185293436,6.622227601837949e-07,0.9199702739715576,0.9199495315551758,0.0,0.00027552861138246953,0.0,0.0,0.0,0.11623454838991165,,,,,,,,,,,,,,,,
656,0.928023636341095,-0.6195643544197083,0.00408446928486228,0.004064136650413275,6.204633677953098e-07,0.9198741316795349,0.9198747277259827,0.0,0.0002569392090663314,0.0,0.0,0.0,0.11609115451574326,,,,,,,,,,,,,,,,
657,0.9280666708946228,-0.6193611025810242,0.004011862445622683,0.004031759686768055,5.121417530062899e-07,0.9200586080551147,0.9199864864349365,0.0,0.0002595319820102304,0.0,0.0,0.0,0.11688284575939178,,,,,,,,,,,,,,,,
658,0.9279838800430298,-0.6257322430610657,0.003949298523366451,0.003968451172113419,3.625081603786384e-07,0.9201017022132874,0.9200297594070435,0.0,0.0002653466071933508,0.0,0.0,0.0,0.11629761755466461,,,,,,,,,,,,,,,,
659,0.9280526638031006,-0.627241849899292,0.0039603556506335735,0.003984718583524227,4.659805767914804e-07,0.9201276302337646,0.920086681842804,0.0,0.0002461746335029602,0.0,0.0,0.0,0.11623843759298325,,,,,,,,,,,,,,,,
660,0.9279355406761169,-0.6233595013618469,0.003960811533033848,0.003969684708863497,6.7254740088174e-07,0.9200326800346375,0.9199760556221008,0.0,0.00017020430823322386,0.0,0.0,0.0,0.11642102897167206,,,,,,,,,,,,,,,,
661,0.9280372858047485,-0.6294402480125427,0.004122252110391855,0.00415842467918992,9.020411653182236e-07,0.9197880029678345,0.919723391532898,0.0,0.0002782824740279466,0.0,0.0,0.0,0.11624681204557419,,,,,,,,,,,,,,,,
662,0.928063690662384,-0.6268372535705566,0.00390884792432189,0.0039186677895486355,3.1359206786873983e-07,0.9202519059181213,0.9202198386192322,0.0,0.00022558086493518203,0.0,0.0,0.0,0.11617638915777206,,,,,,,,,,,,,,,,
663,0.9280118346214294,-0.6235130429267883,0.0038593283388763666,0.003849601373076439,1.354773075945559e-07,0.9203070402145386,0.9202985167503357,0.0,0.0002622374158818275,0.0,0.0,0.0,0.11610043793916702,,,,,,,,,,,,,,,,
664,0.9280385375022888,-0.6239966154098511,0.003995098639279604,0.003997572232037783,1.5516156963713001e-06,0.9200389981269836,0.9200496077537537,0.0,0.00025998384808190167,0.0,0.0,0.0,0.1162571981549263,,,,,,,,,,,,,,,,
665,0.9280660152435303,-0.6245996952056885,0.004040070343762636,0.003991967067122459,4.1434836361986527e-07,0.9200101494789124,0.9200570583343506,0.0,0.0002611371746752411,0.0,0.0,0.0,0.11608364433050156,,,,,,,,,,,,,,,,
666,0.9281390905380249,-0.6312242746353149,0.003994455561041832,0.0039878468960523605,4.829835802411253e-07,0.9201526641845703,0.9201599359512329,0.0,0.0002608959621284157,0.0,0.0,0.0,0.11601671576499939,,,,,,,,,,,,,,,,
667,0.9280909895896912,-0.6343856453895569,0.004095661919564009,0.004104199353605509,1.1855728843102042e-07,0.9199010729789734,0.9198809862136841,0.0,0.00016838678857311606,0.0,0.0,0.0,0.11615803092718124,,,,,,,,,,,,,,,,
668,0.9280231595039368,-0.6323645114898682,0.004066461697220802,0.004027791786938906,9.404164558191042e-08,0.9198920130729675,0.9199655055999756,0.0,0.0002304059744346887,0.0,0.0,0.0,0.11573950946331024,,,,,,,,,,,,,,,,
669,0.9281206130981445,-0.6324920654296875,0.004034318495541811,0.00404643639922142,4.0992401295625314e-07,0.9200556874275208,0.9200232625007629,0.0,0.0002173613611375913,0.0,0.0,0.0,0.11615448445081711,,,,,,,,,,,,,,,,
670,0.9281372427940369,-0.6320096254348755,0.004151943139731884,0.004139293916523457,6.663630074399407e-07,0.9198405146598816,0.9198501706123352,0.0,0.0003031546948477626,0.0,0.0,0.0,0.11571580916643143,,,,,,,,,,,,,,,,
671,0.928039014339447,-0.6339961290359497,0.004072200041264296,0.004034528974443674,2.5801327296903764e-07,0.9199048280715942,0.9199591875076294,0.0,0.00023025061818771064,0.0,0.0,0.0,0.11664214730262756,,,,,,,,,,,,,,,,
672,0.9280491471290588,-0.6328287124633789,0.00412842258810997,0.004130696412175894,1.560890950713656e-06,0.9198004603385925,0.919776439666748,0.0,0.0002440754178678617,0.0,0.0,0.0,0.1155809536576271,,,,,,,,,,,,,,,,
673,0.9280781149864197,-0.6318584084510803,0.004094621632248163,0.004084068816155195,1.1297333912807517e-06,0.9198997020721436,0.9198967814445496,0.0,0.00027820304967463017,0.0,0.0,0.0,0.11609900742769241,,,,,,,,,,,,,,,,
674,0.9279444813728333,-0.6344776749610901,0.0038439359050244093,0.0038592664059251547,1.3741309885517694e-06,0.9202654957771301,0.9202142953872681,0.0,0.00019014449208043516,0.0,0.0,0.0,0.11679186671972275,,,,,,,,,,,,,,,,
675,0.9279569387435913,-0.6335791945457458,0.003978411667048931,0.0039967321790754795,2.242302571175969e-06,0.9200035333633423,0.9199556112289429,0.0,0.00030604685889557004,0.0,0.0,0.0,0.11643331497907639,,,,,,,,,,,,,,,,
676,0.9280223250389099,-0.6342952251434326,0.004058565013110638,0.004075443372130394,1.7824419273893e-06,0.9199274778366089,0.9198455810546875,0.0,0.0002639266022015363,0.0,0.0,0.0,0.1158718541264534,,,,,,,,,,,,,,,,
677,0.9280151128768921,-0.6371118426322937,0.004023284185677767,0.004041100852191448,1.521890311551033e-07,0.9199689030647278,0.9199322462081909,0.0,0.00018767737492453307,0.0,0.0,0.0,0.11595301330089569,,,,,,,,,,,,,,,,
678,0.9279486536979675,-0.6368903517723083,0.003943226300179958,0.003963483963161707,1.068414007932006e-06,0.9200711846351624,0.920010507106781,0.0,0.00022516638273373246,0.0,0.0,0.0,0.11621931195259094,,,,,,,,,,,,,,,,
679,0.928021252155304,-0.6349108815193176,0.004099166486412287,0.004121566656976938,4.648037474908051e-07,0.9198303818702698,0.9197697639465332,0.0,0.00023463206889573485,0.0,0.0,0.0,0.11600343883037567,,,,,,,,,,,,,,,,
680,0.9280844330787659,-0.6355694532394409,0.004002143628895283,0.003998765721917152,7.955756586852658e-07,0.9200780987739563,0.9200873970985413,0.0,0.00030104699544608593,0.0,0.0,0.0,0.115741066634655,,,,,,,,,,,,,,,,
681,0.9280232787132263,-0.641334593296051,0.004011907149106264,0.003998264670372009,3.93592898717543e-07,0.9200208187103271,0.9200045466423035,0.0,0.00018891823128797114,0.0,0.0,0.0,0.11623687297105789,,,,,,,,,,,,,,,,
682,0.9280153512954712,-0.643043041229248,0.0040252674371004105,0.0040182992815971375,7.034062150523823e-07,0.9199774265289307,0.9199647903442383,0.0,0.00025538078625686467,0.0,0.0,0.0,0.11575664579868317,,,,,,,,,,,,,,,,
683,0.9280511736869812,-0.6419200301170349,0.0040415446273982525,0.004028427414596081,5.815625172544969e-07,0.9199877977371216,0.9199734926223755,0.0,0.00027592552942223847,0.0,0.0,0.0,0.11555115878582001,,,,,,,,,,,,,,,,
684,0.9280521869659424,-0.6425544023513794,0.004005660302937031,0.003992230165749788,8.82144661318307e-07,0.9200505018234253,0.9200563430786133,0.0,0.00024289129942189902,0.0,0.0,0.0,0.11542771756649017,,,,,,,,,,,,,,,,
685,0.9280318021774292,-0.639110803604126,0.004037924110889435,0.004047708120197058,1.0163489605474751e-06,0.9199560880661011,0.9199342727661133,0.0,0.00020048102305736393,0.0,0.0,0.0,0.11544900387525558,,,,,,,,,,,,,,,,
686,0.9281578063964844,-0.641627848148346,0.0039210389368236065,0.003943250514566898,7.846281846468628e-07,0.920322060585022,0.9202633500099182,0.0,0.0002383786195423454,0.0,0.0,0.0,0.11544635146856308,,,,,,,,,,,,,,,,
687,0.9280010461807251,-0.6403212547302246,0.003916852176189423,0.003921113908290863,7.569102535853744e-07,0.9201738238334656,0.9201508164405823,0.0,0.0002160345175070688,0.0,0.0,0.0,0.11551354080438614,,,,,,,,,,,,,,,,
688,0.9279791116714478,-0.6397311091423035,0.00393857853487134,0.003941257018595934,4.861028060076933e-07,0.9201056361198425,0.9200919270515442,0.0,0.00031175208278000355,0.0,0.0,0.0,0.11594310402870178,,,,,,,,,,,,,,,,
689,0.9280550479888916,-0.6453236937522888,0.003940677270293236,0.003955247346311808,5.287405997478345e-07,0.9201738238334656,0.9201434850692749,0.0,0.0002735524612944573,0.0,0.0,0.0,0.11578583717346191,,,,,,,,,,,,,,,,
690,0.928053617477417,-0.6463748216629028,0.004040087573230267,0.004037889186292887,4.5079801225256233e-07,0.9199866056442261,0.9199637770652771,0.0,0.0002576806000433862,0.0,0.0,0.0,0.11609524488449097,,,,,,,,,,,,,,,,
691,0.9279784560203552,-0.6450154781341553,0.0040245987474918365,0.003994815982878208,8.332511924891151e-07,0.9199545979499817,0.9199618101119995,0.0,0.0002505262673366815,0.0,0.0,0.0,0.11551325023174286,,,,,,,,,,,,,,,,
692,0.9281226992607117,-0.6442672610282898,0.003980392590165138,0.003972218371927738,1.1996734201602521e-06,0.9201511740684509,0.9201865196228027,0.0,0.00020114154904149473,0.0,0.0,0.0,0.11572611331939697,,,,,,,,,,,,,,,,
693,0.9280534386634827,-0.6476044654846191,0.003966078627854586,0.003963445778936148,1.1916507673959131e-06,0.9201361536979675,0.9201093912124634,0.0,0.00028494541766121984,0.0,0.0,0.0,0.11545021086931229,,,,,,,,,,,,,,,,
694,0.9279381632804871,-0.649648129940033,0.003971598576754332,0.004014522768557072,1.5562339967800654e-06,0.919988751411438,0.9199121594429016,0.0,0.0002624098560772836,0.0,0.0,0.0,0.11590409278869629,,,,,,,,,,,,,,,,
695,0.9280434846878052,-0.6476924419403076,0.0039655473083257675,0.004012731835246086,4.0666398604116694e-07,0.9201211333274841,0.9200084805488586,0.0,0.00019810980302281678,0.0,0.0,0.0,0.11647888273000717,,,,,,,,,,,,,,,,
696,0.9280221462249756,-0.6477925777435303,0.004046113230288029,0.004067480098456144,9.98137693386525e-07,0.9199474453926086,0.9198676943778992,0.0,0.00018460048886481673,0.0,0.0,0.0,0.11590347439050674,,,,,,,,,,,,,,,,
697,0.927970826625824,-0.6487593054771423,0.003963198978453875,0.003989561460912228,1.3167823453841265e-06,0.9200548529624939,0.919978678226471,0.0,0.0003391584614291787,0.0,0.0,0.0,0.11593512445688248,,,,,,,,,,,,,,,,
698,0.92799311876297,-0.6473463773727417,0.004040251951664686,0.004019467160105705,9.084997145691887e-07,0.9199254512786865,0.9199395179748535,0.0,0.00022646617435384542,0.0,0.0,0.0,0.11595640331506729,,,,,,,,,,,,,,,,
699,0.9280571341514587,-0.6509357690811157,0.003959016874432564,0.003976735752075911,1.236976231666631e-06,0.9201359748840332,0.9201042056083679,0.0,0.0002338799968129024,0.0,0.0,0.0,0.11606531590223312,,,,,,,,,,,,,,,,
700,0.92807537317276,-0.6509897112846375,0.004024794325232506,0.00402261083945632,4.1076907564274734e-07,0.9200328588485718,0.9200222492218018,0.0,0.0002467441081535071,0.0,0.0,0.0,0.11592108011245728,,,,,,,,,,,,,,,,
701,0.9280339479446411,-0.647104799747467,0.00407381309196353,0.004063029307872057,1.277417823075666e-06,0.919893741607666,0.9198979139328003,0.0,0.00021588914387393743,0.0,0.0,0.0,0.1161980852484703,,,,,,,,,,,,,,,,
702,0.9280956983566284,-0.6557232737541199,0.00399325555190444,0.004000779241323471,8.671246405356214e-07,0.9201024770736694,0.920099139213562,0.0,0.000223526731133461,0.0,0.0,0.0,0.116257444024086,,,,,,,,,,,,,,,,
703,0.9280481338500977,-0.654240071773529,0.003943832125514746,0.003952167462557554,3.1637657116334594e-07,0.920174241065979,0.9201293587684631,0.0,0.00020551039779093117,0.0,0.0,0.0,0.11608515679836273,,,,,,,,,,,,,,,,
704,0.9279680848121643,-0.6490784287452698,0.004048403352499008,0.004053742624819279,4.262211405148264e-06,0.9198769927024841,0.9198462963104248,0.0,0.00022528509725816548,0.0,0.0,0.0,0.115264892578125,,,,,,,,,,,,,,,,
705,0.92818683385849,-0.6494949460029602,0.0039420537650585175,0.003942806273698807,2.594553620838269e-07,0.9203224182128906,0.9202810525894165,0.0,0.00025098377955146134,0.0,0.0,0.0,0.11530627310276031,,,,,,,,,,,,,,,,
706,0.9281148910522461,-0.6567431688308716,0.003927711397409439,0.003965577110648155,4.362590004802769e-07,0.9202807545661926,0.9201615452766418,0.0,0.00023218782735057175,0.0,0.0,0.0,0.11535152047872543,,,,,,,,,,,,,,,,
707,0.9280914068222046,-0.6584094762802124,0.0039641945622861385,0.00400141766294837,1.5192669025054784e-06,0.9201648235321045,0.9200838208198547,0.0,0.00019900592451449484,0.0,0.0,0.0,0.11544754356145859,,,,,,,,,,,,,,,,
708,0.927995502948761,-0.6515340805053711,0.0040157753974199295,0.004037680570036173,7.154475412107786e-08,0.9199704527854919,0.9199134707450867,0.0,0.00017120949632953852,0.0,0.0,0.0,0.11497579514980316,,,,,,,,,,,,,,,,
709,0.9281274676322937,-0.6554348468780518,0.0039071510545909405,0.00391328614205122,1.0087562714033993e-06,0.9203006625175476,0.9203113913536072,0.0,0.00017236043640878052,0.0,0.0,0.0,0.11552850902080536,,,,,,,,,,,,,,,,
710,0.9281163811683655,-0.6626092791557312,0.004057032987475395,0.004055528901517391,1.864642513282888e-06,0.9200107455253601,0.9199932217597961,0.0,0.00023110218171495944,0.0,0.0,0.0,0.11506783217191696,,,,,,,,,,,,,,,,
711,0.9279944896697998,-0.6590434908866882,0.003978375345468521,0.003971780650317669,3.582801468837715e-07,0.920043408870697,0.9200444221496582,0.0,0.0002560564607847482,0.0,0.0,0.0,0.11539629101753235,,,,,,,,,,,,,,,,
712,0.9280019998550415,-0.6521269083023071,0.004021465312689543,0.004002066794782877,2.0100685560464626e-06,0.919951856136322,0.9200010299682617,0.0,0.00026378966867923737,0.0,0.0,0.0,0.11544959247112274,,,,,,,,,,,,,,,,
713,0.9280986189842224,-0.6555880904197693,0.004029247909784317,0.004020689055323601,1.3072016713522316e-07,0.9200404286384583,0.9200566411018372,0.0,0.00017784466035664082,0.0,0.0,0.0,0.11559250205755234,,,,,,,,,,,,,,,,
714,0.9279506206512451,-0.6640505194664001,0.003935835789889097,0.003952985629439354,4.384920657685143e-07,0.9200726747512817,0.9200500845909119,0.0,0.00019657357188407332,0.0,0.0,0.0,0.11581124365329742,,,,,,,,,,,,,,,,
715,0.927954912185669,-0.6645721197128296,0.004051810596138239,0.004042499698698521,4.956770567332569e-07,0.9198577404022217,0.9198625087738037,0.0,0.00024084767210297287,0.0,0.0,0.0,0.11573150008916855,,,,,,,,,,,,,,,,
716,0.9280311465263367,-0.6552750468254089,0.004094963427633047,0.004057115409523249,2.629100663398276e-06,0.9198517203330994,0.9199011325836182,0.0,0.00026433332823216915,0.0,0.0,0.0,0.11551563441753387,,,,,,,,,,,,,,,,
717,0.9280962944030762,-0.6612608432769775,0.003952301573008299,0.003938105423003435,1.5424343757786119e-07,0.9202092289924622,0.9202021360397339,0.0,0.00024780858075246215,0.0,0.0,0.0,0.11590864509344101,,,,,,,,,,,,,,,,
718,0.9280487298965454,-0.6668704152107239,0.003916810266673565,0.003904294455423951,6.340954996630899e-07,0.9202383756637573,0.9202156066894531,0.0,0.0002254995342809707,0.0,0.0,0.0,0.11584310233592987,,,,,,,,,,,,,,,,
719,0.9280877709388733,-0.6602126955986023,0.004024442285299301,0.004034212324768305,6.220938075784943e-07,0.920041561126709,0.9200154542922974,0.0,0.0003749867610167712,0.0,0.0,0.0,0.11578714102506638,,,,,,,,,,,,,,,,
720,0.9281115531921387,-0.6587398648262024,0.0040551526471972466,0.004074368160218,4.96015809403616e-06,0.9200069308280945,0.9199472665786743,0.0,0.00023038878862280399,0.0,0.0,0.0,0.11608871817588806,,,,,,,,,,,,,,,,
721,0.9281893968582153,-0.6652615070343018,0.0040580593049526215,0.004080190323293209,1.8728594852746028e-07,0.9200873374938965,0.9200146198272705,0.0,0.0002743091608863324,0.0,0.0,0.0,0.11577413231134415,,,,,,,,,,,,,,,,
722,0.9280392527580261,-0.6720923185348511,0.003955130465328693,0.003951932769268751,7.910720682957617e-07,0.9201407432556152,0.9201220273971558,0.0,0.0002775854663923383,0.0,0.0,0.0,0.11631361395120621,,,,,,,,,,,,,,,,
723,0.9282442331314087,-0.6592944264411926,0.004138607531785965,0.004142353311181068,4.925417442791513e-07,0.9199752807617188,0.9199502468109131,0.0,0.00021600715990643948,0.0,0.0,0.0,0.11576618999242783,,,,,,,,,,,,,,,,
724,0.9281241297721863,-0.6604303121566772,0.003943270538002253,0.003958511166274548,6.872552376080421e-07,0.9202383756637573,0.9202050566673279,0.0,0.00023338961182162166,0.0,0.0,0.0,0.11555736511945724,,,,,,,,,,,,,,,,
725,0.9280458092689514,-0.671000599861145,0.003980069886893034,0.003979087341576815,1.3108343637213693e-06,0.9200953841209412,0.9200753569602966,0.0,0.00026431019068695605,0.0,0.0,0.0,0.11567562073469162,,,,,,,,,,,,,,,,
726,0.9282777905464172,-0.6702815294265747,0.004184072837233543,0.004181961994618177,2.0581060766744486e-07,0.9199164509773254,0.9199066758155823,0.0,0.00023424558457918465,0.0,0.0,0.0,0.11590564250946045,,,,,,,,,,,,,,,,
727,0.9280579686164856,-0.6612538695335388,0.0041971392929553986,0.004183699376881123,8.918172511584999e-07,0.9196758270263672,0.919676661491394,0.0,0.00019135361071676016,0.0,0.0,0.0,0.11566222459077835,,,,,,,,,,,,,,,,
728,0.9281206130981445,-0.6687982678413391,0.003934983629733324,0.0039337933994829655,1.9769403536429309e-07,0.9202597737312317,0.9202435612678528,0.0,0.00020854266767855734,0.0,0.0,0.0,0.11574114859104156,,,,,,,,,,,,,,,,
729,0.9279757738113403,-0.674824059009552,0.004025481175631285,0.004029365256428719,2.7048108108829183e-07,0.9199300408363342,0.9199113845825195,0.0,0.00016437613521702588,0.0,0.0,0.0,0.11566455662250519,,,,,,,,,,,,,,,,
730,0.9281259179115295,-0.6697824001312256,0.004063308238983154,0.0040796189568936825,3.265307100264181e-07,0.9200113415718079,0.9199540019035339,0.0,0.0002789338759612292,0.0,0.0,0.0,0.1155775859951973,,,,,,,,,,,,,,,,
731,0.9280617237091064,-0.6638413667678833,0.004014586564153433,0.00399373471736908,1.5677846931794193e-07,0.9200349450111389,0.9200716018676758,0.0,0.00024055404355749488,0.0,0.0,0.0,0.11569654941558838,,,,,,,,,,,,,,,,
732,0.928061842918396,-0.6688752770423889,0.003874491434544325,0.0038761459290981293,1.3189769560995046e-06,0.9203139543533325,0.9203057885169983,0.0,0.00020859843061771244,0.0,0.0,0.0,0.11607614159584045,,,,,,,,,,,,,,,,
733,0.9280816316604614,-0.670616626739502,0.003920803777873516,0.003897234098985791,1.751066406541213e-06,0.9202478528022766,0.9202758073806763,0.0,0.00020487331494223326,0.0,0.0,0.0,0.1157258078455925,,,,,,,,,,,,,,,,
734,0.928059458732605,-0.6702013611793518,0.003910932224243879,0.0038587332237511873,1.3860760645911796e-06,0.9202495217323303,0.9203272461891174,0.0,0.00020195994875393808,0.0,0.0,0.0,0.11558613181114197,,,,,,,,,,,,,,,,
735,0.9281326532363892,-0.6692937016487122,0.004015428479760885,0.003970982041209936,1.9024367929887376e-06,0.920102596282959,0.9201860427856445,0.0,0.00024007921456359327,0.0,0.0,0.0,0.11531674116849899,,,,,,,,,,,,,,,,
736,0.9280920624732971,-0.6762439608573914,0.004065508022904396,0.004051452502608299,5.08790549247351e-07,0.9199589490890503,0.9199902415275574,0.0,0.0002238591550849378,0.0,0.0,0.0,0.11609088629484177,,,,,,,,,,,,,,,,
737,0.927990734577179,-0.6739405989646912,0.00405842624604702,0.004058312624692917,5.080491405351495e-07,0.9198794960975647,0.9198674559593201,0.0,0.00023256540589500219,0.0,0.0,0.0,0.11538270860910416,,,,,,,,,,,,,,,,
738,0.928003191947937,-0.6730050444602966,0.003954279236495495,0.003946227021515369,2.128993173755589e-06,0.9201059937477112,0.9200950860977173,0.0,0.00021444616140797734,0.0,0.0,0.0,0.11560307443141937,,,,,,,,,,,,,,,,
739,0.9279333353042603,-0.6756790280342102,0.004008354619145393,0.004026841372251511,9.150940059043933e-07,0.9199209809303284,0.9198734164237976,0.0,0.00027485741884447634,0.0,0.0,0.0,0.11508255451917648,,,,,,,,,,,,,,,,
740,0.928102433681488,-0.6766859292984009,0.004080093931406736,0.004114291165024042,2.5158747121167835e-06,0.9199562668800354,0.9198547601699829,0.0,0.00019408462685532868,0.0,0.0,0.0,0.1156780943274498,,,,,,,,,,,,,,,,
741,0.9280350804328918,-0.6710765957832336,0.004062023013830185,0.004077718127518892,3.4344654409323994e-07,0.9199143648147583,0.9198756217956543,0.0,0.0002723873476497829,0.0,0.0,0.0,0.11499826610088348,,,,,,,,,,,,,,,,
742,0.9281937479972839,-0.6768114566802979,0.0041511948220431805,0.004188641905784607,2.4551818000873027e-07,0.9198846817016602,0.9198226928710938,0.0,0.00020088783639948815,0.0,0.0,0.0,0.1156652495265007,,,,,,,,,,,,,,,,
743,0.9279999732971191,-0.6785337924957275,0.0040067583322525024,0.004017105791717768,2.10733489325321e-07,0.9199899435043335,0.9199618101119995,0.0,0.00027261493960395455,0.0,0.0,0.0,0.1149444580078125,,,,,,,,,,,,,,,,
744,0.9281192421913147,-0.6780616044998169,0.003911360166966915,0.003940720111131668,4.187200630667576e-08,0.9202790260314941,0.9202552437782288,0.0,0.00023688797955401242,0.0,0.0,0.0,0.1161482036113739,,,,,,,,,,,,,,,,
745,0.9282314777374268,-0.6731145977973938,0.004022861830890179,0.004042159300297499,2.9250801958369266e-07,0.9201837778091431,0.9201484322547913,0.0,0.00018779067613650113,0.0,0.0,0.0,0.1155523732304573,,,,,,,,,,,,,,,,
746,0.9283009767532349,-0.6793696880340576,0.004049442242830992,0.004037358332425356,4.530898536359018e-07,0.9202057123184204,0.920221745967865,0.0,0.0002771552244666964,0.0,0.0,0.0,0.11526583880186081,,,,,,,,,,,,,,,,
747,0.9280865788459778,-0.6822643280029297,0.003947896882891655,0.003967862110584974,3.899322393863258e-07,0.9201918840408325,0.920149028301239,0.0,0.0002555363462306559,0.0,0.0,0.0,0.11506280303001404,,,,,,,,,,,,,,,,
748,0.9280684590339661,-0.6822770237922668,0.0039673177525401115,0.003971015103161335,1.0195045518912593e-07,0.9201428890228271,0.920117199420929,0.0,0.00027054816018790007,0.0,0.0,0.0,0.1157180517911911,,,,,,,,,,,,,,,,
749,0.9281517267227173,-0.6808019876480103,0.004027058836072683,0.004051204305142164,1.2907835298392456e-06,0.9201028943061829,0.9200414419174194,0.0,0.0002612834214232862,0.0,0.0,0.0,0.11555643379688263,,,,,,,,,,,,,,,,
750,0.9280333518981934,-0.6833662986755371,0.00395395839586854,0.003943742252886295,9.9604221759364e-07,0.9201253056526184,0.9201440215110779,0.0,0.0002544340386521071,0.0,0.0,0.0,0.11542432755231857,,,,,,,,,,,,,,,,
751,0.9280644059181213,-0.6840657591819763,0.004137848503887653,0.004124147817492485,1.3145701132089016e-06,0.919802188873291,0.9198000431060791,0.0,0.00023507575679104775,0.0,0.0,0.0,0.11540797352790833,,,,,,,,,,,,,,,,
752,0.9279410243034363,-0.6814289689064026,0.004018345847725868,0.004011369310319424,5.27298823271849e-07,0.9199116826057434,0.9199098944664001,0.0,0.00024214177392423153,0.0,0.0,0.0,0.11485569179058075,,,,,,,,,,,,,,,,
753,0.9280053377151489,-0.6851589679718018,0.0039220210164785385,0.0039275516755878925,1.1048940677937935e-06,0.9201643466949463,0.9201450347900391,0.0,0.00013242203567642719,0.0,0.0,0.0,0.11521027237176895,,,,,,,,,,,,,,,,
754,0.9280024170875549,-0.684837281703949,0.0040847137570381165,0.004083249252289534,1.875532461781404e-06,0.9198494553565979,0.9198157787322998,0.0,0.00025513212312944233,0.0,0.0,0.0,0.11566577106714249,,,,,,,,,,,,,,,,
755,0.9280076622962952,-0.6831156611442566,0.003990040626376867,0.004003699403256178,7.26314112853288e-07,0.9200360178947449,0.9199903011322021,0.0,0.00023450829030480236,0.0,0.0,0.0,0.11567160487174988,,,,,,,,,,,,,,,,
756,0.92803955078125,-0.6849541068077087,0.0040099117904901505,0.003999922890216112,6.985251275182236e-07,0.9200292825698853,0.920028805732727,0.0,0.0002464789431542158,0.0,0.0,0.0,0.11528220772743225,,,,,,,,,,,,,,,,
757,0.9280214309692383,-0.6845237612724304,0.003987526521086693,0.003948299214243889,6.686316851300944e-07,0.9200751185417175,0.9200947284698486,0.0,0.00034765564487315714,0.0,0.0,0.0,0.11543436348438263,,,,,,,,,,,,,,,,
758,0.9280878305435181,-0.689877986907959,0.003965947777032852,0.003957122564315796,1.7882379665934423e-07,0.9201770424842834,0.9201520681381226,0.0,0.00029132896452210844,0.0,0.0,0.0,0.11560708284378052,,,,,,,,,,,,,,,,
759,0.9280478358268738,-0.6870679259300232,0.004011551849544048,0.004022917244583368,9.854221616478753e-08,0.9200292825698853,0.9199972152709961,0.0,0.0003317082591820508,0.0,0.0,0.0,0.11573795229196548,,,,,,,,,,,,,,,,
760,0.9280344843864441,-0.6864743232727051,0.004005842842161655,0.004006658215075731,9.040122108672222e-07,0.920019805431366,0.9200223684310913,0.0,0.00023391707509290427,0.0,0.0,0.0,0.1159113198518753,,,,,,,,,,,,,,,,
761,0.9279660582542419,-0.6873234510421753,0.004007395356893539,0.0040220278315246105,4.364410983725975e-07,0.919964611530304,0.919907808303833,0.0,0.00020268774824216962,0.0,0.0,0.0,0.11522866040468216,,,,,,,,,,,,,,,,
762,0.9281570315361023,-0.6873684525489807,0.004044931381940842,0.004029252100735903,1.020956005959306e-06,0.9200907349586487,0.9200729131698608,0.0,0.0002089572953991592,0.0,0.0,0.0,0.11556946486234665,,,,,,,,,,,,,,,,
763,0.9280734658241272,-0.6894484162330627,0.0039260368794202805,0.00392023054882884,1.6680703538440866e-06,0.9202322959899902,0.9202186465263367,0.0,0.00027388043235987425,0.0,0.0,0.0,0.11507748067378998,,,,,,,,,,,,,,,,
764,0.9280591011047363,-0.6885688304901123,0.003991398494690657,0.004005999770015478,9.071600288734771e-07,0.9200828075408936,0.9200388193130493,0.0,0.00032932087196968496,0.0,0.0,0.0,0.11480657011270523,,,,,,,,,,,,,,,,
765,0.9280453324317932,-0.6900166273117065,0.0040165726095438,0.004015209618955851,1.4430298733714153e-06,0.9200140833854675,0.9200101494789124,0.0,0.0002845253620762378,0.0,0.0,0.0,0.1157158762216568,,,,,,,,,,,,,,,,
766,0.9279778599739075,-0.6917210221290588,0.004076075740158558,0.004066274967044592,5.486485292749421e-07,0.9198254942893982,0.9198444485664368,0.0,0.0002274928119732067,0.0,0.0,0.0,0.11485680192708969,,,,,,,,,,,,,,,,
767,0.9280437231063843,-0.6928492188453674,0.004061251413077116,0.004034436773508787,3.8357478615580476e-07,0.9199348092079163,0.9199603796005249,0.0,0.00022396007261704654,0.0,0.0,0.0,0.11483259499073029,,,,,,,,,,,,,,,,
768,0.9281987547874451,-0.6919749975204468,0.004093823488801718,0.00410845223814249,7.879838790358917e-07,0.9200094938278198,0.9199817776679993,0.0,0.0002251209516543895,0.0,0.0,0.0,0.11460278183221817,,,,,,,,,,,,,,,,
769,0.9282928705215454,-0.6932477951049805,0.004128576721996069,0.004085163585841656,2.4202537929340906e-07,0.9200422167778015,0.9201155304908752,0.0,9.180502820527181e-05,0.0,0.0,0.0,0.1147637814283371,,,,,,,,,,,,,,,,
770,0.9281244874000549,-0.6923196911811829,0.004005366005003452,0.0039928629994392395,8.814513989818806e-07,0.9201169610023499,0.9201337695121765,0.0,0.00021242773800622672,0.0,0.0,0.0,0.11481840908527374,,,,,,,,,,,,,,,,
771,0.9280433654785156,-0.6944767832756042,0.004071443807333708,0.004057714249938726,3.153784291498596e-07,0.9199085235595703,0.9199193120002747,0.0,0.000261302397120744,0.0,0.0,0.0,0.11430520564317703,,,,,,,,,,,,,,,,
772,0.9280637502670288,-0.6953312754631042,0.003971894737333059,0.003952991217374802,2.102737880704808e-06,0.9201266169548035,0.9201468825340271,0.0,0.00024162833869922906,0.0,0.0,0.0,0.11439044773578644,,,,,,,,,,,,,,,,
773,0.9280964732170105,-0.6958369016647339,0.003979699686169624,0.003970039542764425,1.9062225931065768e-07,0.9201453328132629,0.920147716999054,0.0,0.0001822230697143823,0.0,0.0,0.0,0.11500721424818039,,,,,,,,,,,,,,,,
774,0.9280638098716736,-0.6948630809783936,0.004092445131391287,0.004097741097211838,5.023192102271423e-07,0.9198783040046692,0.919867992401123,0.0,0.00019976547628175467,0.0,0.0,0.0,0.11502863466739655,,,,,,,,,,,,,,,,
775,0.9282495975494385,-0.6958401799201965,0.003993378486484289,0.003977328073233366,1.017347472043184e-06,0.9202653169631958,0.920290470123291,0.0,0.00024086864141281694,0.0,0.0,0.0,0.11510130763053894,,,,,,,,,,,,,,,,
776,0.9280809164047241,-0.6966084241867065,0.003944951109588146,0.003948151599615812,1.2050511486449977e-06,0.920195996761322,0.9201773405075073,0.0,0.0001826099178288132,0.0,0.0,0.0,0.11464446038007736,,,,,,,,,,,,,,,,
777,0.9280003905296326,-0.6996500492095947,0.003984647337347269,0.00397786870598793,9.400779390489333e-07,0.9200392365455627,0.9200345277786255,0.0,0.0002211073733633384,0.0,0.0,0.0,0.11492069065570831,,,,,,,,,,,,,,,,
778,0.9281010627746582,-0.7000518441200256,0.003950347658246756,0.003910507541149855,2.931216727120045e-07,0.9202110171318054,0.9202687740325928,0.0,0.00020377054170239717,0.0,0.0,0.0,0.11522796005010605,,,,,,,,,,,,,,,,
779,0.9280945658683777,-0.6983322501182556,0.003994633909314871,0.003986871335655451,1.147352861607942e-07,0.9201112389564514,0.9201146960258484,0.0,0.00018294253095518798,0.0,0.0,0.0,0.11508116871118546,,,,,,,,,,,,,,,,
780,0.9280136227607727,-0.6994200944900513,0.00401927437633276,0.00401551416143775,1.3698628720248962e-07,0.9199783802032471,0.9199789762496948,0.0,0.00023869397409725934,0.0,0.0,0.0,0.11517356336116791,,,,,,,,,,,,,,,,
781,0.9280673265457153,-0.7007908225059509,0.0039891027845442295,0.003965495619922876,1.304690186998414e-07,0.9200911521911621,0.9201341271400452,0.0,0.0002435864444123581,0.0,0.0,0.0,0.11513624340295792,,,,,,,,,,,,,,,,
782,0.9279982447624207,-0.7014498710632324,0.003989694640040398,0.0039807213470339775,6.830702545812528e-07,0.9200292825698853,0.9200249910354614,0.0,0.00017733538697939366,0.0,0.0,0.0,0.11463045328855515,,,,,,,,,,,,,,,,
783,0.92812180519104,-0.7043480277061462,0.004121224861592054,0.004113055299967527,1.1357657569988078e-07,0.919893741607666,0.9198811054229736,0.0,0.00015866797184571624,0.0,0.0,0.0,0.11523979902267456,,,,,,,,,,,,,,,,
784,0.928102970123291,-0.7034540772438049,0.0040291352197527885,0.004024622496217489,2.3246433045187587e-07,0.9200543165206909,0.9200435876846313,0.0,0.00021574570564553142,0.0,0.0,0.0,0.11456853896379471,,,,,,,,,,,,,,,,
785,0.9280826449394226,-0.7028037905693054,0.004048529546707869,0.0040572513826191425,2.172821496060351e-07,0.9200038313865662,0.919949471950531,0.0,0.00028684487915597856,0.0,0.0,0.0,0.11511077731847763,,,,,,,,,,,,,,,,
786,0.9280710220336914,-0.6962925791740417,0.004046447109431028,0.004040966276079416,2.798774119128211e-07,0.9199904799461365,0.9199761748313904,0.0,0.00012104499182896689,0.0,0.0,0.0,0.1146787479519844,,,,,,,,,,,,,,,,
787,0.9280689358711243,-0.7050278782844543,0.003989852964878082,0.004027926363050938,2.337319983780617e-06,0.9200875759124756,0.9200101494789124,0.0,0.00029327237280085683,0.0,0.0,0.0,0.11473223567008972,,,,,,,,,,,,,,,,
788,0.9280740022659302,-0.7092928886413574,0.003992110025137663,0.0040128109976649284,1.740929178595252e-08,0.9201001524925232,0.9200379252433777,0.0,0.00014375196769833565,0.0,0.0,0.0,0.11534890532493591,,,,,,,,,,,,,,,,
789,0.9281214475631714,-0.7028109431266785,0.003958106506615877,0.003975158557295799,4.5572744511446217e-07,0.9201996326446533,0.9201757311820984,0.0,0.00023301657347474247,0.0,0.0,0.0,0.1149425357580185,,,,,,,,,,,,,,,,
790,0.9280372262001038,-0.7022261023521423,0.003962104674428701,0.003966725431382656,9.278583092964254e-07,0.9201251268386841,0.9200897812843323,0.0,0.00021009278134442866,0.0,0.0,0.0,0.11543253064155579,,,,,,,,,,,,,,,,
791,0.9280392527580261,-0.7084448337554932,0.003941293805837631,0.00392592279240489,8.310043995152228e-07,0.9201717972755432,0.9201706051826477,0.0,0.0002344444510526955,0.0,0.0,0.0,0.11468937993049622,,,,,,,,,,,,,,,,
792,0.9281654357910156,-0.7061576843261719,0.0040159872733056545,0.004008827731013298,7.480480803678802e-07,0.9201468825340271,0.9201328158378601,0.0,0.0001779281155904755,0.0,0.0,0.0,0.11495374888181686,,,,,,,,,,,,,,,,
793,0.928115963935852,-0.706316351890564,0.003960226196795702,0.003974758088588715,1.6942411207310215e-07,0.92018723487854,0.9201743602752686,0.0,0.00020600315474439412,0.0,0.0,0.0,0.1144682988524437,,,,,,,,,,,,,,,,
794,0.9280990958213806,-0.711832582950592,0.004074407741427422,0.004082289058715105,1.1408714044591761e-06,0.9199451208114624,0.9199373722076416,0.0,0.00016287779726553708,0.0,0.0,0.0,0.11409158259630203,,,,,,,,,,,,,,,,
795,0.9280849695205688,-0.7086643576622009,0.004062410909682512,0.004068317357450724,6.372835059664794e-08,0.9199641346931458,0.919944167137146,0.0,0.0002249662356916815,0.0,0.0,0.0,0.11399628221988678,,,,,,,,,,,,,,,,
796,0.9281282424926758,-0.7101530432701111,0.0040870485827326775,0.004073879681527615,8.190399967133999e-07,0.9199600219726562,0.9199730157852173,0.0,0.0001644035946810618,0.0,0.0,0.0,0.11432007700204849,,,,,,,,,,,,,,,,
797,0.9281160831451416,-0.7074971199035645,0.003940971102565527,0.0039339871145784855,1.8395250833691534e-07,0.920247495174408,0.9202343821525574,0.0,0.0002460108371451497,0.0,0.0,0.0,0.1141555979847908,,,,,,,,,,,,,,,,
798,0.9280996918678284,-0.709355890750885,0.004006652161478996,0.004001414868980646,6.93967024290032e-07,0.9201093912124634,0.9200723767280579,0.0,0.0002550102071836591,0.0,0.0,0.0,0.11428026854991913,,,,,,,,,,,,,,,,
799,0.9280737042427063,-0.7079694271087646,0.004035239573568106,0.004049404989928007,4.451476911526697e-07,0.9200050234794617,0.91997230052948,0.0,0.00024708526325412095,0.0,0.0,0.0,0.11442670226097107,,,,,,,,,,,,,,,,
800,0.9280383586883545,-0.7103594541549683,0.00393304880708456,0.0039056851528584957,1.9191093088011257e-06,0.9201818704605103,0.9202135801315308,0.0,0.00021756114438176155,0.0,0.0,0.0,0.11365127563476562,,,,,,,,,,,,,,,,
801,0.9280984401702881,-0.7129945755004883,0.004041299223899841,0.004026911221444607,7.158508310567413e-07,0.9200291037559509,0.9200299382209778,0.0,0.00017990759806707501,0.0,0.0,0.0,0.11474104225635529,,,,,,,,,,,,,,,,
802,0.9280813932418823,-0.7110174894332886,0.0040922886691987514,0.004066598601639271,1.2082700777682476e-06,0.9199004769325256,0.9199421405792236,0.0,0.00019828000222332776,0.0,0.0,0.0,0.11418803781270981,,,,,,,,,,,,,,,,
803,0.9280971884727478,-0.7122263312339783,0.0039958469569683075,0.003985388204455376,2.4435928480670555e-07,0.9201031923294067,0.9201281666755676,0.0,0.00022742182773072273,0.0,0.0,0.0,0.11461944133043289,,,,,,,,,,,,,,,,
804,0.9281055331230164,-0.7118485569953918,0.003934480715543032,0.003932081162929535,8.466969347864506e-07,0.9202464818954468,0.9202297329902649,0.0,0.00023656219127587974,0.0,0.0,0.0,0.11426222324371338,,,,,,,,,,,,,,,,
805,0.9281485080718994,-0.7163523435592651,0.003999052569270134,0.003995597828179598,8.080476163740968e-07,0.920163094997406,0.9201428890228271,0.0,0.0002455292851664126,0.0,0.0,0.0,0.1146237850189209,,,,,,,,,,,,,,,,
806,0.9280226826667786,-0.7124875783920288,0.004088615067303181,0.004114676266908646,9.811658401304157e-07,0.9198563098907471,0.9197804927825928,0.0,0.00022472596901934594,0.0,0.0,0.0,0.1142907366156578,,,,,,,,,,,,,,,,
807,0.9281671047210693,-0.71656334400177,0.004028276540338993,0.004035994876176119,2.138616309821373e-06,0.9201092720031738,0.9200921058654785,0.0,0.0002221697650384158,0.0,0.0,0.0,0.11424751579761505,,,,,,,,,,,,,,,,
808,0.928121030330658,-0.7207110524177551,0.004149430897086859,0.0041529228910803795,6.61278534153098e-07,0.9198311567306519,0.9198048710823059,0.0,0.00030664127552881837,0.0,0.0,0.0,0.11443166434764862,,,,,,,,,,,,,,,,
809,0.9281936287879944,-0.7134035229682922,0.004163140431046486,0.004147655330598354,8.61775447447144e-07,0.919893205165863,0.9198707938194275,0.0,0.0002257350570289418,0.0,0.0,0.0,0.11411325633525848,,,,,,,,,,,,,,,,
810,0.9282304048538208,-0.7141386270523071,0.00392283545807004,0.003914804197847843,7.065427780617028e-07,0.9203894734382629,0.9203945994377136,0.0,0.0001873513829195872,0.0,0.0,0.0,0.11406043916940689,,,,,,,,,,,,,,,,
811,0.9280626177787781,-0.7188590168952942,0.004053452517837286,0.004050883464515209,1.1017816632374888e-06,0.9199627041816711,0.9199516773223877,0.0,0.00021584385831374675,0.0,0.0,0.0,0.11398405581712723,,,,,,,,,,,,,,,,
812,0.9280468225479126,-0.7166805267333984,0.004116143099963665,0.004118623677641153,3.734500921837025e-07,0.9198165535926819,0.9198067784309387,0.0,0.00021463811572175473,0.0,0.0,0.0,0.11362171173095703,,,,,,,,,,,,,,,,
813,0.9280650019645691,-0.716301441192627,0.00406020088121295,0.004034753423184156,3.842492617422977e-07,0.9199537038803101,0.9199855923652649,0.0,0.0002302442881045863,0.0,0.0,0.0,0.11398814618587494,,,,,,,,,,,,,,,,
814,0.9279676079750061,-0.7210320830345154,0.004120037890970707,0.004100328776985407,2.1255716831092286e-07,0.9197440147399902,0.9197500944137573,0.0,0.00021473036031238735,0.0,0.0,0.0,0.11430953443050385,,,,,,,,,,,,,,,,
815,0.9280864596366882,-0.7220674753189087,0.004028915893286467,0.00404233206063509,1.2037296528433217e-06,0.9200289845466614,0.9199990630149841,0.0,0.00017449383449275047,0.0,0.0,0.0,0.11379821598529816,,,,,,,,,,,,,,,,
816,0.9281153678894043,-0.7189869284629822,0.003977322950959206,0.003974452614784241,1.1798173318311456e-06,0.9201552271842957,0.9201696515083313,0.0,0.00018888460181187838,0.0,0.0,0.0,0.11393378674983978,,,,,,,,,,,,,,,,
817,0.9280980825424194,-0.7193347215652466,0.004033309873193502,0.004034257028251886,8.796036468083912e-07,0.9200325012207031,0.9200267195701599,0.0,0.00019006109505426139,0.0,0.0,0.0,0.11428029090166092,,,,,,,,,,,,,,,,
818,0.9281079769134521,-0.7223309874534607,0.00397358275949955,0.0039570690132677555,1.5450318358034565e-07,0.9201682209968567,0.9201861023902893,0.0,0.0002087164029944688,0.0,0.0,0.0,0.1145014837384224,,,,,,,,,,,,,,,,
819,0.9280732274055481,-0.7220801711082458,0.0040023066103458405,0.004001846071332693,1.2652982661620626e-07,0.9200823903083801,0.9200554490089417,0.0,0.00021647939865943044,0.0,0.0,0.0,0.11429017782211304,,,,,,,,,,,,,,,,
820,0.9280913472175598,-0.725174605846405,0.003965628799051046,0.003973183687776327,8.426794124716253e-07,0.9201627373695374,0.9201407432556152,0.0,0.0002311293501406908,0.0,0.0,0.0,0.11428707093000412,,,,,,,,,,,,,,,,
821,0.9280778765678406,-0.7195394039154053,0.00404215045273304,0.004008266609162092,8.025234023989469e-07,0.9199991822242737,0.9200541377067566,0.0,0.00018958546570502222,0.0,0.0,0.0,0.11487647145986557,,,,,,,,,,,,,,,,
822,0.928123414516449,-0.7225388884544373,0.003901446470990777,0.0038926980923861265,7.247376174746023e-07,0.9203305840492249,0.9203265309333801,0.0,0.0002204330958193168,0.0,0.0,0.0,0.11438192427158356,,,,,,,,,,,,,,,,
823,0.9284074306488037,-0.7237956523895264,0.004085506312549114,0.004065580200403929,1.017902491184941e-06,0.9202406406402588,0.9202699661254883,0.0,0.00024894115631468594,0.0,0.0,0.0,0.1140480563044548,,,,,,,,,,,,,,,,
824,0.9280905723571777,-0.7222366333007812,0.003960075322538614,0.003940023016184568,6.000342409606674e-07,0.9201682209968567,0.9202114939689636,0.0,0.00019843693007715046,0.0,0.0,0.0,0.11412829905748367,,,,,,,,,,,,,,,,
825,0.928046703338623,-0.723541796207428,0.0039840033277869225,0.0040010870434343815,6.694862690892478e-07,0.9200810790061951,0.9200407862663269,0.0,0.00016208968008868396,0.0,0.0,0.0,0.11465246975421906,,,,,,,,,,,,,,,,
826,0.9281509518623352,-0.7267048954963684,0.0039005123544484377,0.0038996292278170586,3.5548509913496673e-07,0.9203446507453918,0.920356273651123,0.0,0.00018234011076856405,0.0,0.0,0.0,0.11434457451105118,,,,,,,,,,,,,,,,
827,0.9281889200210571,-0.727283775806427,0.0040031601674854755,0.0039949603378772736,3.4773634638440853e-07,0.9201910495758057,0.9201898574829102,0.0,0.0002264395443489775,0.0,0.0,0.0,0.11443771421909332,,,,,,,,,,,,,,,,
828,0.927979052066803,-0.7272894382476807,0.004027595277875662,0.004014174919575453,3.4894910072580387e-07,0.9199237823486328,0.9199501276016235,0.0,0.00015112690743990242,0.0,0.0,0.0,0.1135629191994667,,,,,,,,,,,,,,,,
829,0.9280864000320435,-0.728342592716217,0.00409449078142643,0.004085124935954809,6.173422661959194e-07,0.9199000000953674,0.9199122786521912,0.0,0.00018016119429375976,0.0,0.0,0.0,0.11399949342012405,,,,,,,,,,,,,,,,
830,0.9280937910079956,-0.7293148040771484,0.004178792703896761,0.004149348009377718,1.059981741491356e-06,0.9197489023208618,0.9197802543640137,0.0,0.0002441251272102818,0.0,0.0,0.0,0.11427511274814606,,,,,,,,,,,,,,,,
831,0.9280952215194702,-0.7293103933334351,0.004095364362001419,0.0040902914479374886,2.820480062837305e-07,0.919905424118042,0.9199131727218628,0.0,0.00018618721514940262,0.0,0.0,0.0,0.11403747648000717,,,,,,,,,,,,,,,,
832,0.9280838370323181,-0.7319163084030151,0.004000047687441111,0.003973282407969236,4.170343572695856e-07,0.9200879335403442,0.9201322197914124,0.0,0.0002115205570589751,0.0,0.0,0.0,0.11391626298427582,,,,,,,,,,,,,,,,
833,0.9280662536621094,-0.7298861145973206,0.0039673480205237865,0.003949848003685474,4.80612641240441e-07,0.9201268553733826,0.920170247554779,0.0,0.00023611528740730137,0.0,0.0,0.0,0.11461461335420609,,,,,,,,,,,,,,,,
834,0.928118109703064,-0.7248668074607849,0.003881138749420643,0.0038526265416294336,8.033786258465625e-08,0.9203553795814514,0.9204131364822388,0.0,0.0002459365059621632,0.0,0.0,0.0,0.11422739923000336,,,,,,,,,,,,,,,,
835,0.9280754327774048,-0.7337806820869446,0.003969860263168812,0.003942855633795261,4.941519478052214e-07,0.9201417565345764,0.9201825857162476,0.0,0.00020682928152382374,0.0,0.0,0.0,0.1143699511885643,,,,,,,,,,,,,,,,
836,0.9280169010162354,-0.7361205220222473,0.00403117248788476,0.004045384936034679,3.5648545804178866e-07,0.9199597239494324,0.9199203252792358,0.0,0.00017737816961016506,0.0,0.0,0.0,0.11451806128025055,,,,,,,,,,,,,,,,
837,0.9280872941017151,-0.7291646003723145,0.003990992438048124,0.003994864411652088,7.221487976494245e-07,0.9201114177703857,0.9200900197029114,0.0,0.00020380188652779907,0.0,0.0,0.0,0.11364298313856125,,,,,,,,,,,,,,,,
838,0.927986741065979,-0.7293370962142944,0.003983651287853718,0.003976286854594946,8.663712947054591e-07,0.9200180172920227,0.920033872127533,0.0,0.00020736588339786977,0.0,0.0,0.0,0.11433731764554977,,,,,,,,,,,,,,,,
839,0.928148627281189,-0.7343563437461853,0.004019658546894789,0.004020294174551964,6.60953048736701e-07,0.9201109409332275,0.9201050996780396,0.0,0.00024514220422133803,0.0,0.0,0.0,0.11405980587005615,,,,,,,,,,,,,,,,
840,0.9281297922134399,-0.7339035272598267,0.0040348488837480545,0.0040178666822612286,9.01370071915153e-07,0.9200615882873535,0.9200907945632935,0.0,0.0001522042730357498,0.0,0.0,0.0,0.11376212537288666,,,,,,,,,,,,,,,,
841,0.9281920194625854,-0.7298386096954346,0.004010573960840702,0.004011958837509155,2.3195906351247686e-07,0.9201804995536804,0.9201579689979553,0.0,0.0001605640718480572,0.0,0.0,0.0,0.11390075832605362,,,,,,,,,,,,,,,,
842,0.9281269907951355,-0.7386513352394104,0.004114671144634485,0.004125077277421951,6.319864951365162e-07,0.9198890924453735,0.9198840856552124,0.0,0.00022159222862683237,0.0,0.0,0.0,0.11392078548669815,,,,,,,,,,,,,,,,
843,0.9281777739524841,-0.7379801869392395,0.004115239717066288,0.004108022898435593,1.728679563939295e-07,0.919948935508728,0.9199597835540771,0.0,0.0002178387949243188,0.0,0.0,0.0,0.11368425190448761,,,,,,,,,,,,,,,,
844,0.9281805753707886,-0.731182336807251,0.0041514066979289055,0.004162298049777746,6.414062880821803e-08,0.919876754283905,0.9198569059371948,0.0,0.00018370381440036,0.0,0.0,0.0,0.11380115151405334,,,,,,,,,,,,,,,,
845,0.9282543659210205,-0.7350759506225586,0.004027411807328463,0.004017793107777834,1.2759484206981142e-06,0.9202075600624084,0.9202081561088562,0.0,0.00022625683050137013,0.0,0.0,0.0,0.11354242265224457,,,,,,,,,,,,,,,,
846,0.9280731081962585,-0.7406349182128906,0.0040440186858177185,0.004014377947896719,8.807080575934378e-08,0.9199963808059692,0.9200329184532166,0.0,0.00017920249956659973,0.0,0.0,0.0,0.11394806206226349,,,,,,,,,,,,,,,,
847,0.9281280636787415,-0.7357476949691772,0.004076851531863213,0.004097244702279568,4.1134811112897296e-07,0.9199687242507935,0.9199383854866028,0.0,0.00013872598356101662,0.0,0.0,0.0,0.11378566175699234,,,,,,,,,,,,,,,,
848,0.9281325340270996,-0.7379156947135925,0.004029606003314257,0.004030266311019659,9.64632640432228e-09,0.9200774431228638,0.9200679659843445,0.0,0.00016138573118951172,0.0,0.0,0.0,0.1137903705239296,,,,,,,,,,,,,,,,
849,0.928179919719696,-0.7389137148857117,0.004025595728307962,0.004032948054373264,2.709639659315144e-07,0.9201287627220154,0.9201135039329529,0.0,0.0002155274705728516,0.0,0.0,0.0,0.11372373253107071,,,,,,,,,,,,,,,,
850,0.9281409382820129,-0.7401627898216248,0.004093301948159933,0.004109893459826708,2.508707837023394e-07,0.9199482798576355,0.9199267625808716,0.0,0.00022341395379044116,0.0,0.0,0.0,0.11387218534946442,,,,,,,,,,,,,,,,
851,0.9281821250915527,-0.7356893420219421,0.003994702361524105,0.003991610836237669,6.197443553901394e-07,0.9202041029930115,0.9201862812042236,0.0,0.0002355373144382611,0.0,0.0,0.0,0.113742396235466,,,,,,,,,,,,,,,,
852,0.92812180519104,-0.7398015856742859,0.003984796814620495,0.003971260040998459,2.2708454139319656e-07,0.920165479183197,0.9201655387878418,0.0,0.00021753984037786722,0.0,0.0,0.0,0.11438223719596863,,,,,,,,,,,,,,,,
853,0.9280812740325928,-0.7424586415290833,0.00390885304659605,0.003913448192179203,1.2443592822819483e-07,0.9202606081962585,0.920257031917572,0.0,0.00020523941202554852,0.0,0.0,0.0,0.11430209130048752,,,,,,,,,,,,,,,,
854,0.928215742111206,-0.7431668043136597,0.004044907633215189,0.004024813417345285,2.883338083847775e-07,0.9201368093490601,0.9201547503471375,0.0,0.00018126222130376846,0.0,0.0,0.0,0.11403600126504898,,,,,,,,,,,,,,,,
855,0.9280967712402344,-0.7376335859298706,0.003976122010499239,0.00397131172940135,6.171602251470176e-08,0.9201593399047852,0.9201391935348511,0.0,0.0001819390890887007,0.0,0.0,0.0,0.11420255154371262,,,,,,,,,,,,,,,,
856,0.9281643629074097,-0.7413759827613831,0.00396223459392786,0.003950493410229683,4.735981633530173e-07,0.9202457666397095,0.920256495475769,0.0,0.00019205003627575934,0.0,0.0,0.0,0.1143600270152092,,,,,,,,,,,,,,,,
857,0.9281471967697144,-0.7463192939758301,0.004095554817467928,0.004082799889147282,4.7061524810487754e-07,0.9199631810188293,0.919973611831665,0.0,0.00022122697555460036,0.0,0.0,0.0,0.11433838307857513,,,,,,,,,,,,,,,,
858,0.928108811378479,-0.7405800819396973,0.004076865967363119,0.004068473819643259,5.456913072521274e-07,0.91996830701828,0.9199575781822205,0.0,0.00022904841171111912,0.0,0.0,0.0,0.11446939408779144,,,,,,,,,,,,,,,,
859,0.9281870722770691,-0.7448927164077759,0.004025687463581562,0.0040447283536195755,1.2213654088100157e-07,0.9201407432556152,0.9200923442840576,0.0,0.0001377761218464002,0.0,0.0,0.0,0.11476485431194305,,,,,,,,,,,,,,,,
860,0.9280394315719604,-0.7477827072143555,0.004031778778880835,0.004027674440294504,2.2244023512030253e-07,0.9199800491333008,0.919979453086853,0.0,0.000242921756580472,0.0,0.0,0.0,0.11444028466939926,,,,,,,,,,,,,,,,
861,0.9281172752380371,-0.7454176545143127,0.003981269896030426,0.003981512505561113,4.0194044004238094e-07,0.9201654195785522,0.9201427102088928,0.0,0.0001587056030984968,0.0,0.0,0.0,0.11397427320480347,,,,,,,,,,,,,,,,
862,0.9280038475990295,-0.7395713925361633,0.004038355313241482,0.004020399414002895,1.7495240456355532e-07,0.9199337959289551,0.9199560880661011,0.0,0.00019692385103553534,0.0,0.0,0.0,0.11408637464046478,,,,,,,,,,,,,,,,
863,0.9280688166618347,-0.7450342178344727,0.003944891970604658,0.003922972362488508,7.93764399986685e-07,0.9201855659484863,0.9202147722244263,0.0,0.00018993196135852486,0.0,0.0,0.0,0.11454934626817703,,,,,,,,,,,,,,,,
864,0.9280791878700256,-0.752522349357605,0.00392506318166852,0.003915895242244005,5.812527206217055e-07,0.9202356934547424,0.9202396273612976,0.0,0.0002279432665091008,0.0,0.0,0.0,0.11454690247774124,,,,,,,,,,,,,,,,
865,0.9281337857246399,-0.7471144795417786,0.004037369042634964,0.004044066648930311,2.785128856430674e-07,0.9200723767280579,0.920031726360321,0.0,0.0002650198875926435,0.0,0.0,0.0,0.11480686068534851,,,,,,,,,,,,,,,,
866,0.9280554056167603,-0.7449221014976501,0.00399039825424552,0.004007298033684492,9.16383783078345e-07,0.9200865626335144,0.9200270175933838,0.0,0.0002255669387523085,0.0,0.0,0.0,0.11441481858491898,,,,,,,,,,,,,,,,
867,0.9281181693077087,-0.7504889965057373,0.003965455107390881,0.003956104163080454,8.070869625953492e-07,0.92019122838974,0.9202003479003906,0.0,0.00020227897039148957,0.0,0.0,0.0,0.11443755030632019,,,,,,,,,,,,,,,,
868,0.9281212687492371,-0.7524083256721497,0.0041105663403868675,0.0041040293872356415,5.507549190042482e-07,0.9199028611183167,0.9199094772338867,0.0,0.00019606100977398455,0.0,0.0,0.0,0.11477230489253998,,,,,,,,,,,,,,,,
869,0.9281274676322937,-0.7467846274375916,0.004102949984371662,0.004108892288058996,6.792688509449363e-07,0.9199304580688477,0.9198995232582092,0.0,0.00020485649292822927,0.0,0.0,0.0,0.1142963394522667,,,,,,,,,,,,,,,,
870,0.9281020164489746,-0.7524071931838989,0.004100460093468428,0.004108300898224115,2.5729275421326747e-07,0.9199017286300659,0.9198842644691467,0.0,0.00016438175225630403,0.0,0.0,0.0,0.11397525668144226,,,,,,,,,,,,,,,,
871,0.9281449317932129,-0.7510412931442261,0.004104269668459892,0.004096386954188347,1.0163566344090214e-07,0.9199506640434265,0.9199377298355103,0.0,0.0002455247158650309,0.0,0.0,0.0,0.11349935829639435,,,,,,,,,,,,,,,,
872,0.928229570388794,-0.7490116357803345,0.004012946039438248,0.0039979019202291965,3.875582876844419e-07,0.920200526714325,0.9202362298965454,0.0,0.00023093650816008449,0.0,0.0,0.0,0.11373802274465561,,,,,,,,,,,,,,,,
873,0.9280992746353149,-0.7518247365951538,0.004012462217360735,0.004017577040940523,8.422858144285783e-08,0.9200738668441772,0.9200644493103027,0.0,0.0002118536358466372,0.0,0.0,0.0,0.11334211379289627,,,,,,,,,,,,,,,,
874,0.9281696081161499,-0.7549940943717957,0.004015572369098663,0.004022270441055298,6.933743179615703e-07,0.9201365113258362,0.9201256036758423,0.0,0.00019024286302737892,0.0,0.0,0.0,0.11441974341869354,,,,,,,,,,,,,,,,
875,0.9280755519866943,-0.7546326518058777,0.004007500130683184,0.004025354981422424,3.6458206409406557e-07,0.9200624227523804,0.9200222492218018,0.0,0.00021544240007642657,0.0,0.0,0.0,0.11287245899438858,,,,,,,,,,,,,,,,
876,0.9280362129211426,-0.7521018385887146,0.003952297382056713,0.003970073536038399,8.371662119088796e-08,0.9201256036758423,0.9201018810272217,0.0,0.00017118176037911326,0.0,0.0,0.0,0.1139056608080864,,,,,,,,,,,,,,,,
877,0.9280343651771545,-0.7511522173881531,0.00393378222361207,0.003940172027796507,4.0480429674971674e-07,0.920159101486206,0.9201608896255493,0.0,0.0001659775007283315,0.0,0.0,0.0,0.11352596431970596,,,,,,,,,,,,,,,,
878,0.9281367659568787,-0.751997709274292,0.004008307587355375,0.004038121551275253,4.648371486837277e-06,0.920123279094696,0.9200479984283447,0.0,0.00018570860265754163,0.0,0.0,0.0,0.11369484663009644,,,,,,,,,,,,,,,,
879,0.9280093908309937,-0.7550551295280457,0.003983276430517435,0.003979704808443785,5.344714963939623e-07,0.9200379252433777,0.9200537800788879,0.0,0.00015085841005202383,0.0,0.0,0.0,0.11349434405565262,,,,,,,,,,,,,,,,
880,0.9280991554260254,-0.7567147612571716,0.003974222578108311,0.003997500985860825,4.36169926842922e-08,0.920160174369812,0.9200945496559143,0.0,0.00016891885024961084,0.0,0.0,0.0,0.1134595274925232,,,,,,,,,,,,,,,,
881,0.9280498027801514,-0.7597852349281311,0.004052666947245598,0.004050442948937416,6.223339710231812e-07,0.9199479222297668,0.919944167137146,0.0,8.758297917665914e-05,0.0,0.0,0.0,0.11397639662027359,,,,,,,,,,,,,,,,
882,0.928037166595459,-0.7547250986099243,0.004074635915458202,0.0040846033953130245,1.6830638571718737e-07,0.9198848605155945,0.9198706746101379,0.0,0.00014058158558327705,0.0,0.0,0.0,0.11395540088415146,,,,,,,,,,,,,,,,
883,0.9281425476074219,-0.7566180229187012,0.004074837081134319,0.004078861325979233,2.8655034611801966e-07,0.9199953079223633,0.919981837272644,0.0,0.00015087760402821004,0.0,0.0,0.0,0.11352716386318207,,,,,,,,,,,,,,,,
884,0.9280232191085815,-0.7594315409660339,0.00404125964269042,0.004026270005851984,5.851863420502923e-07,0.9199479222297668,0.9199624061584473,0.0,0.00019792778766714036,0.0,0.0,0.0,0.11375023424625397,,,,,,,,,,,,,,,,
885,0.9280856251716614,-0.7575446963310242,0.004034729674458504,0.00400047842413187,1.77761080522032e-07,0.9200213551521301,0.920079231262207,0.0,0.00018847333558369428,0.0,0.0,0.0,0.11387953907251358,,,,,,,,,,,,,,,,
886,0.9281277060508728,-0.7589004635810852,0.003912880085408688,0.0038768481463193893,2.1052464660442638e-07,0.9203122854232788,0.9203632473945618,0.0,0.00014288800593931228,0.0,0.0,0.0,0.11363343149423599,,,,,,,,,,,,,,,,
887,0.9281980991363525,-0.7593376040458679,0.0038346138317137957,0.0038180481642484665,5.536159619623504e-07,0.920526385307312,0.9205633997917175,0.0,0.0001953509054146707,0.0,0.0,0.0,0.11370774358510971,,,,,,,,,,,,,,,,
888,0.9281184077262878,-0.7565919160842896,0.00402262294664979,0.00399794289842248,1.3818606703352998e-07,0.920071005821228,0.9201244115829468,0.0,0.00021207488316576928,0.0,0.0,0.0,0.11388041824102402,,,,,,,,,,,,,,,,
889,0.9282039999961853,-0.7595211267471313,0.003997689578682184,0.004005609545856714,1.2605902384166257e-06,0.9202094078063965,0.9201894998550415,0.0,0.00014411754091270268,0.0,0.0,0.0,0.11398351192474365,,,,,,,,,,,,,,,,
890,0.9281764626502991,-0.7650358080863953,0.003970043268054724,0.0039654942229390144,5.049858486927405e-07,0.9202377796173096,0.9202430248260498,0.0,0.00018763873958960176,0.0,0.0,0.0,0.1141832023859024,,,,,,,,,,,,,,,,
891,0.9281008243560791,-0.7633200287818909,0.004008105024695396,0.0039895023219287395,2.5361131861245667e-07,0.9200899600982666,0.9201160073280334,0.0,0.0002167085331166163,0.0,0.0,0.0,0.11393512785434723,,,,,,,,,,,,,,,,
892,0.9280830025672913,-0.7593539953231812,0.0041340189054608345,0.004132595378905535,9.499483439867618e-07,0.919827401638031,0.9198033809661865,0.0,0.00010762850433820859,0.0,0.0,0.0,0.11443249881267548,,,,,,,,,,,,,,,,
893,0.9282288551330566,-0.7649776935577393,0.004101468715816736,0.004091167822480202,4.60477195929343e-07,0.920031726360321,0.9200398325920105,0.0,0.00010266171011608094,0.0,0.0,0.0,0.11464999616146088,,,,,,,,,,,,,,,,
894,0.9280832409858704,-0.7675649523735046,0.004124648869037628,0.004124392289668322,5.057928547103074e-07,0.9198377132415771,0.9198297262191772,0.0,4.897394319414161e-05,0.0,0.0,0.0,0.11446810513734818,,,,,,,,,,,,,,,,
895,0.928256630897522,-0.764674723148346,0.004166855942457914,0.004169330932199955,1.4362453839567024e-06,0.9199419021606445,0.9198961853981018,0.0,0.0002253439015476033,0.0,0.0,0.0,0.11393315345048904,,,,,,,,,,,,,,,,
896,0.9281316995620728,-0.7615274786949158,0.004018255043774843,0.003993235994130373,9.396271707373671e-07,0.9201055765151978,0.9201329946517944,0.0,0.00013450701953843236,0.0,0.0,0.0,0.11384587734937668,,,,,,,,,,,,,,,,
897,0.9282089471817017,-0.767273485660553,0.004128281492739916,0.004117087461054325,7.162644806157914e-07,0.9199663400650024,0.9199593663215637,0.0,0.0002242552873212844,0.0,0.0,0.0,0.11364556849002838,,,,,,,,,,,,,,,,
898,0.9280887246131897,-0.7673856616020203,0.0041344319470226765,0.004140948876738548,9.457268674850638e-07,0.9198282361030579,0.9197965264320374,0.0,0.0002009811287280172,0.0,0.0,0.0,0.11345156282186508,,,,,,,,,,,,,,,,
899,0.928170919418335,-0.7642402648925781,0.004008655436336994,0.003982784226536751,7.92774471847224e-07,0.9201585054397583,0.920198917388916,0.0,8.054869977058843e-05,0.0,0.0,0.0,0.11389611661434174,,,,,,,,,,,,,,,,
900,0.9280950427055359,-0.7665576934814453,0.004016723018139601,0.004017893224954605,1.5166206424055417e-07,0.9200633764266968,0.9200572371482849,0.0,0.0002204092888860032,0.0,0.0,0.0,0.11357393115758896,,,,,,,,,,,,,,,,
901,0.9280163049697876,-0.7678532600402832,0.003980574198067188,0.0039720432832837105,2.6073243475366326e-07,0.9200707674026489,0.9200561046600342,0.0,0.00017084616411011666,0.0,0.0,0.0,0.11352819204330444,,,,,,,,,,,,,,,,
902,0.9280965924263,-0.7689410448074341,0.0040274206548929214,0.0040395427495241165,2.384595063631423e-07,0.9200392961502075,0.9200194478034973,0.0,0.00018107051437254995,0.0,0.0,0.0,0.11351046711206436,,,,,,,,,,,,,,,,
903,0.9281362891197205,-0.7699827551841736,0.003996479324996471,0.003976990468800068,1.19365083151024e-07,0.9201543927192688,0.9201709032058716,0.0,0.00018791102047543973,0.0,0.0,0.0,0.11375553905963898,,,,,,,,,,,,,,,,
904,0.9280736446380615,-0.7697196006774902,0.003962195944041014,0.003953486680984497,6.987830261095951e-07,0.9201419353485107,0.9201725721359253,0.0,0.00018480139260645956,0.0,0.0,0.0,0.11322695761919022,,,,,,,,,,,,,,,,
905,0.9281768798828125,-0.7714954018592834,0.003961631096899509,0.003944795113056898,1.0297293329131207e-06,0.9202547073364258,0.9202841520309448,0.0,0.00020956761727575213,0.0,0.0,0.0,0.11349061876535416,,,,,,,,,,,,,,,,
906,0.9281537532806396,-0.7712500095367432,0.004115669522434473,0.0041440436616539955,1.7030591834554798e-06,0.9199152588844299,0.9198693633079529,0.0,0.00014251103857532144,0.0,0.0,0.0,0.11330888420343399,,,,,,,,,,,,,,,,
907,0.9280619621276855,-0.7674676179885864,0.003988874144852161,0.0039764996618032455,3.198933598014264e-07,0.9200889468193054,0.9201036095619202,0.0,0.00019734406669158489,0.0,0.0,0.0,0.11314408481121063,,,,,,,,,,,,,,,,
908,0.9281300902366638,-0.7745225429534912,0.00396817596629262,0.003968564793467522,1.3573259138865978e-07,0.9202062487602234,0.9201802015304565,0.0,0.00017157994443550706,0.0,0.0,0.0,0.1129181906580925,,,,,,,,,,,,,,,,
909,0.9281335473060608,-0.7738398909568787,0.004049309063702822,0.004041669424623251,2.6704822175815934e-06,0.9200159311294556,0.920063853263855,0.0,0.00020451430464163423,0.0,0.0,0.0,0.1131284162402153,,,,,,,,,,,,,,,,
910,0.9281401634216309,-0.7676302790641785,0.004090761300176382,0.004073286894708872,1.491043803980574e-07,0.9199685454368591,0.9199833869934082,0.0,0.00016458409663755447,0.0,0.0,0.0,0.11330468952655792,,,,,,,,,,,,,,,,
911,0.9282074570655823,-0.7737721800804138,0.004077148623764515,0.0040628379210829735,3.6287582361183013e-07,0.9200648665428162,0.9200693964958191,0.0,0.0001276173279620707,0.0,0.0,0.0,0.11336086690425873,,,,,,,,,,,,,,,,
912,0.9281290173530579,-0.7756518721580505,0.004014763981103897,0.004021990578621626,8.518663321410713e-07,0.9200952649116516,0.920087456703186,0.0,0.00020452107128221542,0.0,0.0,0.0,0.11373698711395264,,,,,,,,,,,,,,,,
913,0.9281381964683533,-0.7712498903274536,0.003983549773693085,0.003994124010205269,5.473108330988907e-07,0.9201685190200806,0.9201514720916748,0.0,0.0001905588578665629,0.0,0.0,0.0,0.11346156895160675,,,,,,,,,,,,,,,,
914,0.9281227588653564,-0.7724931240081787,0.0040183644741773605,0.004020822234451771,2.528932796508343e-08,0.920076847076416,0.9200901985168457,0.0,0.00020471622701734304,0.0,0.0,0.0,0.1136682778596878,,,,,,,,,,,,,,,,
915,0.9281236529350281,-0.779172956943512,0.003964122850447893,0.003982961177825928,9.698624126031063e-07,0.9201990365982056,0.9201521873474121,0.0,0.0001453754084650427,0.0,0.0,0.0,0.11347538977861404,,,,,,,,,,,,,,,,
916,0.9280873537063599,-0.7781160473823547,0.004023822024464607,0.004043414257466793,9.511580145726839e-08,0.9200423955917358,0.9199976921081543,0.0,0.00018641073256731033,0.0,0.0,0.0,0.11334501951932907,,,,,,,,,,,,,,,,
917,0.9281215667724609,-0.7737884521484375,0.0040124207735061646,0.003997811581939459,5.254339612292824e-07,0.9201062917709351,0.9201153516769409,0.0,0.0001642197312321514,0.0,0.0,0.0,0.11326196789741516,,,,,,,,,,,,,,,,
918,0.9281584024429321,-0.7741397619247437,0.004067287314683199,0.00406616972759366,8.799208330856345e-07,0.9200248122215271,0.9200232028961182,0.0,0.00020597025286406279,0.0,0.0,0.0,0.1136714294552803,,,,,,,,,,,,,,,,
919,0.928080677986145,-0.7782887816429138,0.004039399791508913,0.004049917683005333,5.769113897713396e-08,0.9200166463851929,0.9199659824371338,0.0,0.00023847293050494045,0.0,0.0,0.0,0.11323913931846619,,,,,,,,,,,,,,,,
920,0.9281098246574402,-0.7762558460235596,0.0040036095306277275,0.004010817036032677,2.0458364247133431e-07,0.9201146960258484,0.9200756549835205,0.0,0.0002241926413262263,0.0,0.0,0.0,0.11296887695789337,,,,,,,,,,,,,,,,
921,0.9280838966369629,-0.7763963341712952,0.003973905462771654,0.003968314733356237,4.789756076206686e-07,0.920141339302063,0.9201411008834839,0.0,0.00017843939713202417,0.0,0.0,0.0,0.11400207877159119,,,,,,,,,,,,,,,,
922,0.92819744348526,-0.7803995609283447,0.0040743122808635235,0.004073441959917545,2.3739153220958542e-07,0.9200551509857178,0.9200437664985657,0.0,0.00023493298795074224,0.0,0.0,0.0,0.11338266730308533,,,,,,,,,,,,,,,,
923,0.9280573129653931,-0.7793787121772766,0.00402694009244442,0.004006152972579002,4.746109141251509e-07,0.9200093746185303,0.920038104057312,0.0,8.844451804179698e-05,0.0,0.0,0.0,0.11384226381778717,,,,,,,,,,,,,,,,
924,0.9281609058380127,-0.7749780416488647,0.004008224233984947,0.003989867400377989,1.3694773315364728e-07,0.9201494455337524,0.9201758503913879,0.0,0.00018283141253050417,0.0,0.0,0.0,0.11352890729904175,,,,,,,,,,,,,,,,
925,0.928202211856842,-0.7783811092376709,0.003929697442799807,0.0039027470629662275,3.6105015510656813e-07,0.9203442931175232,0.9203944206237793,0.0,0.00018149650713894516,0.0,0.0,0.0,0.11323364078998566,,,,,,,,,,,,,,,,
926,0.9280341267585754,-0.7829660773277283,0.0038875434547662735,0.003869700711220503,1.2764420489475015e-06,0.9202648997306824,0.9202863574028015,0.0,0.00012275022163521498,0.0,0.0,0.0,0.11333386600017548,,,,,,,,,,,,,,,,
927,0.9282041788101196,-0.7807825207710266,0.003964548464864492,0.0039466810412704945,6.631059932260541e-07,0.9202815890312195,0.9203028678894043,0.0,0.00018716503109317273,0.0,0.0,0.0,0.11317548900842667,,,,,,,,,,,,,,,,
928,0.9280706644058228,-0.7805094122886658,0.003957848995923996,0.003942619543522596,4.796210646418331e-07,0.920147716999054,0.9201917052268982,0.0,0.0001952353195520118,0.0,0.0,0.0,0.1136360913515091,,,,,,,,,,,,,,,,
929,0.9282477498054504,-0.7821550965309143,0.004027412738651037,0.00400684354826808,4.584491364312271e-07,0.920195996761322,0.9202300906181335,0.0,0.0002590390795376152,0.0,0.0,0.0,0.11364070326089859,,,,,,,,,,,,,,,,
930,0.928129255771637,-0.7841334939002991,0.003907676786184311,0.0038826302625238895,2.980677038522117e-07,0.9203215837478638,0.9203556776046753,0.0,0.00016676356608513743,0.0,0.0,0.0,0.1131875067949295,,,,,,,,,,,,,,,,
931,0.9282147884368896,-0.7805295586585999,0.004041322506964207,0.004045959562063217,5.711533503927058e-07,0.9201341271400452,0.9201197624206543,0.0,0.0001861865457613021,0.0,0.0,0.0,0.11310188472270966,,,,,,,,,,,,,,,,
932,0.928178608417511,-0.7791492342948914,0.00411458034068346,0.004103025887161493,1.1135131217088201e-06,0.9199500679969788,0.9199697375297546,0.0,0.00014669247320853174,0.0,0.0,0.0,0.11351761221885681,,,,,,,,,,,,,,,,
933,0.9281095862388611,-0.7853599190711975,0.004077532794326544,0.004050992429256439,2.0186882920825155e-07,0.9199600219726562,0.9200018048286438,0.0,0.00018207788525614887,0.0,0.0,0.0,0.11359120905399323,,,,,,,,,,,,,,,,
934,0.9281116724014282,-0.7897385954856873,0.003978514112532139,0.0039886184968054295,6.291218710430257e-07,0.9201417565345764,0.9201460480690002,0.0,0.00019954355957452208,0.0,0.0,0.0,0.11367129534482956,,,,,,,,,,,,,,,,
935,0.9280940294265747,-0.7830011248588562,0.004148571286350489,0.004139473661780357,4.684188184000959e-07,0.9197909235954285,0.9198200702667236,0.0,0.00015885384345892817,0.0,0.0,0.0,0.11299124360084534,,,,,,,,,,,,,,,,
936,0.9282196164131165,-0.786196768283844,0.003982264082878828,0.003978450782597065,5.194667096475314e-07,0.9202663898468018,0.9202503561973572,0.0,0.00020461101667024195,0.0,0.0,0.0,0.11393279582262039,,,,,,,,,,,,,,,,
937,0.9280955195426941,-0.7889711856842041,0.004060012754052877,0.004073195159435272,9.717842885947903e-07,0.9199765920639038,0.9199460744857788,0.0,0.00021205046505201608,0.0,0.0,0.0,0.11302309483289719,,,,,,,,,,,,,,,,
938,0.9281896352767944,-0.7854711413383484,0.004041185136884451,0.004048176575452089,7.682934324293456e-07,0.9201085567474365,0.9200904369354248,0.0,0.00022555203759111464,0.0,0.0,0.0,0.11365687847137451,,,,,,,,,,,,,,,,
939,0.9282402992248535,-0.7834417223930359,0.004001980181783438,0.004020556807518005,1.5844076983739797e-07,0.9202387928962708,0.920196533203125,0.0,0.00014897504297550768,0.0,0.0,0.0,0.113186776638031,,,,,,,,,,,,,,,,
940,0.9281020760536194,-0.7892552614212036,0.004057742189615965,0.004032718017697334,1.3270804402054637e-06,0.9199933409690857,0.9200271964073181,0.0,0.00017415724869351834,0.0,0.0,0.0,0.1128741204738617,,,,,,,,,,,,,,,,
941,0.9281812906265259,-0.790752649307251,0.0039375838823616505,0.003937247674912214,1.1677893496653269e-07,0.9203137755393982,0.9202988147735596,0.0,0.00019814836559817195,0.0,0.0,0.0,0.11278603971004486,,,,,,,,,,,,,,,,
942,0.9282517433166504,-0.7865854501724243,0.0039305854588747025,0.003934037405997515,3.4676256177590403e-07,0.9203938245773315,0.9203797578811646,0.0,0.0001363298506475985,0.0,0.0,0.0,0.11280935257673264,,,,,,,,,,,,,,,,
943,0.9281280040740967,-0.7843769788742065,0.004021127242594957,0.004011314362287521,3.024818227004289e-07,0.9200848340988159,0.9201056957244873,0.0,0.00017457535432185978,0.0,0.0,0.0,0.11292129755020142,,,,,,,,,,,,,,,,
944,0.9281858205795288,-0.7946195006370544,0.004082093946635723,0.004069993272423744,9.10113300278681e-08,0.920021653175354,0.9200456142425537,0.0,0.0001777887810021639,0.0,0.0,0.0,0.11276847124099731,,,,,,,,,,,,,,,,
945,0.9281265735626221,-0.7945618629455566,0.004063421860337257,0.004060729406774044,3.1333632932728506e-07,0.9200084805488586,0.9199956655502319,0.0,0.00018759319209493697,0.0,0.0,0.0,0.11297199875116348,,,,,,,,,,,,,,,,
946,0.9281127452850342,-0.7870830297470093,0.0040765549056231976,0.004062695428729057,7.436662485815759e-07,0.9199732542037964,0.91997230052948,0.0,0.00014022625691723078,0.0,0.0,0.0,0.11277303099632263,,,,,,,,,,,,,,,,
947,0.9282621145248413,-0.7901017665863037,0.004105509724467993,0.004095877520740032,5.343367703858348e-08,0.9200581312179565,0.9200632572174072,0.0,0.00014648721844423562,0.0,0.0,0.0,0.11370514333248138,,,,,,,,,,,,,,,,
948,0.9281718134880066,-0.7936927080154419,0.004104744642972946,0.004071493167430162,1.059268697645166e-06,0.9199643135070801,0.9200247526168823,0.0,2.929165930254385e-05,0.0,0.0,0.0,0.11297155171632767,,,,,,,,,,,,,,,,
949,0.9281056523323059,-0.7925006747245789,0.004096268676221371,0.004075473174452782,8.371694661946094e-07,0.9199048280715942,0.9199613928794861,0.0,0.00018140293832402676,0.0,0.0,0.0,0.11295761913061142,,,,,,,,,,,,,,,,
950,0.9281779527664185,-0.7938082814216614,0.004046289250254631,0.004037912003695965,3.6073495834898495e-07,0.9200853705406189,0.920101523399353,0.0,0.00011986612662440166,0.0,0.0,0.0,0.11275223642587662,,,,,,,,,,,,,,,,
951,0.9281020760536194,-0.795850396156311,0.00410523172467947,0.004086334258317947,9.776339737754824e-08,0.9199039340019226,0.9199169278144836,0.0,0.00017554539954289794,0.0,0.0,0.0,0.11281024664640427,,,,,,,,,,,,,,,,
952,0.9281448721885681,-0.793203592300415,0.004025861620903015,0.004034863784909248,1.2969096019332937e-07,0.920102059841156,0.9200659394264221,0.0,0.00016554880130570382,0.0,0.0,0.0,0.11317548155784607,,,,,,,,,,,,,,,,
953,0.9281337261199951,-0.7933071255683899,0.00393696641549468,0.003931392915546894,2.448000770982617e-07,0.9202693104743958,0.9202609658241272,0.0,0.00010566136188572273,0.0,0.0,0.0,0.11337077617645264,,,,,,,,,,,,,,,,
954,0.9280632138252258,-0.7923139929771423,0.0038831511046737432,0.0038692106027156115,2.2280161715571012e-07,0.9203087091445923,0.9203125238418579,0.0,0.0001707174233160913,0.0,0.0,0.0,0.11284321546554565,,,,,,,,,,,,,,,,
955,0.9281556010246277,-0.7924611568450928,0.0038867888506501913,0.0038897108752280474,4.006551534985192e-07,0.9203794598579407,0.9203779101371765,0.0,0.00021864972950425,0.0,0.0,0.0,0.1129092425107956,,,,,,,,,,,,,,,,
956,0.9281942844390869,-0.7990490794181824,0.003966559190303087,0.003967042081058025,2.8432157250790624e-07,0.9202710390090942,0.9202497005462646,0.0,0.00019556978077162057,0.0,0.0,0.0,0.11339926719665527,,,,,,,,,,,,,,,,
957,0.9282235503196716,-0.7972104549407959,0.004095928743481636,0.004100905731320381,3.99646324922287e-07,0.9200392961502075,0.9200132489204407,0.0,0.00020126269373577088,0.0,0.0,0.0,0.11308663338422775,,,,,,,,,,,,,,,,
958,0.9282020330429077,-0.7932339310646057,0.003988879267126322,0.003971925936639309,4.2920709120153333e-07,0.9202356934547424,0.9202459454536438,0.0,9.436787513550371e-05,0.0,0.0,0.0,0.11357837915420532,,,,,,,,,,,,,,,,
959,0.9281498789787292,-0.7956256866455078,0.004098664503544569,0.004084247630089521,2.113591648367219e-07,0.9199673533439636,0.9199661612510681,0.0,0.00014333408034872264,0.0,0.0,0.0,0.11364660412073135,,,,,,,,,,,,,,,,
960,0.9281999468803406,-0.8014349341392517,0.004098763223737478,0.004093240946531296,1.0457364396643243e-07,0.9200125336647034,0.9200031757354736,0.0,7.695305976085365e-05,0.0,0.0,0.0,0.11314418166875839,,,,,,,,,,,,,,,,
961,0.9280988574028015,-0.7970430254936218,0.004191497340798378,0.004197417758405209,1.6580767692175868e-07,0.9197244048118591,0.9196951985359192,0.0,0.00014334106526803225,0.0,0.0,0.0,0.11320631951093674,,,,,,,,,,,,,,,,
962,0.9282062649726868,-0.7983031272888184,0.004059297032654285,0.00403238832950592,3.9425751197086356e-07,0.9200915098190308,0.9201368093490601,0.0,0.00014711928088217974,0.0,0.0,0.0,0.11359751224517822,,,,,,,,,,,,,,,,
963,0.9281718730926514,-0.8005760312080383,0.004121833946555853,0.004083302803337574,2.9872529694330296e-07,0.9199380278587341,0.9199948310852051,0.0,0.00016376555140595883,0.0,0.0,0.0,0.11316530406475067,,,,,,,,,,,,,,,,
964,0.9282426834106445,-0.8005595803260803,0.0041197980754077435,0.0041026584804058075,4.2165112290604156e-07,0.9200115203857422,0.9200280904769897,0.0,9.621919161872938e-05,0.0,0.0,0.0,0.11257375776767731,,,,,,,,,,,,,,,,
965,0.928164541721344,-0.7968620657920837,0.00392448715865612,0.003905249759554863,1.241168661181291e-06,0.9203214645385742,0.920345664024353,0.0,0.00010629851021803916,0.0,0.0,0.0,0.11332853883504868,,,,,,,,,,,,,,,,
966,0.9281591773033142,-0.801459014415741,0.003965007606893778,0.003963288851082325,1.4767775269319827e-07,0.9202304482460022,0.92023104429245,0.0,0.0001596552028786391,0.0,0.0,0.0,0.11330996453762054,,,,,,,,,,,,,,,,
967,0.9281513690948486,-0.8052313923835754,0.003999859560281038,0.004008602816611528,3.851950935995774e-08,0.9201533794403076,0.9201323390007019,0.0,0.00016578924260102212,0.0,0.0,0.0,0.11230161786079407,,,,,,,,,,,,,,,,
968,0.928198516368866,-0.799631655216217,0.004055936820805073,0.004046018235385418,6.365647209349845e-07,0.920078694820404,0.920113205909729,0.0,0.0001477050973335281,0.0,0.0,0.0,0.11333070695400238,,,,,,,,,,,,,,,,
969,0.9281723499298096,-0.798102617263794,0.004070350434631109,0.004046492278575897,1.787315113688237e-06,0.9200389981269836,0.9200684428215027,0.0,0.00018396080122329295,0.0,0.0,0.0,0.11277898401021957,,,,,,,,,,,,,,,,
970,0.9281925559043884,-0.8054898977279663,0.003969796933233738,0.003947551362216473,3.626166744652437e-07,0.9202597737312317,0.9202899932861328,0.0,0.0001580102543812245,0.0,0.0,0.0,0.11223801225423813,,,,,,,,,,,,,,,,
971,0.9281387329101562,-0.8045974373817444,0.003951523452997208,0.003936809487640858,2.9173463644838193e-07,0.920226514339447,0.9202737212181091,0.0,0.0001542326353956014,0.0,0.0,0.0,0.11291176080703735,,,,,,,,,,,,,,,,
972,0.92829829454422,-0.8005627393722534,0.004006161820143461,0.003990671597421169,3.9796333339836565e-07,0.9202867150306702,0.9203154444694519,0.0,0.00018275176989845932,0.0,0.0,0.0,0.11278581619262695,,,,,,,,,,,,,,,,
973,0.9280570149421692,-0.8042411208152771,0.003940954804420471,0.003915673587471247,2.1521124438095285e-07,0.9201772212982178,0.9202231168746948,0.0,0.000119383679702878,0.0,0.0,0.0,0.11297597736120224,,,,,,,,,,,,,,,,
974,0.9280862808227539,-0.8075768947601318,0.004035032819956541,0.004018648527562618,1.48982849168533e-07,0.9200153350830078,0.9200495481491089,0.0,0.00018806132720783353,0.0,0.0,0.0,0.11268725246191025,,,,,,,,,,,,,,,,
975,0.9281216263771057,-0.8032313585281372,0.004106120206415653,0.004100153222680092,5.446050863611163e-07,0.9199106097221375,0.919918954372406,0.0,0.00015499872097279876,0.0,0.0,0.0,0.1130048930644989,,,,,,,,,,,,,,,,
976,0.9281144142150879,-0.8011137843132019,0.0040474641136825085,0.004019362386316061,6.324262358248234e-07,0.920028567314148,0.9200653433799744,0.0,0.00021276930056046695,0.0,0.0,0.0,0.11258634179830551,,,,,,,,,,,,,,,,
977,0.9281249642372131,-0.8120509386062622,0.0039270115084946156,0.003907549194991589,7.398495682764406e-08,0.9202771186828613,0.9203035831451416,0.0,0.0001013834189507179,0.0,0.0,0.0,0.11218458414077759,,,,,,,,,,,,,,,,
978,0.9282402992248535,-0.8088906407356262,0.003986508585512638,0.003985914867371321,5.309885864335229e-07,0.9202732443809509,0.9202613830566406,0.0,0.00017333622963633388,0.0,0.0,0.0,0.1123410016298294,,,,,,,,,,,,,,,,
979,0.9280814528465271,-0.7993093729019165,0.004070464055985212,0.004082301631569862,5.183965754440578e-07,0.9199453592300415,0.9199110865592957,0.0,0.0001670349738560617,0.0,0.0,0.0,0.11269553005695343,,,,,,,,,,,,,,,,
980,0.9281955361366272,-0.807740330696106,0.004055148456245661,0.004077229183167219,4.792605636794178e-07,0.9200802445411682,0.9200451374053955,0.0,8.124571468215436e-05,0.0,0.0,0.0,0.11290927976369858,,,,,,,,,,,,,,,,
981,0.9282217025756836,-0.8133958578109741,0.003993727266788483,0.003999033011496067,1.1997685760434251e-06,0.9202377796173096,0.920217752456665,0.0,0.0001698508276604116,0.0,0.0,0.0,0.11283773183822632,,,,,,,,,,,,,,,,
982,0.9283395409584045,-0.8044655919075012,0.004170233383774757,0.004179076757282019,6.697432581859175e-07,0.9199874997138977,0.9199917316436768,0.0,0.00012543391494546086,0.0,0.0,0.0,0.11333493888378143,,,,,,,,,,,,,,,,
983,0.9282017350196838,-0.8080606460571289,0.003976612351834774,0.003963222727179527,1.6735766905640048e-07,0.9202550053596497,0.9202685356140137,0.0,0.00018397269013803452,0.0,0.0,0.0,0.11231440305709839,,,,,,,,,,,,,,,,
984,0.9281403422355652,-0.8163118362426758,0.004066161811351776,0.0040723904967308044,2.876529094919533e-07,0.920005202293396,0.9199978709220886,0.0,6.0892511100973934e-05,0.0,0.0,0.0,0.11346428096294403,,,,,,,,,,,,,,,,
985,0.9281914830207825,-0.8091648817062378,0.004098732024431229,0.004060018807649612,2.3969994344952283e-06,0.9200101494789124,0.9200505614280701,0.0,9.992936247726902e-05,0.0,0.0,0.0,0.11253537982702255,,,,,,,,,,,,,,,,
986,0.92817223072052,-0.8059585690498352,0.004070092458277941,0.0040579903870821,2.0234668340890494e-07,0.9200424551963806,0.9200454354286194,0.0,0.00016129483992699534,0.0,0.0,0.0,0.11313045769929886,,,,,,,,,,,,,,,,
987,0.9281997084617615,-0.8145327568054199,0.0040040770545601845,0.004027894232422113,4.359924048458197e-07,0.920188307762146,0.9201464056968689,0.0,0.000191164537682198,0.0,0.0,0.0,0.11287155747413635,,,,,,,,,,,,,,,,
988,0.9281991720199585,-0.8138363361358643,0.004011905286461115,0.004012132994830608,1.2155247475220676e-07,0.9201697111129761,0.9201803207397461,0.0,0.0001692521182121709,0.0,0.0,0.0,0.11279511451721191,,,,,,,,,,,,,,,,
989,0.9282854199409485,-0.8084570169448853,0.004051451105624437,0.0040478031150996685,5.883471771994664e-07,0.920201301574707,0.9201698899269104,0.0,0.0001933535240823403,0.0,0.0,0.0,0.11284581571817398,,,,,,,,,,,,,,,,
990,0.9281474351882935,-0.8113024234771729,0.0040069203823804855,0.004018705803900957,1.0878644616241218e-06,0.920135498046875,0.9201059937477112,0.0,0.00017040999955497682,0.0,0.0,0.0,0.11244338005781174,,,,,,,,,,,,,,,,
991,0.9281761050224304,-0.8145162463188171,0.004128113854676485,0.004135561641305685,2.234948510704271e-07,0.9199255704879761,0.9198988080024719,0.0,0.00020779822079930454,0.0,0.0,0.0,0.11313684284687042,,,,,,,,,,,,,,,,
992,0.9282129406929016,-0.814949095249176,0.004017671104520559,0.004032725468277931,4.142742682233802e-07,0.9201724529266357,0.9201518297195435,0.0,0.00023324739595409483,0.0,0.0,0.0,0.11260960251092911,,,,,,,,,,,,,,,,
993,0.9281253814697266,-0.814882218837738,0.004020580556243658,0.004001866560429335,8.005989116099954e-07,0.9200866222381592,0.9201175570487976,0.0,0.0002712890272960067,0.0,0.0,0.0,0.11261095851659775,,,,,,,,,,,,,,,,
994,0.9282817244529724,-0.8163285255432129,0.004048069007694721,0.004041220527142286,2.018928881852844e-07,0.9201940298080444,0.9201905131340027,0.0,0.00013026884698774666,0.0,0.0,0.0,0.11246594786643982,,,,,,,,,,,,,,,,
995,0.9281762838363647,-0.8124064803123474,0.004024958238005638,0.004030763637274504,4.679860694523086e-07,0.9201310276985168,0.920109212398529,0.0,0.00020360005146358162,0.0,0.0,0.0,0.11260706931352615,,,,,,,,,,,,,,,,
996,0.928109347820282,-0.8177384734153748,0.004032481927424669,0.004023165442049503,7.848586278669245e-07,0.9200440645217896,0.9200616478919983,0.0,0.00019542106019798666,0.0,0.0,0.0,0.11183716356754303,,,,,,,,,,,,,,,,
997,0.9282284379005432,-0.816192090511322,0.0040137083269655704,0.004018047824501991,1.2839410601372947e-06,0.920198380947113,0.9201924204826355,0.0,0.00020652833336498588,0.0,0.0,0.0,0.11235290765762329,,,,,,,,,,,,,,,,
998,0.9281454086303711,-0.813892126083374,0.003946306649595499,0.003930648788809776,1.2217902849442908e-06,0.9202483296394348,0.9202861785888672,0.0,0.00015655465540476143,0.0,0.0,0.0,0.11221400648355484,,,,,,,,,,,,,,,,
999,0.9281611442565918,-0.8164184093475342,0.003946587909013033,0.003952026832848787,2.853493299426191e-07,0.9202693104743958,0.9202550649642944,0.0,0.00015471670485567302,0.0,0.0,0.0,0.11244657635688782,,,,,,,,,,,,,,,,
1000,0.9281720519065857,-0.8182878494262695,0.0038755082059651613,0.0038753158878535032,1.963571065743963e-07,0.9204187393188477,0.9204233288764954,0.0,0.00010122206731466576,0.0,0.0,0.0,0.11182550340890884,0.7894945740699768,0.7894945740699768,0.2105054259300232,8.390668869018555,0.0,0.921439528465271,4.006643295288086,-0.0,1.5484421253204346,0.7894303798675537,0.0,0.7894303798675537,0.015184532850980759,2.394275665283203,3.0178594878529217,0.12574414532720507
