epoch,critic_loss,actor_loss,q1_loss,q2_loss,cost_loss,cql_q1,cql_q2,expected_immediate_cost,expected_cost_to_go,cost_budget,lagrange,expert_kl,smoothness,avg_return,survival_rate,mortality_rate,avg_length,inadmissibility_rate,expert_argmax_match,mean_kl_to_expert,policy_entropy,mean_action_deviation_from_expert,soft_survival_rate,soft_inadmissibility_rate,soft_avg_return,soft_policy_entropy,soft_mean_kl_to_expert,trajectory_mean_action_jump,trajectory_normalised_action_jump
1,0.9800427556037903,0.05761464312672615,0.019658822566270828,0.018302565440535545,0.001631421153433621,0.9400143623352051,0.9408854842185974,0.0,0.026080207899212837,0.0,0.0,0.0,0.1287136822938919,,,,,,,,,,,,,,,,
2,0.9650876522064209,0.03716406971216202,0.01324713695794344,0.012784752994775772,0.0011491328477859497,0.937707781791687,0.9381054043769836,0.0,0.020972037687897682,0.0,0.0,0.0,0.128446564078331,,,,,,,,,,,,,,,,
3,0.9557791948318481,0.024723242968320847,0.009338060393929482,0.009253096766769886,0.0007689502090215683,0.9363858103752136,0.936452329158783,0.0,0.015906764194369316,0.0,0.0,0.0,0.12850022315979004,,,,,,,,,,,,,,,,
4,0.9509835839271545,0.02083645574748516,0.007594733964651823,0.007510129362344742,0.0007234502118080854,0.9353153109550476,0.9349952936172485,0.0,0.012973476201295853,0.0,0.0,0.0,0.12858836352825165,,,,,,,,,,,,,,,,
5,0.9490271806716919,0.019615544006228447,0.006895091850310564,0.006680008489638567,0.0006490735104307532,0.9352360367774963,0.9343699812889099,0.0,0.009164148010313511,0.0,0.0,0.0,0.12875467538833618,,,,,,,,,,,,,,,,
6,0.948642909526825,0.01830558106303215,0.0070260027423501015,0.006783109158277512,0.0006002121372148395,0.9349532723426819,0.9335139393806458,0.0,0.007239206228405237,0.0,0.0,0.0,0.12894175946712494,,,,,,,,,,,,,,,,
7,0.9475756883621216,0.013426538556814194,0.0066583966836333275,0.006838321220129728,0.0005472080665640533,0.9341586232185364,0.9329049587249756,0.0,0.005821248982101679,0.0,0.0,0.0,0.12918469309806824,,,,,,,,,,,,,,,,
8,0.9467126131057739,0.005544416140764952,0.006190677173435688,0.006859776563942432,0.00048086734022945166,0.9339085221290588,0.932453989982605,0.0,0.004924188833683729,0.0,0.0,0.0,0.12954340875148773,,,,,,,,,,,,,,,,
9,0.9455587267875671,-0.000163891731062904,0.005795150995254517,0.00672117667272687,0.0004539155343081802,0.9331883788108826,0.9319884777069092,0.0,0.0037315755616873503,0.0,0.0,0.0,0.12989772856235504,,,,,,,,,,,,,,,,
10,0.9437199831008911,-0.0069838594645261765,0.005153434816747904,0.006329893134534359,0.00041958835208788514,0.9324231147766113,0.9312109351158142,0.0,0.0035901411902159452,0.0,0.0,0.0,0.13028231263160706,,,,,,,,,,,,,,,,
11,0.9424490928649902,-0.012422040104866028,0.00468732975423336,0.005903881974518299,0.0003985779476352036,0.9319522380828857,0.930966317653656,0.0,0.0026908779982477427,0.0,0.0,0.0,0.13079878687858582,,,,,,,,,,,,,,,,
12,0.9410053491592407,-0.0150799211114645,0.004452855326235294,0.005301909055560827,0.0003853519447147846,0.9311143159866333,0.9306161403656006,0.0,0.0026415977627038956,0.0,0.0,0.0,0.13119769096374512,,,,,,,,,,,,,,,,
13,0.9399251937866211,-0.01809639297425747,0.004212822765111923,0.004812060855329037,0.00037129921838641167,0.9305955171585083,0.9304625391960144,0.0,0.0020699291490018368,0.0,0.0,0.0,0.13160429894924164,,,,,,,,,,,,,,,,
14,0.9394972324371338,-0.020110083743929863,0.004166989121586084,0.004577815067023039,0.000350599322700873,0.9303540587425232,0.9304494857788086,0.0,0.0021379871759563684,0.0,0.0,0.0,0.13208003342151642,,,,,,,,,,,,,,,,
15,0.9388548731803894,-0.02021532692015171,0.004102599341422319,0.004394926130771637,0.00033735253964550793,0.9300243854522705,0.930015504360199,0.0,0.0019778169225901365,0.0,0.0,0.0,0.1325128674507141,,,,,,,,,,,,,,,,
16,0.9383465051651001,-0.021982043981552124,0.004027109127491713,0.004258438479155302,0.000324177963193506,0.9295331835746765,0.929940402507782,0.0,0.002183716744184494,0.0,0.0,0.0,0.13305000960826874,,,,,,,,,,,,,,,,
17,0.9380741119384766,-0.02189689688384533,0.004130567889660597,0.004154843743890524,0.0003183844964951277,0.9293212890625,0.9296192526817322,0.0,0.0024469823110848665,0.0,0.0,0.0,0.133464515209198,,,,,,,,,,,,,,,,
18,0.9376622438430786,-0.02176099270582199,0.004099829122424126,0.004153386689722538,0.00030746651464141905,0.9289693832397461,0.9292337894439697,0.0,0.0020399715285748243,0.0,0.0,0.0,0.13391149044036865,,,,,,,,,,,,,,,,
19,0.9376102089881897,-0.023063620552420616,0.004133474547415972,0.004107002634555101,0.0002828046854119748,0.9288570284843445,0.9293167591094971,0.0,0.0028395599219948053,0.0,0.0,0.0,0.13466383516788483,,,,,,,,,,,,,,,,
20,0.9371089935302734,-0.023722069337964058,0.004066171124577522,0.00409083953127265,0.00027625038637779653,0.9284335970878601,0.9289178252220154,0.0,0.0028665957506746054,0.0,0.0,0.0,0.13511283695697784,,,,,,,,,,,,,,,,
21,0.9369019269943237,-0.02589968778192997,0.003967457450926304,0.004054195713251829,0.000262606015894562,0.9282914996147156,0.9289438128471375,0.0,0.0029122035484761,0.0,0.0,0.0,0.13563063740730286,,,,,,,,,,,,,,,,
22,0.9363955855369568,-0.028972584754228592,0.003960142377763987,0.004033864010125399,0.0002409774751868099,0.9278648495674133,0.9284563660621643,0.0,0.003620315343141556,0.0,0.0,0.0,0.13633114099502563,,,,,,,,,,,,,,,,
23,0.9362456798553467,-0.03185876086354256,0.003957704640924931,0.003994781523942947,0.00023887418501544744,0.9278587102890015,0.9282500147819519,0.0,0.00418075593188405,0.0,0.0,0.0,0.1371162235736847,,,,,,,,,,,,,,,,
24,0.9359474182128906,-0.03462531790137291,0.003848279593512416,0.0040618800558149815,0.00022321598953567445,0.9276538491249084,0.927974283695221,0.0,0.004255328793078661,0.0,0.0,0.0,0.13781583309173584,,,,,,,,,,,,,,,,
25,0.9356207251548767,-0.0368284247815609,0.0038900338113307953,0.003879502648487687,0.000215298990951851,0.9274328351020813,0.927838921546936,0.0,0.004624578170478344,0.0,0.0,0.0,0.13841262459754944,,,,,,,,,,,,,,,,
26,0.9352756142616272,-0.03851647302508354,0.0037526683881878853,0.0038851071149110794,0.00020976034284103662,0.9272229075431824,0.9276332259178162,0.0,0.00456306291744113,0.0,0.0,0.0,0.13933062553405762,,,,,,,,,,,,,,,,
27,0.9347419142723083,-0.038780663162469864,0.0036773402243852615,0.0037706929724663496,0.0002040042309090495,0.9269079566001892,0.9272717833518982,0.0,0.00558886956423521,0.0,0.0,0.0,0.14032815396785736,,,,,,,,,,,,,,,,
28,0.9348717331886292,-0.04245263710618019,0.003680530469864607,0.0037038137670606375,0.00019530457211658359,0.9271293878555298,0.9274547696113586,0.0,0.0045278072357177734,0.0,0.0,0.0,0.14138507843017578,,,,,,,,,,,,,,,,
29,0.9348080158233643,-0.04426570609211922,0.0037010565865784883,0.003741787513718009,0.0001939331559697166,0.926916778087616,0.927425742149353,0.0,0.005124515388160944,0.0,0.0,0.0,0.14252151548862457,,,,,,,,,,,,,,,,
30,0.93423992395401,-0.0466470904648304,0.0036526184994727373,0.003607502905651927,0.0001829677348723635,0.9265530109405518,0.927040696144104,0.0,0.004991415422409773,0.0,0.0,0.0,0.14380799233913422,,,,,,,,,,,,,,,,
31,0.934336245059967,-0.04940754175186157,0.0036276208702474833,0.0036891496274620295,0.0001792668626876548,0.926501452922821,0.9271789193153381,0.0,0.005432141479104757,0.0,0.0,0.0,0.1452329158782959,,,,,,,,,,,,,,,,
32,0.9340248107910156,-0.05248476192355156,0.003414579899981618,0.0035085687413811684,0.00016529201820958406,0.926788330078125,0.9270844459533691,0.0,0.005108220502734184,0.0,0.0,0.0,0.14682070910930634,,,,,,,,,,,,,,,,
33,0.9339310526847839,-0.0528656467795372,0.0035396458115428686,0.0036201695911586285,0.00015784692368470132,0.9263847470283508,0.9268420338630676,0.0,0.004355283919721842,0.0,0.0,0.0,0.1484178751707077,,,,,,,,,,,,,,,,
34,0.9335944652557373,-0.05628393590450287,0.0033304111566394567,0.0033987127244472504,0.00015682178491260856,0.9265167117118835,0.926900327205658,0.0,0.004607122857123613,0.0,0.0,0.0,0.15011870861053467,,,,,,,,,,,,,,,,
35,0.9335291981697083,-0.057997651398181915,0.003246176289394498,0.003299989039078355,0.00014692722470499575,0.9266766309738159,0.9269956946372986,0.0,0.0046747177839279175,0.0,0.0,0.0,0.15216149389743805,,,,,,,,,,,,,,,,
36,0.933444619178772,-0.0597204864025116,0.0033266842365264893,0.0033577578142285347,0.00014296898734755814,0.9264503717422485,0.9267840385437012,0.0,0.0042338562197983265,0.0,0.0,0.0,0.15385594964027405,,,,,,,,,,,,,,,,
37,0.9333747625350952,-0.061307527124881744,0.0032370751723647118,0.0033112121745944023,0.00013695105735678226,0.9266260266304016,0.9267529845237732,0.0,0.004425871651619673,0.0,0.0,0.0,0.15579915046691895,,,,,,,,,,,,,,,,
38,0.9330868124961853,-0.06365948170423508,0.00317255943082273,0.003248939523473382,0.00013326840416993946,0.9263110756874084,0.9267529249191284,0.0,0.004167419392615557,0.0,0.0,0.0,0.1575140655040741,,,,,,,,,,,,,,,,
39,0.9329187273979187,-0.06323803961277008,0.0030981418676674366,0.0030374040361493826,0.0001270397042389959,0.9264814257621765,0.9268307685852051,0.0,0.004610235802829266,0.0,0.0,0.0,0.15905055403709412,,,,,,,,,,,,,,,,
40,0.9327849745750427,-0.06605911254882812,0.0030722906813025475,0.002986437873914838,0.000119914417155087,0.9264243841171265,0.926788330078125,0.0,0.003955243621021509,0.0,0.0,0.0,0.16087651252746582,,,,,,,,,,,,,,,,
41,0.9327248930931091,-0.06630457192659378,0.0031460353638976812,0.0029926274437457323,0.00011892041220562533,0.9261775016784668,0.9267570972442627,0.0,0.004063589498400688,0.0,0.0,0.0,0.1623973548412323,,,,,,,,,,,,,,,,
42,0.9327374696731567,-0.06892982870340347,0.003249433357268572,0.0030715446919202805,0.00012147663801442832,0.926078200340271,0.9265119433403015,0.0,0.003793814918026328,0.0,0.0,0.0,0.16391201317310333,,,,,,,,,,,,,,,,
43,0.9326070547103882,-0.07014895230531693,0.0032037338241934776,0.003106319112703204,0.00011592348164413124,0.9259889721870422,0.9263731837272644,0.0,0.0039014224894344807,0.0,0.0,0.0,0.16504134237766266,,,,,,,,,,,,,,,,
44,0.9325389266014099,-0.07353944331407547,0.0031714928336441517,0.0030738464556634426,0.00011070190521422774,0.9260554313659668,0.9263103604316711,0.0,0.003740204032510519,0.0,0.0,0.0,0.16625848412513733,,,,,,,,,,,,,,,,
45,0.9323458075523376,-0.07438340783119202,0.0031530437991023064,0.0030494038946926594,0.00010483749792911112,0.9256806373596191,0.926396369934082,0.0,0.0037601005751639605,0.0,0.0,0.0,0.167464479804039,,,,,,,,,,,,,,,,
46,0.9323810935020447,-0.07531577348709106,0.0032167723402380943,0.0030385477002710104,0.00011209890362806618,0.9257599115371704,0.9262673854827881,0.0,0.003632520791143179,0.0,0.0,0.0,0.16853918135166168,,,,,,,,,,,,,,,,
47,0.9321736693382263,-0.07577256858348846,0.0032800575718283653,0.003036057110875845,0.0001018006369122304,0.9254634976387024,0.9260479807853699,0.0,0.0037637280765920877,0.0,0.0,0.0,0.1694595068693161,,,,,,,,,,,,,,,,
48,0.9320539832115173,-0.07469478994607925,0.00328619871288538,0.0031143496744334698,9.572583076078445e-05,0.9253493547439575,0.9257660508155823,0.0,0.003622235730290413,0.0,0.0,0.0,0.17040562629699707,,,,,,,,,,,,,,,,
49,0.931929349899292,-0.07563094794750214,0.0032030486036092043,0.003138869535177946,9.871025395113975e-05,0.9252498745918274,0.9257275462150574,0.0,0.003398019354790449,0.0,0.0,0.0,0.17121052742004395,,,,,,,,,,,,,,,,
50,0.9318180084228516,-0.0770481526851654,0.0032380276825278997,0.0031395063269883394,8.892036566976458e-05,0.9251418113708496,0.9255613088607788,0.0,0.0033152508549392223,0.0,0.0,0.0,0.17190741002559662,,,,,,,,,,,,,,,,
51,0.9318307042121887,-0.07963529229164124,0.0032531237229704857,0.0031123184598982334,8.800205250736326e-05,0.9252417683601379,0.9255127310752869,0.0,0.0031902987975627184,0.0,0.0,0.0,0.17261114716529846,,,,,,,,,,,,,,,,
52,0.93178391456604,-0.08085416257381439,0.0033514120150357485,0.0032373731955885887,8.930946933105588e-05,0.9248381853103638,0.9253734350204468,0.0,0.0034938431344926357,0.0,0.0,0.0,0.17301630973815918,,,,,,,,,,,,,,,,
53,0.9316521883010864,-0.08183003216981888,0.0033218259923160076,0.003242461709305644,8.924221037887037e-05,0.9248191714286804,0.925178050994873,0.0,0.003630454884842038,0.0,0.0,0.0,0.17355085909366608,,,,,,,,,,,,,,,,
54,0.9315943717956543,-0.08470785617828369,0.003211488714441657,0.003147507319226861,8.83693719515577e-05,0.9249427318572998,0.9253512620925903,0.0,0.0031360762659460306,0.0,0.0,0.0,0.17406927049160004,,,,,,,,,,,,,,,,
55,0.9315870404243469,-0.08646562695503235,0.0032816193997859955,0.003230420174077153,8.242904732469469e-05,0.9249246716499329,0.9250604510307312,0.0,0.003214360447600484,0.0,0.0,0.0,0.17445042729377747,,,,,,,,,,,,,,,,
56,0.9313912391662598,-0.08899252861738205,0.003169913310557604,0.003157444065436721,8.068571332842112e-05,0.9248641729354858,0.9251022338867188,0.0,0.0032890457659959793,0.0,0.0,0.0,0.17467007040977478,,,,,,,,,,,,,,,,
57,0.9313775300979614,-0.08899432420730591,0.0031934163998812437,0.0032083806581795216,7.67371675465256e-05,0.9248771071434021,0.924920916557312,0.0,0.0032562168780714273,0.0,0.0,0.0,0.17517617344856262,,,,,,,,,,,,,,,,
58,0.9313338398933411,-0.09061264991760254,0.0032489325385540724,0.0031569446437060833,7.2854760219343e-05,0.9247439503669739,0.9249662756919861,0.0,0.0025743702426552773,0.0,0.0,0.0,0.1752731055021286,,,,,,,,,,,,,,,,
59,0.9311729669570923,-0.09011872857809067,0.003171935211867094,0.0032500566449016333,7.362858741544187e-05,0.9246089458465576,0.9247458577156067,0.0,0.002530327532440424,0.0,0.0,0.0,0.17564283311367035,,,,,,,,,,,,,,,,
60,0.9312700033187866,-0.09098031371831894,0.0032366958912461996,0.00317763420753181,7.009172259131446e-05,0.9246656894683838,0.9249054193496704,0.0,0.0030021260026842356,0.0,0.0,0.0,0.17584015429019928,,,,,,,,,,,,,,,,
61,0.9311869144439697,-0.09200844168663025,0.003095701104030013,0.003081910079345107,6.323230627458543e-05,0.9248144030570984,0.9250777959823608,0.0,0.003037821501493454,0.0,0.0,0.0,0.17606030404567719,,,,,,,,,,,,,,,,
62,0.9311407208442688,-0.09171565622091293,0.003171863965690136,0.0031779801938682795,7.550663576694205e-05,0.9246077537536621,0.9248230457305908,0.0,0.0025984388776123524,0.0,0.0,0.0,0.176179438829422,,,,,,,,,,,,,,,,
63,0.9308387041091919,-0.09236492216587067,0.0030895911622792482,0.0030313748866319656,6.651741568930447e-05,0.9244433641433716,0.9248590469360352,0.0,0.0026346619706600904,0.0,0.0,0.0,0.17638914287090302,,,,,,,,,,,,,,,,
64,0.9309920072555542,-0.09522804617881775,0.0032211835496127605,0.003254824783653021,6.931825919309631e-05,0.9244125485420227,0.9244809150695801,0.0,0.0026734818238765,0.0,0.0,0.0,0.17631474137306213,,,,,,,,,,,,,,,,
65,0.9307600259780884,-0.0957227349281311,0.003201805055141449,0.003202714491635561,6.394063530024141e-05,0.9241518378257751,0.9244312644004822,0.0,0.0026232246309518814,0.0,0.0,0.0,0.17651236057281494,,,,,,,,,,,,,,,,
66,0.9308666586875916,-0.0981479361653328,0.003245035419240594,0.0033012584317475557,6.045578993507661e-05,0.9242379665374756,0.9242817759513855,0.0,0.0022964177187532187,0.0,0.0,0.0,0.176605224609375,,,,,,,,,,,,,,,,
67,0.9309436082839966,-0.10129953175783157,0.0032485646661370993,0.0032466724514961243,6.271922029554844e-05,0.9242715239524841,0.9244998097419739,0.0,0.0026801929343491793,0.0,0.0,0.0,0.17672213912010193,,,,,,,,,,,,,,,,
68,0.9306663274765015,-0.09987886250019073,0.003376108594238758,0.003279417520388961,5.783033702755347e-05,0.9237952828407288,0.9241107106208801,0.0,0.0021847067400813103,0.0,0.0,0.0,0.17681947350502014,,,,,,,,,,,,,,,,
69,0.9307461380958557,-0.10110072046518326,0.003288704203441739,0.0032790282275527716,6.078699152567424e-05,0.9239271283149719,0.9243081212043762,0.0,0.0023274363484233618,0.0,0.0,0.0,0.1768563687801361,,,,,,,,,,,,,,,,
70,0.9306076169013977,-0.10262332111597061,0.0032212561927735806,0.0032233428210020065,5.308373147272505e-05,0.923982560634613,0.9242372512817383,0.0,0.0021161725744605064,0.0,0.0,0.0,0.17688420414924622,,,,,,,,,,,,,,,,
71,0.930706799030304,-0.10342155396938324,0.0033217475283890963,0.0032855006866157055,5.4131363867782056e-05,0.9239227175712585,0.9241682291030884,0.0,0.002363308100029826,0.0,0.0,0.0,0.1768939048051834,,,,,,,,,,,,,,,,
72,0.930457592010498,-0.10229982435703278,0.003304045647382736,0.003237698692828417,5.254935967968777e-05,0.9236855506896973,0.9240410327911377,0.0,0.0024720828514546156,0.0,0.0,0.0,0.17700618505477905,,,,,,,,,,,,,,,,
73,0.9305055737495422,-0.10462746769189835,0.003204204374924302,0.0032875784672796726,5.000861710868776e-05,0.9239722490310669,0.9239552617073059,0.0,0.0023756276350468397,0.0,0.0,0.0,0.17701096832752228,,,,,,,,,,,,,,,,
74,0.9304945468902588,-0.10798492282629013,0.0032038723584264517,0.0032106847502291203,5.183590474189259e-05,0.9238921403884888,0.9241641163825989,0.0,0.0021709210705012083,0.0,0.0,0.0,0.17691458761692047,,,,,,,,,,,,,,,,
75,0.9303577542304993,-0.10754793137311935,0.0032589021138846874,0.0032467886339873075,4.5390632294584066e-05,0.9236266016960144,0.9239867329597473,0.0,0.0020923365373164415,0.0,0.0,0.0,0.17698794603347778,,,,,,,,,,,,,,,,
76,0.9302160739898682,-0.10939065366983414,0.0032625487074255943,0.0031837723217904568,4.891026401310228e-05,0.9235919713973999,0.9238497614860535,0.0,0.0024847304448485374,0.0,0.0,0.0,0.17706598341464996,,,,,,,,,,,,,,,,
77,0.9302985072135925,-0.11134450882673264,0.0032971713226288557,0.0031592214945703745,5.142163354321383e-05,0.9236018657684326,0.9239795207977295,0.0,0.0024468291085213423,0.0,0.0,0.0,0.17688576877117157,,,,,,,,,,,,,,,,
78,0.9302475452423096,-0.11378120630979538,0.0033117819111794233,0.0032073119655251503,4.714667011285201e-05,0.9235077500343323,0.9238548874855042,0.0,0.0025002225302159786,0.0,0.0,0.0,0.17696674168109894,,,,,,,,,,,,,,,,
79,0.9302603006362915,-0.11293213814496994,0.0033022554125636816,0.003226293483749032,4.429999171406962e-05,0.9235491752624512,0.923825740814209,0.0,0.0023557397071272135,0.0,0.0,0.0,0.1768846958875656,,,,,,,,,,,,,,,,
80,0.9302108883857727,-0.11260543018579483,0.003324526362121105,0.0032185865566134453,3.95777024095878e-05,0.9233531355857849,0.923903226852417,0.0,0.0022578751668334007,0.0,0.0,0.0,0.1767510026693344,,,,,,,,,,,,,,,,
81,0.9300822615623474,-0.11377643048763275,0.0034020610619336367,0.0032824098598212004,4.171826003585011e-05,0.9231517910957336,0.9235602617263794,0.0,0.0024927137419581413,0.0,0.0,0.0,0.17680636048316956,,,,,,,,,,,,,,,,
82,0.9300863742828369,-0.11298400163650513,0.003360946662724018,0.003203555243089795,3.752760312636383e-05,0.9232703447341919,0.923698365688324,0.0,0.0017496154177933931,0.0,0.0,0.0,0.17666828632354736,,,,,,,,,,,,,,,,
83,0.9300279021263123,-0.11396888643503189,0.0033481440041214228,0.0032586746383458376,3.768744136323221e-05,0.9232226610183716,0.92354416847229,0.0,0.0022380927111953497,0.0,0.0,0.0,0.17667612433433533,,,,,,,,,,,,,,,,
84,0.930022120475769,-0.11500897258520126,0.0034236216451972723,0.0033275524619966745,3.7106881791260093e-05,0.923069179058075,0.923398494720459,0.0,0.002154633169993758,0.0,0.0,0.0,0.17659127712249756,,,,,,,,,,,,,,,,
85,0.9300430417060852,-0.11817485094070435,0.0032784701324999332,0.0033143465407192707,3.623339580371976e-05,0.9233399033546448,0.9234880805015564,0.0,0.0019254368962720037,0.0,0.0,0.0,0.1764892339706421,,,,,,,,,,,,,,,,
86,0.9301415681838989,-0.12081588804721832,0.0033320076763629913,0.0032986109144985676,4.117243952350691e-05,0.9234104752540588,0.9235291481018066,0.0,0.0015220348723232746,0.0,0.0,0.0,0.17643967270851135,,,,,,,,,,,,,,,,
87,0.9300337433815002,-0.12140553444623947,0.0033680691849440336,0.003274429589509964,3.791596827795729e-05,0.9231967926025391,0.9235098958015442,0.0,0.0015205091331154108,0.0,0.0,0.0,0.17638368904590607,,,,,,,,,,,,,,,,
88,0.9298965334892273,-0.12375938147306442,0.0034363646991550922,0.0033251135610044003,3.261737947468646e-05,0.9228871464729309,0.9233177304267883,0.0,0.0017865279223769903,0.0,0.0,0.0,0.17625267803668976,,,,,,,,,,,,,,,,
89,0.9300334453582764,-0.12518712878227234,0.0033474320080131292,0.003405006369575858,3.1861163733992726e-05,0.9232487678527832,0.9232494831085205,0.0,0.001750876079313457,0.0,0.0,0.0,0.17627140879631042,,,,,,,,,,,,,,,,
90,0.9298400282859802,-0.12304134666919708,0.0032517106737941504,0.0031180784571915865,3.986213050666265e-05,0.9232311248779297,0.923629641532898,0.0,0.0016137710772454739,0.0,0.0,0.0,0.17611686885356903,,,,,,,,,,,,,,,,
91,0.9299178719520569,-0.12418252974748611,0.003377061104401946,0.0032237456180155277,3.119751636404544e-05,0.9231171011924744,0.9234545826911926,0.0,0.0013093813322484493,0.0,0.0,0.0,0.176075741648674,,,,,,,,,,,,,,,,
92,0.9298602342605591,-0.12258744239807129,0.0033047504257410765,0.0032246990595012903,2.9089769668644294e-05,0.9231506586074829,0.9234526753425598,0.0,0.0016771622467786074,0.0,0.0,0.0,0.17599141597747803,,,,,,,,,,,,,,,,
93,0.9297874569892883,-0.12434371560811996,0.0033073413651436567,0.00321149337105453,3.162983193760738e-05,0.9231350421905518,0.9233388900756836,0.0,0.0013774898834526539,0.0,0.0,0.0,0.1758568286895752,,,,,,,,,,,,,,,,
94,0.9296322464942932,-0.12771855294704437,0.0033822639379650354,0.0032458510249853134,2.8425920390873216e-05,0.9227539896965027,0.9231974482536316,0.0,0.001521238242276013,0.0,0.0,0.0,0.1758914291858673,,,,,,,,,,,,,,,,
95,0.9296877980232239,-0.12816564738750458,0.003372826846316457,0.0031929337419569492,2.9218444979051128e-05,0.9229084849357605,0.9232772588729858,0.0,0.001357193337753415,0.0,0.0,0.0,0.17572925984859467,,,,,,,,,,,,,,,,
96,0.9297610521316528,-0.13127318024635315,0.0033447551541030407,0.003307721810415387,2.7046489776694216e-05,0.922937273979187,0.9232258200645447,0.0,0.0014240768505260348,0.0,0.0,0.0,0.17575974762439728,,,,,,,,,,,,,,,,
97,0.9296181201934814,-0.13200818002223969,0.0033917799592018127,0.0033644880168139935,2.8663076591328718e-05,0.9227930307388306,0.9228733777999878,0.0,0.0010865984950214624,0.0,0.0,0.0,0.17559869587421417,,,,,,,,,,,,,,,,
98,0.9297324419021606,-0.13238784670829773,0.0033974135294556618,0.003422694280743599,2.9432982046273537e-05,0.9228480458259583,0.9229177832603455,0.0,0.001348180347122252,0.0,0.0,0.0,0.17562440037727356,,,,,,,,,,,,,,,,
99,0.9295092225074768,-0.13275586068630219,0.0033224900253117085,0.0033361699897795916,2.6079960662173107e-05,0.9227700233459473,0.9228789806365967,0.0,0.0013368426589295268,0.0,0.0,0.0,0.17555564641952515,,,,,,,,,,,,,,,,
100,0.9296173453330994,-0.13439415395259857,0.0034443822223693132,0.0033518115524202585,2.2854432245367207e-05,0.9226396083831787,0.9229568839073181,0.0,0.0012661546934396029,0.0,0.0,0.0,0.17546644806861877,,,,,,,,,,,,,,,,
101,0.9294598698616028,-0.13510984182357788,0.003302012337371707,0.0033518855925649405,2.5296274543507025e-05,0.9227483868598938,0.9228129982948303,0.0,0.0015481100417673588,0.0,0.0,0.0,0.175410196185112,,,,,,,,,,,,,,,,
102,0.929557740688324,-0.13458165526390076,0.003431969089433551,0.003328699851408601,2.7470649001770653e-05,0.9226667284965515,0.9228724837303162,0.0,0.0016125669935718179,0.0,0.0,0.0,0.17542313039302826,,,,,,,,,,,,,,,,
103,0.9294368624687195,-0.13673332333564758,0.0034045649226754904,0.0034458774607628584,2.1839907276444137e-05,0.922562837600708,0.922566294670105,0.0,0.001406572526320815,0.0,0.0,0.0,0.17528942227363586,,,,,,,,,,,,,,,,
104,0.9295158386230469,-0.13727383315563202,0.0033922044094651937,0.003398016095161438,2.3322118067881092e-05,0.9226275682449341,0.9227770566940308,0.0,0.0012249802239239216,0.0,0.0,0.0,0.17530669271945953,,,,,,,,,,,,,,,,
105,0.9295781850814819,-0.13809052109718323,0.0034601364750415087,0.0034438997972756624,2.3964506908669136e-05,0.9225547313690186,0.9227455854415894,0.0,0.001091341720893979,0.0,0.0,0.0,0.17523036897182465,,,,,,,,,,,,,,,,
106,0.9294217228889465,-0.14204806089401245,0.0034000584855675697,0.0033693506848067045,2.180949923058506e-05,0.9225738644599915,0.9226871132850647,0.0,0.0013306218897923827,0.0,0.0,0.0,0.1751340925693512,,,,,,,,,,,,,,,,
107,0.9293744564056396,-0.14539389312267303,0.003462298773229122,0.003316813614219427,1.894230990728829e-05,0.9224069118499756,0.9227460026741028,0.0,0.0014977537794038653,0.0,0.0,0.0,0.17509901523590088,,,,,,,,,,,,,,,,
108,0.929286539554596,-0.1460338681936264,0.003481774590909481,0.003449460957199335,2.0107887394260615e-05,0.9222838282585144,0.9223865866661072,0.0,0.0013303504092618823,0.0,0.0,0.0,0.17523644864559174,,,,,,,,,,,,,,,,
109,0.9293732643127441,-0.14655619859695435,0.0034957025200128555,0.0034529310651123524,1.9855942809954286e-05,0.922324538230896,0.9224850535392761,0.0,0.001129969023168087,0.0,0.0,0.0,0.17511765658855438,,,,,,,,,,,,,,,,
110,0.9292412400245667,-0.14546191692352295,0.003501550294458866,0.003413302358239889,2.0726311049656942e-05,0.9221515655517578,0.9224597215652466,0.0,0.0014867467107251287,0.0,0.0,0.0,0.17506802082061768,,,,,,,,,,,,,,,,
111,0.9294424057006836,-0.14631201326847076,0.003436277387663722,0.003418169915676117,1.757528843882028e-05,0.9224860072135925,0.9226548075675964,0.0,0.001280070748180151,0.0,0.0,0.0,0.1750078946352005,,,,,,,,,,,,,,,,
112,0.9293402433395386,-0.14703255891799927,0.0035070283338427544,0.0035251893568784,1.8643224393599667e-05,0.922245979309082,0.922332763671875,0.0,0.0013473089784383774,0.0,0.0,0.0,0.17503681778907776,,,,,,,,,,,,,,,,
113,0.9292332530021667,-0.14850693941116333,0.0034440397284924984,0.0033382964320480824,1.6701869753887877e-05,0.922319769859314,0.9225485920906067,0.0,0.0011570168426260352,0.0,0.0,0.0,0.1750030517578125,,,,,,,,,,,,,,,,
114,0.9291232824325562,-0.1513770967721939,0.0035652073565870523,0.003403144422918558,2.0905927158310078e-05,0.9218993782997131,0.9223686456680298,0.0,0.0011533123906701803,0.0,0.0,0.0,0.17490461468696594,,,,,,,,,,,,,,,,
115,0.9291911721229553,-0.15146209299564362,0.0034293942153453827,0.003305712714791298,1.789232192095369e-05,0.9222583770751953,0.9226178526878357,0.0,0.0014318813337013125,0.0,0.0,0.0,0.17493371665477753,,,,,,,,,,,,,,,,
116,0.9293003678321838,-0.1524842083454132,0.0034002778120338917,0.0033674854785203934,1.6259451513178647e-05,0.9224241971969604,0.922608494758606,0.0,0.0014450849266722798,0.0,0.0,0.0,0.17491763830184937,,,,,,,,,,,,,,,,
117,0.9292150735855103,-0.1507006585597992,0.0034916081931442022,0.0033860518597066402,1.7953083442989737e-05,0.9221723675727844,0.9224665760993958,0.0,0.0009843487059697509,0.0,0.0,0.0,0.1748075783252716,,,,,,,,,,,,,,,,
118,0.9292011260986328,-0.15275369584560394,0.003362878691405058,0.0032702721655368805,1.4572046893590596e-05,0.9224487543106079,0.9226580262184143,0.0,0.0008201898308470845,0.0,0.0,0.0,0.17485208809375763,,,,,,,,,,,,,,,,
119,0.9291875958442688,-0.15275713801383972,0.003436933970078826,0.0032820669002830982,1.6024490832933225e-05,0.9222301840782166,0.9226748943328857,0.0,0.0010901429923251271,0.0,0.0,0.0,0.17479626834392548,,,,,,,,,,,,,,,,
120,0.9290856122970581,-0.1541183888912201,0.00336994300596416,0.0033266611862927675,1.549545777379535e-05,0.9222612977027893,0.9224858283996582,0.0,0.0009923882316797972,0.0,0.0,0.0,0.1747990995645523,,,,,,,,,,,,,,,,
121,0.9291377067565918,-0.15589021146297455,0.003492143005132675,0.0032981622498482466,1.4066622497921344e-05,0.9221598505973816,0.9225068092346191,0.0,0.0010262441355735064,0.0,0.0,0.0,0.17466144263744354,,,,,,,,,,,,,,,,
122,0.9291195273399353,-0.1582145094871521,0.003539202967658639,0.003425201866775751,1.6091687939479016e-05,0.921981930732727,0.9222962260246277,0.0,0.0011679223971441388,0.0,0.0,0.0,0.17475849390029907,,,,,,,,,,,,,,,,
123,0.9291011691093445,-0.15964916348457336,0.003522411221638322,0.003454061923548579,1.594828427187167e-05,0.9219985008239746,0.9222190380096436,0.0,0.0010617574444040656,0.0,0.0,0.0,0.17459608614444733,,,,,,,,,,,,,,,,
124,0.9291800260543823,-0.16113252937793732,0.0035994728095829487,0.0034840519074350595,1.2752013390127104e-05,0.921923041343689,0.9222444295883179,0.0,0.0010205477010458708,0.0,0.0,0.0,0.17459459602832794,,,,,,,,,,,,,,,,
125,0.9292076826095581,-0.16087812185287476,0.0035087736323475838,0.003554397262632847,1.3802070498059038e-05,0.9221736788749695,0.9220876693725586,0.0,0.0011874140473082662,0.0,0.0,0.0,0.174432635307312,,,,,,,,,,,,,,,,
126,0.9291138052940369,-0.16003113985061646,0.0035471690353006124,0.00353957898914814,1.2099049854441546e-05,0.9219830632209778,0.9220468401908875,0.0,0.0013629760360345244,0.0,0.0,0.0,0.17433594167232513,,,,,,,,,,,,,,,,
127,0.9290870428085327,-0.15860460698604584,0.0035561933182179928,0.0034918952733278275,1.3333451533981133e-05,0.9219568371772766,0.9220944046974182,0.0,0.0012134562712162733,0.0,0.0,0.0,0.17438220977783203,,,,,,,,,,,,,,,,
128,0.929101288318634,-0.16297057271003723,0.0035208130721002817,0.003553235437721014,1.2999857062823139e-05,0.9220143556594849,0.9220141172409058,0.0,0.0010791548993438482,0.0,0.0,0.0,0.17431789636611938,,,,,,,,,,,,,,,,
129,0.9289798736572266,-0.1640293002128601,0.0034825513139367104,0.003535104915499687,1.3684762961929664e-05,0.9219726920127869,0.921924352645874,0.0,0.0010170995956286788,0.0,0.0,0.0,0.17423832416534424,,,,,,,,,,,,,,,,
130,0.9289923906326294,-0.16504918038845062,0.0035531341563910246,0.003473167307674885,1.1297642231511418e-05,0.9218617677688599,0.9220478534698486,0.0,0.0007510299910791218,0.0,0.0,0.0,0.17425911128520966,,,,,,,,,,,,,,,,
131,0.9289665818214417,-0.16854232549667358,0.0035360436886548996,0.0035395286977291107,9.709961886983365e-06,0.9218466877937317,0.9219158887863159,0.0,0.0007204831345006824,0.0,0.0,0.0,0.17417863011360168,,,,,,,,,,,,,,,,
132,0.9288308024406433,-0.1671963334083557,0.0034723735880106688,0.0034978927578777075,1.0267555808241013e-05,0.9218924641609192,0.9218080639839172,0.0,0.0007399182068184018,0.0,0.0,0.0,0.17403294146060944,,,,,,,,,,,,,,,,
133,0.9289171695709229,-0.16734349727630615,0.0035427166149020195,0.0034808493219316006,1.1142073162773158e-05,0.921787440776825,0.9219774603843689,0.0,0.0008774688467383385,0.0,0.0,0.0,0.17397721111774445,,,,,,,,,,,,,,,,
134,0.928823709487915,-0.16688352823257446,0.003493156051263213,0.003492562798783183,9.392725587531459e-06,0.9218187928199768,0.9218383431434631,0.0,0.0008994695381261408,0.0,0.0,0.0,0.1739780455827713,,,,,,,,,,,,,,,,
135,0.9288580417633057,-0.1689339131116867,0.0035724136978387833,0.003516038879752159,1.0052111974800937e-05,0.9216814637184143,0.9218376278877258,0.0,0.000774931802880019,0.0,0.0,0.0,0.1739386022090912,,,,,,,,,,,,,,,,
136,0.9291362762451172,-0.17080830037593842,0.0035923803225159645,0.0035523411352187395,9.987506928155199e-06,0.9218851923942566,0.9220779538154602,0.0,0.0006964634521864355,0.0,0.0,0.0,0.17390581965446472,,,,,,,,,,,,,,,,
137,0.9289085268974304,-0.17465804517269135,0.003454086370766163,0.0034659665543586016,9.582749953551684e-06,0.9219627976417542,0.9219949841499329,0.0,0.0005167722702026367,0.0,0.0,0.0,0.173821359872818,,,,,,,,,,,,,,,,
138,0.9290175437927246,-0.17526055872440338,0.003599883522838354,0.003506035078316927,9.461055014980957e-06,0.9217708110809326,0.9220336079597473,0.0,0.0007499883067794144,0.0,0.0,0.0,0.17367543280124664,,,,,,,,,,,,,,,,
139,0.9289054274559021,-0.17798930406570435,0.0035129922907799482,0.003515351563692093,8.739696568227373e-06,0.9218215942382812,0.9219151139259338,0.0,0.0008278596214950085,0.0,0.0,0.0,0.1736248880624771,,,,,,,,,,,,,,,,
140,0.928749680519104,-0.1768391728401184,0.003538380842655897,0.0035126477014273405,1.0238085451419465e-05,0.9216195940971375,0.9217573404312134,0.0,0.0007306959596462548,0.0,0.0,0.0,0.17362534999847412,,,,,,,,,,,,,,,,
141,0.9288628697395325,-0.17424233257770538,0.0035561679396778345,0.0035408451221883297,9.071049134945497e-06,0.9216737747192383,0.9218398332595825,0.0,0.0006504336488433182,0.0,0.0,0.0,0.17352616786956787,,,,,,,,,,,,,,,,
142,0.9288226962089539,-0.17191261053085327,0.0036074048839509487,0.003485345281660557,9.925504855345935e-06,0.9216077923774719,0.9218322038650513,0.0,0.000850643846206367,0.0,0.0,0.0,0.17342616617679596,,,,,,,,,,,,,,,,
143,0.9289183020591736,-0.17286799848079681,0.00347380293533206,0.0034413039684295654,1.013138080452336e-05,0.9219766855239868,0.9220094680786133,0.0,0.0007567451102659106,0.0,0.0,0.0,0.1734033226966858,,,,,,,,,,,,,,,,
144,0.9286959767341614,-0.17857006192207336,0.003579653799533844,0.003530364716425538,8.28095835458953e-06,0.9214997291564941,0.9216557145118713,0.0,0.000785810116212815,0.0,0.0,0.0,0.17325648665428162,,,,,,,,,,,,,,,,
145,0.9287499189376831,-0.180085226893425,0.0034588698763400316,0.003507578279823065,7.550188001914648e-06,0.921798825263977,0.9217530488967896,0.0,0.0007202861597761512,0.0,0.0,0.0,0.17304165661334991,,,,,,,,,,,,,,,,
146,0.9286980628967285,-0.18070437014102936,0.0035186330787837505,0.0034696662332862616,7.860492587496992e-06,0.9216716885566711,0.9217321872711182,0.0,0.0004848032258450985,0.0,0.0,0.0,0.17302854359149933,,,,,,,,,,,,,,,,
147,0.9288246631622314,-0.1815931648015976,0.003455176018178463,0.003341714385896921,7.701673894189298e-06,0.9218984842300415,0.9221416115760803,0.0,0.0007014748989604414,0.0,0.0,0.0,0.17302076518535614,,,,,,,,,,,,,,,,
148,0.9287605881690979,-0.18286095559597015,0.003575171111151576,0.003533804090693593,6.825385753472801e-06,0.921599268913269,0.9216903448104858,0.0,0.00045807051355950534,0.0,0.0,0.0,0.17284949123859406,,,,,,,,,,,,,,,,
149,0.9287799000740051,-0.1826869547367096,0.003709902288392186,0.0036328360438346863,9.287314242101274e-06,0.9213181734085083,0.9215375781059265,0.0,0.0006748993182554841,0.0,0.0,0.0,0.17258696258068085,,,,,,,,,,,,,,,,
150,0.9288087487220764,-0.18320856988430023,0.0036236844025552273,0.003509150817990303,6.901028427819256e-06,0.9215336441993713,0.9218043684959412,0.0,0.0005256789736449718,0.0,0.0,0.0,0.17253294587135315,,,,,,,,,,,,,,,,
151,0.9287386536598206,-0.18551526963710785,0.0035596205852925777,0.0035215045791119337,7.2432480919815134e-06,0.9216241240501404,0.921676516532898,0.0,0.0005702804191969335,0.0,0.0,0.0,0.1723114401102066,,,,,,,,,,,,,,,,
152,0.928716242313385,-0.18483959138393402,0.003705225884914398,0.0035372276324778795,8.318250365846325e-06,0.9213452339172363,0.9215856790542603,0.0,0.0006576940068043768,0.0,0.0,0.0,0.1721375733613968,,,,,,,,,,,,,,,,
153,0.9286314845085144,-0.1887115240097046,0.003685717936605215,0.0035871209111064672,7.317364179471042e-06,0.9212510585784912,0.9214516282081604,0.0,0.0005709542310796678,0.0,0.0,0.0,0.1719401478767395,,,,,,,,,,,,,,,,
154,0.9286443591117859,-0.1895289570093155,0.0036752468440681696,0.0035694814287126064,6.319496151263593e-06,0.9213253259658813,0.9214613437652588,0.0,0.0004480822244659066,0.0,0.0,0.0,0.17170169949531555,,,,,,,,,,,,,,,,
155,0.9286745190620422,-0.1892790049314499,0.0037027797661721706,0.0036434687208384275,6.258142548176693e-06,0.9212262630462646,0.9214177131652832,0.0,0.00042715080780908465,0.0,0.0,0.0,0.17142271995544434,,,,,,,,,,,,,,,,
156,0.9286866188049316,-0.19118517637252808,0.0036138345021754503,0.003565168473869562,7.517123776779044e-06,0.9214440584182739,0.9215560555458069,0.0,0.00043425941839814186,0.0,0.0,0.0,0.17118047177791595,,,,,,,,,,,,,,,,
157,0.9286776185035706,-0.18889549374580383,0.003677485277876258,0.0036077883560210466,6.965308784856461e-06,0.921299934387207,0.9214709401130676,0.0,0.000604210770688951,0.0,0.0,0.0,0.17096003890037537,,,,,,,,,,,,,,,,
158,0.9287230372428894,-0.1930311620235443,0.003739580512046814,0.0036874227225780487,7.5525945248955395e-06,0.9212538599967957,0.9213231205940247,0.0,0.0003588496765587479,0.0,0.0,0.0,0.17059259116649628,,,,,,,,,,,,,,,,
159,0.9285827875137329,-0.19347180426120758,0.003560722107067704,0.003470516996458173,5.751389835495502e-06,0.9215108752250671,0.9215807318687439,0.0,0.0005349916173145175,0.0,0.0,0.0,0.17016197741031647,,,,,,,,,,,,,,,,
160,0.9285921454429626,-0.19426822662353516,0.0037376091349869967,0.0036573975812643766,5.899584721191786e-06,0.9211083650588989,0.9212740063667297,0.0,0.00033429419272579253,0.0,0.0,0.0,0.16978581249713898,,,,,,,,,,,,,,,,
161,0.9286347031593323,-0.19709287583827972,0.003590058069676161,0.003541114740073681,7.838659257686231e-06,0.9214260578155518,0.9215653538703918,0.0,0.00047676742542535067,0.0,0.0,0.0,0.16935192048549652,,,,,,,,,,,,,,,,
162,0.9286301732063293,-0.1968725472688675,0.003613492241129279,0.0035990369506180286,5.427640189736849e-06,0.9214184880256653,0.9214059710502625,0.0,0.0004338609578553587,0.0,0.0,0.0,0.16912779211997986,,,,,,,,,,,,,,,,
163,0.92856764793396,-0.19684050977230072,0.003617765847593546,0.003543237689882517,5.1233605518064e-06,0.9213516712188721,0.9214513301849365,0.0,0.000421120465034619,0.0,0.0,0.0,0.16864994168281555,,,,,,,,,,,,,,,,
164,0.9286319017410278,-0.19791385531425476,0.003715036902576685,0.0036516606342047453,5.687340035365196e-06,0.9211884140968323,0.9213306903839111,0.0,0.0005781325744464993,0.0,0.0,0.0,0.16802924871444702,,,,,,,,,,,,,,,,
165,0.9286975860595703,-0.19828128814697266,0.0035636748652905226,0.003549749031662941,4.078765414305963e-06,0.9215205311775208,0.9216396808624268,0.0,0.000594615179579705,0.0,0.0,0.0,0.16753730177879333,,,,,,,,,,,,,,,,
166,0.9285945296287537,-0.20147502422332764,0.0036075280513614416,0.003583713434636593,5.481597781908931e-06,0.9213319420814514,0.9214637279510498,0.0,0.0005541485152207315,0.0,0.0,0.0,0.16684217751026154,,,,,,,,,,,,,,,,
167,0.9285768270492554,-0.20001335442066193,0.003661554306745529,0.003643664764240384,5.7507500059728045e-06,0.9211998581886292,0.9213318228721619,0.0,0.0005258687306195498,0.0,0.0,0.0,0.1663106083869934,,,,,,,,,,,,,,,,
168,0.928584635257721,-0.19965706765651703,0.0037267489824444056,0.0036804266273975372,5.696775133401388e-06,0.9211270213127136,0.9212164878845215,0.0,0.00046898049185983837,0.0,0.0,0.0,0.16555483639240265,,,,,,,,,,,,,,,,
169,0.9285357594490051,-0.2026306539773941,0.003619370050728321,0.0035880296491086483,5.199994120630436e-06,0.9212831854820251,0.9213631749153137,0.0,0.0006832816288806498,0.0,0.0,0.0,0.16515563428401947,,,,,,,,,,,,,,,,
170,0.9284586906433105,-0.20127665996551514,0.003527645021677017,0.003533142851665616,4.65603716293117e-06,0.9213733673095703,0.9214131236076355,0.0,0.0007501455838792026,0.0,0.0,0.0,0.16433727741241455,,,,,,,,,,,,,,,,
171,0.9285957217216492,-0.20682945847511292,0.003642978612333536,0.0036421725526452065,5.699056146113435e-06,0.9212990403175354,0.9213107228279114,0.0,0.0005570060457102954,0.0,0.0,0.0,0.16389316320419312,,,,,,,,,,,,,,,,
172,0.9285045266151428,-0.20724797248840332,0.0036272865254431963,0.0036207083612680435,5.138082087796647e-06,0.9212223291397095,0.9212805032730103,0.0,0.0005120817804709077,0.0,0.0,0.0,0.16351188719272614,,,,,,,,,,,,,,,,
173,0.9285564422607422,-0.20811989903450012,0.003725959686562419,0.003666645148769021,4.73299587611109e-06,0.9210719466209412,0.9212462306022644,0.0,0.0004708043416030705,0.0,0.0,0.0,0.162714421749115,,,,,,,,,,,,,,,,
174,0.9284754395484924,-0.2092268466949463,0.0036891477648168802,0.0036527696065604687,5.5507766774098855e-06,0.9210542440414429,0.9212017059326172,0.0,0.00046892857062630355,0.0,0.0,0.0,0.1617116779088974,,,,,,,,,,,,,,,,
175,0.9284724593162537,-0.20691339671611786,0.003606434678658843,0.0036216736771166325,4.804846412298502e-06,0.9212461113929749,0.9212329983711243,0.0,0.0006661024526692927,0.0,0.0,0.0,0.16177146136760712,,,,,,,,,,,,,,,,
176,0.9283491969108582,-0.2096458226442337,0.003642386058345437,0.0036251491401344538,4.148098923906218e-06,0.9210041761398315,0.921150803565979,0.0,0.00045671910629607737,0.0,0.0,0.0,0.161167711019516,,,,,,,,,,,,,,,,
177,0.9284728169441223,-0.2103172093629837,0.0036187684163451195,0.003623343538492918,4.164633992331801e-06,0.9212058782577515,0.9212472438812256,0.0,0.0004903206718154252,0.0,0.0,0.0,0.1612040400505066,,,,,,,,,,,,,,,,
178,0.9284402132034302,-0.21218286454677582,0.003741050371900201,0.0036951343063265085,6.036543254595017e-06,0.9209640622138977,0.9210318922996521,0.0,0.000537756597623229,0.0,0.0,0.0,0.1603981852531433,,,,,,,,,,,,,,,,
179,0.9284213185310364,-0.2130296230316162,0.003636492881923914,0.003640182316303253,4.72094052383909e-06,0.9211454391479492,0.921134352684021,0.0,0.0003488128131721169,0.0,0.0,0.0,0.16008484363555908,,,,,,,,,,,,,,,,
180,0.9284524321556091,-0.2162378430366516,0.003584661055356264,0.003564354730769992,4.330783667683136e-06,0.9212480783462524,0.9213501214981079,0.0,0.000451102590886876,0.0,0.0,0.0,0.16038472950458527,,,,,,,,,,,,,,,,
181,0.9283847212791443,-0.21484436094760895,0.0037093153223395348,0.003680336754769087,4.007391453342279e-06,0.9209266304969788,0.9210554957389832,0.0,0.00035533492336981,0.0,0.0,0.0,0.15970568358898163,,,,,,,,,,,,,,,,
182,0.9284340739250183,-0.2138528823852539,0.0036957927513867617,0.0036614846903830767,3.82646521757124e-06,0.9210037589073181,0.9211421012878418,0.0,0.0005050741601735353,0.0,0.0,0.0,0.16006897389888763,,,,,,,,,,,,,,,,
183,0.9284842610359192,-0.21635499596595764,0.003761519445106387,0.0037034291308373213,4.531569175014738e-06,0.9209109544754028,0.9211186766624451,0.0,0.00031818615389056504,0.0,0.0,0.0,0.15989278256893158,,,,,,,,,,,,,,,,
184,0.9284847378730774,-0.22186392545700073,0.0037934468127787113,0.003764656838029623,3.4666172723518685e-06,0.920863687992096,0.9209826588630676,0.0,0.00036020154948346317,0.0,0.0,0.0,0.15921016037464142,,,,,,,,,,,,,,,,
185,0.9284974336624146,-0.2225068062543869,0.0037337825633585453,0.0036751253064721823,4.433580215845723e-06,0.9210229516029358,0.9211452603340149,0.0,0.00032077476498670876,0.0,0.0,0.0,0.1591346263885498,,,,,,,,,,,,,,,,
186,0.9284756779670715,-0.21785731613636017,0.003851099405437708,0.0037867813371121883,4.15079830418108e-06,0.9207572340965271,0.9209100604057312,0.0,0.0004773193795699626,0.0,0.0,0.0,0.15913967788219452,,,,,,,,,,,,,,,,
187,0.9284819960594177,-0.22020137310028076,0.0038242419250309467,0.003827661043033004,3.7793254250573227e-06,0.9208399057388306,0.9208126664161682,0.0,0.0005845060804858804,0.0,0.0,0.0,0.15929140150547028,,,,,,,,,,,,,,,,
188,0.9283801913261414,-0.22069665789604187,0.0036975424736738205,0.0036317261401563883,4.565220933727687e-06,0.9209706783294678,0.9211220145225525,0.0,0.000258583459071815,0.0,0.0,0.0,0.1590118706226349,,,,,,,,,,,,,,,,
189,0.9283826351165771,-0.21818162500858307,0.003761331085115671,0.0037831200752407312,3.7232568956824252e-06,0.9208638668060303,0.9208050966262817,0.0,0.0004923584638163447,0.0,0.0,0.0,0.15884162485599518,,,,,,,,,,,,,,,,
190,0.9284611344337463,-0.22283855080604553,0.00366407772526145,0.0036273589357733727,4.280175744497683e-06,0.9211105108261108,0.9212203025817871,0.0,0.0003425179747864604,0.0,0.0,0.0,0.15931068360805511,,,,,,,,,,,,,,,,
191,0.9284486174583435,-0.22558897733688354,0.0037067460361868143,0.0036502559669315815,3.861729055643082e-06,0.9209977984428406,0.9211777448654175,0.0,0.00043154237209819257,0.0,0.0,0.0,0.15859247744083405,,,,,,,,,,,,,,,,
192,0.9284021258354187,-0.2285171002149582,0.0037635110784322023,0.0036555808037519455,3.2368880056310445e-06,0.9208740592002869,0.92108553647995,0.0,0.00038314188714139163,0.0,0.0,0.0,0.15847362577915192,,,,,,,,,,,,,,,,
193,0.9283971786499023,-0.22820539772510529,0.0036181360483169556,0.0035854699090123177,2.3787499685568037e-06,0.9211061596870422,0.9212762713432312,0.0,0.0003723803674802184,0.0,0.0,0.0,0.15855549275875092,,,,,,,,,,,,,,,,
194,0.9282740950584412,-0.22730743885040283,0.003733978373929858,0.0036691492423415184,3.5421874144958565e-06,0.9207718968391418,0.9209630489349365,0.0,0.00036005175206810236,0.0,0.0,0.0,0.15839172899723053,,,,,,,,,,,,,,,,
195,0.9284084439277649,-0.2295500785112381,0.0036324956454336643,0.003585989121347666,4.34066078014439e-06,0.9211285710334778,0.9212427139282227,0.0,0.00037271756445989013,0.0,0.0,0.0,0.1579224318265915,,,,,,,,,,,,,,,,
196,0.928314208984375,-0.2267204374074936,0.003664288902655244,0.0035845113452523947,3.545326762832701e-06,0.9210090637207031,0.9211147427558899,0.0,0.0004639409889932722,0.0,0.0,0.0,0.15769559144973755,,,,,,,,,,,,,,,,
197,0.928472638130188,-0.22792764008045197,0.0036469276528805494,0.0036128622014075518,3.0932374102121685e-06,0.9211591482162476,0.9212603569030762,0.0,0.00037089662509970367,0.0,0.0,0.0,0.1578776240348816,,,,,,,,,,,,,,,,
198,0.9282358884811401,-0.2314177304506302,0.0037271876353770494,0.0036892888601869345,3.1218603453453397e-06,0.9207783937454224,0.9208542704582214,0.0,0.000589254021178931,0.0,0.0,0.0,0.1580209881067276,,,,,,,,,,,,,,,,
199,0.9284055829048157,-0.23139484226703644,0.0037510241381824017,0.00370651762932539,4.958787030773237e-06,0.9208859801292419,0.9210001826286316,0.0,0.0002255154977319762,0.0,0.0,0.0,0.15760473906993866,,,,,,,,,,,,,,,,
200,0.9283668398857117,-0.23527194559574127,0.0038047635462135077,0.003790239803493023,3.93873824577895e-06,0.9207607507705688,0.9207750558853149,0.0,0.0002318517363164574,0.0,0.0,0.0,0.15744438767433167,,,,,,,,,,,,,,,,
201,0.9283643960952759,-0.23482099175453186,0.0038534747436642647,0.0038438711781054735,2.6653276563592954e-06,0.9206733703613281,0.920655369758606,0.0,0.00028249333263374865,0.0,0.0,0.0,0.157475546002388,,,,,,,,,,,,,,,,
202,0.9284493327140808,-0.23447135090827942,0.003885229118168354,0.0038936175405979156,2.0296999991842313e-06,0.9207043647766113,0.920632541179657,0.0,0.00033683518995530903,0.0,0.0,0.0,0.1575477123260498,,,,,,,,,,,,,,,,
203,0.9283509850502014,-0.23271185159683228,0.003802624763920903,0.0038062992971390486,2.6556813281786162e-06,0.9207586050033569,0.9207202196121216,0.0,0.00030916646937839687,0.0,0.0,0.0,0.1573794186115265,,,,,,,,,,,,,,,,
204,0.9282888770103455,-0.2350965291261673,0.0037287098821252584,0.003731522709131241,3.3746889585017925e-06,0.9208190441131592,0.9208313822746277,0.0,0.00029945862479507923,0.0,0.0,0.0,0.15670010447502136,,,,,,,,,,,,,,,,
205,0.9283322095870972,-0.23836617171764374,0.003696975065395236,0.003682139329612255,2.487269512130297e-06,0.9209125638008118,0.9209886193275452,0.0,0.00019035609147977084,0.0,0.0,0.0,0.1569669097661972,,,,,,,,,,,,,,,,
206,0.9283385276794434,-0.24252855777740479,0.0037708827294409275,0.003736309241503477,3.3233905014640186e-06,0.9207793474197388,0.9208765625953674,0.0,0.00019804734620265663,0.0,0.0,0.0,0.15668004751205444,,,,,,,,,,,,,,,,
207,0.9283677339553833,-0.2405141144990921,0.003826499218121171,0.003744433866813779,3.5505854611983523e-06,0.9207149744033813,0.9208714962005615,0.0,0.00028190185548737645,0.0,0.0,0.0,0.15613453090190887,,,,,,,,,,,,,,,,
208,0.9283198118209839,-0.2376735359430313,0.003847224870696664,0.003787234192714095,2.8715460302919382e-06,0.9206212162971497,0.9207437634468079,0.0,8.43690286274068e-05,0.0,0.0,0.0,0.15651516616344452,,,,,,,,,,,,,,,,
209,0.9283241629600525,-0.23947900533676147,0.003673635423183441,0.0037307441234588623,3.1454917461815057e-06,0.9209318161010742,0.9209014177322388,0.0,0.00020937342196702957,0.0,0.0,0.0,0.15682165324687958,,,,,,,,,,,,,,,,
210,0.9281619787216187,-0.24199099838733673,0.003679281333461404,0.003615990048274398,2.675027189980028e-06,0.9207960367202759,0.9209320545196533,0.0,9.302018588641658e-05,0.0,0.0,0.0,0.1565958708524704,,,,,,,,,,,,,,,,
211,0.9282171130180359,-0.24602019786834717,0.0037757307291030884,0.0037568514235317707,3.4023328225885052e-06,0.9206808805465698,0.9206812977790833,0.0,0.0001252399233635515,0.0,0.0,0.0,0.15620075166225433,,,,,,,,,,,,,,,,
212,0.9282289743423462,-0.24764777719974518,0.003841298632323742,0.0038183776196092367,1.7404095160600264e-06,0.9205804467201233,0.9205546975135803,0.0,9.992164996219799e-05,0.0,0.0,0.0,0.1566154956817627,,,,,,,,,,,,,,,,
213,0.928239107131958,-0.24579745531082153,0.003760756691917777,0.003768665250390768,2.3669988422625465e-06,0.9207154512405396,0.9206992983818054,0.0,0.00013878960453439504,0.0,0.0,0.0,0.15661244094371796,,,,,,,,,,,,,,,,
214,0.928297758102417,-0.24296003580093384,0.0037604111712425947,0.003742596134543419,2.3045208763505798e-06,0.920788586139679,0.9207963943481445,0.0,0.0002507386088836938,0.0,0.0,0.0,0.15683934092521667,,,,,,,,,,,,,,,,
215,0.9282339811325073,-0.2398899346590042,0.0038134194910526276,0.003867353079840541,3.593353312680847e-06,0.9205774068832397,0.9205217957496643,0.0,0.00015904830070212483,0.0,0.0,0.0,0.1567026674747467,,,,,,,,,,,,,,,,
216,0.9282553195953369,-0.2420111447572708,0.0036712123546749353,0.0037497547455132008,1.9468131995381555e-06,0.9208977222442627,0.9207671284675598,0.0,0.0001513512834208086,0.0,0.0,0.0,0.1565152406692505,,,,,,,,,,,,,,,,
217,0.9282500743865967,-0.2463592290878296,0.003683576826006174,0.003726601367816329,4.709123459178954e-06,0.920834481716156,0.9208359122276306,0.0,0.00017241027671843767,0.0,0.0,0.0,0.15663807094097137,,,,,,,,,,,,,,,,
218,0.9282907843589783,-0.2511953115463257,0.0038055134937167168,0.0037837838754057884,3.7467216316144913e-06,0.9206844568252563,0.9207110404968262,0.0,0.00025558171910233796,0.0,0.0,0.0,0.15630170702934265,,,,,,,,,,,,,,,,
219,0.9282932877540588,-0.2550002932548523,0.00379477278329432,0.003754332894459367,4.696800715464633e-06,0.9206932187080383,0.9207857251167297,0.0,0.00017476876382716,0.0,0.0,0.0,0.15568724274635315,,,,,,,,,,,,,,,,
220,0.9282066822052002,-0.253603458404541,0.0037975162267684937,0.003761107102036476,1.62688286309276e-06,0.9206317067146301,0.9206610918045044,0.0,7.109902799129486e-05,0.0,0.0,0.0,0.15637288987636566,,,,,,,,,,,,,,,,
221,0.9281958341598511,-0.25351327657699585,0.0038563739508390427,0.003831679467111826,2.2423546397476457e-06,0.9204680323600769,0.9205429553985596,0.0,0.00011604302562773228,0.0,0.0,0.0,0.15616491436958313,,,,,,,,,,,,,,,,
222,0.9283260107040405,-0.2524070739746094,0.0036482333671301603,0.0036859773099422455,2.585853053460596e-06,0.9210110306739807,0.9209674000740051,0.0,0.00022266471933107823,0.0,0.0,0.0,0.15593020617961884,,,,,,,,,,,,,,,,
223,0.9281123280525208,-0.2532311677932739,0.0037874954286962748,0.0037516120355576277,1.6708728480807622e-06,0.920531690120697,0.9206115007400513,0.0,8.694247662788257e-05,0.0,0.0,0.0,0.15584984421730042,,,,,,,,,,,,,,,,
224,0.9281235337257385,-0.2516627907752991,0.003869907232001424,0.0038433214649558067,2.474715302014374e-06,0.9203864336013794,0.9204292297363281,0.0,9.703203977551311e-05,0.0,0.0,0.0,0.1553325057029724,,,,,,,,,,,,,,,,
225,0.9282698035240173,-0.25339242815971375,0.00373299908824265,0.003690148238092661,2.551860688981833e-06,0.9207993745803833,0.9208887815475464,0.0,0.00014162763545755297,0.0,0.0,0.0,0.1559162139892578,,,,,,,,,,,,,,,,
226,0.9282490611076355,-0.2577192783355713,0.003642939031124115,0.003669511526823044,1.7688719253783347e-06,0.9209306240081787,0.9209390878677368,0.0,0.00021998635202180594,0.0,0.0,0.0,0.15584060549736023,,,,,,,,,,,,,,,,
227,0.9281988739967346,-0.25965651869773865,0.0037834218237549067,0.0037429213989526033,1.981607510970207e-06,0.920623779296875,0.9207173585891724,0.0,0.00017424537509214133,0.0,0.0,0.0,0.15530820190906525,,,,,,,,,,,,,,,,
228,0.9282358884811401,-0.2587461769580841,0.0037394349928945303,0.0036892625503242016,1.7458402226111502e-06,0.920730471611023,0.9208804965019226,0.0,0.00017966717132367194,0.0,0.0,0.0,0.155466690659523,,,,,,,,,,,,,,,,
229,0.928207516670227,-0.2585359215736389,0.003858530893921852,0.0038419815246015787,2.1802909486723365e-06,0.9204639792442322,0.9205456972122192,0.0,0.00013463973300531507,0.0,0.0,0.0,0.15559975802898407,,,,,,,,,,,,,,,,
230,0.9281809329986572,-0.2572956681251526,0.0038731382228434086,0.003863024525344372,1.379557716063573e-06,0.9204288721084595,0.9204579591751099,0.0,0.000267524243099615,0.0,0.0,0.0,0.15539567172527313,,,,,,,,,,,,,,,,
231,0.9282214045524597,-0.2614416480064392,0.0038316878490149975,0.003754404606297612,1.998649622692028e-06,0.9205862283706665,0.9206803441047668,0.0,0.00016855407739058137,0.0,0.0,0.0,0.15540729463100433,,,,,,,,,,,,,,,,
232,0.9281964302062988,-0.26494523882865906,0.0038228651974350214,0.003889571176841855,2.1357002424338134e-06,0.9204791784286499,0.9204845428466797,0.0,0.00025871233083307743,0.0,0.0,0.0,0.15529319643974304,,,,,,,,,,,,,,,,
233,0.9282004833221436,-0.26257145404815674,0.0038315055426210165,0.003795200726017356,1.998547986659105e-06,0.9205161929130554,0.9206273555755615,0.0,0.00013200366811361164,0.0,0.0,0.0,0.15558838844299316,,,,,,,,,,,,,,,,
234,0.9282175302505493,-0.2651321589946747,0.0037605115212500095,0.0037075583823025227,2.0576933366101002e-06,0.9207062721252441,0.920788586139679,0.0,0.00017440548981539905,0.0,0.0,0.0,0.15519124269485474,,,,,,,,,,,,,,,,
235,0.9282310605049133,-0.26636964082717896,0.0038254086393862963,0.003769443603232503,1.1100369192718063e-06,0.9205729365348816,0.9206972122192383,0.0,0.00020080091780982912,0.0,0.0,0.0,0.1548272669315338,,,,,,,,,,,,,,,,
236,0.9280952215194702,-0.2654597759246826,0.0036974723916500807,0.0036703741643577814,2.8470672077673953e-06,0.9207168221473694,0.9207322597503662,0.0,0.00011872046161442995,0.0,0.0,0.0,0.1549675315618515,,,,,,,,,,,,,,,,
237,0.9280946254730225,-0.2656501531600952,0.0036418880335986614,0.003731364384293556,1.3735375432588626e-06,0.920806884765625,0.9206330180168152,0.0,0.00035986644797958434,0.0,0.0,0.0,0.15518102049827576,,,,,,,,,,,,,,,,
238,0.9283502101898193,-0.26705479621887207,0.003680655499920249,0.0037279354874044657,2.7684986889653374e-06,0.9209725856781006,0.9209051728248596,0.0,0.0002073620562441647,0.0,0.0,0.0,0.1552654355764389,,,,,,,,,,,,,,,,
239,0.9282271862030029,-0.26812198758125305,0.00388637138530612,0.0038507685530930758,2.2732012894266518e-06,0.9204702377319336,0.9205053448677063,0.0,0.00016097618208732456,0.0,0.0,0.0,0.15479226410388947,,,,,,,,,,,,,,,,
240,0.9281375408172607,-0.26985490322113037,0.0037555957678705454,0.0037229673471301794,2.0485817913140636e-06,0.9206242561340332,0.920689582824707,0.0,0.00016834601410664618,0.0,0.0,0.0,0.15450608730316162,,,,,,,,,,,,,,,,
241,0.9281273484230042,-0.2721630334854126,0.003874051384627819,0.003877377137541771,2.332533767912537e-06,0.9203678369522095,0.9203792810440063,0.0,0.00011753394937841222,0.0,0.0,0.0,0.15491589903831482,,,,,,,,,,,,,,,,
242,0.9282028079032898,-0.27060383558273315,0.003839382203295827,0.003761101048439741,1.3577320032709395e-06,0.9205548763275146,0.9206470251083374,0.0,0.0002889459137804806,0.0,0.0,0.0,0.1544269174337387,,,,,,,,,,,,,,,,
243,0.9282065033912659,-0.2699315547943115,0.003979845438152552,0.00392358610406518,2.709128693823004e-06,0.9202457070350647,0.9203550815582275,0.0,0.0002018218656303361,0.0,0.0,0.0,0.15382187068462372,,,,,,,,,,,,,,,,
244,0.9280364513397217,-0.2737199664115906,0.003869225736707449,0.003921888768672943,1.106099830394669e-06,0.9202859997749329,0.9202024936676025,0.0,0.00017387895786669105,0.0,0.0,0.0,0.15479187667369843,,,,,,,,,,,,,,,,
245,0.928123414516449,-0.2732236981391907,0.003959254827350378,0.003906045574694872,1.0296967047906946e-06,0.9202049374580383,0.92030930519104,0.0,0.00020152228535152972,0.0,0.0,0.0,0.1544526070356369,,,,,,,,,,,,,,,,
246,0.9282472729682922,-0.27398040890693665,0.0038629409391433,0.0038198032416403294,1.1809368061221903e-06,0.9205350875854492,0.9205915331840515,0.0,0.00013587494322564453,0.0,0.0,0.0,0.15383417904376984,,,,,,,,,,,,,,,,
247,0.9281482696533203,-0.27687743306159973,0.0037546500097960234,0.0037577366456389427,1.8265515109305852e-06,0.9206336140632629,0.9206345081329346,0.0,0.00025331060169264674,0.0,0.0,0.0,0.15404149889945984,,,,,,,,,,,,,,,,
248,0.9281364679336548,-0.2740105390548706,0.0038322475738823414,0.003787753637880087,1.6606567214694223e-06,0.9204966425895691,0.9205329418182373,0.0,0.00011767791875172406,0.0,0.0,0.0,0.15402629971504211,,,,,,,,,,,,,,,,
249,0.9281068444252014,-0.2763245105743408,0.0037977013271301985,0.0037191640585660934,2.096304342558142e-06,0.9204850792884827,0.9206907749176025,0.0,0.0001399624889018014,0.0,0.0,0.0,0.1539844125509262,,,,,,,,,,,,,,,,
250,0.928097665309906,-0.2747126519680023,0.003791586495935917,0.0037675993517041206,2.187330437664059e-06,0.9204931855201721,0.9205794334411621,0.0,0.00025874600396491587,0.0,0.0,0.0,0.15387915074825287,,,,,,,,,,,,,,,,
251,0.9281595945358276,-0.27658382058143616,0.0038471033331006765,0.00379040720872581,2.3820059595891507e-06,0.9204559922218323,0.9205834269523621,0.0,0.00011989189079031348,0.0,0.0,0.0,0.15372025966644287,,,,,,,,,,,,,,,,
252,0.9280965328216553,-0.2802414894104004,0.003812386654317379,0.003740257117897272,1.0622891295497539e-06,0.9204615950584412,0.9206240773200989,0.0,0.0001158148079412058,0.0,0.0,0.0,0.153389573097229,,,,,,,,,,,,,,,,
253,0.9280863404273987,-0.2822924256324768,0.003752804594114423,0.0037218062207102776,1.2517122058852692e-06,0.9205897450447083,0.9206312298774719,0.0,0.00014945025031920522,0.0,0.0,0.0,0.1532495617866516,,,,,,,,,,,,,,,,
254,0.9281261563301086,-0.28449293971061707,0.003930920269340277,0.0039119357243180275,1.4360970226334757e-06,0.9202582240104675,0.920305609703064,0.0,0.0001925827527884394,0.0,0.0,0.0,0.15370039641857147,,,,,,,,,,,,,,,,
255,0.9281043410301208,-0.28317153453826904,0.003765077330172062,0.003719377564266324,1.7640916212258162e-06,0.9205657839775085,0.9206704497337341,0.0,0.00018737114442046732,0.0,0.0,0.0,0.15297174453735352,,,,,,,,,,,,,,,,
256,0.9281948804855347,-0.2810131311416626,0.003817916614934802,0.0037593345623463392,1.3498770385922398e-06,0.9205341339111328,0.9206984043121338,0.0,0.00018113591067958623,0.0,0.0,0.0,0.1528957486152649,,,,,,,,,,,,,,,,
257,0.9281081557273865,-0.2822198271751404,0.0038343826308846474,0.0038190274499356747,1.613705649106123e-06,0.920404851436615,0.9205014109611511,0.0,0.0001017660615616478,0.0,0.0,0.0,0.1528024822473526,,,,,,,,,,,,,,,,
258,0.9280657172203064,-0.2829625606536865,0.0038491077721118927,0.0038107612635940313,8.93559331416327e-07,0.9203448295593262,0.9204651117324829,0.0,0.00011431153689045459,0.0,0.0,0.0,0.15290230512619019,,,,,,,,,,,,,,,,
259,0.9280924201011658,-0.2841608226299286,0.003837483935058117,0.0037917315494269133,8.120480288198451e-07,0.920407235622406,0.9205174446105957,0.0,0.0002014461933868006,0.0,0.0,0.0,0.15239110589027405,,,,,,,,,,,,,,,,
260,0.928200900554657,-0.2867058217525482,0.0038956166245043278,0.0038792940322309732,1.4241285271054949e-06,0.9204306602478027,0.9204185009002686,0.0,0.00011155169340781868,0.0,0.0,0.0,0.15277574956417084,,,,,,,,,,,,,,,,
261,0.928101658821106,-0.28478237986564636,0.003989419434219599,0.003939639311283827,1.0078526884171879e-06,0.9201208353042603,0.9202224016189575,0.0,2.7221367417951114e-05,0.0,0.0,0.0,0.1520499438047409,,,,,,,,,,,,,,,,
262,0.9279964566230774,-0.28753286600112915,0.0038080639205873013,0.00388766685500741,1.3014137039135676e-06,0.9204189777374268,0.9201797842979431,0.0,0.000122449520858936,0.0,0.0,0.0,0.1520104557275772,,,,,,,,,,,,,,,,
263,0.928153395652771,-0.289761483669281,0.003781965235248208,0.0037932442501187325,5.593684022642265e-07,0.9205713272094727,0.9205840229988098,0.0,6.904169276822358e-05,0.0,0.0,0.0,0.15187962353229523,,,,,,,,,,,,,,,,
264,0.9281952381134033,-0.291627436876297,0.0038492605090141296,0.0038719407748430967,8.132410016514768e-07,0.9204832911491394,0.9204631447792053,0.0,0.0002865458372980356,0.0,0.0,0.0,0.15133102238178253,,,,,,,,,,,,,,,,
265,0.9280920624732971,-0.292410671710968,0.003889095736667514,0.0038593620993196964,1.8467993641024805e-06,0.9203380346298218,0.9203454256057739,0.0,6.566863157786429e-05,0.0,0.0,0.0,0.1515684872865677,,,,,,,,,,,,,,,,
266,0.9281463623046875,-0.2926141321659088,0.003996974788606167,0.0039074416272342205,1.94385552276799e-06,0.9201775789260864,0.9203023910522461,0.0,0.0001354940322926268,0.0,0.0,0.0,0.1512170433998108,,,,,,,,,,,,,,,,
267,0.9281754493713379,-0.292277455329895,0.003930702805519104,0.003957966808229685,9.89893237601791e-07,0.9202936887741089,0.9202778339385986,0.0,0.0001566942810313776,0.0,0.0,0.0,0.15135088562965393,,,,,,,,,,,,,,,,
268,0.9280625581741333,-0.29102852940559387,0.0038466884288936853,0.0038669188506901264,1.0895104196606553e-06,0.9203341007232666,0.9203616380691528,0.0,0.00016878684982657433,0.0,0.0,0.0,0.15082447230815887,,,,,,,,,,,,,,,,
269,0.9280239939689636,-0.2934695780277252,0.0038145743310451508,0.0038191773928701878,7.321557404793566e-07,0.9203919768333435,0.9203870296478271,0.0,0.00014473630290012807,0.0,0.0,0.0,0.15043872594833374,,,,,,,,,,,,,,,,
270,0.9280612468719482,-0.2938854396343231,0.0038871699944138527,0.003884715959429741,7.900928267190466e-07,0.9202996492385864,0.92027747631073,0.0,0.00019572660676203668,0.0,0.0,0.0,0.1502431035041809,,,,,,,,,,,,,,,,
271,0.9281091094017029,-0.29946041107177734,0.003760155290365219,0.0037862202152609825,7.082888373588503e-07,0.9205883145332336,0.9205358028411865,0.0,4.7075020120246336e-05,0.0,0.0,0.0,0.1492767482995987,,,,,,,,,,,,,,,,
272,0.9280082583427429,-0.30081307888031006,0.003863503225147724,0.0038459941279143095,3.6010503663419513e-06,0.9202611446380615,0.920329213142395,0.0,0.00016289841732941568,0.0,0.0,0.0,0.1496434360742569,,,,,,,,,,,,,,,,
273,0.9279424548149109,-0.29704681038856506,0.003871079534292221,0.003887432161718607,8.77930574461061e-07,0.9202092885971069,0.9201568961143494,0.0,0.0001468393165851012,0.0,0.0,0.0,0.14915260672569275,,,,,,,,,,,,,,,,
274,0.9280974864959717,-0.2973233163356781,0.0038071870803833008,0.0038588177412748337,4.485403337639582e-07,0.9204490184783936,0.9204130172729492,0.0,5.9333648096071556e-05,0.0,0.0,0.0,0.14860601723194122,,,,,,,,,,,,,,,,
275,0.9280933141708374,-0.29736000299453735,0.003910426516085863,0.003871850436553359,1.3497705140252947e-06,0.9202703237533569,0.9203490018844604,0.0,9.859097917797044e-05,0.0,0.0,0.0,0.1485748142004013,,,,,,,,,,,,,,,,
276,0.9280949831008911,-0.3004876375198364,0.0037388985510915518,0.0037217310164123774,9.460165983909974e-07,0.9206207394599915,0.920646071434021,0.0,0.000136344984639436,0.0,0.0,0.0,0.14829878509044647,,,,,,,,,,,,,,,,
277,0.9279581904411316,-0.30223390460014343,0.0037799456622451544,0.0037893755361437798,1.7435961581213633e-06,0.9203823208808899,0.9203919768333435,0.0,0.0001287375489482656,0.0,0.0,0.0,0.14795200526714325,,,,,,,,,,,,,,,,
278,0.9279815554618835,-0.30288195610046387,0.0038430369459092617,0.003823057282716036,7.71472912219906e-07,0.9202814102172852,0.9203479886054993,0.0,4.461345452000387e-05,0.0,0.0,0.0,0.14718011021614075,,,,,,,,,,,,,,,,
279,0.9281325936317444,-0.3022133409976959,0.0038323067128658295,0.003790453774854541,1.4439660844800528e-06,0.920465350151062,0.9205514788627625,0.0,5.063745447841939e-06,0.0,0.0,0.0,0.1477859616279602,,,,,,,,,,,,,,,,
280,0.9280738830566406,-0.30028030276298523,0.0037002793978899717,0.003721023676916957,4.5344185650719737e-07,0.9206424951553345,0.9206617474555969,0.0,3.234963230624999e-08,0.0,0.0,0.0,0.1473642736673355,,,,,,,,,,,,,,,,
281,0.9280028939247131,-0.30308905243873596,0.0037901767063885927,0.0038109354209154844,9.263861215913494e-07,0.9204222559928894,0.9203795194625854,0.0,2.0008086721645668e-05,0.0,0.0,0.0,0.14686749875545502,,,,,,,,,,,,,,,,
282,0.9280217289924622,-0.306193083524704,0.0039009954780340195,0.0038435664027929306,1.0445974112371914e-06,0.920214056968689,0.9203381538391113,0.0,8.632134995423257e-05,0.0,0.0,0.0,0.1465301215648651,,,,,,,,,,,,,,,,
283,0.928031325340271,-0.30980512499809265,0.0038480912335217,0.0038387193344533443,7.574693086098705e-07,0.9203388690948486,0.920348584651947,0.0,0.00010819477029144764,0.0,0.0,0.0,0.1459795981645584,,,,,,,,,,,,,,,,
284,0.9281689524650574,-0.30844205617904663,0.004031752701848745,0.003941861912608147,7.227022820188722e-07,0.9201223254203796,0.9202669858932495,0.0,3.943840965803247e-06,0.0,0.0,0.0,0.14645357429981232,,,,,,,,,,,,,,,,
285,0.927951991558075,-0.30898982286453247,0.004008874297142029,0.0039766826666891575,4.624241114470351e-07,0.9199414253234863,0.9199905395507812,0.0,3.004319114552345e-05,0.0,0.0,0.0,0.14559240639209747,,,,,,,,,,,,,,,,
286,0.9280628561973572,-0.30611833930015564,0.003975674510002136,0.003934639040380716,1.0244306167805917e-06,0.9201032519340515,0.9201998114585876,0.0,1.7692645997158252e-05,0.0,0.0,0.0,0.14648987352848053,,,,,,,,,,,,,,,,
287,0.9280655980110168,-0.30515190958976746,0.003936132416129112,0.0038431850261986256,2.1934358755970607e-06,0.9202145934104919,0.9203535914421082,0.0,0.00010425931395730004,0.0,0.0,0.0,0.1453433483839035,,,,,,,,,,,,,,,,
288,0.9280627369880676,-0.31078532338142395,0.0038710543885827065,0.0038068131543695927,9.942557426256826e-07,0.9203049540519714,0.9204627871513367,0.0,2.2121650545159355e-05,0.0,0.0,0.0,0.14587344229221344,,,,,,,,,,,,,,,,
289,0.928193986415863,-0.31663018465042114,0.003864970291033387,0.0038078702054917812,3.5364877248866833e-07,0.9204823970794678,0.9205591082572937,0.0,8.45185604703147e-06,0.0,0.0,0.0,0.14493778347969055,,,,,,,,,,,,,,,,
290,0.9280718564987183,-0.31816181540489197,0.003935353830456734,0.0039267330430448055,9.835116543399636e-07,0.9201893210411072,0.9202283620834351,0.0,1.4010267390673903e-09,0.0,0.0,0.0,0.14498718082904816,,,,,,,,,,,,,,,,
291,0.9280067682266235,-0.3120165467262268,0.0038714390248060226,0.003912373445928097,2.8954039521522645e-07,0.9202649593353271,0.9201803207397461,0.0,7.096350600477308e-05,0.0,0.0,0.0,0.14570090174674988,,,,,,,,,,,,,,,,
292,0.9281081557273865,-0.30977416038513184,0.0038346126675605774,0.0038212586659938097,2.6165423605561955e-07,0.9204195141792297,0.9204845428466797,0.0,4.152453402639367e-05,0.0,0.0,0.0,0.14475856721401215,,,,,,,,,,,,,,,,
293,0.9280484318733215,-0.31319859623908997,0.0038262007292360067,0.0038270067889243364,4.7199654318319517e-07,0.9203685522079468,0.9204210638999939,0.0,2.0066605429747142e-05,0.0,0.0,0.0,0.1442136913537979,,,,,,,,,,,,,,,,
294,0.9280998110771179,-0.3212794065475464,0.0038234374951571226,0.003837775904685259,6.759433972547413e-07,0.9204643368721008,0.9204114675521851,0.0,8.421293750870973e-05,0.0,0.0,0.0,0.14541128277778625,,,,,,,,,,,,,,,,
295,0.9281505346298218,-0.3194594979286194,0.00392181659117341,0.0039052488282322884,3.1423175528288994e-07,0.9203146696090698,0.9203315377235413,0.0,9.668313578004017e-05,0.0,0.0,0.0,0.14469672739505768,,,,,,,,,,,,,,,,
296,0.928068995475769,-0.31762322783470154,0.004008003510534763,0.003948478028178215,1.752098341967212e-07,0.9200737476348877,0.920150876045227,0.0,4.62840725958813e-05,0.0,0.0,0.0,0.14478714764118195,,,,,,,,,,,,,,,,
297,0.9279384613037109,-0.3133116066455841,0.0038724772166460752,0.003858777694404125,7.678141287215112e-07,0.9201870560646057,0.9202258586883545,0.0,7.928568084025756e-05,0.0,0.0,0.0,0.1449044942855835,,,,,,,,,,,,,,,,
298,0.9279845952987671,-0.31454649567604065,0.0039053568616509438,0.003924458287656307,3.7792531770719506e-07,0.9201492667198181,0.9201595187187195,0.0,6.0103091527707875e-05,0.0,0.0,0.0,0.14512301981449127,,,,,,,,,,,,,,,,
299,0.9279937744140625,-0.32008299231529236,0.003963037393987179,0.003940649796277285,7.27504129827139e-07,0.9200566411018372,0.9201220273971558,0.0,9.508524090051651e-05,0.0,0.0,0.0,0.1455344259738922,,,,,,,,,,,,,,,,
300,0.9279181957244873,-0.3257290720939636,0.00395513279363513,0.003911668434739113,1.8526048961575725e-07,0.9200142621994019,0.9200882315635681,0.0,8.050214091781527e-05,0.0,0.0,0.0,0.14481548964977264,,,,,,,,,,,,,,,,
301,0.928149938583374,-0.32485535740852356,0.003972770646214485,0.003970872610807419,5.700250085283187e-07,0.9202075600624084,0.9202038645744324,0.0,5.543800943996757e-05,0.0,0.0,0.0,0.14474524557590485,,,,,,,,,,,,,,,,
302,0.9280060529708862,-0.3213347792625427,0.00410935003310442,0.0040772221982479095,3.56368730081158e-07,0.9197970628738403,0.9198412299156189,0.0,0.0001031656502163969,0.0,0.0,0.0,0.1451253592967987,,,,,,,,,,,,,,,,
303,0.9279478788375854,-0.3173421025276184,0.0038387873210012913,0.0038566424045711756,4.988963837604388e-07,0.9202587604522705,0.9202451109886169,0.0,0.0001068066994776018,0.0,0.0,0.0,0.1448954939842224,,,,,,,,,,,,,,,,
304,0.9279679656028748,-0.323520302772522,0.003811120055615902,0.0038010398857295513,2.6350988946433063e-07,0.920356273651123,0.9203549027442932,0.0,0.00010445863881614059,0.0,0.0,0.0,0.14473429322242737,,,,,,,,,,,,,,,,
305,0.9279319643974304,-0.32762718200683594,0.003829347435384989,0.0038139282260090113,6.026709797879448e-07,0.9202988147735596,0.9202772974967957,0.0,7.663720680284314e-06,0.0,0.0,0.0,0.1444840431213379,,,,,,,,,,,,,,,,
306,0.9279558658599854,-0.32998940348625183,0.003882537130266428,0.003925951197743416,1.6971355876194139e-07,0.920194149017334,0.9201001524925232,0.0,1.0596558240649756e-05,0.0,0.0,0.0,0.14413894712924957,,,,,,,,,,,,,,,,
307,0.9281237721443176,-0.3274831175804138,0.004002652131021023,0.004024789202958345,8.030643243728264e-07,0.9200933575630188,0.9200976490974426,0.0,2.2794256437919103e-05,0.0,0.0,0.0,0.14404653012752533,,,,,,,,,,,,,,,,
308,0.9281871318817139,-0.326249361038208,0.0039026422891765833,0.003926280420273542,6.27410258857708e-07,0.9203748106956482,0.9203404188156128,0.0,6.556734297191724e-05,0.0,0.0,0.0,0.1442110538482666,,,,,,,,,,,,,,,,
309,0.9280250072479248,-0.3241201937198639,0.0038533250335603952,0.0038422243669629097,3.9578233668180474e-07,0.9203265905380249,0.9203314781188965,0.0,8.47507908474654e-05,0.0,0.0,0.0,0.14397089183330536,,,,,,,,,,,,,,,,
310,0.9279738068580627,-0.32758066058158875,0.003859228454530239,0.003930212464183569,3.732674258571933e-07,0.9202237725257874,0.920144259929657,0.0,0.0001258919801330194,0.0,0.0,0.0,0.14398351311683655,,,,,,,,,,,,,,,,
311,0.9280277490615845,-0.33214572072029114,0.003783004591241479,0.003816381096839905,5.658048394252546e-07,0.9204648733139038,0.920390784740448,0.0,1.9119590433547273e-05,0.0,0.0,0.0,0.14282990992069244,,,,,,,,,,,,,,,,
312,0.9279758334159851,-0.333624929189682,0.003910353407263756,0.003936787601560354,2.3709581000730395e-06,0.9201281666755676,0.9201244115829468,0.0,0.00010210970503976569,0.0,0.0,0.0,0.14349952340126038,,,,,,,,,,,,,,,,
313,0.9281320571899414,-0.3367272913455963,0.0038429107517004013,0.0038622792344540358,6.174376494527678e-07,0.9204471111297607,0.9204053282737732,0.0,7.764164183754474e-05,0.0,0.0,0.0,0.14237970113754272,,,,,,,,,,,,,,,,
314,0.9280608296394348,-0.33046767115592957,0.004003239329904318,0.003964490722864866,9.192694960802328e-08,0.9200541377067566,0.9201318621635437,0.0,7.93670624261722e-05,0.0,0.0,0.0,0.1429186910390854,,,,,,,,,,,,,,,,
315,0.9280518889427185,-0.3276691138744354,0.003882923861965537,0.003907532896846533,1.1018524901373894e-06,0.920275866985321,0.9202448129653931,0.0,0.00013494717131834477,0.0,0.0,0.0,0.1431703120470047,,,,,,,,,,,,,,,,
316,0.9280462861061096,-0.33280467987060547,0.003953820094466209,0.003936325199902058,7.350413966378255e-08,0.9201524257659912,0.9201596975326538,0.0,0.00012574164429679513,0.0,0.0,0.0,0.14319777488708496,,,,,,,,,,,,,,,,
317,0.9280689358711243,-0.3365257978439331,0.003854594426229596,0.003853264730423689,7.675407118767907e-07,0.9204109907150269,0.9203097224235535,0.0,8.880197128746659e-05,0.0,0.0,0.0,0.14299139380455017,,,,,,,,,,,,,,,,
318,0.9280348420143127,-0.3407490849494934,0.0039824144914746284,0.003971670754253864,5.3394014543073354e-08,0.9200295805931091,0.9201318621635437,0.0,4.4171069021103904e-05,0.0,0.0,0.0,0.14255987107753754,,,,,,,,,,,,,,,,
319,0.9279990792274475,-0.3355385959148407,0.0039588576182723045,0.0038895164616405964,1.5344578514486784e-06,0.9200689792633057,0.9202293157577515,0.0,7.139695662772283e-05,0.0,0.0,0.0,0.1434583067893982,,,,,,,,,,,,,,,,
320,0.9280968308448792,-0.33790484070777893,0.0038557855878025293,0.003896484849974513,7.964528094817069e-07,0.9203416109085083,0.9203458428382874,0.0,4.941304527009138e-13,0.0,0.0,0.0,0.14285396039485931,,,,,,,,,,,,,,,,
321,0.9280251264572144,-0.33677253127098083,0.0037582770455628633,0.0037736764643341303,7.382259354926646e-07,0.9205029010772705,0.9204819202423096,0.0,5.310426058713347e-05,0.0,0.0,0.0,0.14244496822357178,,,,,,,,,,,,,,,,
322,0.9278935790061951,-0.33894217014312744,0.003868270432576537,0.0038637733086943626,1.5890958593445248e-07,0.9201646447181702,0.9201581478118896,0.0,3.914555054507218e-05,0.0,0.0,0.0,0.14225105941295624,,,,,,,,,,,,,,,,
323,0.9280461072921753,-0.3412298858165741,0.003946144133806229,0.003924964461475611,4.245103184530308e-07,0.9201441407203674,0.9202051162719727,0.0,2.4297301933984272e-05,0.0,0.0,0.0,0.14196905493736267,,,,,,,,,,,,,,,,
324,0.9280731081962585,-0.33993303775787354,0.003981037996709347,0.003979030065238476,1.7977505706312513e-07,0.9201236963272095,0.920102059841156,0.0,2.6339390387875028e-05,0.0,0.0,0.0,0.1422228366136551,,,,,,,,,,,,,,,,
325,0.9279860258102417,-0.3389606177806854,0.003970352932810783,0.003957043401896954,4.999898806090641e-07,0.9200317859649658,0.9200844168663025,0.0,3.892644599545747e-05,0.0,0.0,0.0,0.1424471139907837,,,,,,,,,,,,,,,,
326,0.927995502948761,-0.34210848808288574,0.0038259318098425865,0.0038307567592710257,2.182248977078416e-07,0.9203432202339172,0.9203339219093323,0.0,9.949765080818906e-05,0.0,0.0,0.0,0.14259903132915497,,,,,,,,,,,,,,,,
327,0.9279628992080688,-0.3412989675998688,0.0038848130498081446,0.003918908536434174,5.674827434631879e-07,0.9201803207397461,0.9201369881629944,0.0,0.00011903561244253069,0.0,0.0,0.0,0.1418221890926361,,,,,,,,,,,,,,,,
328,0.9280293583869934,-0.3442422151565552,0.003936732187867165,0.003916214685887098,1.252532086937208e-07,0.9201549887657166,0.9201975464820862,0.0,2.5764762540347874e-05,0.0,0.0,0.0,0.14175404608249664,,,,,,,,,,,,,,,,
329,0.9280308485031128,-0.3449850380420685,0.003996823914349079,0.004003426525741816,5.801488782708475e-07,0.9200442433357239,0.920015811920166,0.0,9.300857345806435e-05,0.0,0.0,0.0,0.14183826744556427,,,,,,,,,,,,,,,,
330,0.9280272126197815,-0.34548431634902954,0.0039320895448327065,0.0038818498142063618,1.9354330049736745e-07,0.9201431274414062,0.9202831387519836,0.0,4.62596544821281e-05,0.0,0.0,0.0,0.1419588029384613,,,,,,,,,,,,,,,,
331,0.9280148148536682,-0.346685528755188,0.003848008345812559,0.0038057698402553797,3.34651815592224e-07,0.9203028082847595,0.9204185605049133,0.0,8.941461419453844e-05,0.0,0.0,0.0,0.14251480996608734,,,,,,,,,,,,,,,,
332,0.9280338883399963,-0.3464403748512268,0.0038706506602466106,0.0038689111825078726,3.1949272738529544e-07,0.920275866985321,0.9203121066093445,0.0,0.00017527166346553713,0.0,0.0,0.0,0.14152726531028748,,,,,,,,,,,,,,,,
333,0.9279481768608093,-0.34696343541145325,0.003878978081047535,0.0038557781372219324,3.8753857012352455e-08,0.9202021360397339,0.920224666595459,0.0,8.698950114194304e-05,0.0,0.0,0.0,0.14087560772895813,,,,,,,,,,,,,,,,
334,0.9280511140823364,-0.3480023443698883,0.003948208410292864,0.00392340961843729,7.492872100556269e-08,0.9201480150222778,0.9202108383178711,0.0,7.290794746950269e-05,0.0,0.0,0.0,0.14141102135181427,,,,,,,,,,,,,,,,
335,0.9280141592025757,-0.34876522421836853,0.0038650445640087128,0.0038452032022178173,6.768509024368541e-07,0.9202938675880432,0.9203125238418579,0.0,0.0001294850662816316,0.0,0.0,0.0,0.14159615337848663,,,,,,,,,,,,,,,,
336,0.9279760718345642,-0.35251083970069885,0.003959903959184885,0.003959138877689838,1.0565428709696789e-07,0.9200652241706848,0.920048713684082,0.0,2.907534144469537e-05,0.0,0.0,0.0,0.14208252727985382,,,,,,,,,,,,,,,,
337,0.9281169176101685,-0.3532806634902954,0.0040016272105276585,0.003979106899350882,2.746481300164305e-07,0.920099675655365,0.9201721549034119,0.0,8.317072206409648e-05,0.0,0.0,0.0,0.14250074326992035,,,,,,,,,,,,,,,,
338,0.9278866648674011,-0.3541986644268036,0.0039802007377147675,0.003984667826443911,1.027442593226624e-07,0.9199312329292297,0.9199121594429016,0.0,1.0570121958153322e-05,0.0,0.0,0.0,0.14143551886081696,,,,,,,,,,,,,,,,
339,0.9281197786331177,-0.35288897156715393,0.003887563245370984,0.003919304348528385,8.415551633333962e-07,0.9203528165817261,0.9202713370323181,0.0,4.897792678093538e-05,0.0,0.0,0.0,0.14174507558345795,,,,,,,,,,,,,,,,
340,0.9280298948287964,-0.35189780592918396,0.0038664608728140593,0.0038114753551781178,2.82576252175204e-07,0.9203026294708252,0.9204007387161255,0.0,2.462627708155196e-05,0.0,0.0,0.0,0.14105863869190216,,,,,,,,,,,,,,,,
341,0.9281279444694519,-0.3535331189632416,0.003937731962651014,0.0039028434548527002,6.227369340194855e-07,0.9202508330345154,0.9203226566314697,0.0,0.00011572055518627167,0.0,0.0,0.0,0.14256179332733154,,,,,,,,,,,,,,,,
342,0.9281023740768433,-0.3563239276409149,0.004033568315207958,0.004043188411742449,2.9844136406609323e-07,0.9200376272201538,0.9200129508972168,0.0,6.370146002154797e-05,0.0,0.0,0.0,0.14150428771972656,,,,,,,,,,,,,,,,
343,0.9280131459236145,-0.3569929897785187,0.003925316967070103,0.0039044078439474106,6.02514887759753e-07,0.9201586842536926,0.9202069044113159,0.0,6.189898704178631e-05,0.0,0.0,0.0,0.14145265519618988,,,,,,,,,,,,,,,,
344,0.9279957413673401,-0.35753369331359863,0.0039816624484956264,0.003927800338715315,7.203338441286178e-07,0.9200292825698853,0.9201417565345764,0.0,6.889022915856913e-05,0.0,0.0,0.0,0.14143289625644684,,,,,,,,,,,,,,,,
345,0.9280579686164856,-0.3583466410636902,0.004048435483127832,0.0039896490052342415,7.02904458194098e-07,0.9199762344360352,0.9200621843338013,0.0,0.00011761536006815732,0.0,0.0,0.0,0.14128439128398895,,,,,,,,,,,,,,,,
346,0.9280245304107666,-0.35816359519958496,0.0038664615713059902,0.0038693202659487724,6.54662756005564e-07,0.9202960133552551,0.9202802181243896,0.0,7.999244553502649e-05,0.0,0.0,0.0,0.1417902261018753,,,,,,,,,,,,,,,,
347,0.927985668182373,-0.36036229133605957,0.0038498579524457455,0.0038534090854227543,5.673948066942103e-07,0.9202742576599121,0.9202893972396851,0.0,6.576659507118165e-05,0.0,0.0,0.0,0.14125528931617737,,,,,,,,,,,,,,,,
348,0.9279732704162598,-0.36115556955337524,0.003954009618610144,0.0039065806195139885,7.703399518277365e-08,0.9200577139854431,0.9201675057411194,0.0,3.294068301329389e-05,0.0,0.0,0.0,0.14104267954826355,,,,,,,,,,,,,,,,
349,0.9280610084533691,-0.36061275005340576,0.003860958619043231,0.0038867935072630644,5.335487571755948e-07,0.9203240275382996,0.9203013777732849,0.0,9.824526932789013e-05,0.0,0.0,0.0,0.14132951200008392,,,,,,,,,,,,,,,,
350,0.9279530644416809,-0.3600674271583557,0.003969772253185511,0.003956703469157219,6.647022132710845e-07,0.9200099110603333,0.9200420379638672,0.0,3.713428304763511e-05,0.0,0.0,0.0,0.14058251678943634,,,,,,,,,,,,,,,,
351,0.9279962778091431,-0.35989171266555786,0.0038523664698004723,0.003926931880414486,3.231614869037003e-07,0.9202806353569031,0.9201526641845703,0.0,1.0056643986899871e-05,0.0,0.0,0.0,0.14106589555740356,,,,,,,,,,,,,,,,
352,0.9280233979225159,-0.363678902387619,0.0038928815629333258,0.003831702284514904,8.544795946363593e-07,0.9202611446380615,0.9203347563743591,0.0,1.1847436326206662e-05,0.0,0.0,0.0,0.14067897200584412,,,,,,,,,,,,,,,,
353,0.928075909614563,-0.36463606357574463,0.003905151505023241,0.003963461145758629,1.243267320205632e-07,0.9202850461006165,0.9201293587684631,0.0,2.789680365822278e-05,0.0,0.0,0.0,0.140167236328125,,,,,,,,,,,,,,,,
354,0.9279723167419434,-0.3684100806713104,0.004018737934529781,0.004015514627099037,9.21568386047511e-08,0.9199516177177429,0.9199243783950806,0.0,3.7714769405283732e-06,0.0,0.0,0.0,0.14059720933437347,,,,,,,,,,,,,,,,
355,0.9280272722244263,-0.36612841486930847,0.0038089058361947536,0.003798765130341053,3.272258481956669e-07,0.9204209446907043,0.9204176068305969,0.0,3.740080865100026e-05,0.0,0.0,0.0,0.14050060510635376,,,,,,,,,,,,,,,,
356,0.9280267357826233,-0.3638826608657837,0.003940802998840809,0.003930891864001751,2.891099768476124e-07,0.9201434850692749,0.920166015625,0.0,4.826599706575507e-06,0.0,0.0,0.0,0.14063185453414917,,,,,,,,,,,,,,,,
357,0.927962601184845,-0.36661776900291443,0.003909462131559849,0.0038918934296816587,2.7629255328065483e-08,0.9201431274414062,0.9201793074607849,0.0,1.7634032701607794e-05,0.0,0.0,0.0,0.1413620561361313,,,,,,,,,,,,,,,,
358,0.9279676675796509,-0.36884793639183044,0.003938373178243637,0.003947773948311806,4.762765684063197e-07,0.9200598001480103,0.9201022386550903,0.0,4.033496225019917e-06,0.0,0.0,0.0,0.14084234833717346,,,,,,,,,,,,,,,,
359,0.9281020760536194,-0.372700572013855,0.003939211834222078,0.003979784902185202,6.120316129454295e-07,0.9201995730400085,0.9201653003692627,0.0,8.520975825376809e-05,0.0,0.0,0.0,0.1414288580417633,,,,,,,,,,,,,,,,
360,0.9279350638389587,-0.37351250648498535,0.003845678176730871,0.003886296646669507,6.670104824024747e-08,0.9202144145965576,0.9201916456222534,0.0,2.2314477973850444e-05,0.0,0.0,0.0,0.1409662514925003,,,,,,,,,,,,,,,,
361,0.9280693531036377,-0.37246784567832947,0.003950886428356171,0.003960378933697939,2.5100078460127406e-08,0.9201417565345764,0.9201744198799133,0.0,0.0,0.0,0.0,0.0,0.14077943563461304,,,,,,,,,,,,,,,,
362,0.9280111789703369,-0.36899885535240173,0.003951231483370066,0.00398668646812439,1.1896410256895251e-07,0.9200993180274963,0.9200469255447388,0.0,2.22351463889936e-05,0.0,0.0,0.0,0.14013676345348358,,,,,,,,,,,,,,,,
363,0.9279673099517822,-0.37051376700401306,0.003959171008318663,0.003968088421970606,1.8853330630008713e-07,0.9200376272201538,0.9200420379638672,0.0,3.021816155523993e-05,0.0,0.0,0.0,0.14106754958629608,,,,,,,,,,,,,,,,
364,0.9279956221580505,-0.3737255930900574,0.0038890517316758633,0.003911310341209173,1.1384938858327587e-07,0.9202183485031128,0.9201719760894775,0.0,0.0001579920935910195,0.0,0.0,0.0,0.14001138508319855,,,,,,,,,,,,,,,,
365,0.9280106425285339,-0.37793129682540894,0.003914035856723785,0.0038686818443238735,2.9819187830071314e-07,0.9201862812042236,0.9202689528465271,0.0,5.4046515288064256e-05,0.0,0.0,0.0,0.1405659168958664,,,,,,,,,,,,,,,,
366,0.9280041456222534,-0.3761766850948334,0.004045828245580196,0.004017301835119724,7.494053875234385e-07,0.9199152588844299,0.9199653267860413,0.0,9.343573765363544e-05,0.0,0.0,0.0,0.14055724442005157,,,,,,,,,,,,,,,,
367,0.9280036091804504,-0.3740289509296417,0.003993858117610216,0.003914511762559414,6.327699679786747e-07,0.9199958443641663,0.9201934337615967,0.0,5.0450740673113614e-05,0.0,0.0,0.0,0.14017200469970703,,,,,,,,,,,,,,,,
368,0.9278755784034729,-0.3719862401485443,0.004065508954226971,0.00404226453974843,2.8168370747039262e-08,0.9197384715080261,0.9197971224784851,0.0,3.436792394495569e-05,0.0,0.0,0.0,0.14023777842521667,,,,,,,,,,,,,,,,
369,0.9280166029930115,-0.377953439950943,0.003931277431547642,0.003922576084733009,6.395591185537342e-07,0.9201593399047852,0.9201648831367493,0.0,1.4617914656511743e-09,0.0,0.0,0.0,0.13964620232582092,,,,,,,,,,,,,,,,
370,0.9279560446739197,-0.3807016909122467,0.003942551556974649,0.003976898733526468,6.09262997386395e-07,0.9200620055198669,0.920009970664978,0.0,8.328244439326227e-05,0.0,0.0,0.0,0.13995227217674255,,,,,,,,,,,,,,,,
371,0.9279991984367371,-0.37906312942504883,0.003999553620815277,0.004059873521327972,6.312387768048211e-07,0.9199634194374084,0.9199148416519165,0.0,5.8295390772400424e-05,0.0,0.0,0.0,0.13987872004508972,,,,,,,,,,,,,,,,
372,0.9280664324760437,-0.3756539225578308,0.003954051528126001,0.003955603111535311,6.684803111056681e-07,0.9201257824897766,0.920186460018158,0.0,5.562988735619001e-05,0.0,0.0,0.0,0.14008332788944244,,,,,,,,,,,,,,,,
373,0.9279309511184692,-0.37396958470344543,0.0038425868842750788,0.003816017182543874,1.2017210337944562e-07,0.9202403426170349,0.9203041791915894,0.0,5.79515199206071e-06,0.0,0.0,0.0,0.13978728652000427,,,,,,,,,,,,,,,,
374,0.9280939698219299,-0.3802812993526459,0.0038072748575359583,0.0038047637790441513,2.9861286776622364e-08,0.9204595685005188,0.9205043315887451,0.0,6.637311889789999e-05,0.0,0.0,0.0,0.1397469937801361,,,,,,,,,,,,,,,,
375,0.927916407585144,-0.38517165184020996,0.00397186353802681,0.003958499059081078,6.129043867986184e-07,0.9199439287185669,0.9200268983840942,0.0,1.445983252779115e-05,0.0,0.0,0.0,0.13997168838977814,,,,,,,,,,,,,,,,
376,0.9280186891555786,-0.3851664066314697,0.003934006672352552,0.003909267485141754,1.582772668484722e-08,0.9201496243476868,0.9202011227607727,0.0,4.096185875823721e-05,0.0,0.0,0.0,0.13965825736522675,,,,,,,,,,,,,,,,
377,0.9280809760093689,-0.38173165917396545,0.004016960505396128,0.003934132866561413,6.264396574806597e-07,0.9200640320777893,0.9201944470405579,0.0,3.694947008625604e-05,0.0,0.0,0.0,0.1394663155078888,,,,,,,,,,,,,,,,
378,0.9279516339302063,-0.3790469467639923,0.003980614244937897,0.003943862859159708,1.4432244199724664e-07,0.9199934601783752,0.9200606346130371,0.0,3.224373358534649e-05,0.0,0.0,0.0,0.13969992101192474,,,,,,,,,,,,,,,,
379,0.9280245304107666,-0.38294196128845215,0.003935336135327816,0.003914752509444952,3.0968266173658776e-07,0.9201440215110779,0.9202041625976562,0.0,2.8806805858039297e-05,0.0,0.0,0.0,0.13934539258480072,,,,,,,,,,,,,,,,
380,0.9280357360839844,-0.3877463936805725,0.003969194367527962,0.003990353085100651,2.605869475758027e-08,0.9200859665870667,0.9200664162635803,0.0,3.9468719478463754e-05,0.0,0.0,0.0,0.139888733625412,,,,,,,,,,,,,,,,
381,0.9279372692108154,-0.3891981244087219,0.003997152205556631,0.0039814612828195095,6.004524379932263e-07,0.9199377298355103,0.9199783802032471,0.0,4.83921539853327e-05,0.0,0.0,0.0,0.14011450111865997,,,,,,,,,,,,,,,,
382,0.9280511736869812,-0.38483893871307373,0.003937654662877321,0.003981177695095539,1.0292973229297786e-06,0.9201545715332031,0.9201080203056335,0.0,3.808417403661224e-08,0.0,0.0,0.0,0.13945217430591583,,,,,,,,,,,,,,,,
383,0.9279885292053223,-0.3838895261287689,0.003861578181385994,0.0038710604421794415,6.023001333232969e-07,0.9202451705932617,0.9202653765678406,0.0,1.5772408005432226e-05,0.0,0.0,0.0,0.1394854485988617,,,,,,,,,,,,,,,,
384,0.9279991388320923,-0.3895510137081146,0.0039160349406301975,0.003940909635275602,6.020013074703456e-07,0.9201924800872803,0.9200906157493591,0.0,7.8444400060107e-06,0.0,0.0,0.0,0.14002802968025208,,,,,,,,,,,,,,,,
385,0.9279901385307312,-0.3946731984615326,0.003958255518227816,0.0039316946640610695,3.6349682375202974e-08,0.9200530648231506,0.9201472401618958,0.0,3.211934381397441e-05,0.0,0.0,0.0,0.13978619873523712,,,,,,,,,,,,,,,,
386,0.9279488325119019,-0.39222538471221924,0.003936114255338907,0.0038921257946640253,5.879720674784039e-07,0.9200921654701233,0.9201478958129883,0.0,4.719767457572743e-05,0.0,0.0,0.0,0.1399488002061844,,,,,,,,,,,,,,,,
387,0.9279758334159851,-0.38853657245635986,0.0039254906587302685,0.003878008807078004,3.992323911461426e-07,0.9201127886772156,0.92023104429245,0.0,6.263387331273407e-05,0.0,0.0,0.0,0.13939806818962097,,,,,,,,,,,,,,,,
388,0.9280577898025513,-0.38847947120666504,0.003897454123944044,0.003903499571606517,2.146323794249838e-07,0.9202795624732971,0.9202336072921753,0.0,4.607181836036034e-06,0.0,0.0,0.0,0.1398780345916748,,,,,,,,,,,,,,,,
389,0.9280641674995422,-0.3934022784233093,0.003933003172278404,0.003944666124880314,3.1753938856127206e-07,0.9201900959014893,0.9201821684837341,0.0,5.4501229897141457e-05,0.0,0.0,0.0,0.1398477554321289,,,,,,,,,,,,,,,,
390,0.9279009103775024,-0.3952937126159668,0.003956619184464216,0.0039595081470906734,5.912769438509713e-07,0.9199738502502441,0.9199944734573364,0.0,0.0,0.0,0.0,0.0,0.13967342674732208,,,,,,,,,,,,,,,,
391,0.9279724955558777,-0.3941609263420105,0.004049140959978104,0.004023280926048756,3.7151968967918947e-07,0.9198920726776123,0.91990727186203,0.0,3.4361316014752674e-09,0.0,0.0,0.0,0.1388765126466751,,,,,,,,,,,,,,,,
392,0.9279888272285461,-0.39495718479156494,0.004028399474918842,0.0040521095506846905,7.041813887553872e-07,0.919920802116394,0.9198944568634033,0.0,6.967797526158392e-05,0.0,0.0,0.0,0.13900354504585266,,,,,,,,,,,,,,,,
393,0.9279219508171082,-0.3952070474624634,0.003934715874493122,0.003923931624740362,2.0175713189019007e-07,0.9200391173362732,0.9200870394706726,0.0,4.832807098864578e-05,0.0,0.0,0.0,0.13955171406269073,,,,,,,,,,,,,,,,
394,0.9280197620391846,-0.4001375436782837,0.004008451011031866,0.004062260966747999,1.9822512342670962e-07,0.9199884533882141,0.9199092984199524,0.0,7.596376963192597e-05,0.0,0.0,0.0,0.13953889906406403,,,,,,,,,,,,,,,,
395,0.9279577732086182,-0.3985326886177063,0.004021745640784502,0.004016994033008814,1.3474580384809087e-07,0.9199076890945435,0.9199300408363342,0.0,1.4980106243456248e-05,0.0,0.0,0.0,0.1395597755908966,,,,,,,,,,,,,,,,
396,0.9279240369796753,-0.3970523178577423,0.003937684465199709,0.003920146729797125,5.894894528069017e-08,0.9200711250305176,0.9200610518455505,0.0,9.825953384279273e-06,0.0,0.0,0.0,0.13932517170906067,,,,,,,,,,,,,,,,
397,0.9279363751411438,-0.39609456062316895,0.003908107057213783,0.003906309604644775,4.596086569108593e-07,0.9201151728630066,0.920127809047699,0.0,2.2850194000056945e-05,0.0,0.0,0.0,0.1394580900669098,,,,,,,,,,,,,,,,
398,0.9279484152793884,-0.39665523171424866,0.0039921291172504425,0.0039743538945913315,7.915531341495807e-08,0.9199730753898621,0.9199905395507812,0.0,6.109063542680815e-05,0.0,0.0,0.0,0.13919639587402344,,,,,,,,,,,,,,,,
399,0.9279348254203796,-0.3992418348789215,0.0038813110440969467,0.003919084090739489,5.708078560928698e-07,0.9201658368110657,0.9201019406318665,0.0,1.209032802762522e-06,0.0,0.0,0.0,0.13888438045978546,,,,,,,,,,,,,,,,
400,0.9280457496643066,-0.40010249614715576,0.004043953958898783,0.004000097047537565,4.407163487485377e-07,0.9199530482292175,0.9200494885444641,0.0,6.26497421762906e-05,0.0,0.0,0.0,0.13903464376926422,,,,,,,,,,,,,,,,
401,0.9279548525810242,-0.4023723006248474,0.003969498444348574,0.003983783069998026,2.808144188293227e-07,0.9199956655502319,0.9200069308280945,0.0,0.00010160679812543094,0.0,0.0,0.0,0.13920216262340546,,,,,,,,,,,,,,,,
402,0.9280584454536438,-0.40270593762397766,0.003885267535224557,0.003914242144674063,1.3717597369122814e-07,0.9202578663825989,0.9202597737312317,0.0,8.291548147099093e-05,0.0,0.0,0.0,0.138616681098938,,,,,,,,,,,,,,,,
403,0.9280011653900146,-0.4043882191181183,0.003908287733793259,0.0038788849487900734,9.169129810970844e-08,0.9202079176902771,0.9202198386192322,0.0,3.757256308745127e-06,0.0,0.0,0.0,0.1387246549129486,,,,,,,,,,,,,,,,
404,0.9279471039772034,-0.4054519236087799,0.0038748178631067276,0.003913733642548323,5.754239964517183e-07,0.9201772212982178,0.9201387166976929,0.0,4.618405000655912e-05,0.0,0.0,0.0,0.13870295882225037,,,,,,,,,,,,,,,,
405,0.9279001951217651,-0.40670016407966614,0.003857468720525503,0.0038505694828927517,2.7047306616623246e-07,0.9201555848121643,0.920228123664856,0.0,8.424111001659185e-05,0.0,0.0,0.0,0.13861563801765442,,,,,,,,,,,,,,,,
406,0.9279438853263855,-0.4056195318698883,0.0038701703306287527,0.0038729303050786257,1.8056323369819438e-07,0.9201934337615967,0.9202077388763428,0.0,7.573564653284848e-05,0.0,0.0,0.0,0.13838016986846924,,,,,,,,,,,,,,,,
407,0.9278855919837952,-0.4048064351081848,0.004017991945147514,0.003994411788880825,1.0373442904665353e-07,0.9198309183120728,0.9199151992797852,0.0,6.011306686559692e-05,0.0,0.0,0.0,0.13845448195934296,,,,,,,,,,,,,,,,
408,0.927951991558075,-0.40851715207099915,0.003946184180676937,0.003923248499631882,5.800604867545189e-07,0.9200873970985413,0.9200764894485474,0.0,6.013828533468768e-05,0.0,0.0,0.0,0.13861395418643951,,,,,,,,,,,,,,,,
409,0.9279579520225525,-0.41076937317848206,0.004017423372715712,0.003924121148884296,2.15625689747867e-07,0.9199493527412415,0.9200830459594727,0.0,0.0,0.0,0.0,0.0,0.13911858201026917,,,,,,,,,,,,,,,,
410,0.9279778599739075,-0.4086478352546692,0.004036845173686743,0.004036088939756155,1.0792683013960414e-07,0.9198988080024719,0.9199108481407166,0.0,0.00011426827404648066,0.0,0.0,0.0,0.1386408805847168,,,,,,,,,,,,,,,,
411,0.9280404448509216,-0.4095025956630707,0.00408126087859273,0.004091158509254456,4.1684398865982075e-07,0.9198634624481201,0.9198717474937439,0.0,3.00823576253606e-05,0.0,0.0,0.0,0.13866673409938812,,,,,,,,,,,,,,,,
412,0.9279769659042358,-0.4078783094882965,0.0039327386766672134,0.003937906585633755,3.674888660043507e-08,0.9201173782348633,0.9200952649116516,0.0,4.779438178559303e-09,0.0,0.0,0.0,0.13906608521938324,,,,,,,,,,,,,,,,
413,0.9280158281326294,-0.4103803336620331,0.003914947155863047,0.00393880857154727,2.529801577111357e-07,0.9201980233192444,0.9201256036758423,0.0,3.880455915350467e-05,0.0,0.0,0.0,0.1383962333202362,,,,,,,,,,,,,,,,
414,0.9278451204299927,-0.41128936409950256,0.003968903794884682,0.00399085134267807,6.883705054860911e-07,0.9199219942092896,0.9198473691940308,0.0,1.4350639503390994e-05,0.0,0.0,0.0,0.13837456703186035,,,,,,,,,,,,,,,,
415,0.9280365109443665,-0.4116998314857483,0.0039937738329172134,0.003989675547927618,6.10814026913431e-07,0.9200444221496582,0.9200605154037476,0.0,9.504204854238196e-07,0.0,0.0,0.0,0.1382918506860733,,,,,,,,,,,,,,,,
416,0.9279654622077942,-0.41121581196784973,0.003798977006226778,0.0038529473822563887,2.9254766786834807e-07,0.9203517436981201,0.9202747344970703,0.0,3.828936678473838e-05,0.0,0.0,0.0,0.13801291584968567,,,,,,,,,,,,,,,,
417,0.9279952049255371,-0.4127064049243927,0.0038008634001016617,0.0038033241871744394,5.872921633454098e-07,0.9204133749008179,0.9203674793243408,0.0,1.5254940323103372e-12,0.0,0.0,0.0,0.13836458325386047,,,,,,,,,,,,,,,,
418,0.927979588508606,-0.41512641310691833,0.0039479914121329784,0.003945752512663603,8.69724701146879e-08,0.9200807213783264,0.920090913772583,0.0,4.0343835280509666e-05,0.0,0.0,0.0,0.13787145912647247,,,,,,,,,,,,,,,,
419,0.9281412959098816,-0.4194104075431824,0.003932775929570198,0.003924793563783169,5.792620072497812e-07,0.920263409614563,0.9203028678894043,0.0,5.930373663431965e-05,0.0,0.0,0.0,0.13768824934959412,,,,,,,,,,,,,,,,
420,0.9279744625091553,-0.4199106991291046,0.003965088166296482,0.003979640081524849,4.7433465510948736e-07,0.9200361371040344,0.9200223684310913,0.0,5.458279701997526e-05,0.0,0.0,0.0,0.13772743940353394,,,,,,,,,,,,,,,,
421,0.9279486536979675,-0.414478600025177,0.004006580915302038,0.00396445207297802,5.853805191691208e-07,0.9199217557907104,0.920032262802124,0.0,2.3611582946614362e-05,0.0,0.0,0.0,0.13814705610275269,,,,,,,,,,,,,,,,
422,0.9279667139053345,-0.4146278202533722,0.0041053406894207,0.004083313979208469,6.82904186533051e-08,0.9197420477867126,0.919813871383667,0.0,4.638982318283524e-06,0.0,0.0,0.0,0.13850432634353638,,,,,,,,,,,,,,,,
423,0.927868664264679,-0.41651374101638794,0.004003153648227453,0.003986240830272436,1.0692698282355195e-07,0.9198551774024963,0.9199030995368958,0.0,2.2892525066708913e-06,0.0,0.0,0.0,0.13831613957881927,,,,,,,,,,,,,,,,
424,0.9279927015304565,-0.4202502369880676,0.004105536732822657,0.0040795146487653255,8.298618467961205e-07,0.9197795987129211,0.9198340177536011,0.0,3.841581929009408e-05,0.0,0.0,0.0,0.13812415301799774,,,,,,,,,,,,,,,,
425,0.9279217720031738,-0.4221186935901642,0.0039438107050955296,0.003892071545124054,5.95136668835039e-07,0.9200304746627808,0.9201400876045227,0.0,8.377740414289292e-06,0.0,0.0,0.0,0.13819360733032227,,,,,,,,,,,,,,,,
426,0.927931010723114,-0.4223202168941498,0.003989472519606352,0.004009699914604425,6.642108019150328e-08,0.9199435114860535,0.9199200868606567,0.0,9.344241334474646e-06,0.0,0.0,0.0,0.13809789717197418,,,,,,,,,,,,,,,,
427,0.9279310703277588,-0.42177528142929077,0.003892014268785715,0.0038837057072669268,1.6577212491597493e-08,0.9201238751411438,0.9201868176460266,0.0,0.0001009677434922196,0.0,0.0,0.0,0.13762860000133514,,,,,,,,,,,,,,,,
428,0.9280461072921753,-0.4215764105319977,0.0038979167584329844,0.003911470528692007,3.629694234064118e-08,0.920263409614563,0.9202100038528442,0.0,9.43356571951881e-05,0.0,0.0,0.0,0.13837702572345734,,,,,,,,,,,,,,,,
429,0.927893340587616,-0.42212575674057007,0.003910361789166927,0.003959909081459045,7.02162523680272e-08,0.9200743436813354,0.9199717044830322,0.0,4.159583113505505e-05,0.0,0.0,0.0,0.138689324259758,,,,,,,,,,,,,,,,
430,0.927916944026947,-0.4244522750377655,0.003996111452579498,0.003974989987909794,5.981382287245651e-07,0.9199271202087402,0.9199633002281189,0.0,4.0036189602687955e-05,0.0,0.0,0.0,0.1386067420244217,,,,,,,,,,,,,,,,
431,0.9279435873031616,-0.42471688985824585,0.004042613320052624,0.00405936548486352,6.901444038476257e-08,0.9198591113090515,0.9198238849639893,0.0,5.185764166526496e-06,0.0,0.0,0.0,0.13765257596969604,,,,,,,,,,,,,,,,
432,0.9280081391334534,-0.42402541637420654,0.004005780443549156,0.003945129923522472,5.514829695130175e-07,0.9200084805488586,0.92010498046875,0.0,3.0123117539915256e-05,0.0,0.0,0.0,0.1377951204776764,,,,,,,,,,,,,,,,
433,0.9278659224510193,-0.42099782824516296,0.00390578992664814,0.003908234648406506,5.565798346651718e-07,0.9200507998466492,0.9200519323348999,0.0,9.357778224181046e-13,0.0,0.0,0.0,0.1380101591348648,,,,,,,,,,,,,,,,
434,0.9280678033828735,-0.42437708377838135,0.003888273611664772,0.003917850088328123,4.5082813926455856e-08,0.9202889204025269,0.9202342629432678,0.0,1.3288539157940704e-09,0.0,0.0,0.0,0.13761429488658905,,,,,,,,,,,,,,,,
435,0.9279571771621704,-0.42593085765838623,0.003904991317540407,0.0038962264079600573,5.561126954489737e-07,0.9201533794403076,0.9201574921607971,0.0,6.375172688422026e-06,0.0,0.0,0.0,0.13828431069850922,,,,,,,,,,,,,,,,
436,0.927886962890625,-0.42904552817344666,0.0039394269697368145,0.003893360262736678,1.0858693144655263e-07,0.9200282096862793,0.9200798869132996,0.0,8.194419206120074e-05,0.0,0.0,0.0,0.13756583631038666,,,,,,,,,,,,,,,,
437,0.9279448390007019,-0.4301694929599762,0.004015706945210695,0.004013543017208576,3.333482112566344e-08,0.9199167490005493,0.9199144244194031,0.0,3.525940701365471e-05,0.0,0.0,0.0,0.1373852789402008,,,,,,,,,,,,,,,,
438,0.927969753742218,-0.42860907316207886,0.003941373899579048,0.003952988889068365,4.773326622853347e-07,0.920092761516571,0.9200571179389954,0.0,6.975821452215314e-05,0.0,0.0,0.0,0.1372964233160019,,,,,,,,,,,,,,,,
439,0.9279757738113403,-0.4291512072086334,0.003924086689949036,0.003905988298356533,2.8861120426881826e-07,0.9201220273971558,0.9201688170433044,0.0,5.464102287078276e-05,0.0,0.0,0.0,0.1367875337600708,,,,,,,,,,,,,,,,
440,0.9280984401702881,-0.43235328793525696,0.003922902047634125,0.003955278545618057,2.3357367240350868e-07,0.9202324748039246,0.9202075004577637,0.0,1.6158610378624871e-06,0.0,0.0,0.0,0.1370852291584015,,,,,,,,,,,,,,,,
441,0.9280118346214294,-0.43458908796310425,0.004064383450895548,0.004042987246066332,6.135293517672835e-08,0.9198621511459351,0.9199466705322266,0.0,3.1268875318346545e-05,0.0,0.0,0.0,0.1377115100622177,,,,,,,,,,,,,,,,
442,0.9278618693351746,-0.4324929118156433,0.00397697277367115,0.003965480253100395,4.067082386427501e-07,0.9198973774909973,0.9199405908584595,0.0,4.315232945373282e-05,0.0,0.0,0.0,0.13738524913787842,,,,,,,,,,,,,,,,
443,0.9280551075935364,-0.43161657452583313,0.004073388408869505,0.004035660997033119,1.3008579458073655e-07,0.9199264645576477,0.9199655055999756,0.0,6.298204243648797e-05,0.0,0.0,0.0,0.13750162720680237,,,,,,,,,,,,,,,,
444,0.9279478192329407,-0.42869001626968384,0.003953731618821621,0.003929190803319216,6.166816319819191e-07,0.9200502038002014,0.9200783371925354,0.0,5.408825745689683e-05,0.0,0.0,0.0,0.13690310716629028,,,,,,,,,,,,,,,,
445,0.9278876781463623,-0.43189725279808044,0.003907435107976198,0.0038518719375133514,8.67417213612498e-08,0.9200817942619324,0.920174777507782,0.0,3.678738357848488e-05,0.0,0.0,0.0,0.13764052093029022,,,,,,,,,,,,,,,,
446,0.9279882311820984,-0.4373021125793457,0.004021207336336374,0.003999414853751659,6.934243401701679e-08,0.9199426770210266,0.9199924468994141,0.0,1.8630618797033094e-05,0.0,0.0,0.0,0.13776196539402008,,,,,,,,,,,,,,,,
447,0.9280188679695129,-0.4397450089454651,0.00401014368981123,0.004006319213658571,6.468150672844786e-07,0.9200024604797363,0.9200009703636169,0.0,0.00011691494728438556,0.0,0.0,0.0,0.13719892501831055,,,,,,,,,,,,,,,,
448,0.9279989004135132,-0.433778315782547,0.0038967858999967575,0.003944492433220148,5.70857196180441e-07,0.9201843738555908,0.9201297760009766,0.0,7.827600789767075e-09,0.0,0.0,0.0,0.13774628937244415,,,,,,,,,,,,,,,,
449,0.9280856251716614,-0.43226298689842224,0.003982380498200655,0.004016323015093803,8.277473853013362e-07,0.9201076030731201,0.9200645685195923,0.0,6.869088247185573e-05,0.0,0.0,0.0,0.13731785118579865,,,,,,,,,,,,,,,,
450,0.9280144572257996,-0.43594449758529663,0.0038617204409092665,0.003883135039359331,3.6457549867918715e-07,0.9202911257743835,0.9202473759651184,0.0,1.150564621354988e-08,0.0,0.0,0.0,0.13755062222480774,,,,,,,,,,,,,,,,
451,0.9280633330345154,-0.44508102536201477,0.0038490716833621264,0.003886187681928277,6.599119473094106e-08,0.9203436970710754,0.9203122854232788,0.0,7.086469850037247e-06,0.0,0.0,0.0,0.13749372959136963,,,,,,,,,,,,,,,,
452,0.9280943274497986,-0.4451059103012085,0.0040231202729046345,0.004040952771902084,7.453461847717335e-08,0.9200204610824585,0.9200398921966553,0.0,2.7957343263551593e-05,0.0,0.0,0.0,0.1378282904624939,,,,,,,,,,,,,,,,
453,0.927997350692749,-0.439665287733078,0.003937711473554373,0.003989525139331818,2.897193667195097e-07,0.9201126098632812,0.9200270175933838,0.0,6.685219705104828e-05,0.0,0.0,0.0,0.13781796395778656,,,,,,,,,,,,,,,,
454,0.9279210567474365,-0.4372084438800812,0.003992744721472263,0.003989201970398426,5.397060931500164e-07,0.9199419617652893,0.9199351668357849,0.0,0.0,0.0,0.0,0.0,0.13798797130584717,,,,,,,,,,,,,,,,
455,0.9279484152793884,-0.4432178735733032,0.003813971532508731,0.0038166490849107504,7.709019911317228e-08,0.9203081727027893,0.9203272461891174,0.0,7.421522241202183e-06,0.0,0.0,0.0,0.1378854364156723,,,,,,,,,,,,,,,,
456,0.9279499650001526,-0.4502739906311035,0.00400406401604414,0.003971323370933533,3.3719661729492145e-08,0.9199486374855042,0.9200005531311035,0.0,5.317822433426045e-05,0.0,0.0,0.0,0.13740457594394684,,,,,,,,,,,,,,,,
457,0.9280197620391846,-0.4454643726348877,0.004124175291508436,0.004078919533640146,3.474994514363061e-08,0.9197768568992615,0.9198563694953918,0.0,2.5950223061954603e-05,0.0,0.0,0.0,0.13718333840370178,,,,,,,,,,,,,,,,
458,0.92803955078125,-0.440397173166275,0.004088221583515406,0.004074253141880035,5.274106342767482e-07,0.9198789000511169,0.9198743104934692,0.0,7.531466690124944e-05,0.0,0.0,0.0,0.13787764310836792,,,,,,,,,,,,,,,,
459,0.9280088543891907,-0.44350090622901917,0.004095491487532854,0.004105198197066784,1.4396897540791542e-07,0.9198024868965149,0.9198135137557983,0.0,2.2307978724711575e-05,0.0,0.0,0.0,0.13731269538402557,,,,,,,,,,,,,,,,
460,0.9279690980911255,-0.45047125220298767,0.0040158238261938095,0.004011932760477066,1.5667558272980386e-07,0.9199356436729431,0.9199467301368713,0.0,1.1711025926786078e-08,0.0,0.0,0.0,0.1373962014913559,,,,,,,,,,,,,,,,
461,0.9279053807258606,-0.45123204588890076,0.0041063446551561356,0.004061206243932247,5.071920554655662e-07,0.9196979999542236,0.9197766184806824,0.0,0.0,0.0,0.0,0.0,0.13661302626132965,,,,,,,,,,,,,,,,
462,0.9280353784561157,-0.4465724229812622,0.004163614474236965,0.004205726087093353,1.554211053189647e-07,0.9196775555610657,0.9196541905403137,0.0,9.319847595179453e-05,0.0,0.0,0.0,0.13757646083831787,,,,,,,,,,,,,,,,
463,0.9280713200569153,-0.4451301395893097,0.003929967060685158,0.0038986511062830687,1.8185120964631096e-08,0.9202058911323547,0.9202794432640076,0.0,2.6266376153216697e-05,0.0,0.0,0.0,0.13701322674751282,,,,,,,,,,,,,,,,
464,0.9278882741928101,-0.452157586812973,0.003901062300428748,0.003909944090992212,5.952477621917751e-08,0.9201028943061829,0.9200515747070312,0.0,4.4220327254151925e-05,0.0,0.0,0.0,0.13670745491981506,,,,,,,,,,,,,,,,
465,0.928056001663208,-0.4519995152950287,0.004064879845827818,0.004050965886563063,5.189857574805501e-07,0.9199422001838684,0.9199371337890625,0.0,7.085268589435145e-05,0.0,0.0,0.0,0.13589726388454437,,,,,,,,,,,,,,,,
466,0.9280179738998413,-0.4532158672809601,0.003951239865273237,0.003958730027079582,3.996703128450463e-07,0.9201419353485107,0.9200732707977295,0.0,5.778855484095402e-05,0.0,0.0,0.0,0.1368146687746048,,,,,,,,,,,,,,,,
467,0.928015410900116,-0.45345237851142883,0.004019987303763628,0.003996579442173243,2.0969601166598295e-07,0.9199734330177307,0.9200238585472107,0.0,5.5765252909623086e-05,0.0,0.0,0.0,0.13686789572238922,,,,,,,,,,,,,,,,
468,0.9279106855392456,-0.4509636163711548,0.003925408236682415,0.003986331634223461,2.7556137638384826e-07,0.9200462102890015,0.9199510216712952,0.0,6.256680353544652e-05,0.0,0.0,0.0,0.13664141297340393,,,,,,,,,,,,,,,,
469,0.9279772639274597,-0.4525781571865082,0.003911412786692381,0.003906745929270983,1.1199867344657832e-07,0.9201647043228149,0.9201532006263733,0.0,9.471797966398299e-06,0.0,0.0,0.0,0.137001633644104,,,,,,,,,,,,,,,,
470,0.9280480742454529,-0.4533669054508209,0.0040136645548045635,0.0040142531506717205,2.420375722067547e-07,0.9200277924537659,0.9200120568275452,0.0,5.1889826863771304e-05,0.0,0.0,0.0,0.13663309812545776,,,,,,,,,,,,,,,,
471,0.9279585480690002,-0.4543337821960449,0.00409335270524025,0.004111913964152336,7.437065363546935e-08,0.919789731502533,0.9197165966033936,0.0,6.446219231293071e-06,0.0,0.0,0.0,0.13600778579711914,,,,,,,,,,,,,,,,
472,0.928054928779602,-0.4528936445713043,0.004060969687998295,0.004080542828887701,3.7077774095450877e-07,0.9199243187904358,0.9199017286300659,0.0,8.28799165901728e-05,0.0,0.0,0.0,0.13599373400211334,,,,,,,,,,,,,,,,
473,0.9280769228935242,-0.456696480512619,0.003964576870203018,0.004001755267381668,2.5605973519304825e-07,0.9201393723487854,0.9200812578201294,0.0,2.5332553832413396e-06,0.0,0.0,0.0,0.1355108767747879,,,,,,,,,,,,,,,,
474,0.9280081391334534,-0.45686793327331543,0.00395358307287097,0.003950971644371748,2.1349034540207867e-08,0.9200901985168457,0.9201169013977051,0.0,3.0334029361256398e-05,0.0,0.0,0.0,0.13517040014266968,,,,,,,,,,,,,,,,
475,0.9279735088348389,-0.45865508913993835,0.0038496616762131453,0.0038889821153134108,1.1270675486230175e-06,0.9202554821968079,0.9202120304107666,0.0,5.99115010118112e-05,0.0,0.0,0.0,0.13524365425109863,,,,,,,,,,,,,,,,
476,0.9278998970985413,-0.4590766727924347,0.00393326859921217,0.003951214719563723,5.056697318650549e-07,0.9200072884559631,0.9200225472450256,0.0,5.758245606557466e-05,0.0,0.0,0.0,0.13465212285518646,,,,,,,,,,,,,,,,
477,0.9279950857162476,-0.461704283952713,0.004021407570689917,0.0039818063378334045,2.1596252963718143e-07,0.9199680685997009,0.920015275478363,0.0,5.262314880383201e-05,0.0,0.0,0.0,0.1340664178133011,,,,,,,,,,,,,,,,
478,0.9279601573944092,-0.4619060754776001,0.0039053091313689947,0.003898503491654992,5.827018298987241e-07,0.920153796672821,0.920157790184021,0.0,1.3358174328459427e-05,0.0,0.0,0.0,0.13384345173835754,,,,,,,,,,,,,,,,
479,0.9279828071594238,-0.45978373289108276,0.004003455396741629,0.003958586137741804,7.965229542605812e-08,0.9199733138084412,0.9200681447982788,0.0,2.5288498363806866e-05,0.0,0.0,0.0,0.13373254239559174,,,,,,,,,,,,,,,,
480,0.9278470873832703,-0.4558783173561096,0.003972225356847048,0.003994870465248823,6.062355595304325e-08,0.9198955297470093,0.9198642373085022,0.0,3.415660830796696e-05,0.0,0.0,0.0,0.1354505568742752,,,,,,,,,,,,,,,,
481,0.928062915802002,-0.4596107006072998,0.003964249510318041,0.003954424988478422,2.5063161501748255e-07,0.9201482534408569,0.9201396703720093,0.0,1.5672053654824936e-09,0.0,0.0,0.0,0.13456636667251587,,,,,,,,,,,,,,,,
482,0.9279595613479614,-0.4643678367137909,0.004009490832686424,0.004019749350845814,1.2820598271900963e-07,0.9199535846710205,0.9199068546295166,0.0,4.18292656831909e-05,0.0,0.0,0.0,0.1344139277935028,,,,,,,,,,,,,,,,
483,0.927911639213562,-0.4654694199562073,0.004035250283777714,0.0040641725063323975,4.65267305571615e-07,0.9198236465454102,0.9197998046875,0.0,2.2500651539303362e-05,0.0,0.0,0.0,0.13393151760101318,,,,,,,,,,,,,,,,
484,0.927946925163269,-0.4647119343280792,0.003959548193961382,0.003948371857404709,3.830170101082331e-07,0.9200061559677124,0.9200711250305176,0.0,4.528047429630533e-05,0.0,0.0,0.0,0.13504032790660858,,,,,,,,,,,,,,,,
485,0.9281061887741089,-0.4623379707336426,0.004067976493388414,0.0040848348289728165,2.920315864685108e-07,0.91997230052948,0.9199339747428894,0.0,5.323986624716781e-05,0.0,0.0,0.0,0.13505113124847412,,,,,,,,,,,,,,,,
486,0.9279754757881165,-0.4633113741874695,0.004065161105245352,0.004047495312988758,2.429116285895816e-08,0.9198506474494934,0.9198749661445618,0.0,3.972924853684612e-12,0.0,0.0,0.0,0.134368896484375,,,,,,,,,,,,,,,,
487,0.9281359910964966,-0.46445924043655396,0.003969636280089617,0.003961118869483471,4.5588456032419344e-07,0.9201909899711609,0.9202185869216919,0.0,6.922847387613729e-05,0.0,0.0,0.0,0.13487055897712708,,,,,,,,,,,,,,,,
488,0.9279970526695251,-0.4680446982383728,0.0039923908188939095,0.004006950184702873,1.1060745208624212e-07,0.9199990630149841,0.9199960231781006,0.0,2.432971632515546e-05,0.0,0.0,0.0,0.13458500802516937,,,,,,,,,,,,,,,,
489,0.9279604554176331,-0.46982869505882263,0.004033631645143032,0.004006340634077787,7.0740316004958e-07,0.9199211597442627,0.919918417930603,0.0,8.163573511410505e-06,0.0,0.0,0.0,0.1351064145565033,,,,,,,,,,,,,,,,
490,0.9279472231864929,-0.471074640750885,0.003937643952667713,0.003911221865564585,5.084144731881679e-07,0.920072078704834,0.9201235175132751,0.0,4.65397664850542e-10,0.0,0.0,0.0,0.13405056297779083,,,,,,,,,,,,,,,,
491,0.9279096126556396,-0.4711393713951111,0.004027380142360926,0.004031436517834663,3.112872093424812e-07,0.9198505878448486,0.9198504090309143,0.0,1.987016503335326e-06,0.0,0.0,0.0,0.13369949162006378,,,,,,,,,,,,,,,,
492,0.9279412627220154,-0.46896642446517944,0.003938376437872648,0.003953511361032724,4.3424924456303415e-07,0.920089602470398,0.9200083613395691,0.0,5.236306606093422e-06,0.0,0.0,0.0,0.133170947432518,,,,,,,,,,,,,,,,
493,0.9279259443283081,-0.4695757329463959,0.003921257331967354,0.003908619750291109,1.2138774252434814e-07,0.920078694820404,0.9201131463050842,0.0,5.291530017978441e-13,0.0,0.0,0.0,0.13410380482673645,,,,,,,,,,,,,,,,
494,0.9278723001480103,-0.4726080298423767,0.003978721797466278,0.003962207585573196,1.4414449367450288e-07,0.9199315905570984,0.9199308753013611,0.0,0.0,0.0,0.0,0.0,0.13392402231693268,,,,,,,,,,,,,,,,
495,0.928063154220581,-0.4720846116542816,0.003947114106267691,0.003917430527508259,4.1908359094122716e-07,0.9201656579971313,0.9202307462692261,0.0,8.156145092641509e-09,0.0,0.0,0.0,0.1350015550851822,,,,,,,,,,,,,,,,
496,0.9279904961585999,-0.47235798835754395,0.004082400817424059,0.004097627475857735,4.298206590647169e-07,0.9198137521743774,0.9198064208030701,0.0,1.877693963855953e-13,0.0,0.0,0.0,0.13453902304172516,,,,,,,,,,,,,,,,
497,0.9280418753623962,-0.47454461455345154,0.004036045633256435,0.004000620450824499,2.3053648590121156e-07,0.9199665188789368,0.920043408870697,0.0,1.1781297049040518e-09,0.0,0.0,0.0,0.13472174108028412,,,,,,,,,,,,,,,,
498,0.9279523491859436,-0.4744400382041931,0.004057825542986393,0.004009400960057974,1.2701256935088168e-07,0.9198253750801086,0.9199445843696594,0.0,0.0,0.0,0.0,0.0,0.13370347023010254,,,,,,,,,,,,,,,,
499,0.9278951287269592,-0.476082444190979,0.003909974824637175,0.003903136122971773,1.0665197436310336e-07,0.920064389705658,0.9200994372367859,0.0,2.2375368224913927e-09,0.0,0.0,0.0,0.13395439088344574,,,,,,,,,,,,,,,,
500,0.9278807044029236,-0.47572728991508484,0.00406104139983654,0.004065724089741707,1.2080330691333074e-07,0.9197552800178528,0.9197523593902588,0.0,1.1102663847850636e-05,0.0,0.0,0.0,0.1333172768354416,,,,,,,,,,,,,,,,
501,0.9279629588127136,-0.474547803401947,0.003946306649595499,0.003981878515332937,1.8377312471784535e-07,0.920078456401825,0.9199907183647156,0.0,1.8456155885360204e-05,0.0,0.0,0.0,0.13396230340003967,,,,,,,,,,,,,,,,
502,0.9280103445053101,-0.4747784733772278,0.003917668014764786,0.003910596016794443,1.1749637707225702e-07,0.9201936721801758,0.920170247554779,0.0,5.4932253988226876e-05,0.0,0.0,0.0,0.13265737891197205,,,,,,,,,,,,,,,,
503,0.9281192421913147,-0.47649189829826355,0.0038758646696805954,0.0039000636897981167,5.803835279039049e-07,0.9203705787658691,0.9203149080276489,0.0,6.488994404207915e-05,0.0,0.0,0.0,0.1325799971818924,,,,,,,,,,,,,,,,
504,0.9280388355255127,-0.47875186800956726,0.003986846189945936,0.00395905040204525,3.830610637578502e-07,0.9200904369354248,0.9200947284698486,0.0,0.0,0.0,0.0,0.0,0.1330258548259735,,,,,,,,,,,,,,,,
505,0.9279413819313049,-0.4826137125492096,0.0039716302417218685,0.0040108938701450825,1.2969183948996488e-08,0.9200000166893005,0.919917643070221,0.0,6.263970135478303e-05,0.0,0.0,0.0,0.1330922693014145,,,,,,,,,,,,,,,,
506,0.9280909895896912,-0.4793219268321991,0.004004374146461487,0.00399755546823144,4.017287551505433e-07,0.9200928211212158,0.9200844764709473,0.0,3.592004577512853e-05,0.0,0.0,0.0,0.1329950988292694,,,,,,,,,,,,,,,,
507,0.9279972910881042,-0.47569766640663147,0.003925802651792765,0.003928087186068296,4.003137519248412e-07,0.9201407432556152,0.9201452136039734,0.0,1.1083917570431367e-06,0.0,0.0,0.0,0.1334201693534851,,,,,,,,,,,,,,,,
508,0.9279975891113281,-0.48212289810180664,0.003980868961662054,0.003974693361669779,2.2452483960933023e-07,0.9200292825698853,0.9200543165206909,0.0,3.859422940877266e-05,0.0,0.0,0.0,0.1326623111963272,,,,,,,,,,,,,,,,
509,0.9278934001922607,-0.4858701825141907,0.004050903487950563,0.0040142168290913105,4.845167467237843e-08,0.9197741746902466,0.9198822975158691,0.0,3.054175613215193e-05,0.0,0.0,0.0,0.1334531158208847,,,,,,,,,,,,,,,,
510,0.9280185103416443,-0.4833468198776245,0.00401204451918602,0.00398261658847332,3.0554943464267126e-07,0.9200000166893005,0.9200471639633179,0.0,6.242524250410497e-06,0.0,0.0,0.0,0.13276353478431702,,,,,,,,,,,,,,,,
511,0.9279031753540039,-0.47950655221939087,0.004084283951669931,0.0040245396085083485,2.1310000875018886e-08,0.919745922088623,0.9198427200317383,0.0,1.309079650235745e-10,0.0,0.0,0.0,0.1330074965953827,,,,,,,,,,,,,,,,
512,0.928022027015686,-0.48369306325912476,0.0039741345681250095,0.003933328203856945,2.0922281862567615e-07,0.9200879335403442,0.9201407432556152,0.0,7.643269782420248e-05,0.0,0.0,0.0,0.13314609229564667,,,,,,,,,,,,,,,,
513,0.9279621839523315,-0.4854607582092285,0.003958593588322401,0.003924636635929346,6.336574642773485e-08,0.9200380444526672,0.9201197028160095,0.0,2.4152430341928266e-05,0.0,0.0,0.0,0.13313771784305573,,,,,,,,,,,,,,,,
514,0.9279447197914124,-0.4862940311431885,0.004025917965918779,0.004042814020067453,1.31499731992335e-07,0.9198712110519409,0.9198805689811707,0.0,5.406642594607547e-05,0.0,0.0,0.0,0.13352413475513458,,,,,,,,,,,,,,,,
515,0.9279605746269226,-0.4868724048137665,0.003910616040229797,0.0039070481434464455,3.535205905791372e-07,0.9201588034629822,0.9201262593269348,0.0,3.764341090572998e-05,0.0,0.0,0.0,0.13398271799087524,,,,,,,,,,,,,,,,
516,0.9280250072479248,-0.4891405403614044,0.0038808933459222317,0.003908185288310051,3.9597128420609806e-07,0.9202584028244019,0.9202126264572144,0.0,4.851499033975415e-05,0.0,0.0,0.0,0.1341712772846222,,,,,,,,,,,,,,,,
517,0.9279779195785522,-0.4895915687084198,0.003931597340852022,0.003951324615627527,5.110507572680945e-07,0.920103907585144,0.920085072517395,0.0,5.736915045417845e-05,0.0,0.0,0.0,0.13397014141082764,,,,,,,,,,,,,,,,
518,0.9279991984367371,-0.4877200424671173,0.003966525662690401,0.003967554774135351,1.7489773540546594e-07,0.9200737476348877,0.9200560450553894,0.0,6.241723167477176e-05,0.0,0.0,0.0,0.13395704329013824,,,,,,,,,,,,,,,,
519,0.9279536604881287,-0.48465099930763245,0.004176116082817316,0.004166040103882551,9.098152986553032e-08,0.9196078181266785,0.9196149706840515,0.0,4.78873735119123e-05,0.0,0.0,0.0,0.13443569839000702,,,,,,,,,,,,,,,,
520,0.9280198812484741,-0.48906993865966797,0.003975989762693644,0.0039697629399597645,4.24104662499758e-08,0.9200671315193176,0.9200810790061951,0.0,5.2730280003743246e-05,0.0,0.0,0.0,0.13416039943695068,,,,,,,,,,,,,,,,
521,0.928030252456665,-0.4910224378108978,0.00396358035504818,0.003948593977838755,1.2037378382956376e-07,0.9201169013977051,0.9201191067695618,0.0,3.137315798085183e-05,0.0,0.0,0.0,0.1345241218805313,,,,,,,,,,,,,,,,
522,0.9279471039772034,-0.4923962652683258,0.004002326633781195,0.004024782218039036,3.4939938586830976e-07,0.919923722743988,0.9199156165122986,0.0,6.948124791961163e-05,0.0,0.0,0.0,0.13372108340263367,,,,,,,,,,,,,,,,
523,0.9280831813812256,-0.4907993674278259,0.003961813636124134,0.004019855987280607,9.643850518159525e-08,0.920138955116272,0.920063853263855,0.0,2.080596095765941e-05,0.0,0.0,0.0,0.1334935575723648,,,,,,,,,,,,,,,,
524,0.9279493093490601,-0.49058598279953003,0.003969538491219282,0.003955880180001259,2.0116821985993738e-07,0.9200127124786377,0.9200347065925598,0.0,2.9196316972956993e-05,0.0,0.0,0.0,0.13360810279846191,,,,,,,,,,,,,,,,
525,0.9280139207839966,-0.4940774738788605,0.00394241651520133,0.003925612196326256,1.1994326420960988e-08,0.9201095700263977,0.9201821088790894,0.0,2.425648744974751e-05,0.0,0.0,0.0,0.13391490280628204,,,,,,,,,,,,,,,,
526,0.927865743637085,-0.4921281933784485,0.004038747865706682,0.004043017979711294,3.656246008176822e-07,0.9197810888290405,0.9197861552238464,0.0,3.785933511135653e-10,0.0,0.0,0.0,0.13345006108283997,,,,,,,,,,,,,,,,
527,0.9280201196670532,-0.49325433373451233,0.004028096795082092,0.004066256806254387,3.0281847784863203e-07,0.9199405312538147,0.9199104309082031,0.0,7.852694398025051e-05,0.0,0.0,0.0,0.13311202824115753,,,,,,,,,,,,,,,,
528,0.9278792142868042,-0.49275100231170654,0.003988792188465595,0.0040069930255413055,7.865091902203858e-07,0.9198874235153198,0.9198778867721558,0.0,3.4246982977492735e-05,0.0,0.0,0.0,0.13337935507297516,,,,,,,,,,,,,,,,
529,0.9279166460037231,-0.4952663779258728,0.003951861057430506,0.003955534193664789,1.2457024922696291e-07,0.920006513595581,0.9200117588043213,0.0,7.086024561431259e-05,0.0,0.0,0.0,0.13346721231937408,,,,,,,,,,,,,,,,
530,0.9279575347900391,-0.4944474995136261,0.004073785617947578,0.004057066515088081,6.477787906078447e-08,0.9198201298713684,0.9198331236839294,0.0,3.0616094591096044e-05,0.0,0.0,0.0,0.13320863246917725,,,,,,,,,,,,,,,,
531,0.9279010891914368,-0.49415260553359985,0.0040039317682385445,0.003995830193161964,4.518984155765793e-07,0.9198980927467346,0.9199037551879883,0.0,2.8118613045080565e-05,0.0,0.0,0.0,0.13332925736904144,,,,,,,,,,,,,,,,
532,0.9279205799102783,-0.4993996024131775,0.004091051872819662,0.004076418001204729,2.6874656100517313e-07,0.919725775718689,0.9197798371315002,0.0,2.248367991342093e-06,0.0,0.0,0.0,0.13325729966163635,,,,,,,,,,,,,,,,
533,0.9280024766921997,-0.4988980293273926,0.00400971993803978,0.004014372359961271,3.3872700555548363e-07,0.9199939370155334,0.9199621677398682,0.0,1.8439293853589334e-05,0.0,0.0,0.0,0.1330818086862564,,,,,,,,,,,,,,,,
534,0.9279413223266602,-0.4964632987976074,0.003914711065590382,0.003970431629568338,3.3542221444804454e-07,0.9201076030731201,0.9200041890144348,0.0,4.667207394959405e-05,0.0,0.0,0.0,0.13337980210781097,,,,,,,,,,,,,,,,
535,0.927911102771759,-0.49973616003990173,0.003893112065270543,0.003939249087125063,2.420622422505403e-07,0.9201149940490723,0.9200420379638672,0.0,9.165365133512182e-10,0.0,0.0,0.0,0.13271769881248474,,,,,,,,,,,,,,,,
536,0.9281256198883057,-0.502913236618042,0.003892704378813505,0.003887356258928776,2.3055828535234468e-07,0.920325756072998,0.9203647971153259,0.0,4.78640831715893e-05,0.0,0.0,0.0,0.13259226083755493,,,,,,,,,,,,,,,,
537,0.9279353022575378,-0.49873584508895874,0.003975545521825552,0.003995252773165703,3.229779110824893e-07,0.9199733138084412,0.9199550151824951,0.0,2.7166324798599817e-05,0.0,0.0,0.0,0.13325248658657074,,,,,,,,,,,,,,,,
538,0.927979588508606,-0.4983651340007782,0.00395728275179863,0.003948186989873648,2.2068086025228695e-08,0.9200555682182312,0.9200925827026367,0.0,1.8189637557952665e-05,0.0,0.0,0.0,0.13240103423595428,,,,,,,,,,,,,,,,
539,0.9281049370765686,-0.501941442489624,0.00401626992970705,0.004035063087940216,3.1310401027440093e-07,0.9200461506843567,0.9200604557991028,0.0,7.88662800914608e-05,0.0,0.0,0.0,0.13392341136932373,,,,,,,,,,,,,,,,
540,0.9280022978782654,-0.5105986595153809,0.0039853681810200214,0.003940145019441843,2.452023579735396e-07,0.9200183153152466,0.9201347827911377,0.0,5.3865587688051164e-05,0.0,0.0,0.0,0.13315673172473907,,,,,,,,,,,,,,,,
541,0.9279564023017883,-0.5053063631057739,0.004152643494307995,0.0041481442749500275,3.4968874018659335e-08,0.9196497201919556,0.9196614027023315,0.0,2.540437890274916e-05,0.0,0.0,0.0,0.1330181509256363,,,,,,,,,,,,,,,,
542,0.9278797507286072,-0.49733468890190125,0.003928282763808966,0.003928516060113907,3.5045277968492883e-07,0.9200342297554016,0.920011043548584,0.0,1.1602674021560233e-05,0.0,0.0,0.0,0.13319313526153564,,,,,,,,,,,,,,,,
543,0.9280903339385986,-0.5037258863449097,0.003987133502960205,0.003986401483416557,1.041214048314032e-07,0.9201054573059082,0.9201279878616333,0.0,0.0,0.0,0.0,0.0,0.13266833126544952,,,,,,,,,,,,,,,,
544,0.9279518127441406,-0.5123562812805176,0.003927939105778933,0.003951387945562601,4.020463606480007e-08,0.9200927019119263,0.920052170753479,0.0,1.034954011380762e-09,0.0,0.0,0.0,0.13261198997497559,,,,,,,,,,,,,,,,
545,0.9280603528022766,-0.5078320503234863,0.004126690793782473,0.004096402786672115,1.4200628584148944e-07,0.9198178648948669,0.9198563098907471,0.0,5.442620363282913e-07,0.0,0.0,0.0,0.13370764255523682,,,,,,,,,,,,,,,,
546,0.9279592633247375,-0.5004340410232544,0.004006546922028065,0.004004545044153929,6.324754764364116e-08,0.9199491143226624,0.91994708776474,0.0,2.638424302858766e-05,0.0,0.0,0.0,0.1326448768377304,,,,,,,,,,,,,,,,
547,0.9279731512069702,-0.5048669576644897,0.003922833129763603,0.003929551690816879,2.8293415610392003e-08,0.9201223254203796,0.9201191067695618,0.0,1.652916216698941e-05,0.0,0.0,0.0,0.13259997963905334,,,,,,,,,,,,,,,,
548,0.9279781579971313,-0.5119171738624573,0.0038645316381007433,0.0038505278062075377,3.0219618452065333e-07,0.9202570915222168,0.9202684760093689,0.0,2.183456308557652e-05,0.0,0.0,0.0,0.13215479254722595,,,,,,,,,,,,,,,,
549,0.9278792142868042,-0.514148473739624,0.0041569811291992664,0.004166297614574432,5.639518363409479e-08,0.9195542931556702,0.919557511806488,0.0,3.254029434174299e-05,0.0,0.0,0.0,0.13201740384101868,,,,,,,,,,,,,,,,
550,0.9281051158905029,-0.509009063243866,0.00410247128456831,0.004125212784856558,2.6975015998687013e-07,0.9198943972587585,0.9198599457740784,0.0,1.7561747881700285e-05,0.0,0.0,0.0,0.13221502304077148,,,,,,,,,,,,,,,,
551,0.9281067252159119,-0.5086570978164673,0.004036196041852236,0.004049087408930063,1.4522163027663737e-08,0.9200311303138733,0.9200116991996765,0.0,2.5603354515624233e-05,0.0,0.0,0.0,0.13181963562965393,,,,,,,,,,,,,,,,
552,0.9279765486717224,-0.5126481652259827,0.004128103610128164,0.004087033215910196,2.413391655409214e-07,0.9197365045547485,0.9197858572006226,0.0,1.0875821584841925e-20,0.0,0.0,0.0,0.13134798407554626,,,,,,,,,,,,,,,,
553,0.9280171990394592,-0.5134508013725281,0.004038953687995672,0.004058317746967077,6.210664338368588e-08,0.9199439883232117,0.9198956489562988,0.0,3.5200919228373095e-05,0.0,0.0,0.0,0.13228484988212585,,,,,,,,,,,,,,,,
554,0.9278598427772522,-0.5113067030906677,0.003941710572689772,0.00394994392991066,7.550742964212986e-08,0.919956624507904,0.9199796319007874,0.0,7.96300737420097e-05,0.0,0.0,0.0,0.1325300633907318,,,,,,,,,,,,,,,,
555,0.9280288219451904,-0.5119087100028992,0.004009599797427654,0.0039902846328914165,2.585142624411674e-07,0.9200131297111511,0.9200442433357239,0.0,1.832960879255552e-05,0.0,0.0,0.0,0.13257992267608643,,,,,,,,,,,,,,,,
556,0.9279152750968933,-0.5144141316413879,0.0039813159964978695,0.003996061626821756,2.48171208028225e-08,0.9199545979499817,0.9199211597442627,0.0,2.6941721423257015e-11,0.0,0.0,0.0,0.13263003528118134,,,,,,,,,,,,,,,,
557,0.9280576109886169,-0.5155137777328491,0.0040456512942910194,0.004008755553513765,2.617025245399418e-07,0.9199615716934204,0.9200442433357239,0.0,0.0,0.0,0.0,0.0,0.1320299655199051,,,,,,,,,,,,,,,,
558,0.9279490113258362,-0.5167182683944702,0.0040234774351119995,0.003993339836597443,2.494686839327187e-07,0.9199100732803345,0.9199538230895996,0.0,1.834476279327646e-05,0.0,0.0,0.0,0.13204383850097656,,,,,,,,,,,,,,,,
559,0.9279428720474243,-0.5161760449409485,0.0040067266672849655,0.00398397957906127,1.0131255123724259e-07,0.9199427366256714,0.9199613928794861,0.0,2.824614966812078e-05,0.0,0.0,0.0,0.1320027858018875,,,,,,,,,,,,,,,,
560,0.9280250668525696,-0.5116658806800842,0.0039040297269821167,0.003914327826350927,3.264272407932367e-08,0.9202282428741455,0.9201851487159729,0.0,1.6727339243516326e-05,0.0,0.0,0.0,0.1321934014558792,,,,,,,,,,,,,,,,
561,0.9279707670211792,-0.5178296566009521,0.0037754515651613474,0.0037535696756094694,1.8799442003114564e-08,0.920440673828125,0.9204428791999817,0.0,6.291917088674381e-05,0.0,0.0,0.0,0.13223977386951447,,,,,,,,,,,,,,,,
562,0.9279076457023621,-0.5209948420524597,0.003910145256668329,0.003963126335293055,2.5601281095077866e-07,0.920081615447998,0.9199866056442261,0.0,3.460956577328034e-05,0.0,0.0,0.0,0.1325971484184265,,,,,,,,,,,,,,,,
563,0.927981436252594,-0.5218938589096069,0.004156647250056267,0.004140099976211786,5.15134033207687e-08,0.9196613430976868,0.9197078943252563,0.0,1.6686259186826646e-05,0.0,0.0,0.0,0.13294295966625214,,,,,,,,,,,,,,,,
564,0.9279775619506836,-0.5192627310752869,0.00396902859210968,0.0040024686604738235,2.947525103991211e-07,0.9200275540351868,0.919983983039856,0.0,7.331364031415433e-05,0.0,0.0,0.0,0.13265158236026764,,,,,,,,,,,,,,,,
565,0.9279966950416565,-0.5197211503982544,0.0039998251013457775,0.004019400104880333,2.3333294407734684e-08,0.919977068901062,0.9199777841567993,0.0,2.2722802896169014e-05,0.0,0.0,0.0,0.13236065208911896,,,,,,,,,,,,,,,,
566,0.9281162023544312,-0.5226749181747437,0.00404931278899312,0.004037756472826004,2.2238489805204154e-07,0.9200271368026733,0.9200307726860046,0.0,2.225204480055254e-05,0.0,0.0,0.0,0.13303078711032867,,,,,,,,,,,,,,,,
567,0.9279530048370361,-0.5248862504959106,0.003964865114539862,0.003967191092669964,9.091345454237398e-09,0.9200275540351868,0.9200143218040466,0.0,2.747834078331568e-12,0.0,0.0,0.0,0.13279473781585693,,,,,,,,,,,,,,,,
568,0.9280630350112915,-0.5199318528175354,0.0041295383125543594,0.004119084682315588,5.991027762775047e-08,0.9197975397109985,0.9198312163352966,0.0,6.184443918755278e-05,0.0,0.0,0.0,0.13231110572814941,,,,,,,,,,,,,,,,
569,0.9278924465179443,-0.520612359046936,0.003965237643569708,0.003967292606830597,9.210425311323434e-09,0.9199857115745544,0.919934093952179,0.0,2.8590400688699447e-05,0.0,0.0,0.0,0.1324169784784317,,,,,,,,,,,,,,,,
570,0.9279813766479492,-0.5243602395057678,0.003946004435420036,0.003968262579292059,1.5357555227524244e-08,0.920106053352356,0.9200281500816345,0.0,1.5929902999456923e-14,0.0,0.0,0.0,0.13236013054847717,,,,,,,,,,,,,,,,
571,0.9279784560203552,-0.5291603207588196,0.003948197700083256,0.003966602962464094,2.3694011019870231e-07,0.9200693368911743,0.9200575351715088,0.0,3.647023913799785e-05,0.0,0.0,0.0,0.1326097995042801,,,,,,,,,,,,,,,,
572,0.9279044270515442,-0.5234334468841553,0.00392396142706275,0.003939312882721424,5.326618790491011e-08,0.9200721979141235,0.920009970664978,0.0,1.88901560704835e-06,0.0,0.0,0.0,0.13223935663700104,,,,,,,,,,,,,,,,
573,0.927908718585968,-0.5219674110412598,0.0038791331462562084,0.003838405478745699,1.1574787350809856e-07,0.9201487898826599,0.9202333092689514,0.0,3.2108604500535876e-05,0.0,0.0,0.0,0.13244397938251495,,,,,,,,,,,,,,,,
574,0.9280118942260742,-0.5276554226875305,0.003869439708068967,0.0039032837375998497,2.5976163442464895e-07,0.9202556014060974,0.9202222228050232,0.0,1.091593276214553e-05,0.0,0.0,0.0,0.131984680891037,,,,,,,,,,,,,,,,
575,0.9279606938362122,-0.5327303409576416,0.0039274971932172775,0.003918840549886227,5.697087956946234e-08,0.9201099872589111,0.920118510723114,0.0,5.7746881793718785e-05,0.0,0.0,0.0,0.13151131570339203,,,,,,,,,,,,,,,,
576,0.9280034899711609,-0.5298157930374146,0.003987506497651339,0.003989921882748604,5.203154884725336e-08,0.9200456142425537,0.9200063943862915,0.0,3.907914287992753e-05,0.0,0.0,0.0,0.13175439834594727,,,,,,,,,,,,,,,,
577,0.9279454946517944,-0.5255160927772522,0.00410073297098279,0.004102787002921104,5.235335720499279e-09,0.9197365045547485,0.919747531414032,0.0,1.2491535017034039e-05,0.0,0.0,0.0,0.13154365122318268,,,,,,,,,,,,,,,,
578,0.9279055595397949,-0.5265433192253113,0.004016655031591654,0.0040685986168682575,2.1531209881686664e-07,0.919857382774353,0.9197827577590942,0.0,1.4308570825960487e-06,0.0,0.0,0.0,0.1318289190530777,,,,,,,,,,,,,,,,
579,0.9281148314476013,-0.533042848110199,0.0040455954149365425,0.004025000613182783,2.171665158812175e-07,0.92002934217453,0.9200586676597595,0.0,6.810017566749593e-06,0.0,0.0,0.0,0.1318090558052063,,,,,,,,,,,,,,,,
580,0.9279861450195312,-0.5327262878417969,0.004060149192810059,0.004029996693134308,2.7669882385339406e-08,0.919853150844574,0.9199387431144714,0.0,0.0,0.0,0.0,0.0,0.13191702961921692,,,,,,,,,,,,,,,,
581,0.9280368089675903,-0.5293952226638794,0.004092485178261995,0.0040467604994773865,2.076410936524553e-07,0.9198587536811829,0.9199360013008118,0.0,1.317250891696986e-10,0.0,0.0,0.0,0.13174375891685486,,,,,,,,,,,,,,,,
582,0.927925169467926,-0.5268778800964355,0.003966471180319786,0.0039253621362149715,1.0843578479580174e-08,0.9200072884559631,0.920059323310852,0.0,3.7721717944805278e-06,0.0,0.0,0.0,0.13166213035583496,,,,,,,,,,,,,,,,
583,0.9279112219810486,-0.5347374677658081,0.003929506987333298,0.00392781151458621,2.0185534310712683e-07,0.9200435876846313,0.920063853263855,0.0,1.725463711797423e-13,0.0,0.0,0.0,0.13184747099876404,,,,,,,,,,,,,,,,
584,0.9279643297195435,-0.5368855595588684,0.00403939513489604,0.004013911355286837,5.619355647468183e-09,0.9198800921440125,0.9199419021606445,0.0,0.0,0.0,0.0,0.0,0.13172650337219238,,,,,,,,,,,,,,,,
585,0.9279786944389343,-0.5320841073989868,0.004012064542621374,0.003985970746725798,2.487373080839461e-07,0.9199624061584473,0.9199984073638916,0.0,3.7384790630312636e-05,0.0,0.0,0.0,0.13171511888504028,,,,,,,,,,,,,,,,
586,0.9279811978340149,-0.5318047404289246,0.004072808660566807,0.004046301357448101,2.038488844391395e-07,0.9198396801948547,0.9198841452598572,0.0,2.6481979148229584e-05,0.0,0.0,0.0,0.1321563422679901,,,,,,,,,,,,,,,,
587,0.9279428124427795,-0.536388635635376,0.0039648860692977905,0.00396932614967227,1.9037447884784342e-07,0.9200097918510437,0.9200069904327393,0.0,2.7359445084584877e-05,0.0,0.0,0.0,0.13150127232074738,,,,,,,,,,,,,,,,
588,0.928043007850647,-0.5396988391876221,0.003956308588385582,0.00396568700671196,3.0346041057782713e-07,0.9201319813728333,0.9201094508171082,0.0,1.738634864523192e-06,0.0,0.0,0.0,0.1321393996477127,,,,,,,,,,,,,,,,
589,0.9280025362968445,-0.5364579558372498,0.004037912469357252,0.004032356198877096,1.0255901372602239e-07,0.9199259281158447,0.9199384450912476,0.0,4.01327051804401e-05,0.0,0.0,0.0,0.13188017904758453,,,,,,,,,,,,,,,,
590,0.9278939366340637,-0.5336050987243652,0.003994504455476999,0.0039899772964417934,2.132930774223496e-07,0.9198998808860779,0.9199185967445374,0.0,6.566975207533687e-05,0.0,0.0,0.0,0.13179761171340942,,,,,,,,,,,,,,,,
591,0.9279947876930237,-0.5380027294158936,0.003964961972087622,0.003906694240868092,1.7528132900679338e-07,0.92006915807724,0.9201767444610596,0.0,6.98396895870701e-11,0.0,0.0,0.0,0.131960928440094,,,,,,,,,,,,,,,,
592,0.9280804395675659,-0.5411028861999512,0.004002652131021023,0.003994334489107132,1.8120410061328585e-07,0.9201112389564514,0.9200553297996521,0.0,4.2418976317626367e-13,0.0,0.0,0.0,0.13251440227031708,,,,,,,,,,,,,,,,
593,0.9279495477676392,-0.5418481826782227,0.004023362882435322,0.0039850748144090176,6.180003708777804e-08,0.9199019074440002,0.9199802279472351,0.0,5.762802629760699e-06,0.0,0.0,0.0,0.1321893185377121,,,,,,,,,,,,,,,,
594,0.9278838038444519,-0.5392829179763794,0.003990361467003822,0.004035348538309336,1.3971988899186272e-08,0.9198943376541138,0.9198218584060669,0.0,3.2883173844311386e-05,0.0,0.0,0.0,0.13219736516475677,,,,,,,,,,,,,,,,
595,0.9279659986495972,-0.539722740650177,0.0039752512238919735,0.003977321553975344,1.6265035185369925e-07,0.9200072884559631,0.9200192093849182,0.0,2.6751451969175832e-06,0.0,0.0,0.0,0.13232062757015228,,,,,,,,,,,,,,,,
596,0.9280554056167603,-0.5428560376167297,0.004035256337374449,0.004018212668597698,1.8623258313255064e-07,0.9199897050857544,0.9200137257575989,0.0,0.0,0.0,0.0,0.0,0.13236364722251892,,,,,,,,,,,,,,,,
597,0.9279900789260864,-0.5402801632881165,0.00399373983964324,0.003998056519776583,2.4998106695761635e-08,0.9200041890144348,0.9199922680854797,0.0,3.7024961784482e-05,0.0,0.0,0.0,0.13166888058185577,,,,,,,,,,,,,,,,
598,0.9279417395591736,-0.5373114943504333,0.004100709687918425,0.004121673293411732,1.5560874544462422e-07,0.9197242259979248,0.9197142124176025,0.0,6.243600081390355e-10,0.0,0.0,0.0,0.13238570094108582,,,,,,,,,,,,,,,,
599,0.9280335903167725,-0.5407794713973999,0.003978233318775892,0.00397787569090724,1.553642761109586e-07,0.9200681447982788,0.9200864434242249,0.0,4.95711610710714e-05,0.0,0.0,0.0,0.13153380155563354,,,,,,,,,,,,,,,,
600,0.9279184937477112,-0.5461633801460266,0.003969037439674139,0.004001046996563673,4.121835672776797e-08,0.9199762344360352,0.9199205040931702,0.0,7.408694273181027e-06,0.0,0.0,0.0,0.13186956942081451,,,,,,,,,,,,,,,,
601,0.9281287789344788,-0.5491185784339905,0.0040574646554887295,0.004068807698786259,6.153436515887734e-08,0.9200074076652527,0.9199975728988647,0.0,5.486116060637869e-05,0.0,0.0,0.0,0.13122782111167908,,,,,,,,,,,,,,,,
602,0.9280067682266235,-0.5448842644691467,0.003971324767917395,0.00398419052362442,2.576390478736812e-08,0.9200671315193176,0.9200353026390076,0.0,3.3739856007741764e-05,0.0,0.0,0.0,0.13167716562747955,,,,,,,,,,,,,,,,
603,0.9280193448066711,-0.5446323156356812,0.004017385188490152,0.00401413906365633,1.512478888798796e-07,0.9199973940849304,0.9199779629707336,0.0,5.090805279905908e-05,0.0,0.0,0.0,0.13150836527347565,,,,,,,,,,,,,,,,
604,0.928027868270874,-0.5477988123893738,0.003976506181061268,0.003984438721090555,1.0892319579625109e-07,0.920081615447998,0.9200521111488342,0.0,3.0296685508801602e-05,0.0,0.0,0.0,0.13124461472034454,,,,,,,,,,,,,,,,
605,0.9278888702392578,-0.5497455596923828,0.004106251057237387,0.004113208502531052,1.4893244326685817e-07,0.9196906685829163,0.9196478724479675,0.0,0.0,0.0,0.0,0.0,0.1311538964509964,,,,,,,,,,,,,,,,
606,0.928016185760498,-0.547873318195343,0.0040542613714933395,0.0040491800755262375,4.084347793309462e-08,0.9199205040931702,0.9199049472808838,0.0,2.5927890945354193e-09,0.0,0.0,0.0,0.13115669786930084,,,,,,,,,,,,,,,,
607,0.9279718399047852,-0.5431305766105652,0.004082709085196257,0.004066381137818098,3.9754393554858325e-08,0.9198254942893982,0.9198198914527893,0.0,2.7402678177840095e-21,0.0,0.0,0.0,0.13165439665317535,,,,,,,,,,,,,,,,
608,0.9279451370239258,-0.547204852104187,0.0037825049366801977,0.0037871133536100388,1.2549415373541706e-07,0.9203677773475647,0.9203830361366272,0.0,0.0,0.0,0.0,0.0,0.13197951018810272,,,,,,,,,,,,,,,,
609,0.9279841184616089,-0.5557701587677002,0.004026893526315689,0.004016225691884756,1.4452237451223482e-07,0.9199382066726685,0.9199435114860535,0.0,1.4740722690476105e-05,0.0,0.0,0.0,0.13197536766529083,,,,,,,,,,,,,,,,
610,0.928009033203125,-0.5550329089164734,0.004006050992757082,0.003967261873185635,1.4365184597409097e-07,0.9200113415718079,0.9200598001480103,0.0,2.41492161876522e-05,0.0,0.0,0.0,0.13178354501724243,,,,,,,,,,,,,,,,
611,0.9279869198799133,-0.5466188192367554,0.004006604198366404,0.0040026162751019,9.824783830936212e-08,0.9199879169464111,0.9199672937393188,0.0,1.6579362636548467e-05,0.0,0.0,0.0,0.1317390501499176,,,,,,,,,,,,,,,,
612,0.9280142188072205,-0.5486562252044678,0.003988817799836397,0.003968894947320223,1.5442385148389803e-08,0.9200546741485596,0.9200583100318909,0.0,4.954618634656072e-05,0.0,0.0,0.0,0.13155010342597961,,,,,,,,,,,,,,,,
613,0.9279381036758423,-0.5527073740959167,0.004027548711746931,0.0040315599180758,1.1045005265941654e-07,0.9198865294456482,0.9198712706565857,0.0,0.0,0.0,0.0,0.0,0.13162091374397278,,,,,,,,,,,,,,,,
614,0.927987277507782,-0.5557871460914612,0.004008356016129255,0.004042004235088825,1.0182828802385302e-08,0.9199577569961548,0.9199159741401672,0.0,4.344880289863795e-05,0.0,0.0,0.0,0.1315523236989975,,,,,,,,,,,,,,,,
615,0.9280272126197815,-0.5518583059310913,0.004055780824273825,0.0040447828359901905,8.141836360664456e-08,0.9199295043945312,0.9199236631393433,0.0,0.0,0.0,0.0,0.0,0.13200855255126953,,,,,,,,,,,,,,,,
616,0.9279707670211792,-0.5524387955665588,0.004009336698800325,0.004028552211821079,1.3416331512416946e-07,0.9199351668357849,0.9199302196502686,0.0,1.9956289179390296e-05,0.0,0.0,0.0,0.13201801478862762,,,,,,,,,,,,,,,,
617,0.9280417561531067,-0.5579395294189453,0.004004958085715771,0.004009623546153307,3.134508830271443e-08,0.920038640499115,0.9200156331062317,0.0,3.333325366838835e-05,0.0,0.0,0.0,0.13156110048294067,,,,,,,,,,,,,,,,
618,0.9280158877372742,-0.5580372214317322,0.003983069211244583,0.004002558533102274,1.3139720067556482e-07,0.9200267791748047,0.9200335144996643,0.0,1.73332700796891e-05,0.0,0.0,0.0,0.1313810646533966,,,,,,,,,,,,,,,,
619,0.9280597567558289,-0.5544338822364807,0.004020554944872856,0.004018695093691349,1.48136578559388e-07,0.9200453758239746,0.9199952483177185,0.0,4.400187679498568e-12,0.0,0.0,0.0,0.13157621026039124,,,,,,,,,,,,,,,,
620,0.9279433488845825,-0.5553302764892578,0.00402866629883647,0.004015341401100159,1.2571457830290456e-07,0.9198838472366333,0.9199146628379822,0.0,6.547347311425256e-06,0.0,0.0,0.0,0.13143132627010345,,,,,,,,,,,,,,,,
621,0.9281132221221924,-0.5628095865249634,0.0040681688115000725,0.004057146608829498,1.239568234723265e-07,0.9199621081352234,0.9200135469436646,0.0,9.880216783608731e-11,0.0,0.0,0.0,0.1313238888978958,,,,,,,,,,,,,,,,
622,0.9280332326889038,-0.5602876543998718,0.0040107727982103825,0.004002137575298548,1.3325947456621634e-08,0.920013427734375,0.9200271368026733,0.0,1.589021849213168e-05,0.0,0.0,0.0,0.13120299577713013,,,,,,,,,,,,,,,,
623,0.9280124306678772,-0.5539502501487732,0.003966360818594694,0.00393441179767251,1.2011823002922029e-07,0.9200794696807861,0.9201436638832092,0.0,1.8458831130274689e-09,0.0,0.0,0.0,0.13137036561965942,,,,,,,,,,,,,,,,
624,0.9279593825340271,-0.5562193393707275,0.00402949471026659,0.00398236745968461,1.1871191674117654e-07,0.9199073314666748,0.9199873805046082,0.0,1.1477568477857858e-05,0.0,0.0,0.0,0.13093148171901703,,,,,,,,,,,,,,,,
625,0.9279485940933228,-0.5653345584869385,0.003980093635618687,0.003990584518760443,2.7330138152592554e-08,0.919989287853241,0.919966459274292,0.0,4.7423023841197676e-11,0.0,0.0,0.0,0.1312784105539322,,,,,,,,,,,,,,,,
626,0.9280658960342407,-0.5687927007675171,0.003965833690017462,0.004010556265711784,2.868882233997283e-07,0.920117974281311,0.9200605154037476,0.0,3.442678642162633e-10,0.0,0.0,0.0,0.13117177784442902,,,,,,,,,,,,,,,,
627,0.9281257390975952,-0.5606021285057068,0.004102874081581831,0.0040733362548053265,5.558387972115497e-09,0.9199346303939819,0.9199644923210144,0.0,1.9934025203838246e-06,0.0,0.0,0.0,0.13140876591205597,,,,,,,,,,,,,,,,
628,0.9279236793518066,-0.5525139570236206,0.003935243468731642,0.003938770852982998,1.1175072955893484e-07,0.9200319051742554,0.9200671315193176,0.0,1.554662230773829e-05,0.0,0.0,0.0,0.13185490667819977,,,,,,,,,,,,,,,,
629,0.9281140565872192,-0.5590249300003052,0.004007259383797646,0.0040091872215271,3.246667645839807e-08,0.9200911521911621,0.9201040863990784,0.0,3.031110463780351e-05,0.0,0.0,0.0,0.13121233880519867,,,,,,,,,,,,,,,,
630,0.9279341697692871,-0.5699777007102966,0.0039282008074223995,0.003955569583922625,8.480411928246667e-09,0.9200666546821594,0.9200341105461121,0.0,8.004740266187582e-06,0.0,0.0,0.0,0.13111992180347443,,,,,,,,,,,,,,,,
631,0.9280266761779785,-0.5682395696640015,0.004004457499831915,0.003996159415692091,1.0492372126691407e-07,0.9200292825698853,0.9200226068496704,0.0,0.0,0.0,0.0,0.0,0.13165153563022614,,,,,,,,,,,,,,,,
632,0.9279251098632812,-0.563015878200531,0.004063938278704882,0.004078877158463001,1.2256839454494184e-07,0.9197909235954285,0.9197733402252197,0.0,1.269202221010346e-05,0.0,0.0,0.0,0.13138163089752197,,,,,,,,,,,,,,,,
633,0.9279561042785645,-0.5628138184547424,0.003926226403564215,0.0039025829173624516,1.0151121898616111e-07,0.9201180934906006,0.9201363325119019,0.0,2.7587071599555202e-05,0.0,0.0,0.0,0.13154740631580353,,,,,,,,,,,,,,,,
634,0.9279415011405945,-0.5638599395751953,0.004061881452798843,0.004084772430360317,8.704200382680938e-08,0.9198276400566101,0.9197618365287781,0.0,4.6751087211305276e-05,0.0,0.0,0.0,0.13095901906490326,,,,,,,,,,,,,,,,
635,0.927982747554779,-0.5675404071807861,0.0038719470612704754,0.003877432318404317,1.0509319992024757e-07,0.9202386140823364,0.9202278852462769,0.0,1.9296327081974596e-05,0.0,0.0,0.0,0.13194964826107025,,,,,,,,,,,,,,,,
636,0.927920937538147,-0.5684493780136108,0.004010130651295185,0.003981448709964752,9.83913110985668e-08,0.9198959469795227,0.9199625849723816,0.0,2.2898788301972672e-05,0.0,0.0,0.0,0.13137687742710114,,,,,,,,,,,,,,,,
637,0.9280514717102051,-0.5682833790779114,0.0040059820748865604,0.003985884599387646,9.714048587738944e-08,0.9200379252433777,0.9200810790061951,0.0,2.7520867021109483e-15,0.0,0.0,0.0,0.1317404955625534,,,,,,,,,,,,,,,,
638,0.9279724359512329,-0.5665438175201416,0.0038955300115048885,0.0038648992776870728,7.213704833475276e-08,0.9201945662498474,0.9202292561531067,0.0,4.266386167728342e-05,0.0,0.0,0.0,0.13172808289527893,,,,,,,,,,,,,,,,
639,0.9279880523681641,-0.5693221092224121,0.003936499357223511,0.0039057007525116205,1.1690417522913776e-07,0.9201204776763916,0.9201710224151611,0.0,1.0308841410733294e-05,0.0,0.0,0.0,0.13148517906665802,,,,,,,,,,,,,,,,
640,0.9281585216522217,-0.5713886618614197,0.004165131598711014,0.004154740832746029,9.37284667656968e-08,0.9198474287986755,0.9198296070098877,0.0,0.0,0.0,0.0,0.0,0.1311151087284088,,,,,,,,,,,,,,,,
641,0.9280002117156982,-0.5704543590545654,0.0040939562022686005,0.004070961847901344,9.179149884630533e-08,0.9198231101036072,0.9198472499847412,0.0,1.570101812831126e-05,0.0,0.0,0.0,0.13091100752353668,,,,,,,,,,,,,,,,
642,0.9279758930206299,-0.5705922842025757,0.004025960341095924,0.004014992155134678,1.3592560321740166e-07,0.9199318885803223,0.9199377298355103,0.0,1.1902497043525528e-10,0.0,0.0,0.0,0.1309402883052826,,,,,,,,,,,,,,,,
643,0.928115963935852,-0.5756344199180603,0.003969632089138031,0.0040039122104644775,8.880505220076884e-08,0.9201855659484863,0.920099139213562,0.0,1.5996014192040664e-12,0.0,0.0,0.0,0.13142481446266174,,,,,,,,,,,,,,,,
644,0.9279963970184326,-0.5754844546318054,0.003938855603337288,0.003939617425203323,9.949493318117675e-08,0.9201174974441528,0.9201180934906006,0.0,7.688768892399889e-12,0.0,0.0,0.0,0.13078005611896515,,,,,,,,,,,,,,,,
645,0.928004801273346,-0.571290910243988,0.004079199396073818,0.004136358853429556,2.7359861931586238e-08,0.919835090637207,0.9197433590888977,0.0,7.0904447966313455e-06,0.0,0.0,0.0,0.13099728524684906,,,,,,,,,,,,,,,,
646,0.9280310273170471,-0.5740763545036316,0.004022597800940275,0.004032190889120102,2.65715325298288e-08,0.9199941158294678,0.9199583530426025,0.0,5.630811301671201e-06,0.0,0.0,0.0,0.13082996010780334,,,,,,,,,,,,,,,,
647,0.9279434084892273,-0.5743931531906128,0.004099098965525627,0.004104499705135822,8.344233748402985e-08,0.9197402000427246,0.9197392463684082,0.0,1.1244279365572006e-14,0.0,0.0,0.0,0.13065597414970398,,,,,,,,,,,,,,,,
648,0.927955687046051,-0.5738056898117065,0.003942490089684725,0.003986433148384094,8.175751986527757e-08,0.9200713634490967,0.9199819564819336,0.0,3.849802854977158e-12,0.0,0.0,0.0,0.13082757592201233,,,,,,,,,,,,,,,,
649,0.9279464483261108,-0.5725603699684143,0.004049316048622131,0.004062069579958916,8.580222754517308e-08,0.9198524355888367,0.9198175072669983,0.0,7.997984539542813e-06,0.0,0.0,0.0,0.13041822612285614,,,,,,,,,,,,,,,,
650,0.9279531836509705,-0.576279878616333,0.004036113619804382,0.0040544867515563965,8.005957852219581e-08,0.9198803305625916,0.9198446273803711,0.0,5.0532623604212373e-14,0.0,0.0,0.0,0.13047941029071808,,,,,,,,,,,,,,,,
651,0.9279004335403442,-0.5805548429489136,0.0039821406826376915,0.003948291298002005,8.125459771690657e-08,0.9199466705322266,0.9199931025505066,0.0,6.235951338640078e-11,0.0,0.0,0.0,0.13085126876831055,,,,,,,,,,,,,,,,
652,0.9280537962913513,-0.5788341164588928,0.004010926466435194,0.004011701792478561,1.1138018152223594e-07,0.9200407862663269,0.9200214147567749,0.0,1.3161657989257947e-05,0.0,0.0,0.0,0.13035860657691956,,,,,,,,,,,,,,,,
653,0.9280439615249634,-0.5748991966247559,0.004045927431434393,0.0040421090088784695,9.762472075180995e-08,0.9199439883232117,0.9199677109718323,0.0,8.363702254637201e-14,0.0,0.0,0.0,0.13054147362709045,,,,,,,,,,,,,,,,
654,0.928067684173584,-0.579444408416748,0.004068396985530853,0.0040819114074110985,5.4857661524465584e-08,0.9199265241622925,0.9199082255363464,0.0,5.1431616093550094e-15,0.0,0.0,0.0,0.13066650927066803,,,,,,,,,,,,,,,,
655,0.9279059171676636,-0.5801547169685364,0.004095046315342188,0.004084764514118433,7.445078864520838e-08,0.919711709022522,0.9197402596473694,0.0,3.3628223903431342e-12,0.0,0.0,0.0,0.13111142814159393,,,,,,,,,,,,,,,,
656,0.9279277324676514,-0.575593113899231,0.003977747168391943,0.0039333198219537735,7.357734688184792e-08,0.9199883341789246,0.9200448393821716,0.0,1.945444273587782e-05,0.0,0.0,0.0,0.1311691701412201,,,,,,,,,,,,,,,,
657,0.9279231429100037,-0.5772037506103516,0.0039805397391319275,0.003964021801948547,8.039662588998908e-07,0.9199579954147339,0.9199975728988647,0.0,1.6753117961343378e-05,0.0,0.0,0.0,0.1308611035346985,,,,,,,,,,,,,,,,
658,0.9280948638916016,-0.58453768491745,0.003953067120164633,0.003932942170649767,4.551215511128248e-07,0.9201825857162476,0.920234203338623,0.0,0.0,0.0,0.0,0.0,0.13138341903686523,,,,,,,,,,,,,,,,
659,0.9280167818069458,-0.5872965455055237,0.0039084493182599545,0.0038881280925124884,6.806869379261116e-08,0.9202021360397339,0.9202380776405334,0.0,1.1734532718080375e-14,0.0,0.0,0.0,0.1308051198720932,,,,,,,,,,,,,,,,
660,0.9280336499214172,-0.5851733088493347,0.004117714706808329,0.004080481827259064,8.772781256993767e-08,0.9197964668273926,0.9198743104934692,0.0,1.3205411960370839e-05,0.0,0.0,0.0,0.13092608749866486,,,,,,,,,,,,,,,,
661,0.9279496669769287,-0.577675998210907,0.004054532386362553,0.0040047867223620415,6.539115560144637e-08,0.9198548197746277,0.9199257493019104,0.0,7.777004777676955e-20,0.0,0.0,0.0,0.13060221076011658,,,,,,,,,,,,,,,,
662,0.928071916103363,-0.5826408863067627,0.00390580459497869,0.003888987470418215,6.418103026817334e-08,0.9202732443809509,0.9202808737754822,0.0,4.5158568182622483e-13,0.0,0.0,0.0,0.13099835813045502,,,,,,,,,,,,,,,,
663,0.9279192686080933,-0.5859161019325256,0.004000082146376371,0.004004551563411951,6.30316563388078e-08,0.9199280142784119,0.9199010729789734,0.0,4.551644028046378e-14,0.0,0.0,0.0,0.13085384666919708,,,,,,,,,,,,,,,,
664,0.9278837442398071,-0.5858304500579834,0.003923318814486265,0.003924285527318716,1.585607023457669e-08,0.9200417995452881,0.9200304746627808,0.0,6.100539995043675e-14,0.0,0.0,0.0,0.13072924315929413,,,,,,,,,,,,,,,,
665,0.9281095266342163,-0.5848970413208008,0.004071780014783144,0.004074180964380503,6.24345020128203e-08,0.9199562668800354,0.919970691204071,0.0,0.0,0.0,0.0,0.0,0.13076633214950562,,,,,,,,,,,,,,,,
666,0.9279080629348755,-0.5841852426528931,0.003952624276280403,0.003945893608033657,4.1345519008473275e-08,0.9200135469436646,0.9200053811073303,0.0,4.1072106653217144e-12,0.0,0.0,0.0,0.13090729713439941,,,,,,,,,,,,,,,,
667,0.9280776381492615,-0.5825275182723999,0.004034853540360928,0.004044259432703257,1.928416004659539e-08,0.9200055599212646,0.9199915528297424,0.0,5.497232443557598e-13,0.0,0.0,0.0,0.13093236088752747,,,,,,,,,,,,,,,,
668,0.9279518723487854,-0.5878652334213257,0.0038281744346022606,0.0037968449760228395,3.884884947069622e-08,0.9202795624732971,0.9203741550445557,0.0,0.0,0.0,0.0,0.0,0.13066750764846802,,,,,,,,,,,,,,,,
669,0.9280007481575012,-0.5887409448623657,0.004089596215635538,0.004103722516447306,8.625256953109783e-08,0.9198258519172668,0.9197887182235718,0.0,0.0,0.0,0.0,0.0,0.13048240542411804,,,,,,,,,,,,,,,,
670,0.9279482960700989,-0.5900694727897644,0.0039177569560706615,0.00394185446202755,3.315319574426212e-08,0.92010897397995,0.9200683832168579,0.0,0.0,0.0,0.0,0.0,0.1304718255996704,,,,,,,,,,,,,,,,
671,0.9279446601867676,-0.5913234949111938,0.003954933024942875,0.003934171050786972,5.776310629812542e-08,0.9200555682182312,0.9200555086135864,0.0,4.00288263335824e-06,0.0,0.0,0.0,0.13033601641654968,,,,,,,,,,,,,,,,
672,0.9280086755752563,-0.5900576710700989,0.004093941766768694,0.00407734839245677,5.56079022828726e-08,0.9198108315467834,0.9198638200759888,0.0,3.213508171029389e-05,0.0,0.0,0.0,0.1301979124546051,,,,,,,,,,,,,,,,
673,0.9279650449752808,-0.588416576385498,0.004001301247626543,0.004020341206341982,5.458435836658282e-08,0.9199609160423279,0.9199257493019104,0.0,0.0,0.0,0.0,0.0,0.13103191554546356,,,,,,,,,,,,,,,,
674,0.9280465245246887,-0.5937339663505554,0.004009221214801073,0.003995456732809544,5.374973710559061e-08,0.9200129508972168,0.9200705885887146,0.0,0.0,0.0,0.0,0.0,0.13033217191696167,,,,,,,,,,,,,,,,
675,0.9280128479003906,-0.5960417985916138,0.004016595892608166,0.004011357203125954,5.3412318123946534e-08,0.9199698567390442,0.9199997782707214,0.0,6.495853659659045e-13,0.0,0.0,0.0,0.1301870197057724,,,,,,,,,,,,,,,,
676,0.9280906319618225,-0.5923610329627991,0.004046415910124779,0.004031704273074865,5.205317421541622e-08,0.9199990034103394,0.9200260043144226,0.0,1.6892912753974088e-05,0.0,0.0,0.0,0.1303035318851471,,,,,,,,,,,,,,,,
677,0.9279717803001404,-0.5912931561470032,0.004060003906488419,0.004072836600244045,6.020818688057261e-08,0.9198511242866516,0.9198266863822937,0.0,1.388734108331846e-05,0.0,0.0,0.0,0.13080257177352905,,,,,,,,,,,,,,,,
678,0.9278842806816101,-0.5922855138778687,0.004025230649858713,0.004028569906949997,4.997473368462124e-08,0.919839084148407,0.9198218584060669,0.0,0.0,0.0,0.0,0.0,0.13100899755954742,,,,,,,,,,,,,,,,
679,0.927899181842804,-0.5971841216087341,0.0039709038101136684,0.00399406161159277,4.8992699674954565e-08,0.9199579358100891,0.9199104309082031,0.0,4.5273089747596695e-13,0.0,0.0,0.0,0.13012512028217316,,,,,,,,,,,,,,,,
680,0.9279792904853821,-0.5949894785881042,0.004090360831469297,0.0040824213065207005,4.802526376579408e-08,0.9198095202445984,0.9198033809661865,0.0,7.277408675676611e-10,0.0,0.0,0.0,0.13054808974266052,,,,,,,,,,,,,,,,
681,0.9279990792274475,-0.594784677028656,0.004076235927641392,0.004072178620845079,4.883765925001171e-08,0.9198477864265442,0.9198533296585083,0.0,1.880774289020337e-05,0.0,0.0,0.0,0.13041380047798157,,,,,,,,,,,,,,,,
682,0.9280096292495728,-0.5982216000556946,0.004000532440841198,0.003989575430750847,4.614875948050212e-08,0.9199960231781006,0.920042872428894,0.0,5.317168372265257e-10,0.0,0.0,0.0,0.130723774433136,,,,,,,,,,,,,,,,
683,0.928080141544342,-0.5988331437110901,0.00404067849740386,0.004043691325932741,1.1428141766245403e-09,0.9200085997581482,0.9199830293655396,0.0,2.685817889869213e-05,0.0,0.0,0.0,0.13012602925300598,,,,,,,,,,,,,,,,
684,0.9281299114227295,-0.5933229923248291,0.003984908107668161,0.003966023214161396,4.5939554382812275e-08,0.9201492667198181,0.9202086329460144,0.0,2.9194153761125108e-09,0.0,0.0,0.0,0.13016223907470703,,,,,,,,,,,,,,,,
685,0.9279397130012512,-0.5954586863517761,0.003912073560059071,0.0038947078865021467,4.414182086520668e-08,0.9201282262802124,0.9201375246047974,0.0,3.0839570897001067e-09,0.0,0.0,0.0,0.13037505745887756,,,,,,,,,,,,,,,,
686,0.9279789924621582,-0.6034212112426758,0.004063434433192015,0.0040690409950912,9.603437156613381e-09,0.9198504090309143,0.9198426604270935,0.0,4.738666757475585e-05,0.0,0.0,0.0,0.13027885556221008,,,,,,,,,,,,,,,,
687,0.9280105829238892,-0.6004555821418762,0.004017675295472145,0.004041773267090321,4.910965500926068e-08,0.9199653267860413,0.9199368357658386,0.0,3.583941361284815e-05,0.0,0.0,0.0,0.13034290075302124,,,,,,,,,,,,,,,,
688,0.9280248880386353,-0.5969690680503845,0.004049065988510847,0.004080569837242365,1.7455843703828577e-07,0.9199278354644775,0.9198622703552246,0.0,0.0,0.0,0.0,0.0,0.13011988997459412,,,,,,,,,,,,,,,,
689,0.9280326962471008,-0.5982185006141663,0.004013945814222097,0.0040520126931369305,4.131854680622382e-08,0.9200091361999512,0.919924259185791,0.0,9.210187272401527e-06,0.0,0.0,0.0,0.12987396121025085,,,,,,,,,,,,,,,,
690,0.9279966950416565,-0.604489803314209,0.003963773604482412,0.004001705441623926,6.0224971676348105e-09,0.9200828075408936,0.9199796319007874,0.0,7.775934136589058e-06,0.0,0.0,0.0,0.13011376559734344,,,,,,,,,,,,,,,,
691,0.9279960989952087,-0.6015958786010742,0.003934579435735941,0.003922302275896072,3.969016049154561e-08,0.9201439023017883,0.920134425163269,0.0,0.0,0.0,0.0,0.0,0.13051608204841614,,,,,,,,,,,,,,,,
692,0.9280139803886414,-0.5998252630233765,0.0039696176536381245,0.0039757126942276955,2.7627653498285554e-09,0.9200783371925354,0.9200588464736938,0.0,1.0382578693679534e-05,0.0,0.0,0.0,0.1296071857213974,,,,,,,,,,,,,,,,
693,0.9280940890312195,-0.6004411578178406,0.004015124402940273,0.003994698636233807,5.3266063559931354e-08,0.9200658202171326,0.920102596282959,0.0,3.872296372442463e-10,0.0,0.0,0.0,0.13002219796180725,,,,,,,,,,,,,,,,
694,0.9279530644416809,-0.6057673692703247,0.004000635351985693,0.0040016272105276585,1.7189929479854982e-08,0.9199689030647278,0.9199326634407043,0.0,0.0,0.0,0.0,0.0,0.13012875616550446,,,,,,,,,,,,,,,,
695,0.927965521812439,-0.6046370267868042,0.003935487009584904,0.003929798025637865,6.070142166691994e-09,0.9201030731201172,0.920097291469574,0.0,1.7565935195307247e-06,0.0,0.0,0.0,0.12970899045467377,,,,,,,,,,,,,,,,
696,0.927983283996582,-0.601032018661499,0.0040250071324408054,0.00402307091280818,4.665252006930132e-08,0.9199281334877014,0.9199422001838684,0.0,3.1441106784768635e-06,0.0,0.0,0.0,0.12999913096427917,,,,,,,,,,,,,,,,
697,0.9279548525810242,-0.6059204936027527,0.00401230389252305,0.00400681933388114,3.540601767326734e-08,0.9199235439300537,0.9199479222297668,0.0,2.2851880977781125e-12,0.0,0.0,0.0,0.1298985332250595,,,,,,,,,,,,,,,,
698,0.9281178712844849,-0.6108462810516357,0.004065006040036678,0.004018745850771666,4.625681526704284e-08,0.9199963808059692,0.9200717806816101,0.0,7.819442544132471e-06,0.0,0.0,0.0,0.13038210570812225,,,,,,,,,,,,,,,,
699,0.9280852675437927,-0.6090183258056641,0.004066820256412029,0.0040380763821303844,3.365892453643937e-08,0.9199607372283936,0.9199999570846558,0.0,6.252114381766205e-10,0.0,0.0,0.0,0.12975001335144043,,,,,,,,,,,,,,,,
700,0.9280336499214172,-0.6051634550094604,0.004167132545262575,0.004133197944611311,4.5717474250750456e-08,0.919689953327179,0.9197766184806824,0.0,1.312847416556906e-06,0.0,0.0,0.0,0.12992732226848602,,,,,,,,,,,,,,,,
701,0.9279940128326416,-0.604987382888794,0.0038827580865472555,0.0038658592384308577,8.882787838615513e-09,0.92022705078125,0.9202637672424316,0.0,2.1646136272313043e-10,0.0,0.0,0.0,0.13043689727783203,,,,,,,,,,,,,,,,
702,0.9280457496643066,-0.6127806305885315,0.003957398701459169,0.003976786509156227,1.5345626991347672e-07,0.9201247096061707,0.920098066329956,0.0,1.5626367755317006e-08,0.0,0.0,0.0,0.12995249032974243,,,,,,,,,,,,,,,,
703,0.927969753742218,-0.6125131249427795,0.0040399315766990185,0.004019284155219793,3.133738957217247e-08,0.9198935627937317,0.9199274182319641,0.0,0.0,0.0,0.0,0.0,0.12993289530277252,,,,,,,,,,,,,,,,
704,0.9279921650886536,-0.6071609854698181,0.003935201559215784,0.003917270805686712,2.672978638429413e-08,0.9201372861862183,0.9201421141624451,0.0,6.382438004948199e-05,0.0,0.0,0.0,0.130458801984787,,,,,,,,,,,,,,,,
705,0.9280146956443787,-0.6052104234695435,0.003900662064552307,0.003909867722541094,2.7049644302223896e-08,0.9202098250389099,0.9201984405517578,0.0,1.0336671039112844e-06,0.0,0.0,0.0,0.13053038716316223,,,,,,,,,,,,,,,,
706,0.9281496405601501,-0.6141818165779114,0.0039054807275533676,0.003898934694007039,3.8445268302211844e-08,0.9203498363494873,0.9203405976295471,0.0,0.0,0.0,0.0,0.0,0.12998412549495697,,,,,,,,,,,,,,,,
707,0.9280587434768677,-0.6159202456474304,0.004005607683211565,0.003999647218734026,2.233134743789833e-08,0.9200329780578613,0.920073926448822,0.0,7.220425632717929e-15,0.0,0.0,0.0,0.13006393611431122,,,,,,,,,,,,,,,,
708,0.9279980659484863,-0.6099810004234314,0.003952232655137777,0.003949752077460289,2.10223056740233e-08,0.9200915098190308,0.9201005101203918,0.0,0.0,0.0,0.0,0.0,0.13017897307872772,,,,,,,,,,,,,,,,
709,0.9279441833496094,-0.6075901985168457,0.003971570637077093,0.003998335916548967,1.989716480466086e-08,0.9199912548065186,0.9199572801589966,0.0,8.315927807478474e-12,0.0,0.0,0.0,0.13013429939746857,,,,,,,,,,,,,,,,
710,0.9280511736869812,-0.6171253323554993,0.004052538424730301,0.004037745762616396,1.8695418546599285e-08,0.9199516177177429,0.9199700951576233,0.0,6.444328404242583e-11,0.0,0.0,0.0,0.13006360828876495,,,,,,,,,,,,,,,,
711,0.9280563592910767,-0.6197014451026917,0.004061389714479446,0.004058706108480692,1.7941415464406418e-08,0.9199298024177551,0.9199426770210266,0.0,0.0,0.0,0.0,0.0,0.12995712459087372,,,,,,,,,,,,,,,,
712,0.9280223250389099,-0.6147434711456299,0.00418887147679925,0.004160608630627394,1.6706451333448058e-08,0.9196494817733765,0.9196962714195251,0.0,2.6699231966631487e-05,0.0,0.0,0.0,0.1296696960926056,,,,,,,,,,,,,,,,
713,0.9281132221221924,-0.6105543971061707,0.004045709036290646,0.0040198941715061665,1.538961669211858e-08,0.9200493097305298,0.9200458526611328,0.0,2.2957692604602675e-12,0.0,0.0,0.0,0.12990397214889526,,,,,,,,,,,,,,,,
714,0.9280052185058594,-0.6161487698554993,0.004072229843586683,0.004022735636681318,1.4662058234193864e-08,0.9198771715164185,0.9199433326721191,0.0,2.2416631051402902e-11,0.0,0.0,0.0,0.12965038418769836,,,,,,,,,,,,,,,,
715,0.9281827807426453,-0.6206891536712646,0.004078356549143791,0.004032101947814226,2.3281957695076017e-08,0.9200354218482971,0.9201091527938843,0.0,8.855110536387656e-06,0.0,0.0,0.0,0.13008534908294678,,,,,,,,,,,,,,,,
716,0.9280306100845337,-0.6172544360160828,0.004136576782912016,0.004097147844731808,1.2627101142470565e-08,0.9197810292243958,0.9198127388954163,0.0,9.107688470066932e-07,0.0,0.0,0.0,0.1299290806055069,,,,,,,,,,,,,,,,
717,0.9279835224151611,-0.6160444021224976,0.004049243871122599,0.004043510649353266,1.1821300383019206e-08,0.9198858737945557,0.919895589351654,0.0,2.593954781873742e-12,0.0,0.0,0.0,0.12996211647987366,,,,,,,,,,,,,,,,
718,0.9280858039855957,-0.617885947227478,0.004062481690198183,0.004059717059135437,1.5572195977142655e-08,0.9199666976928711,0.9199605584144592,0.0,4.221653544323259e-14,0.0,0.0,0.0,0.12971031665802002,,,,,,,,,,,,,,,,
719,0.9280135035514832,-0.6168122291564941,0.00406213803216815,0.004064752720296383,1.0275552853045156e-08,0.919895589351654,0.9198775887489319,0.0,1.511570646428595e-09,0.0,0.0,0.0,0.12978456914424896,,,,,,,,,,,,,,,,
720,0.9279856085777283,-0.6187461614608765,0.004022051580250263,0.004019876942038536,9.493905217539123e-09,0.9199407696723938,0.9199466705322266,0.0,8.133784490382823e-07,0.0,0.0,0.0,0.1298431158065796,,,,,,,,,,,,,,,,
721,0.9280543327331543,-0.6201696991920471,0.003972189966589212,0.003957787062972784,1.643117109040304e-08,0.9201175570487976,0.9201311469078064,0.0,9.95637593366721e-15,0.0,0.0,0.0,0.13006581366062164,,,,,,,,,,,,,,,,
722,0.9279312491416931,-0.6183289289474487,0.003955491818487644,0.00395530229434371,1.1423320955827876e-08,0.9200183153152466,0.9200226664543152,0.0,3.619350343096148e-16,0.0,0.0,0.0,0.13018295168876648,,,,,,,,,,,,,,,,
723,0.9280027151107788,-0.6220443248748779,0.003949277102947235,0.003951360005885363,2.0300321423860623e-08,0.9200931787490845,0.9201109409332275,0.0,1.5165292097663041e-06,0.0,0.0,0.0,0.130486398935318,,,,,,,,,,,,,,,,
724,0.9279016852378845,-0.6219468116760254,0.003995335660874844,0.003976819571107626,6.599368163051622e-09,0.9199175238609314,0.9199414253234863,0.0,2.6306503286832594e-07,0.0,0.0,0.0,0.130099818110466,,,,,,,,,,,,,,,,
725,0.9280669093132019,-0.6224923133850098,0.004024507477879524,0.00397567730396986,5.695055538268434e-09,0.9200348258018494,0.9200986623764038,0.0,0.0,0.0,0.0,0.0,0.13006895780563354,,,,,,,,,,,,,,,,
726,0.9280385971069336,-0.6232028603553772,0.004017982631921768,0.004033281002193689,5.050854401389415e-09,0.9199944734573364,0.9199801683425903,0.0,8.024594985896194e-14,0.0,0.0,0.0,0.13005025684833527,,,,,,,,,,,,,,,,
727,0.9280041456222534,-0.6241207718849182,0.003917898051440716,0.0038927076384425163,4.453334145892995e-09,0.9201823472976685,0.9202046990394592,0.0,4.2636477681767815e-10,0.0,0.0,0.0,0.12984813749790192,,,,,,,,,,,,,,,,
728,0.927941083908081,-0.6227325201034546,0.003970574587583542,0.003915997687727213,6.277489195127828e-09,0.920012891292572,0.9200960993766785,0.0,2.4951558180719147e-11,0.0,0.0,0.0,0.12998592853546143,,,,,,,,,,,,,,,,
729,0.9280288815498352,-0.625036358833313,0.003969390410929918,0.003982560243457556,3.415841609566428e-09,0.9200866222381592,0.9200671911239624,0.0,6.575542194076078e-11,0.0,0.0,0.0,0.1300988346338272,,,,,,,,,,,,,,,,
730,0.9280334711074829,-0.624030351638794,0.0039774468168616295,0.003965618554502726,2.921546782275186e-09,0.9200689196586609,0.9201118350028992,0.0,5.674584135917371e-10,0.0,0.0,0.0,0.1301083117723465,,,,,,,,,,,,,,,,
731,0.9280331134796143,-0.6249899864196777,0.0040864781476557255,0.0040856399573385715,2.7035985894485748e-08,0.919857919216156,0.9198640584945679,0.0,1.3302070556164836e-09,0.0,0.0,0.0,0.130160853266716,,,,,,,,,,,,,,,,
732,0.9280243515968323,-0.628533124923706,0.004076092038303614,0.004083013162016869,2.0366424102746805e-09,0.9198856949806213,0.9198448061943054,0.0,9.318722876683339e-11,0.0,0.0,0.0,0.13021911680698395,,,,,,,,,,,,,,,,
733,0.9280401468276978,-0.6288526654243469,0.004050357732921839,0.0040436903946101665,1.1207282213376857e-08,0.9199402332305908,0.919951856136322,0.0,2.888974059978011e-10,0.0,0.0,0.0,0.12969864904880524,,,,,,,,,,,,,,,,
734,0.9279083609580994,-0.626712441444397,0.003997114021331072,0.00398673303425312,1.2771204538353231e-08,0.9199138283729553,0.9199351668357849,0.0,7.035493581497576e-06,0.0,0.0,0.0,0.1298307627439499,,,,,,,,,,,,,,,,
735,0.9281191229820251,-0.6254934668540955,0.00406360300257802,0.004049740731716156,8.261178408019987e-09,0.9199888706207275,0.9200226664543152,0.0,0.0,0.0,0.0,0.0,0.12987954914569855,,,,,,,,,,,,,,,,
736,0.9279925227165222,-0.6267673373222351,0.003947507590055466,0.003951929043978453,6.990736878265125e-10,0.9200987219810486,0.9200873970985413,0.0,0.0,0.0,0.0,0.0,0.12985984981060028,,,,,,,,,,,,,,,,
737,0.9280001521110535,-0.6312848329544067,0.0038478393107652664,0.0038472730666399,5.718114870489899e-10,0.9202964305877686,0.9203135371208191,0.0,4.02545394749803e-14,0.0,0.0,0.0,0.13018986582756042,,,,,,,,,,,,,,,,
738,0.9280202984809875,-0.6306653618812561,0.0039509558118879795,0.0039735473692417145,2.7137612157446256e-09,0.920119047164917,0.9200724959373474,0.0,0.0,0.0,0.0,0.0,0.1297212392091751,,,,,,,,,,,,,,,,
739,0.927993655204773,-0.6297689080238342,0.0040063210763037205,0.003997225780040026,1.569137320078795e-10,0.9199825525283813,0.9199976921081543,0.0,0.0,0.0,0.0,0.0,0.129766583442688,,,,,,,,,,,,,,,,
740,0.9280204176902771,-0.6318421959877014,0.003967626020312309,0.003971294034272432,1.265188953603058e-09,0.9200822114944458,0.9200807213783264,0.0,0.0,0.0,0.0,0.0,0.12956155836582184,,,,,,,,,,,,,,,,
741,0.9280028343200684,-0.632706880569458,0.003977921791374683,0.003975933883339167,1.4860359470736384e-11,0.9200577139854431,0.9200401902198792,0.0,1.4275583493095212e-10,0.0,0.0,0.0,0.12964487075805664,,,,,,,,,,,,,,,,
742,0.9279783964157104,-0.6298490762710571,0.00397472595795989,0.003984658047556877,4.931394181895143e-10,0.9200229644775391,0.9200150370597839,0.0,0.0,0.0,0.0,0.0,0.1302276849746704,,,,,,,,,,,,,,,,
743,0.9279527068138123,-0.6297380924224854,0.0040134540759027,0.00403151148930192,6.913093386629043e-08,0.9199318289756775,0.9198834896087646,0.0,0.0,0.0,0.0,0.0,0.12970378994941711,,,,,,,,,,,,,,,,
744,0.9279343485832214,-0.637888491153717,0.004010512959212065,0.004019835498183966,1.461764043142466e-11,0.9199133515357971,0.9198945760726929,0.0,1.80627671397815e-06,0.0,0.0,0.0,0.13022954761981964,,,,,,,,,,,,,,,,
745,0.9280229806900024,-0.6380792856216431,0.004086206201463938,0.004071417264640331,2.940870214018787e-09,0.9198523163795471,0.919878363609314,0.0,4.254872062320336e-12,0.0,0.0,0.0,0.1297522932291031,,,,,,,,,,,,,,,,
746,0.9279800057411194,-0.6327450275421143,0.004004150629043579,0.003972702659666538,6.688019453841301e-25,0.919982373714447,0.9200239777565002,0.0,0.0,0.0,0.0,0.0,0.13011468946933746,,,,,,,,,,,,,,,,
747,0.9280359148979187,-0.6333134174346924,0.003957320004701614,0.003977768123149872,1.9400456352514084e-08,0.9201149940490723,0.920086681842804,0.0,2.4740128159008237e-14,0.0,0.0,0.0,0.12995383143424988,,,,,,,,,,,,,,,,
748,0.9279721975326538,-0.6374071836471558,0.0039690835401415825,0.003955830819904804,2.391604425611149e-08,0.9200384616851807,0.9200560450553894,0.0,0.0,0.0,0.0,0.0,0.13019366562366486,,,,,,,,,,,,,,,,
749,0.9281039834022522,-0.6372956037521362,0.0040506222285330296,0.004028442781418562,6.248925643603798e-08,0.9200120568275452,0.9200376868247986,0.0,0.0,0.0,0.0,0.0,0.13001640141010284,,,,,,,,,,,,,,,,
750,0.9280087947845459,-0.6323246955871582,0.004159587435424328,0.004119473975151777,1.8180873338324133e-24,0.9197089076042175,0.9197505116462708,0.0,1.8285706607744368e-13,0.0,0.0,0.0,0.12977151572704315,,,,,,,,,,,,,,,,
751,0.928081750869751,-0.6342326998710632,0.004116367548704147,0.004103579558432102,1.0206684208924344e-07,0.9198497533798218,0.9198735952377319,0.0,2.8076624358774893e-10,0.0,0.0,0.0,0.12993332743644714,,,,,,,,,,,,,,,,
752,0.9281217455863953,-0.6471693515777588,0.003936512861400843,0.0039092679508030415,2.6889550633165806e-24,0.9202667474746704,0.9202852249145508,0.0,2.5705611250703697e-11,0.0,0.0,0.0,0.12993057072162628,,,,,,,,,,,,,,,,
753,0.9281328916549683,-0.6436595916748047,0.0040888711810112,0.004080280661582947,1.8211045116345304e-08,0.9199621081352234,0.9199653267860413,0.0,0.0,0.0,0.0,0.0,0.1299222707748413,,,,,,,,,,,,,,,,
754,0.9280993938446045,-0.6295942664146423,0.004144575912505388,0.004129699431359768,3.740648324424001e-08,0.9198091626167297,0.919840931892395,0.0,4.5167352930725047e-13,0.0,0.0,0.0,0.12988485395908356,,,,,,,,,,,,,,,,
755,0.9280738234519958,-0.63421630859375,0.003878108225762844,0.0038390890695154667,4.252498282278614e-24,0.9203363656997681,0.9203768968582153,0.0,9.370457298985002e-09,0.0,0.0,0.0,0.12933078408241272,,,,,,,,,,,,,,,,
756,0.928014874458313,-0.6465227603912354,0.0038746921345591545,0.0038649719208478928,5.099879629710813e-09,0.9202713370323181,0.9202790260314941,0.0,4.739843059871612e-15,0.0,0.0,0.0,0.12964652478694916,,,,,,,,,,,,,,,,
757,0.9281214475631714,-0.6443431377410889,0.0039953431114554405,0.003971531987190247,8.41008773733165e-09,0.9201484322547913,0.9201607704162598,0.0,4.08174145150042e-07,0.0,0.0,0.0,0.12966422736644745,,,,,,,,,,,,,,,,
758,0.9279934763908386,-0.6373329162597656,0.004050780553370714,0.004023590125143528,6.12127032370193e-24,0.9199132323265076,0.9199250936508179,0.0,0.0,0.0,0.0,0.0,0.12932895123958588,,,,,,,,,,,,,,,,
759,0.9280006885528564,-0.6393694281578064,0.004037469159811735,0.003992088604718447,6.77548844961982e-24,0.919945478439331,0.9199967980384827,0.0,2.0763464732287407e-12,0.0,0.0,0.0,0.12996841967105865,,,,,,,,,,,,,,,,
760,0.9279811382293701,-0.6474046111106873,0.00393117917701602,0.003925216384232044,2.123079489990687e-11,0.9201252460479736,0.9201242327690125,0.0,6.362276157301228e-12,0.0,0.0,0.0,0.1292707622051239,,,,,,,,,,,,,,,,
761,0.9280960559844971,-0.6456271409988403,0.004042822867631912,0.004071016795933247,1.7603590807269143e-09,0.9200116991996765,0.9199526906013489,0.0,4.3493802309724217e-11,0.0,0.0,0.0,0.1299252212047577,,,,,,,,,,,,,,,,
762,0.928021252155304,-0.6387127637863159,0.0039527458138763905,0.003970704972743988,8.119692443759225e-24,0.9200986623764038,0.9200969338417053,0.0,1.664253457267506e-10,0.0,0.0,0.0,0.12963752448558807,,,,,,,,,,,,,,,,
763,0.9281101226806641,-0.6442233920097351,0.003950281534343958,0.003968395292758942,6.686542292078101e-11,0.920210063457489,0.9201728701591492,0.0,1.66349859819444e-19,0.0,0.0,0.0,0.12965340912342072,,,,,,,,,,,,,,,,
764,0.9281787872314453,-0.6499848365783691,0.003985285293310881,0.004011182114481926,6.111223194160686e-10,0.9202096462249756,0.9201550483703613,0.0,0.0,0.0,0.0,0.0,0.13016188144683838,,,,,,,,,,,,,,,,
765,0.928080141544342,-0.6461522579193115,0.004043166991323233,0.0040677315555512905,9.38896183022564e-11,0.9200024604797363,0.9199360609054565,0.0,3.574809852580074e-07,0.0,0.0,0.0,0.12946462631225586,,,,,,,,,,,,,,,,
766,0.9280005693435669,-0.641022801399231,0.004016514401882887,0.0040136766619980335,8.426961654951861e-24,0.9199609160423279,0.9199798107147217,0.0,0.0,0.0,0.0,0.0,0.1298312097787857,,,,,,,,,,,,,,,,
767,0.9280256628990173,-0.6468080878257751,0.00412812689319253,0.004113746341317892,8.57785102459801e-24,0.9197688102722168,0.919798731803894,0.0,3.8203520902335697e-10,0.0,0.0,0.0,0.12950074672698975,,,,,,,,,,,,,,,,
768,0.9279893636703491,-0.655476450920105,0.003962233196943998,0.003973181825131178,6.667256191583704e-10,0.9200669527053833,0.9200409054756165,0.0,8.053269531337742e-20,0.0,0.0,0.0,0.12957364320755005,,,,,,,,,,,,,,,,
769,0.9280369877815247,-0.6492059826850891,0.0041412608698010445,0.004120785277336836,9.164311520783751e-24,0.9197447299957275,0.9198051691055298,0.0,0.0,0.0,0.0,0.0,0.13029608130455017,,,,,,,,,,,,,,,,
770,0.9280543327331543,-0.6423709988594055,0.004047531634569168,0.0040468089282512665,1.5852137658090015e-10,0.9199640154838562,0.9199560880661011,0.0,3.735734708243399e-06,0.0,0.0,0.0,0.12967117130756378,,,,,,,,,,,,,,,,
771,0.9280329346656799,-0.6440677046775818,0.0040115006268024445,0.0040313913486897945,9.922691629487928e-24,0.9199982285499573,0.919981837272644,0.0,0.0,0.0,0.0,0.0,0.12981297075748444,,,,,,,,,,,,,,,,
772,0.928119957447052,-0.6526304483413696,0.003994355909526348,0.0039946651086211205,1.0347182415752786e-23,0.9201262593269348,0.9201355576515198,0.0,1.18366647321351e-13,0.0,0.0,0.0,0.12964560091495514,,,,,,,,,,,,,,,,
773,0.928078293800354,-0.6509581804275513,0.004047764930874109,0.004069426096975803,2.1745928791006008e-07,0.9199854135513306,0.9199363589286804,0.0,6.70772976718581e-07,0.0,0.0,0.0,0.12927532196044922,,,,,,,,,,,,,,,,
774,0.928036093711853,-0.6476101279258728,0.003998117987066507,0.003997933119535446,1.431380680649852e-09,0.920040488243103,0.9200396537780762,0.0,4.156413372659838e-14,0.0,0.0,0.0,0.12994757294654846,,,,,,,,,,,,,,,,
775,0.9280976057052612,-0.6514562368392944,0.003950437065213919,0.0039807939901947975,6.883347071413067e-17,0.9201916456222534,0.9201411008834839,0.0,2.2448939773767052e-07,0.0,0.0,0.0,0.1295178085565567,,,,,,,,,,,,,,,,
776,0.9279860258102417,-0.6552596688270569,0.003927111160010099,0.00392505619674921,1.2038967991063431e-23,0.9201405644416809,0.9201270937919617,0.0,1.5501589595290355e-11,0.0,0.0,0.0,0.1297471672296524,,,,,,,,,,,,,,,,
777,0.9280663132667542,-0.652633786201477,0.004024060908704996,0.004017803352326155,6.310645755958078e-11,0.9200253486633301,0.9200235605239868,0.0,0.0,0.0,0.0,0.0,0.12926216423511505,,,,,,,,,,,,,,,,
778,0.9280327558517456,-0.6498684883117676,0.003956352360546589,0.00398858031257987,2.938376486572025e-10,0.9201080799102783,0.9200676083564758,0.0,0.0,0.0,0.0,0.0,0.12895049154758453,,,,,,,,,,,,,,,,
779,0.9280223846435547,-0.6493836641311646,0.003915341570973396,0.0039028595201671124,4.682214060913736e-10,0.920201301574707,0.9202070832252502,0.0,1.7911093891598284e-05,0.0,0.0,0.0,0.1296776831150055,,,,,,,,,,,,,,,,
780,0.927989661693573,-0.6567113995552063,0.003934558480978012,0.0039227805100381374,1.4260642480463704e-23,0.9201318621635437,0.9201328158378601,0.0,1.3530063354416644e-11,0.0,0.0,0.0,0.12966497242450714,,,,,,,,,,,,,,,,
781,0.928244411945343,-0.6600422859191895,0.004119960591197014,0.00412424560636282,1.4938557987974432e-23,0.9200071096420288,0.9199932813644409,0.0,0.0,0.0,0.0,0.0,0.12919722497463226,,,,,,,,,,,,,,,,
782,0.9280476570129395,-0.6538702845573425,0.004018537234514952,0.004017857369035482,1.5626621402169924e-23,0.920017659664154,0.9200049042701721,0.0,0.0,0.0,0.0,0.0,0.12936772406101227,,,,,,,,,,,,,,,,
783,0.9280633330345154,-0.6543478965759277,0.004156529903411865,0.004162630531936884,1.633429116530378e-23,0.9197341203689575,0.9197542667388916,0.0,5.235379830992315e-06,0.0,0.0,0.0,0.12957218289375305,,,,,,,,,,,,,,,,
784,0.9282171726226807,-0.6574980616569519,0.0040259938687086105,0.004036451689898968,1.7070269990882395e-23,0.9201682209968567,0.9201412796974182,0.0,5.618815968055912e-10,0.0,0.0,0.0,0.13001760840415955,,,,,,,,,,,,,,,,
785,0.9279966950416565,-0.6582959890365601,0.004057236015796661,0.004055368714034557,1.806596761078083e-09,0.9198895692825317,0.9198786020278931,0.0,1.423321571714098e-09,0.0,0.0,0.0,0.12968389689922333,,,,,,,,,,,,,,,,
786,0.9279616475105286,-0.6589539647102356,0.004060380160808563,0.0040648821741342545,5.905462785449345e-10,0.9198355674743652,0.9198372960090637,0.0,3.4818488370280676e-11,0.0,0.0,0.0,0.1294112354516983,,,,,,,,,,,,,,,,
787,0.9279987215995789,-0.6576651334762573,0.003987772855907679,0.0040159947238862514,3.4299901807699484e-10,0.9200263023376465,0.9199635982513428,0.0,4.237947770491246e-10,0.0,0.0,0.0,0.12972696125507355,,,,,,,,,,,,,,,,
788,0.9279763102531433,-0.6587254405021667,0.0039860256947577,0.003979865461587906,2.2509470909426454e-07,0.9200055599212646,0.9200149178504944,0.0,5.497963195821853e-12,0.0,0.0,0.0,0.12955527007579803,,,,,,,,,,,,,,,,
789,0.9279216527938843,-0.6602665781974792,0.003912952728569508,0.003925138618797064,1.0887500623280033e-10,0.9200950860977173,0.920072078704834,0.0,3.626238307026519e-13,0.0,0.0,0.0,0.129814013838768,,,,,,,,,,,,,,,,
790,0.9279845952987671,-0.6588294506072998,0.0040698484517633915,0.004060196224600077,3.263276981968488e-09,0.9198499917984009,0.9198591113090515,0.0,1.9424245545351937e-10,0.0,0.0,0.0,0.12979376316070557,,,,,,,,,,,,,,,,
791,0.9280882477760315,-0.6563159823417664,0.003997344523668289,0.004007532261312008,2.0987779058344604e-17,0.9200928211212158,0.9200738668441772,0.0,5.782204229309862e-11,0.0,0.0,0.0,0.12979097664356232,,,,,,,,,,,,,,,,
792,0.9280802011489868,-0.6617658734321594,0.0038456865586340427,0.003828300628811121,1.4459521580079127e-08,0.9203940033912659,0.9204185009002686,0.0,2.4495634470475536e-13,0.0,0.0,0.0,0.12943871319293976,,,,,,,,,,,,,,,,
793,0.9280460476875305,-0.661836564540863,0.004001683089882135,0.004003320354968309,4.899343777897691e-11,0.9200437664985657,0.9200382828712463,0.0,9.613041811462608e-07,0.0,0.0,0.0,0.1297764629125595,,,,,,,,,,,,,,,,
794,0.9279264211654663,-0.6575770974159241,0.004060178529471159,0.004022579174488783,2.386366242760711e-23,0.9198198914527893,0.9198673963546753,0.0,5.040337036632536e-10,0.0,0.0,0.0,0.12943041324615479,,,,,,,,,,,,,,,,
795,0.9280789494514465,-0.6637765765190125,0.003979804459959269,0.003967495635151863,2.441654348164031e-23,0.9201234579086304,0.9201397895812988,0.0,0.0,0.0,0.0,0.0,0.1295638084411621,,,,,,,,,,,,,,,,
796,0.9280506372451782,-0.6676793098449707,0.004086095839738846,0.004075136501342058,2.489515170372514e-23,0.9198881983757019,0.9198905825614929,0.0,0.0,0.0,0.0,0.0,0.12950603663921356,,,,,,,,,,,,,,,,
797,0.9280121922492981,-0.6643418669700623,0.004130355082452297,0.004128381609916687,4.267715902894764e-10,0.9197525382041931,0.9197542667388916,0.0,0.0,0.0,0.0,0.0,0.12931382656097412,,,,,,,,,,,,,,,,
798,0.928005576133728,-0.6602022647857666,0.004066419322043657,0.004037067759782076,5.784022594212956e-09,0.9198765754699707,0.9199276566505432,0.0,2.6267982580763238e-11,0.0,0.0,0.0,0.1293506622314453,,,,,,,,,,,,,,,,
799,0.9281074404716492,-0.6628128290176392,0.00392695888876915,0.0039363750256598,1.5037902867387487e-10,0.9202508926391602,0.9202372431755066,0.0,1.2579949582036676e-10,0.0,0.0,0.0,0.12890951335430145,,,,,,,,,,,,,,,,
800,0.928105354309082,-0.6694170236587524,0.003965744748711586,0.003954800311475992,1.5229402183791763e-09,0.9201629161834717,0.9202066659927368,0.0,5.797224367221077e-10,0.0,0.0,0.0,0.12946419417858124,,,,,,,,,,,,,,,,
801,0.9280545711517334,-0.6677467226982117,0.003946173936128616,0.003932635299861431,1.7932640095086327e-10,0.9201642870903015,0.92018723487854,0.0,1.3081990886932334e-22,0.0,0.0,0.0,0.12898287177085876,,,,,,,,,,,,,,,,
802,0.9280827641487122,-0.6647850275039673,0.004006796050816774,0.0039729890413582325,1.4644421675313879e-08,0.9200752973556519,0.9201306104660034,0.0,0.0,0.0,0.0,0.0,0.12903741002082825,,,,,,,,,,,,,,,,
803,0.928014874458313,-0.6643614172935486,0.004029302392154932,0.004006905946880579,3.273909499057481e-08,0.9199677109718323,0.9199895262718201,0.0,1.146318283351544e-12,0.0,0.0,0.0,0.12895703315734863,,,,,,,,,,,,,,,,
804,0.9279539585113525,-0.6709290742874146,0.0039605251513421535,0.003951582591980696,3.9660886130832296e-08,0.9200305938720703,0.9200529456138611,0.0,3.62918237128973e-11,0.0,0.0,0.0,0.1292775273323059,,,,,,,,,,,,,,,,
805,0.9280176758766174,-0.6682154536247253,0.004120664671063423,0.004107572138309479,2.743025561912692e-23,0.9197743535041809,0.919804573059082,0.0,0.0,0.0,0.0,0.0,0.12888963520526886,,,,,,,,,,,,,,,,
806,0.9280407428741455,-0.6667303442955017,0.00401396444067359,0.003982832655310631,2.7404333649781356e-23,0.9200130701065063,0.9200748801231384,0.0,0.0,0.0,0.0,0.0,0.12916001677513123,,,,,,,,,,,,,,,,
807,0.9280282855033875,-0.6692069172859192,0.004027684684842825,0.004043433349579573,2.737689706749777e-23,0.9199764728546143,0.9199378490447998,0.0,7.232263290850305e-13,0.0,0.0,0.0,0.1292538046836853,,,,,,,,,,,,,,,,
808,0.9281414151191711,-0.6727803945541382,0.004083089530467987,0.004093283787369728,2.733228540558571e-23,0.9199760556221008,0.9199540019035339,0.0,2.5820082183436455e-10,0.0,0.0,0.0,0.12931592762470245,,,,,,,,,,,,,,,,
809,0.9282713532447815,-0.6721609234809875,0.004094392992556095,0.004094985313713551,2.7257523479876104e-23,0.9200904369354248,0.9200735092163086,0.0,0.0,0.0,0.0,0.0,0.12934540212154388,,,,,,,,,,,,,,,,
810,0.9280179142951965,-0.6703750491142273,0.004051981959491968,0.004072749055922031,2.714131795764981e-23,0.9199172258377075,0.9198691844940186,0.0,3.196089226609189e-11,0.0,0.0,0.0,0.1292463093996048,,,,,,,,,,,,,,,,
811,0.9280974268913269,-0.6709154844284058,0.00406875554472208,0.00409034313634038,2.699485173109923e-23,0.9199579358100891,0.9199187159538269,0.0,0.0,0.0,0.0,0.0,0.12949009239673615,,,,,,,,,,,,,,,,
812,0.9280644059181213,-0.6737499237060547,0.0040074423886835575,0.004021419677883387,2.8263735102340704e-11,0.9200513958930969,0.9200196862220764,0.0,0.0,0.0,0.0,0.0,0.12959326803684235,,,,,,,,,,,,,,,,
813,0.9279927611351013,-0.674065887928009,0.004086186643689871,0.0040859682485461235,2.664686625314452e-23,0.9198231101036072,0.919818103313446,0.0,2.977732860634519e-12,0.0,0.0,0.0,0.12961436808109283,,,,,,,,,,,,,,,,
814,0.9281240701675415,-0.6704431772232056,0.004001909866929054,0.004009266849607229,2.65118164216143e-23,0.9201236963272095,0.9201021194458008,0.0,1.0360007426049056e-20,0.0,0.0,0.0,0.12972989678382874,,,,,,,,,,,,,,,,
815,0.9280099272727966,-0.6739450693130493,0.003951938822865486,0.003958531189709902,8.835071341195544e-09,0.9201076626777649,0.9200912117958069,0.0,1.6780891953782628e-10,0.0,0.0,0.0,0.1296003758907318,,,,,,,,,,,,,,,,
816,0.928019642829895,-0.6766871213912964,0.004048662725836039,0.0040388768538832664,4.1374213083367195e-11,0.9199354648590088,0.9199287295341492,0.0,2.42441455799991e-10,0.0,0.0,0.0,0.12923969328403473,,,,,,,,,,,,,,,,
817,0.9280532598495483,-0.6758643984794617,0.004044461529701948,0.004034015350043774,3.781726876095348e-10,0.9199821949005127,0.9199674725532532,0.0,0.0,0.0,0.0,0.0,0.12973946332931519,,,,,,,,,,,,,,,,
818,0.9280517101287842,-0.6739301085472107,0.004043919034302235,0.00402477290481329,2.133074550325631e-10,0.9199774265289307,0.9199886918067932,0.0,1.8474151109717715e-14,0.0,0.0,0.0,0.12923835217952728,,,,,,,,,,,,,,,,
819,0.9280476570129395,-0.6736394762992859,0.004071125760674477,0.0040507204830646515,9.805742884338997e-09,0.9199202060699463,0.9199314117431641,0.0,5.736191822100847e-14,0.0,0.0,0.0,0.12957783043384552,,,,,,,,,,,,,,,,
820,0.9280576705932617,-0.679206132888794,0.003942921292036772,0.003931095823645592,7.862109852041499e-10,0.9201844930648804,0.9201827645301819,0.0,3.6009059622976736e-10,0.0,0.0,0.0,0.1294761598110199,,,,,,,,,,,,,,,,
821,0.927990734577179,-0.6791293025016785,0.00397249823436141,0.003960165660828352,4.612977164949382e-17,0.9200478196144104,0.9200683236122131,0.0,2.1395403738043385e-16,0.0,0.0,0.0,0.1291625201702118,,,,,,,,,,,,,,,,
822,0.9280650615692139,-0.6742680668830872,0.004040788393467665,0.004013447556644678,8.035796504120295e-19,0.9199810028076172,0.9200406670570374,0.0,0.0,0.0,0.0,0.0,0.12939682602882385,,,,,,,,,,,,,,,,
823,0.9280374050140381,-0.677459716796875,0.003943726886063814,0.003922870382666588,4.389584695729809e-09,0.9201550483703613,0.920186460018158,0.0,0.0,0.0,0.0,0.0,0.1290404349565506,,,,,,,,,,,,,,,,
824,0.9280109405517578,-0.6777020692825317,0.0039761122316122055,0.003955568186938763,2.617293124306222e-23,0.9200648665428162,0.9200935363769531,0.0,0.0,0.0,0.0,0.0,0.12867163121700287,,,,,,,,,,,,,,,,
825,0.9280587434768677,-0.6838148832321167,0.0039448305033147335,0.003922766540199518,2.5955535377079602e-23,0.9201760292053223,0.9202062487602234,0.0,0.0,0.0,0.0,0.0,0.12879249453544617,,,,,,,,,,,,,,,,
826,0.9280821681022644,-0.6769585013389587,0.004036483820527792,0.004009114112704992,2.5373004197062767e-23,0.9200088977813721,0.9200642704963684,0.0,2.929455122924196e-09,0.0,0.0,0.0,0.12915635108947754,,,,,,,,,,,,,,,,
827,0.9280741214752197,-0.6754907965660095,0.0039101289585232735,0.0039049817714840174,5.5531566012234634e-09,0.9202578663825989,0.9202600717544556,0.0,1.4101763099461095e-06,0.0,0.0,0.0,0.1288585066795349,,,,,,,,,,,,,,,,
828,0.9280781745910645,-0.6862056255340576,0.00396668491885066,0.003952876199036837,2.3829872359592874e-23,0.9201486110687256,0.9201686978340149,0.0,3.240619925182209e-11,0.0,0.0,0.0,0.12903134524822235,,,,,,,,,,,,,,,,
829,0.9280596971511841,-0.6865605115890503,0.004061805550009012,0.004045974928885698,1.0265742422799207e-10,0.9199321866035461,0.9199716448783875,0.0,4.3210449324551647e-13,0.0,0.0,0.0,0.1286880224943161,,,,,,,,,,,,,,,,
830,0.9281125664710999,-0.6742374897003174,0.004107093904167414,0.004108242690563202,6.4637769962849756e-12,0.9198828935623169,0.9199116230010986,0.0,2.964944956218574e-11,0.0,0.0,0.0,0.12903907895088196,,,,,,,,,,,,,,,,
831,0.9280880689620972,-0.6811463236808777,0.004006828181445599,0.003999629989266396,5.4424735551616976e-11,0.920076310634613,0.9200868606567383,0.0,2.937947328973678e-06,0.0,0.0,0.0,0.12925875186920166,,,,,,,,,,,,,,,,
832,0.9280798435211182,-0.6889340877532959,0.00412273034453392,0.004126892425119877,4.490658192524144e-11,0.9198253750801086,0.919835090637207,0.0,1.1073896244440107e-09,0.0,0.0,0.0,0.12931686639785767,,,,,,,,,,,,,,,,
833,0.9280967712402344,-0.6862761378288269,0.004082539584487677,0.0040791756473481655,4.3304324015558393e-10,0.9199312925338745,0.9199388027191162,0.0,3.1587749083072936e-10,0.0,0.0,0.0,0.1292577087879181,,,,,,,,,,,,,,,,
834,0.9280213117599487,-0.678538978099823,0.0039899623952806,0.003985231276601553,2.537213708115575e-22,0.9200451970100403,0.9200469255447388,0.0,1.2854912967430465e-10,0.0,0.0,0.0,0.12933552265167236,,,,,,,,,,,,,,,,
835,0.9280744194984436,-0.6808367371559143,0.004039329010993242,0.004029817879199982,8.066957946084585e-08,0.920002818107605,0.920007586479187,0.0,0.0,0.0,0.0,0.0,0.12952719628810883,,,,,,,,,,,,,,,,
836,0.9280306100845337,-0.6912792325019836,0.004081393592059612,0.00407047476619482,6.726187162797714e-09,0.9198755025863647,0.9198819398880005,0.0,0.0,0.0,0.0,0.0,0.12919378280639648,,,,,,,,,,,,,,,,
837,0.9280010461807251,-0.6889294981956482,0.004037735052406788,0.0040284693241119385,1.698698047878735e-23,0.9199314117431641,0.9199383854866028,0.0,0.0,0.0,0.0,0.0,0.12924399971961975,,,,,,,,,,,,,,,,
838,0.928068220615387,-0.6841884851455688,0.004080757033079863,0.00410121725872159,1.6350648985034442e-23,0.9199177622795105,0.9198547005653381,0.0,1.7140708297169738e-10,0.0,0.0,0.0,0.12936249375343323,,,,,,,,,,,,,,,,
839,0.9279394745826721,-0.6869768500328064,0.003979225642979145,0.004005109891295433,1.5743263953337713e-23,0.91996830701828,0.9199419021606445,0.0,0.0,0.0,0.0,0.0,0.12931090593338013,,,,,,,,,,,,,,,,
840,0.9280909299850464,-0.6909688115119934,0.003939347807317972,0.003970269579440355,1.0642609016286997e-09,0.9202150702476501,0.9201475977897644,0.0,0.0,0.0,0.0,0.0,0.12922456860542297,,,,,,,,,,,,,,,,
841,0.9281156063079834,-0.6895198822021484,0.0039837975054979324,0.003998934291303158,1.4534206820619867e-23,0.9201501607894897,0.9201155304908752,0.0,1.9725530364667065e-06,0.0,0.0,0.0,0.12950178980827332,,,,,,,,,,,,,,,,
842,0.9279667735099792,-0.6866123080253601,0.0039334543980658054,0.003981520421802998,1.3969832063197598e-23,0.920092761516571,0.9200108647346497,0.0,0.0,0.0,0.0,0.0,0.12914323806762695,,,,,,,,,,,,,,,,
843,0.9280756711959839,-0.6876702904701233,0.003936172928661108,0.003947864752262831,1.3458448248222646e-23,0.92021244764328,0.920170783996582,0.0,3.5315367297172884e-10,0.0,0.0,0.0,0.12942112982273102,,,,,,,,,,,,,,,,
844,0.9280437231063843,-0.6902807354927063,0.003974880091845989,0.003983673173934221,4.660014241153476e-08,0.9200937747955322,0.9200764894485474,0.0,0.0,0.0,0.0,0.0,0.12935204803943634,,,,,,,,,,,,,,,,
845,0.9280866384506226,-0.6920515298843384,0.0039410777390003204,0.003907567355781794,9.678516876832077e-10,0.92021644115448,0.9202595949172974,0.0,0.0,0.0,0.0,0.0,0.1294853836297989,,,,,,,,,,,,,,,,
846,0.9281002283096313,-0.6885902285575867,0.003964256960898638,0.003939947113394737,1.5677262821256477e-09,0.9201690554618835,0.9202229380607605,0.0,1.4306551747722551e-06,0.0,0.0,0.0,0.12865543365478516,,,,,,,,,,,,,,,,
847,0.9280715584754944,-0.6898269057273865,0.004022472538053989,0.003986199386417866,5.5076816452828345e-14,0.9200331568717957,0.9200927019119263,0.0,3.162277731338925e-11,0.0,0.0,0.0,0.12883302569389343,,,,,,,,,,,,,,,,
848,0.9279579520225525,-0.6921746730804443,0.0040703569538891315,0.004079435020685196,3.058543002198988e-12,0.9198225140571594,0.9197937846183777,0.0,6.05800243302923e-10,0.0,0.0,0.0,0.12884001433849335,,,,,,,,,,,,,,,,
849,0.927968442440033,-0.6919897198677063,0.004120684694498777,0.004127038177102804,3.812467585041085e-18,0.9197323322296143,0.9197090864181519,0.0,4.5750681021416995e-11,0.0,0.0,0.0,0.12891560792922974,,,,,,,,,,,,,,,,
850,0.9280623197555542,-0.6927857995033264,0.0039240578189492226,0.003939789719879627,1.7672349139630228e-09,0.9202207326889038,0.9201761484146118,0.0,4.168767094085658e-15,0.0,0.0,0.0,0.12863948941230774,,,,,,,,,,,,,,,,
851,0.9280861020088196,-0.6914118528366089,0.004048819653689861,0.004086206201463938,1.4872663101073158e-09,0.9199899435043335,0.9199122786521912,0.0,8.731225187297298e-10,0.0,0.0,0.0,0.12810862064361572,,,,,,,,,,,,,,,,
852,0.9283043146133423,-0.6918929219245911,0.004104850813746452,0.0040880730375647545,1.00810483564629e-23,0.9201027154922485,0.9201200604438782,0.0,0.0,0.0,0.0,0.0,0.12889918684959412,,,,,,,,,,,,,,,,
853,0.9281409978866577,-0.6998359560966492,0.003938071895390749,0.003936057444661856,1.88012678342675e-11,0.9202688932418823,0.9202647805213928,0.0,0.0,0.0,0.0,0.0,0.12866757810115814,,,,,,,,,,,,,,,,
854,0.9280331134796143,-0.699276864528656,0.004019633401185274,0.0040270183235406876,6.3112697290534925e-09,0.9199991822242737,0.9199736714363098,0.0,2.5476876999164233e-06,0.0,0.0,0.0,0.12819038331508636,,,,,,,,,,,,,,,,
855,0.9280439019203186,-0.692206859588623,0.004049445502460003,0.004005223512649536,1.783934777677132e-09,0.9199597835540771,0.9200186729431152,0.0,6.061346979890914e-10,0.0,0.0,0.0,0.12851165235042572,,,,,,,,,,,,,,,,
856,0.9280276298522949,-0.6926395297050476,0.004008887801319361,0.0039781732484698296,8.738909600173363e-24,0.9200215935707092,0.9200595021247864,0.0,0.0,0.0,0.0,0.0,0.12875248491764069,,,,,,,,,,,,,,,,
857,0.9280391335487366,-0.6978521347045898,0.003977174870669842,0.003993728663772345,2.020726641571713e-10,0.9200771450996399,0.9200592637062073,0.0,0.0,0.0,0.0,0.0,0.12869182229042053,,,,,,,,,,,,,,,,
858,0.928010106086731,-0.6993429064750671,0.004049645736813545,0.004041832871735096,2.5680521945070645e-11,0.9199135899543762,0.919923722743988,0.0,2.756956469370015e-20,0.0,0.0,0.0,0.12894856929779053,,,,,,,,,,,,,,,,
859,0.9280927181243896,-0.6939709782600403,0.003990557510405779,0.003998124040663242,7.84742735751396e-24,0.9201213121414185,0.920086681842804,0.0,1.1743152006360447e-09,0.0,0.0,0.0,0.12911804020404816,,,,,,,,,,,,,,,,
860,0.9280528426170349,-0.6965158581733704,0.003995406441390514,0.003972822800278664,7.542451364972802e-24,0.9200645685195923,0.9201046228408813,0.0,7.3007122409762815e-06,0.0,0.0,0.0,0.12883992493152618,,,,,,,,,,,,,,,,
861,0.9280539155006409,-0.7026852369308472,0.0038775114808231592,0.0038764490745961666,3.069310361425437e-09,0.9202984571456909,0.9203014373779297,0.0,4.813347498355824e-10,0.0,0.0,0.0,0.12859247624874115,,,,,,,,,,,,,,,,
862,0.9280869960784912,-0.7006091475486755,0.004086427390575409,0.004072977229952812,1.6547004044742408e-10,0.9199193716049194,0.9199358224868774,0.0,2.3592111597636745e-10,0.0,0.0,0.0,0.12909001111984253,,,,,,,,,,,,,,,,
863,0.9282427430152893,-0.6951217651367188,0.0040804240852594376,0.0040480452589690685,3.7138450648122046e-10,0.9200978875160217,0.9201306700706482,0.0,1.6660255397482615e-08,0.0,0.0,0.0,0.12856420874595642,,,,,,,,,,,,,,,,
864,0.9280256628990173,-0.6983168125152588,0.0038890335708856583,0.0038819166366010904,6.202331547844844e-19,0.9202403426170349,0.9202691316604614,0.0,5.512493128634333e-09,0.0,0.0,0.0,0.1283721625804901,,,,,,,,,,,,,,,,
865,0.9280642867088318,-0.7039662003517151,0.003953664097934961,0.003912794403731823,6.194380374676003e-24,0.9201700091362,0.9202257394790649,0.0,0.0,0.0,0.0,0.0,0.12897007167339325,,,,,,,,,,,,,,,,
866,0.9280860424041748,-0.7007389068603516,0.00404422776773572,0.004040672443807125,3.373792134553355e-09,0.9199982285499573,0.92000412940979,0.0,1.4449512812596244e-15,0.0,0.0,0.0,0.12880419194698334,,,,,,,,,,,,,,,,
867,0.9280700087547302,-0.6992036700248718,0.004097429104149342,0.004117479082196951,5.636419845274087e-24,0.9198654294013977,0.9198448061943054,0.0,0.0,0.0,0.0,0.0,0.12873044610023499,,,,,,,,,,,,,,,,
868,0.9283097982406616,-0.7006087303161621,0.004164290614426136,0.0041639795526862144,5.4106486430607384e-24,0.91998291015625,0.9199801683425903,0.0,0.0,0.0,0.0,0.0,0.1285785287618637,,,,,,,,,,,,,,,,
869,0.9280737042427063,-0.7059893608093262,0.004070956725627184,0.004049807786941528,5.230004228930558e-24,0.9199298024177551,0.9199760556221008,0.0,0.0,0.0,0.0,0.0,0.12866917252540588,,,,,,,,,,,,,,,,
870,0.9280808568000793,-0.703427791595459,0.004086585715413094,0.0040400405414402485,5.592288431026401e-19,0.9199190139770508,0.9199894666671753,0.0,6.78291797728825e-11,0.0,0.0,0.0,0.12829777598381042,,,,,,,,,,,,,,,,
871,0.9279985427856445,-0.6979774832725525,0.004110344685614109,0.004077277146279812,4.958014455141216e-24,0.9197917580604553,0.9198300242424011,0.0,3.061501993215608e-14,0.0,0.0,0.0,0.12874959409236908,,,,,,,,,,,,,,,,
872,0.9280417561531067,-0.7056324481964111,0.004117920063436031,0.004087768495082855,3.3018119765796896e-18,0.9198094010353088,0.9198627471923828,0.0,0.0,0.0,0.0,0.0,0.1283522993326187,,,,,,,,,,,,,,,,
873,0.9281383156776428,-0.7104614973068237,0.004175310023128986,0.00416497653350234,3.204947696122673e-10,0.9197922945022583,0.9198037981987,0.0,4.7913159550994067e-11,0.0,0.0,0.0,0.12849029898643494,,,,,,,,,,,,,,,,
874,0.9280960559844971,-0.7065920233726501,0.0040009901858866215,0.003993901424109936,5.686801585191859e-10,0.9201091527938843,0.9200931191444397,0.0,5.2968958108579045e-09,0.0,0.0,0.0,0.12788954377174377,,,,,,,,,,,,,,,,
875,0.9281490445137024,-0.7048908472061157,0.004047112073749304,0.004060836974531412,4.028613442841333e-09,0.9200558662414551,0.9200263619422913,0.0,8.765003167710006e-10,0.0,0.0,0.0,0.1279274821281433,,,,,,,,,,,,,,,,
876,0.9281187653541565,-0.704653263092041,0.003941144794225693,0.003943758085370064,4.590710562478545e-24,0.9202362895011902,0.9202313423156738,0.0,5.853936085875588e-11,0.0,0.0,0.0,0.12857942283153534,,,,,,,,,,,,,,,,
877,0.9281225800514221,-0.7081331014633179,0.003934348002076149,0.003927777521312237,1.6925999490879917e-10,0.9202604293823242,0.9202603697776794,0.0,3.95778715356343e-10,0.0,0.0,0.0,0.12876072525978088,,,,,,,,,,,,,,,,
878,0.9282248616218567,-0.706624448299408,0.004114170558750629,0.0041058724746108055,3.201314213718831e-10,0.9200063943862915,0.920003354549408,0.0,3.825821881520142e-09,0.0,0.0,0.0,0.128030925989151,,,,,,,,,,,,,,,,
879,0.9281936287879944,-0.7078962326049805,0.004069848917424679,0.004078555852174759,5.090007526575846e-09,0.9200600981712341,0.9200302958488464,0.0,5.857237004441851e-12,0.0,0.0,0.0,0.12819918990135193,,,,,,,,,,,,,,,,
880,0.9280829429626465,-0.7081838846206665,0.004042529501020908,0.004040802828967571,4.412211455580113e-24,0.9200154542922974,0.9199838042259216,0.0,0.0,0.0,0.0,0.0,0.12830562889575958,,,,,,,,,,,,,,,,
881,0.9280148148536682,-0.7104179263114929,0.004061240237206221,0.004033684264868498,7.64431504762797e-08,0.9199005365371704,0.9199390411376953,0.0,8.587378030888715e-11,0.0,0.0,0.0,0.12800389528274536,,,,,,,,,,,,,,,,
882,0.9280208349227905,-0.7078294157981873,0.0040071201510727406,0.00398813234642148,5.340306419299168e-09,0.9200178980827332,0.92003333568573,0.0,6.768108851140653e-10,0.0,0.0,0.0,0.12826871871948242,,,,,,,,,,,,,,,,
883,0.9281584024429321,-0.7081955075263977,0.004057670943439007,0.0040527391247451305,2.2738733639060538e-12,0.920045793056488,0.9200502038002014,0.0,7.631497656035435e-10,0.0,0.0,0.0,0.1284623146057129,,,,,,,,,,,,,,,,
884,0.9280174970626831,-0.7116487622261047,0.00401578564196825,0.004023109562695026,3.0095026470888797e-10,0.9199857711791992,0.9199714660644531,0.0,0.0,0.0,0.0,0.0,0.1285569667816162,,,,,,,,,,,,,,,,
885,0.9279568195343018,-0.7114344835281372,0.004036991391330957,0.004032388795167208,4.230948968930692e-24,0.919888973236084,0.9198858737945557,0.0,1.1513189707157423e-11,0.0,0.0,0.0,0.1277696192264557,,,,,,,,,,,,,,,,
886,0.9279800057411194,-0.7113597989082336,0.003962424583733082,0.003972988110035658,4.178857327915328e-24,0.9200577139854431,0.9200314879417419,0.0,2.706498965373248e-16,0.0,0.0,0.0,0.12789838016033173,,,,,,,,,,,,,,,,
887,0.9280645251274109,-0.7103919982910156,0.0038951963651925325,0.003916486632078886,1.0606003054969282e-11,0.9202776551246643,0.9202280640602112,0.0,4.1031859154827544e-07,0.0,0.0,0.0,0.12796039879322052,,,,,,,,,,,,,,,,
888,0.9280894994735718,-0.7143213152885437,0.004049377050250769,0.004081648774445057,1.7936060969780954e-10,0.9199932217597961,0.919923722743988,0.0,0.0,0.0,0.0,0.0,0.12859517335891724,,,,,,,,,,,,,,,,
889,0.9280856251716614,-0.714250922203064,0.003976492676883936,0.003989932592958212,4.0031334336814634e-24,0.9201415181159973,0.9200969338417053,0.0,6.587606155017411e-11,0.0,0.0,0.0,0.12851597368717194,,,,,,,,,,,,,,,,
890,0.92806476354599,-0.7146909236907959,0.003952716942876577,0.00394361512735486,3.9266450858807815e-24,0.9201773405075073,0.9201595783233643,0.0,0.0,0.0,0.0,0.0,0.12845978140830994,,,,,,,,,,,,,,,,
891,0.9280592203140259,-0.7141899466514587,0.0039527141489088535,0.003914103843271732,3.8340592424481596e-24,0.920160710811615,0.920224130153656,0.0,8.007201152127053e-11,0.0,0.0,0.0,0.12799003720283508,,,,,,,,,,,,,,,,
892,0.9280568957328796,-0.7161532640457153,0.00405638525262475,0.004023069981485605,4.0349845686904473e-10,0.9199453592300415,0.9200094938278198,0.0,2.193814384711737e-13,0.0,0.0,0.0,0.12783725559711456,,,,,,,,,,,,,,,,
893,0.9280287027359009,-0.7161723971366882,0.003944007679820061,0.003915583249181509,1.0213596368657818e-07,0.9201520681381226,0.9201858639717102,0.0,1.0080793144684463e-10,0.0,0.0,0.0,0.12831918895244598,,,,,,,,,,,,,,,,
894,0.9280340075492859,-0.7140173316001892,0.004055780824273825,0.0040176077745854855,8.378677751608166e-10,0.9199296236038208,0.9199915528297424,0.0,2.5313245714642107e-05,0.0,0.0,0.0,0.12831665575504303,,,,,,,,,,,,,,,,
895,0.9281004071235657,-0.7167152762413025,0.0039659361355006695,0.003968365024775267,3.844884913922764e-12,0.920155942440033,0.9201763272285461,0.0,0.0,0.0,0.0,0.0,0.1280294805765152,,,,,,,,,,,,,,,,
896,0.9281227588653564,-0.717606246471405,0.004061711486428976,0.004069183487445116,3.3071305289053747e-24,0.9200085401535034,0.919975221157074,0.0,1.805557664982132e-15,0.0,0.0,0.0,0.12837862968444824,,,,,,,,,,,,,,,,
897,0.9280484318733215,-0.7167200446128845,0.003986365161836147,0.003984304144978523,1.990971276732978e-10,0.9200726747512817,0.9200828075408936,0.0,2.698846354731721e-12,0.0,0.0,0.0,0.12824980914592743,,,,,,,,,,,,,,,,
898,0.9280410408973694,-0.7144399881362915,0.00410345708951354,0.004069781396538019,4.8777617361883685e-11,0.9198396801948547,0.9198959469795227,0.0,1.1979224556757373e-10,0.0,0.0,0.0,0.12775883078575134,,,,,,,,,,,,,,,,
899,0.928027868270874,-0.7215175032615662,0.003881116397678852,0.003863637801259756,6.716220912750259e-09,0.9202672839164734,0.9202988147735596,0.0,1.161453502818155e-10,0.0,0.0,0.0,0.12854939699172974,,,,,,,,,,,,,,,,
900,0.9281948804855347,-0.725540280342102,0.004078584257513285,0.004065579269081354,2.9290543461514582e-24,0.9200406670570374,0.9200608134269714,0.0,4.635328867230514e-19,0.0,0.0,0.0,0.12776847183704376,,,,,,,,,,,,,,,,
901,0.9280866384506226,-0.7155653238296509,0.0040542311035096645,0.004063205327838659,2.818357045195867e-24,0.9199810028076172,0.9199573993682861,0.0,2.725980552398255e-10,0.0,0.0,0.0,0.12798574566841125,,,,,,,,,,,,,,,,
902,0.9281061887741089,-0.7151696085929871,0.003917213063687086,0.003918763250112534,2.7145646437436755e-24,0.9202761054039001,0.9202643036842346,0.0,2.4737553672160573e-10,0.0,0.0,0.0,0.12777748703956604,,,,,,,,,,,,,,,,
903,0.9279975295066833,-0.7231069803237915,0.0039232405833899975,0.003894994268193841,2.6292236988646034e-24,0.9201571941375732,0.9202014207839966,0.0,3.5594130420868453e-10,0.0,0.0,0.0,0.12778443098068237,,,,,,,,,,,,,,,,
904,0.9280490875244141,-0.723783552646637,0.0039451406337320805,0.0039322213269770145,1.98433847131696e-09,0.9201568961143494,0.9201866388320923,0.0,0.0,0.0,0.0,0.0,0.12810800969600677,,,,,,,,,,,,,,,,
905,0.928229570388794,-0.7174476385116577,0.004191538318991661,0.004171459004282951,1.458491771799686e-09,0.9198418855667114,0.9198912382125854,0.0,0.0,0.0,0.0,0.0,0.12819762527942657,,,,,,,,,,,,,,,,
906,0.9281200766563416,-0.7195504307746887,0.0039869328029453754,0.003983003087341785,3.1276127521184804e-11,0.9201468825340271,0.9201533794403076,0.0,0.0,0.0,0.0,0.0,0.12811702489852905,,,,,,,,,,,,,,,,
907,0.9280713796615601,-0.7268751263618469,0.004018130246549845,0.00398209085687995,2.4225117705518473e-24,0.9200430512428284,0.9200993180274963,0.0,9.244112419981576e-11,0.0,0.0,0.0,0.12823335826396942,,,,,,,,,,,,,,,,
908,0.9280761480331421,-0.720575749874115,0.004030988086014986,0.004028167575597763,4.202170278411188e-10,0.9200116991996765,0.9200222492218018,0.0,4.710340732912155e-13,0.0,0.0,0.0,0.12818142771720886,,,,,,,,,,,,,,,,
909,0.9280305504798889,-0.720299243927002,0.003962081857025623,0.003938242793083191,4.1324063615455486e-10,0.9201131463050842,0.9201474189758301,0.0,7.745963701184799e-13,0.0,0.0,0.0,0.1282569020986557,,,,,,,,,,,,,,,,
910,0.9280849695205688,-0.7236210107803345,0.003976055886596441,0.0039718272164464,5.574083417059228e-10,0.9201315641403198,0.920142650604248,0.0,7.88423146214079e-12,0.0,0.0,0.0,0.1277158558368683,,,,,,,,,,,,,,,,
911,0.9280878305435181,-0.7275910973548889,0.004006916657090187,0.0039997464045882225,1.7660635323948903e-12,0.9200776815414429,0.9200845956802368,0.0,1.4542869131162206e-09,0.0,0.0,0.0,0.1277884691953659,,,,,,,,,,,,,,,,
912,0.9281162023544312,-0.7274472713470459,0.004189721774309874,0.0042010461911559105,1.2778908486943408e-10,0.9197418093681335,0.9197090864181519,0.0,0.0,0.0,0.0,0.0,0.1273387223482132,,,,,,,,,,,,,,,,
913,0.9280612468719482,-0.7269032001495361,0.004021149128675461,0.00401198398321867,4.009457349463119e-11,0.9200329780578613,0.9200231432914734,0.0,6.175615019365921e-10,0.0,0.0,0.0,0.12743054330348969,,,,,,,,,,,,,,,,
914,0.9281092286109924,-0.7236142754554749,0.004084959160536528,0.00407964875921607,1.9883197310832657e-09,0.9199447631835938,0.9199445843696594,0.0,4.626118932371526e-11,0.0,0.0,0.0,0.12778012454509735,,,,,,,,,,,,,,,,
915,0.9280701279640198,-0.728070080280304,0.003952410537749529,0.003958629909902811,4.5188217057123836e-10,0.9201708436012268,0.9201474189758301,0.0,0.0,0.0,0.0,0.0,0.12710677087306976,,,,,,,,,,,,,,,,
916,0.9281169176101685,-0.7271493077278137,0.003987858537584543,0.003986849915236235,2.3321201437270977e-24,0.9201395511627197,0.9201449155807495,0.0,1.2892679979170651e-10,0.0,0.0,0.0,0.12751799821853638,,,,,,,,,,,,,,,,
917,0.928246259689331,-0.7274718284606934,0.004149903077632189,0.004168590065091848,8.047650879028367e-10,0.9199441075325012,0.9199114441871643,0.0,4.2233611627449236e-14,0.0,0.0,0.0,0.12752443552017212,,,,,,,,,,,,,,,,
918,0.9283801913261414,-0.7281209826469421,0.0041458336636424065,0.0041561792604625225,5.758129084654229e-09,0.920094907283783,0.920061469078064,0.0,0.0,0.0,0.0,0.0,0.12795792520046234,,,,,,,,,,,,,,,,
919,0.9281019568443298,-0.7310470342636108,0.004097081255167723,0.004092555493116379,6.951503261909409e-10,0.9199170470237732,0.9199076890945435,0.0,0.0,0.0,0.0,0.0,0.12780188024044037,,,,,,,,,,,,,,,,
920,0.9280925989151001,-0.7320271134376526,0.004098919220268726,0.004069396294653416,2.3982008523899725e-24,0.9199066758155823,0.919941782951355,0.0,0.0,0.0,0.0,0.0,0.12696625292301178,,,,,,,,,,,,,,,,
921,0.9280422925949097,-0.7263162732124329,0.004111509304493666,0.004103098064661026,2.3985213271327185e-24,0.9198284149169922,0.9198269844055176,0.0,0.0,0.0,0.0,0.0,0.12739525735378265,,,,,,,,,,,,,,,,
922,0.9281556010246277,-0.731046199798584,0.004055199678987265,0.0040277442894876,2.4010624453236617e-24,0.9200519323348999,0.9200933575630188,0.0,7.9947125308788e-11,0.0,0.0,0.0,0.12711863219738007,,,,,,,,,,,,,,,,
923,0.9280898571014404,-0.7341160774230957,0.004080933518707752,0.0040830024518072605,2.396467133335523e-24,0.9199314117431641,0.9199203848838806,0.0,1.3940094877262284e-19,0.0,0.0,0.0,0.127597376704216,,,,,,,,,,,,,,,,
924,0.9280684590339661,-0.7287530899047852,0.004016393795609474,0.004011237993836403,2.3935408538076057e-24,0.9200444221496582,0.9200373291969299,0.0,3.758543389714708e-12,0.0,0.0,0.0,0.12708991765975952,,,,,,,,,,,,,,,,
925,0.9280408024787903,-0.7310032248497009,0.0038933895993977785,0.003885771846398711,6.012664866862638e-13,0.9202581644058228,0.9202651381492615,0.0,0.0,0.0,0.0,0.0,0.127837136387825,,,,,,,,,,,,,,,,
926,0.9281697869300842,-0.7345066666603088,0.004002298228442669,0.004016974475234747,8.607440094010599e-09,0.9201629161834717,0.9201381802558899,0.0,1.6477180947785386e-12,0.0,0.0,0.0,0.12712158262729645,,,,,,,,,,,,,,,,
927,0.9281986355781555,-0.7325204610824585,0.004091200884431601,0.0040840827859938145,6.335833635517929e-09,0.9200184941291809,0.9200280904769897,0.0,2.0896164572986597e-12,0.0,0.0,0.0,0.12735030055046082,,,,,,,,,,,,,,,,
928,0.9280171990394592,-0.7305625677108765,0.003968534991145134,0.003978786990046501,6.29451424316585e-09,0.9200809001922607,0.9200588464736938,0.0,5.418742847007954e-14,0.0,0.0,0.0,0.12764006853103638,,,,,,,,,,,,,,,,
929,0.9281793236732483,-0.7309658527374268,0.003946417011320591,0.003953638952225447,2.4451638935829578e-08,0.9202931523323059,0.9202653169631958,0.0,2.165877930337956e-07,0.0,0.0,0.0,0.12777179479599,,,,,,,,,,,,,,,,
930,0.9281301498413086,-0.7375442385673523,0.0039226943626999855,0.003908499144017696,2.5014223157620104e-24,0.9202889204025269,0.9203090071678162,0.0,0.0,0.0,0.0,0.0,0.12729290127754211,,,,,,,,,,,,,,,,
931,0.9282537698745728,-0.7353995442390442,0.0041057635098695755,0.004125101491808891,7.658817469113899e-10,0.9200325608253479,0.9200132489204407,0.0,1.2566400686886416e-18,0.0,0.0,0.0,0.1279933601617813,,,,,,,,,,,,,,,,
932,0.9282302260398865,-0.7331222891807556,0.0041786362417042255,0.0041777812875807285,2.5761162022185408e-24,0.9198794960975647,0.9198681712150574,0.0,8.060123327588567e-17,0.0,0.0,0.0,0.1280486285686493,,,,,,,,,,,,,,,,
933,0.9281387329101562,-0.7378915548324585,0.004032633733004332,0.004008271265774965,2.1545759967822598e-12,0.9200848340988159,0.920110821723938,0.0,2.193542286477168e-06,0.0,0.0,0.0,0.1275406926870346,,,,,,,,,,,,,,,,
934,0.928026020526886,-0.739043116569519,0.003972228616476059,0.003961604554206133,4.951405507824802e-09,0.9200894236564636,0.920094907283783,0.0,0.0,0.0,0.0,0.0,0.1275511384010315,,,,,,,,,,,,,,,,
935,0.9280482530593872,-0.7326945662498474,0.004076434765011072,0.004044333938509226,2.643732231418202e-24,0.919890820980072,0.9199641346931458,0.0,0.0,0.0,0.0,0.0,0.12761875987052917,,,,,,,,,,,,,,,,
936,0.9282125234603882,-0.73420250415802,0.004076682962477207,0.004056402016431093,2.656995349817683e-24,0.9200731515884399,0.9200856685638428,0.0,3.8000480344635434e-06,0.0,0.0,0.0,0.12739312648773193,,,,,,,,,,,,,,,,
937,0.928152322769165,-0.742516815662384,0.003917854279279709,0.003903192700818181,1.3435791368365813e-10,0.9203125834465027,0.9203500151634216,0.0,2.8061015200364636e-06,0.0,0.0,0.0,0.1276707947254181,,,,,,,,,,,,,,,,
938,0.9281173348426819,-0.7427330017089844,0.004127842374145985,0.004093370400369167,1.4568968254025094e-08,0.9198590517044067,0.9199332594871521,0.0,6.423059062399261e-07,0.0,0.0,0.0,0.1269511580467224,,,,,,,,,,,,,,,,
939,0.9281068444252014,-0.7357971668243408,0.003977084066718817,0.003967359196394682,2.6999878747217754e-24,0.9201492071151733,0.9201755523681641,0.0,5.850152029474032e-10,0.0,0.0,0.0,0.1278970092535019,,,,,,,,,,,,,,,,
940,0.9281195998191833,-0.7380766272544861,0.003984975628554821,0.003982934169471264,5.084511700559347e-10,0.9201557636260986,0.920147716999054,0.0,0.0,0.0,0.0,0.0,0.12760977447032928,,,,,,,,,,,,,,,,
941,0.9280988574028015,-0.7420045733451843,0.004022891167551279,0.004001399502158165,2.2093876728135342e-10,0.9200557470321655,0.9200933575630188,0.0,3.794296494934827e-18,0.0,0.0,0.0,0.12745840847492218,,,,,,,,,,,,,,,,
942,0.9281520247459412,-0.7399799227714539,0.004061530344188213,0.004051146563142538,4.86246776176813e-09,0.920038104057312,0.9200406074523926,0.0,3.8211800301723997e-07,0.0,0.0,0.0,0.12811261415481567,,,,,,,,,,,,,,,,
943,0.9281654357910156,-0.7382408380508423,0.004081531427800655,0.004073916934430599,3.566526984855045e-08,0.9200037717819214,0.9200161099433899,0.0,2.1298893204679814e-10,0.0,0.0,0.0,0.12767603993415833,,,,,,,,,,,,,,,,
944,0.9281133413314819,-0.7440074682235718,0.003953453153371811,0.003931061830371618,2.9814697802624246e-13,0.9202075600624084,0.9202500581741333,0.0,7.239295100880394e-12,0.0,0.0,0.0,0.12749771773815155,,,,,,,,,,,,,,,,
945,0.928059458732605,-0.7435533404350281,0.004063292406499386,0.00403921352699399,2.1735330549277343e-11,0.919940710067749,0.9199731945991516,0.0,4.176067824879226e-11,0.0,0.0,0.0,0.12780871987342834,,,,,,,,,,,,,,,,
946,0.928148627281189,-0.7383307218551636,0.003988680895417929,0.003999033011496067,2.921532557420176e-24,0.9201670289039612,0.9201547503471375,0.0,3.3308628750138014e-14,0.0,0.0,0.0,0.12720422446727753,,,,,,,,,,,,,,,,
947,0.9280680418014526,-0.7429237365722656,0.004065366927534342,0.004107652232050896,1.1562654306240816e-10,0.9199330806732178,0.9198570847511292,0.0,6.69185098501647e-14,0.0,0.0,0.0,0.12757538259029388,,,,,,,,,,,,,,,,
948,0.9280688762664795,-0.7471876740455627,0.004015481099486351,0.004006681498140097,3.3074988432909916e-18,0.9200403094291687,0.9200530648231506,0.0,8.896034464633829e-10,0.0,0.0,0.0,0.12707066535949707,,,,,,,,,,,,,,,,
949,0.9281411170959473,-0.7478368878364563,0.004178962204605341,0.004170008469372988,8.465182999017884e-10,0.9197871685028076,0.9197972416877747,0.0,8.637157100643833e-10,0.0,0.0,0.0,0.1276092529296875,,,,,,,,,,,,,,,,
950,0.9281538724899292,-0.7396486401557922,0.004065262619405985,0.004081007558852434,3.002281937400409e-24,0.9200234413146973,0.9199917316436768,0.0,8.353351899081929e-10,0.0,0.0,0.0,0.1269260048866272,,,,,,,,,,,,,,,,
951,0.9280641674995422,-0.7457290291786194,0.004039271734654903,0.004027219023555517,3.634632308666119e-12,0.9199827313423157,0.9200127124786377,0.0,6.461680635005962e-10,0.0,0.0,0.0,0.1274227499961853,,,,,,,,,,,,,,,,
952,0.9280510544776917,-0.7466886639595032,0.004013830330222845,0.0040021319873631,3.0176205488415264e-24,0.9200215935707092,0.9200485348701477,0.0,5.137264502685923e-10,0.0,0.0,0.0,0.12731224298477173,,,,,,,,,,,,,,,,
953,0.9286118745803833,-0.7433749437332153,0.004167434759438038,0.004147469066083431,1.251982267858054e-10,0.9202746748924255,0.9203192591667175,0.0,2.1908048986052364e-10,0.0,0.0,0.0,0.12723295390605927,,,,,,,,,,,,,,,,
954,0.9280853271484375,-0.7445568442344666,0.003943439573049545,0.0039330520667135715,1.4129596381806664e-09,0.9202013611793518,0.9202162027359009,0.0,0.0,0.0,0.0,0.0,0.12712131440639496,,,,,,,,,,,,,,,,
955,0.9280257821083069,-0.7466657161712646,0.003940385300666094,0.003924151882529259,3.0761404201583104e-24,0.9201518297195435,0.9201706647872925,0.0,1.016586592683666e-09,0.0,0.0,0.0,0.12697164714336395,,,,,,,,,,,,,,,,
956,0.9280830025672913,-0.7476837635040283,0.0039505669847130775,0.003922365605831146,3.0869085687298035e-24,0.9201862812042236,0.9202338457107544,0.0,0.0,0.0,0.0,0.0,0.12748833000659943,,,,,,,,,,,,,,,,
957,0.9281182289123535,-0.7479033470153809,0.003966218326240778,0.003964294213801622,3.0943836174524516e-24,0.920190691947937,0.9201847314834595,0.0,5.305462735805122e-10,0.0,0.0,0.0,0.12713167071342468,,,,,,,,,,,,,,,,
958,0.9281059503555298,-0.7485077381134033,0.003935070242732763,0.0039222282357513905,3.1049156993980573e-24,0.9202322959899902,0.9202648997306824,0.0,0.0,0.0,0.0,0.0,0.12712837755680084,,,,,,,,,,,,,,,,
959,0.9281026124954224,-0.7522087693214417,0.004042531363666058,0.004017106257379055,3.119365659029443e-24,0.9200146198272705,0.9200713634490967,0.0,2.2583444003743125e-09,0.0,0.0,0.0,0.12732918560504913,,,,,,,,,,,,,,,,
960,0.9280884861946106,-0.751480758190155,0.004006455186754465,0.004006240051239729,3.1386077514448204e-24,0.920080304145813,0.9200711846351624,0.0,1.4523707757285731e-11,0.0,0.0,0.0,0.1278013437986374,,,,,,,,,,,,,,,,
961,0.9281207919120789,-0.7446286082267761,0.00418099295347929,0.004192691296339035,4.4243217423023395e-10,0.9197673797607422,0.9197267889976501,0.0,0.0,0.0,0.0,0.0,0.12731842696666718,,,,,,,,,,,,,,,,
962,0.9281177520751953,-0.7510473728179932,0.004079457372426987,0.004077467136085033,9.14951003849751e-10,0.9199528694152832,0.919968843460083,0.0,1.497113454799852e-14,0.0,0.0,0.0,0.12721878290176392,,,,,,,,,,,,,,,,
963,0.9281150102615356,-0.7556329369544983,0.00404537795111537,0.004049761686474085,7.329468698635822e-10,0.9200286865234375,0.920011043548584,0.0,1.238679020465483e-10,0.0,0.0,0.0,0.12705138325691223,,,,,,,,,,,,,,,,
964,0.9281103014945984,-0.7488051056861877,0.004061232786625624,0.004076565615832806,3.334704734569982e-11,0.9199837446212769,0.9199612140655518,0.0,1.0760749062643793e-11,0.0,0.0,0.0,0.1274571567773819,,,,,,,,,,,,,,,,
965,0.9281229376792908,-0.7475484013557434,0.0040369839407503605,0.004042407497763634,1.3816219279760844e-09,0.9200563430786133,0.9200307130813599,0.0,0.0,0.0,0.0,0.0,0.12755678594112396,,,,,,,,,,,,,,,,
966,0.928146243095398,-0.7581710815429688,0.004064928740262985,0.004039226099848747,3.993593011841767e-08,0.920025646686554,0.9200584292411804,0.0,6.0111305852633e-14,0.0,0.0,0.0,0.12779584527015686,,,,,,,,,,,,,,,,
967,0.9280734062194824,-0.7573180198669434,0.004005389288067818,0.004014831501990557,8.335392016205111e-19,0.9200681447982788,0.9200382232666016,0.0,9.146368305314832e-17,0.0,0.0,0.0,0.12748505175113678,,,,,,,,,,,,,,,,
968,0.9281509518623352,-0.7485721707344055,0.004071570001542568,0.004080858547240496,1.55891983355998e-19,0.9200045466423035,0.9199924468994141,0.0,0.0,0.0,0.0,0.0,0.12769724428653717,,,,,,,,,,,,,,,,
969,0.9281807541847229,-0.7514596581459045,0.004014969803392887,0.004023694898933172,3.0855499530357867e-24,0.920155942440033,0.9201282858848572,0.0,6.590325507538353e-11,0.0,0.0,0.0,0.1274949610233307,,,,,,,,,,,,,,,,
970,0.9280797839164734,-0.7570501565933228,0.003967619035393,0.003968576434999704,1.920575920522083e-09,0.9201400876045227,0.9201470613479614,0.0,0.0,0.0,0.0,0.0,0.12768520414829254,,,,,,,,,,,,,,,,
971,0.9281653761863708,-0.7566832900047302,0.004083345644176006,0.004082411993294954,2.9773259282332897e-24,0.9199984669685364,0.9200007915496826,0.0,9.052479252313894e-12,0.0,0.0,0.0,0.12807734310626984,,,,,,,,,,,,,,,,
972,0.9280553460121155,-0.7525145411491394,0.0039407629519701,0.0039394148625433445,1.205936017711906e-09,0.9201828837394714,0.9201675057411194,0.0,0.0,0.0,0.0,0.0,0.12720128893852234,,,,,,,,,,,,,,,,
973,0.9281331896781921,-0.7575880885124207,0.003963450435549021,0.003957685548812151,1.9118848726407123e-09,0.9202135801315308,0.9202104806900024,0.0,0.0,0.0,0.0,0.0,0.12703219056129456,,,,,,,,,,,,,,,,
974,0.9280720949172974,-0.7583662271499634,0.003972573671489954,0.003972497768700123,2.8223818135343047e-24,0.92013019323349,0.9201239347457886,0.0,0.0,0.0,0.0,0.0,0.12684383988380432,,,,,,,,,,,,,,,,
975,0.9280720949172974,-0.752068281173706,0.003993798512965441,0.0039938148111104965,8.487270330981289e-10,0.9200829863548279,0.9200859665870667,0.0,0.0,0.0,0.0,0.0,0.12728001177310944,,,,,,,,,,,,,,,,
976,0.9281561970710754,-0.7558086514472961,0.0039943912997841835,0.003974070306867361,1.1621340556544624e-09,0.920170783996582,0.9202046990394592,0.0,1.882381308660787e-14,0.0,0.0,0.0,0.12686008214950562,,,,,,,,,,,,,,,,
977,0.928115725517273,-0.7616596817970276,0.004009400960057974,0.00402077054604888,1.5444939329240258e-19,0.9200941920280457,0.9200769662857056,0.0,5.211618029493659e-12,0.0,0.0,0.0,0.1268700361251831,,,,,,,,,,,,,,,,
978,0.9281545281410217,-0.759638786315918,0.004080134443938732,0.004084321670234203,1.1673533403396611e-19,0.9199975728988647,0.9199825525283813,0.0,7.474608605673172e-12,0.0,0.0,0.0,0.12668703496456146,,,,,,,,,,,,,,,,
979,0.9281342625617981,-0.7574471831321716,0.004038730636239052,0.003997936379164457,1.0173350162290262e-08,0.9200640320777893,0.9201312065124512,0.0,3.046759975044732e-17,0.0,0.0,0.0,0.12678907811641693,,,,,,,,,,,,,,,,
980,0.9280722141265869,-0.7572749257087708,0.003969475161284208,0.003962486516684294,2.6311236703548282e-24,0.9201400876045227,0.9201405048370361,0.0,1.3271393532743314e-12,0.0,0.0,0.0,0.12699159979820251,,,,,,,,,,,,,,,,
981,0.9281077980995178,-0.7603533267974854,0.003984024282544851,0.003970101475715637,3.4299871276566307e-10,0.9201347231864929,0.9201726317405701,0.0,5.780198542026938e-10,0.0,0.0,0.0,0.1266179233789444,,,,,,,,,,,,,,,,
982,0.9281221628189087,-0.7611867189407349,0.003978756256401539,0.0039850459434092045,1.9243115989553417e-09,0.9201704263687134,0.9201464056968689,0.0,2.6746369740293305e-14,0.0,0.0,0.0,0.12689881026744843,,,,,,,,,,,,,,,,
983,0.9281010627746582,-0.7589648962020874,0.003990419674664736,0.003985152114182711,2.855380654143147e-10,0.9201158881187439,0.9201350212097168,0.0,1.427358448449767e-12,0.0,0.0,0.0,0.12708541750907898,,,,,,,,,,,,,,,,
984,0.9280983209609985,-0.7628138661384583,0.0041230060160160065,0.004122915677726269,4.071802006677672e-09,0.9198464751243591,0.9198582768440247,0.0,0.0,0.0,0.0,0.0,0.12723538279533386,,,,,,,,,,,,,,,,
985,0.9282186627388,-0.7660969495773315,0.004036973230540752,0.004041129257529974,2.3675731305295404e-24,0.9201393723487854,0.9201417565345764,0.0,0.0,0.0,0.0,0.0,0.12747931480407715,,,,,,,,,,,,,,,,
986,0.928176760673523,-0.7616308927536011,0.004019877873361111,0.004024097230285406,2.2802458338911218e-24,0.9201448559761047,0.9201206564903259,0.0,3.330842546223067e-11,0.0,0.0,0.0,0.12736721336841583,,,,,,,,,,,,,,,,
987,0.928082287311554,-0.757254958152771,0.003965725190937519,0.003931696061044931,7.297409204687355e-11,0.9201629757881165,0.9202067255973816,0.0,4.296581604283857e-19,0.0,0.0,0.0,0.12740032374858856,,,,,,,,,,,,,,,,
988,0.9281466007232666,-0.7624495625495911,0.003946840297430754,0.003930889070034027,2.0705886658034522e-11,0.9202488660812378,0.9202889204025269,0.0,0.0,0.0,0.0,0.0,0.12710560858249664,,,,,,,,,,,,,,,,
989,0.9281488060951233,-0.767490565776825,0.0039999173022806644,0.003994888626039028,2.4091607181420116e-11,0.920150637626648,0.9201573133468628,0.0,6.564744858827964e-10,0.0,0.0,0.0,0.127427339553833,,,,,,,,,,,,,,,,
990,0.9281920790672302,-0.7595086097717285,0.0040895454585552216,0.004059448838233948,3.697594175289254e-10,0.9200140833854675,0.9200721383094788,0.0,1.552546828077761e-12,0.0,0.0,0.0,0.12745307385921478,,,,,,,,,,,,,,,,
991,0.928132951259613,-0.7615774273872375,0.00401917053386569,0.0039917598478496075,2.0495665363407146e-24,0.9200988411903381,0.9201452732086182,0.0,4.1895828440611377e-14,0.0,0.0,0.0,0.1276620626449585,,,,,,,,,,,,,,,,
992,0.9281547665596008,-0.7715970873832703,0.004106232896447182,0.004080337472259998,2.024193022539507e-24,0.919949471950531,0.91998690366745,0.0,2.2047179299988784e-06,0.0,0.0,0.0,0.12728765606880188,,,,,,,,,,,,,,,,
993,0.9282267689704895,-0.7669581770896912,0.004147963132709265,0.0041304100304841995,1.986952082495381e-24,0.9199374318122864,0.9199593663215637,0.0,5.562219047437929e-14,0.0,0.0,0.0,0.1275867074728012,,,,,,,,,,,,,,,,
994,0.9281165599822998,-0.7617239356040955,0.004014119040220976,0.003989205230027437,1.7283516631771967e-11,0.920091986656189,0.9201343655586243,0.0,1.3208271282261208e-13,0.0,0.0,0.0,0.12710170447826385,,,,,,,,,,,,,,,,
995,0.928115963935852,-0.7653047442436218,0.004037539474666119,0.004027197137475014,1.9392845706517224e-24,0.9200483560562134,0.9200541377067566,0.0,4.459811108773143e-16,0.0,0.0,0.0,0.12688031792640686,,,,,,,,,,,,,,,,
996,0.9281200766563416,-0.7678316235542297,0.00401676818728447,0.0040360079146921635,1.9240993926566705e-24,0.9200906157493591,0.9200440049171448,0.0,2.0490463492617295e-11,0.0,0.0,0.0,0.12701405584812164,,,,,,,,,,,,,,,,
997,0.9280804395675659,-0.767623782157898,0.00401212926954031,0.0039831106550991535,2.2640605210934306e-13,0.9200647473335266,0.9201056361198425,0.0,0.0,0.0,0.0,0.0,0.12700028717517853,,,,,,,,,,,,,,,,
998,0.9281275868415833,-0.7643638253211975,0.004045063629746437,0.004039515275508165,9.79818656765552e-12,0.9200398921966553,0.9200461506843567,0.0,3.5363695305434817e-10,0.0,0.0,0.0,0.1269105225801468,,,,,,,,,,,,,,,,
999,0.9283693432807922,-0.7697010040283203,0.004024786874651909,0.004021366126835346,3.940701497756605e-12,0.920320987701416,0.9203253984451294,0.0,3.2200466251741666e-12,0.0,0.0,0.0,0.12672989070415497,,,,,,,,,,,,,,,,
1000,0.928085446357727,-0.7709828615188599,0.0039980155415833,0.003989894408732653,4.535178455000732e-09,0.9200928211212158,0.9201022386550903,0.0,0.0,0.0,0.0,0.0,0.1266099065542221,0.7911989092826843,0.7911989092826843,0.20880109071731567,8.148955345153809,0.0,0.878339409828186,4.103976726531982,-0.0,1.7739431858062744,0.7911240458488464,0.0,0.7911240458488464,0.01200098730623722,2.303317070007324,3.013247803653605,0.1255519918189002
