epoch,critic_loss,actor_loss,q1_loss,q2_loss,cost_loss,cql_q1,cql_q2,expected_immediate_cost,expected_cost_to_go,expected_support_cost,expected_smoothness_cost,expected_uncertainty_cost,exact_soft_inadmissibility_rate,support_cost_for_lambda,smooth_cost_for_lambda,uncertainty_cost_for_lambda,cost_budget,support_budget,smooth_budget,uncertainty_budget,lagrange,lambda_inad,lambda_support,lambda_smooth,lambda_uncertainty,expert_kl,uses_action_mask,use_certified_nudging,barrier_weight,support_weight,rho_cost,rho_reward,avg_return,survival_rate,mortality_rate,avg_length,inadmissibility_rate,expert_argmax_match,mean_kl_to_expert,policy_entropy,mean_action_deviation_from_expert,soft_survival_rate,soft_inadmissibility_rate,soft_avg_return,soft_policy_entropy,soft_mean_kl_to_expert
1,4.1535115242004395,0.9347931146621704,0.031183911487460136,0.030124850571155548,0.8826008439064026,3.185919761657715,3.233283758163452,3.0666714118007718e-18,0.07699757069349289,0.8814724087715149,0.11289536207914352,0.12835507094860077,3.0666714118007718e-18,0.8814724087715149,0.11289536207914352,0.12835507094860077,0.0001,0.25,1.0,0.25,0.0,0.0,0.0,0.0,0.0,0.0032203004229813814,False,True,25.0,1.0,1.0,1.0,,,,,,,,,,,,,,
2,4.098090171813965,0.8933169841766357,0.031921304762363434,0.03133200481534004,0.8674123883247375,3.14528751373291,3.1895620822906494,2.869440327700006e-18,0.0942273810505867,0.8779374957084656,0.11247044056653976,0.13287457823753357,2.869440327700006e-18,0.8779374957084656,0.11247044056653976,0.13287457823753357,0.0001,0.25,1.0,0.25,0.0,0.0,0.0,0.0,0.0,0.003836058545857668,False,True,25.0,1.0,1.0,1.0,,,,,,,,,,,,,,
3,4.040596008300781,0.8535879850387573,0.03368383273482323,0.03367140144109726,0.8490921258926392,3.1023330688476562,3.1459646224975586,2.6780743677325477e-18,0.11484877020120621,0.8760737180709839,0.11232027411460876,0.1427292823791504,2.6780743677325477e-18,0.8760737180709839,0.11232027411460876,0.1427292823791504,0.0001,0.25,1.0,0.25,0.0,0.0,0.0,0.0,0.0,0.004475075751543045,False,True,25.0,1.0,1.0,1.0,,,,,,,,,,,,,,
4,3.9804210662841797,0.8115817308425903,0.03775225579738617,0.03809752315282822,0.8260171413421631,3.057263135910034,3.0998449325561523,2.5050745057007572e-18,0.1363535225391388,0.8736848831176758,0.11200974881649017,0.1507396101951599,2.5050745057007572e-18,0.8736848831176758,0.11200974881649017,0.1507396101951599,0.0001,0.25,1.0,0.25,0.0,0.0,0.0,0.0,0.0,0.005948693957179785,False,True,25.0,1.0,1.0,1.0,,,,,,,,,,,,,,
5,3.919647216796875,0.7660027742385864,0.04332016035914421,0.04404393583536148,0.8001506924629211,3.0101406574249268,3.054124116897583,2.3302198979404698e-18,0.16325603425502777,0.8713040947914124,0.11164727061986923,0.1616624891757965,2.3302198979404698e-18,0.8713040947914124,0.11164727061986923,0.1616624891757965,0.0001,0.25,1.0,0.25,0.0,0.0,0.0,0.0,0.0,0.007744576316326857,False,True,25.0,1.0,1.0,1.0,,,,,,,,,,,,,,
6,3.8524985313415527,0.7157098054885864,0.051206786185503006,0.05169862508773804,0.7680929899215698,2.9599220752716064,3.003077983856201,2.1513027993967813e-18,0.19678492844104767,0.8689428567886353,0.11134086549282074,0.17508335411548615,2.1513027993967813e-18,0.8689428567886353,0.11134086549282074,0.17508335411548615,0.0001,0.25,1.0,0.25,0.0,0.0,0.0,0.0,0.0,0.010173880495131016,False,True,25.0,1.0,1.0,1.0,,,,,,,,,,,,,,
7,3.782447576522827,0.6622019410133362,0.06154044717550278,0.061689045280218124,0.7312394976615906,2.902376413345337,2.953580379486084,1.996368768738302e-18,0.2336347997188568,0.8667895793914795,0.11101166158914566,0.1891295313835144,1.996368768738302e-18,0.8667895793914795,0.11101166158914566,0.1891295313835144,0.0001,0.25,1.0,0.25,0.0,0.0,0.0,0.0,0.0,0.013180931098759174,False,True,25.0,1.0,1.0,1.0,,,,,,,,,,,,,,
8,3.709880828857422,0.6005131006240845,0.07550811767578125,0.07453756779432297,0.6890375018119812,2.8446943759918213,2.8969008922576904,1.8366554952956447e-18,0.2773036062717438,0.8645713329315186,0.11040238291025162,0.20327338576316833,1.8366554952956447e-18,0.8645713329315186,0.11040238291025162,0.20327338576316833,0.0001,0.25,1.0,0.25,0.0,0.0,0.0,0.0,0.0,0.01699640229344368,False,True,25.0,1.0,1.0,1.0,,,,,,,,,,,,,,
9,3.6319167613983154,0.5340350270271301,0.09176740050315857,0.08936744183301926,0.6399880647659302,2.7826027870178223,2.838984727859497,1.6908369949875e-18,0.32681071758270264,0.8624791502952576,0.11003769189119339,0.21953395009040833,1.6908369949875e-18,0.8624791502952576,0.11003769189119339,0.21953395009040833,0.0001,0.25,1.0,0.25,0.0,0.0,0.0,0.0,0.0,0.02125491388142109,False,True,25.0,1.0,1.0,1.0,,,,,,,,,,,,,,
10,3.5543875694274902,0.46470338106155396,0.11118184030056,0.10689990967512131,0.5875518321990967,2.7169172763824463,2.780590534210205,1.5570930568759448e-18,0.3802220821380615,0.8611114025115967,0.10977862030267715,0.23381924629211426,1.5665312085029707e-18,0.8596066832542419,0.10946054756641388,0.22881704568862915,0.0001,0.25,1.0,0.25,0.0,0.0,0.0,0.0,0.0,0.02570667862892151,False,True,25.0,1.0,1.0,1.0,0.7707438468933105,0.7707438468933105,0.22925615310668945,8.908512115478516,0.0,0.8443686962127686,4.116382122039795,-0.0,1.1413519382476807,0.7768470048904419,1.5665312085029707e-18,0.7768470048904419,0.4850704073905945,0.01599198207259178
11,3.4782233238220215,0.3903925120830536,0.13338494300842285,0.12592917680740356,0.5304945111274719,2.6561667919158936,2.720662832260132,1.4416240200375238e-18,0.43546953797340393,0.8584497570991516,0.10944411158561707,0.24768675863742828,1.4416240200375238e-18,0.8584497570991516,0.10944411158561707,0.24768675863742828,0.0001,0.25,1.0,0.25,0.0,0.0,0.0,0.0,0.0,0.031112240627408028,False,True,25.0,1.0,1.0,1.0,,,,,,,,,,,,,,
12,3.40079402923584,0.3100414574146271,0.15641994774341583,0.1456138640642166,0.4709929823875427,2.5917088985443115,2.663825273513794,1.3317565469097352e-18,0.49965113401412964,0.856785774230957,0.1092454120516777,0.2593584358692169,1.3317565469097352e-18,0.856785774230957,0.1092454120516777,0.2593584358692169,0.0001,0.25,1.0,0.25,0.0,0.0,0.0,0.0,0.0,0.03596052527427673,False,True,25.0,1.0,1.0,1.0,,,,,,,,,,,,,,
13,3.3252265453338623,0.22875642776489258,0.17913655936717987,0.16483868658542633,0.4103878438472748,2.5334880352020264,2.608238935470581,1.2401499129846673e-18,0.5633646845817566,0.8548738956451416,0.10908499360084534,0.268291711807251,1.2401499129846673e-18,0.8548738956451416,0.10908499360084534,0.268291711807251,0.0001,0.25,1.0,0.25,0.0,0.0,0.0,0.0,0.0,0.04093362018465996,False,True,25.0,1.0,1.0,1.0,,,,,,,,,,,,,,
14,3.2537589073181152,0.14296762645244598,0.20253852009773254,0.1828266680240631,0.35249990224838257,2.475958824157715,2.5558292865753174,1.154390101821854e-18,0.6313061118125916,0.8530225157737732,0.10922013223171234,0.27698516845703125,1.154390101821854e-18,0.8530225157737732,0.10922013223171234,0.27698516845703125,0.0001,0.25,1.0,0.25,0.0,0.0,0.0,0.0,0.0,0.046095553785562515,False,True,25.0,1.0,1.0,1.0,,,,,,,,,,,,,,
15,3.1904616355895996,0.06583347171545029,0.2238406538963318,0.20005162060260773,0.29892072081565857,2.42714262008667,2.50815486907959,1.0915280975805803e-18,0.6859721541404724,0.8517611026763916,0.10946083813905716,0.2749935984611511,1.0915280975805803e-18,0.8517611026763916,0.10946083813905716,0.2749935984611511,0.0001,0.25,1.0,0.25,0.0,0.0,0.0,0.0,0.0,0.05028342083096504,False,True,25.0,1.0,1.0,1.0,,,,,,,,,,,,,,
16,3.136995315551758,-0.002163928234949708,0.24140958487987518,0.21275435388088226,0.25441670417785645,2.3877246379852295,2.4691050052642822,1.046271185111426e-18,0.7338459491729736,0.8497673273086548,0.10978376865386963,0.2706957161426544,1.046271185111426e-18,0.8497673273086548,0.10978376865386963,0.2706957161426544,0.0001,0.25,1.0,0.25,0.0,0.0,0.0,0.0,0.0,0.05398686230182648,False,True,25.0,1.0,1.0,1.0,,,,,,,,,,,,,,
17,3.081148862838745,-0.06543736904859543,0.24929864704608917,0.21900184452533722,0.21659104526042938,2.355966806411743,2.4365477561950684,1.0155940547215546e-18,0.7684707641601562,0.8484628200531006,0.11022230982780457,0.26067644357681274,1.0155940547215546e-18,0.8484628200531006,0.11022230982780457,0.26067644357681274,0.0001,0.25,1.0,0.25,0.0,0.0,0.0,0.0,0.0,0.057482801377773285,False,True,25.0,1.0,1.0,1.0,,,,,,,,,,,,,,
18,3.0376784801483154,-0.11446722596883774,0.2543266713619232,0.22318154573440552,0.18879657983779907,2.3327085971832275,2.410038471221924,9.941132081893182e-19,0.7910023331642151,0.8465925455093384,0.11064746230840683,0.2436658889055252,9.941132081893182e-19,0.8465925455093384,0.11064746230840683,0.2436658889055252,0.0001,0.25,1.0,0.25,0.0,0.0,0.0,0.0,0.0,0.062046535313129425,False,True,25.0,1.0,1.0,1.0,,,,,,,,,,,,,,
19,3.001028299331665,-0.15505431592464447,0.2495497763156891,0.22112037241458893,0.16981351375579834,2.3254292011260986,2.395659923553467,9.854870585688855e-19,0.8024075031280518,0.8458443284034729,0.11122573167085648,0.2271227240562439,9.854870585688855e-19,0.8458443284034729,0.11122573167085648,0.2271227240562439,0.0001,0.25,1.0,0.25,0.0,0.0,0.0,0.0,0.0,0.06728941202163696,False,True,25.0,1.0,1.0,1.0,,,,,,,,,,,,,,
20,2.9715054035186768,-0.17208996415138245,0.24398748576641083,0.22026126086711884,0.15727940201759338,2.3190104961395264,2.380944013595581,9.914967325142364e-19,0.7955074906349182,0.8446499109268188,0.11154381185770035,0.20710881054401398,9.634302718978977e-19,0.8432625532150269,0.11177610605955124,0.1996457576751709,0.0001,0.25,1.0,0.25,0.0,0.0,0.0,0.0,0.0,0.07118792086839676,False,True,25.0,1.0,1.0,1.0,0.7765197157859802,0.7765197157859802,0.22348028421401978,8.298946380615234,0.0,0.8565250635147095,4.137101650238037,-0.0,1.425196886062622,0.7772464752197266,9.634302718978977e-19,0.7772464752197266,0.4535742998123169,0.04288752004504204
21,2.948535442352295,-0.19485020637512207,0.23011130094528198,0.21323055028915405,0.15191107988357544,2.3275811672210693,2.378983974456787,9.88364923317534e-19,0.792468249797821,0.8428767919540405,0.11193984001874924,0.19292502105236053,9.88364923317534e-19,0.8428767919540405,0.11193984001874924,0.19292502105236053,0.0001,0.25,1.0,0.25,0.0,0.0,0.0,0.0,0.0,0.07703901082277298,False,True,25.0,1.0,1.0,1.0,,,,,,,,,,,,,,
22,2.9199752807617188,-0.19575215876102448,0.2143268585205078,0.20442882180213928,0.14600318670272827,2.33500337600708,2.375429153442383,9.934482583744021e-19,0.778352677822113,0.8427520990371704,0.11245542019605637,0.18171124160289764,9.934482583744021e-19,0.8427520990371704,0.11245542019605637,0.18171124160289764,0.0001,0.25,1.0,0.25,0.0,0.0,0.0,0.0,0.0,0.08216480910778046,False,True,25.0,1.0,1.0,1.0,,,,,,,,,,,,,,
23,2.9016664028167725,-0.20407265424728394,0.19919246435165405,0.19519294798374176,0.14265407621860504,2.348818302154541,2.3804352283477783,9.853062162074661e-19,0.7656229138374329,0.8406888246536255,0.11284558475017548,0.1751115471124649,9.853062162074661e-19,0.8406888246536255,0.11284558475017548,0.1751115471124649,0.0001,0.25,1.0,0.25,0.0,0.0,0.0,0.0,0.0,0.08760292828083038,False,True,25.0,1.0,1.0,1.0,,,,,,,,,,,,,,
24,2.882157802581787,-0.1905873417854309,0.18547938764095306,0.1869211047887802,0.1390794962644577,2.356764316558838,2.384591579437256,9.76336062849788e-19,0.749048113822937,0.8398135304450989,0.11326612532138824,0.17621880769729614,9.76336062849788e-19,0.8398135304450989,0.11326612532138824,0.17621880769729614,0.0001,0.25,1.0,0.25,0.0,0.0,0.0,0.0,0.0,0.09221825003623962,False,True,25.0,1.0,1.0,1.0,,,,,,,,,,,,,,
25,2.8642773628234863,-0.194024920463562,0.1701989769935608,0.17560584843158722,0.13378334045410156,2.3747103214263916,2.394667863845825,9.608496908191467e-19,0.7347440719604492,0.8379432559013367,0.11334947496652603,0.17797128856182098,9.608496908191467e-19,0.8379432559013367,0.11334947496652603,0.17797128856182098,0.0001,0.25,1.0,0.25,0.0,0.0,0.0,0.0,0.0,0.0972428098320961,False,True,25.0,1.0,1.0,1.0,,,,,,,,,,,,,,
26,2.8409526348114014,-0.18312297761440277,0.16020841896533966,0.16786348819732666,0.1278984248638153,2.378016948699951,2.3919477462768555,9.38788887279934e-19,0.709838330745697,0.8369446992874146,0.11377998441457748,0.17964410781860352,9.38788887279934e-19,0.8369446992874146,0.11377998441457748,0.17964410781860352,0.0001,0.25,1.0,0.25,0.0,0.0,0.0,0.0,0.0,0.10159923881292343,False,True,25.0,1.0,1.0,1.0,,,,,,,,,,,,,,
27,2.825131893157959,-0.17469927668571472,0.1511286497116089,0.16093599796295166,0.12207674235105515,2.38602352142334,2.3959574699401855,9.115095046537009e-19,0.6850418448448181,0.835360050201416,0.11421707272529602,0.18235352635383606,9.115095046537009e-19,0.835360050201416,0.11421707272529602,0.18235352635383606,0.0001,0.25,1.0,0.25,0.0,0.0,0.0,0.0,0.0,0.10567265003919601,False,True,25.0,1.0,1.0,1.0,,,,,,,,,,,,,,
28,2.806840658187866,-0.1715167909860611,0.14306005835533142,0.15419061481952667,0.1145094782114029,2.3928046226501465,2.3973562717437744,8.746826999998041e-19,0.6651099920272827,0.8332890868186951,0.11449480056762695,0.18630993366241455,8.746826999998041e-19,0.8332890868186951,0.11449480056762695,0.18630993366241455,0.0001,0.25,1.0,0.25,0.0,0.0,0.0,0.0,0.0,0.11191381514072418,False,True,25.0,1.0,1.0,1.0,,,,,,,,,,,,,,
29,2.7894697189331055,-0.17515501379966736,0.14004667103290558,0.1507999449968338,0.11042100936174393,2.3855464458465576,2.390857696533203,8.411112129478215e-19,0.6403669714927673,0.8322235941886902,0.11461564153432846,0.18599562346935272,8.411112129478215e-19,0.8322235941886902,0.11461564153432846,0.18599562346935272,0.0001,0.25,1.0,0.25,0.0,0.0,0.0,0.0,0.0,0.11745131760835648,False,True,25.0,1.0,1.0,1.0,,,,,,,,,,,,,,
30,2.773240327835083,-0.18851785361766815,0.13881292939186096,0.14938022196292877,0.1077006384730339,2.3762035369873047,2.3784897327423096,8.083590999913609e-19,0.6209595799446106,0.8297703862190247,0.11489525437355042,0.18610629439353943,7.670907831044137e-19,0.8282066583633423,0.11551111936569214,0.17830798029899597,0.0001,0.25,1.0,0.25,0.0,0.0,0.0,0.0,0.0,0.12329825758934021,False,True,25.0,1.0,1.0,1.0,0.7778571248054504,0.7778571248054504,0.22214287519454956,7.8867292404174805,0.0,0.859167754650116,4.143619537353516,-0.0,1.635332703590393,0.7777693867683411,7.670907831044137e-19,0.7777693867683411,0.42447933554649353,0.07110455632209778
31,2.7558958530426025,-0.20232735574245453,0.13871660828590393,0.14791373908519745,0.10369490832090378,2.363746166229248,2.3673946857452393,7.639496857585554e-19,0.6040886640548706,0.8282887935638428,0.1151028722524643,0.18404695391654968,7.639496857585554e-19,0.8282887935638428,0.1151028722524643,0.18404695391654968,0.0001,0.25,1.0,0.25,0.0,0.0,0.0,0.0,0.0,0.12984763085842133,False,True,25.0,1.0,1.0,1.0,,,,,,,,,,,,,,
32,2.7442123889923096,-0.22704803943634033,0.1414610892534256,0.1497473567724228,0.10231640934944153,2.3480048179626465,2.353369951248169,7.299162183344619e-19,0.5862917304039001,0.8262587785720825,0.11536341160535812,0.17931610345840454,7.299162183344619e-19,0.8262587785720825,0.11536341160535812,0.17931610345840454,0.0001,0.25,1.0,0.25,0.0,0.0,0.0,0.0,0.0,0.13598142564296722,False,True,25.0,1.0,1.0,1.0,,,,,,,,,,,,,,
33,2.728172779083252,-0.25375011563301086,0.14571082592010498,0.15255875885486603,0.09880907833576202,2.3286025524139404,2.333585739135742,6.943606351856943e-19,0.5701976418495178,0.8240562677383423,0.11527151614427567,0.17626018822193146,6.943606351856943e-19,0.8240562677383423,0.11527151614427567,0.17626018822193146,0.0001,0.25,1.0,0.25,0.0,0.0,0.0,0.0,0.0,0.14238804578781128,False,True,25.0,1.0,1.0,1.0,,,,,,,,,,,,,,
34,2.7137343883514404,-0.2844981849193573,0.15156632661819458,0.1562156081199646,0.09816113114356995,2.302849292755127,2.3127329349517822,6.741246437765619e-19,0.5601219534873962,0.8218441605567932,0.11557997763156891,0.17162075638771057,6.741246437765619e-19,0.8218441605567932,0.11557997763156891,0.17162075638771057,0.0001,0.25,1.0,0.25,0.0,0.0,0.0,0.0,0.0,0.14961469173431396,False,True,25.0,1.0,1.0,1.0,,,,,,,,,,,,,,
35,2.7010138034820557,-0.3289874196052551,0.15954363346099854,0.1624869853258133,0.09606972336769104,2.276890754699707,2.288936138153076,6.375366875245398e-19,0.5496397018432617,0.8198739886283875,0.11571746319532394,0.16605493426322937,6.375366875245398e-19,0.8198739886283875,0.11571746319532394,0.16605493426322937,0.0001,0.25,1.0,0.25,0.0,0.0,0.0,0.0,0.0,0.15772645175457,False,True,25.0,1.0,1.0,1.0,,,,,,,,,,,,,,
36,2.6876440048217773,-0.36362001299858093,0.16708000004291534,0.16877056658267975,0.09432271122932434,2.249300718307495,2.2656407356262207,6.054094061232865e-19,0.5398899912834167,0.8177121877670288,0.11568416655063629,0.16072340309619904,6.054094061232865e-19,0.8177121877670288,0.11568416655063629,0.16072340309619904,0.0001,0.25,1.0,0.25,0.0,0.0,0.0,0.0,0.0,0.16473126411437988,False,True,25.0,1.0,1.0,1.0,,,,,,,,,,,,,,
37,2.6722373962402344,-0.40765050053596497,0.17567697167396545,0.17586065828800201,0.09161455184221268,2.2195870876312256,2.2385833263397217,5.805013435180897e-19,0.5287547707557678,0.8151798248291016,0.11553623527288437,0.1547207087278366,5.805013435180897e-19,0.8151798248291016,0.11553623527288437,0.1547207087278366,0.0001,0.25,1.0,0.25,0.0,0.0,0.0,0.0,0.0,0.17259876430034637,False,True,25.0,1.0,1.0,1.0,,,,,,,,,,,,,,
38,2.659435272216797,-0.4597577750682831,0.18540066480636597,0.1841733604669571,0.09026000648736954,2.188828468322754,2.210373878479004,5.495884666536408e-19,0.5243146419525146,0.8140309453010559,0.11554854363203049,0.14997701346874237,5.495884666536408e-19,0.8140309453010559,0.11554854363203049,0.14997701346874237,0.0001,0.25,1.0,0.25,0.0,0.0,0.0,0.0,0.0,0.18028360605239868,False,True,25.0,1.0,1.0,1.0,,,,,,,,,,,,,,
39,2.6436872482299805,-0.4958339035511017,0.19153814017772675,0.18923118710517883,0.08712727576494217,2.1630895137786865,2.1884918212890625,5.4530289559879185e-19,0.5181371569633484,0.8123413920402527,0.11545843631029129,0.14376233518123627,5.4530289559879185e-19,0.8123413920402527,0.11545843631029129,0.14376233518123627,0.0001,0.25,1.0,0.25,0.0,0.0,0.0,0.0,0.0,0.18530213832855225,False,True,25.0,1.0,1.0,1.0,,,,,,,,,,,,,,
40,2.6306333541870117,-0.5383327603340149,0.19535979628562927,0.19296401739120483,0.08430497348308563,2.144346237182617,2.1716628074645996,5.310119546496546e-19,0.5107632279396057,0.8095799088478088,0.11515068262815475,0.14335834980010986,4.721887151918709e-19,0.8074567317962646,0.11489897966384888,0.1348227560520172,0.0001,0.25,1.0,0.25,0.0,0.0,0.0,0.0,0.0,0.19643546640872955,False,True,25.0,1.0,1.0,1.0,0.7806907892227173,0.7806907892227173,0.21930921077728271,8.060590744018555,0.0,0.8808379769325256,4.09382438659668,-0.0,1.5858628749847412,0.7782959342002869,4.721887151918709e-19,0.7782959342002869,0.39030635356903076,0.10742148011922836
41,2.6184639930725098,-0.5733965039253235,0.20232754945755005,0.19809813797473907,0.08146078139543533,2.1210365295410156,2.152118682861328,5.167195144356571e-19,0.506370484828949,0.8079196214675903,0.11506735533475876,0.14097124338150024,5.167195144356571e-19,0.8079196214675903,0.11506735533475876,0.14097124338150024,0.0001,0.25,1.0,0.25,0.0,0.0,0.0,0.0,0.0,0.20332075655460358,False,True,25.0,1.0,1.0,1.0,,,,,,,,,,,,,,
42,2.6069812774658203,-0.6183749437332153,0.2063184678554535,0.20138947665691376,0.07865362614393234,2.105041742324829,2.136197566986084,4.949496199781217e-19,0.4987848103046417,0.8048734664916992,0.11467691510915756,0.13803769648075104,4.949496199781217e-19,0.8048734664916992,0.11467691510915756,0.13803769648075104,0.0001,0.25,1.0,0.25,0.0,0.0,0.0,0.0,0.0,0.21199938654899597,False,True,25.0,1.0,1.0,1.0,,,,,,,,,,,,,,
43,2.5937752723693848,-0.6506280303001404,0.20919384062290192,0.20367175340652466,0.0764145776629448,2.088872194290161,2.120117664337158,4.740316181539393e-19,0.49104052782058716,0.8035429120063782,0.11467473208904266,0.1385386437177658,4.740316181539393e-19,0.8035429120063782,0.11467473208904266,0.1385386437177658,0.0001,0.25,1.0,0.25,0.0,0.0,0.0,0.0,0.0,0.21631868183612823,False,True,25.0,1.0,1.0,1.0,,,,,,,,,,,,,,
44,2.5788986682891846,-0.6849764585494995,0.21247953176498413,0.2053849846124649,0.07353449612855911,2.070553779602051,2.104445695877075,4.896926803901941e-19,0.48128142952919006,0.8024836182594299,0.11452379077672958,0.13649681210517883,4.896926803901941e-19,0.8024836182594299,0.11452379077672958,0.13649681210517883,0.0001,0.25,1.0,0.25,0.0,0.0,0.0,0.0,0.0,0.22429877519607544,False,True,25.0,1.0,1.0,1.0,,,,,,,,,,,,,,
45,2.5692601203918457,-0.7087762951850891,0.21632662415504456,0.20854580402374268,0.07194051891565323,2.056450366973877,2.0884439945220947,4.735774442988594e-19,0.4735029637813568,0.7997496128082275,0.11416345089673996,0.13773010671138763,4.735774442988594e-19,0.7997496128082275,0.11416345089673996,0.13773010671138763,0.0001,0.25,1.0,0.25,0.0,0.0,0.0,0.0,0.0,0.23311640322208405,False,True,25.0,1.0,1.0,1.0,,,,,,,,,,,,,,
46,2.552462339401245,-0.7518322467803955,0.22077961266040802,0.2122820019721985,0.06869427114725113,2.035374402999878,2.0660383701324463,4.445891065270917e-19,0.46340489387512207,0.7972022891044617,0.11410856992006302,0.13496696949005127,4.445891065270917e-19,0.7972022891044617,0.11410856992006302,0.13496696949005127,0.0001,0.25,1.0,0.25,0.0,0.0,0.0,0.0,0.0,0.24174834787845612,False,True,25.0,1.0,1.0,1.0,,,,,,,,,,,,,,
47,2.5452210903167725,-0.7690985202789307,0.21907667815685272,0.21084657311439514,0.06582749634981155,2.0347068309783936,2.0642337799072266,4.617635990915888e-19,0.4506111145019531,0.7958590388298035,0.11398238688707352,0.1333288699388504,4.617635990915888e-19,0.7958590388298035,0.11398238688707352,0.1333288699388504,0.0001,0.25,1.0,0.25,0.0,0.0,0.0,0.0,0.0,0.2536219656467438,False,True,25.0,1.0,1.0,1.0,,,,,,,,,,,,,,
48,2.531923770904541,-0.7954468131065369,0.21951191127300262,0.21180182695388794,0.06226604804396629,2.0245444774627686,2.052143096923828,4.842296177333759e-19,0.4319111704826355,0.7938728928565979,0.11374489217996597,0.13076861202716827,4.842296177333759e-19,0.7938728928565979,0.11374489217996597,0.13076861202716827,0.0001,0.25,1.0,0.25,0.0,0.0,0.0,0.0,0.0,0.26189619302749634,False,True,25.0,1.0,1.0,1.0,,,,,,,,,,,,,,
49,2.5224790573120117,-0.8177817463874817,0.22202835977077484,0.21435986459255219,0.06045510992407799,2.012892246246338,2.038379430770874,4.2520849741952153e-19,0.4185100495815277,0.7920622229576111,0.11374419182538986,0.13085372745990753,4.2520849741952153e-19,0.7920622229576111,0.11374419182538986,0.13085372745990753,0.0001,0.25,1.0,0.25,0.0,0.0,0.0,0.0,0.0,0.2725323736667633,False,True,25.0,1.0,1.0,1.0,,,,,,,,,,,,,,
50,2.5121877193450928,-0.8290822505950928,0.22303424775600433,0.21527594327926636,0.057319339364767075,2.003946542739868,2.029170036315918,4.1721901837681326e-19,0.40024814009666443,0.7905901670455933,0.11368875950574875,0.12814554572105408,3.385728531830654e-19,0.7876567840576172,0.11357742547988892,0.11863060295581818,0.0001,0.25,1.0,0.25,0.0,0.0,0.0,0.0,0.0,0.28202328085899353,False,True,25.0,1.0,1.0,1.0,0.7825044393539429,0.7825044393539429,0.21749556064605713,8.303303718566895,0.0,0.8892946243286133,4.074109077453613,-0.0,1.5434889793395996,0.7791141271591187,3.385728531830654e-19,0.7791141271591187,0.3531551957130432,0.15509170293807983
51,2.5078234672546387,-0.8655315041542053,0.22131727635860443,0.21393263339996338,0.05659523233771324,2.0038068294525146,2.0281498432159424,4.2867903707706433e-19,0.38774579763412476,0.7882180213928223,0.11382894217967987,0.12645603716373444,4.2867903707706433e-19,0.7882180213928223,0.11382894217967987,0.12645603716373444,0.0001,0.25,1.0,0.25,0.0,0.0,0.0,0.0,0.0,0.2979062497615814,False,True,25.0,1.0,1.0,1.0,,,,,,,,,,,,,,
52,2.4988603591918945,-0.8865242004394531,0.22543476521968842,0.21869423985481262,0.055261705070734024,1.9881994724273682,2.010739803314209,4.2701043283578587e-19,0.37487953901290894,0.7866314053535461,0.11397669464349747,0.12490709871053696,4.2701043283578587e-19,0.7866314053535461,0.11397669464349747,0.12490709871053696,0.0001,0.25,1.0,0.25,0.0,0.0,0.0,0.0,0.0,0.30703818798065186,False,True,25.0,1.0,1.0,1.0,,,,,,,,,,,,,,
53,2.4875197410583496,-0.8944509029388428,0.2250291109085083,0.21847395598888397,0.05247252807021141,1.9806749820709229,2.002413034439087,3.8902019865033326e-19,0.3613823354244232,0.7845632433891296,0.11390350759029388,0.1192309707403183,3.8902019865033326e-19,0.7845632433891296,0.11390350759029388,0.1192309707403183,0.0001,0.25,1.0,0.25,0.0,0.0,0.0,0.0,0.0,0.3237767517566681,False,True,25.0,1.0,1.0,1.0,,,,,,,,,,,,,,
54,2.4833080768585205,-0.9182275533676147,0.22477026283740997,0.21855850517749786,0.0516299307346344,1.9780980348587036,1.9986006021499634,4.610180508657371e-19,0.34766924381256104,0.782200038433075,0.11405964940786362,0.1190406084060669,4.610180508657371e-19,0.782200038433075,0.11405964940786362,0.1190406084060669,0.0001,0.25,1.0,0.25,0.0,0.0,0.0,0.0,0.0,0.3374069333076477,False,True,25.0,1.0,1.0,1.0,,,,,,,,,,,,,,
55,2.4754910469055176,-0.9416624903678894,0.2289683073759079,0.22299936413764954,0.050722237676382065,1.9641047716140747,1.9814974069595337,4.339937500609e-19,0.33242902159690857,0.7799431681632996,0.11394979059696198,0.11504436284303665,4.339937500609e-19,0.7799431681632996,0.11394979059696198,0.11504436284303665,0.0001,0.25,1.0,0.25,0.0,0.0,0.0,0.0,0.0,0.35205498337745667,False,True,25.0,1.0,1.0,1.0,,,,,,,,,,,,,,
56,2.466604709625244,-0.9730278849601746,0.22904199361801147,0.22253964841365814,0.049914851784706116,1.954784870147705,1.9754314422607422,3.5935282314384194e-19,0.3245007395744324,0.7785682082176208,0.11441399157047272,0.11320976912975311,3.5935282314384194e-19,0.7785682082176208,0.11441399157047272,0.11320976912975311,0.0001,0.25,1.0,0.25,0.0,0.0,0.0,0.0,0.0,0.3633875250816345,False,True,25.0,1.0,1.0,1.0,,,,,,,,,,,,,,
57,2.4628114700317383,-0.9881598353385925,0.23088857531547546,0.22442205250263214,0.05010083690285683,1.9490045309066772,1.9657950401306152,4.0081108959560554e-19,0.3135540783405304,0.776592493057251,0.11445776373147964,0.10886681079864502,4.0081108959560554e-19,0.776592493057251,0.11445776373147964,0.10886681079864502,0.0001,0.25,1.0,0.25,0.0,0.0,0.0,0.0,0.0,0.38027840852737427,False,True,25.0,1.0,1.0,1.0,,,,,,,,,,,,,,
58,2.4536995887756348,-1.00635826587677,0.23405660688877106,0.22739899158477783,0.048269692808389664,1.9352964162826538,1.9526519775390625,4.418124680059043e-19,0.30476072430610657,0.7756831645965576,0.11499437689781189,0.10685452818870544,4.418124680059043e-19,0.7756831645965576,0.11499437689781189,0.10685452818870544,0.0001,0.25,1.0,0.25,0.0,0.0,0.0,0.0,0.0,0.3963126242160797,False,True,25.0,1.0,1.0,1.0,,,,,,,,,,,,,,
59,2.448469877243042,-1.0306193828582764,0.23284539580345154,0.2269628942012787,0.04754466935992241,1.932824730873108,1.9494091272354126,4.724065184430023e-19,0.2927178740501404,0.7734870910644531,0.11506009101867676,0.10337083041667938,4.724065184430023e-19,0.7734870910644531,0.11506009101867676,0.10337083041667938,0.0001,0.25,1.0,0.25,0.0,0.0,0.0,0.0,0.0,0.41519948840141296,False,True,25.0,1.0,1.0,1.0,,,,,,,,,,,,,,
60,2.4447853565216064,-1.058793306350708,0.23421373963356018,0.22966644167900085,0.046607065945863724,1.9275157451629639,1.9410803318023682,3.982975979067866e-19,0.28398841619491577,0.7725014686584473,0.11522763967514038,0.10123927891254425,2.6121173807997714e-19,0.7699058055877686,0.11541780829429626,0.09115158021450043,0.0001,0.25,1.0,0.25,0.0,0.0,0.0,0.0,0.0,0.4329211115837097,False,True,25.0,1.0,1.0,1.0,0.7833641767501831,0.7833641767501831,0.2166358232498169,8.443693161010742,0.0,0.8779070377349854,4.097978591918945,-0.0,1.5715866088867188,0.7801312208175659,2.6121173807997714e-19,0.7801312208175659,0.30399250984191895,0.2387930452823639
61,2.4414446353912354,-1.0869536399841309,0.2365797758102417,0.23188671469688416,0.04601934179663658,1.9209097623825073,1.933007836341858,4.3101827799997015e-19,0.2764081060886383,0.7707343697547913,0.11524204164743423,0.09777340292930603,4.3101827799997015e-19,0.7707343697547913,0.11524204164743423,0.09777340292930603,0.0001,0.25,1.0,0.25,0.0,0.0,0.0,0.0,0.0,0.45463448762893677,False,True,25.0,1.0,1.0,1.0,,,,,,,,,,,,,,
62,2.434145927429199,-1.1106866598129272,0.2381012737751007,0.23458319902420044,0.0447179451584816,1.911806583404541,1.9216805696487427,5.003886426983876e-19,0.267196923494339,0.7691175937652588,0.11573688685894012,0.09585776925086975,5.003886426983876e-19,0.7691175937652588,0.11573688685894012,0.09585776925086975,0.0001,0.25,1.0,0.25,0.0,0.0,0.0,0.0,0.0,0.46995458006858826,False,True,25.0,1.0,1.0,1.0,,,,,,,,,,,,,,
63,2.432559013366699,-1.1199843883514404,0.23845414817333221,0.23518915474414825,0.04495768994092941,1.9091393947601318,1.918776512145996,4.890477897051324e-19,0.2666424512863159,0.767980694770813,0.11588089913129807,0.0949280709028244,4.890477897051324e-19,0.767980694770813,0.11588089913129807,0.0949280709028244,0.0001,0.25,1.0,0.25,0.0,0.0,0.0,0.0,0.0,0.4911311864852905,False,True,25.0,1.0,1.0,1.0,,,,,,,,,,,,,,
64,2.430166006088257,-1.1385796070098877,0.2412997931241989,0.23822534084320068,0.04440074786543846,1.90167236328125,1.9108078479766846,4.650112652728368e-19,0.2594848573207855,0.7674199938774109,0.1157689169049263,0.09298369288444519,4.650112652728368e-19,0.7674199938774109,0.1157689169049263,0.09298369288444519,0.0001,0.25,1.0,0.25,0.0,0.0,0.0,0.0,0.0,0.5080156922340393,False,True,25.0,1.0,1.0,1.0,,,,,,,,,,,,,,
65,2.4230618476867676,-1.1569894552230835,0.24056559801101685,0.23974217474460602,0.04333104193210602,1.8971309661865234,1.9017151594161987,6.250045910516317e-19,0.2547389566898346,0.7645664215087891,0.11586762964725494,0.09140278398990631,6.250045910516317e-19,0.7645664215087891,0.11586762964725494,0.09140278398990631,0.0001,0.25,1.0,0.25,0.0,0.0,0.0,0.0,0.0,0.5294316411018372,False,True,25.0,1.0,1.0,1.0,,,,,,,,,,,,,,
66,2.4223809242248535,-1.177681803703308,0.24372343719005585,0.24300004541873932,0.042735274881124496,1.8908162117004395,1.8950281143188477,5.273014809156832e-19,0.2527855634689331,0.763770580291748,0.1160518005490303,0.08894937485456467,5.273014809156832e-19,0.763770580291748,0.1160518005490303,0.08894937485456467,0.0001,0.25,1.0,0.25,0.0,0.0,0.0,0.0,0.0,0.554816722869873,False,True,25.0,1.0,1.0,1.0,,,,,,,,,,,,,,
67,2.4178402423858643,-1.1828460693359375,0.24403569102287292,0.2440304309129715,0.04102522134780884,1.8875657320022583,1.8899319171905518,5.465164729549837e-19,0.24980828166007996,0.7620816826820374,0.1160731166601181,0.09114067256450653,5.465164729549837e-19,0.7620816826820374,0.1160731166601181,0.09114067256450653,0.0001,0.25,1.0,0.25,0.0,0.0,0.0,0.0,0.0,0.5763514041900635,False,True,25.0,1.0,1.0,1.0,,,,,,,,,,,,,,
68,2.416576862335205,-1.1979299783706665,0.24527063965797424,0.24590231478214264,0.04193751886487007,1.8827980756759644,1.8841347694396973,8.091366497671608e-19,0.24434857070446014,0.7616935968399048,0.1164313480257988,0.08837009966373444,8.091366497671608e-19,0.7616935968399048,0.1164313480257988,0.08837009966373444,0.0001,0.25,1.0,0.25,0.0,0.0,0.0,0.0,0.0,0.5923150181770325,False,True,25.0,1.0,1.0,1.0,,,,,,,,,,,,,,
69,2.4103472232818604,-1.2092994451522827,0.24576303362846375,0.24712787568569183,0.04102076590061188,1.8765228986740112,1.8763480186462402,6.447980408330483e-19,0.23707501590251923,0.7598193883895874,0.1160692572593689,0.08726221323013306,6.447980408330483e-19,0.7598193883895874,0.1160692572593689,0.08726221323013306,0.0001,0.25,1.0,0.25,0.0,0.0,0.0,0.0,0.0,0.6141964197158813,False,True,25.0,1.0,1.0,1.0,,,,,,,,,,,,,,
70,2.4104809761047363,-1.2201056480407715,0.2455570250749588,0.24731279909610748,0.04125375300645828,1.8773267269134521,1.8753880262374878,5.281619038491032e-19,0.24260173738002777,0.7587356567382812,0.11600901931524277,0.08741753548383713,3.470234217714886e-19,0.757011353969574,0.11600663512945175,0.07538021355867386,0.0001,0.25,1.0,0.25,0.0,0.0,0.0,0.0,0.0,0.6369298100471497,False,True,25.0,1.0,1.0,1.0,0.7840807437896729,0.7840807437896729,0.21591925621032715,8.52916145324707,0.0,0.8720930218696594,4.09963846206665,-0.0,1.5771596431732178,0.780514121055603,3.470234217714886e-19,0.780514121055603,0.25382307171821594,0.3513176143169403
71,2.4087436199188232,-1.227344274520874,0.24454887211322784,0.24610014259815216,0.04087510332465172,1.8780899047851562,1.8763492107391357,6.593671212631565e-19,0.23634885251522064,0.7587953209877014,0.11625635623931885,0.08445805311203003,6.593671212631565e-19,0.7587953209877014,0.11625635623931885,0.08445805311203003,0.0001,0.25,1.0,0.25,0.0,0.0,0.0,0.0,0.0,0.6547874808311462,False,True,25.0,1.0,1.0,1.0,,,,,,,,,,,,,,
72,2.4032363891601562,-1.2475186586380005,0.24383805692195892,0.2452930063009262,0.03994163125753403,1.875024676322937,1.8733025789260864,5.086193999860199e-19,0.23008015751838684,0.7566592693328857,0.11619016528129578,0.08183219283819199,5.086193999860199e-19,0.7566592693328857,0.11619016528129578,0.08183219283819199,0.0001,0.25,1.0,0.25,0.0,0.0,0.0,0.0,0.0,0.6810271143913269,False,True,25.0,1.0,1.0,1.0,,,,,,,,,,,,,,
73,2.400632381439209,-1.2609405517578125,0.24171182513237,0.243605375289917,0.038702383637428284,1.8783410787582397,1.8748843669891357,8.197853076840739e-19,0.23503722250461578,0.7561633586883545,0.11611805856227875,0.08419494330883026,8.197853076840739e-19,0.7561633586883545,0.11611805856227875,0.08419494330883026,0.0001,0.25,1.0,0.25,0.0,0.0,0.0,0.0,0.0,0.6989177465438843,False,True,25.0,1.0,1.0,1.0,,,,,,,,,,,,,,
74,2.403529405593872,-1.284225583076477,0.24210883677005768,0.24399420619010925,0.040389761328697205,1.8784986734390259,1.8755744695663452,9.220271061423126e-19,0.22870643436908722,0.7539142370223999,0.1160544753074646,0.08203227072954178,9.220271061423126e-19,0.7539142370223999,0.1160544753074646,0.08203227072954178,0.0001,0.25,1.0,0.25,0.0,0.0,0.0,0.0,0.0,0.7142612338066101,False,True,25.0,1.0,1.0,1.0,,,,,,,,,,,,,,
75,2.3982856273651123,-1.2958801984786987,0.24355362355709076,0.24467915296554565,0.039133284240961075,1.8715137243270874,1.8703254461288452,9.936435763965412e-19,0.22797057032585144,0.7546498775482178,0.1162889301776886,0.08135004341602325,9.936435763965412e-19,0.7546498775482178,0.1162889301776886,0.08135004341602325,0.0001,0.25,1.0,0.25,0.0,0.0,0.0,0.0,0.0,0.7396957874298096,False,True,25.0,1.0,1.0,1.0,,,,,,,,,,,,,,
76,2.397172451019287,-1.3059816360473633,0.24262158572673798,0.24361549317836761,0.038531262427568436,1.872827410697937,1.8719807863235474,1.5409444233673783e-18,0.2324157953262329,0.7517563700675964,0.1161244660615921,0.08317361027002335,1.5409444233673783e-18,0.7517563700675964,0.1161244660615921,0.08317361027002335,0.0001,0.25,1.0,0.25,0.0,0.0,0.0,0.0,0.0,0.7629747986793518,False,True,25.0,1.0,1.0,1.0,,,,,,,,,,,,,,
77,2.393995523452759,-1.3293635845184326,0.24206720292568207,0.24331268668174744,0.03740305081009865,1.8720248937606812,1.870400309562683,1.148883663881665e-18,0.2304268628358841,0.7514248490333557,0.11594164371490479,0.08381054550409317,1.148883663881665e-18,0.7514248490333557,0.11594164371490479,0.08381054550409317,0.0001,0.25,1.0,0.25,0.0,0.0,0.0,0.0,0.0,0.7800862789154053,False,True,25.0,1.0,1.0,1.0,,,,,,,,,,,,,,
78,2.3928937911987305,-1.344454288482666,0.24406149983406067,0.24509736895561218,0.037658724933862686,1.8662456274032593,1.8659069538116455,2.2682872311173995e-18,0.22721785306930542,0.7499827742576599,0.11562301218509674,0.08119362592697144,2.2682872311173995e-18,0.7499827742576599,0.11562301218509674,0.08119362592697144,0.0001,0.25,1.0,0.25,0.0,0.0,0.0,0.0,0.0,0.8004330992698669,False,True,25.0,1.0,1.0,1.0,,,,,,,,,,,,,,
79,2.3899002075195312,-1.3466957807540894,0.24345086514949799,0.24465642869472504,0.03668537735939026,1.8657290935516357,1.8644862174987793,2.2864082767965987e-18,0.2305549830198288,0.7489845156669617,0.11588668823242188,0.081307053565979,2.2864082767965987e-18,0.7489845156669617,0.11588668823242188,0.081307053565979,0.0001,0.25,1.0,0.25,0.0,0.0,0.0,0.0,0.0,0.8175936937332153,False,True,25.0,1.0,1.0,1.0,,,,,,,,,,,,,,
80,2.3914716243743896,-1.3695812225341797,0.24549347162246704,0.24624481797218323,0.03747659921646118,1.8630213737487793,1.8614920377731323,3.7970952605374e-18,0.22971701622009277,0.7479183077812195,0.11578912287950516,0.08245767652988434,8.41757367489048e-19,0.7469645142555237,0.11562758684158325,0.07062330842018127,0.0001,0.25,1.0,0.25,0.0,0.0,0.0,0.0,0.0,0.8322647213935852,False,True,25.0,1.0,1.0,1.0,0.783316969871521,0.783316969871521,0.216683030128479,8.54391860961914,0.0,0.8717566728591919,4.098626613616943,-0.0,1.6230244636535645,0.7808597087860107,8.41757367489048e-19,0.7808597087860107,0.213583305478096,0.462959885597229
81,2.3874237537384033,-1.3759543895721436,0.24915164709091187,0.2502007782459259,0.03650171682238579,1.85252845287323,1.8506107330322266,1.0725884532876834e-18,0.22921901941299438,0.7486135363578796,0.11544632911682129,0.081454336643219,1.0725884532876834e-18,0.7486135363578796,0.11544632911682129,0.081454336643219,0.0001,0.25,1.0,0.25,0.0,0.0,0.0,0.0,0.0,0.8573781251907349,False,True,25.0,1.0,1.0,1.0,,,,,,,,,,,,,,
82,2.385906934738159,-1.3872946500778198,0.2515849769115448,0.2518906891345978,0.03647264093160629,1.8459078073501587,1.8460097312927246,3.4073159685786843e-18,0.22804024815559387,0.7474092841148376,0.11614695936441422,0.08057662099599838,3.4073159685786843e-18,0.7474092841148376,0.11614695936441422,0.08057662099599838,0.0001,0.25,1.0,0.25,0.0,0.0,0.0,0.0,0.0,0.8647351861000061,False,True,25.0,1.0,1.0,1.0,,,,,,,,,,,,,,
83,2.3804285526275635,-1.4040818214416504,0.2487228363752365,0.2500114440917969,0.03563626855611801,1.8468443155288696,1.8452717065811157,2.6136690512634032e-18,0.22304368019104004,0.745549201965332,0.11529762297868729,0.08056368678808212,2.6136690512634032e-18,0.745549201965332,0.11529762297868729,0.08056368678808212,0.0001,0.25,1.0,0.25,0.0,0.0,0.0,0.0,0.0,0.8972582221031189,False,True,25.0,1.0,1.0,1.0,,,,,,,,,,,,,,
84,2.3841872215270996,-1.4074209928512573,0.2480081170797348,0.2491380125284195,0.03617924451828003,1.851601004600525,1.8501226902008057,4.467770819653557e-18,0.22384695708751678,0.7454895377159119,0.1158657968044281,0.08018521219491959,4.467770819653557e-18,0.7454895377159119,0.1158657968044281,0.08018521219491959,0.0001,0.25,1.0,0.25,0.0,0.0,0.0,0.0,0.0,0.9117186069488525,False,True,25.0,1.0,1.0,1.0,,,,,,,,,,,,,,
85,2.3814027309417725,-1.4235130548477173,0.24734877049922943,0.24850454926490784,0.0358324833214283,1.8506478071212769,1.8487862348556519,3.88305256107146e-18,0.22108232975006104,0.7439373731613159,0.11568301171064377,0.08057084679603577,3.88305256107146e-18,0.7439373731613159,0.11568301171064377,0.08057084679603577,0.0001,0.25,1.0,0.25,0.0,0.0,0.0,0.0,0.0,0.9307964444160461,False,True,25.0,1.0,1.0,1.0,,,,,,,,,,,,,,
86,2.379380226135254,-1.4246883392333984,0.24757076799869537,0.2485198825597763,0.03471005707979202,1.8493825197219849,1.8477765321731567,3.526433078713617e-18,0.22174906730651855,0.7440865635871887,0.11577311903238297,0.07779113948345184,3.526433078713617e-18,0.7440865635871887,0.11577311903238297,0.07779113948345184,0.0001,0.25,1.0,0.25,0.0,0.0,0.0,0.0,0.0,0.9340146780014038,False,True,25.0,1.0,1.0,1.0,,,,,,,,,,,,,,
87,2.379486322402954,-1.4289342164993286,0.24743077158927917,0.24836401641368866,0.03468986600637436,1.8498210906982422,1.848182201385498,6.4596155308266535e-18,0.21989120543003082,0.741910457611084,0.11521077901124954,0.07842421531677246,6.4596155308266535e-18,0.741910457611084,0.11521077901124954,0.07842421531677246,0.0001,0.25,1.0,0.25,0.0,0.0,0.0,0.0,0.0,0.967963695526123,False,True,25.0,1.0,1.0,1.0,,,,,,,,,,,,,,
88,2.378251791000366,-1.4587209224700928,0.24846860766410828,0.24921204149723053,0.03485243394970894,1.8463361263275146,1.845101237297058,3.77561089848756e-18,0.21789230406284332,0.7415865063667297,0.11557149142026901,0.07892364263534546,3.77561089848756e-18,0.7415865063667297,0.11557149142026901,0.07892364263534546,0.0001,0.25,1.0,0.25,0.0,0.0,0.0,0.0,0.0,0.9849332571029663,False,True,25.0,1.0,1.0,1.0,,,,,,,,,,,,,,
89,2.3798274993896484,-1.4635118246078491,0.24507753551006317,0.2463551014661789,0.03438177704811096,1.8548574447631836,1.8531686067581177,3.998533178438457e-18,0.22146980464458466,0.7406684160232544,0.11477266252040863,0.07874059677124023,3.998533178438457e-18,0.7406684160232544,0.11477266252040863,0.07874059677124023,0.0001,0.25,1.0,0.25,0.0,0.0,0.0,0.0,0.0,1.0033360719680786,False,True,25.0,1.0,1.0,1.0,,,,,,,,,,,,,,
90,2.3776209354400635,-1.4844605922698975,0.24673959612846375,0.2478315681219101,0.034641291946172714,1.8490558862686157,1.8477609157562256,4.2076998583929035e-18,0.22042089700698853,0.7390079498291016,0.11501328647136688,0.07858153432607651,2.221878734728373e-18,0.7386475801467896,0.1151050329208374,0.06743825972080231,0.0001,0.25,1.0,0.25,0.0,0.0,0.0,0.0,0.0,1.0265820026397705,False,True,25.0,1.0,1.0,1.0,0.7815088629722595,0.7815088629722595,0.21849113702774048,8.640544891357422,0.0,0.8727657794952393,4.091331958770752,-0.0,1.6204769611358643,0.7816736698150635,2.221878734728373e-18,0.7816736698150635,0.18196220695972443,0.5691017508506775
91,2.3751587867736816,-1.502785563468933,0.24866020679473877,0.2490772306919098,0.03456959128379822,1.8429958820343018,1.842707872390747,5.2356260386742815e-18,0.2203822135925293,0.7396882772445679,0.11515630781650543,0.07803937047719955,5.2356260386742815e-18,0.7396882772445679,0.11515630781650543,0.07803937047719955,0.0001,0.25,1.0,0.25,0.0,0.0,0.0,0.0,0.0,1.0416858196258545,False,True,25.0,1.0,1.0,1.0,,,,,,,,,,,,,,
92,2.3721883296966553,-1.5213359594345093,0.24845005571842194,0.24855469167232513,0.033305782824754715,1.8417283296585083,1.8420273065567017,6.429919746836e-18,0.21970036625862122,0.7391738891601562,0.11487261205911636,0.07769715785980225,6.429919746836e-18,0.7391738891601562,0.11487261205911636,0.07769715785980225,0.0001,0.25,1.0,0.25,0.0,0.0,0.0,0.0,0.0,1.0524420738220215,False,True,25.0,1.0,1.0,1.0,,,,,,,,,,,,,,
93,2.3734869956970215,-1.5395981073379517,0.25071707367897034,0.25052762031555176,0.03363177552819252,1.837628722190857,1.8395922183990479,1.2094933173535027e-17,0.2196272909641266,0.737769603729248,0.11482640355825424,0.07771796733140945,1.2094933173535027e-17,0.737769603729248,0.11482640355825424,0.07771796733140945,0.0001,0.25,1.0,0.25,0.0,0.0,0.0,0.0,0.0,1.0740729570388794,False,True,25.0,1.0,1.0,1.0,,,,,,,,,,,,,,
94,2.375788450241089,-1.5507049560546875,0.25070300698280334,0.24959874153137207,0.03437971696257591,1.8398317098617554,1.8423823118209839,8.946022017668161e-18,0.22219496965408325,0.7375555634498596,0.11480297148227692,0.07718624174594879,8.946022017668161e-18,0.7375555634498596,0.11480297148227692,0.07718624174594879,0.0001,0.25,1.0,0.25,0.0,0.0,0.0,0.0,0.0,1.0852993726730347,False,True,25.0,1.0,1.0,1.0,,,,,,,,,,,,,,
95,2.3705217838287354,-1.5695271492004395,0.2531447112560272,0.2521721422672272,0.033190492540597916,1.8300502300262451,1.8339786529541016,4.463744104431649e-18,0.21791519224643707,0.735927939414978,0.11450614780187607,0.07622876018285751,4.463744104431649e-18,0.735927939414978,0.11450614780187607,0.07622876018285751,0.0001,0.25,1.0,0.25,0.0,0.0,0.0,0.0,0.0,1.1072360277175903,False,True,25.0,1.0,1.0,1.0,,,,,,,,,,,,,,
96,2.3686718940734863,-1.577209711074829,0.2549138069152832,0.2538291811943054,0.032676469534635544,1.8255870342254639,1.8289177417755127,6.976385037990582e-18,0.2225940078496933,0.7364179491996765,0.11484783887863159,0.07779999077320099,6.976385037990582e-18,0.7364179491996765,0.11484783887863159,0.07779999077320099,0.0001,0.25,1.0,0.25,0.0,0.0,0.0,0.0,0.0,1.118703842163086,False,True,25.0,1.0,1.0,1.0,,,,,,,,,,,,,,
97,2.371151924133301,-1.561630129814148,0.2532632350921631,0.2520776391029358,0.03373059630393982,1.8301111459732056,1.8340494632720947,5.654349414241993e-18,0.22112558782100677,0.7366418838500977,0.11501558870077133,0.07795053720474243,5.654349414241993e-18,0.7366418838500977,0.11501558870077133,0.07795053720474243,0.0001,0.25,1.0,0.25,0.0,0.0,0.0,0.0,0.0,1.1388250589370728,False,True,25.0,1.0,1.0,1.0,,,,,,,,,,,,,,
98,2.3707175254821777,-1.6012014150619507,0.25137847661972046,0.250623494386673,0.03335865959525108,1.834362506866455,1.8363513946533203,8.521871923691795e-18,0.2172684669494629,0.7343631982803345,0.11434444040060043,0.07757443189620972,8.521871923691795e-18,0.7343631982803345,0.11434444040060043,0.07757443189620972,0.0001,0.25,1.0,0.25,0.0,0.0,0.0,0.0,0.0,1.1570534706115723,False,True,25.0,1.0,1.0,1.0,,,,,,,,,,,,,,
99,2.3688437938690186,-1.6010509729385376,0.2500160038471222,0.2496025562286377,0.032961852848529816,1.8357133865356445,1.8368134498596191,3.0436654510141407e-18,0.21595311164855957,0.734679639339447,0.11459727585315704,0.07685631513595581,3.0436654510141407e-18,0.734679639339447,0.11459727585315704,0.07685631513595581,0.0001,0.25,1.0,0.25,0.0,0.0,0.0,0.0,0.0,1.1785646677017212,False,True,25.0,1.0,1.0,1.0,,,,,,,,,,,,,,
100,2.36741304397583,-1.6211003065109253,0.25448647141456604,0.25381070375442505,0.03197862580418587,1.826158046722412,1.8281162977218628,2.146443361452216e-17,0.2157963365316391,0.7330102324485779,0.11447807401418686,0.07545378059148788,4.5900744077184805e-18,0.7325348258018494,0.11455879360437393,0.06612502038478851,0.0001,0.25,1.0,0.25,0.0,0.0,0.0,0.0,0.0,1.1984935998916626,False,True,25.0,1.0,1.0,1.0,0.7818322777748108,0.7818322777748108,0.2181677222251892,8.547276496887207,0.0,0.8773304224014282,4.086112976074219,-0.0,1.6158443689346313,0.7818782329559326,4.5900744077184805e-18,0.7818782329559326,0.15928278863430023,0.6684675216674805
101,2.367537498474121,-1.6272670030593872,0.25069567561149597,0.2503257095813751,0.032933834940195084,1.8329493999481201,1.8342148065567017,3.926046514179823e-18,0.21910056471824646,0.7327595949172974,0.11441557854413986,0.07772717624902725,3.926046514179823e-18,0.7327595949172974,0.11441557854413986,0.07772717624902725,0.0001,0.25,1.0,0.25,0.0,0.0,0.0,0.0,0.0,1.2162538766860962,False,True,25.0,1.0,1.0,1.0,,,,,,,,,,,,,,
102,2.3671936988830566,-1.6348074674606323,0.2510240972042084,0.25127527117729187,0.03275080770254135,1.8319929838180542,1.8322941064834595,2.1053078350260765e-17,0.21566562354564667,0.7335017323493958,0.11471808701753616,0.07670772820711136,2.1053078350260765e-17,0.7335017323493958,0.11471808701753616,0.07670772820711136,0.0001,0.25,1.0,0.25,0.0,0.0,0.0,0.0,0.0,1.2273979187011719,False,True,25.0,1.0,1.0,1.0,,,,,,,,,,,,,,
103,2.365382194519043,-1.6502374410629272,0.24947217106819153,0.2510409951210022,0.031820520758628845,1.833971381187439,1.8321256637573242,2.821190138107237e-17,0.21990883350372314,0.7320999503135681,0.11446496099233627,0.0751204714179039,2.821190138107237e-17,0.7320999503135681,0.11446496099233627,0.0751204714179039,0.0001,0.25,1.0,0.25,0.0,0.0,0.0,0.0,0.0,1.2418714761734009,False,True,25.0,1.0,1.0,1.0,,,,,,,,,,,,,,
104,2.364346981048584,-1.671467661857605,0.25056302547454834,0.25182676315307617,0.03200187906622887,1.8308863639831543,1.829024076461792,1.5891319126697162e-17,0.216111421585083,0.731810986995697,0.11446815729141235,0.07730605453252792,1.5891319126697162e-17,0.731810986995697,0.11446815729141235,0.07730605453252792,0.0001,0.25,1.0,0.25,0.0,0.0,0.0,0.0,0.0,1.2448540925979614,False,True,25.0,1.0,1.0,1.0,,,,,,,,,,,,,,
105,2.3648202419281006,-1.676767349243164,0.2513802647590637,0.2524990141391754,0.031846482306718826,1.8298851251602173,1.8283039331436157,1.7483587211941312e-17,0.21644583344459534,0.7310304641723633,0.11458779126405716,0.07457583397626877,1.7483587211941312e-17,0.7310304641723633,0.11458779126405716,0.07457583397626877,0.0001,0.25,1.0,0.25,0.0,0.0,0.0,0.0,0.0,1.2717832326889038,False,True,25.0,1.0,1.0,1.0,,,,,,,,,,,,,,
106,2.363525867462158,-1.684322714805603,0.25360172986984253,0.25363558530807495,0.03155115619301796,1.82408607006073,1.8253885507583618,7.958639681520763e-18,0.2171369045972824,0.7306312322616577,0.11397362500429153,0.0759408101439476,7.958639681520763e-18,0.7306312322616577,0.11397362500429153,0.0759408101439476,0.0001,0.25,1.0,0.25,0.0,0.0,0.0,0.0,0.0,1.2881649732589722,False,True,25.0,1.0,1.0,1.0,,,,,,,,,,,,,,
107,2.3642418384552,-1.713559865951538,0.2511433959007263,0.2517295181751251,0.031662292778491974,1.8296422958374023,1.8297710418701172,7.03259196061356e-18,0.21626926958560944,0.7302425503730774,0.11418095976114273,0.07655669748783112,7.03259196061356e-18,0.7302425503730774,0.11418095976114273,0.07655669748783112,0.0001,0.25,1.0,0.25,0.0,0.0,0.0,0.0,0.0,1.2937495708465576,False,True,25.0,1.0,1.0,1.0,,,,,,,,,,,,,,
108,2.363661289215088,-1.7117072343826294,0.25589337944984436,0.25562816858291626,0.031025389209389687,1.820135474205017,1.822092890739441,1.0026220635988909e-17,0.21872377395629883,0.7298560738563538,0.11427813023328781,0.07642806321382523,1.0026220635988909e-17,0.7298560738563538,0.11427813023328781,0.07642806321382523,0.0001,0.25,1.0,0.25,0.0,0.0,0.0,0.0,0.0,1.3103944063186646,False,True,25.0,1.0,1.0,1.0,,,,,,,,,,,,,,
109,2.3620667457580566,-1.734445571899414,0.2542296051979065,0.2547285258769989,0.03136921301484108,1.8219573497772217,1.8215217590332031,8.505340719149923e-18,0.21400310099124908,0.729219913482666,0.11394775658845901,0.07470133900642395,8.505340719149923e-18,0.729219913482666,0.11394775658845901,0.07470133900642395,0.0001,0.25,1.0,0.25,0.0,0.0,0.0,0.0,0.0,1.3259435892105103,False,True,25.0,1.0,1.0,1.0,,,,,,,,,,,,,,
110,2.360409736633301,-1.7385057210922241,0.2529517412185669,0.2530955374240875,0.030686253681778908,1.8230737447738647,1.824278712272644,5.119783943379599e-18,0.2130206972360611,0.7297583222389221,0.11414512991905212,0.07331182807683945,6.35005320456667e-18,0.727763295173645,0.1135745495557785,0.06364425271749496,0.0001,0.25,1.0,0.25,0.0,0.0,0.0,0.0,0.0,1.3369903564453125,False,True,25.0,1.0,1.0,1.0,0.7809668183326721,0.7809668183326721,0.21903318166732788,8.540276527404785,0.0,0.8757928013801575,4.090023517608643,-0.0,1.632058024406433,0.781953752040863,6.35005320456667e-18,0.781953752040863,0.14348465204238892,0.7491272687911987
111,2.3648128509521484,-1.7544834613800049,0.25477370619773865,0.2546937167644501,0.031199486926198006,1.8238880634307861,1.8244035243988037,2.194745580705515e-17,0.21671245992183685,0.7289225459098816,0.11338132619857788,0.07514578104019165,2.194745580705515e-17,0.7289225459098816,0.11338132619857788,0.07514578104019165,0.0001,0.25,1.0,0.25,0.0,0.0,0.0,0.0,0.0,1.346912145614624,False,True,25.0,1.0,1.0,1.0,,,,,,,,,,,,,,
112,2.360663414001465,-1.7606780529022217,0.2531334161758423,0.2537236511707306,0.030438097193837166,1.823158621788025,1.823578119277954,2.2988760392973655e-17,0.21536287665367126,0.7278679013252258,0.11356454342603683,0.0739583969116211,2.2988760392973655e-17,0.7278679013252258,0.11356454342603683,0.0739583969116211,0.0001,0.25,1.0,0.25,0.0,0.0,0.0,0.0,0.0,1.3719629049301147,False,True,25.0,1.0,1.0,1.0,,,,,,,,,,,,,,
113,2.362772226333618,-1.7678834199905396,0.25287845730781555,0.25307103991508484,0.030753538012504578,1.8263040781021118,1.8258343935012817,6.735585730641189e-18,0.21703112125396729,0.7268715500831604,0.11338318139314651,0.075653076171875,6.735585730641189e-18,0.7268715500831604,0.11338318139314651,0.075653076171875,0.0001,0.25,1.0,0.25,0.0,0.0,0.0,0.0,0.0,1.3761616945266724,False,True,25.0,1.0,1.0,1.0,,,,,,,,,,,,,,
114,2.35860013961792,-1.7871816158294678,0.25317761301994324,0.2536604106426239,0.030285021290183067,1.8211396932601929,1.8218144178390503,2.2658847677463005e-17,0.21285800635814667,0.7278759479522705,0.11344900727272034,0.07277709245681763,2.2658847677463005e-17,0.7278759479522705,0.11344900727272034,0.07277709245681763,0.0001,0.25,1.0,0.25,0.0,0.0,0.0,0.0,0.0,1.386537790298462,False,True,25.0,1.0,1.0,1.0,,,,,,,,,,,,,,
115,2.3604955673217773,-1.8002713918685913,0.2536618411540985,0.25401169061660767,0.030496468767523766,1.8219130039215088,1.8227381706237793,2.042882003121802e-17,0.21375419199466705,0.727867841720581,0.11305209994316101,0.07292440533638,2.042882003121802e-17,0.727867841720581,0.11305209994316101,0.07292440533638,0.0001,0.25,1.0,0.25,0.0,0.0,0.0,0.0,0.0,1.4108177423477173,False,True,25.0,1.0,1.0,1.0,,,,,,,,,,,,,,
116,2.360809326171875,-1.8240349292755127,0.25422367453575134,0.254499226808548,0.029922110959887505,1.8215432167053223,1.8227853775024414,1.6606413457526804e-17,0.2124444842338562,0.7270060181617737,0.11308712512254715,0.07177741825580597,1.6606413457526804e-17,0.7270060181617737,0.11308712512254715,0.07177741825580597,0.0001,0.25,1.0,0.25,0.0,0.0,0.0,0.0,0.0,1.4139556884765625,False,True,25.0,1.0,1.0,1.0,,,,,,,,,,,,,,
117,2.359276294708252,-1.8242578506469727,0.2536514699459076,0.25441890954971313,0.03011384978890419,1.8213021755218506,1.8208818435668945,4.8242447182235906e-17,0.21462255716323853,0.7259722352027893,0.11252518743276596,0.07258711010217667,4.8242447182235906e-17,0.7259722352027893,0.11252518743276596,0.07258711010217667,0.0001,0.25,1.0,0.25,0.0,0.0,0.0,0.0,0.0,1.4138997793197632,False,True,25.0,1.0,1.0,1.0,,,,,,,,,,,,,,
118,2.3594160079956055,-1.832500696182251,0.2551882266998291,0.2554519474506378,0.030397696420550346,1.8184800148010254,1.8182761669158936,2.2358925222241078e-17,0.2146027535200119,0.7263551354408264,0.11230253428220749,0.07204685360193253,2.2358925222241078e-17,0.7263551354408264,0.11230253428220749,0.07204685360193253,0.0001,0.25,1.0,0.25,0.0,0.0,0.0,0.0,0.0,1.4273825883865356,False,True,25.0,1.0,1.0,1.0,,,,,,,,,,,,,,
119,2.3617312908172607,-1.851752519607544,0.2551787495613098,0.2553541958332062,0.030583476647734642,1.8206697702407837,1.8205599784851074,3.040342046108056e-17,0.21344061195850372,0.7261234521865845,0.11271309852600098,0.07157417386770248,3.040342046108056e-17,0.7261234521865845,0.11271309852600098,0.07157417386770248,0.0001,0.25,1.0,0.25,0.0,0.0,0.0,0.0,0.0,1.463851809501648,False,True,25.0,1.0,1.0,1.0,,,,,,,,,,,,,,
120,2.3582828044891357,-1.8743354082107544,0.25401970744132996,0.25442421436309814,0.029539505019783974,1.8201180696487427,1.8204805850982666,8.155181103785813e-18,0.21273092925548553,0.7258892059326172,0.11289121210575104,0.07171255350112915,8.712464895698012e-18,0.7239669561386108,0.11248653382062912,0.06080402806401253,0.0001,0.25,1.0,0.25,0.0,0.0,0.0,0.0,0.0,1.452080488204956,False,True,25.0,1.0,1.0,1.0,0.7812051177024841,0.7812051177024841,0.21879488229751587,8.51408576965332,0.0,0.8860753774642944,4.068133354187012,-0.0,1.605286717414856,0.7819861173629761,8.712464895698012e-18,0.7819861173629761,0.13194985687732697,0.815636157989502
121,2.356860399246216,-1.882448673248291,0.2556857764720917,0.2551495134830475,0.029727699235081673,1.8155555725097656,1.8170392513275146,1.0320755663881278e-17,0.20772325992584229,0.7239804267883301,0.11238750070333481,0.07117097824811935,1.0320755663881278e-17,0.7239804267883301,0.11238750070333481,0.07117097824811935,0.0001,0.25,1.0,0.25,0.0,0.0,0.0,0.0,0.0,1.4706456661224365,False,True,25.0,1.0,1.0,1.0,,,,,,,,,,,,,,
122,2.3574647903442383,-1.8954790830612183,0.2564268708229065,0.2568516135215759,0.029189135879278183,1.8148605823516846,1.815134048461914,5.303681082801163e-18,0.2126455456018448,0.725084662437439,0.11241192370653152,0.07041007280349731,5.303681082801163e-18,0.725084662437439,0.11241192370653152,0.07041007280349731,0.0001,0.25,1.0,0.25,0.0,0.0,0.0,0.0,0.0,1.465968132019043,False,True,25.0,1.0,1.0,1.0,,,,,,,,,,,,,,
123,2.3573949337005615,-1.9054237604141235,0.2555641233921051,0.25591742992401123,0.02939128875732422,1.8165624141693115,1.8164819478988647,4.0772827579869754e-17,0.2103760689496994,0.723746657371521,0.11241303384304047,0.07094480842351913,4.0772827579869754e-17,0.723746657371521,0.11241303384304047,0.07094480842351913,0.0001,0.25,1.0,0.25,0.0,0.0,0.0,0.0,0.0,1.4924408197402954,False,True,25.0,1.0,1.0,1.0,,,,,,,,,,,,,,
124,2.3540539741516113,-1.9173998832702637,0.25788557529449463,0.2578563988208771,0.02878359518945217,1.8090342283248901,1.8100225925445557,5.6276347891789806e-18,0.2090965360403061,0.7237582802772522,0.11221571266651154,0.07053128629922867,5.6276347891789806e-18,0.7237582802772522,0.11221571266651154,0.07053128629922867,0.0001,0.25,1.0,0.25,0.0,0.0,0.0,0.0,0.0,1.5137056112289429,False,True,25.0,1.0,1.0,1.0,,,,,,,,,,,,,,
125,2.357168197631836,-1.9227557182312012,0.258518785238266,0.25873932242393494,0.029570788145065308,1.8100684881210327,1.810610294342041,6.739038465236046e-17,0.20889174938201904,0.7233123779296875,0.11181636154651642,0.06907901912927628,6.739038465236046e-17,0.7233123779296875,0.11181636154651642,0.06907901912927628,0.0001,0.25,1.0,0.25,0.0,0.0,0.0,0.0,0.0,1.5085813999176025,False,True,25.0,1.0,1.0,1.0,,,,,,,,,,,,,,
126,2.3566973209381104,-1.9286816120147705,0.2567642033100128,0.25734713673591614,0.028872448951005936,1.8139424324035645,1.8134846687316895,2.046493969984576e-17,0.21298962831497192,0.7231102585792542,0.11225530505180359,0.07051845639944077,2.046493969984576e-17,0.7231102585792542,0.11225530505180359,0.07051845639944077,0.0001,0.25,1.0,0.25,0.0,0.0,0.0,0.0,0.0,1.5258452892303467,False,True,25.0,1.0,1.0,1.0,,,,,,,,,,,,,,
127,2.3544795513153076,-1.933234691619873,0.25555866956710815,0.2560124099254608,0.02870447188615799,1.8143272399902344,1.814080834388733,1.2294052090588791e-17,0.20959757268428802,0.7232846617698669,0.11176449060440063,0.07051778584718704,1.2294052090588791e-17,0.7232846617698669,0.11176449060440063,0.07051778584718704,0.0001,0.25,1.0,0.25,0.0,0.0,0.0,0.0,0.0,1.5237725973129272,False,True,25.0,1.0,1.0,1.0,,,,,,,,,,,,,,
128,2.354763984680176,-1.9498783349990845,0.2570025622844696,0.25722044706344604,0.028690190985798836,1.8116270303726196,1.8120744228363037,2.160827370560023e-17,0.2088969498872757,0.7229172587394714,0.11204734444618225,0.06889449805021286,2.160827370560023e-17,0.7229172587394714,0.11204734444618225,0.06889449805021286,0.0001,0.25,1.0,0.25,0.0,0.0,0.0,0.0,0.0,1.5248465538024902,False,True,25.0,1.0,1.0,1.0,,,,,,,,,,,,,,
129,2.3547585010528564,-1.972771406173706,0.25668421387672424,0.2570872902870178,0.0287198293954134,1.8122947216033936,1.8122392892837524,3.086269429822715e-17,0.20994892716407776,0.7224875092506409,0.11155330389738083,0.0687318667769432,3.086269429822715e-17,0.7224875092506409,0.11155330389738083,0.0687318667769432,0.0001,0.25,1.0,0.25,0.0,0.0,0.0,0.0,0.0,1.5391031503677368,False,True,25.0,1.0,1.0,1.0,,,,,,,,,,,,,,
130,2.351624011993408,-1.9782764911651611,0.25581836700439453,0.2563612461090088,0.02838306874036789,1.8107688426971436,1.8113539218902588,1.3623752369893296e-17,0.21370737254619598,0.7217448949813843,0.11183952540159225,0.06822584569454193,1.0123308689801931e-17,0.7207963466644287,0.11181074380874634,0.05842074379324913,0.0001,0.25,1.0,0.25,0.0,0.0,0.0,0.0,0.0,1.5380544662475586,False,True,25.0,1.0,1.0,1.0,0.7828765511512756,0.7828765511512756,0.21712344884872437,8.531774520874023,0.0,0.8915048837661743,4.063807964324951,-0.0,1.5946847200393677,0.7820557355880737,1.0123308689801931e-17,0.7820557355880737,0.12258416414260864,0.8664325475692749
131,2.3540124893188477,-2.002902030944824,0.2558472752571106,0.25618571043014526,0.0285809263586998,1.8134287595748901,1.8133682012557983,2.2716455844043648e-17,0.21208582818508148,0.7214914560317993,0.11184844374656677,0.06860252469778061,2.2716455844043648e-17,0.7214914560317993,0.11184844374656677,0.06860252469778061,0.0001,0.25,1.0,0.25,0.0,0.0,0.0,0.0,0.0,1.5655827522277832,False,True,25.0,1.0,1.0,1.0,,,,,,,,,,,,,,
132,2.353954792022705,-1.9930052757263184,0.2558826208114624,0.2564559876918793,0.028670024126768112,1.8130271434783936,1.812865138053894,8.435746705493386e-18,0.21513204276561737,0.7216012477874756,0.11155612021684647,0.06895147264003754,8.435746705493386e-18,0.7216012477874756,0.11155612021684647,0.06895147264003754,0.0001,0.25,1.0,0.25,0.0,0.0,0.0,0.0,0.0,1.5585668087005615,False,True,25.0,1.0,1.0,1.0,,,,,,,,,,,,,,
133,2.3540589809417725,-2.0087945461273193,0.25747615098953247,0.258041650056839,0.028551999479532242,1.8101966381072998,1.809781551361084,1.2666047619763076e-17,0.21359533071517944,0.7202346920967102,0.11185461282730103,0.06822795420885086,1.2666047619763076e-17,0.7202346920967102,0.11185461282730103,0.06822795420885086,0.0001,0.25,1.0,0.25,0.0,0.0,0.0,0.0,0.0,1.5698660612106323,False,True,25.0,1.0,1.0,1.0,,,,,,,,,,,,,,
134,2.355724811553955,-2.024132251739502,0.2560081481933594,0.2565809488296509,0.028665991500020027,1.8147642612457275,1.8141751289367676,2.2322999113876675e-17,0.21640561521053314,0.7207525372505188,0.11172698438167572,0.06952148675918579,2.2322999113876675e-17,0.7207525372505188,0.11172698438167572,0.06952148675918579,0.0001,0.25,1.0,0.25,0.0,0.0,0.0,0.0,0.0,1.575139045715332,False,True,25.0,1.0,1.0,1.0,,,,,,,,,,,,,,
135,2.352010726928711,-2.0410642623901367,0.25866270065307617,0.25977906584739685,0.02795107662677765,1.806276798248291,1.8049590587615967,1.0576846645624632e-17,0.21183709800243378,0.7200109362602234,0.11166040599346161,0.0687621533870697,1.0576846645624632e-17,0.7200109362602234,0.11166040599346161,0.0687621533870697,0.0001,0.25,1.0,0.25,0.0,0.0,0.0,0.0,0.0,1.5871784687042236,False,True,25.0,1.0,1.0,1.0,,,,,,,,,,,,,,
136,2.351238250732422,-2.0342109203338623,0.2574114203453064,0.2580217719078064,0.028118111193180084,1.8073168992996216,1.8080573081970215,3.5208969243099225e-17,0.21377252042293549,0.7211095690727234,0.11197472363710403,0.06722352653741837,3.5208969243099225e-17,0.7211095690727234,0.11197472363710403,0.06722352653741837,0.0001,0.25,1.0,0.25,0.0,0.0,0.0,0.0,0.0,1.5879836082458496,False,True,25.0,1.0,1.0,1.0,,,,,,,,,,,,,,
137,2.350611686706543,-2.064438819885254,0.2579249441623688,0.2586851418018341,0.028079671785235405,1.8062797784805298,1.8055638074874878,5.10074431363016e-18,0.20961441099643707,0.7205789685249329,0.112049400806427,0.06741459667682648,5.10074431363016e-18,0.7205789685249329,0.112049400806427,0.06741459667682648,0.0001,0.25,1.0,0.25,0.0,0.0,0.0,0.0,0.0,1.6038073301315308,False,True,25.0,1.0,1.0,1.0,,,,,,,,,,,,,,
138,2.3530209064483643,-2.069838047027588,0.25549188256263733,0.2568723261356354,0.027997514232993126,1.813315510749817,1.8120031356811523,4.896177667780182e-17,0.20939049124717712,0.7201952338218689,0.11162092536687851,0.0675191879272461,4.896177667780182e-17,0.7201952338218689,0.11162092536687851,0.0675191879272461,0.0001,0.25,1.0,0.25,0.0,0.0,0.0,0.0,0.0,1.6152472496032715,False,True,25.0,1.0,1.0,1.0,,,,,,,,,,,,,,
139,2.352449655532837,-2.0875802040100098,0.25707751512527466,0.2577512562274933,0.02815921977162361,1.8094249963760376,1.8094983100891113,7.261557208529463e-18,0.21013344824314117,0.7198429703712463,0.1117793619632721,0.06703200936317444,7.261557208529463e-18,0.7198429703712463,0.1117793619632721,0.06703200936317444,0.0001,0.25,1.0,0.25,0.0,0.0,0.0,0.0,0.0,1.6132686138153076,False,True,25.0,1.0,1.0,1.0,,,,,,,,,,,,,,
140,2.352457046508789,-2.1003501415252686,0.2585716247558594,0.25966769456863403,0.027449635788798332,1.8072028160095215,1.8063336610794067,1.2582308817631883e-17,0.2094600349664688,0.7190394401550293,0.1111711859703064,0.06594620645046234,1.1259615159193408e-17,0.7180922031402588,0.11132681369781494,0.05573728680610657,0.0001,0.25,1.0,0.25,0.0,0.0,0.0,0.0,0.0,1.6242562532424927,False,True,25.0,1.0,1.0,1.0,0.7822787761688232,0.7822787761688232,0.21772122383117676,8.588594436645508,0.0,0.8991447687149048,4.049130439758301,-0.0,1.5625427961349487,0.7823206782341003,1.1259615159193408e-17,0.7823206782341003,0.11463611572980881,0.9104435443878174
141,2.350116729736328,-2.1116862297058105,0.26088643074035645,0.26111096143722534,0.027661575004458427,1.8002110719680786,1.8007044792175293,1.0033386501635456e-17,0.210384339094162,0.719505786895752,0.1110568419098854,0.06617921590805054,1.0033386501635456e-17,0.719505786895752,0.1110568419098854,0.06617921590805054,0.0001,0.25,1.0,0.25,0.0,0.0,0.0,0.0,0.0,1.6205600500106812,False,True,25.0,1.0,1.0,1.0,,,,,,,,,,,,,,
142,2.352646827697754,-2.1381518840789795,0.25890451669692993,0.2586505711078644,0.027187535539269447,1.8068901300430298,1.8089183568954468,6.659885883293092e-17,0.2060610055923462,0.7198395133018494,0.11139856278896332,0.06669695675373077,6.659885883293092e-17,0.7198395133018494,0.11139856278896332,0.06669695675373077,0.0001,0.25,1.0,0.25,0.0,0.0,0.0,0.0,0.0,1.6329740285873413,False,True,25.0,1.0,1.0,1.0,,,,,,,,,,,,,,
143,2.351491928100586,-2.139719009399414,0.2590043246746063,0.2581416964530945,0.027723759412765503,1.8050035238265991,1.8082404136657715,1.4405452938006934e-17,0.2044345587491989,0.7188511490821838,0.1109967976808548,0.06457103788852692,1.4405452938006934e-17,0.7188511490821838,0.1109967976808548,0.06457103788852692,0.0001,0.25,1.0,0.25,0.0,0.0,0.0,0.0,0.0,1.642467975616455,False,True,25.0,1.0,1.0,1.0,,,,,,,,,,,,,,
144,2.3516249656677246,-2.1536288261413574,0.2584475576877594,0.2576617896556854,0.027125677093863487,1.8072185516357422,1.8095613718032837,1.5462179479265877e-17,0.2079615443944931,0.7183834910392761,0.11102788150310516,0.06643994897603989,1.5462179479265877e-17,0.7183834910392761,0.11102788150310516,0.06643994897603989,0.0001,0.25,1.0,0.25,0.0,0.0,0.0,0.0,0.0,1.6414732933044434,False,True,25.0,1.0,1.0,1.0,,,,,,,,,,,,,,
145,2.350025177001953,-2.1582553386688232,0.25908100605010986,0.25907081365585327,0.027444567531347275,1.8037205934524536,1.805136799812317,7.650704327705035e-18,0.20688684284687042,0.7181398272514343,0.11094190180301666,0.06421349942684174,7.650704327705035e-18,0.7181398272514343,0.11094190180301666,0.06421349942684174,0.0001,0.25,1.0,0.25,0.0,0.0,0.0,0.0,0.0,1.651729941368103,False,True,25.0,1.0,1.0,1.0,,,,,,,,,,,,,,
146,2.351253032684326,-2.1640191078186035,0.2561628520488739,0.256005197763443,0.027399787679314613,1.8113412857055664,1.8120290040969849,2.3849180431261513e-17,0.20686431229114532,0.7177265286445618,0.11038190871477127,0.06617290526628494,2.3849180431261513e-17,0.7177265286445618,0.11038190871477127,0.06617290526628494,0.0001,0.25,1.0,0.25,0.0,0.0,0.0,0.0,0.0,1.6548014879226685,False,True,25.0,1.0,1.0,1.0,,,,,,,,,,,,,,
147,2.3483598232269287,-2.1852316856384277,0.2588503658771515,0.2589185833930969,0.026801979169249535,1.8033443689346313,1.8042333126068115,8.237451660329724e-18,0.20893876254558563,0.7176879048347473,0.11049583554267883,0.06505115330219269,8.237451660329724e-18,0.7176879048347473,0.11049583554267883,0.06505115330219269,0.0001,0.25,1.0,0.25,0.0,0.0,0.0,0.0,0.0,1.6557655334472656,False,True,25.0,1.0,1.0,1.0,,,,,,,,,,,,,,
148,2.352280616760254,-2.2082314491271973,0.2574853301048279,0.25782832503318787,0.027104754000902176,1.8098843097686768,1.8098403215408325,1.3476141989583209e-17,0.20522835850715637,0.7171452641487122,0.10992905497550964,0.0654071643948555,1.3476141989583209e-17,0.7171452641487122,0.10992905497550964,0.0654071643948555,0.0001,0.25,1.0,0.25,0.0,0.0,0.0,0.0,0.0,1.6720260381698608,False,True,25.0,1.0,1.0,1.0,,,,,,,,,,,,,,
149,2.3496718406677246,-2.221628427505493,0.2601984739303589,0.2601688802242279,0.026779601350426674,1.8022466897964478,1.8028028011322021,7.587466369875356e-18,0.2076558768749237,0.7171603441238403,0.11051121354103088,0.06456133723258972,7.587466369875356e-18,0.7171603441238403,0.11051121354103088,0.06456133723258972,0.0001,0.25,1.0,0.25,0.0,0.0,0.0,0.0,0.0,1.675894021987915,False,True,25.0,1.0,1.0,1.0,,,,,,,,,,,,,,
150,2.353203058242798,-2.2377207279205322,0.26125672459602356,0.2616301476955414,0.027208765968680382,1.8030275106430054,1.803187608718872,5.558780771298434e-17,0.20103809237480164,0.7163443565368652,0.11011907458305359,0.06539661437273026,8.110735929320863e-18,0.7155591249465942,0.11026021838188171,0.053898800164461136,0.0001,0.25,1.0,0.25,0.0,0.0,0.0,0.0,0.0,1.6708847284317017,False,True,25.0,1.0,1.0,1.0,0.7840710282325745,0.7840710282325745,0.21592897176742554,8.597808837890625,0.0,0.9031808376312256,4.039388179779053,-0.0,1.5481374263763428,0.7824150323867798,8.110735929320863e-18,0.7824150323867798,0.10852816700935364,0.944693386554718
151,2.352999687194824,-2.2475316524505615,0.26177600026130676,0.2623177468776703,0.027285031974315643,1.8015930652618408,1.8016489744186401,1.313471491994582e-16,0.19981852173805237,0.7165380716323853,0.11044907569885254,0.06415513157844543,1.313471491994582e-16,0.7165380716323853,0.11044907569885254,0.06415513157844543,0.0001,0.25,1.0,0.25,0.0,0.0,0.0,0.0,0.0,1.6805927753448486,False,True,25.0,1.0,1.0,1.0,,,,,,,,,,,,,,
152,2.3498878479003906,-2.2340500354766846,0.25952476263046265,0.2603410482406616,0.026303766295313835,1.8042749166488647,1.803161859512329,1.0529710751035033e-16,0.20020587742328644,0.7158535122871399,0.11004636436700821,0.06498702615499496,1.0529710751035033e-16,0.7158535122871399,0.11004636436700821,0.06498702615499496,0.0001,0.25,1.0,0.25,0.0,0.0,0.0,0.0,0.0,1.683690071105957,False,True,25.0,1.0,1.0,1.0,,,,,,,,,,,,,,
153,2.3497283458709717,-2.239661455154419,0.25980278849601746,0.26030051708221436,0.027221592143177986,1.8024134635925293,1.8023935556411743,1.0067267819525628e-17,0.1983339935541153,0.7156830430030823,0.11011285334825516,0.06595976650714874,1.0067267819525628e-17,0.7156830430030823,0.11011285334825516,0.06595976650714874,0.0001,0.25,1.0,0.25,0.0,0.0,0.0,0.0,0.0,1.7040621042251587,False,True,25.0,1.0,1.0,1.0,,,,,,,,,,,,,,
154,2.350586414337158,-2.2607526779174805,0.2594841718673706,0.2601392865180969,0.02685672417283058,1.8043323755264282,1.803879976272583,2.924978474797735e-17,0.19550207257270813,0.7163934707641602,0.11075365543365479,0.06277718394994736,2.924978474797735e-17,0.7163934707641602,0.11075365543365479,0.06277718394994736,0.0001,0.25,1.0,0.25,0.0,0.0,0.0,0.0,0.0,1.7160248756408691,False,True,25.0,1.0,1.0,1.0,,,,,,,,,,,,,,
155,2.347090005874634,-2.285344362258911,0.25872164964675903,0.2596206068992615,0.02639261819422245,1.8029484748840332,1.801761507987976,1.144703155104368e-17,0.19376952946186066,0.715742290019989,0.11048330366611481,0.062352508306503296,1.144703155104368e-17,0.715742290019989,0.11048330366611481,0.062352508306503296,0.0001,0.25,1.0,0.25,0.0,0.0,0.0,0.0,0.0,1.7122145891189575,False,True,25.0,1.0,1.0,1.0,,,,,,,,,,,,,,
156,2.3515255451202393,-2.3010082244873047,0.258952796459198,0.2600615322589874,0.026029573753476143,1.8072210550308228,1.8057421445846558,6.110351338475632e-18,0.19902481138706207,0.7152140140533447,0.11015854775905609,0.06467866152524948,6.110351338475632e-18,0.7152140140533447,0.11015854775905609,0.06467866152524948,0.0001,0.25,1.0,0.25,0.0,0.0,0.0,0.0,0.0,1.7092245817184448,False,True,25.0,1.0,1.0,1.0,,,,,,,,,,,,,,
157,2.35215163230896,-2.309741497039795,0.2606399953365326,0.26126009225845337,0.02656807191669941,1.8041787147521973,1.8031883239746094,1.875400014802169e-18,0.19918213784694672,0.7154048681259155,0.10961917787790298,0.06463021039962769,1.875400014802169e-18,0.7154048681259155,0.10961917787790298,0.06463021039962769,0.0001,0.25,1.0,0.25,0.0,0.0,0.0,0.0,0.0,1.7317296266555786,False,True,25.0,1.0,1.0,1.0,,,,,,,,,,,,,,
158,2.347294807434082,-2.3102476596832275,0.26026976108551025,0.26041343808174133,0.026198143139481544,1.8000303506851196,1.8007968664169312,1.8470230048621087e-17,0.20208178460597992,0.7157018184661865,0.1095641553401947,0.06439324468374252,1.8470230048621087e-17,0.7157018184661865,0.1095641553401947,0.06439324468374252,0.0001,0.25,1.0,0.25,0.0,0.0,0.0,0.0,0.0,1.7227915525436401,False,True,25.0,1.0,1.0,1.0,,,,,,,,,,,,,,
159,2.349325656890869,-2.318385124206543,0.26216110587120056,0.26309892535209656,0.026417788118124008,1.797860860824585,1.7974351644515991,1.7373820344655525e-17,0.20163123309612274,0.7155677676200867,0.11051488667726517,0.06435288488864899,1.7373820344655525e-17,0.7155677676200867,0.11051488667726517,0.06435288488864899,0.0001,0.25,1.0,0.25,0.0,0.0,0.0,0.0,0.0,1.741701602935791,False,True,25.0,1.0,1.0,1.0,,,,,,,,,,,,,,
160,2.3451173305511475,-2.334641218185425,0.2612975239753723,0.26154977083206177,0.025834521278738976,1.7961353063583374,1.7967358827590942,4.259810582622519e-18,0.19788385927677155,0.7143318057060242,0.10991214215755463,0.06264923512935638,6.914325859013286e-18,0.713650643825531,0.10999969393014908,0.052709437906742096,0.0001,0.25,1.0,0.25,0.0,0.0,0.0,0.0,0.0,1.7373591661453247,False,True,25.0,1.0,1.0,1.0,0.7835980653762817,0.7835980653762817,0.21640193462371826,8.607608795166016,0.0,0.8982798457145691,4.041609764099121,-0.0,1.5685744285583496,0.78261399269104,6.914325859013286e-18,0.78261399269104,0.10162241756916046,0.9838519096374512
161,2.348571300506592,-2.3470160961151123,0.26109522581100464,0.26150864362716675,0.02599276974797249,1.7998520135879517,1.8000972270965576,5.966129503544868e-18,0.1963869035243988,0.7155413031578064,0.10950478166341782,0.06338086724281311,5.966129503544868e-18,0.7155413031578064,0.10950478166341782,0.06338086724281311,0.0001,0.25,1.0,0.25,0.0,0.0,0.0,0.0,0.0,1.752878189086914,False,True,25.0,1.0,1.0,1.0,,,,,,,,,,,,,,
162,2.34995174407959,-2.362995147705078,0.2619315981864929,0.2620023787021637,0.026476604864001274,1.7987772226333618,1.8003052473068237,2.9683715425516545e-18,0.19617831707000732,0.7134119868278503,0.10980646312236786,0.06303366273641586,2.9683715425516545e-18,0.7134119868278503,0.10980646312236786,0.06303366273641586,0.0001,0.25,1.0,0.25,0.0,0.0,0.0,0.0,0.0,1.7422082424163818,False,True,25.0,1.0,1.0,1.0,,,,,,,,,,,,,,
163,2.3470449447631836,-2.3768508434295654,0.26375675201416016,0.26397401094436646,0.0262227151542902,1.792712926864624,1.7934702634811401,4.581513116963274e-18,0.19641777873039246,0.7146434187889099,0.11043291538953781,0.061538293957710266,4.581513116963274e-18,0.7146434187889099,0.11043291538953781,0.061538293957710266,0.0001,0.25,1.0,0.25,0.0,0.0,0.0,0.0,0.0,1.7724186182022095,False,True,25.0,1.0,1.0,1.0,,,,,,,,,,,,,,
164,2.345881223678589,-2.3851730823516846,0.26037219166755676,0.2601221799850464,0.025591477751731873,1.7990751266479492,1.8005155324935913,1.562155567660892e-17,0.19788679480552673,0.7139891386032104,0.11026739329099655,0.06347431987524033,1.562155567660892e-17,0.7139891386032104,0.11026739329099655,0.06347431987524033,0.0001,0.25,1.0,0.25,0.0,0.0,0.0,0.0,0.0,1.7562685012817383,False,True,25.0,1.0,1.0,1.0,,,,,,,,,,,,,,
165,2.3504507541656494,-2.4036917686462402,0.2625887095928192,0.2626414895057678,0.026177579537034035,1.7987524271011353,1.7993334531784058,6.046740322189692e-18,0.19486093521118164,0.7136110663414001,0.10961704701185226,0.061601754277944565,6.046740322189692e-18,0.7136110663414001,0.10961704701185226,0.061601754277944565,0.0001,0.25,1.0,0.25,0.0,0.0,0.0,0.0,0.0,1.780397653579712,False,True,25.0,1.0,1.0,1.0,,,,,,,,,,,,,,
166,2.3509387969970703,-2.418116331100464,0.2627701163291931,0.2630820870399475,0.026746716350317,1.7985039949417114,1.798175573348999,2.3821277974838874e-17,0.19425763189792633,0.7133851647377014,0.10932469367980957,0.06235593557357788,2.3821277974838874e-17,0.7133851647377014,0.10932469367980957,0.06235593557357788,0.0001,0.25,1.0,0.25,0.0,0.0,0.0,0.0,0.0,1.7788419723510742,False,True,25.0,1.0,1.0,1.0,,,,,,,,,,,,,,
167,2.347435712814331,-2.4117987155914307,0.25995391607284546,0.26075834035873413,0.026064200326800346,1.8011467456817627,1.8001714944839478,5.1205619894637664e-17,0.1954587697982788,0.7129960060119629,0.10961010307073593,0.06242964416742325,5.1205619894637664e-17,0.7129960060119629,0.10961010307073593,0.06242964416742325,0.0001,0.25,1.0,0.25,0.0,0.0,0.0,0.0,0.0,1.7846559286117554,False,True,25.0,1.0,1.0,1.0,,,,,,,,,,,,,,
168,2.349579095840454,-2.417233467102051,0.26308655738830566,0.2635062634944916,0.025999024510383606,1.7968037128448486,1.7971707582473755,3.317733342214957e-18,0.19331584870815277,0.7128809094429016,0.11007512360811234,0.06259378045797348,3.317733342214957e-18,0.7128809094429016,0.11007512360811234,0.06259378045797348,0.0001,0.25,1.0,0.25,0.0,0.0,0.0,0.0,0.0,1.8007603883743286,False,True,25.0,1.0,1.0,1.0,,,,,,,,,,,,,,
169,2.349595785140991,-2.4335081577301025,0.26535511016845703,0.2659699022769928,0.02550129033625126,1.7930365800857544,1.7925024032592773,1.2897797157620833e-17,0.19323012232780457,0.713765025138855,0.10996599495410919,0.06126532703638077,1.2897797157620833e-17,0.713765025138855,0.10996599495410919,0.06126532703638077,0.0001,0.25,1.0,0.25,0.0,0.0,0.0,0.0,0.0,1.8021577596664429,False,True,25.0,1.0,1.0,1.0,,,,,,,,,,,,,,
170,2.344756603240967,-2.4379053115844727,0.2627962529659271,0.2631036341190338,0.024991869926452637,1.7939013242721558,1.7938286066055298,5.381309088157121e-18,0.19236455857753754,0.7130338549613953,0.10928623378276825,0.06282749027013779,4.481219709372949e-18,0.7120429873466492,0.1091841459274292,0.051386553794145584,0.0001,0.25,1.0,0.25,0.0,0.0,0.0,0.0,0.0,1.8003636598587036,False,True,25.0,1.0,1.0,1.0,0.7834453582763672,0.7834453582763672,0.2165546417236328,8.579646110534668,0.0,0.8990486860275269,4.038294315338135,-0.0,1.560640811920166,0.782718300819397,4.481219709372949e-18,0.782718300819397,0.09679372608661652,1.0113930702209473
171,2.3474345207214355,-2.4657723903656006,0.2615370750427246,0.26201528310775757,0.02560747042298317,1.798612356185913,1.7979371547698975,1.2003122742986541e-17,0.1897253692150116,0.7128461003303528,0.10922200232744217,0.06152971088886261,1.2003122742986541e-17,0.7128461003303528,0.10922200232744217,0.06152971088886261,0.0001,0.25,1.0,0.25,0.0,0.0,0.0,0.0,0.0,1.8114674091339111,False,True,25.0,1.0,1.0,1.0,,,,,,,,,,,,,,
172,2.344331741333008,-2.482102155685425,0.2633577883243561,0.26322394609451294,0.02506837248802185,1.7920061349868774,1.7933567762374878,3.057532513598133e-17,0.1858702003955841,0.7124898433685303,0.109027199447155,0.06028662249445915,3.057532513598133e-17,0.7124898433685303,0.109027199447155,0.06028662249445915,0.0001,0.25,1.0,0.25,0.0,0.0,0.0,0.0,0.0,1.800713300704956,False,True,25.0,1.0,1.0,1.0,,,,,,,,,,,,,,
173,2.3473000526428223,-2.486302375793457,0.2603425085544586,0.26038098335266113,0.025219416245818138,1.8008548021316528,1.8018592596054077,4.429409574283859e-17,0.19085727632045746,0.7122985124588013,0.10879185050725937,0.06232146546244621,4.429409574283859e-17,0.7122985124588013,0.10879185050725937,0.06232146546244621,0.0001,0.25,1.0,0.25,0.0,0.0,0.0,0.0,0.0,1.8029359579086304,False,True,25.0,1.0,1.0,1.0,,,,,,,,,,,,,,
174,2.345667839050293,-2.5175986289978027,0.26334282755851746,0.26302430033683777,0.02513587661087513,1.7930474281311035,1.7952821254730225,4.7762330875194815e-18,0.18636299669742584,0.7124712467193604,0.10870397090911865,0.061987027525901794,4.7762330875194815e-18,0.7124712467193604,0.10870397090911865,0.061987027525901794,0.0001,0.25,1.0,0.25,0.0,0.0,0.0,0.0,0.0,1.7972097396850586,False,True,25.0,1.0,1.0,1.0,,,,,,,,,,,,,,
175,2.346532106399536,-2.5087497234344482,0.2639693319797516,0.2632941007614136,0.025128809735178947,1.7929126024246216,1.7953671216964722,4.388920654942552e-18,0.19281736016273499,0.7131067514419556,0.10959722101688385,0.061930522322654724,4.388920654942552e-18,0.7131067514419556,0.10959722101688385,0.061930522322654724,0.0001,0.25,1.0,0.25,0.0,0.0,0.0,0.0,0.0,1.804740309715271,False,True,25.0,1.0,1.0,1.0,,,,,,,,,,,,,,
176,2.346536636352539,-2.513275384902954,0.26508828997612,0.26566097140312195,0.02498004212975502,1.7906237840652466,1.7909907102584839,1.67873013138799e-17,0.18785031139850616,0.7125123739242554,0.10847136378288269,0.06091266870498657,1.67873013138799e-17,0.7125123739242554,0.10847136378288269,0.06091266870498657,0.0001,0.25,1.0,0.25,0.0,0.0,0.0,0.0,0.0,1.8260446786880493,False,True,25.0,1.0,1.0,1.0,,,,,,,,,,,,,,
177,2.345776319503784,-2.5274295806884766,0.2663339376449585,0.26659852266311646,0.0245968084782362,1.7882229089736938,1.788271427154541,3.594717665460482e-18,0.18916000425815582,0.7120436429977417,0.10907644778490067,0.0599944181740284,3.594717665460482e-18,0.7120436429977417,0.10907644778490067,0.0599944181740284,0.0001,0.25,1.0,0.25,0.0,0.0,0.0,0.0,0.0,1.8138316869735718,False,True,25.0,1.0,1.0,1.0,,,,,,,,,,,,,,
178,2.3470869064331055,-2.5370752811431885,0.2647271156311035,0.26558709144592285,0.024850882589817047,1.7925618886947632,1.7912817001342773,3.925919541955796e-18,0.1867903769016266,0.7121450304985046,0.10878575593233109,0.059917353093624115,3.925919541955796e-18,0.7121450304985046,0.10878575593233109,0.059917353093624115,0.0001,0.25,1.0,0.25,0.0,0.0,0.0,0.0,0.0,1.8268358707427979,False,True,25.0,1.0,1.0,1.0,,,,,,,,,,,,,,
179,2.3460066318511963,-2.546062707901001,0.26219263672828674,0.263109028339386,0.024787604808807373,1.7960261106491089,1.7958083152770996,5.408052664541573e-18,0.18666528165340424,0.7124983072280884,0.1087491512298584,0.060565490275621414,5.408052664541573e-18,0.7124983072280884,0.1087491512298584,0.060565490275621414,0.0001,0.25,1.0,0.25,0.0,0.0,0.0,0.0,0.0,1.8153057098388672,False,True,25.0,1.0,1.0,1.0,,,,,,,,,,,,,,
180,2.3471269607543945,-2.568694829940796,0.26099440455436707,0.26217618584632874,0.025071190670132637,1.7998420000076294,1.7979282140731812,2.2734703448356568e-18,0.18947717547416687,0.7120122313499451,0.10881619900465012,0.0609053373336792,1.6564916820896319e-18,0.7104790210723877,0.10851620137691498,0.05001922696828842,0.0001,0.25,1.0,0.25,0.0,0.0,0.0,0.0,0.0,1.8208564519882202,False,True,25.0,1.0,1.0,1.0,0.7847607731819153,0.7847607731819153,0.21523922681808472,8.606304168701172,0.0,0.9041898846626282,4.033385276794434,-0.0,1.5365409851074219,0.7828682065010071,1.6564916820896319e-18,0.7828682065010071,0.09376044571399689,1.0250836610794067
181,2.3460142612457275,-2.5905325412750244,0.2635984718799591,0.2643936276435852,0.024527734145522118,1.7937358617782593,1.7932530641555786,7.342629180365785e-18,0.19149816036224365,0.7109931707382202,0.10880059748888016,0.0607895664870739,7.342629180365785e-18,0.7109931707382202,0.10880059748888016,0.0607895664870739,0.0001,0.25,1.0,0.25,0.0,0.0,0.0,0.0,0.0,1.8312195539474487,False,True,25.0,1.0,1.0,1.0,,,,,,,,,,,,,,
182,2.3458402156829834,-2.5722033977508545,0.2622096538543701,0.262849360704422,0.024743719026446342,1.7961509227752686,1.7959239482879639,5.074379585966257e-18,0.19216087460517883,0.7109981179237366,0.10850384086370468,0.061610717326402664,5.074379585966257e-18,0.7109981179237366,0.10850384086370468,0.061610717326402664,0.0001,0.25,1.0,0.25,0.0,0.0,0.0,0.0,0.0,1.830486536026001,False,True,25.0,1.0,1.0,1.0,,,,,,,,,,,,,,
183,2.346658229827881,-2.601679801940918,0.26157212257385254,0.2624671161174774,0.024666575714945793,1.798215389251709,1.7976891994476318,3.0049134868821033e-18,0.19002872705459595,0.7106337547302246,0.1086534932255745,0.060103099793195724,3.0049134868821033e-18,0.7106337547302246,0.1086534932255745,0.060103099793195724,0.0001,0.25,1.0,0.25,0.0,0.0,0.0,0.0,0.0,1.8323107957839966,False,True,25.0,1.0,1.0,1.0,,,,,,,,,,,,,,
184,2.3486108779907227,-2.6243441104888916,0.26505419611930847,0.26519137620925903,0.025268536061048508,1.7929545640945435,1.7932391166687012,5.7132951318731345e-18,0.18821416795253754,0.7105005979537964,0.10892326384782791,0.06087109446525574,5.7132951318731345e-18,0.7105005979537964,0.10892326384782791,0.06087109446525574,0.0001,0.25,1.0,0.25,0.0,0.0,0.0,0.0,0.0,1.8290623426437378,False,True,25.0,1.0,1.0,1.0,,,,,,,,,,,,,,
185,2.347693920135498,-2.6301841735839844,0.26783061027526855,0.2679094076156616,0.025011764839291573,1.786761999130249,1.7871218919754028,2.664400865411893e-18,0.1880308836698532,0.7116156816482544,0.1087314635515213,0.05994094908237457,2.664400865411893e-18,0.7116156816482544,0.1087314635515213,0.05994094908237457,0.0001,0.25,1.0,0.25,0.0,0.0,0.0,0.0,0.0,1.8282512426376343,False,True,25.0,1.0,1.0,1.0,,,,,,,,,,,,,,
186,2.344740390777588,-2.633655309677124,0.2666645348072052,0.26653093099594116,0.024175794795155525,1.7867491245269775,1.7879890203475952,2.529677131864769e-18,0.1851889044046402,0.7107165455818176,0.10879356414079666,0.060456760227680206,2.529677131864769e-18,0.7107165455818176,0.10879356414079666,0.060456760227680206,0.0001,0.25,1.0,0.25,0.0,0.0,0.0,0.0,0.0,1.831661581993103,False,True,25.0,1.0,1.0,1.0,,,,,,,,,,,,,,
187,2.347414493560791,-2.649435520172119,0.2675466537475586,0.2672951817512512,0.02552112005650997,1.7863353490829468,1.787767767906189,3.833651680528568e-18,0.18243761360645294,0.7110736966133118,0.10844005644321442,0.059678900986909866,3.833651680528568e-18,0.7110736966133118,0.10844005644321442,0.059678900986909866,0.0001,0.25,1.0,0.25,0.0,0.0,0.0,0.0,0.0,1.8178112506866455,False,True,25.0,1.0,1.0,1.0,,,,,,,,,,,,,,
188,2.3488080501556396,-2.6663765907287598,0.2682287096977234,0.26779705286026,0.02464626356959343,1.7874809503555298,1.7887910604476929,2.2330611243463694e-18,0.17977367341518402,0.7109544277191162,0.10897042602300644,0.05777132511138916,2.2330611243463694e-18,0.7109544277191162,0.10897042602300644,0.05777132511138916,0.0001,0.25,1.0,0.25,0.0,0.0,0.0,0.0,0.0,1.8318923711776733,False,True,25.0,1.0,1.0,1.0,,,,,,,,,,,,,,
189,2.347090244293213,-2.6765310764312744,0.26597481966018677,0.2656940221786499,0.02450926974415779,1.7901664972305298,1.7916579246520996,3.359646583853019e-18,0.18078504502773285,0.7098214030265808,0.1079527959227562,0.058612219989299774,3.359646583853019e-18,0.7098214030265808,0.1079527959227562,0.058612219989299774,0.0001,0.25,1.0,0.25,0.0,0.0,0.0,0.0,0.0,1.820839285850525,False,True,25.0,1.0,1.0,1.0,,,,,,,,,,,,,,
190,2.346658229827881,-2.68070125579834,0.26604846119880676,0.2657568156719208,0.02417363040149212,1.7903728485107422,1.7909859418869019,3.7917309942649934e-18,0.1786244511604309,0.709201455116272,0.10829341411590576,0.058419257402420044,6.8405554039899315e-19,0.7089471220970154,0.10785284638404846,0.04888824373483658,0.0001,0.25,1.0,0.25,0.0,0.0,0.0,0.0,0.0,1.8426860570907593,False,True,25.0,1.0,1.0,1.0,0.7842604517936707,0.7842604517936707,0.21573954820632935,8.653368949890137,0.0,0.9113972783088684,4.019908905029297,-0.0,1.5222011804580688,0.782990038394928,6.8405554039899315e-19,0.7829900979995728,0.09068858623504639,1.0380308628082275
191,2.347470760345459,-2.685218572616577,0.2635256052017212,0.2642569839954376,0.024417400360107422,1.7954837083816528,1.795058250427246,1.609545613493698e-18,0.17980022728443146,0.7099111080169678,0.10795608907938004,0.058586034923791885,1.609545613493698e-18,0.7099111080169678,0.10795608907938004,0.058586034923791885,0.0001,0.25,1.0,0.25,0.0,0.0,0.0,0.0,0.0,1.8462482690811157,False,True,25.0,1.0,1.0,1.0,,,,,,,,,,,,,,
192,2.34914493560791,-2.707287311553955,0.2659582495689392,0.26618197560310364,0.023910019546747208,1.7929519414901733,1.7932374477386475,1.3070365644963177e-18,0.18402695655822754,0.7102037072181702,0.10756676644086838,0.05986442044377327,1.3070365644963177e-18,0.7102037072181702,0.10756676644086838,0.05986442044377327,0.0001,0.25,1.0,0.25,0.0,0.0,0.0,0.0,0.0,1.849440574645996,False,True,25.0,1.0,1.0,1.0,,,,,,,,,,,,,,
193,2.34519362449646,-2.726306676864624,0.26740872859954834,0.26803046464920044,0.02407839149236679,1.7860655784606934,1.7852866649627686,1.8652149399198037e-18,0.18347690999507904,0.7098971605300903,0.10798145830631256,0.05949784815311432,1.8652149399198037e-18,0.7098971605300903,0.10798145830631256,0.05949784815311432,0.0001,0.25,1.0,0.25,0.0,0.0,0.0,0.0,0.0,1.8437942266464233,False,True,25.0,1.0,1.0,1.0,,,,,,,,,,,,,,
194,2.3459784984588623,-2.734586715698242,0.26783642172813416,0.26768094301223755,0.023933008313179016,1.7859585285186768,1.787097692489624,1.304429187807974e-18,0.1856231838464737,0.7105503678321838,0.10788331925868988,0.05871599540114403,1.304429187807974e-18,0.7105503678321838,0.10788331925868988,0.05871599540114403,0.0001,0.25,1.0,0.25,0.0,0.0,0.0,0.0,0.0,1.837577223777771,False,True,25.0,1.0,1.0,1.0,,,,,,,,,,,,,,
195,2.346062183380127,-2.746731758117676,0.2668290138244629,0.26697349548339844,0.023594850674271584,1.7884749174118042,1.7888544797897339,2.0572695277472125e-18,0.18423734605312347,0.7100628614425659,0.10824534296989441,0.05887650325894356,2.0572695277472125e-18,0.7100628614425659,0.10824534296989441,0.05887650325894356,0.0001,0.25,1.0,0.25,0.0,0.0,0.0,0.0,0.0,1.8432698249816895,False,True,25.0,1.0,1.0,1.0,,,,,,,,,,,,,,
196,2.346094846725464,-2.7572996616363525,0.27005380392074585,0.2705278992652893,0.024177122861146927,1.7814947366714478,1.7811775207519531,1.8576892507067963e-18,0.1811024248600006,0.7093807458877563,0.10767529159784317,0.057678136974573135,1.8576892507067963e-18,0.7093807458877563,0.10767529159784317,0.057678136974573135,0.0001,0.25,1.0,0.25,0.0,0.0,0.0,0.0,0.0,1.8596347570419312,False,True,25.0,1.0,1.0,1.0,,,,,,,,,,,,,,
197,2.3461902141571045,-2.7684338092803955,0.26556313037872314,0.2666309177875519,0.02414463832974434,1.7905240058898926,1.7891790866851807,4.728622225822154e-18,0.18210579454898834,0.709481418132782,0.10804520547389984,0.05877199396491051,4.728622225822154e-18,0.709481418132782,0.10804520547389984,0.05877199396491051,0.0001,0.25,1.0,0.25,0.0,0.0,0.0,0.0,0.0,1.8717737197875977,False,True,25.0,1.0,1.0,1.0,,,,,,,,,,,,,,
198,2.344491958618164,-2.7610573768615723,0.26328593492507935,0.26423993706703186,0.023707089945673943,1.793866515159607,1.7926515340805054,2.0504742390150894e-18,0.17873314023017883,0.7097461223602295,0.10813760757446289,0.05751115083694458,2.0504742390150894e-18,0.7097461223602295,0.10813760757446289,0.05751115083694458,0.0001,0.25,1.0,0.25,0.0,0.0,0.0,0.0,0.0,1.8498016595840454,False,True,25.0,1.0,1.0,1.0,,,,,,,,,,,,,,
199,2.3460745811462402,-2.789374351501465,0.26473966240882874,0.2656060755252838,0.023937195539474487,1.792177438735962,1.7914060354232788,2.146830027029554e-18,0.17718037962913513,0.7088094353675842,0.10756456851959229,0.05746711790561676,2.146830027029554e-18,0.7088094353675842,0.10756456851959229,0.05746711790561676,0.0001,0.25,1.0,0.25,0.0,0.0,0.0,0.0,0.0,1.8533735275268555,False,True,25.0,1.0,1.0,1.0,,,,,,,,,,,,,,
200,2.3491501808166504,-2.8126184940338135,0.2649294435977936,0.26520803570747375,0.024624628946185112,1.7943469285964966,1.794429063796997,5.958653962156496e-19,0.17871668934822083,0.708084762096405,0.1070270836353302,0.057174745947122574,4.719748698657981e-19,0.7075231075286865,0.10750288516283035,0.0474625900387764,0.0001,0.25,1.0,0.25,0.0,0.0,0.0,0.0,0.0,1.852403998374939,False,True,25.0,1.0,1.0,1.0,0.7837271690368652,0.7837271690368652,0.21627283096313477,8.677886009216309,0.0,0.9149048328399658,4.013929843902588,-0.0,1.5012303590774536,0.7831524610519409,4.719748698657981e-19,0.7831524610519409,0.08775069564580917,1.0485360622406006
201,2.3446784019470215,-2.818363666534424,0.2668353319168091,0.26712915301322937,0.023962397128343582,1.786942958831787,1.786560297012329,1.5436671917511732e-18,0.17883577942848206,0.7081862092018127,0.10738987475633621,0.057521265000104904,1.5436671917511732e-18,0.7081862092018127,0.10738987475633621,0.057521265000104904,0.0001,0.25,1.0,0.25,0.0,0.0,0.0,0.0,0.0,1.8423181772232056,False,True,25.0,1.0,1.0,1.0,,,,,,,,,,,,,,
202,2.347212553024292,-2.821915626525879,0.26938140392303467,0.26943692564964294,0.023286735638976097,1.7849035263061523,1.7853113412857056,1.334572683305172e-18,0.17672710120677948,0.7089808583259583,0.10751520097255707,0.05870010331273079,1.334572683305172e-18,0.7089808583259583,0.10751520097255707,0.05870010331273079,0.0001,0.25,1.0,0.25,0.0,0.0,0.0,0.0,0.0,1.8608424663543701,False,True,25.0,1.0,1.0,1.0,,,,,,,,,,,,,,
203,2.342569589614868,-2.83263897895813,0.26766082644462585,0.2673121690750122,0.02309010922908783,1.7840712070465088,1.7849416732788086,1.1306643905047252e-18,0.17781725525856018,0.7082127332687378,0.10777457058429718,0.0575033538043499,1.1306643905047252e-18,0.7082127332687378,0.10777457058429718,0.0575033538043499,0.0001,0.25,1.0,0.25,0.0,0.0,0.0,0.0,0.0,1.848480463027954,False,True,25.0,1.0,1.0,1.0,,,,,,,,,,,,,,
204,2.346299409866333,-2.859297275543213,0.26767832040786743,0.26773232221603394,0.02318887785077095,1.7874683141708374,1.7879314422607422,9.284791149202263e-19,0.17284199595451355,0.7073822021484375,0.10761672258377075,0.05719669535756111,9.284791149202263e-19,0.7073822021484375,0.10761672258377075,0.05719669535756111,0.0001,0.25,1.0,0.25,0.0,0.0,0.0,0.0,0.0,1.879098653793335,False,True,25.0,1.0,1.0,1.0,,,,,,,,,,,,,,
205,2.3487117290496826,-2.864199161529541,0.2666049003601074,0.2677082419395447,0.02335417829453945,1.7915092706680298,1.7905797958374023,4.303728082884797e-18,0.17376843094825745,0.7075124979019165,0.10775846242904663,0.05804938077926636,4.303728082884797e-18,0.7075124979019165,0.10775846242904663,0.05804938077926636,0.0001,0.25,1.0,0.25,0.0,0.0,0.0,0.0,0.0,1.8548545837402344,False,True,25.0,1.0,1.0,1.0,,,,,,,,,,,,,,
206,2.345457077026367,-2.8819124698638916,0.26811620593070984,0.2686876952648163,0.023054538294672966,1.785740613937378,1.785456895828247,1.0478860484622826e-18,0.17403587698936462,0.7080090045928955,0.10866931825876236,0.05621897056698799,1.0478860484622826e-18,0.7080090045928955,0.10866931825876236,0.05621897056698799,0.0001,0.25,1.0,0.25,0.0,0.0,0.0,0.0,0.0,1.892512559890747,False,True,25.0,1.0,1.0,1.0,,,,,,,,,,,,,,
207,2.3485121726989746,-2.890120267868042,0.26785314083099365,0.26863986253738403,0.02345588058233261,1.7891082763671875,1.7880183458328247,5.1574769095324154e-18,0.1735074669122696,0.7073056101799011,0.1078915148973465,0.05706535652279854,5.1574769095324154e-18,0.7073056101799011,0.1078915148973465,0.05706535652279854,0.0001,0.25,1.0,0.25,0.0,0.0,0.0,0.0,0.0,1.8884239196777344,False,True,25.0,1.0,1.0,1.0,,,,,,,,,,,,,,
208,2.346954584121704,-2.882840394973755,0.2690248489379883,0.26956403255462646,0.02340991422533989,1.7850407361984253,1.784870982170105,3.911100601281908e-18,0.17613399028778076,0.707180380821228,0.10764016211032867,0.057194266468286514,3.911100601281908e-18,0.707180380821228,0.10764016211032867,0.057194266468286514,0.0001,0.25,1.0,0.25,0.0,0.0,0.0,0.0,0.0,1.8797767162322998,False,True,25.0,1.0,1.0,1.0,,,,,,,,,,,,,,
209,2.348104953765869,-2.888340711593628,0.2701468765735626,0.27019307017326355,0.02296273410320282,1.7847508192062378,1.7848535776138306,1.0320009753763908e-18,0.1737775206565857,0.7075292468070984,0.10820730775594711,0.05699428170919418,1.0320009753763908e-18,0.7075292468070984,0.10820730775594711,0.05699428170919418,0.0001,0.25,1.0,0.25,0.0,0.0,0.0,0.0,0.0,1.8729954957962036,False,True,25.0,1.0,1.0,1.0,,,,,,,,,,,,,,
210,2.3438827991485596,-2.9196319580078125,0.26808875799179077,0.2687487006187439,0.02288113534450531,1.7843903303146362,1.7839380502700806,1.9793766178000847e-18,0.16877342760562897,0.7066737413406372,0.10790721327066422,0.05664677172899246,3.805056459967744e-19,0.7063429355621338,0.10772892087697983,0.04579118266701698,0.0001,0.25,1.0,0.25,0.0,0.0,0.0,0.0,0.0,1.8750916719436646,False,True,25.0,1.0,1.0,1.0,0.782833456993103,0.782833456993103,0.21716654300689697,8.707741737365723,0.0,0.9081299304962158,4.017874717712402,-0.0,1.5380014181137085,0.7832334041595459,3.805056459967744e-19,0.7832334041595459,0.08486181497573853,1.0625104904174805
211,2.3444974422454834,-2.919133424758911,0.269090861082077,0.26948273181915283,0.022665776312351227,1.783402919769287,1.78311288356781,1.1795664811382476e-18,0.16870661079883575,0.7076426148414612,0.10753563046455383,0.05523101985454559,1.1795664811382476e-18,0.7076426148414612,0.10753563046455383,0.05523101985454559,0.0001,0.25,1.0,0.25,0.0,0.0,0.0,0.0,0.0,1.8861383199691772,False,True,25.0,1.0,1.0,1.0,,,,,,,,,,,,,,
212,2.3463597297668457,-2.9230308532714844,0.2681543529033661,0.2686651647090912,0.022565584629774094,1.7868733406066895,1.7870758771896362,1.3474498174910913e-18,0.17146964371204376,0.7082966566085815,0.10792592167854309,0.05751442909240723,1.3474498174910913e-18,0.7082966566085815,0.10792592167854309,0.05751442909240723,0.0001,0.25,1.0,0.25,0.0,0.0,0.0,0.0,0.0,1.881553053855896,False,True,25.0,1.0,1.0,1.0,,,,,,,,,,,,,,
213,2.3442931175231934,-2.9508726596832275,0.26801320910453796,0.2685351073741913,0.022824086248874664,1.785213828086853,1.7846276760101318,2.0492957134373545e-18,0.1693662852048874,0.7069793343544006,0.10808061808347702,0.05644277110695839,2.0492957134373545e-18,0.7069793343544006,0.10808061808347702,0.05644277110695839,0.0001,0.25,1.0,0.25,0.0,0.0,0.0,0.0,0.0,1.8954198360443115,False,True,25.0,1.0,1.0,1.0,,,,,,,,,,,,,,
214,2.344769239425659,-2.9753966331481934,0.2664651572704315,0.26685798168182373,0.022314053028821945,1.7886484861373901,1.789615511894226,1.3189120863580118e-18,0.16743969917297363,0.7068192958831787,0.1073964387178421,0.056333187967538834,1.3189120863580118e-18,0.7068192958831787,0.1073964387178421,0.056333187967538834,0.0001,0.25,1.0,0.25,0.0,0.0,0.0,0.0,0.0,1.8691221475601196,False,True,25.0,1.0,1.0,1.0,,,,,,,,,,,,,,
215,2.3472414016723633,-2.975105047225952,0.2731182873249054,0.27331504225730896,0.02283816784620285,1.7778867483139038,1.7780529260635376,1.4831617216774866e-18,0.1701757311820984,0.7069879174232483,0.10786186158657074,0.055091846734285355,1.4831617216774866e-18,0.7069879174232483,0.10786186158657074,0.055091846734285355,0.0001,0.25,1.0,0.25,0.0,0.0,0.0,0.0,0.0,1.879404067993164,False,True,25.0,1.0,1.0,1.0,,,,,,,,,,,,,,
216,2.3434863090515137,-2.9809372425079346,0.2705184817314148,0.27115410566329956,0.022394882515072823,1.7793127298355103,1.7795252799987793,8.067694139503989e-19,0.16947634518146515,0.7065314650535583,0.10714772343635559,0.05560467764735222,8.067694139503989e-19,0.7065314650535583,0.10714772343635559,0.05560467764735222,0.0001,0.25,1.0,0.25,0.0,0.0,0.0,0.0,0.0,1.8754935264587402,False,True,25.0,1.0,1.0,1.0,,,,,,,,,,,,,,
217,2.3451476097106934,-2.978652000427246,0.2688885033130646,0.26912906765937805,0.02292476035654545,1.7841254472732544,1.7842849493026733,1.0417716327718672e-18,0.16841721534729004,0.7074569463729858,0.10731484740972519,0.05530708655714989,1.0417716327718672e-18,0.7074569463729858,0.10731484740972519,0.05530708655714989,0.0001,0.25,1.0,0.25,0.0,0.0,0.0,0.0,0.0,1.8680388927459717,False,True,25.0,1.0,1.0,1.0,,,,,,,,,,,,,,
218,2.3483829498291016,-2.9913489818573,0.2706242501735687,0.2704688012599945,0.022592531517148018,1.7843990325927734,1.784995436668396,1.509177585918045e-18,0.16881625354290009,0.7072871327400208,0.10730395466089249,0.05592015013098717,1.509177585918045e-18,0.7072871327400208,0.10730395466089249,0.05592015013098717,0.0001,0.25,1.0,0.25,0.0,0.0,0.0,0.0,0.0,1.8866896629333496,False,True,25.0,1.0,1.0,1.0,,,,,,,,,,,,,,
219,2.3466553688049316,-3.021289348602295,0.27081820368766785,0.2705882787704468,0.02234041504561901,1.7824430465698242,1.7833735942840576,5.102610846682386e-18,0.16997723281383514,0.7068918347358704,0.10683979839086533,0.055703796446323395,5.102610846682386e-18,0.7068918347358704,0.10683979839086533,0.055703796446323395,0.0001,0.25,1.0,0.25,0.0,0.0,0.0,0.0,0.0,1.8827919960021973,False,True,25.0,1.0,1.0,1.0,,,,,,,,,,,,,,
220,2.341550350189209,-3.0202035903930664,0.2661982774734497,0.26657602190971375,0.022244134917855263,1.7864290475845337,1.7866346836090088,3.3607554194641464e-18,0.16811703145503998,0.7067148685455322,0.10682535916566849,0.0549590177834034,3.827144549020442e-19,0.705375075340271,0.10674253851175308,0.0448315367102623,0.0001,0.25,1.0,0.25,0.0,0.0,0.0,0.0,0.0,1.8620942831039429,False,True,25.0,1.0,1.0,1.0,0.7829496264457703,0.7829496264457703,0.21705037355422974,8.785658836364746,0.0,0.90793776512146,4.020672798156738,-0.0,1.5177006721496582,0.7832499742507935,3.827144549020442e-19,0.7832499742507935,0.0838172659277916,1.061148762702942
221,2.3540570735931396,-3.0453407764434814,0.2687842547893524,0.26860788464546204,0.023090148344635963,1.793227195739746,1.7939224243164062,9.356645227087447e-19,0.16686388850212097,0.7062076926231384,0.10745318979024887,0.054407838732004166,9.356645227087447e-19,0.7062076926231384,0.10745318979024887,0.054407838732004166,0.0001,0.25,1.0,0.25,0.0,0.0,0.0,0.0,0.0,1.8799420595169067,False,True,25.0,1.0,1.0,1.0,,,,,,,,,,,,,,
222,2.3499302864074707,-3.0613768100738525,0.26939234137535095,0.26899072527885437,0.022608457133173943,1.7882976531982422,1.7895798683166504,1.356934580587354e-18,0.16821683943271637,0.7061425447463989,0.10670816153287888,0.054103024303913116,1.356934580587354e-18,0.7061425447463989,0.10670816153287888,0.054103024303913116,0.0001,0.25,1.0,0.25,0.0,0.0,0.0,0.0,0.0,1.885514736175537,False,True,25.0,1.0,1.0,1.0,,,,,,,,,,,,,,
223,2.3437952995300293,-3.067258358001709,0.26868391036987305,0.2688747048377991,0.022779401391744614,1.7830315828323364,1.783882975578308,1.504785360262965e-18,0.16614004969596863,0.7056280374526978,0.10637505352497101,0.05315499007701874,1.504785360262965e-18,0.7056280374526978,0.10637505352497101,0.05315499007701874,0.0001,0.25,1.0,0.25,0.0,0.0,0.0,0.0,0.0,1.8657495975494385,False,True,25.0,1.0,1.0,1.0,,,,,,,,,,,,,,
224,2.344057083129883,-3.059859275817871,0.27226775884628296,0.2729206383228302,0.02255186438560486,1.776619791984558,1.776013731956482,3.882301894665568e-18,0.16431015729904175,0.7058991193771362,0.10670605301856995,0.05495515093207359,3.882301894665568e-18,0.7058991193771362,0.10670605301856995,0.05495515093207359,0.0001,0.25,1.0,0.25,0.0,0.0,0.0,0.0,0.0,1.875366449356079,False,True,25.0,1.0,1.0,1.0,,,,,,,,,,,,,,
225,2.347738742828369,-3.06929087638855,0.27063754200935364,0.2709638774394989,0.02298254333436489,1.7831857204437256,1.7831238508224487,1.5957517563939169e-18,0.1641325056552887,0.7071338295936584,0.10690897703170776,0.0546279214322567,1.5957517563939169e-18,0.7071338295936584,0.10690897703170776,0.0546279214322567,0.0001,0.25,1.0,0.25,0.0,0.0,0.0,0.0,0.0,1.8752585649490356,False,True,25.0,1.0,1.0,1.0,,,,,,,,,,,,,,
226,2.347081184387207,-3.101336717605591,0.2704094350337982,0.27023911476135254,0.02223658561706543,1.7837496995925903,1.7846423387527466,1.540686032823532e-18,0.16182269155979156,0.7053612470626831,0.10676701366901398,0.05439698323607445,1.540686032823532e-18,0.7053612470626831,0.10676701366901398,0.05439698323607445,0.0001,0.25,1.0,0.25,0.0,0.0,0.0,0.0,0.0,1.8853471279144287,False,True,25.0,1.0,1.0,1.0,,,,,,,,,,,,,,
227,2.347573757171631,-3.1540000438690186,0.27405089139938354,0.2738405168056488,0.022838186472654343,1.7763110399246216,1.7773774862289429,1.6191888850748412e-18,0.16005094349384308,0.7064980268478394,0.10729245096445084,0.05398628115653992,1.6191888850748412e-18,0.7064980268478394,0.10729245096445084,0.05398628115653992,0.0001,0.25,1.0,0.25,0.0,0.0,0.0,0.0,0.0,1.8815900087356567,False,True,25.0,1.0,1.0,1.0,,,,,,,,,,,,,,
228,2.3498423099517822,-3.132373571395874,0.2692708671092987,0.2686406075954437,0.022533642128109932,1.7884105443954468,1.7903836965560913,1.2355292820829461e-18,0.16138871014118195,0.7055198550224304,0.10677410662174225,0.05335867404937744,1.2355292820829461e-18,0.7055198550224304,0.10677410662174225,0.05335867404937744,0.0001,0.25,1.0,0.25,0.0,0.0,0.0,0.0,0.0,1.8954912424087524,False,True,25.0,1.0,1.0,1.0,,,,,,,,,,,,,,
229,2.3518195152282715,-3.1447501182556152,0.27472156286239624,0.2745625078678131,0.022636795416474342,1.7793641090393066,1.780432939529419,1.6389900379757121e-18,0.16337841749191284,0.7055819034576416,0.10680712759494781,0.05504487454891205,1.6389900379757121e-18,0.7055819034576416,0.10680712759494781,0.05504487454891205,0.0001,0.25,1.0,0.25,0.0,0.0,0.0,0.0,0.0,1.8822780847549438,False,True,25.0,1.0,1.0,1.0,,,,,,,,,,,,,,
230,2.3449249267578125,-3.120361328125,0.269260436296463,0.2694545090198517,0.02183830924332142,1.7841778993606567,1.7845653295516968,1.407929334773059e-18,0.1660223752260208,0.7059052586555481,0.10692081600427628,0.053601693361997604,3.470869738189309e-19,0.7044093608856201,0.1066126897931099,0.043685272336006165,0.0001,0.25,1.0,0.25,0.0,0.0,0.0,0.0,0.0,1.8801279067993164,False,True,25.0,1.0,1.0,1.0,0.7843654155731201,0.7843654155731201,0.21563458442687988,8.729669570922852,0.0,0.9037574529647827,4.026738166809082,-0.0,1.5112214088439941,0.7833743095397949,3.470869738189309e-19,0.7833743095397949,0.08218242228031158,1.0721182823181152
231,2.344491720199585,-3.1374237537384033,0.2724202573299408,0.2730477452278137,0.021965403109788895,1.7772424221038818,1.7768741846084595,2.575648728383169e-18,0.15982677042484283,0.7053708434104919,0.10660102963447571,0.054208461195230484,2.575648728383169e-18,0.7053708434104919,0.10660102963447571,0.054208461195230484,0.0001,0.25,1.0,0.25,0.0,0.0,0.0,0.0,0.0,1.8968065977096558,False,True,25.0,1.0,1.0,1.0,,,,,,,,,,,,,,
232,2.346543788909912,-3.175443172454834,0.2700137495994568,0.2709391415119171,0.02211783267557621,1.7839502096176147,1.7829957008361816,2.596087947729048e-18,0.15769420564174652,0.7054322361946106,0.10632404685020447,0.053499892354011536,2.596087947729048e-18,0.7054322361946106,0.10632404685020447,0.053499892354011536,0.0001,0.25,1.0,0.25,0.0,0.0,0.0,0.0,0.0,1.9211281538009644,False,True,25.0,1.0,1.0,1.0,,,,,,,,,,,,,,
233,2.349360942840576,-3.1876041889190674,0.27266189455986023,0.2736288607120514,0.021977964788675308,1.7813469171524048,1.7808376550674438,1.3603295366164247e-18,0.15677493810653687,0.7042441368103027,0.10625329613685608,0.05372346565127373,1.3603295366164247e-18,0.7042441368103027,0.10625329613685608,0.05372346565127373,0.0001,0.25,1.0,0.25,0.0,0.0,0.0,0.0,0.0,1.9055806398391724,False,True,25.0,1.0,1.0,1.0,,,,,,,,,,,,,,
234,2.3489508628845215,-3.224799633026123,0.27066129446029663,0.27113181352615356,0.022104604169726372,1.7853049039840698,1.7848016023635864,9.816427366720453e-19,0.15747837722301483,0.7056998014450073,0.10690230876207352,0.052963320165872574,9.816427366720453e-19,0.7056998014450073,0.10690230876207352,0.052963320165872574,0.0001,0.25,1.0,0.25,0.0,0.0,0.0,0.0,0.0,1.8952776193618774,False,True,25.0,1.0,1.0,1.0,,,,,,,,,,,,,,
235,2.3464391231536865,-3.238307476043701,0.27361851930618286,0.27412301301956177,0.021924352273344994,1.7771060466766357,1.7764405012130737,1.640940116269806e-18,0.1552956998348236,0.7050697803497314,0.10649209469556808,0.0540178157389164,1.640940116269806e-18,0.7050697803497314,0.10649209469556808,0.0540178157389164,0.0001,0.25,1.0,0.25,0.0,0.0,0.0,0.0,0.0,1.9177707433700562,False,True,25.0,1.0,1.0,1.0,,,,,,,,,,,,,,
236,2.343493700027466,-3.225227117538452,0.27042123675346375,0.27095088362693787,0.02194313518702984,1.780552864074707,1.779803991317749,1.4832720468916859e-18,0.1543998122215271,0.7050527930259705,0.10675904899835587,0.0529177226126194,1.4832720468916859e-18,0.7050527930259705,0.10675904899835587,0.0529177226126194,0.0001,0.25,1.0,0.25,0.0,0.0,0.0,0.0,0.0,1.888714075088501,False,True,25.0,1.0,1.0,1.0,,,,,,,,,,,,,,
237,2.350360870361328,-3.247732400894165,0.2755950689315796,0.27596643567085266,0.022096049040555954,1.776731014251709,1.7766757011413574,9.904106443699543e-19,0.15029235184192657,0.7042855620384216,0.1062963679432869,0.0524325855076313,9.904106443699543e-19,0.7042855620384216,0.1062963679432869,0.0524325855076313,0.0001,0.25,1.0,0.25,0.0,0.0,0.0,0.0,0.0,1.9031784534454346,False,True,25.0,1.0,1.0,1.0,,,,,,,,,,,,,,
238,2.3512625694274902,-3.2383387088775635,0.2749183773994446,0.27497535943984985,0.02212890051305294,1.7793139219284058,1.7791658639907837,1.833128810754025e-18,0.15468931198120117,0.7049074172973633,0.10677479207515717,0.05351926386356354,1.833128810754025e-18,0.7049074172973633,0.10677479207515717,0.05351926386356354,0.0001,0.25,1.0,0.25,0.0,0.0,0.0,0.0,0.0,1.8919965028762817,False,True,25.0,1.0,1.0,1.0,,,,,,,,,,,,,,
239,2.348907947540283,-3.259219169616699,0.27299076318740845,0.27267298102378845,0.022127624601125717,1.7803678512573242,1.7818652391433716,1.85449426559081e-18,0.155839204788208,0.7033502459526062,0.10662299394607544,0.05250661075115204,1.85449426559081e-18,0.7033502459526062,0.10662299394607544,0.05250661075115204,0.0001,0.25,1.0,0.25,0.0,0.0,0.0,0.0,0.0,1.9110708236694336,False,True,25.0,1.0,1.0,1.0,,,,,,,,,,,,,,
240,2.3483376502990723,-3.268601894378662,0.2717779576778412,0.27171623706817627,0.022160574793815613,1.7826849222183228,1.7826807498931885,2.0010774943752603e-18,0.15961956977844238,0.7041029334068298,0.10634410381317139,0.054765522480010986,4.2344830346622824e-19,0.7031028866767883,0.10636337101459503,0.04260137677192688,0.0001,0.25,1.0,0.25,0.0,0.0,0.0,0.0,0.0,1.8732428550720215,False,True,25.0,1.0,1.0,1.0,0.7839212417602539,0.7839212417602539,0.2160787582397461,8.748729705810547,0.0,0.9078896641731262,4.0181379318237305,-0.0,1.5052268505096436,0.7834432125091553,4.2344830346622824e-19,0.7834432125091553,0.0817980021238327,1.0723440647125244
241,2.345473527908325,-3.2720844745635986,0.26969197392463684,0.2694232165813446,0.02152221091091633,1.7842938899993896,1.7853782176971436,1.0554083255552632e-18,0.16182315349578857,0.7041782736778259,0.10647096484899521,0.05319445580244064,1.0554083255552632e-18,0.7041782736778259,0.10647096484899521,0.05319445580244064,0.0001,0.25,1.0,0.25,0.0,0.0,0.0,0.0,0.0,1.8807857036590576,False,True,25.0,1.0,1.0,1.0,,,,,,,,,,,,,,
242,2.347860813140869,-3.2916600704193115,0.2722448706626892,0.27215537428855896,0.021912425756454468,1.7814456224441528,1.7816509008407593,4.0857738496928935e-19,0.15538237988948822,0.7035290598869324,0.10665037482976913,0.052128080278635025,4.0857738496928935e-19,0.7035290598869324,0.10665037482976913,0.052128080278635025,0.0001,0.25,1.0,0.25,0.0,0.0,0.0,0.0,0.0,1.9103260040283203,False,True,25.0,1.0,1.0,1.0,,,,,,,,,,,,,,
243,2.350017547607422,-3.290773391723633,0.272012859582901,0.27271178364753723,0.021775387227535248,1.7840200662612915,1.7830148935317993,1.5984517773108665e-18,0.15596632659435272,0.7035053372383118,0.10633150488138199,0.05208270996809006,1.5984517773108665e-18,0.7035053372383118,0.10633150488138199,0.05208270996809006,0.0001,0.25,1.0,0.25,0.0,0.0,0.0,0.0,0.0,1.9091509580612183,False,True,25.0,1.0,1.0,1.0,,,,,,,,,,,,,,
244,2.347761631011963,-3.323198080062866,0.27320167422294617,0.2741475999355316,0.021775824949145317,1.7789865732192993,1.7782862186431885,1.8287894212605717e-18,0.1553475707769394,0.7041125893592834,0.10672058910131454,0.05154118686914444,1.8287894212605717e-18,0.7041125893592834,0.10672058910131454,0.05154118686914444,0.0001,0.25,1.0,0.25,0.0,0.0,0.0,0.0,0.0,1.9122756719589233,False,True,25.0,1.0,1.0,1.0,,,,,,,,,,,,,,
245,2.351935625076294,-3.318676471710205,0.27722257375717163,0.27847564220428467,0.021437551826238632,1.7756943702697754,1.7739052772521973,1.5851733571302825e-18,0.1535709947347641,0.7037658095359802,0.10670454055070877,0.05069568380713463,1.5851733571302825e-18,0.7037658095359802,0.10670454055070877,0.05069568380713463,0.0001,0.25,1.0,0.25,0.0,0.0,0.0,0.0,0.0,1.9024244546890259,False,True,25.0,1.0,1.0,1.0,,,,,,,,,,,,,,
246,2.3514299392700195,-3.3334619998931885,0.2784319519996643,0.2790357768535614,0.021961193531751633,1.7724131345748901,1.771588683128357,1.2511081949446167e-18,0.1503145396709442,0.7029885649681091,0.10638532042503357,0.051520660519599915,1.2511081949446167e-18,0.7029885649681091,0.10638532042503357,0.051520660519599915,0.0001,0.25,1.0,0.25,0.0,0.0,0.0,0.0,0.0,1.9075559377670288,False,True,25.0,1.0,1.0,1.0,,,,,,,,,,,,,,
247,2.3503193855285645,-3.34552264213562,0.2755796015262604,0.27637651562690735,0.02134144864976406,1.7775452136993408,1.7764984369277954,1.3423172651877763e-18,0.15016989409923553,0.7031320333480835,0.1064826026558876,0.05104093626141548,1.3423172651877763e-18,0.7031320333480835,0.1064826026558876,0.05104093626141548,0.0001,0.25,1.0,0.25,0.0,0.0,0.0,0.0,0.0,1.9268581867218018,False,True,25.0,1.0,1.0,1.0,,,,,,,,,,,,,,
248,2.347543239593506,-3.3479886054992676,0.27173173427581787,0.27160733938217163,0.021090712398290634,1.7827818393707275,1.783445119857788,3.3841009378922305e-18,0.15026746690273285,0.7035090327262878,0.10674577206373215,0.05203946307301521,3.3841009378922305e-18,0.7035090327262878,0.10674577206373215,0.05203946307301521,0.0001,0.25,1.0,0.25,0.0,0.0,0.0,0.0,0.0,1.9216322898864746,False,True,25.0,1.0,1.0,1.0,,,,,,,,,,,,,,
249,2.351109266281128,-3.3885176181793213,0.2701661288738251,0.2705391049385071,0.021657127887010574,1.7888128757476807,1.7886810302734375,2.825376209674153e-18,0.14951442182064056,0.7038780450820923,0.1066981852054596,0.050908274948596954,2.825376209674153e-18,0.7038780450820923,0.1066981852054596,0.050908274948596954,0.0001,0.25,1.0,0.25,0.0,0.0,0.0,0.0,0.0,1.9067109823226929,False,True,25.0,1.0,1.0,1.0,,,,,,,,,,,,,,
250,2.345399856567383,-3.371467113494873,0.27195826172828674,0.2721199095249176,0.021051663905382156,1.7800956964492798,1.7804445028305054,1.4071962459551839e-18,0.1501731425523758,0.7042761445045471,0.1063796728849411,0.05227318033576012,3.3283922555604565e-19,0.7020965218544006,0.10623635351657867,0.041269175708293915,0.0001,0.25,1.0,0.25,0.0,0.0,0.0,0.0,0.0,1.900876760482788,False,True,25.0,1.0,1.0,1.0,0.7850311398506165,0.7850311398506165,0.21496886014938354,8.769484519958496,0.0,0.906448245048523,4.020852088928223,-0.0,1.521760106086731,0.7835125923156738,3.3283922555604565e-19,0.7835125923156738,0.0794852152466774,1.0880322456359863
251,2.348270893096924,-3.416308879852295,0.27284252643585205,0.27321338653564453,0.020784107968211174,1.7815548181533813,1.7813071012496948,1.9796977706729084e-18,0.14677315950393677,0.7027983069419861,0.10659297555685043,0.050277579575777054,1.9796977706729084e-18,0.7027983069419861,0.10659297555685043,0.050277579575777054,0.0001,0.25,1.0,0.25,0.0,0.0,0.0,0.0,0.0,1.929990530014038,False,True,25.0,1.0,1.0,1.0,,,,,,,,,,,,,,
252,2.352513313293457,-3.446718692779541,0.2767133414745331,0.2774925231933594,0.021805539727211,1.7769852876663208,1.776018500328064,3.83042029946563e-18,0.14409197866916656,0.7028111815452576,0.10635252296924591,0.05018329992890358,3.83042029946563e-18,0.7028111815452576,0.10635252296924591,0.05018329992890358,0.0001,0.25,1.0,0.25,0.0,0.0,0.0,0.0,0.0,1.9069015979766846,False,True,25.0,1.0,1.0,1.0,,,,,,,,,,,,,,
253,2.3500969409942627,-3.429091453552246,0.2795575261116028,0.27953749895095825,0.020844565704464912,1.7697834968566895,1.7705310583114624,9.528685352813523e-19,0.14527691900730133,0.7031671404838562,0.10606354475021362,0.050123803317546844,9.528685352813523e-19,0.7031671404838562,0.10606354475021362,0.050123803317546844,0.0001,0.25,1.0,0.25,0.0,0.0,0.0,0.0,0.0,1.915452241897583,False,True,25.0,1.0,1.0,1.0,,,,,,,,,,,,,,
254,2.3498940467834473,-3.423095941543579,0.2794753313064575,0.27959415316581726,0.02114768885076046,1.7693941593170166,1.7699596881866455,2.4139142391137383e-18,0.14264333248138428,0.703892707824707,0.10596295446157455,0.051115915179252625,2.4139142391137383e-18,0.703892707824707,0.10596295446157455,0.051115915179252625,0.0001,0.25,1.0,0.25,0.0,0.0,0.0,0.0,0.0,1.8993995189666748,False,True,25.0,1.0,1.0,1.0,,,,,,,,,,,,,,
255,2.3463733196258545,-3.4510796070098877,0.27541762590408325,0.27568453550338745,0.021117454394698143,1.7743659019470215,1.7739413976669312,3.4319618149297018e-18,0.14021554589271545,0.7030686140060425,0.10625708103179932,0.050317421555519104,3.4319618149297018e-18,0.7030686140060425,0.10625708103179932,0.050317421555519104,0.0001,0.25,1.0,0.25,0.0,0.0,0.0,0.0,0.0,1.9155746698379517,False,True,25.0,1.0,1.0,1.0,,,,,,,,,,,,,,
256,2.349599838256836,-3.4317476749420166,0.27842748165130615,0.2785998582839966,0.020923204720020294,1.771709680557251,1.7715890407562256,3.3901664465289287e-18,0.14339356124401093,0.7020167112350464,0.10555128753185272,0.050025153905153275,3.3901664465289287e-18,0.7020167112350464,0.10555128753185272,0.050025153905153275,0.0001,0.25,1.0,0.25,0.0,0.0,0.0,0.0,0.0,1.9338937997817993,False,True,25.0,1.0,1.0,1.0,,,,,,,,,,,,,,
257,2.3475053310394287,-3.4653701782226562,0.2729550004005432,0.273179292678833,0.021429162472486496,1.7799406051635742,1.7799429893493652,1.1555423644151403e-18,0.14365254342556,0.7029944062232971,0.10590635240077972,0.04979391396045685,1.1555423644151403e-18,0.7029944062232971,0.10590635240077972,0.04979391396045685,0.0001,0.25,1.0,0.25,0.0,0.0,0.0,0.0,0.0,1.948613166809082,False,True,25.0,1.0,1.0,1.0,,,,,,,,,,,,,,
258,2.346958875656128,-3.457850933074951,0.26896193623542786,0.2690914273262024,0.02114403434097767,1.787824034690857,1.7876988649368286,1.2397549342421733e-18,0.14780153334140778,0.7029829621315002,0.10642433911561966,0.05117671564221382,1.2397549342421733e-18,0.7029829621315002,0.10642433911561966,0.05117671564221382,0.0001,0.25,1.0,0.25,0.0,0.0,0.0,0.0,0.0,1.9275386333465576,False,True,25.0,1.0,1.0,1.0,,,,,,,,,,,,,,
259,2.349915027618408,-3.463968276977539,0.27101901173591614,0.27122822403907776,0.021112767979502678,1.7864673137664795,1.7866426706314087,3.968838221628416e-18,0.14883512258529663,0.7031529545783997,0.10588561743497849,0.05075053498148918,3.968838221628416e-18,0.7031529545783997,0.10588561743497849,0.05075053498148918,0.0001,0.25,1.0,0.25,0.0,0.0,0.0,0.0,0.0,1.9239702224731445,False,True,25.0,1.0,1.0,1.0,,,,,,,,,,,,,,
260,2.3493847846984863,-3.505185604095459,0.27316829562187195,0.2733956575393677,0.02080833725631237,1.7821688652038574,1.781855821609497,2.824038865418808e-18,0.14407707750797272,0.7019611597061157,0.10611076653003693,0.05069660022854805,4.0768231353988476e-19,0.7011035084724426,0.10603474080562592,0.04077969491481781,0.0001,0.25,1.0,0.25,0.0,0.0,0.0,0.0,0.0,1.9469801187515259,False,True,25.0,1.0,1.0,1.0,0.7846211791038513,0.7846211791038513,0.21537882089614868,8.730006217956543,0.0,0.9073611497879028,4.020780086517334,-0.0,1.52139151096344,0.7836077213287354,4.0768231353988476e-19,0.7836077213287354,0.07779449969530106,1.0991666316986084
261,2.3475706577301025,-3.482421875,0.2761176526546478,0.27607986330986023,0.021105164662003517,1.7739959955215454,1.774539828300476,1.4320467161102317e-18,0.14359676837921143,0.7022974491119385,0.10637088119983673,0.050263311713933945,1.4320467161102317e-18,0.7022974491119385,0.10637088119983673,0.050263311713933945,0.0001,0.25,1.0,0.25,0.0,0.0,0.0,0.0,0.0,1.9293808937072754,False,True,25.0,1.0,1.0,1.0,,,,,,,,,,,,,,
262,2.3493878841400146,-3.5034680366516113,0.2784966230392456,0.27853715419769287,0.020281260833144188,1.771796703338623,1.7723487615585327,1.8331548669433203e-18,0.14198344945907593,0.7015445232391357,0.10627341270446777,0.05051331967115402,1.8331548669433203e-18,0.7015445232391357,0.10627341270446777,0.05051331967115402,0.0001,0.25,1.0,0.25,0.0,0.0,0.0,0.0,0.0,1.9459166526794434,False,True,25.0,1.0,1.0,1.0,,,,,,,,,,,,,,
263,2.353193759918213,-3.520397186279297,0.27881255745887756,0.27881357073783875,0.02047918364405632,1.7746611833572388,1.7755153179168701,3.546895459116648e-18,0.14467300474643707,0.7018710970878601,0.10613996535539627,0.05151715874671936,3.546895459116648e-18,0.7018710970878601,0.10613996535539627,0.05151715874671936,0.0001,0.25,1.0,0.25,0.0,0.0,0.0,0.0,0.0,1.94953191280365,False,True,25.0,1.0,1.0,1.0,,,,,,,,,,,,,,
264,2.350001811981201,-3.5851998329162598,0.27599889039993286,0.2764439582824707,0.020922942087054253,1.7769399881362915,1.7763316631317139,1.187385922866288e-18,0.14095336198806763,0.7023255825042725,0.10641098022460938,0.0494544692337513,1.187385922866288e-18,0.7023255825042725,0.10641098022460938,0.0494544692337513,0.0001,0.25,1.0,0.25,0.0,0.0,0.0,0.0,0.0,1.9329386949539185,False,True,25.0,1.0,1.0,1.0,,,,,,,,,,,,,,
265,2.354058027267456,-3.553403377532959,0.2779335677623749,0.2778072655200958,0.020519645884633064,1.7775752544403076,1.778019905090332,1.8485846804995782e-18,0.13862872123718262,0.7019000053405762,0.10666020959615707,0.049108099192380905,1.8485846804995782e-18,0.7019000053405762,0.10666020959615707,0.049108099192380905,0.0001,0.25,1.0,0.25,0.0,0.0,0.0,0.0,0.0,1.942318081855774,False,True,25.0,1.0,1.0,1.0,,,,,,,,,,,,,,
266,2.350801706314087,-3.5593724250793457,0.276801198720932,0.2766251862049103,0.02082648314535618,1.776087760925293,1.7770098447799683,2.3372879494795823e-18,0.13883180916309357,0.7016307711601257,0.10617729276418686,0.04939919337630272,2.3372879494795823e-18,0.7016307711601257,0.10617729276418686,0.04939919337630272,0.0001,0.25,1.0,0.25,0.0,0.0,0.0,0.0,0.0,1.9494158029556274,False,True,25.0,1.0,1.0,1.0,,,,,,,,,,,,,,
267,2.35398530960083,-3.5503532886505127,0.2761805057525635,0.27626147866249084,0.021346569061279297,1.7800487279891968,1.7803446054458618,1.3293402489428913e-18,0.1360274702310562,0.7013710737228394,0.1058058887720108,0.04769393429160118,1.3293402489428913e-18,0.7013710737228394,0.1058058887720108,0.04769393429160118,0.0001,0.25,1.0,0.25,0.0,0.0,0.0,0.0,0.0,1.9399375915527344,False,True,25.0,1.0,1.0,1.0,,,,,,,,,,,,,,
268,2.3503928184509277,-3.580496311187744,0.2738114297389984,0.27408382296562195,0.02074890024960041,1.7819578647613525,1.7815395593643188,1.4038260019469132e-18,0.13412386178970337,0.7015857100486755,0.10569364577531815,0.04968307539820671,1.4038260019469132e-18,0.7015857100486755,0.10569364577531815,0.04968307539820671,0.0001,0.25,1.0,0.25,0.0,0.0,0.0,0.0,0.0,1.9592095613479614,False,True,25.0,1.0,1.0,1.0,,,,,,,,,,,,,,
269,2.3543694019317627,-3.589724540710449,0.2795132100582123,0.2796424925327301,0.020899910479784012,1.7741974592208862,1.7744301557540894,1.99124727997568e-18,0.13994118571281433,0.7013576626777649,0.10591918975114822,0.049759697169065475,1.99124727997568e-18,0.7013576626777649,0.10591918975114822,0.049759697169065475,0.0001,0.25,1.0,0.25,0.0,0.0,0.0,0.0,0.0,1.9411412477493286,False,True,25.0,1.0,1.0,1.0,,,,,,,,,,,,,,
270,2.351795196533203,-3.611502170562744,0.2744663953781128,0.2754063606262207,0.02055096998810768,1.7821346521377563,1.7806081771850586,5.7055130166702356e-18,0.1411595195531845,0.7015278935432434,0.10579315572977066,0.05000874027609825,5.216886719244647e-19,0.7003223896026611,0.10550356656312943,0.039652466773986816,0.0001,0.25,1.0,0.25,0.0,0.0,0.0,0.0,0.0,1.960923671722412,False,True,25.0,1.0,1.0,1.0,0.7827856540679932,0.7827856540679932,0.21721434593200684,8.812013626098633,0.0,0.9104843139648438,4.013796806335449,-0.0,1.487523078918457,0.7835375666618347,5.216886719244647e-19,0.7835375666618347,0.07615913450717926,1.1045737266540527
271,2.3496952056884766,-3.6095566749572754,0.2799123227596283,0.2803070545196533,0.02046184241771698,1.7694936990737915,1.7685341835021973,2.678433777708702e-18,0.1392437219619751,0.7012578845024109,0.10554170608520508,0.04996790736913681,2.678433777708702e-18,0.7012578845024109,0.10554170608520508,0.04996790736913681,0.0001,0.25,1.0,0.25,0.0,0.0,0.0,0.0,0.0,1.9432016611099243,False,True,25.0,1.0,1.0,1.0,,,,,,,,,,,,,,
272,2.3550782203674316,-3.6367228031158447,0.2784543037414551,0.2789745032787323,0.020505554974079132,1.7772630453109741,1.777024745941162,8.620739859226583e-18,0.13449901342391968,0.700758695602417,0.10550210624933243,0.048933591693639755,8.620739859226583e-18,0.700758695602417,0.10550210624933243,0.048933591693639755,0.0001,0.25,1.0,0.25,0.0,0.0,0.0,0.0,0.0,1.959065318107605,False,True,25.0,1.0,1.0,1.0,,,,,,,,,,,,,,
273,2.351259708404541,-3.6396257877349854,0.2808915078639984,0.2808063328266144,0.020451003685593605,1.7686824798583984,1.7695392370224,1.1341369981137993e-18,0.12901490926742554,0.7008492946624756,0.10548790544271469,0.04762663319706917,1.1341369981137993e-18,0.7008492946624756,0.10548790544271469,0.04762663319706917,0.0001,0.25,1.0,0.25,0.0,0.0,0.0,0.0,0.0,1.9580122232437134,False,True,25.0,1.0,1.0,1.0,,,,,,,,,,,,,,
274,2.355282783508301,-3.6740212440490723,0.2808852791786194,0.2801450788974762,0.020560136064887047,1.7727645635604858,1.7746199369430542,1.8135012623842135e-18,0.12844659388065338,0.7016423940658569,0.10547177493572235,0.047199152410030365,1.8135012623842135e-18,0.7016423940658569,0.10547177493572235,0.047199152410030365,0.0001,0.25,1.0,0.25,0.0,0.0,0.0,0.0,0.0,1.9426794052124023,False,True,25.0,1.0,1.0,1.0,,,,,,,,,,,,,,
275,2.352032423019409,-3.6741321086883545,0.28056466579437256,0.28054219484329224,0.020436448976397514,1.7702983617782593,1.7706798315048218,4.027399713865026e-18,0.12821930646896362,0.7013015151023865,0.10553436726331711,0.04753780737519264,4.027399713865026e-18,0.7013015151023865,0.10553436726331711,0.04753780737519264,0.0001,0.25,1.0,0.25,0.0,0.0,0.0,0.0,0.0,1.9561423063278198,False,True,25.0,1.0,1.0,1.0,,,,,,,,,,,,,,
276,2.3560945987701416,-3.669854164123535,0.2803694009780884,0.28051045536994934,0.020469872280955315,1.7745683193206787,1.7749217748641968,2.1261451350417467e-18,0.13163107633590698,0.7021408081054688,0.1057509034872055,0.04901973158121109,2.1261451350417467e-18,0.7021408081054688,0.1057509034872055,0.04901973158121109,0.0001,0.25,1.0,0.25,0.0,0.0,0.0,0.0,0.0,1.93883216381073,False,True,25.0,1.0,1.0,1.0,,,,,,,,,,,,,,
277,2.349308967590332,-3.694784164428711,0.2760442793369293,0.27705830335617065,0.020138166844844818,1.7768915891647339,1.7752448320388794,2.8981914714311242e-18,0.13203677535057068,0.7010741829872131,0.10575802624225616,0.04662809148430824,2.8981914714311242e-18,0.7010741829872131,0.10575802624225616,0.04662809148430824,0.0001,0.25,1.0,0.25,0.0,0.0,0.0,0.0,0.0,1.9496052265167236,False,True,25.0,1.0,1.0,1.0,,,,,,,,,,,,,,
278,2.3538331985473633,-3.7077560424804688,0.27577465772628784,0.2766247093677521,0.020316509529948235,1.7815401554107666,1.7806941270828247,2.0830512998744184e-18,0.13000397384166718,0.7009693384170532,0.10642470419406891,0.04842173680663109,2.0830512998744184e-18,0.7009693384170532,0.10642470419406891,0.04842173680663109,0.0001,0.25,1.0,0.25,0.0,0.0,0.0,0.0,0.0,1.9401735067367554,False,True,25.0,1.0,1.0,1.0,,,,,,,,,,,,,,
279,2.35292387008667,-3.711444139480591,0.2786732316017151,0.2787109315395355,0.020503465086221695,1.7749035358428955,1.7751692533493042,8.587844540626574e-18,0.1356407254934311,0.7006368041038513,0.1060328558087349,0.04826002195477486,8.587844540626574e-18,0.7006368041038513,0.1060328558087349,0.04826002195477486,0.0001,0.25,1.0,0.25,0.0,0.0,0.0,0.0,0.0,1.962048888206482,False,True,25.0,1.0,1.0,1.0,,,,,,,,,,,,,,
280,2.355642795562744,-3.697066068649292,0.2828361392021179,0.28365105390548706,0.0198453851044178,1.7699458599090576,1.7686744928359985,2.954795647543281e-18,0.1317233294248581,0.7012426257133484,0.10627596825361252,0.04693691432476044,6.253966951494188e-19,0.6996549963951111,0.10604291409254074,0.03821883723139763,0.0001,0.25,1.0,0.25,0.0,0.0,0.0,0.0,0.0,1.9412137269973755,False,True,25.0,1.0,1.0,1.0,0.7839097380638123,0.7839097380638123,0.21609026193618774,8.77867603302002,0.0,0.9175475835800171,4.003303527832031,-0.0,1.4876456260681152,0.7837271094322205,6.253966951494188e-19,0.7837271094322205,0.07470965385437012,1.1150453090667725
281,2.3523712158203125,-3.7028310298919678,0.278156042098999,0.27850449085235596,0.019844302907586098,1.775924563407898,1.7758082151412964,1.3381412438653023e-18,0.13050538301467896,0.7012262940406799,0.10626056045293808,0.04736356809735298,1.3381412438653023e-18,0.7012262940406799,0.10626056045293808,0.04736356809735298,0.0001,0.25,1.0,0.25,0.0,0.0,0.0,0.0,0.0,1.968153953552246,False,True,25.0,1.0,1.0,1.0,,,,,,,,,,,,,,
282,2.355116367340088,-3.742548942565918,0.2761477530002594,0.2764692008495331,0.0195761751383543,1.7830740213394165,1.782772421836853,1.533738129268393e-18,0.1307080090045929,0.7009768486022949,0.10628659278154373,0.04824967309832573,1.533738129268393e-18,0.7009768486022949,0.10628659278154373,0.04824967309832573,0.0001,0.25,1.0,0.25,0.0,0.0,0.0,0.0,0.0,1.9637582302093506,False,True,25.0,1.0,1.0,1.0,,,,,,,,,,,,,,
283,2.3594048023223877,-3.7673709392547607,0.28084373474121094,0.2810218036174774,0.020487625151872635,1.7768758535385132,1.7772274017333984,4.611357793464187e-18,0.12968556582927704,0.7004317045211792,0.1064378097653389,0.04661332070827484,4.611357793464187e-18,0.7004317045211792,0.1064378097653389,0.04661332070827484,0.0001,0.25,1.0,0.25,0.0,0.0,0.0,0.0,0.0,1.9800091981887817,False,True,25.0,1.0,1.0,1.0,,,,,,,,,,,,,,
284,2.3557777404785156,-3.7459630966186523,0.2806667387485504,0.28077247738838196,0.020244548097252846,1.7741190195083618,1.7740689516067505,1.9642468640110304e-18,0.1298535317182541,0.7008504867553711,0.10659176856279373,0.04720928147435188,1.9642468640110304e-18,0.7008504867553711,0.10659176856279373,0.04720928147435188,0.0001,0.25,1.0,0.25,0.0,0.0,0.0,0.0,0.0,1.9731816053390503,False,True,25.0,1.0,1.0,1.0,,,,,,,,,,,,,,
285,2.354729652404785,-3.7502026557922363,0.27866700291633606,0.2795220911502838,0.020190101116895676,1.7765203714370728,1.7761805057525635,1.3543741463987727e-18,0.13149650394916534,0.7000160217285156,0.1061565950512886,0.0466197244822979,1.3543741463987727e-18,0.7000160217285156,0.1061565950512886,0.0466197244822979,0.0001,0.25,1.0,0.25,0.0,0.0,0.0,0.0,0.0,1.952863097190857,False,True,25.0,1.0,1.0,1.0,,,,,,,,,,,,,,
286,2.356633424758911,-3.768416404724121,0.2805633842945099,0.28053155541419983,0.02041582204401493,1.775003433227539,1.775241732597351,1.8956948911311577e-18,0.12884995341300964,0.7009333968162537,0.10574767738580704,0.046289872378110886,1.8956948911311577e-18,0.7009333968162537,0.10574767738580704,0.046289872378110886,0.0001,0.25,1.0,0.25,0.0,0.0,0.0,0.0,0.0,1.9700490236282349,False,True,25.0,1.0,1.0,1.0,,,,,,,,,,,,,,
287,2.354614496231079,-3.785332679748535,0.28074243664741516,0.2812945246696472,0.019932739436626434,1.772699236869812,1.772590160369873,7.228766941867249e-18,0.12996214628219604,0.7004505395889282,0.10566318780183792,0.047321658581495285,7.228766941867249e-18,0.7004505395889282,0.10566318780183792,0.047321658581495285,0.0001,0.25,1.0,0.25,0.0,0.0,0.0,0.0,0.0,1.9732818603515625,False,True,25.0,1.0,1.0,1.0,,,,,,,,,,,,,,
288,2.3487472534179688,-3.815680503845215,0.27803999185562134,0.2790675163269043,0.01984257996082306,1.7727820873260498,1.7708122730255127,9.311848433834025e-18,0.12500333786010742,0.6998885869979858,0.1059190109372139,0.04584435001015663,9.311848433834025e-18,0.6998885869979858,0.1059190109372139,0.04584435001015663,0.0001,0.25,1.0,0.25,0.0,0.0,0.0,0.0,0.0,1.9839142560958862,False,True,25.0,1.0,1.0,1.0,,,,,,,,,,,,,,
289,2.361672878265381,-3.8412041664123535,0.28037509322166443,0.2811679542064667,0.02037365920841694,1.7802157402038574,1.7792969942092896,3.190537572627525e-18,0.12497695535421371,0.7001299858093262,0.10567318648099899,0.046780407428741455,3.190537572627525e-18,0.7001299858093262,0.10567318648099899,0.046780407428741455,0.0001,0.25,1.0,0.25,0.0,0.0,0.0,0.0,0.0,1.9786782264709473,False,True,25.0,1.0,1.0,1.0,,,,,,,,,,,,,,
290,2.358922243118286,-3.846386432647705,0.2819850444793701,0.2824205458164215,0.02033437229692936,1.774458646774292,1.7739059925079346,1.37668434489267e-18,0.12496715784072876,0.7003995180130005,0.10540903359651566,0.046128049492836,6.867553352173625e-19,0.6989441514015198,0.10528413206338882,0.03656218200922012,0.0001,0.25,1.0,0.25,0.0,0.0,0.0,0.0,0.0,1.9683130979537964,False,True,25.0,1.0,1.0,1.0,0.7839205265045166,0.7839205265045166,0.2160794734954834,8.808392524719238,0.0,0.9211993217468262,3.998293876647949,-0.0,1.479186773300171,0.7836840152740479,6.867553352173625e-19,0.7836840152740479,0.07270856946706772,1.1202263832092285
291,2.3543386459350586,-3.827399730682373,0.2839539647102356,0.284725546836853,0.019632983952760696,1.7667723894119263,1.7652798891067505,8.99436907011066e-18,0.12628252804279327,0.6998778581619263,0.10594068467617035,0.0451241098344326,8.99436907011066e-18,0.6998778581619263,0.10594068467617035,0.0451241098344326,0.0001,0.25,1.0,0.25,0.0,0.0,0.0,0.0,0.0,1.9824731349945068,False,True,25.0,1.0,1.0,1.0,,,,,,,,,,,,,,
292,2.358004093170166,-3.833714485168457,0.2845904529094696,0.2846337556838989,0.01975468546152115,1.7691243886947632,1.768925666809082,3.678967665210233e-18,0.12083054333925247,0.6997964382171631,0.10505818575620651,0.04539240151643753,3.678967665210233e-18,0.6997964382171631,0.10505818575620651,0.04539240151643753,0.0001,0.25,1.0,0.25,0.0,0.0,0.0,0.0,0.0,1.9763116836547852,False,True,25.0,1.0,1.0,1.0,,,,,,,,,,,,,,
293,2.357938766479492,-3.872063636779785,0.28270861506462097,0.282399445772171,0.01998891308903694,1.7722655534744263,1.7734180688858032,1.4357617910363604e-18,0.1194804459810257,0.7002795934677124,0.10532213747501373,0.04512546956539154,1.4357617910363604e-18,0.7002795934677124,0.10532213747501373,0.04512546956539154,0.0001,0.25,1.0,0.25,0.0,0.0,0.0,0.0,0.0,1.9857122898101807,False,True,25.0,1.0,1.0,1.0,,,,,,,,,,,,,,
294,2.354405641555786,-3.9163448810577393,0.2789915204048157,0.2792086601257324,0.0197035800665617,1.7763712406158447,1.77663254737854,9.998374014257617e-19,0.12147227674722672,0.7001243829727173,0.1051732748746872,0.04552656039595604,9.998374014257617e-19,0.7001243829727173,0.1051732748746872,0.04552656039595604,0.0001,0.25,1.0,0.25,0.0,0.0,0.0,0.0,0.0,1.9775434732437134,False,True,25.0,1.0,1.0,1.0,,,,,,,,,,,,,,
295,2.359633445739746,-3.9029977321624756,0.2825796604156494,0.2824978828430176,0.020022699609398842,1.7743431329727173,1.7747232913970947,2.7331499140727065e-18,0.11829660087823868,0.6996226906776428,0.10545231401920319,0.04489454627037048,2.7331499140727065e-18,0.6996226906776428,0.10545231401920319,0.04489454627037048,0.0001,0.25,1.0,0.25,0.0,0.0,0.0,0.0,0.0,1.9913299083709717,False,True,25.0,1.0,1.0,1.0,,,,,,,,,,,,,,
296,2.3564915657043457,-3.8915250301361084,0.28050437569618225,0.2798454165458679,0.020751265808939934,1.7746213674545288,1.776159644126892,1.8256970065405422e-18,0.11976800858974457,0.7001317143440247,0.10562538355588913,0.04557427763938904,1.8256970065405422e-18,0.7001317143440247,0.10562538355588913,0.04557427763938904,0.0001,0.25,1.0,0.25,0.0,0.0,0.0,0.0,0.0,1.9704047441482544,False,True,25.0,1.0,1.0,1.0,,,,,,,,,,,,,,
297,2.3535118103027344,-3.8894364833831787,0.2797132432460785,0.27968549728393555,0.0198439359664917,1.7737998962402344,1.7747383117675781,1.9793884051238136e-18,0.1199938952922821,0.6994583010673523,0.10577056556940079,0.04503416270017624,1.9793884051238136e-18,0.6994583010673523,0.10577056556940079,0.04503416270017624,0.0001,0.25,1.0,0.25,0.0,0.0,0.0,0.0,0.0,1.9983632564544678,False,True,25.0,1.0,1.0,1.0,,,,,,,,,,,,,,
298,2.361793041229248,-3.9038569927215576,0.2801142930984497,0.27955344319343567,0.02024945057928562,1.7813754081726074,1.7823761701583862,2.9943406710876037e-18,0.12309763580560684,0.6992815732955933,0.10536051541566849,0.045929279178380966,2.9943406710876037e-18,0.6992815732955933,0.10536051541566849,0.045929279178380966,0.0001,0.25,1.0,0.25,0.0,0.0,0.0,0.0,0.0,1.9885592460632324,False,True,25.0,1.0,1.0,1.0,,,,,,,,,,,,,,
299,2.355593681335449,-3.941746473312378,0.27892059087753296,0.27938205003738403,0.019884848967194557,1.7776414155960083,1.7771707773208618,1.102412140080553e-17,0.11627797782421112,0.6999694108963013,0.10610654950141907,0.04490794613957405,1.102412140080553e-17,0.6999694108963013,0.10610654950141907,0.04490794613957405,0.0001,0.25,1.0,0.25,0.0,0.0,0.0,0.0,0.0,1.9844905138015747,False,True,25.0,1.0,1.0,1.0,,,,,,,,,,,,,,
300,2.356846570968628,-3.9531712532043457,0.28156009316444397,0.28116467595100403,0.01992681995034218,1.7736741304397583,1.7747159004211426,3.826810896862755e-18,0.11997555196285248,0.699298620223999,0.1061098575592041,0.045139774680137634,8.197234005724055e-19,0.6983838081359863,0.10575424879789352,0.035783857107162476,0.0001,0.25,1.0,0.25,0.0,0.0,0.0,0.0,0.0,2.0008695125579834,False,True,25.0,1.0,1.0,1.0,0.7843905091285706,0.7843905091285706,0.21560949087142944,8.818032264709473,0.0,0.9213434457778931,3.995473623275757,-0.0,1.4709720611572266,0.7838617563247681,8.197234005724055e-19,0.7838616371154785,0.07070933282375336,1.1346466541290283
301,2.3640530109405518,-3.9569830894470215,0.28951406478881836,0.2897913455963135,0.01983691193163395,1.7649158239364624,1.7649054527282715,4.5460237599622985e-18,0.11596246808767319,0.6994635462760925,0.10622639954090118,0.04535270109772682,4.5460237599622985e-18,0.6994635462760925,0.10622639954090118,0.04535270109772682,0.0001,0.25,1.0,0.25,0.0,0.0,0.0,0.0,0.0,1.9966095685958862,False,True,25.0,1.0,1.0,1.0,,,,,,,,,,,,,,
302,2.360341787338257,-3.95978045463562,0.2853543162345886,0.28567370772361755,0.019998369738459587,1.7695279121398926,1.7691030502319336,4.930362891827406e-18,0.11200135946273804,0.6997976303100586,0.10634846985340118,0.04271335154771805,4.930362891827406e-18,0.6997976303100586,0.10634846985340118,0.04271335154771805,0.0001,0.25,1.0,0.25,0.0,0.0,0.0,0.0,0.0,1.9964731931686401,False,True,25.0,1.0,1.0,1.0,,,,,,,,,,,,,,
303,2.355372667312622,-3.9718265533447266,0.2829159200191498,0.2823055684566498,0.019545696675777435,1.769901990890503,1.7713090181350708,3.798973787708508e-18,0.1107812225818634,0.6993323564529419,0.10620726644992828,0.04322812333703041,3.798973787708508e-18,0.6993323564529419,0.10620726644992828,0.04322812333703041,0.0001,0.25,1.0,0.25,0.0,0.0,0.0,0.0,0.0,1.9792437553405762,False,True,25.0,1.0,1.0,1.0,,,,,,,,,,,,,,
304,2.354600429534912,-3.9884283542633057,0.28153562545776367,0.28250378370285034,0.019310060888528824,1.7718924283981323,1.7706093788146973,1.066060612727114e-17,0.11067348718643188,0.6990162134170532,0.10605701804161072,0.04300267994403839,1.066060612727114e-17,0.6990162134170532,0.10605701804161072,0.04300267994403839,0.0001,0.25,1.0,0.25,0.0,0.0,0.0,0.0,0.0,2.016563892364502,False,True,25.0,1.0,1.0,1.0,,,,,,,,,,,,,,
305,2.3606228828430176,-3.991272211074829,0.2842337489128113,0.28469082713127136,0.01999872550368309,1.7718297243118286,1.7715696096420288,5.5921752106800574e-18,0.10637769848108292,0.6988149881362915,0.1058662012219429,0.04065375402569771,5.5921752106800574e-18,0.6988149881362915,0.1058662012219429,0.04065375402569771,0.0001,0.25,1.0,0.25,0.0,0.0,0.0,0.0,0.0,2.034663677215576,False,True,25.0,1.0,1.0,1.0,,,,,,,,,,,,,,
306,2.360858201980591,-4.016116142272949,0.2828207015991211,0.28277885913848877,0.01933492347598076,1.7759613990783691,1.775886058807373,3.77743814046069e-18,0.11142680048942566,0.6996111273765564,0.10582724213600159,0.04356304928660393,3.77743814046069e-18,0.6996111273765564,0.10582724213600159,0.04356304928660393,0.0001,0.25,1.0,0.25,0.0,0.0,0.0,0.0,0.0,2.008531332015991,False,True,25.0,1.0,1.0,1.0,,,,,,,,,,,,,,
307,2.3653650283813477,-4.034934997558594,0.2809199392795563,0.280901163816452,0.019638095051050186,1.7831839323043823,1.7846276760101318,3.4010837830485567e-18,0.10944230109453201,0.6984109878540039,0.10569039732217789,0.04234931245446205,3.4010837830485567e-18,0.6984109878540039,0.10569039732217789,0.04234931245446205,0.0001,0.25,1.0,0.25,0.0,0.0,0.0,0.0,0.0,2.0083508491516113,False,True,25.0,1.0,1.0,1.0,,,,,,,,,,,,,,
308,2.3600311279296875,-4.0430121421813965,0.2819560170173645,0.28184938430786133,0.01948309689760208,1.7761516571044922,1.7773338556289673,2.9611787935351996e-18,0.11329317092895508,0.6991995573043823,0.10580573230981827,0.043420277535915375,2.9611787935351996e-18,0.6991995573043823,0.10580573230981827,0.043420277535915375,0.0001,0.25,1.0,0.25,0.0,0.0,0.0,0.0,0.0,1.9976260662078857,False,True,25.0,1.0,1.0,1.0,,,,,,,,,,,,,,
309,2.3538246154785156,-4.042909145355225,0.28181129693984985,0.28157445788383484,0.019670527428388596,1.770277976989746,1.7712587118148804,1.338038756187407e-17,0.10647573322057724,0.6988552212715149,0.10570254921913147,0.041976749897003174,1.338038756187407e-17,0.6988552212715149,0.10570254921913147,0.041976749897003174,0.0001,0.25,1.0,0.25,0.0,0.0,0.0,0.0,0.0,2.0244596004486084,False,True,25.0,1.0,1.0,1.0,,,,,,,,,,,,,,
310,2.360880136489868,-4.085625171661377,0.2854134440422058,0.2853780686855316,0.020066434517502785,1.7699916362762451,1.7700525522232056,2.5125261622489412e-18,0.10293512791395187,0.6991991400718689,0.10567809641361237,0.040888119488954544,8.117078454552731e-19,0.6979087591171265,0.10556070506572723,0.033096760511398315,0.0001,0.25,1.0,0.25,0.0,0.0,0.0,0.0,0.0,2.0140953063964844,False,True,25.0,1.0,1.0,1.0,0.7836058139801025,0.7836058139801025,0.21639418601989746,8.762187957763672,0.0,0.9239381551742554,3.9906022548675537,-0.0,1.4574288129806519,0.7839387059211731,8.117078454552731e-19,0.7839387059211731,0.06889082491397858,1.1456060409545898
311,2.3591699600219727,-4.071846008300781,0.2899511456489563,0.28971347212791443,0.020025178790092468,1.7592278718948364,1.7597324848175049,1.5104013996343172e-18,0.10252054035663605,0.698840856552124,0.10591141134500504,0.04217907041311264,1.5104013996343172e-18,0.698840856552124,0.10591141134500504,0.04217907041311264,0.0001,0.25,1.0,0.25,0.0,0.0,0.0,0.0,0.0,2.01833438873291,False,True,25.0,1.0,1.0,1.0,,,,,,,,,,,,,,
312,2.3633177280426025,-4.085801124572754,0.28879114985466003,0.28943660855293274,0.019593290984630585,1.7658029794692993,1.7651904821395874,8.32679295674974e-18,0.10419759154319763,0.6989752054214478,0.10574306547641754,0.04284781217575073,8.32679295674974e-18,0.6989752054214478,0.10574306547641754,0.04284781217575073,0.0001,0.25,1.0,0.25,0.0,0.0,0.0,0.0,0.0,2.0014426708221436,False,True,25.0,1.0,1.0,1.0,,,,,,,,,,,,,,
313,2.3580915927886963,-4.103981971740723,0.2841911315917969,0.2853568196296692,0.019512590020895004,1.7700114250183105,1.7680507898330688,2.048528917009518e-18,0.1034298837184906,0.6989647150039673,0.10525361448526382,0.04115308076143265,2.048528917009518e-18,0.6989647150039673,0.10525361448526382,0.04115308076143265,0.0001,0.25,1.0,0.25,0.0,0.0,0.0,0.0,0.0,1.9930903911590576,False,True,25.0,1.0,1.0,1.0,,,,,,,,,,,,,,
314,2.3595170974731445,-4.104756832122803,0.282930850982666,0.28422415256500244,0.0192759707570076,1.7742758989334106,1.771896243095398,4.457926129593257e-18,0.10788539052009583,0.6994577646255493,0.10610482841730118,0.042781420052051544,4.457926129593257e-18,0.6994577646255493,0.10610482841730118,0.042781420052051544,0.0001,0.25,1.0,0.25,0.0,0.0,0.0,0.0,0.0,1.993316888809204,False,True,25.0,1.0,1.0,1.0,,,,,,,,,,,,,,
315,2.360417366027832,-4.0759735107421875,0.2809368371963501,0.28192007541656494,0.01947072148323059,1.7792211771011353,1.7769582271575928,3.362608304036265e-18,0.10896763205528259,0.6992990374565125,0.10549263656139374,0.04232826828956604,3.362608304036265e-18,0.6992990374565125,0.10549263656139374,0.04232826828956604,0.0001,0.25,1.0,0.25,0.0,0.0,0.0,0.0,0.0,2.017239570617676,False,True,25.0,1.0,1.0,1.0,,,,,,,,,,,,,,
316,2.361995220184326,-4.106473445892334,0.2813553512096405,0.2821640074253082,0.0194803886115551,1.7798386812210083,1.7781524658203125,1.1862787416163857e-17,0.10974948853254318,0.6990727186203003,0.10601150244474411,0.04299042746424675,1.1862787416163857e-17,0.6990727186203003,0.10601150244474411,0.04299042746424675,0.0001,0.25,1.0,0.25,0.0,0.0,0.0,0.0,0.0,2.0306084156036377,False,True,25.0,1.0,1.0,1.0,,,,,,,,,,,,,,
317,2.36067271232605,-4.128167629241943,0.2830401062965393,0.2838040888309479,0.01946701854467392,1.7746959924697876,1.7740269899368286,1.787812754871073e-18,0.10632537305355072,0.6989226341247559,0.10535553842782974,0.04306957125663757,1.787812754871073e-18,0.6989226341247559,0.10535553842782974,0.04306957125663757,0.0001,0.25,1.0,0.25,0.0,0.0,0.0,0.0,0.0,2.024989604949951,False,True,25.0,1.0,1.0,1.0,,,,,,,,,,,,,,
318,2.3562381267547607,-4.149364948272705,0.28180164098739624,0.2813783884048462,0.019076721742749214,1.7733838558197021,1.7745789289474487,1.412850956020173e-18,0.10514093935489655,0.6981419920921326,0.10561178624629974,0.042366646230220795,1.412850956020173e-18,0.6981419920921326,0.10561178624629974,0.042366646230220795,0.0001,0.25,1.0,0.25,0.0,0.0,0.0,0.0,0.0,2.0186703205108643,False,True,25.0,1.0,1.0,1.0,,,,,,,,,,,,,,
319,2.358193874359131,-4.145946502685547,0.2830457389354706,0.2824516296386719,0.019222259521484375,1.772398829460144,1.7745496034622192,1.447752849350113e-17,0.10381609946489334,0.6991574168205261,0.10572231560945511,0.04201718047261238,1.447752849350113e-17,0.6991574168205261,0.10572231560945511,0.04201718047261238,0.0001,0.25,1.0,0.25,0.0,0.0,0.0,0.0,0.0,2.0158708095550537,False,True,25.0,1.0,1.0,1.0,,,,,,,,,,,,,,
320,2.3536806106567383,-4.183567047119141,0.28110820055007935,0.2801262438297272,0.01881481148302555,1.7728233337402344,1.7744392156600952,2.5647629901629405e-17,0.09822286665439606,0.69884192943573,0.1054326668381691,0.04075482487678528,1.099837457353101e-18,0.6974619030952454,0.10548585653305054,0.032434456050395966,0.0001,0.25,1.0,0.25,0.0,0.0,0.0,0.0,0.0,2.0350983142852783,False,True,25.0,1.0,1.0,1.0,0.7844719886779785,0.7844719886779785,0.21552801132202148,8.804994583129883,0.0,0.9195656776428223,3.9996674060821533,-0.0,1.4684990644454956,0.7839307188987732,1.099837457353101e-18,0.7839307188987732,0.06754019111394882,1.1514325141906738
321,2.356894016265869,-4.16011905670166,0.28352007269859314,0.28286322951316833,0.019491178914904594,1.7701430320739746,1.7718957662582397,6.2020223890909026e-18,0.09901978075504303,0.6986250281333923,0.10587411373853683,0.040490515530109406,6.2020223890909026e-18,0.6986250281333923,0.10587411373853683,0.040490515530109406,0.0001,0.25,1.0,0.25,0.0,0.0,0.0,0.0,0.0,2.0131406784057617,False,True,25.0,1.0,1.0,1.0,,,,,,,,,,,,,,
322,2.3646748065948486,-4.188581943511963,0.29008108377456665,0.29010289907455444,0.019375290721654892,1.764868974685669,1.765362024307251,3.716807869512084e-18,0.09862986952066422,0.6987414360046387,0.1058746725320816,0.041097790002822876,3.716807869512084e-18,0.6987414360046387,0.1058746725320816,0.041097790002822876,0.0001,0.25,1.0,0.25,0.0,0.0,0.0,0.0,0.0,2.031346321105957,False,True,25.0,1.0,1.0,1.0,,,,,,,,,,,,,,
323,2.360416889190674,-4.194014549255371,0.28666093945503235,0.28647172451019287,0.0194928590208292,1.7677150964736938,1.767867922782898,4.466454775298985e-18,0.10022206604480743,0.6983844041824341,0.1059112548828125,0.04049093648791313,4.466454775298985e-18,0.6983844041824341,0.1059112548828125,0.04049093648791313,0.0001,0.25,1.0,0.25,0.0,0.0,0.0,0.0,0.0,2.036916971206665,False,True,25.0,1.0,1.0,1.0,,,,,,,,,,,,,,
324,2.355721950531006,-4.234877586364746,0.28411367535591125,0.28441786766052246,0.018961453810334206,1.7687433958053589,1.767714500427246,4.079202726906772e-18,0.09839561581611633,0.6979884505271912,0.10538627207279205,0.040385253727436066,4.079202726906772e-18,0.6979884505271912,0.10538627207279205,0.040385253727436066,0.0001,0.25,1.0,0.25,0.0,0.0,0.0,0.0,0.0,2.036163091659546,False,True,25.0,1.0,1.0,1.0,,,,,,,,,,,,,,
325,2.3612682819366455,-4.22202205657959,0.2871536910533905,0.2879844605922699,0.019405817613005638,1.767325758934021,1.7661229372024536,4.170659124153085e-18,0.09729587286710739,0.6985416412353516,0.10553847998380661,0.03986877575516701,4.170659124153085e-18,0.6985416412353516,0.10553847998380661,0.03986877575516701,0.0001,0.25,1.0,0.25,0.0,0.0,0.0,0.0,0.0,2.0320072174072266,False,True,25.0,1.0,1.0,1.0,,,,,,,,,,,,,,
326,2.3572499752044678,-4.228114604949951,0.28567948937416077,0.2863623797893524,0.018804991617798805,1.76695716381073,1.7658493518829346,2.3417807396176334e-17,0.09675014764070511,0.698794424533844,0.10603412985801697,0.03965223580598831,2.3417807396176334e-17,0.698794424533844,0.10603412985801697,0.03965223580598831,0.0001,0.25,1.0,0.25,0.0,0.0,0.0,0.0,0.0,2.025844097137451,False,True,25.0,1.0,1.0,1.0,,,,,,,,,,,,,,
327,2.3640189170837402,-4.222413063049316,0.28373822569847107,0.2842532992362976,0.01909978874027729,1.7774975299835205,1.776357889175415,2.4725700712992104e-17,0.09605918824672699,0.6986590623855591,0.10592503845691681,0.03884964436292648,2.4725700712992104e-17,0.6986590623855591,0.10592503845691681,0.03884964436292648,0.0001,0.25,1.0,0.25,0.0,0.0,0.0,0.0,0.0,2.0126113891601562,False,True,25.0,1.0,1.0,1.0,,,,,,,,,,,,,,
328,2.3638739585876465,-4.2484130859375,0.2858600318431854,0.28653207421302795,0.018749775364995003,1.7731868028640747,1.7722771167755127,2.0495153298899873e-17,0.09210307151079178,0.6983383893966675,0.10534243285655975,0.03903704881668091,2.0495153298899873e-17,0.6983383893966675,0.10534243285655975,0.03903704881668091,0.0001,0.25,1.0,0.25,0.0,0.0,0.0,0.0,0.0,2.0202393531799316,False,True,25.0,1.0,1.0,1.0,,,,,,,,,,,,,,
329,2.359992265701294,-4.255893707275391,0.2857142686843872,0.2863740026950836,0.01895209215581417,1.769580602645874,1.768323302268982,4.822719397174043e-18,0.0917406976222992,0.6981932520866394,0.10567682981491089,0.038677651435136795,4.822719397174043e-18,0.6981932520866394,0.10567682981491089,0.038677651435136795,0.0001,0.25,1.0,0.25,0.0,0.0,0.0,0.0,0.0,2.046657085418701,False,True,25.0,1.0,1.0,1.0,,,,,,,,,,,,,,
330,2.3574230670928955,-4.289071083068848,0.2836182117462158,0.28380563855171204,0.019129948690533638,1.7711174488067627,1.7706209421157837,2.6594922102208808e-17,0.0912289097905159,0.6983193159103394,0.1053030863404274,0.03866266831755638,1.6182534388764868e-18,0.6972000598907471,0.10520192980766296,0.030883202329277992,0.0001,0.25,1.0,0.25,0.0,0.0,0.0,0.0,0.0,2.0411062240600586,False,True,25.0,1.0,1.0,1.0,0.7843102812767029,0.7843102812767029,0.21568971872329712,8.797639846801758,0.0,0.9265808463096619,3.98543119430542,-0.0,1.4651427268981934,0.784035325050354,1.6182534388764868e-18,0.784035325050354,0.06627651304006577,1.1524869203567505
331,2.367842674255371,-4.290988445281982,0.2905985713005066,0.29029279947280884,0.018745556473731995,1.7676401138305664,1.7687711715698242,9.105286545628508e-18,0.0941634476184845,0.6989356279373169,0.10540683567523956,0.03937201946973801,9.105286545628508e-18,0.6989356279373169,0.10540683567523956,0.03937201946973801,0.0001,0.25,1.0,0.25,0.0,0.0,0.0,0.0,0.0,2.012082099914551,False,True,25.0,1.0,1.0,1.0,,,,,,,,,,,,,,
332,2.358787775039673,-4.271518707275391,0.2898338735103607,0.2889435589313507,0.018946968019008636,1.760031819343567,1.7620949745178223,2.307209594455623e-18,0.0952482745051384,0.6985530257225037,0.10546138137578964,0.039724938571453094,2.307209594455623e-18,0.6985530257225037,0.10546138137578964,0.039724938571453094,0.0001,0.25,1.0,0.25,0.0,0.0,0.0,0.0,0.0,2.0262022018432617,False,True,25.0,1.0,1.0,1.0,,,,,,,,,,,,,,
333,2.3599131107330322,-4.288616180419922,0.28604263067245483,0.28630882501602173,0.018473103642463684,1.7691000699996948,1.7690770626068115,1.0659122992432832e-17,0.09411855041980743,0.6984023451805115,0.10495682805776596,0.03979288414120674,1.0659122992432832e-17,0.6984023451805115,0.10495682805776596,0.03979288414120674,0.0001,0.25,1.0,0.25,0.0,0.0,0.0,0.0,0.0,2.0312206745147705,False,True,25.0,1.0,1.0,1.0,,,,,,,,,,,,,,
334,2.3627612590789795,-4.307200908660889,0.2823289632797241,0.28330597281455994,0.01915597729384899,1.7790449857711792,1.776895523071289,5.321635865177239e-18,0.09687651693820953,0.6993549466133118,0.10486583411693573,0.03932999446988106,5.321635865177239e-18,0.6993549466133118,0.10486583411693573,0.03932999446988106,0.0001,0.25,1.0,0.25,0.0,0.0,0.0,0.0,0.0,2.0183520317077637,False,True,25.0,1.0,1.0,1.0,,,,,,,,,,,,,,
335,2.358884572982788,-4.339180946350098,0.2767404019832611,0.2779848575592041,0.01913388818502426,1.7860376834869385,1.784013271331787,4.6426229872310374e-17,0.09996474534273148,0.6982341408729553,0.10501126199960709,0.04060564935207367,4.6426229872310374e-17,0.6982341408729553,0.10501126199960709,0.04060564935207367,0.0001,0.25,1.0,0.25,0.0,0.0,0.0,0.0,0.0,2.0162084102630615,False,True,25.0,1.0,1.0,1.0,,,,,,,,,,,,,,
336,2.361922025680542,-4.341545104980469,0.28170260787010193,0.2832343876361847,0.01910454034805298,1.7793608903884888,1.776399850845337,5.4965638852168906e-18,0.1008552834391594,0.6978281140327454,0.10518728941679001,0.04047437012195587,5.4965638852168906e-18,0.6978281140327454,0.10518728941679001,0.04047437012195587,0.0001,0.25,1.0,0.25,0.0,0.0,0.0,0.0,0.0,2.0272367000579834,False,True,25.0,1.0,1.0,1.0,,,,,,,,,,,,,,
337,2.356886863708496,-4.325825214385986,0.2835186719894409,0.2843136787414551,0.0186864472925663,1.770941138267517,1.7697950601577759,2.9370695392475453e-17,0.09610173851251602,0.6983845829963684,0.10552127659320831,0.03850492462515831,2.9370695392475453e-17,0.6983845829963684,0.10552127659320831,0.03850492462515831,0.0001,0.25,1.0,0.25,0.0,0.0,0.0,0.0,0.0,2.028848648071289,False,True,25.0,1.0,1.0,1.0,,,,,,,,,,,,,,
338,2.364297866821289,-4.325572490692139,0.288070946931839,0.2879345417022705,0.01908431202173233,1.7691445350646973,1.7692713737487793,5.55222859094834e-18,0.09262489527463913,0.6970899701118469,0.10541025549173355,0.03775537386536598,5.55222859094834e-18,0.6970899701118469,0.10541025549173355,0.03775537386536598,0.0001,0.25,1.0,0.25,0.0,0.0,0.0,0.0,0.0,2.0228145122528076,False,True,25.0,1.0,1.0,1.0,,,,,,,,,,,,,,
339,2.368861675262451,-4.395888328552246,0.2942543625831604,0.2929997146129608,0.01860382780432701,1.7613210678100586,1.7646867036819458,8.330920588006379e-18,0.09109071642160416,0.6984059810638428,0.10563383251428604,0.03809358552098274,8.330920588006379e-18,0.6984059810638428,0.10563383251428604,0.03809358552098274,0.0001,0.25,1.0,0.25,0.0,0.0,0.0,0.0,0.0,2.039329767227173,False,True,25.0,1.0,1.0,1.0,,,,,,,,,,,,,,
340,2.360016345977783,-4.424995422363281,0.2887462079524994,0.28747621178627014,0.019069205969572067,1.7633869647979736,1.7660623788833618,2.732903827840472e-18,0.08739127963781357,0.6974745988845825,0.10539993643760681,0.03793289139866829,1.0955033322552558e-18,0.6967604756355286,0.1051994264125824,0.029612045735120773,0.0001,0.25,1.0,0.25,0.0,0.0,0.0,0.0,0.0,2.0408284664154053,False,True,25.0,1.0,1.0,1.0,0.7834864854812622,0.7834864854812622,0.2165135145187378,8.765417098999023,0.0,0.9282145500183105,3.9835004806518555,-0.0,1.4363136291503906,0.7838552594184875,1.0955033322552558e-18,0.7838552594184875,0.06499213725328445,1.1604613065719604
341,2.3671011924743652,-4.406879901885986,0.2903933525085449,0.28957921266555786,0.019052674993872643,1.7672452926635742,1.768906831741333,6.1092598736573684e-18,0.0817200094461441,0.6978680491447449,0.10558132082223892,0.036950625479221344,6.1092598736573684e-18,0.6978680491447449,0.10558132082223892,0.036950625479221344,0.0001,0.25,1.0,0.25,0.0,0.0,0.0,0.0,0.0,2.0367114543914795,False,True,25.0,1.0,1.0,1.0,,,,,,,,,,,,,,
342,2.3676021099090576,-4.3900980949401855,0.28763654828071594,0.287457138299942,0.018792446702718735,1.7730369567871094,1.7743948698043823,2.305735145013747e-18,0.08205147087574005,0.698218822479248,0.10532376915216446,0.035997241735458374,2.305735145013747e-18,0.698218822479248,0.10532376915216446,0.035997241735458374,0.0001,0.25,1.0,0.25,0.0,0.0,0.0,0.0,0.0,2.020879030227661,False,True,25.0,1.0,1.0,1.0,,,,,,,,,,,,,,
343,2.3704285621643066,-4.411458969116211,0.28921443223953247,0.28881749510765076,0.0189548097550869,1.7730270624160767,1.773856520652771,5.45827493543273e-18,0.08172295987606049,0.6981172561645508,0.10558320581912994,0.035921499133110046,5.45827493543273e-18,0.6981172561645508,0.10558320581912994,0.035921499133110046,0.0001,0.25,1.0,0.25,0.0,0.0,0.0,0.0,0.0,2.045257329940796,False,True,25.0,1.0,1.0,1.0,,,,,,,,,,,,,,
344,2.3735153675079346,-4.446126461029053,0.2915570139884949,0.29097428917884827,0.018438704311847687,1.7717945575714111,1.7732962369918823,1.1018852260303568e-17,0.08120165765285492,0.6979507207870483,0.10559691488742828,0.03667092323303223,1.1018852260303568e-17,0.6979507207870483,0.10559691488742828,0.03667092323303223,0.0001,0.25,1.0,0.25,0.0,0.0,0.0,0.0,0.0,2.03273868560791,False,True,25.0,1.0,1.0,1.0,,,,,,,,,,,,,,
345,2.368753433227539,-4.47158145904541,0.2892141342163086,0.28975266218185425,0.018964188173413277,1.7715919017791748,1.7700529098510742,9.77112309816123e-18,0.086036317050457,0.6976370811462402,0.10550125688314438,0.03825764358043671,9.77112309816123e-18,0.6976370811462402,0.10550125688314438,0.03825764358043671,0.0001,0.25,1.0,0.25,0.0,0.0,0.0,0.0,0.0,2.0514743328094482,False,True,25.0,1.0,1.0,1.0,,,,,,,,,,,,,,
346,2.36962628364563,-4.465426921844482,0.29433876276016235,0.2949970066547394,0.018950844183564186,1.7620679140090942,1.7606114149093628,3.363119708449976e-18,0.08323134481906891,0.6973351836204529,0.105628602206707,0.03683524951338768,3.363119708449976e-18,0.6973351836204529,0.105628602206707,0.03683524951338768,0.0001,0.25,1.0,0.25,0.0,0.0,0.0,0.0,0.0,2.043731212615967,False,True,25.0,1.0,1.0,1.0,,,,,,,,,,,,,,
347,2.3714349269866943,-4.431122779846191,0.2920164465904236,0.29215121269226074,0.018971016630530357,1.7685492038726807,1.7680431604385376,1.119952174097495e-17,0.08666709065437317,0.6980797052383423,0.10583425313234329,0.037199925631284714,1.119952174097495e-17,0.6980797052383423,0.10583425313234329,0.037199925631284714,0.0001,0.25,1.0,0.25,0.0,0.0,0.0,0.0,0.0,2.026726484298706,False,True,25.0,1.0,1.0,1.0,,,,,,,,,,,,,,
348,2.3779613971710205,-4.456196308135986,0.2971225082874298,0.2963542640209198,0.01857244223356247,1.7647796869277954,1.7670446634292603,5.856240213528423e-18,0.08503624051809311,0.697242021560669,0.10585790872573853,0.03666757047176361,5.856240213528423e-18,0.697242021560669,0.10585790872573853,0.03666757047176361,0.0001,0.25,1.0,0.25,0.0,0.0,0.0,0.0,0.0,2.051271677017212,False,True,25.0,1.0,1.0,1.0,,,,,,,,,,,,,,
349,2.380336284637451,-4.492336750030518,0.2966000437736511,0.2967029809951782,0.018661346286535263,1.7683899402618408,1.7683539390563965,3.800762565783154e-18,0.08677955716848373,0.6980635523796082,0.10550497472286224,0.03678539767861366,3.800762565783154e-18,0.6980635523796082,0.10550497472286224,0.03678539767861366,0.0001,0.25,1.0,0.25,0.0,0.0,0.0,0.0,0.0,2.029367685317993,False,True,25.0,1.0,1.0,1.0,,,,,,,,,,,,,,
350,2.3746678829193115,-4.521005153656006,0.2904551029205322,0.29080212116241455,0.01911335065960884,1.7746468782424927,1.773947834968567,5.444870887196614e-18,0.08240798860788345,0.697373628616333,0.10475889593362808,0.03569687902927399,1.525245303532434e-18,0.6964524984359741,0.10522323101758957,0.028397101908922195,0.0001,0.25,1.0,0.25,0.0,0.0,0.0,0.0,0.0,2.031187057495117,False,True,25.0,1.0,1.0,1.0,0.7838067412376404,0.7838067412376404,0.21619325876235962,8.782190322875977,0.0,0.9254757165908813,3.988529682159424,-0.0,1.4271931648254395,0.7839985489845276,1.525245303532434e-18,0.7839985489845276,0.06359629333019257,1.1632099151611328
351,2.3646788597106934,-4.483234405517578,0.28658586740493774,0.2871624231338501,0.018273381516337395,1.773390531539917,1.7719236612319946,2.748223874529444e-17,0.08339198678731918,0.6969617009162903,0.105549156665802,0.036498378962278366,2.748223874529444e-17,0.6969617009162903,0.105549156665802,0.036498378962278366,0.0001,0.25,1.0,0.25,0.0,0.0,0.0,0.0,0.0,2.052774667739868,False,True,25.0,1.0,1.0,1.0,,,,,,,,,,,,,,
352,2.3732895851135254,-4.478208541870117,0.29099714756011963,0.2908395826816559,0.01889239251613617,1.7723561525344849,1.7727646827697754,1.290364780609342e-17,0.08012866228818893,0.6980387568473816,0.10537869483232498,0.03495578095316887,1.290364780609342e-17,0.6980387568473816,0.10537869483232498,0.03495578095316887,0.0001,0.25,1.0,0.25,0.0,0.0,0.0,0.0,0.0,2.0290584564208984,False,True,25.0,1.0,1.0,1.0,,,,,,,,,,,,,,
353,2.37212872505188,-4.5114665031433105,0.29388874769210815,0.2930314540863037,0.018562031909823418,1.7654333114624023,1.767859697341919,9.798923811368525e-18,0.07561942934989929,0.6970130801200867,0.10523302108049393,0.0354917012155056,9.798923811368525e-18,0.6970130801200867,0.10523302108049393,0.0354917012155056,0.0001,0.25,1.0,0.25,0.0,0.0,0.0,0.0,0.0,2.0522079467773438,False,True,25.0,1.0,1.0,1.0,,,,,,,,,,,,,,
354,2.362346887588501,-4.549278259277344,0.28999146819114685,0.28955551981925964,0.018444711342453957,1.763858675956726,1.7648515701293945,1.0624126635076938e-17,0.07853976637125015,0.6973605751991272,0.10541193187236786,0.036002423614263535,1.0624126635076938e-17,0.6973605751991272,0.10541193187236786,0.036002423614263535,0.0001,0.25,1.0,0.25,0.0,0.0,0.0,0.0,0.0,2.0275802612304688,False,True,25.0,1.0,1.0,1.0,,,,,,,,,,,,,,
355,2.3712832927703857,-4.584324359893799,0.2904186248779297,0.29105517268180847,0.01904694177210331,1.7712156772613525,1.7703094482421875,2.1402648185848124e-17,0.07730361074209213,0.6976659893989563,0.10559764504432678,0.0347549170255661,2.1402648185848124e-17,0.6976659893989563,0.10559764504432678,0.0347549170255661,0.0001,0.25,1.0,0.25,0.0,0.0,0.0,0.0,0.0,2.057194948196411,False,True,25.0,1.0,1.0,1.0,,,,,,,,,,,,,,
356,2.3604536056518555,-4.575775146484375,0.2881101369857788,0.2891573905944824,0.018508723005652428,1.765578269958496,1.763776183128357,1.766682426123406e-17,0.07902175933122635,0.6978005766868591,0.1052745133638382,0.03552945703268051,1.766682426123406e-17,0.6978005766868591,0.1052745133638382,0.03552945703268051,0.0001,0.25,1.0,0.25,0.0,0.0,0.0,0.0,0.0,2.0318357944488525,False,True,25.0,1.0,1.0,1.0,,,,,,,,,,,,,,
357,2.3731062412261963,-4.567149639129639,0.2884795069694519,0.2889651954174042,0.018643425777554512,1.7775107622146606,1.7765254974365234,5.52178379491302e-18,0.07820375263690948,0.697655975818634,0.10564473271369934,0.03520221263170242,5.52178379491302e-18,0.697655975818634,0.10564473271369934,0.03520221263170242,0.0001,0.25,1.0,0.25,0.0,0.0,0.0,0.0,0.0,2.046933889389038,False,True,25.0,1.0,1.0,1.0,,,,,,,,,,,,,,
358,2.3658790588378906,-4.5690107345581055,0.2850509583950043,0.285790354013443,0.018340812996029854,1.7774783372879028,1.7759153842926025,2.482459677266772e-17,0.0798356682062149,0.6975194811820984,0.1056102067232132,0.03629531338810921,2.482459677266772e-17,0.6975194811820984,0.1056102067232132,0.03629531338810921,0.0001,0.25,1.0,0.25,0.0,0.0,0.0,0.0,0.0,2.0434751510620117,False,True,25.0,1.0,1.0,1.0,,,,,,,,,,,,,,
359,2.368100881576538,-4.597280502319336,0.28762927651405334,0.28847622871398926,0.01855829916894436,1.7744053602218628,1.7724686861038208,6.211174315388189e-18,0.07906327396631241,0.6969016194343567,0.10514594614505768,0.03473343700170517,6.211174315388189e-18,0.6969016194343567,0.10514594614505768,0.03473343700170517,0.0001,0.25,1.0,0.25,0.0,0.0,0.0,0.0,0.0,2.052870988845825,False,True,25.0,1.0,1.0,1.0,,,,,,,,,,,,,,
360,2.37066388130188,-4.620887756347656,0.29010045528411865,0.29127073287963867,0.01840316131711006,1.7719303369522095,1.7698487043380737,1.1704618902515142e-17,0.07805787771940231,0.697322428226471,0.10606087744235992,0.034877173602581024,1.9935060871407757e-18,0.6960923671722412,0.10540470480918884,0.026718048378825188,0.0001,0.25,1.0,0.25,0.0,0.0,0.0,0.0,0.0,2.0544815063476562,False,True,25.0,1.0,1.0,1.0,0.783447265625,0.783447265625,0.216552734375,8.748600959777832,0.0,0.9276859760284424,3.9849796295166016,-0.0,1.4622776508331299,0.7840827107429504,1.9935060871407757e-18,0.7840827107429504,0.06272393465042114,1.1629623174667358
361,2.3714981079101562,-4.612656116485596,0.29504016041755676,0.2953656017780304,0.018279602751135826,1.7632023096084595,1.7624235153198242,2.735651308245067e-18,0.07463276386260986,0.6967753767967224,0.10539266467094421,0.03416886180639267,2.735651308245067e-18,0.6967753767967224,0.10539266467094421,0.03416886180639267,0.0001,0.25,1.0,0.25,0.0,0.0,0.0,0.0,0.0,2.056403636932373,False,True,25.0,1.0,1.0,1.0,,,,,,,,,,,,,,
362,2.3613734245300293,-4.609832763671875,0.2891898453235626,0.2894103527069092,0.018365688621997833,1.7646294832229614,1.7641855478286743,1.1969398589412754e-17,0.07414141297340393,0.696650505065918,0.10562904924154282,0.03404194489121437,1.1969398589412754e-17,0.696650505065918,0.10562904924154282,0.03404194489121437,0.0001,0.25,1.0,0.25,0.0,0.0,0.0,0.0,0.0,2.048018217086792,False,True,25.0,1.0,1.0,1.0,,,,,,,,,,,,,,
363,2.371494770050049,-4.621955871582031,0.2983023226261139,0.2985576093196869,0.01823125220835209,1.756206750869751,1.7566006183624268,1.149600726075172e-18,0.07023715227842331,0.6966896057128906,0.10560217499732971,0.03344079852104187,1.149600726075172e-18,0.6966896057128906,0.10560217499732971,0.03344079852104187,0.0001,0.25,1.0,0.25,0.0,0.0,0.0,0.0,0.0,2.0310237407684326,False,True,25.0,1.0,1.0,1.0,,,,,,,,,,,,,,
364,2.3826944828033447,-4.642091274261475,0.29830941557884216,0.2978109121322632,0.01840878464281559,1.7676795721054077,1.768651008605957,1.2384832681274649e-17,0.07320056110620499,0.6971437931060791,0.10568486154079437,0.033342648297548294,1.2384832681274649e-17,0.6971437931060791,0.10568486154079437,0.033342648297548294,0.0001,0.25,1.0,0.25,0.0,0.0,0.0,0.0,0.0,2.0194668769836426,False,True,25.0,1.0,1.0,1.0,,,,,,,,,,,,,,
365,2.3765220642089844,-4.687543869018555,0.2921077609062195,0.29262471199035645,0.018898634240031242,1.773103952407837,1.772678256034851,6.8950975856046895e-18,0.07072856277227402,0.6975018382072449,0.10573363304138184,0.033865660429000854,6.8950975856046895e-18,0.6975018382072449,0.10573363304138184,0.033865660429000854,0.0001,0.25,1.0,0.25,0.0,0.0,0.0,0.0,0.0,2.033787727355957,False,True,25.0,1.0,1.0,1.0,,,,,,,,,,,,,,
366,2.3733930587768555,-4.679911136627197,0.29152658581733704,0.2918021082878113,0.018324114382267,1.7720016241073608,1.7714788913726807,8.455891862131503e-18,0.07239235192537308,0.6976100206375122,0.10553581267595291,0.03276468440890312,8.455891862131503e-18,0.6976100206375122,0.10553581267595291,0.03276468440890312,0.0001,0.25,1.0,0.25,0.0,0.0,0.0,0.0,0.0,2.012014865875244,False,True,25.0,1.0,1.0,1.0,,,,,,,,,,,,,,
367,2.368506908416748,-4.669988632202148,0.2898418605327606,0.2898136377334595,0.017889339476823807,1.7707860469818115,1.7711378335952759,1.9435733457566457e-17,0.07141706347465515,0.6973596215248108,0.10553355515003204,0.03382212296128273,1.9435733457566457e-17,0.6973596215248108,0.10553355515003204,0.03382212296128273,0.0001,0.25,1.0,0.25,0.0,0.0,0.0,0.0,0.0,2.0206284523010254,False,True,25.0,1.0,1.0,1.0,,,,,,,,,,,,,,
368,2.375570297241211,-4.6587371826171875,0.29309922456741333,0.29294201731681824,0.01826774701476097,1.77117919921875,1.771343469619751,8.212130007418251e-18,0.0706009790301323,0.6973778009414673,0.1051587238907814,0.033450402319431305,8.212130007418251e-18,0.6973778009414673,0.1051587238907814,0.033450402319431305,0.0001,0.25,1.0,0.25,0.0,0.0,0.0,0.0,0.0,2.034615993499756,False,True,25.0,1.0,1.0,1.0,,,,,,,,,,,,,,
369,2.370638608932495,-4.693001747131348,0.2951410412788391,0.2950107455253601,0.017578352242708206,1.762622594833374,1.7631944417953491,1.734629177386976e-17,0.07029739022254944,0.6971850395202637,0.10549377650022507,0.033220499753952026,1.734629177386976e-17,0.6971850395202637,0.10549377650022507,0.033220499753952026,0.0001,0.25,1.0,0.25,0.0,0.0,0.0,0.0,0.0,2.024472713470459,False,True,25.0,1.0,1.0,1.0,,,,,,,,,,,,,,
370,2.3762972354888916,-4.738860607147217,0.2939700186252594,0.29406923055648804,0.018894987180829048,1.7695649862289429,1.7691608667373657,4.513536654994585e-18,0.0741848349571228,0.6974693536758423,0.10521836578845978,0.03305863216519356,1.835560545288414e-18,0.6958653926849365,0.10486717522144318,0.026201069355010986,0.0001,0.25,1.0,0.25,0.0,0.0,0.0,0.0,0.0,2.006044864654541,False,True,25.0,1.0,1.0,1.0,0.7831486463546753,0.7831486463546753,0.2168513536453247,8.743417739868164,0.0,0.9285988807678223,3.9815144538879395,-0.0,1.4430458545684814,0.7839147448539734,1.835560545288414e-18,0.7839147448539734,0.0626753568649292,1.153672695159912
371,2.3769192695617676,-4.738283157348633,0.294520765542984,0.2950282692909241,0.01835082471370697,1.7693332433700562,1.7687053680419922,1.1125092856638041e-17,0.07636620849370956,0.6963201761245728,0.10465715080499649,0.03470437601208687,1.1125092856638041e-17,0.6963201761245728,0.10465715080499649,0.03470437601208687,0.0001,0.25,1.0,0.25,0.0,0.0,0.0,0.0,0.0,2.021878242492676,False,True,25.0,1.0,1.0,1.0,,,,,,,,,,,,,,
372,2.368135929107666,-4.719841480255127,0.2931762635707855,0.29345884919166565,0.017945919185876846,1.7637885808944702,1.7633211612701416,1.2102547371073577e-17,0.07231469452381134,0.6967103481292725,0.10527272522449493,0.03316456824541092,1.2102547371073577e-17,0.6967103481292725,0.10527272522449493,0.03316456824541092,0.0001,0.25,1.0,0.25,0.0,0.0,0.0,0.0,0.0,2.0179247856140137,False,True,25.0,1.0,1.0,1.0,,,,,,,,,,,,,,
373,2.37225079536438,-4.710970401763916,0.29311391711235046,0.29316046833992004,0.017936430871486664,1.767959475517273,1.768120527267456,1.1298962912674237e-17,0.06831641495227814,0.6972686648368835,0.10473111271858215,0.03223472461104393,1.1298962912674237e-17,0.6972686648368835,0.10473111271858215,0.03223472461104393,0.0001,0.25,1.0,0.25,0.0,0.0,0.0,0.0,0.0,1.9998579025268555,False,True,25.0,1.0,1.0,1.0,,,,,,,,,,,,,,
374,2.377427101135254,-4.74741268157959,0.29391366243362427,0.2937549650669098,0.017854314297437668,1.7715622186660767,1.7722463607788086,1.2902455011650119e-17,0.0680798664689064,0.6964502334594727,0.10513115674257278,0.032402798533439636,1.2902455011650119e-17,0.6964502334594727,0.10513115674257278,0.032402798533439636,0.0001,0.25,1.0,0.25,0.0,0.0,0.0,0.0,0.0,2.0110485553741455,False,True,25.0,1.0,1.0,1.0,,,,,,,,,,,,,,
375,2.3838605880737305,-4.771922588348389,0.2953517735004425,0.2961161136627197,0.01839400641620159,1.774413824081421,1.7735834121704102,1.8019883144645167e-17,0.07095091789960861,0.6966747641563416,0.10456974804401398,0.03387162461876869,1.8019883144645167e-17,0.6966747641563416,0.10456974804401398,0.03387162461876869,0.0001,0.25,1.0,0.25,0.0,0.0,0.0,0.0,0.0,2.0300791263580322,False,True,25.0,1.0,1.0,1.0,,,,,,,,,,,,,,
376,2.379537343978882,-4.787553787231445,0.2936553955078125,0.29434892535209656,0.01843857206404209,1.7740041017532349,1.7721847295761108,3.992147674981793e-17,0.07199268043041229,0.6970357894897461,0.10514219850301743,0.033857326954603195,3.992147674981793e-17,0.6970357894897461,0.10514219850301743,0.033857326954603195,0.0001,0.25,1.0,0.25,0.0,0.0,0.0,0.0,0.0,2.0068647861480713,False,True,25.0,1.0,1.0,1.0,,,,,,,,,,,,,,
377,2.365924119949341,-4.786531925201416,0.2902129888534546,0.2914237082004547,0.01779179647564888,1.767435908317566,1.7655553817749023,1.814027266535736e-17,0.07219342142343521,0.6968512535095215,0.10494500398635864,0.034526318311691284,1.814027266535736e-17,0.6968512535095215,0.10494500398635864,0.034526318311691284,0.0001,0.25,1.0,0.25,0.0,0.0,0.0,0.0,0.0,2.010004758834839,False,True,25.0,1.0,1.0,1.0,,,,,,,,,,,,,,
378,2.382431983947754,-4.78348445892334,0.29924139380455017,0.299421101808548,0.017773618921637535,1.7662386894226074,1.765753149986267,1.5320478477251868e-17,0.06846809387207031,0.6967886686325073,0.10524459928274155,0.03341985493898392,1.5320478477251868e-17,0.6967886686325073,0.10524459928274155,0.03341985493898392,0.0001,0.25,1.0,0.25,0.0,0.0,0.0,0.0,0.0,2.0272023677825928,False,True,25.0,1.0,1.0,1.0,,,,,,,,,,,,,,
379,2.3656363487243652,-4.794447898864746,0.2916095554828644,0.2915688753128052,0.01797804795205593,1.7644741535186768,1.7644857168197632,4.0454922218130924e-18,0.0678400844335556,0.6964585781097412,0.10568210482597351,0.032691020518541336,4.0454922218130924e-18,0.6964585781097412,0.10568210482597351,0.032691020518541336,0.0001,0.25,1.0,0.25,0.0,0.0,0.0,0.0,0.0,2.040889024734497,False,True,25.0,1.0,1.0,1.0,,,,,,,,,,,,,,
380,2.372703790664673,-4.816012382507324,0.2941615581512451,0.2941127121448517,0.018264135345816612,1.7659579515457153,1.7663730382919312,3.789072022185942e-18,0.0630408450961113,0.6965417265892029,0.1052301675081253,0.03239399939775467,1.6586183494308189e-18,0.6955053210258484,0.10542823374271393,0.025037096813321114,0.0001,0.25,1.0,0.25,0.0,0.0,0.0,0.0,0.0,2.0385725498199463,False,True,25.0,1.0,1.0,1.0,0.7844657897949219,0.7844657897949219,0.21553421020507812,8.709238052368164,0.0,0.9316259622573853,3.9795382022857666,-0.0,1.4574828147888184,0.7840006947517395,1.6586183494308189e-18,0.7840006947517395,0.0616614855825901,1.1613178253173828
381,2.376504421234131,-4.8512492179870605,0.29309138655662537,0.2932344377040863,0.017860090360045433,1.7724424600601196,1.7721946239471436,5.053296820103812e-18,0.06373507529497147,0.696373462677002,0.10543891042470932,0.03160123899579048,5.053296820103812e-18,0.696373462677002,0.10543891042470932,0.03160123899579048,0.0001,0.25,1.0,0.25,0.0,0.0,0.0,0.0,0.0,2.0388987064361572,False,True,25.0,1.0,1.0,1.0,,,,,,,,,,,,,,
382,2.380852699279785,-4.822520732879639,0.2978372275829315,0.2979223430156708,0.018200421705842018,1.766961932182312,1.766823649406433,8.709148095915638e-18,0.06296677887439728,0.696785032749176,0.10556503385305405,0.03158983960747719,8.709148095915638e-18,0.696785032749176,0.10556503385305405,0.03158983960747719,0.0001,0.25,1.0,0.25,0.0,0.0,0.0,0.0,0.0,2.035203218460083,False,True,25.0,1.0,1.0,1.0,,,,,,,,,,,,,,
383,2.372124433517456,-4.82806396484375,0.29517021775245667,0.2950722873210907,0.018042033538222313,1.763662576675415,1.7640172243118286,1.2906704238456804e-17,0.06004239618778229,0.6961503624916077,0.10459735244512558,0.03155596926808357,1.2906704238456804e-17,0.6961503624916077,0.10459735244512558,0.03155596926808357,0.0001,0.25,1.0,0.25,0.0,0.0,0.0,0.0,0.0,2.030302047729492,False,True,25.0,1.0,1.0,1.0,,,,,,,,,,,,,,
384,2.3790061473846436,-4.865954399108887,0.2941384017467499,0.2942953407764435,0.01828717067837715,1.7720682621002197,1.7725021839141846,5.7974793707641875e-18,0.061827514320611954,0.6964075565338135,0.10502617806196213,0.03233612701296806,5.7974793707641875e-18,0.6964075565338135,0.10502617806196213,0.03233612701296806,0.0001,0.25,1.0,0.25,0.0,0.0,0.0,0.0,0.0,2.0236754417419434,False,True,25.0,1.0,1.0,1.0,,,,,,,,,,,,,,
385,2.3798837661743164,-4.871921539306641,0.2976638674736023,0.29797273874282837,0.017691317945718765,1.7664780616760254,1.7666335105895996,8.222852749698776e-18,0.06491252034902573,0.6958809494972229,0.10552609711885452,0.03264990448951721,8.222852749698776e-18,0.6958809494972229,0.10552609711885452,0.03264990448951721,0.0001,0.25,1.0,0.25,0.0,0.0,0.0,0.0,0.0,2.021038293838501,False,True,25.0,1.0,1.0,1.0,,,,,,,,,,,,,,
386,2.379848003387451,-4.877419948577881,0.2987971901893616,0.2985946834087372,0.01780335046350956,1.7644039392471313,1.7649017572402954,2.173499157158876e-18,0.06223495304584503,0.6961859464645386,0.10477425903081894,0.03245239332318306,2.173499157158876e-18,0.6961859464645386,0.10477425903081894,0.03245239332318306,0.0001,0.25,1.0,0.25,0.0,0.0,0.0,0.0,0.0,1.9773361682891846,False,True,25.0,1.0,1.0,1.0,,,,,,,,,,,,,,
387,2.378377914428711,-4.8858537673950195,0.29388052225112915,0.29327133297920227,0.017968762665987015,1.7726688385009766,1.773845911026001,1.4113276202040953e-17,0.062108684331178665,0.6962370872497559,0.10502560436725616,0.03239677846431732,1.4113276202040953e-17,0.6962370872497559,0.10502560436725616,0.03239677846431732,0.0001,0.25,1.0,0.25,0.0,0.0,0.0,0.0,0.0,2.0293872356414795,False,True,25.0,1.0,1.0,1.0,,,,,,,,,,,,,,
388,2.384459972381592,-4.913536071777344,0.29836907982826233,0.298490971326828,0.017880074679851532,1.7700989246368408,1.7693408727645874,1.0931317526341369e-17,0.06167563050985336,0.6966629028320312,0.1043531596660614,0.03143637627363205,1.0931317526341369e-17,0.6966629028320312,0.1043531596660614,0.03143637627363205,0.0001,0.25,1.0,0.25,0.0,0.0,0.0,0.0,0.0,2.030473470687866,False,True,25.0,1.0,1.0,1.0,,,,,,,,,,,,,,
389,2.3802690505981445,-4.927733421325684,0.2993782162666321,0.30081918835639954,0.01778915524482727,1.7638658285140991,1.7606993913650513,2.951894931930211e-17,0.06336557120084763,0.6963725686073303,0.10487062484025955,0.031227324157953262,2.951894931930211e-17,0.6963725686073303,0.10487062484025955,0.031227324157953262,0.0001,0.25,1.0,0.25,0.0,0.0,0.0,0.0,0.0,2.0198781490325928,False,True,25.0,1.0,1.0,1.0,,,,,,,,,,,,,,
390,2.3813884258270264,-4.901851177215576,0.2994127571582794,0.3004293441772461,0.0179106667637825,1.7647912502288818,1.7624802589416504,1.557691522049127e-18,0.05883945897221565,0.6968117356300354,0.10455092787742615,0.030730174854397774,1.843565661777496e-18,0.6952665448188782,0.10457500070333481,0.023696579039096832,0.0001,0.25,1.0,0.25,0.0,0.0,0.0,0.0,0.0,2.021470308303833,False,True,25.0,1.0,1.0,1.0,0.7843388915061951,0.7843388915061951,0.21566110849380493,8.743274688720703,0.0,0.9298481345176697,3.9808764457702637,-0.0,1.4552524089813232,0.7840092778205872,1.843565661777496e-18,0.7840092778205872,0.06111646071076393,1.1594548225402832
391,2.3764805793762207,-4.8632731437683105,0.29677075147628784,0.29727721214294434,0.017900438979268074,1.7650429010391235,1.7640211582183838,1.4300458902855578e-17,0.05802951008081436,0.6965628266334534,0.10492179542779922,0.03089970164000988,1.4300458902855578e-17,0.6965628266334534,0.10492179542779922,0.03089970164000988,0.0001,0.25,1.0,0.25,0.0,0.0,0.0,0.0,0.0,2.00964617729187,False,True,25.0,1.0,1.0,1.0,,,,,,,,,,,,,,
392,2.3806145191192627,-4.936384201049805,0.2974226176738739,0.2975042760372162,0.01804700866341591,1.767680048942566,1.7676011323928833,3.0391076858389735e-18,0.05990339443087578,0.6962950229644775,0.10451189428567886,0.03168909251689911,3.0391076858389735e-18,0.6962950229644775,0.10451189428567886,0.03168909251689911,0.0001,0.25,1.0,0.25,0.0,0.0,0.0,0.0,0.0,2.0421111583709717,False,True,25.0,1.0,1.0,1.0,,,,,,,,,,,,,,
393,2.3761940002441406,-4.997674465179443,0.29672771692276,0.296994149684906,0.017592936754226685,1.765449047088623,1.7643091678619385,2.3308335005188616e-17,0.05678681284189224,0.6959865093231201,0.10450156033039093,0.031229784712195396,2.3308335005188616e-17,0.6959865093231201,0.10450156033039093,0.031229784712195396,0.0001,0.25,1.0,0.25,0.0,0.0,0.0,0.0,0.0,2.0087695121765137,False,True,25.0,1.0,1.0,1.0,,,,,,,,,,,,,,
394,2.3809938430786133,-4.979478359222412,0.29611995816230774,0.2963552474975586,0.017607474699616432,1.771113395690918,1.7707087993621826,1.1394084547214773e-17,0.05728279426693916,0.6966793537139893,0.10493329167366028,0.032103754580020905,1.1394084547214773e-17,0.6966793537139893,0.10493329167366028,0.032103754580020905,0.0001,0.25,1.0,0.25,0.0,0.0,0.0,0.0,0.0,2.022289752960205,False,True,25.0,1.0,1.0,1.0,,,,,,,,,,,,,,
395,2.380472421646118,-4.9616193771362305,0.29857543110847473,0.2989940643310547,0.017920242622494698,1.7655224800109863,1.764442801475525,1.2302121237464246e-17,0.05406675860285759,0.6962200403213501,0.10486423224210739,0.030486606061458588,1.2302121237464246e-17,0.6962200403213501,0.10486423224210739,0.030486606061458588,0.0001,0.25,1.0,0.25,0.0,0.0,0.0,0.0,0.0,2.0418994426727295,False,True,25.0,1.0,1.0,1.0,,,,,,,,,,,,,,
396,2.3758959770202637,-4.963691711425781,0.29766640067100525,0.2969450354576111,0.01724269986152649,1.7633271217346191,1.764756441116333,7.120551865410611e-18,0.055732108652591705,0.6967498660087585,0.10480530560016632,0.030002322047948837,7.120551865410611e-18,0.6967498660087585,0.10480530560016632,0.030002322047948837,0.0001,0.25,1.0,0.25,0.0,0.0,0.0,0.0,0.0,2.031256914138794,False,True,25.0,1.0,1.0,1.0,,,,,,,,,,,,,,
397,2.3892083168029785,-4.994712829589844,0.30109456181526184,0.30097854137420654,0.017865408211946487,1.7692863941192627,1.7692532539367676,1.510058409193322e-17,0.058228570967912674,0.6964541673660278,0.10510257631540298,0.03193435072898865,1.510058409193322e-17,0.6964541673660278,0.10510257631540298,0.03193435072898865,0.0001,0.25,1.0,0.25,0.0,0.0,0.0,0.0,0.0,2.03196120262146,False,True,25.0,1.0,1.0,1.0,,,,,,,,,,,,,,
398,2.381723642349243,-5.038875102996826,0.3008604645729065,0.301175594329834,0.017545923590660095,1.7630268335342407,1.7612566947937012,1.0663054912756541e-16,0.058810971677303314,0.6955788731575012,0.10499437898397446,0.031955085694789886,1.0663054912756541e-16,0.6955788731575012,0.10499437898397446,0.031955085694789886,0.0001,0.25,1.0,0.25,0.0,0.0,0.0,0.0,0.0,2.049276828765869,False,True,25.0,1.0,1.0,1.0,,,,,,,,,,,,,,
399,2.3833086490631104,-5.025542736053467,0.2972640097141266,0.2977880537509918,0.01816696859896183,1.770825743675232,1.7693535089492798,3.5117896657657136e-17,0.06147016957402229,0.6963128447532654,0.10495316237211227,0.03158422186970711,3.5117896657657136e-17,0.6963128447532654,0.10495316237211227,0.03158422186970711,0.0001,0.25,1.0,0.25,0.0,0.0,0.0,0.0,0.0,2.0011844635009766,False,True,25.0,1.0,1.0,1.0,,,,,,,,,,,,,,
400,2.3778674602508545,-4.985526084899902,0.2961471974849701,0.2965174615383148,0.017604287713766098,1.768034815788269,1.7671622037887573,6.9213431992603845e-18,0.06091576814651489,0.6956848502159119,0.10486041754484177,0.031781937927007675,2.0222163440744787e-18,0.6948497295379639,0.10479940474033356,0.023720940575003624,0.0001,0.25,1.0,0.25,0.0,0.0,0.0,0.0,0.0,2.006749391555786,False,True,25.0,1.0,1.0,1.0,0.7844964861869812,0.7844964861869812,0.2155035138130188,8.738251686096191,0.0,0.9340764880180359,3.976780414581299,-0.0,1.4440622329711914,0.7839174866676331,2.0222163440744787e-18,0.7839174866676331,0.06099073588848114,1.1563525199890137
401,2.3735597133636475,-4.998538494110107,0.29675182700157166,0.2959517240524292,0.0172757375985384,1.76292884349823,1.7642320394515991,4.304800522548972e-18,0.0545969158411026,0.696216344833374,0.10469969362020493,0.03082093596458435,4.304800522548972e-18,0.696216344833374,0.10469969362020493,0.03082093596458435,0.0001,0.25,1.0,0.25,0.0,0.0,0.0,0.0,0.0,2.025085210800171,False,True,25.0,1.0,1.0,1.0,,,,,,,,,,,,,,
402,2.3822858333587646,-5.039364337921143,0.3002001643180847,0.299190491437912,0.01735485903918743,1.764507532119751,1.766573190689087,1.3457125934481227e-17,0.05801864713430405,0.6955913305282593,0.1044376790523529,0.030482741072773933,1.3457125934481227e-17,0.6955913305282593,0.1044376790523529,0.030482741072773933,0.0001,0.25,1.0,0.25,0.0,0.0,0.0,0.0,0.0,2.009190082550049,False,True,25.0,1.0,1.0,1.0,,,,,,,,,,,,,,
403,2.3785650730133057,-5.08411979675293,0.29643577337265015,0.29580235481262207,0.017208168283104897,1.768504023551941,1.7697334289550781,3.803733467671199e-17,0.055909864604473114,0.6954944729804993,0.10442876070737839,0.029562629759311676,3.803733467671199e-17,0.6954944729804993,0.10442876070737839,0.029562629759311676,0.0001,0.25,1.0,0.25,0.0,0.0,0.0,0.0,0.0,2.0261619091033936,False,True,25.0,1.0,1.0,1.0,,,,,,,,,,,,,,
404,2.385589361190796,-5.077993869781494,0.3002166450023651,0.29992246627807617,0.01767151430249214,1.7672520875930786,1.7683050632476807,2.910337791545853e-18,0.05385587364435196,0.6962425708770752,0.10447045415639877,0.028855333104729652,2.910337791545853e-18,0.6962425708770752,0.10447045415639877,0.028855333104729652,0.0001,0.25,1.0,0.25,0.0,0.0,0.0,0.0,0.0,2.0249974727630615,False,True,25.0,1.0,1.0,1.0,,,,,,,,,,,,,,
405,2.377744197845459,-5.057921409606934,0.2956102788448334,0.29545190930366516,0.017765069380402565,1.7682865858078003,1.7695475816726685,2.990812952570218e-18,0.05201050639152527,0.69505375623703,0.10457666218280792,0.028271179646253586,2.990812952570218e-18,0.69505375623703,0.10457666218280792,0.028271179646253586,0.0001,0.25,1.0,0.25,0.0,0.0,0.0,0.0,0.0,2.021164894104004,False,True,25.0,1.0,1.0,1.0,,,,,,,,,,,,,,
406,2.374988317489624,-5.063821792602539,0.29346969723701477,0.29347601532936096,0.017479663714766502,1.770376443862915,1.7707492113113403,8.80803009352084e-18,0.0503670834004879,0.6954629421234131,0.10433480143547058,0.028371993452310562,8.80803009352084e-18,0.6954629421234131,0.10433480143547058,0.028371993452310562,0.0001,0.25,1.0,0.25,0.0,0.0,0.0,0.0,0.0,2.0025863647460938,False,True,25.0,1.0,1.0,1.0,,,,,,,,,,,,,,
407,2.374704122543335,-5.09433126449585,0.2935837209224701,0.2937474548816681,0.0176716186106205,1.7695987224578857,1.7698040008544922,6.381232723161741e-18,0.05350099876523018,0.6958245635032654,0.1039087176322937,0.02876279503107071,6.381232723161741e-18,0.6958245635032654,0.1039087176322937,0.02876279503107071,0.0001,0.25,1.0,0.25,0.0,0.0,0.0,0.0,0.0,2.0161943435668945,False,True,25.0,1.0,1.0,1.0,,,,,,,,,,,,,,
408,2.3819875717163086,-5.14693546295166,0.2977392375469208,0.2981238067150116,0.017615245655179024,1.768855094909668,1.7681632041931152,2.9988893786350634e-17,0.054915547370910645,0.695621132850647,0.10438030958175659,0.03032488375902176,2.9988893786350634e-17,0.695621132850647,0.10438030958175659,0.03032488375902176,0.0001,0.25,1.0,0.25,0.0,0.0,0.0,0.0,0.0,2.0282602310180664,False,True,25.0,1.0,1.0,1.0,,,,,,,,,,,,,,
409,2.38623046875,-5.121772766113281,0.30021196603775024,0.30087175965309143,0.01716790162026882,1.7685540914535522,1.7674031257629395,4.0786303179228856e-18,0.05482123792171478,0.6953174471855164,0.10377676784992218,0.030713193118572235,4.0786303179228856e-18,0.6953174471855164,0.10377676784992218,0.030713193118572235,0.0001,0.25,1.0,0.25,0.0,0.0,0.0,0.0,0.0,2.0140373706817627,False,True,25.0,1.0,1.0,1.0,,,,,,,,,,,,,,
410,2.383108615875244,-5.0785136222839355,0.30269914865493774,0.302874356508255,0.017475275322794914,1.7601410150527954,1.7599786520004272,3.098520346925901e-18,0.057328082621097565,0.696298360824585,0.10400934517383575,0.029321862384676933,2.424336911234722e-18,0.6944602727890015,0.10389485210180283,0.02213817834854126,0.0001,0.25,1.0,0.25,0.0,0.0,0.0,0.0,0.0,1.9871795177459717,False,True,25.0,1.0,1.0,1.0,0.7855300307273865,0.7855300307273865,0.21446996927261353,8.754874229431152,0.0,0.9346050024032593,3.9736037254333496,-0.0,1.4304345846176147,0.7840642929077148,2.424336911234722e-18,0.7840642929077148,0.06149980053305626,1.1448478698730469
411,2.3863377571105957,-5.1125168800354,0.30363190174102783,0.30279797315597534,0.017178857699036598,1.761740803718567,1.7637171745300293,1.1983286124716907e-17,0.053104467689991,0.6955059766769409,0.104434534907341,0.02945692650973797,1.1983286124716907e-17,0.6955059766769409,0.104434534907341,0.02945692650973797,0.0001,0.25,1.0,0.25,0.0,0.0,0.0,0.0,0.0,2.020604372024536,False,True,25.0,1.0,1.0,1.0,,,,,,,,,,,,,,
412,2.378715991973877,-5.157527923583984,0.2985830008983612,0.2983565926551819,0.017492234706878662,1.7642945051193237,1.7642736434936523,1.1500546000772798e-17,0.053221940994262695,0.6961549520492554,0.10427683591842651,0.02839728258550167,1.1500546000772798e-17,0.6961549520492554,0.10427683591842651,0.02839728258550167,0.0001,0.25,1.0,0.25,0.0,0.0,0.0,0.0,0.0,2.012101650238037,False,True,25.0,1.0,1.0,1.0,,,,,,,,,,,,,,
413,2.3824665546417236,-5.170757293701172,0.2984684407711029,0.2981414794921875,0.01713474467396736,1.7682907581329346,1.7691527605056763,3.5318746863732975e-18,0.05288209766149521,0.6954817175865173,0.10398228466510773,0.027999769896268845,3.5318746863732975e-18,0.6954817175865173,0.10398228466510773,0.027999769896268845,0.0001,0.25,1.0,0.25,0.0,0.0,0.0,0.0,0.0,2.0072479248046875,False,True,25.0,1.0,1.0,1.0,,,,,,,,,,,,,,
414,2.3767638206481934,-5.1779656410217285,0.29470762610435486,0.2952048182487488,0.017400821670889854,1.7700221538543701,1.7688789367675781,5.236157833090092e-17,0.048758093267679214,0.6953930258750916,0.10475689172744751,0.027618391439318657,5.236157833090092e-17,0.6953930258750916,0.10475689172744751,0.027618391439318657,0.0001,0.25,1.0,0.25,0.0,0.0,0.0,0.0,0.0,2.001936674118042,False,True,25.0,1.0,1.0,1.0,,,,,,,,,,,,,,
415,2.3817861080169678,-5.162997245788574,0.2986399233341217,0.2994218170642853,0.017511950805783272,1.7667672634124756,1.765657663345337,8.939712283955606e-18,0.0507059171795845,0.6956778168678284,0.10444830358028412,0.027386320754885674,8.939712283955606e-18,0.6956778168678284,0.10444830358028412,0.027386320754885674,0.0001,0.25,1.0,0.25,0.0,0.0,0.0,0.0,0.0,2.0060126781463623,False,True,25.0,1.0,1.0,1.0,,,,,,,,,,,,,,
416,2.384699583053589,-5.192181587219238,0.2989431917667389,0.29977932572364807,0.01742507703602314,1.7691718339920044,1.7679322957992554,6.139526412270684e-18,0.04650339484214783,0.6946998834609985,0.10429908335208893,0.02758956514298916,6.139526412270684e-18,0.6946998834609985,0.10429908335208893,0.02758956514298916,0.0001,0.25,1.0,0.25,0.0,0.0,0.0,0.0,0.0,1.9955108165740967,False,True,25.0,1.0,1.0,1.0,,,,,,,,,,,,,,
417,2.3792996406555176,-5.201537132263184,0.3024909496307373,0.30269855260849,0.017317742109298706,1.7568447589874268,1.7567397356033325,1.1433279673359985e-17,0.048504073172807693,0.6953287720680237,0.10486026853322983,0.02908543311059475,1.1433279673359985e-17,0.6953287720680237,0.10486026853322983,0.02908543311059475,0.0001,0.25,1.0,0.25,0.0,0.0,0.0,0.0,0.0,2.0233843326568604,False,True,25.0,1.0,1.0,1.0,,,,,,,,,,,,,,
418,2.3808817863464355,-5.220123291015625,0.30305153131484985,0.3035423755645752,0.017554936930537224,1.757226824760437,1.7562388181686401,1.8642788196205774e-17,0.047138750553131104,0.6951506733894348,0.10436346381902695,0.027681836858391762,1.8642788196205774e-17,0.6951506733894348,0.10436346381902695,0.027681836858391762,0.0001,0.25,1.0,0.25,0.0,0.0,0.0,0.0,0.0,2.032242774963379,False,True,25.0,1.0,1.0,1.0,,,,,,,,,,,,,,
419,2.3849754333496094,-5.259682655334473,0.30191394686698914,0.30206748843193054,0.01740000955760479,1.7638498544692993,1.7633379697799683,7.752630349964432e-18,0.04995415359735489,0.6953279972076416,0.10476940870285034,0.02879355475306511,7.752630349964432e-18,0.6953279972076416,0.10476940870285034,0.02879355475306511,0.0001,0.25,1.0,0.25,0.0,0.0,0.0,0.0,0.0,2.0232553482055664,False,True,25.0,1.0,1.0,1.0,,,,,,,,,,,,,,
420,2.3866090774536133,-5.273488521575928,0.300969660282135,0.30177417397499084,0.01758500561118126,1.7667983770370483,1.7657619714736938,3.0261168143188282e-18,0.0475296713411808,0.6948796510696411,0.10425935685634613,0.027082381770014763,1.8785987345437878e-18,0.6937265992164612,0.10419861972332001,0.020587477833032608,0.0001,0.25,1.0,0.25,0.0,0.0,0.0,0.0,0.0,2.009810447692871,False,True,25.0,1.0,1.0,1.0,0.7849082350730896,0.7849082350730896,0.2150917649269104,8.697710037231445,0.0,0.937632143497467,3.968562602996826,-0.0,1.425673246383667,0.784369707107544,1.8785987345437878e-18,0.784369707107544,0.060650136321783066,1.153688907623291
421,2.3845770359039307,-5.217499732971191,0.30301713943481445,0.3035335838794708,0.017516272142529488,1.7608076333999634,1.7602125406265259,3.9684502739211286e-18,0.04483969137072563,0.6946626305580139,0.10441548377275467,0.026393910869956017,3.9684502739211286e-18,0.6946626305580139,0.10441548377275467,0.026393910869956017,0.0001,0.25,1.0,0.25,0.0,0.0,0.0,0.0,0.0,2.0144410133361816,False,True,25.0,1.0,1.0,1.0,,,,,,,,,,,,,,
422,2.381688117980957,-5.210246562957764,0.29924383759498596,0.2995959520339966,0.01725637912750244,1.7660317420959473,1.7651519775390625,6.756299160360129e-18,0.04423245042562485,0.6947544813156128,0.10411649197340012,0.026823436841368675,6.756299160360129e-18,0.6947544813156128,0.10411649197340012,0.026823436841368675,0.0001,0.25,1.0,0.25,0.0,0.0,0.0,0.0,0.0,2.0279905796051025,False,True,25.0,1.0,1.0,1.0,,,,,,,,,,,,,,
423,2.3836452960968018,-5.278722286224365,0.29582586884498596,0.29659953713417053,0.01694619655609131,1.7749402523040771,1.7736072540283203,1.2391080376441262e-17,0.04726800695061684,0.6940558552742004,0.10369066148996353,0.027866533026099205,1.2391080376441262e-17,0.6940558552742004,0.10369066148996353,0.027866533026099205,0.0001,0.25,1.0,0.25,0.0,0.0,0.0,0.0,0.0,1.9958810806274414,False,True,25.0,1.0,1.0,1.0,,,,,,,,,,,,,,
424,2.3843555450439453,-5.303562641143799,0.29763591289520264,0.2971651256084442,0.017667751759290695,1.7716809511184692,1.772092342376709,1.4591307186757798e-17,0.045802827924489975,0.6944451928138733,0.10376356542110443,0.02806682698428631,1.4591307186757798e-17,0.6944451928138733,0.10376356542110443,0.02806682698428631,0.0001,0.25,1.0,0.25,0.0,0.0,0.0,0.0,0.0,2.005565643310547,False,True,25.0,1.0,1.0,1.0,,,,,,,,,,,,,,
425,2.3848092555999756,-5.280301570892334,0.29895949363708496,0.299029141664505,0.017330093309283257,1.7695741653442383,1.7694069147109985,1.127510454226637e-17,0.04557311162352562,0.6943637728691101,0.10381615161895752,0.02778908796608448,1.127510454226637e-17,0.6943637728691101,0.10381615161895752,0.02778908796608448,0.0001,0.25,1.0,0.25,0.0,0.0,0.0,0.0,0.0,2.0194149017333984,False,True,25.0,1.0,1.0,1.0,,,,,,,,,,,,,,
426,2.380296230316162,-5.255011558532715,0.29841700196266174,0.2980174124240875,0.01676485687494278,1.766598105430603,1.7675957679748535,2.179671206658471e-17,0.042273662984371185,0.6948370933532715,0.1039966344833374,0.026342418044805527,2.179671206658471e-17,0.6948370933532715,0.1039966344833374,0.026342418044805527,0.0001,0.25,1.0,0.25,0.0,0.0,0.0,0.0,0.0,1.9873548746109009,False,True,25.0,1.0,1.0,1.0,,,,,,,,,,,,,,
427,2.3848376274108887,-5.276571750640869,0.30127739906311035,0.30003622174263,0.017248522490262985,1.764953851699829,1.7675971984863281,5.5052674796221736e-18,0.04507286474108696,0.6950480341911316,0.10345066338777542,0.026891611516475677,5.5052674796221736e-18,0.6950480341911316,0.10345066338777542,0.026891611516475677,0.0001,0.25,1.0,0.25,0.0,0.0,0.0,0.0,0.0,1.9951692819595337,False,True,25.0,1.0,1.0,1.0,,,,,,,,,,,,,,
428,2.3894333839416504,-5.342907428741455,0.3018955886363983,0.3009270429611206,0.01752678118646145,1.7680796384811401,1.7700881958007812,9.19661307551865e-18,0.04436340183019638,0.6950799226760864,0.10360728204250336,0.026126950979232788,9.19661307551865e-18,0.6950799226760864,0.10360728204250336,0.026126950979232788,0.0001,0.25,1.0,0.25,0.0,0.0,0.0,0.0,0.0,1.996863603591919,False,True,25.0,1.0,1.0,1.0,,,,,,,,,,,,,,
429,2.3878397941589355,-5.37230110168457,0.30310946702957153,0.3034912049770355,0.01713600382208824,1.764263391494751,1.7639431953430176,5.594548060985227e-17,0.04504111409187317,0.694491982460022,0.10359165817499161,0.027219660580158234,5.594548060985227e-17,0.694491982460022,0.10359165817499161,0.027219660580158234,0.0001,0.25,1.0,0.25,0.0,0.0,0.0,0.0,0.0,2.0123729705810547,False,True,25.0,1.0,1.0,1.0,,,,,,,,,,,,,,
430,2.3884479999542236,-5.339932441711426,0.30565518140792847,0.306753009557724,0.01703890971839428,1.7600345611572266,1.757967472076416,3.8614104556788066e-17,0.04265538975596428,0.6941372156143188,0.10385344922542572,0.026777325198054314,3.1437027523537563e-18,0.6932714581489563,0.10382209718227386,0.019253557547926903,0.0001,0.25,1.0,0.25,0.0,0.0,0.0,0.0,0.0,2.0035784244537354,False,True,25.0,1.0,1.0,1.0,0.784858763217926,0.784858763217926,0.21514123678207397,8.76911735534668,0.0,0.9356621503829956,3.971161127090454,-0.0,1.433952808380127,0.7848035097122192,3.1437027523537563e-18,0.7848035097122192,0.06079300493001938,1.1507052183151245
431,2.381438970565796,-5.293979644775391,0.297448068857193,0.29861199855804443,0.01731911674141884,1.769238829612732,1.766880750656128,2.623671484666517e-17,0.04382707178592682,0.6940143704414368,0.10367809981107712,0.026540784165263176,2.623671484666517e-17,0.6940143704414368,0.10367809981107712,0.026540784165263176,0.0001,0.25,1.0,0.25,0.0,0.0,0.0,0.0,0.0,2.0079219341278076,False,True,25.0,1.0,1.0,1.0,,,,,,,,,,,,,,
432,2.39039945602417,-5.35488224029541,0.30402398109436035,0.3046993911266327,0.01718033105134964,1.7653473615646362,1.7636438608169556,1.789105803604616e-17,0.04212164506316185,0.6941879987716675,0.10391037166118622,0.025943756103515625,1.789105803604616e-17,0.6941879987716675,0.10391037166118622,0.025943756103515625,0.0001,0.25,1.0,0.25,0.0,0.0,0.0,0.0,0.0,2.0409977436065674,False,True,25.0,1.0,1.0,1.0,,,,,,,,,,,,,,
433,2.3746097087860107,-5.396073818206787,0.30025342106819153,0.30075603723526,0.016788072884082794,1.7573342323303223,1.7562899589538574,4.895303172436591e-17,0.03721906989812851,0.6946552991867065,0.1042100042104721,0.024825457483530045,4.895303172436591e-17,0.6946552991867065,0.1042100042104721,0.024825457483530045,0.0001,0.25,1.0,0.25,0.0,0.0,0.0,0.0,0.0,2.0085201263427734,False,True,25.0,1.0,1.0,1.0,,,,,,,,,,,,,,
434,2.3899483680725098,-5.381716251373291,0.3058156967163086,0.30547505617141724,0.016968313604593277,1.761544108390808,1.7618348598480225,2.025170577281939e-18,0.04247339814901352,0.6940359473228455,0.10408905893564224,0.026636941358447075,2.025170577281939e-18,0.6940359473228455,0.10408905893564224,0.026636941358447075,0.0001,0.25,1.0,0.25,0.0,0.0,0.0,0.0,0.0,1.9939733743667603,False,True,25.0,1.0,1.0,1.0,,,,,,,,,,,,,,
435,2.392636775970459,-5.403653621673584,0.30679771304130554,0.30548784136772156,0.01690601371228695,1.7624706029891968,1.7644195556640625,7.80777765422273e-18,0.04009729251265526,0.6935427784919739,0.10426368564367294,0.025460388511419296,7.80777765422273e-18,0.6935427784919739,0.10426368564367294,0.025460388511419296,0.0001,0.25,1.0,0.25,0.0,0.0,0.0,0.0,0.0,2.0189907550811768,False,True,25.0,1.0,1.0,1.0,,,,,,,,,,,,,,
436,2.3884289264678955,-5.376479148864746,0.30322086811065674,0.30177125334739685,0.01678597927093506,1.7652121782302856,1.7680894136428833,5.171435995959554e-18,0.04082481563091278,0.6942248940467834,0.1051262840628624,0.025503946468234062,5.171435995959554e-18,0.6942248940467834,0.1051262840628624,0.025503946468234062,0.0001,0.25,1.0,0.25,0.0,0.0,0.0,0.0,0.0,2.0193212032318115,False,True,25.0,1.0,1.0,1.0,,,,,,,,,,,,,,
437,2.378535270690918,-5.381590366363525,0.3017580807209015,0.3000084161758423,0.01673285849392414,1.758292555809021,1.7617794275283813,3.4070378290977134e-18,0.04216521605849266,0.6938399076461792,0.10406766831874847,0.025537170469760895,3.4070378290977134e-18,0.6938399076461792,0.10406766831874847,0.025537170469760895,0.0001,0.25,1.0,0.25,0.0,0.0,0.0,0.0,0.0,2.004833936691284,False,True,25.0,1.0,1.0,1.0,,,,,,,,,,,,,,
438,2.3836355209350586,-5.408755302429199,0.3017806112766266,0.3008946180343628,0.016541067510843277,1.763778567314148,1.7650599479675293,8.533902438520766e-18,0.04242629557847977,0.6938910484313965,0.10382665693759918,0.02677752822637558,8.533902438520766e-18,0.6938910484313965,0.10382665693759918,0.02677752822637558,0.0001,0.25,1.0,0.25,0.0,0.0,0.0,0.0,0.0,2.005470037460327,False,True,25.0,1.0,1.0,1.0,,,,,,,,,,,,,,
439,2.3865625858306885,-5.435344696044922,0.3002181649208069,0.3009111285209656,0.017252124845981598,1.7691984176635742,1.7671637535095215,9.468036677096288e-18,0.04310743510723114,0.6937129497528076,0.10461247712373734,0.02672106958925724,9.468036677096288e-18,0.6937129497528076,0.10461247712373734,0.02672106958925724,0.0001,0.25,1.0,0.25,0.0,0.0,0.0,0.0,0.0,2.0234296321868896,False,True,25.0,1.0,1.0,1.0,,,,,,,,,,,,,,
440,2.3920650482177734,-5.460536956787109,0.30180975794792175,0.3040866553783417,0.01657944545149803,1.7717679738998413,1.7674105167388916,6.424056690654224e-18,0.04385347664356232,0.6943832039833069,0.10455106943845749,0.025828776881098747,1.8398034051568113e-18,0.6926848292350769,0.10416898131370544,0.01923690177500248,0.0001,0.25,1.0,0.25,0.0,0.0,0.0,0.0,0.0,2.0111074447631836,False,True,25.0,1.0,1.0,1.0,0.785234808921814,0.785234808921814,0.21476519107818604,8.686033248901367,0.0,0.9347972869873047,3.9702086448669434,-0.0,1.4247266054153442,0.784762978553772,1.8398034051568113e-18,0.784762978553772,0.05926884710788727,1.1567096710205078
441,2.3903098106384277,-5.433289527893066,0.2997269630432129,0.3022725284099579,0.01672053523361683,1.7740522623062134,1.7691271305084229,7.782612338447029e-18,0.04252351447939873,0.6936889290809631,0.10425889492034912,0.02496454492211342,7.782612338447029e-18,0.6936889290809631,0.10425889492034912,0.02496454492211342,0.0001,0.25,1.0,0.25,0.0,0.0,0.0,0.0,0.0,2.0161190032958984,False,True,25.0,1.0,1.0,1.0,,,,,,,,,,,,,,
442,2.391519546508789,-5.434694290161133,0.3009943664073944,0.3022955358028412,0.016666727140545845,1.7727173566818237,1.7704085111618042,3.1902575719901757e-18,0.04219262674450874,0.6935063004493713,0.10417225956916809,0.026087557896971703,3.1902575719901757e-18,0.6935063004493713,0.10417225956916809,0.026087557896971703,0.0001,0.25,1.0,0.25,0.0,0.0,0.0,0.0,0.0,2.013813018798828,False,True,25.0,1.0,1.0,1.0,,,,,,,,,,,,,,
443,2.388784408569336,-5.468089580535889,0.30115142464637756,0.3018820583820343,0.016871877014636993,1.7696093320846558,1.76814866065979,9.017757601930597e-18,0.04104001447558403,0.6938560009002686,0.10440977662801743,0.024863380938768387,9.017757601930597e-18,0.6938560009002686,0.10440977662801743,0.024863380938768387,0.0001,0.25,1.0,0.25,0.0,0.0,0.0,0.0,0.0,2.0156970024108887,False,True,25.0,1.0,1.0,1.0,,,,,,,,,,,,,,
444,2.3942863941192627,-5.484010219573975,0.3063259422779083,0.30524706840515137,0.016668565571308136,1.7651218175888062,1.766968011856079,4.644338725257595e-18,0.04309941455721855,0.6933818459510803,0.10370004177093506,0.02587965689599514,4.644338725257595e-18,0.6933818459510803,0.10370004177093506,0.02587965689599514,0.0001,0.25,1.0,0.25,0.0,0.0,0.0,0.0,0.0,2.000169515609741,False,True,25.0,1.0,1.0,1.0,,,,,,,,,,,,,,
445,2.384308099746704,-5.482315540313721,0.30369654297828674,0.3027586340904236,0.017445411533117294,1.7592806816101074,1.7615344524383545,1.829135720424017e-17,0.039616622030735016,0.6931560635566711,0.10376663506031036,0.02441501058638096,1.829135720424017e-17,0.6931560635566711,0.10376663506031036,0.02441501058638096,0.0001,0.25,1.0,0.25,0.0,0.0,0.0,0.0,0.0,2.0221383571624756,False,True,25.0,1.0,1.0,1.0,,,,,,,,,,,,,,
446,2.393514633178711,-5.491761684417725,0.30646565556526184,0.3054927885532379,0.016870610415935516,1.7637227773666382,1.765648603439331,3.339534597157466e-17,0.037624556571245193,0.6935755610466003,0.10421030223369598,0.023699898272752762,3.339534597157466e-17,0.6935755610466003,0.10421030223369598,0.023699898272752762,0.0001,0.25,1.0,0.25,0.0,0.0,0.0,0.0,0.0,1.9872597455978394,False,True,25.0,1.0,1.0,1.0,,,,,,,,,,,,,,
447,2.3870997428894043,-5.499617576599121,0.30369746685028076,0.3027324378490448,0.01616733707487583,1.7633287906646729,1.7656763792037964,8.239557662169284e-18,0.03705750033259392,0.6937435269355774,0.10452340543270111,0.02435297891497612,8.239557662169284e-18,0.6937435269355774,0.10452340543270111,0.02435297891497612,0.0001,0.25,1.0,0.25,0.0,0.0,0.0,0.0,0.0,2.010104179382324,False,True,25.0,1.0,1.0,1.0,,,,,,,,,,,,,,
448,2.392815113067627,-5.5246782302856445,0.30479922890663147,0.304123193025589,0.017319126054644585,1.7662038803100586,1.7669434547424316,5.851527269270341e-17,0.03567558154463768,0.6935023665428162,0.1033840924501419,0.02400878816843033,5.851527269270341e-17,0.6935023665428162,0.1033840924501419,0.02400878816843033,0.0001,0.25,1.0,0.25,0.0,0.0,0.0,0.0,0.0,2.0164999961853027,False,True,25.0,1.0,1.0,1.0,,,,,,,,,,,,,,
449,2.384516954421997,-5.529709815979004,0.3025224804878235,0.30276674032211304,0.016623560339212418,1.7629297971725464,1.7622787952423096,1.618548109613327e-17,0.03725751116871834,0.6936995983123779,0.10396735370159149,0.023748023435473442,1.618548109613327e-17,0.6936995983123779,0.10396735370159149,0.023748023435473442,0.0001,0.25,1.0,0.25,0.0,0.0,0.0,0.0,0.0,2.0202014446258545,False,True,25.0,1.0,1.0,1.0,,,,,,,,,,,,,,
450,2.3912253379821777,-5.532447814941406,0.30300694704055786,0.3025326728820801,0.016653316095471382,1.7687255144119263,1.7693392038345337,4.1358243151708233e-17,0.032381318509578705,0.6932933330535889,0.10419570654630661,0.023621393367648125,3.1592651312694964e-18,0.6923219561576843,0.10384850203990936,0.017065010964870453,0.0001,0.25,1.0,0.25,0.0,0.0,0.0,0.0,0.0,2.0261051654815674,False,True,25.0,1.0,1.0,1.0,0.7848630547523499,0.7848630547523499,0.21513694524765015,8.732016563415527,0.0,0.9407553672790527,3.961963415145874,-0.0,1.4170267581939697,0.7848791480064392,3.1592651312694964e-18,0.784879207611084,0.05778823047876358,1.160064697265625
451,2.3952629566192627,-5.567659378051758,0.30284109711647034,0.30317649245262146,0.016770679503679276,1.772937536239624,1.7720121145248413,2.3567269006697316e-18,0.035820018500089645,0.693104088306427,0.1035889983177185,0.024819953367114067,2.3567269006697316e-18,0.693104088306427,0.1035889983177185,0.024819953367114067,0.0001,0.25,1.0,0.25,0.0,0.0,0.0,0.0,0.0,2.0471086502075195,False,True,25.0,1.0,1.0,1.0,,,,,,,,,,,,,,
452,2.386253833770752,-5.578775405883789,0.30331817269325256,0.3041722774505615,0.01676330901682377,1.762630820274353,1.7613695859909058,3.10904105034181e-17,0.034494366496801376,0.6933271884918213,0.10384122282266617,0.023920239880681038,3.10904105034181e-17,0.6933271884918213,0.10384122282266617,0.023920239880681038,0.0001,0.25,1.0,0.25,0.0,0.0,0.0,0.0,0.0,2.039130210876465,False,True,25.0,1.0,1.0,1.0,,,,,,,,,,,,,,
453,2.384601354598999,-5.579092502593994,0.30268850922584534,0.30339938402175903,0.016460731625556946,1.7627416849136353,1.7613637447357178,4.630597187331558e-18,0.033364176750183105,0.6940829753875732,0.10395565629005432,0.023022187873721123,4.630597187331558e-18,0.6940829753875732,0.10395565629005432,0.023022187873721123,0.0001,0.25,1.0,0.25,0.0,0.0,0.0,0.0,0.0,2.0115559101104736,False,True,25.0,1.0,1.0,1.0,,,,,,,,,,,,,,
454,2.386483907699585,-5.5764241218566895,0.3025074005126953,0.30363985896110535,0.01668068766593933,1.764582872390747,1.7627290487289429,1.2524947150873781e-17,0.034640178084373474,0.693926215171814,0.10378588736057281,0.02405625768005848,1.2524947150873781e-17,0.693926215171814,0.10378588736057281,0.02405625768005848,0.0001,0.25,1.0,0.25,0.0,0.0,0.0,0.0,0.0,2.025432825088501,False,True,25.0,1.0,1.0,1.0,,,,,,,,,,,,,,
455,2.3890581130981445,-5.591215133666992,0.304399311542511,0.30446863174438477,0.01684538647532463,1.763229250907898,1.7634600400924683,9.106448734389145e-18,0.037307318300008774,0.6927251219749451,0.10378467291593552,0.024604037404060364,9.106448734389145e-18,0.6927251219749451,0.10378467291593552,0.024604037404060364,0.0001,0.25,1.0,0.25,0.0,0.0,0.0,0.0,0.0,2.0077826976776123,False,True,25.0,1.0,1.0,1.0,,,,,,,,,,,,,,
456,2.3842580318450928,-5.612186431884766,0.3009355068206787,0.30135154724121094,0.01659007929265499,1.7656866312026978,1.7650750875473022,1.6147548247602813e-17,0.03342690318822861,0.6928191781044006,0.1033489927649498,0.023386215791106224,1.6147548247602813e-17,0.6928191781044006,0.1033489927649498,0.023386215791106224,0.0001,0.25,1.0,0.25,0.0,0.0,0.0,0.0,0.0,2.0207269191741943,False,True,25.0,1.0,1.0,1.0,,,,,,,,,,,,,,
457,2.387040138244629,-5.613616466522217,0.3013284206390381,0.3016514182090759,0.01705094613134861,1.7669492959976196,1.7670692205429077,5.269500739119553e-18,0.03345625847578049,0.693789005279541,0.10376520454883575,0.02400885708630085,5.269500739119553e-18,0.693789005279541,0.10376520454883575,0.02400885708630085,0.0001,0.25,1.0,0.25,0.0,0.0,0.0,0.0,0.0,2.0107908248901367,False,True,25.0,1.0,1.0,1.0,,,,,,,,,,,,,,
458,2.39186692237854,-5.62889289855957,0.30319303274154663,0.3032607436180115,0.017048874869942665,1.7680915594100952,1.76863694190979,9.305869572366492e-18,0.032167114317417145,0.6927963495254517,0.10386694967746735,0.022704243659973145,9.305869572366492e-18,0.6927963495254517,0.10386694967746735,0.022704243659973145,0.0001,0.25,1.0,0.25,0.0,0.0,0.0,0.0,0.0,2.0246264934539795,False,True,25.0,1.0,1.0,1.0,,,,,,,,,,,,,,
459,2.398658037185669,-5.6320013999938965,0.3101038932800293,0.30863550305366516,0.016803940758109093,1.761974811553955,1.7642545700073242,1.5746089372190002e-17,0.03128523379564285,0.6934030652046204,0.10367642343044281,0.02254486083984375,1.5746089372190002e-17,0.6934030652046204,0.10367642343044281,0.02254486083984375,0.0001,0.25,1.0,0.25,0.0,0.0,0.0,0.0,0.0,1.9950963258743286,False,True,25.0,1.0,1.0,1.0,,,,,,,,,,,,,,
460,2.3825106620788574,-5.645792484283447,0.30189356207847595,0.30122774839401245,0.017045773565769196,1.7615301609039307,1.7631572484970093,2.2740950316342568e-17,0.032018184661865234,0.6929503679275513,0.1035742312669754,0.022999141365289688,3.759654886675863e-18,0.6919156312942505,0.10335808992385864,0.016633179038763046,0.0001,0.25,1.0,0.25,0.0,0.0,0.0,0.0,0.0,2.0060348510742188,False,True,25.0,1.0,1.0,1.0,0.785053014755249,0.785053014755249,0.21494698524475098,8.736906051635742,0.0,0.9415241479873657,3.9615581035614014,-0.0,1.422282099723816,0.7847468852996826,3.759654886675863e-18,0.7847468852996826,0.057652588933706284,1.1562570333480835
461,2.3909056186676025,-5.676197528839111,0.30523183941841125,0.3049834072589874,0.016985813155770302,1.763355016708374,1.7640539407730103,3.790784782362294e-17,0.031836070120334625,0.6929589509963989,0.10311556607484818,0.02299121394753456,3.790784782362294e-17,0.6929589509963989,0.10311556607484818,0.02299121394753456,0.0001,0.25,1.0,0.25,0.0,0.0,0.0,0.0,0.0,2.0130772590637207,False,True,25.0,1.0,1.0,1.0,,,,,,,,,,,,,,
462,2.3882205486297607,-5.670169830322266,0.3053922653198242,0.30651235580444336,0.01626707799732685,1.7610398530960083,1.759057879447937,1.1103829351811753e-17,0.034594789147377014,0.6933416128158569,0.10380121320486069,0.023997662588953972,1.1103829351811753e-17,0.6933416128158569,0.10380121320486069,0.023997662588953972,0.0001,0.25,1.0,0.25,0.0,0.0,0.0,0.0,0.0,2.0147790908813477,False,True,25.0,1.0,1.0,1.0,,,,,,,,,,,,,,
463,2.400062084197998,-5.642481803894043,0.30424466729164124,0.30574023723602295,0.01672399789094925,1.7746158838272095,1.772090196609497,1.3769264192989337e-17,0.03484998270869255,0.6926698088645935,0.10321044921875,0.02293509431183338,1.3769264192989337e-17,0.6926698088645935,0.10321044921875,0.02293509431183338,0.0001,0.25,1.0,0.25,0.0,0.0,0.0,0.0,0.0,2.0196340084075928,False,True,25.0,1.0,1.0,1.0,,,,,,,,,,,,,,
464,2.404127597808838,-5.666985511779785,0.3088848292827606,0.31012991070747375,0.016914978623390198,1.7693370580673218,1.767059087753296,6.807030064609945e-17,0.0330662839114666,0.6931717991828918,0.1033642590045929,0.023142792284488678,6.807030064609945e-17,0.6931717991828918,0.1033642590045929,0.023142792284488678,0.0001,0.25,1.0,0.25,0.0,0.0,0.0,0.0,0.0,2.0365710258483887,False,True,25.0,1.0,1.0,1.0,,,,,,,,,,,,,,
465,2.39772367477417,-5.6687331199646,0.30622169375419617,0.3066437542438507,0.01691867969930172,1.7681339979171753,1.767745018005371,1.4877945121342123e-17,0.03339154273271561,0.6928941607475281,0.10391322523355484,0.02317744679749012,1.4877945121342123e-17,0.6928941607475281,0.10391322523355484,0.02317744679749012,0.0001,0.25,1.0,0.25,0.0,0.0,0.0,0.0,0.0,2.030045986175537,False,True,25.0,1.0,1.0,1.0,,,,,,,,,,,,,,
466,2.393481492996216,-5.733909606933594,0.3040151596069336,0.303757905960083,0.01698596403002739,1.7685737609863281,1.7688710689544678,1.7377711402256975e-17,0.030969619750976562,0.6929635405540466,0.10363379120826721,0.022821441292762756,1.7377711402256975e-17,0.6929635405540466,0.10363379120826721,0.022821441292762756,0.0001,0.25,1.0,0.25,0.0,0.0,0.0,0.0,0.0,2.013592004776001,False,True,25.0,1.0,1.0,1.0,,,,,,,,,,,,,,
467,2.3978075981140137,-5.732060432434082,0.31182628870010376,0.31184056401252747,0.01673801615834236,1.7574424743652344,1.7573628425598145,2.7083461589427527e-17,0.031295355409383774,0.6930667757987976,0.1039930060505867,0.022153448313474655,2.7083461589427527e-17,0.6930667757987976,0.1039930060505867,0.022153448313474655,0.0001,0.25,1.0,0.25,0.0,0.0,0.0,0.0,0.0,2.0000054836273193,False,True,25.0,1.0,1.0,1.0,,,,,,,,,,,,,,
468,2.3904366493225098,-5.7290568351745605,0.30585840344429016,0.30574825406074524,0.01681484282016754,1.7619478702545166,1.762082576751709,5.704700725308709e-17,0.027242856100201607,0.692596435546875,0.10394717007875443,0.023242823779582977,5.704700725308709e-17,0.692596435546875,0.10394717007875443,0.023242823779582977,0.0001,0.25,1.0,0.25,0.0,0.0,0.0,0.0,0.0,2.047025203704834,False,True,25.0,1.0,1.0,1.0,,,,,,,,,,,,,,
469,2.3926916122436523,-5.686783790588379,0.308142751455307,0.30770793557167053,0.01661887764930725,1.7600059509277344,1.7604382038116455,7.741651181694015e-18,0.030024033039808273,0.6922798752784729,0.10375413298606873,0.022687654942274094,7.741651181694015e-18,0.6922798752784729,0.10375413298606873,0.022687654942274094,0.0001,0.25,1.0,0.25,0.0,0.0,0.0,0.0,0.0,2.0158138275146484,False,True,25.0,1.0,1.0,1.0,,,,,,,,,,,,,,
470,2.3974313735961914,-5.737686634063721,0.3083873689174652,0.3071632385253906,0.016536492854356766,1.7641900777816772,1.7664986848831177,1.2533146165105406e-17,0.0296566653996706,0.6930946111679077,0.10383298993110657,0.02215138077735901,2.85354264131571e-18,0.6916801929473877,0.10396452993154526,0.015823252499103546,0.0001,0.25,1.0,0.25,0.0,0.0,0.0,0.0,0.0,2.023176431655884,False,True,25.0,1.0,1.0,1.0,0.7848572731018066,0.7848572731018066,0.21514272689819336,8.726265907287598,0.0,0.9396982789039612,3.963192939758301,-0.0,1.4285285472869873,0.7847408652305603,2.85354264131571e-18,0.7847408652305603,0.05636674538254738,1.1650248765945435
471,2.407904624938965,-5.776430606842041,0.31443172693252563,0.31399306654930115,0.016127636656165123,1.7632983922958374,1.7634059190750122,3.1092207139708563e-17,0.02927643619477749,0.6929137706756592,0.10461674630641937,0.02229393646121025,3.1092207139708563e-17,0.6929137706756592,0.10461674630641937,0.02229393646121025,0.0001,0.25,1.0,0.25,0.0,0.0,0.0,0.0,0.0,2.046473264694214,False,True,25.0,1.0,1.0,1.0,,,,,,,,,,,,,,
472,2.3903510570526123,-5.738013744354248,0.3036862313747406,0.30422377586364746,0.01607423834502697,1.7670131921768188,1.7657201290130615,1.1576874422668373e-16,0.030961142852902412,0.6919546723365784,0.10381949692964554,0.023751918226480484,1.1576874422668373e-16,0.6919546723365784,0.10381949692964554,0.023751918226480484,0.0001,0.25,1.0,0.25,0.0,0.0,0.0,0.0,0.0,2.0388731956481934,False,True,25.0,1.0,1.0,1.0,,,,,,,,,,,,,,
473,2.3923122882843018,-5.765663146972656,0.30403926968574524,0.3039960265159607,0.016300946474075317,1.7682503461837769,1.7677018642425537,9.6721931240805e-18,0.03347231075167656,0.6925157904624939,0.10376346111297607,0.022841889411211014,9.6721931240805e-18,0.6925157904624939,0.10376346111297607,0.022841889411211014,0.0001,0.25,1.0,0.25,0.0,0.0,0.0,0.0,0.0,2.023679256439209,False,True,25.0,1.0,1.0,1.0,,,,,,,,,,,,,,
474,2.3922336101531982,-5.795459270477295,0.3061358630657196,0.3061077892780304,0.01616089604794979,1.7638322114944458,1.7638258934020996,1.1822674946719323e-17,0.030929790809750557,0.6929336190223694,0.10375611484050751,0.02312670834362507,1.1822674946719323e-17,0.6929336190223694,0.10375611484050751,0.02312670834362507,0.0001,0.25,1.0,0.25,0.0,0.0,0.0,0.0,0.0,2.027195692062378,False,True,25.0,1.0,1.0,1.0,,,,,,,,,,,,,,
475,2.3885178565979004,-5.826083660125732,0.30386680364608765,0.30393296480178833,0.016822488978505135,1.7638221979141235,1.7639689445495605,2.0223793390229402e-17,0.02921239472925663,0.6925283670425415,0.10421524941921234,0.02256603352725506,2.0223793390229402e-17,0.6925283670425415,0.10421524941921234,0.02256603352725506,0.0001,0.25,1.0,0.25,0.0,0.0,0.0,0.0,0.0,2.0169906616210938,False,True,25.0,1.0,1.0,1.0,,,,,,,,,,,,,,
476,2.395456314086914,-5.790103912353516,0.30771952867507935,0.30742740631103516,0.016655517742037773,1.7630696296691895,1.7642383575439453,2.2887827814629934e-17,0.03095446154475212,0.6925321221351624,0.10387612134218216,0.02285056933760643,2.2887827814629934e-17,0.6925321221351624,0.10387612134218216,0.02285056933760643,0.0001,0.25,1.0,0.25,0.0,0.0,0.0,0.0,0.0,2.0327987670898438,False,True,25.0,1.0,1.0,1.0,,,,,,,,,,,,,,
477,2.395991802215576,-5.827413558959961,0.3107805550098419,0.30986225605010986,0.01635763980448246,1.7580920457839966,1.7598909139633179,3.222245680253367e-17,0.032055068761110306,0.6928435564041138,0.10345503687858582,0.022624759003520012,3.222245680253367e-17,0.6928435564041138,0.10345503687858582,0.022624759003520012,0.0001,0.25,1.0,0.25,0.0,0.0,0.0,0.0,0.0,2.0145204067230225,False,True,25.0,1.0,1.0,1.0,,,,,,,,,,,,,,
478,2.3904364109039307,-5.803963661193848,0.307640016078949,0.30736294388771057,0.01652291603386402,1.7587451934814453,1.7590757608413696,4.2914090474581673e-17,0.025184519588947296,0.6921781301498413,0.10361546277999878,0.02147914282977581,4.2914090474581673e-17,0.6921781301498413,0.10361546277999878,0.02147914282977581,0.0001,0.25,1.0,0.25,0.0,0.0,0.0,0.0,0.0,2.025677442550659,False,True,25.0,1.0,1.0,1.0,,,,,,,,,,,,,,
479,2.401240348815918,-5.806451320648193,0.31119030714035034,0.3108398914337158,0.016087615862488747,1.7626903057098389,1.7635548114776611,5.140913941255021e-17,0.02836640179157257,0.6917359828948975,0.10369687527418137,0.0214245542883873,5.140913941255021e-17,0.6917359828948975,0.10369687527418137,0.0214245542883873,0.0001,0.25,1.0,0.25,0.0,0.0,0.0,0.0,0.0,2.024631977081299,False,True,25.0,1.0,1.0,1.0,,,,,,,,,,,,,,
480,2.3908090591430664,-5.823396682739258,0.30582037568092346,0.3059404194355011,0.016226034611463547,1.7628238201141357,1.7628207206726074,8.206045266832311e-18,0.028190813958644867,0.6925058960914612,0.10368582606315613,0.021607983857393265,3.567483270743391e-18,0.6912849545478821,0.10331972688436508,0.01544681005179882,0.0001,0.25,1.0,0.25,0.0,0.0,0.0,0.0,0.0,2.0174808502197266,False,True,25.0,1.0,1.0,1.0,0.7849172949790955,0.7849172949790955,0.21508270502090454,8.722933769226074,0.0,0.9417643547058105,3.961124897003174,-0.0,1.4263677597045898,0.7847207188606262,3.567483270743391e-18,0.7847207188606262,0.0558910071849823,1.1576454639434814
481,2.3970565795898438,-5.832111358642578,0.3036442697048187,0.30509793758392334,0.016494395211338997,1.7732961177825928,1.7703441381454468,2.916253704568771e-17,0.028988927602767944,0.6923128366470337,0.10331575572490692,0.021658092737197876,2.916253704568771e-17,0.6923128366470337,0.10331575572490692,0.021658092737197876,0.0001,0.25,1.0,0.25,0.0,0.0,0.0,0.0,0.0,2.0008461475372314,False,True,25.0,1.0,1.0,1.0,,,,,,,,,,,,,,
482,2.41137957572937,-5.840968608856201,0.3123858869075775,0.3138119876384735,0.016738230362534523,1.7701330184936523,1.766753911972046,1.5799998850292451e-15,0.03039293922483921,0.6923884749412537,0.10336058586835861,0.021967153996229172,1.5799998850292451e-15,0.6923884749412537,0.10336058586835861,0.021967153996229172,0.0001,0.25,1.0,0.25,0.0,0.0,0.0,0.0,0.0,1.9915835857391357,False,True,25.0,1.0,1.0,1.0,,,,,,,,,,,,,,
483,2.390378952026367,-5.844516277313232,0.3042934536933899,0.30475762486457825,0.016235094517469406,1.7658344507217407,1.7643506526947021,1.0430634365985882e-16,0.028896277770400047,0.6921307444572449,0.10316339135169983,0.02216172218322754,1.0430634365985882e-16,0.6921307444572449,0.10316339135169983,0.02216172218322754,0.0001,0.25,1.0,0.25,0.0,0.0,0.0,0.0,0.0,2.0092344284057617,False,True,25.0,1.0,1.0,1.0,,,,,,,,,,,,,,
484,2.4030954837799072,-5.863507270812988,0.3127312660217285,0.3128509819507599,0.016258753836154938,1.7617988586425781,1.7607101202011108,4.4201216594938686e-17,0.026965465396642685,0.6920966506004333,0.10349190980195999,0.02118680439889431,4.4201216594938686e-17,0.6920966506004333,0.10349190980195999,0.02118680439889431,0.0001,0.25,1.0,0.25,0.0,0.0,0.0,0.0,0.0,2.013535499572754,False,True,25.0,1.0,1.0,1.0,,,,,,,,,,,,,,
485,2.4042110443115234,-5.920997619628906,0.3124122619628906,0.31272101402282715,0.016373131424188614,1.7630901336669922,1.7623192071914673,3.32165426103652e-17,0.027025168761610985,0.6923027634620667,0.1039457693696022,0.02022690512239933,3.32165426103652e-17,0.6923027634620667,0.1039457693696022,0.02022690512239933,0.0001,0.25,1.0,0.25,0.0,0.0,0.0,0.0,0.0,2.0104963779449463,False,True,25.0,1.0,1.0,1.0,,,,,,,,,,,,,,
486,2.4045214653015137,-5.945459842681885,0.3121117949485779,0.31190183758735657,0.016265420243144035,1.7642078399658203,1.7642768621444702,6.008144322962151e-17,0.02743956632912159,0.6918785572052002,0.1037449762225151,0.021660439670085907,6.008144322962151e-17,0.6918785572052002,0.1037449762225151,0.021660439670085907,0.0001,0.25,1.0,0.25,0.0,0.0,0.0,0.0,0.0,2.0220165252685547,False,True,25.0,1.0,1.0,1.0,,,,,,,,,,,,,,
487,2.4176571369171143,-5.881140232086182,0.31589436531066895,0.31543371081352234,0.016436167061328888,1.7695473432540894,1.7702383995056152,1.1166920071492397e-17,0.02573017030954361,0.6916264295578003,0.10361006110906601,0.020988652482628822,1.1166920071492397e-17,0.6916264295578003,0.10361006110906601,0.020988652482628822,0.0001,0.25,1.0,0.25,0.0,0.0,0.0,0.0,0.0,2.0125272274017334,False,True,25.0,1.0,1.0,1.0,,,,,,,,,,,,,,
488,2.406350612640381,-5.902164936065674,0.3112466633319855,0.31048348546028137,0.016592198982834816,1.7673563957214355,1.7687000036239624,2.1804527269012112e-17,0.026142815127968788,0.6920085549354553,0.10393670946359634,0.021492112427949905,2.1804527269012112e-17,0.6920085549354553,0.10393670946359634,0.021492112427949905,0.0001,0.25,1.0,0.25,0.0,0.0,0.0,0.0,0.0,2.025641441345215,False,True,25.0,1.0,1.0,1.0,,,,,,,,,,,,,,
489,2.401038646697998,-5.943232536315918,0.30881595611572266,0.3080304265022278,0.01650877110660076,1.7670979499816895,1.7682691812515259,1.3682813892810195e-17,0.026621762663125992,0.6915695667266846,0.10340007394552231,0.020814767107367516,1.3682813892810195e-17,0.6915695667266846,0.10340007394552231,0.020814767107367516,0.0001,0.25,1.0,0.25,0.0,0.0,0.0,0.0,0.0,2.008747100830078,False,True,25.0,1.0,1.0,1.0,,,,,,,,,,,,,,
490,2.4018137454986572,-6.000988006591797,0.30501610040664673,0.3048040568828583,0.01600065268576145,1.7761671543121338,1.7758188247680664,4.946810137537104e-18,0.027974577620625496,0.6924827694892883,0.10421855747699738,0.021027471870183945,3.944782068493285e-18,0.6906734108924866,0.10395271331071854,0.014796440489590168,0.0001,0.25,1.0,0.25,0.0,0.0,0.0,0.0,0.0,2.023590564727783,False,True,25.0,1.0,1.0,1.0,0.7851544618606567,0.7851544618606567,0.21484553813934326,8.71231460571289,0.0,0.9411877989768982,3.9609251022338867,-0.0,1.4275509119033813,0.7848513722419739,3.944782068493285e-18,0.7848513722419739,0.05492338538169861,1.1607760190963745
491,2.3946340084075928,-5.980374336242676,0.3090367615222931,0.30926206707954407,0.01651454158127308,1.759902000427246,1.7597392797470093,2.5037051495557063e-17,0.026202363893389702,0.6920046806335449,0.10410438477993011,0.020252395421266556,2.5037051495557063e-17,0.6920046806335449,0.10410438477993011,0.020252395421266556,0.0001,0.25,1.0,0.25,0.0,0.0,0.0,0.0,0.0,2.009302854537964,False,True,25.0,1.0,1.0,1.0,,,,,,,,,,,,,,
492,2.39310622215271,-5.920382499694824,0.309023380279541,0.3094000816345215,0.01649090275168419,1.7582887411117554,1.758095145225525,2.9316925343937056e-17,0.024561839178204536,0.6920108199119568,0.10424986481666565,0.020806238055229187,2.9316925343937056e-17,0.6920108199119568,0.10424986481666565,0.020806238055229187,0.0001,0.25,1.0,0.25,0.0,0.0,0.0,0.0,0.0,2.0352206230163574,False,True,25.0,1.0,1.0,1.0,,,,,,,,,,,,,,
493,2.4093008041381836,-5.937502384185791,0.3186224400997162,0.3192024230957031,0.0167929045855999,1.7551125288009644,1.7542532682418823,9.576785285048022e-18,0.026253923773765564,0.6917233467102051,0.10414505749940872,0.02043197676539421,9.576785285048022e-18,0.6917233467102051,0.10414505749940872,0.02043197676539421,0.0001,0.25,1.0,0.25,0.0,0.0,0.0,0.0,0.0,2.010530948638916,False,True,25.0,1.0,1.0,1.0,,,,,,,,,,,,,,
494,2.3990793228149414,-5.992161273956299,0.31123441457748413,0.3113424777984619,0.015999389812350273,1.7603615522384644,1.760644793510437,2.4335132497524166e-17,0.024752289056777954,0.6908522844314575,0.10426370054483414,0.020576845854520798,2.4335132497524166e-17,0.6908522844314575,0.10426370054483414,0.020576845854520798,0.0001,0.25,1.0,0.25,0.0,0.0,0.0,0.0,0.0,2.0307211875915527,False,True,25.0,1.0,1.0,1.0,,,,,,,,,,,,,,
495,2.407707929611206,-6.035221576690674,0.3103277087211609,0.31044450402259827,0.016651298850774765,1.770573616027832,1.7699952125549316,7.524781961311598e-17,0.025249645113945007,0.6913398504257202,0.10446096211671829,0.020442979410290718,7.524781961311598e-17,0.6913398504257202,0.10446096211671829,0.020442979410290718,0.0001,0.25,1.0,0.25,0.0,0.0,0.0,0.0,0.0,2.051929473876953,False,True,25.0,1.0,1.0,1.0,,,,,,,,,,,,,,
496,2.3956995010375977,-6.006880760192871,0.30743148922920227,0.30775943398475647,0.01593077927827835,1.764790415763855,1.7643650770187378,3.560038531869503e-18,0.022727763280272484,0.6925044059753418,0.10429999232292175,0.020113952457904816,3.560038531869503e-18,0.6925044059753418,0.10429999232292175,0.020113952457904816,0.0001,0.25,1.0,0.25,0.0,0.0,0.0,0.0,0.0,2.0212764739990234,False,True,25.0,1.0,1.0,1.0,,,,,,,,,,,,,,
497,2.399852752685547,-5.969974040985107,0.3085070550441742,0.30764615535736084,0.016719771549105644,1.7666246891021729,1.7673345804214478,9.885030666157335e-17,0.02416805364191532,0.6913524270057678,0.10360296815633774,0.02050834521651268,9.885030666157335e-17,0.6913524270057678,0.10360296815633774,0.02050834521651268,0.0001,0.25,1.0,0.25,0.0,0.0,0.0,0.0,0.0,2.023759603500366,False,True,25.0,1.0,1.0,1.0,,,,,,,,,,,,,,
498,2.405367851257324,-5.987142086029053,0.31193631887435913,0.3103773891925812,0.016371432691812515,1.7654213905334473,1.767944097518921,4.44518291594851e-17,0.024944134056568146,0.6914348006248474,0.10374552756547928,0.019641214981675148,4.44518291594851e-17,0.6914348006248474,0.10374552756547928,0.019641214981675148,0.0001,0.25,1.0,0.25,0.0,0.0,0.0,0.0,0.0,2.0211269855499268,False,True,25.0,1.0,1.0,1.0,,,,,,,,,,,,,,
499,2.4042952060699463,-6.0623087882995605,0.3092306852340698,0.3083289563655853,0.016169020906090736,1.7696768045425415,1.771456003189087,1.7827487882482478e-16,0.02337772212922573,0.6910468339920044,0.1032506600022316,0.020315581932663918,1.7827487882482478e-16,0.6910468339920044,0.1032506600022316,0.020315581932663918,0.0001,0.25,1.0,0.25,0.0,0.0,0.0,0.0,0.0,2.0264694690704346,False,True,25.0,1.0,1.0,1.0,,,,,,,,,,,,,,
500,2.4047775268554688,-6.045958042144775,0.3154125511646271,0.3153417408466339,0.016376813873648643,1.7575974464416504,1.757695198059082,1.481026354926181e-17,0.025204092264175415,0.6916798949241638,0.10354238748550415,0.01999855227768421,5.013875394405462e-18,0.6902841329574585,0.1032184511423111,0.014544076286256313,0.0001,0.25,1.0,0.25,0.0,0.0,0.0,0.0,0.0,2.037543296813965,False,True,25.0,1.0,1.0,1.0,0.784887969493866,0.784887969493866,0.21511203050613403,8.698383331298828,0.0,0.9411877989768982,3.9617700576782227,-0.0,1.4278078079223633,0.7849112153053284,5.013875394405462e-18,0.7849112153053284,0.053421810269355774,1.1671347618103027
501,2.3997185230255127,-6.026491641998291,0.3108275234699249,0.31089645624160767,0.016791069880127907,1.761200189590454,1.7612067461013794,2.054275423442985e-17,0.022726524621248245,0.6916130185127258,0.10339131206274033,0.01999998651444912,2.054275423442985e-17,0.6916130185127258,0.10339131206274033,0.01999998651444912,0.0001,0.25,1.0,0.25,0.0,0.0,0.0,0.0,0.0,2.0130503177642822,False,True,25.0,1.0,1.0,1.0,,,,,,,,,,,,,,
502,2.3994593620300293,-6.054565906524658,0.31254273653030396,0.3129623532295227,0.015805957838892937,1.7586864233016968,1.7576104402542114,3.856269031863422e-17,0.02181117609143257,0.6913260221481323,0.10337691009044647,0.019935449585318565,3.856269031863422e-17,0.6913260221481323,0.10337691009044647,0.019935449585318565,0.0001,0.25,1.0,0.25,0.0,0.0,0.0,0.0,0.0,2.0435192584991455,False,True,25.0,1.0,1.0,1.0,,,,,,,,,,,,,,
503,2.4147353172302246,-6.0885138511657715,0.3155898451805115,0.31649696826934814,0.016543304547667503,1.767000436782837,1.765209674835205,2.1453145907883262e-17,0.022015342488884926,0.6913282871246338,0.10257862508296967,0.019947674125432968,2.1453145907883262e-17,0.6913282871246338,0.10257862508296967,0.019947674125432968,0.0001,0.25,1.0,0.25,0.0,0.0,0.0,0.0,0.0,2.0400378704071045,False,True,25.0,1.0,1.0,1.0,,,,,,,,,,,,,,
504,2.419628143310547,-6.129191875457764,0.3159961700439453,0.3170994818210602,0.016880545765161514,1.7708288431167603,1.768474817276001,4.1344551658209256e-17,0.021499911323189735,0.691082775592804,0.10284963995218277,0.020518943667411804,4.1344551658209256e-17,0.691082775592804,0.10284963995218277,0.020518943667411804,0.0001,0.25,1.0,0.25,0.0,0.0,0.0,0.0,0.0,2.0122878551483154,False,True,25.0,1.0,1.0,1.0,,,,,,,,,,,,,,
505,2.409518003463745,-6.095489025115967,0.3129866123199463,0.3139423429965973,0.016155434772372246,1.7674354314804077,1.7654317617416382,4.862426051810058e-17,0.02316407673060894,0.6915503144264221,0.10372162610292435,0.018790386617183685,4.862426051810058e-17,0.6915503144264221,0.10372162610292435,0.018790386617183685,0.0001,0.25,1.0,0.25,0.0,0.0,0.0,0.0,0.0,2.0049803256988525,False,True,25.0,1.0,1.0,1.0,,,,,,,,,,,,,,
506,2.409634590148926,-6.087565898895264,0.31704261898994446,0.31717735528945923,0.015990251675248146,1.7596298456192017,1.7592189311981201,2.661336822986874e-17,0.02204936556518078,0.6910686492919922,0.10338211059570312,0.01959690824151039,2.661336822986874e-17,0.6910686492919922,0.10338211059570312,0.01959690824151039,0.0001,0.25,1.0,0.25,0.0,0.0,0.0,0.0,0.0,2.0102462768554688,False,True,25.0,1.0,1.0,1.0,,,,,,,,,,,,,,
507,2.4031429290771484,-6.0912394523620605,0.31481146812438965,0.31488120555877686,0.01576412282884121,1.757547378540039,1.7578248977661133,1.866449176111794e-17,0.019651202484965324,0.6909767389297485,0.10311385244131088,0.019658897072076797,1.866449176111794e-17,0.6909767389297485,0.10311385244131088,0.019658897072076797,0.0001,0.25,1.0,0.25,0.0,0.0,0.0,0.0,0.0,2.0314745903015137,False,True,25.0,1.0,1.0,1.0,,,,,,,,,,,,,,
508,2.4143545627593994,-6.144113540649414,0.32141074538230896,0.32086649537086487,0.016215408220887184,1.755558967590332,1.756164789199829,7.053931566056203e-18,0.02251899428665638,0.6911954283714294,0.10320775955915451,0.018823685124516487,7.053931566056203e-18,0.6911954283714294,0.10320775955915451,0.018823685124516487,0.0001,0.25,1.0,0.25,0.0,0.0,0.0,0.0,0.0,2.017176866531372,False,True,25.0,1.0,1.0,1.0,,,,,,,,,,,,,,
509,2.3934667110443115,-6.166759967803955,0.30919596552848816,0.3086719512939453,0.01611955836415291,1.7589093446731567,1.7600492238998413,1.8685670893521748e-17,0.0221558790653944,0.6905648708343506,0.10402731597423553,0.018876347690820694,1.8685670893521748e-17,0.6905648708343506,0.10402731597423553,0.018876347690820694,0.0001,0.25,1.0,0.25,0.0,0.0,0.0,0.0,0.0,2.0327963829040527,False,True,25.0,1.0,1.0,1.0,,,,,,,,,,,,,,
510,2.406466007232666,-6.137199878692627,0.3133428990840912,0.31312307715415955,0.01655150018632412,1.76328444480896,1.7636125087738037,5.753514307616688e-17,0.022007117047905922,0.6908323168754578,0.10338471084833145,0.019864199683070183,4.778668572471316e-18,0.689888596534729,0.10362625122070312,0.014185561798512936,0.0001,0.25,1.0,0.25,0.0,0.0,0.0,0.0,0.0,2.0284922122955322,False,True,25.0,1.0,1.0,1.0,0.784723162651062,0.784723162651062,0.215276837348938,8.696496963500977,0.0,0.9403709769248962,3.962887763977051,-0.0,1.4243024587631226,0.7849312424659729,4.778668572471316e-18,0.7849312424659729,0.05280621722340584,1.1661934852600098
511,2.4051032066345215,-6.111031532287598,0.30881133675575256,0.30931782722473145,0.0163554847240448,1.770857810974121,1.7703795433044434,4.965908000801667e-17,0.021255502477288246,0.6908873915672302,0.10352987796068192,0.019549518823623657,4.965908000801667e-17,0.6908873915672302,0.10352987796068192,0.019549518823623657,0.0001,0.25,1.0,0.25,0.0,0.0,0.0,0.0,0.0,2.013664722442627,False,True,25.0,1.0,1.0,1.0,,,,,,,,,,,,,,
512,2.4040021896362305,-6.136781215667725,0.3079715967178345,0.3083247244358063,0.016360722482204437,1.7716821432113647,1.7710081338882446,3.8538255403339404e-17,0.0215898584574461,0.6908867359161377,0.10424698144197464,0.018975578248500824,3.8538255403339404e-17,0.6908867359161377,0.10424698144197464,0.018975578248500824,0.0001,0.25,1.0,0.25,0.0,0.0,0.0,0.0,0.0,2.0570974349975586,False,True,25.0,1.0,1.0,1.0,,,,,,,,,,,,,,
513,2.3951234817504883,-6.186415672302246,0.3047010004520416,0.30523040890693665,0.016607610508799553,1.7690759897232056,1.7680929899215698,9.611224949851667e-18,0.023970043286681175,0.6912069916725159,0.10411139577627182,0.01990196853876114,9.611224949851667e-18,0.6912069916725159,0.10411139577627182,0.01990196853876114,0.0001,0.25,1.0,0.25,0.0,0.0,0.0,0.0,0.0,2.0364303588867188,False,True,25.0,1.0,1.0,1.0,,,,,,,,,,,,,,
514,2.4030442237854004,-6.210657596588135,0.30751216411590576,0.30841198563575745,0.01626366190612316,1.7716377973556519,1.7700750827789307,6.065566539341092e-17,0.024198826402425766,0.690344512462616,0.10380902141332626,0.020302847027778625,6.065566539341092e-17,0.690344512462616,0.10380902141332626,0.020302847027778625,0.0001,0.25,1.0,0.25,0.0,0.0,0.0,0.0,0.0,2.0542078018188477,False,True,25.0,1.0,1.0,1.0,,,,,,,,,,,,,,
515,2.4060001373291016,-6.192164421081543,0.3117375671863556,0.3132495582103729,0.016156524419784546,1.7659331560134888,1.7637794017791748,3.958503261619056e-17,0.02523082308471203,0.6911410093307495,0.10419214516878128,0.02005981095135212,3.958503261619056e-17,0.6911410093307495,0.10419214516878128,0.02005981095135212,0.0001,0.25,1.0,0.25,0.0,0.0,0.0,0.0,0.0,2.0320885181427,False,True,25.0,1.0,1.0,1.0,,,,,,,,,,,,,,
516,2.4105424880981445,-6.17667293548584,0.31564775109291077,0.31562334299087524,0.01629064790904522,1.762939453125,1.76302170753479,3.016852432817265e-17,0.02164243720471859,0.6906077265739441,0.10394427180290222,0.019308822229504585,3.016852432817265e-17,0.6906077265739441,0.10394427180290222,0.019308822229504585,0.0001,0.25,1.0,0.25,0.0,0.0,0.0,0.0,0.0,2.0273168087005615,False,True,25.0,1.0,1.0,1.0,,,,,,,,,,,,,,
517,2.3907971382141113,-6.198962211608887,0.30536970496177673,0.3047734200954437,0.016269270330667496,1.7638540267944336,1.7649157047271729,2.5634821837024634e-17,0.023136980831623077,0.6905743479728699,0.10365429520606995,0.019256582483649254,2.5634821837024634e-17,0.6905743479728699,0.10365429520606995,0.019256582483649254,0.0001,0.25,1.0,0.25,0.0,0.0,0.0,0.0,0.0,2.0425374507904053,False,True,25.0,1.0,1.0,1.0,,,,,,,,,,,,,,
518,2.41156268119812,-6.245093822479248,0.3115116357803345,0.3105379045009613,0.016614340245723724,1.7715598344802856,1.7742377519607544,1.879371887949465e-17,0.023479418829083443,0.6911414265632629,0.10389086604118347,0.019459420815110207,1.879371887949465e-17,0.6911414265632629,0.10389086604118347,0.019459420815110207,0.0001,0.25,1.0,0.25,0.0,0.0,0.0,0.0,0.0,2.0459959506988525,False,True,25.0,1.0,1.0,1.0,,,,,,,,,,,,,,
519,2.4104206562042236,-6.186891555786133,0.3165009021759033,0.31566640734672546,0.01663891412317753,1.7604871988296509,1.7627416849136353,2.1425407233221908e-17,0.025332296267151833,0.690983772277832,0.10406487435102463,0.018778417259454727,2.1425407233221908e-17,0.690983772277832,0.10406487435102463,0.018778417259454727,0.0001,0.25,1.0,0.25,0.0,0.0,0.0,0.0,0.0,2.0039844512939453,False,True,25.0,1.0,1.0,1.0,,,,,,,,,,,,,,
520,2.404120445251465,-6.209506511688232,0.31163570284843445,0.3113600015640259,0.015923133119940758,1.7648804187774658,1.765522837638855,7.562291624240672e-17,0.0225095022469759,0.6910234093666077,0.10359670966863632,0.01877305656671524,6.1977309801729495e-18,0.6897129416465759,0.1029539480805397,0.01409788429737091,0.0001,0.25,1.0,0.25,0.0,0.0,0.0,0.0,0.0,2.03037428855896,False,True,25.0,1.0,1.0,1.0,0.7849010825157166,0.7849010825157166,0.21509891748428345,8.706802368164062,0.0,0.9406111836433411,3.962366819381714,-0.0,1.4204641580581665,0.7848058938980103,6.1977309801729495e-18,0.7848058938980103,0.05262574180960655,1.1617965698242188
521,2.402296781539917,-6.239902973175049,0.31298986077308655,0.31237730383872986,0.015478571876883507,1.7608933448791504,1.7620089054107666,6.05601293413835e-17,0.020406588912010193,0.6910244822502136,0.10285227000713348,0.018927693367004395,6.05601293413835e-17,0.6910244822502136,0.10285227000713348,0.018927693367004395,0.0001,0.25,1.0,0.25,0.0,0.0,0.0,0.0,0.0,2.0273354053497314,False,True,25.0,1.0,1.0,1.0,,,,,,,,,,,,,,
522,2.4124577045440674,-6.286469459533691,0.31588035821914673,0.3162054419517517,0.016486966982483864,1.764251470565796,1.7635186910629272,9.224832011243652e-17,0.02097436413168907,0.6909732818603516,0.10293685644865036,0.018984612077474594,9.224832011243652e-17,0.6909732818603516,0.10293685644865036,0.018984612077474594,0.0001,0.25,1.0,0.25,0.0,0.0,0.0,0.0,0.0,2.020247220993042,False,True,25.0,1.0,1.0,1.0,,,,,,,,,,,,,,
523,2.416128158569336,-6.293758869171143,0.3181615471839905,0.31874242424964905,0.015884917229413986,1.764047622680664,1.762630820274353,2.0603484180642268e-17,0.02421279437839985,0.6907124519348145,0.10275675356388092,0.019439779222011566,2.0603484180642268e-17,0.6907124519348145,0.10275675356388092,0.019439779222011566,0.0001,0.25,1.0,0.25,0.0,0.0,0.0,0.0,0.0,2.0264766216278076,False,True,25.0,1.0,1.0,1.0,,,,,,,,,,,,,,
524,2.399980068206787,-6.245021343231201,0.31301042437553406,0.31349730491638184,0.015932561829686165,1.757847785949707,1.7572317123413086,3.437999000902226e-16,0.02121625281870365,0.6907640099525452,0.10234551131725311,0.01938438042998314,3.437999000902226e-16,0.6907640099525452,0.10234551131725311,0.01938438042998314,0.0001,0.25,1.0,0.25,0.0,0.0,0.0,0.0,0.0,1.9890393018722534,False,True,25.0,1.0,1.0,1.0,,,,,,,,,,,,,,
525,2.4002511501312256,-6.240629196166992,0.31153997778892517,0.3106718063354492,0.016136689111590385,1.761236548423767,1.762568712234497,1.6612071372916667e-17,0.020976729691028595,0.6906479597091675,0.1027945801615715,0.019077319651842117,1.6612071372916667e-17,0.6906479597091675,0.1027945801615715,0.019077319651842117,0.0001,0.25,1.0,0.25,0.0,0.0,0.0,0.0,0.0,2.019639015197754,False,True,25.0,1.0,1.0,1.0,,,,,,,,,,,,,,
526,2.4128944873809814,-6.295978546142578,0.31798118352890015,0.3175082504749298,0.015978772193193436,1.7612614631652832,1.7615911960601807,2.887320911975136e-17,0.01935194805264473,0.6906952857971191,0.10282128304243088,0.019444329664111137,2.887320911975136e-17,0.6906952857971191,0.10282128304243088,0.019444329664111137,0.0001,0.25,1.0,0.25,0.0,0.0,0.0,0.0,0.0,2.011618137359619,False,True,25.0,1.0,1.0,1.0,,,,,,,,,,,,,,
527,2.4221110343933105,-6.32070779800415,0.32167357206344604,0.3217891752719879,0.015771977603435516,1.7628729343414307,1.762879729270935,1.0636694320995702e-16,0.02078316919505596,0.6907567977905273,0.102754145860672,0.01827840320765972,1.0636694320995702e-16,0.6907567977905273,0.102754145860672,0.01827840320765972,0.0001,0.25,1.0,0.25,0.0,0.0,0.0,0.0,0.0,2.0238146781921387,False,True,25.0,1.0,1.0,1.0,,,,,,,,,,,,,,
528,2.4145894050598145,-6.309410572052002,0.31585270166397095,0.3163582980632782,0.01576581597328186,1.7671549320220947,1.7660706043243408,4.7706778252436366e-17,0.021548856049776077,0.6910013556480408,0.10280636698007584,0.019575027748942375,4.7706778252436366e-17,0.6910013556480408,0.10280636698007584,0.019575027748942375,0.0001,0.25,1.0,0.25,0.0,0.0,0.0,0.0,0.0,2.0247409343719482,False,True,25.0,1.0,1.0,1.0,,,,,,,,,,,,,,
529,2.393712043762207,-6.2836503982543945,0.3086428642272949,0.3088075518608093,0.015650207176804543,1.7605228424072266,1.7607002258300781,2.493490296171289e-17,0.01940639689564705,0.6905438303947449,0.1032271757721901,0.01894495263695717,2.493490296171289e-17,0.6905438303947449,0.1032271757721901,0.01894495263695717,0.0001,0.25,1.0,0.25,0.0,0.0,0.0,0.0,0.0,2.009805917739868,False,True,25.0,1.0,1.0,1.0,,,,,,,,,,,,,,
530,2.4195446968078613,-6.306907653808594,0.321666955947876,0.3222575783729553,0.015946486964821815,1.7601616382598877,1.7591854333877563,2.1152057127997635e-17,0.021882066503167152,0.6905956864356995,0.10340017080307007,0.01911316066980362,7.476543422531717e-18,0.6894634962081909,0.10325150191783905,0.013765932992100716,0.0001,0.25,1.0,0.25,0.0,0.0,0.0,0.0,0.0,2.0177857875823975,False,True,25.0,1.0,1.0,1.0,0.7846282720565796,0.7846282720565796,0.2153717279434204,8.70871353149414,0.0,0.941428005695343,3.96218204498291,-0.0,1.4215688705444336,0.7848780751228333,7.476543422531717e-18,0.7848780751228333,0.05141877382993698,1.1638802289962769
531,2.40788197517395,-6.370117664337158,0.3155194818973541,0.31582024693489075,0.015728022903203964,1.7609518766403198,1.760676622390747,6.008815993619544e-17,0.020182034000754356,0.6899538040161133,0.10382793843746185,0.018685122951865196,6.008815993619544e-17,0.6899538040161133,0.10382793843746185,0.018685122951865196,0.0001,0.25,1.0,0.25,0.0,0.0,0.0,0.0,0.0,2.0248024463653564,False,True,25.0,1.0,1.0,1.0,,,,,,,,,,,,,,
532,2.4152636528015137,-6.3600335121154785,0.3161686062812805,0.31648245453834534,0.01644849218428135,1.7666676044464111,1.7656607627868652,1.0105703924740762e-16,0.02060520462691784,0.6909114122390747,0.10374518483877182,0.01942364126443863,1.0105703924740762e-16,0.6909114122390747,0.10374518483877182,0.01942364126443863,0.0001,0.25,1.0,0.25,0.0,0.0,0.0,0.0,0.0,2.028331756591797,False,True,25.0,1.0,1.0,1.0,,,,,,,,,,,,,,
533,2.404407024383545,-6.314046382904053,0.31065183877944946,0.3108614683151245,0.016200821846723557,1.7670557498931885,1.7663301229476929,3.627754101072993e-17,0.019474584609270096,0.6908568143844604,0.10346884280443192,0.019413765519857407,3.627754101072993e-17,0.6908568143844604,0.10346884280443192,0.019413765519857407,0.0001,0.25,1.0,0.25,0.0,0.0,0.0,0.0,0.0,2.023392677307129,False,True,25.0,1.0,1.0,1.0,,,,,,,,,,,,,,
534,2.400158405303955,-6.341052055358887,0.30815157294273376,0.3081393539905548,0.015743549913167953,1.7682245969772339,1.7680233716964722,7.317842713310634e-18,0.018767742440104485,0.6906033754348755,0.10366654396057129,0.019351350143551826,7.317842713310634e-18,0.6906033754348755,0.10366654396057129,0.019351350143551826,0.0001,0.25,1.0,0.25,0.0,0.0,0.0,0.0,0.0,1.998781442642212,False,True,25.0,1.0,1.0,1.0,,,,,,,,,,,,,,
535,2.3966193199157715,-6.383829593658447,0.30680474638938904,0.30713599920272827,0.015559926629066467,1.7672473192214966,1.766989827156067,1.2737709584950995e-17,0.019630853086709976,0.6922289133071899,0.10399363934993744,0.018816443160176277,1.2737709584950995e-17,0.6922289133071899,0.10399363934993744,0.018816443160176277,0.0001,0.25,1.0,0.25,0.0,0.0,0.0,0.0,0.0,2.016873598098755,False,True,25.0,1.0,1.0,1.0,,,,,,,,,,,,,,
536,2.4167683124542236,-6.436345100402832,0.3167136013507843,0.3168715238571167,0.016062090173363686,1.7671436071395874,1.7670985460281372,5.418916771988783e-17,0.018964912742376328,0.689964771270752,0.10356683284044266,0.018750574439764023,5.418916771988783e-17,0.689964771270752,0.10356683284044266,0.018750574439764023,0.0001,0.25,1.0,0.25,0.0,0.0,0.0,0.0,0.0,2.033383846282959,False,True,25.0,1.0,1.0,1.0,,,,,,,,,,,,,,
537,2.4140419960021973,-6.426542282104492,0.3156234622001648,0.31561166048049927,0.016093751415610313,1.7666263580322266,1.7667999267578125,2.3527511397735567e-17,0.01821911707520485,0.6908861994743347,0.1037139892578125,0.01798972487449646,2.3527511397735567e-17,0.6908861994743347,0.1037139892578125,0.01798972487449646,0.0001,0.25,1.0,0.25,0.0,0.0,0.0,0.0,0.0,2.0094664096832275,False,True,25.0,1.0,1.0,1.0,,,,,,,,,,,,,,
538,2.4048924446105957,-6.380674839019775,0.31408005952835083,0.31433600187301636,0.015576296485960484,1.7611918449401855,1.7606080770492554,1.0766034432244086e-17,0.020559409633278847,0.6905116438865662,0.10403276979923248,0.01884792372584343,1.0766034432244086e-17,0.6905116438865662,0.10403276979923248,0.01884792372584343,0.0001,0.25,1.0,0.25,0.0,0.0,0.0,0.0,0.0,2.0332720279693604,False,True,25.0,1.0,1.0,1.0,,,,,,,,,,,,,,
539,2.414780378341675,-6.366389274597168,0.318172812461853,0.3184867799282074,0.016117271035909653,1.7621128559112549,1.7618939876556396,6.106735649300102e-17,0.021555889397859573,0.6906150579452515,0.10416878759860992,0.01841817796230316,6.106735649300102e-17,0.6906150579452515,0.10416878759860992,0.01841817796230316,0.0001,0.25,1.0,0.25,0.0,0.0,0.0,0.0,0.0,2.037325620651245,False,True,25.0,1.0,1.0,1.0,,,,,,,,,,,,,,
540,2.4214985370635986,-6.453543663024902,0.3167961835861206,0.31698885560035706,0.016239218413829803,1.7715646028518677,1.7713841199874878,2.5333570929738947e-17,0.017958158627152443,0.690365195274353,0.1035226583480835,0.019102221354842186,6.7586804627080756e-18,0.6891277432441711,0.1033325046300888,0.014074277132749557,0.0001,0.25,1.0,0.25,0.0,0.0,0.0,0.0,0.0,2.019303798675537,False,True,25.0,1.0,1.0,1.0,0.7845743298530579,0.7845743298530579,0.21542567014694214,8.725824356079102,0.0,0.9410436153411865,3.9612185955047607,-0.0,1.4297500848770142,0.7847538590431213,6.7586804627080756e-18,0.7847538590431213,0.05107494071125984,1.1584196090698242
541,2.4175143241882324,-6.426293849945068,0.32155972719192505,0.3213689625263214,0.01623167097568512,1.7581616640090942,1.758546233177185,8.159977924158008e-17,0.020023785531520844,0.6903674006462097,0.10324328392744064,0.019435124471783638,8.159977924158008e-17,0.6903674006462097,0.10324328392744064,0.019435124471783638,0.0001,0.25,1.0,0.25,0.0,0.0,0.0,0.0,0.0,2.005866765975952,False,True,25.0,1.0,1.0,1.0,,,,,,,,,,,,,,
542,2.3876187801361084,-6.3924946784973145,0.3084641993045807,0.30868837237358093,0.01586988940834999,1.7547671794891357,1.7544255256652832,7.864432908737711e-17,0.01732822135090828,0.6900684237480164,0.10366019606590271,0.01851869747042656,7.864432908737711e-17,0.6900684237480164,0.10366019606590271,0.01851869747042656,0.0001,0.25,1.0,0.25,0.0,0.0,0.0,0.0,0.0,2.0367283821105957,False,True,25.0,1.0,1.0,1.0,,,,,,,,,,,,,,
543,2.413447856903076,-6.436352252960205,0.31761905550956726,0.31714990735054016,0.015750957652926445,1.762261152267456,1.763594627380371,4.570160063055983e-18,0.018305791541934013,0.6901358962059021,0.1038106307387352,0.018116818740963936,4.570160063055983e-18,0.6901358962059021,0.1038106307387352,0.018116818740963936,0.0001,0.25,1.0,0.25,0.0,0.0,0.0,0.0,0.0,2.0204696655273438,False,True,25.0,1.0,1.0,1.0,,,,,,,,,,,,,,
544,2.406040668487549,-6.494345664978027,0.31322550773620605,0.3131628632545471,0.01608014665544033,1.7633033990859985,1.763840913772583,1.533058827869849e-17,0.01956360600888729,0.68967604637146,0.10311301052570343,0.018777843564748764,1.533058827869849e-17,0.68967604637146,0.10311301052570343,0.018777843564748764,0.0001,0.25,1.0,0.25,0.0,0.0,0.0,0.0,0.0,2.024533271789551,False,True,25.0,1.0,1.0,1.0,,,,,,,,,,,,,,
545,2.4000163078308105,-6.513185977935791,0.31115958094596863,0.31129899621009827,0.015730613842606544,1.761977195739746,1.7616767883300781,1.274046492357141e-17,0.02025640942156315,0.6909487247467041,0.10338877886533737,0.0188079122453928,1.274046492357141e-17,0.6909487247467041,0.10338877886533737,0.0188079122453928,0.0001,0.25,1.0,0.25,0.0,0.0,0.0,0.0,0.0,1.9823575019836426,False,True,25.0,1.0,1.0,1.0,,,,,,,,,,,,,,
546,2.388087034225464,-6.439641952514648,0.3036555051803589,0.3038441240787506,0.01575973443686962,1.7653064727783203,1.7643489837646484,2.1410240049510136e-17,0.020494040101766586,0.6897538304328918,0.1029401496052742,0.018807711079716682,2.1410240049510136e-17,0.6897538304328918,0.1029401496052742,0.018807711079716682,0.0001,0.25,1.0,0.25,0.0,0.0,0.0,0.0,0.0,2.0281271934509277,False,True,25.0,1.0,1.0,1.0,,,,,,,,,,,,,,
547,2.4073684215545654,-6.499204158782959,0.3147905468940735,0.31509318947792053,0.015396509319543839,1.7625694274902344,1.7616065740585327,1.485369946497146e-16,0.019972063601017,0.6904261112213135,0.10299942642450333,0.018251074478030205,1.485369946497146e-16,0.6904261112213135,0.10299942642450333,0.018251074478030205,0.0001,0.25,1.0,0.25,0.0,0.0,0.0,0.0,0.0,2.008078098297119,False,True,25.0,1.0,1.0,1.0,,,,,,,,,,,,,,
548,2.4122252464294434,-6.521256446838379,0.314046174287796,0.31457674503326416,0.01609927788376808,1.767945647239685,1.7670605182647705,9.788456337025034e-17,0.01792699284851551,0.6901782751083374,0.10335016250610352,0.018641943112015724,9.788456337025034e-17,0.6901782751083374,0.10335016250610352,0.018641943112015724,0.0001,0.25,1.0,0.25,0.0,0.0,0.0,0.0,0.0,2.0112574100494385,False,True,25.0,1.0,1.0,1.0,,,,,,,,,,,,,,
549,2.422051191329956,-6.528343200683594,0.3220355808734894,0.3221854269504547,0.01574752852320671,1.7620600461959839,1.7621049880981445,4.451173688816864e-17,0.01700340025126934,0.6907029747962952,0.10327047109603882,0.017906347289681435,4.451173688816864e-17,0.6907029747962952,0.10327047109603882,0.017906347289681435,0.0001,0.25,1.0,0.25,0.0,0.0,0.0,0.0,0.0,1.9938795566558838,False,True,25.0,1.0,1.0,1.0,,,,,,,,,,,,,,
550,2.4136598110198975,-6.5192341804504395,0.31854042410850525,0.31882214546203613,0.015505677089095116,1.761000633239746,1.7605825662612915,8.134691012832262e-18,0.0185750313103199,0.6896633505821228,0.10332222282886505,0.019160963594913483,7.580972681881826e-18,0.6887656450271606,0.10358347743749619,0.013435525819659233,0.0001,0.25,1.0,0.25,0.0,0.0,0.0,0.0,0.0,2.0319550037384033,False,True,25.0,1.0,1.0,1.0,0.7843679189682007,0.7843679189682007,0.21563208103179932,8.732080459594727,0.0,0.9434941411018372,3.9592361450195312,-0.0,1.4389030933380127,0.7848989367485046,7.580972681881826e-18,0.7848989367485046,0.05191277340054512,1.1558611392974854
551,2.404534339904785,-6.525847434997559,0.31168612837791443,0.311475545167923,0.01573965512216091,1.7651681900024414,1.7660980224609375,1.906997735175266e-17,0.01856832392513752,0.6899667382240295,0.10368302464485168,0.018884655088186264,1.906997735175266e-17,0.6899667382240295,0.10368302464485168,0.018884655088186264,0.0001,0.25,1.0,0.25,0.0,0.0,0.0,0.0,0.0,2.0001220703125,False,True,25.0,1.0,1.0,1.0,,,,,,,,,,,,,,
552,2.402615547180176,-6.54311990737915,0.3113134801387787,0.3115273118019104,0.015953412279486656,1.7638828754425049,1.7637598514556885,1.0067077898856985e-16,0.018263695761561394,0.6905191540718079,0.10381904989480972,0.018166959285736084,1.0067077898856985e-16,0.6905191540718079,0.10381904989480972,0.018166959285736084,0.0001,0.25,1.0,0.25,0.0,0.0,0.0,0.0,0.0,2.0183608531951904,False,True,25.0,1.0,1.0,1.0,,,,,,,,,,,,,,
553,2.412698268890381,-6.50574254989624,0.3160976767539978,0.3162260055541992,0.015944138169288635,1.7646089792251587,1.7642518281936646,3.224886040768636e-17,0.02171861007809639,0.6897091269493103,0.10373470187187195,0.01826610416173935,3.224886040768636e-17,0.6897091269493103,0.10373470187187195,0.01826610416173935,0.0001,0.25,1.0,0.25,0.0,0.0,0.0,0.0,0.0,2.014777898788452,False,True,25.0,1.0,1.0,1.0,,,,,,,,,,,,,,
554,2.410393238067627,-6.5302886962890625,0.31375405192375183,0.31350231170654297,0.015897972509264946,1.766627311706543,1.7678501605987549,1.803874120825015e-18,0.021239373832941055,0.6900401711463928,0.10391292721033096,0.01879092864692211,1.803874120825015e-18,0.6900401711463928,0.10391292721033096,0.01879092864692211,0.0001,0.25,1.0,0.25,0.0,0.0,0.0,0.0,0.0,2.0154197216033936,False,True,25.0,1.0,1.0,1.0,,,,,,,,,,,,,,
555,2.419266700744629,-6.568948268890381,0.3184880018234253,0.3180806636810303,0.0158526673913002,1.7665013074874878,1.767189383506775,1.6693494069332712e-17,0.020306957885622978,0.6894622445106506,0.10397534817457199,0.01888011395931244,1.6693494069332712e-17,0.6894622445106506,0.10397534817457199,0.01888011395931244,0.0001,0.25,1.0,0.25,0.0,0.0,0.0,0.0,0.0,2.014185905456543,False,True,25.0,1.0,1.0,1.0,,,,,,,,,,,,,,
556,2.4120306968688965,-6.586616516113281,0.3192511796951294,0.3192794919013977,0.015894044190645218,1.757739782333374,1.7574721574783325,1.9997680261065582e-17,0.01912563480436802,0.6896854639053345,0.1039981096982956,0.01877831295132637,1.9997680261065582e-17,0.6896854639053345,0.1039981096982956,0.01877831295132637,0.0001,0.25,1.0,0.25,0.0,0.0,0.0,0.0,0.0,2.0108652114868164,False,True,25.0,1.0,1.0,1.0,,,,,,,,,,,,,,
557,2.409424304962158,-6.550946235656738,0.31616583466529846,0.31614863872528076,0.016009943559765816,1.7610961198806763,1.761103630065918,3.121273397240244e-17,0.01882779225707054,0.6898171901702881,0.10428862273693085,0.017697039991617203,3.121273397240244e-17,0.6898171901702881,0.10428862273693085,0.017697039991617203,0.0001,0.25,1.0,0.25,0.0,0.0,0.0,0.0,0.0,1.9987260103225708,False,True,25.0,1.0,1.0,1.0,,,,,,,,,,,,,,
558,2.4143948554992676,-6.591121673583984,0.3156885504722595,0.3155454695224762,0.015591023489832878,1.767817497253418,1.767322301864624,1.7207436273162934e-17,0.017454568296670914,0.6893525719642639,0.10420510172843933,0.0178876593708992,1.7207436273162934e-17,0.6893525719642639,0.10420510172843933,0.0178876593708992,0.0001,0.25,1.0,0.25,0.0,0.0,0.0,0.0,0.0,1.9967126846313477,False,True,25.0,1.0,1.0,1.0,,,,,,,,,,,,,,
559,2.415388822555542,-6.6310038566589355,0.3165704309940338,0.31677794456481934,0.01565958373248577,1.7665271759033203,1.7662346363067627,2.0994671127208395e-17,0.01883329078555107,0.6900047063827515,0.10373950749635696,0.018531404435634613,2.0994671127208395e-17,0.6900047063827515,0.10373950749635696,0.018531404435634613,0.0001,0.25,1.0,0.25,0.0,0.0,0.0,0.0,0.0,2.00896954536438,False,True,25.0,1.0,1.0,1.0,,,,,,,,,,,,,,
560,2.4040098190307617,-6.630880355834961,0.31374308466911316,0.3139454424381256,0.01568448357284069,1.7610913515090942,1.7601820230484009,9.233471085561156e-17,0.017985232174396515,0.6889969110488892,0.10326876491308212,0.01852566935122013,5.7761658405187785e-18,0.6881892085075378,0.10347282141447067,0.013293880969285965,0.0001,0.25,1.0,0.25,0.0,0.0,0.0,0.0,0.0,2.01322340965271,False,True,25.0,1.0,1.0,1.0,0.7845295667648315,0.7845295667648315,0.21547043323516846,8.755348205566406,0.0,0.943013608455658,3.9582512378692627,-0.0,1.435286045074463,0.7842599153518677,5.7761658405187785e-18,0.7842599153518677,0.05237475782632828,1.144733190536499
561,2.4016263484954834,-6.586949348449707,0.3150649666786194,0.3158383369445801,0.015452411957085133,1.7556700706481934,1.754871129989624,9.360915960590058e-18,0.0180372167378664,0.689791202545166,0.10323674231767654,0.01777292974293232,9.360915960590058e-18,0.689791202545166,0.10323674231767654,0.01777292974293232,0.0001,0.25,1.0,0.25,0.0,0.0,0.0,0.0,0.0,1.9789855480194092,False,True,25.0,1.0,1.0,1.0,,,,,,,,,,,,,,
562,2.423740863800049,-6.61997127532959,0.3229425847530365,0.32281243801116943,0.015757890418171883,1.7620335817337036,1.76242196559906,4.056665446655214e-17,0.017632905393838882,0.6895015835762024,0.10319504141807556,0.018894698470830917,4.056665446655214e-17,0.6895015835762024,0.10319504141807556,0.018894698470830917,0.0001,0.25,1.0,0.25,0.0,0.0,0.0,0.0,0.0,1.9703882932662964,False,True,25.0,1.0,1.0,1.0,,,,,,,,,,,,,,
563,2.418862819671631,-6.682549953460693,0.3204536437988281,0.3202092945575714,0.01575075462460518,1.7625142335891724,1.7623839378356934,3.710852996282315e-18,0.01941145397722721,0.6891775727272034,0.10339024662971497,0.018477272242307663,3.710852996282315e-18,0.6891775727272034,0.10339024662971497,0.018477272242307663,0.0001,0.25,1.0,0.25,0.0,0.0,0.0,0.0,0.0,2.000896692276001,False,True,25.0,1.0,1.0,1.0,,,,,,,,,,,,,,
564,2.426520824432373,-6.677236557006836,0.32367074489593506,0.3234002888202667,0.015816528350114822,1.763256549835205,1.7640100717544556,8.105334372892755e-17,0.01892959326505661,0.6897023320198059,0.10359539091587067,0.018412047997117043,8.105334372892755e-17,0.6897023320198059,0.10359539091587067,0.018412047997117043,0.0001,0.25,1.0,0.25,0.0,0.0,0.0,0.0,0.0,1.981569766998291,False,True,25.0,1.0,1.0,1.0,,,,,,,,,,,,,,
565,2.416994094848633,-6.657798767089844,0.3160210847854614,0.3153645396232605,0.01599515788257122,1.768842101097107,1.7703843116760254,2.576004829636873e-18,0.020215539261698723,0.6891759037971497,0.1034788191318512,0.019211824983358383,2.576004829636873e-18,0.6891759037971497,0.1034788191318512,0.019211824983358383,0.0001,0.25,1.0,0.25,0.0,0.0,0.0,0.0,0.0,1.9992908239364624,False,True,25.0,1.0,1.0,1.0,,,,,,,,,,,,,,
566,2.4211435317993164,-6.666774272918701,0.31818339228630066,0.3182956576347351,0.015964996069669724,1.7684530019760132,1.7689456939697266,5.63375576027575e-17,0.017410440370440483,0.6890161037445068,0.10372629016637802,0.018065303564071655,5.63375576027575e-17,0.6890161037445068,0.10372629016637802,0.018065303564071655,0.0001,0.25,1.0,0.25,0.0,0.0,0.0,0.0,0.0,2.0108494758605957,False,True,25.0,1.0,1.0,1.0,,,,,,,,,,,,,,
567,2.418482780456543,-6.69165563583374,0.3191317319869995,0.31934428215026855,0.015527477487921715,1.7646037340164185,1.7643544673919678,1.5349494318779003e-16,0.018236225470900536,0.6895756125450134,0.10399477928876877,0.018053961917757988,1.5349494318779003e-16,0.6895756125450134,0.10399477928876877,0.018053961917757988,0.0001,0.25,1.0,0.25,0.0,0.0,0.0,0.0,0.0,1.9933346509933472,False,True,25.0,1.0,1.0,1.0,,,,,,,,,,,,,,
568,2.4223241806030273,-6.686940670013428,0.3234609067440033,0.323826402425766,0.015589579939842224,1.759699821472168,1.7591949701309204,6.295800020572162e-17,0.019646724686026573,0.6892609000205994,0.10344714671373367,0.018304219469428062,6.295800020572162e-17,0.6892609000205994,0.10344714671373367,0.018304219469428062,0.0001,0.25,1.0,0.25,0.0,0.0,0.0,0.0,0.0,2.0034403800964355,False,True,25.0,1.0,1.0,1.0,,,,,,,,,,,,,,
569,2.4057459831237793,-6.662474632263184,0.3124854266643524,0.3133878707885742,0.015695543959736824,1.7651172876358032,1.7632368803024292,3.931563643429429e-17,0.02069554291665554,0.6888114213943481,0.10426351428031921,0.018073054030537605,3.931563643429429e-17,0.6888114213943481,0.10426351428031921,0.018073054030537605,0.0001,0.25,1.0,0.25,0.0,0.0,0.0,0.0,0.0,1.9888172149658203,False,True,25.0,1.0,1.0,1.0,,,,,,,,,,,,,,
570,2.420882225036621,-6.6659746170043945,0.3215849995613098,0.3220400810241699,0.01569562777876854,1.7620347738265991,1.7610880136489868,9.28767523848502e-17,0.019204653799533844,0.6887446641921997,0.10369923710823059,0.018807724118232727,1.127926222466049e-17,0.6877759099006653,0.1035841554403305,0.013569241389632225,0.0001,0.25,1.0,0.25,0.0,0.0,0.0,0.0,0.0,1.9989800453186035,False,True,25.0,1.0,1.0,1.0,0.7840520739555359,0.7840520739555359,0.2159479260444641,8.730647087097168,0.0,0.9440226554870605,3.958040714263916,-0.0,1.4360333681106567,0.78404301404953,1.127926222466049e-17,0.78404301404953,0.051195792853832245,1.1500157117843628
571,2.4120841026306152,-6.718022346496582,0.31708911061286926,0.3174460530281067,0.015591979026794434,1.7624560594558716,1.7614575624465942,1.0141763705492153e-16,0.01808091253042221,0.689184308052063,0.10383091866970062,0.018286513164639473,1.0141763705492153e-16,0.689184308052063,0.10383091866970062,0.018286513164639473,0.0001,0.25,1.0,0.25,0.0,0.0,0.0,0.0,0.0,1.9969478845596313,False,True,25.0,1.0,1.0,1.0,,,,,,,,,,,,,,
572,2.4006781578063965,-6.739490985870361,0.3119213283061981,0.3125036060810089,0.01522600557655096,1.7615916728973389,1.7604624032974243,2.1374856571627568e-17,0.017669666558504105,0.6892173886299133,0.10362692922353745,0.017474675551056862,2.1374856571627568e-17,0.6892173886299133,0.10362692922353745,0.017474675551056862,0.0001,0.25,1.0,0.25,0.0,0.0,0.0,0.0,0.0,2.008934497833252,False,True,25.0,1.0,1.0,1.0,,,,,,,,,,,,,,
573,2.4355216026306152,-6.749502182006836,0.32143691182136536,0.3227071166038513,0.01572536490857601,1.7769607305526733,1.774343729019165,6.156222887498944e-17,0.019581139087677002,0.6890555024147034,0.10410547256469727,0.01877358742058277,6.156222887498944e-17,0.6890555024147034,0.10410547256469727,0.01877358742058277,0.0001,0.25,1.0,0.25,0.0,0.0,0.0,0.0,0.0,1.9896258115768433,False,True,25.0,1.0,1.0,1.0,,,,,,,,,,,,,,
574,2.414572238922119,-6.688709735870361,0.31681180000305176,0.317218154668808,0.016262270510196686,1.7644710540771484,1.76408851146698,1.9267713222822236e-17,0.017993072047829628,0.6891880035400391,0.10362925380468369,0.018540190532803535,1.9267713222822236e-17,0.6891880035400391,0.10362925380468369,0.018540190532803535,0.0001,0.25,1.0,0.25,0.0,0.0,0.0,0.0,0.0,2.0025641918182373,False,True,25.0,1.0,1.0,1.0,,,,,,,,,,,,,,
575,2.4201853275299072,-6.745155334472656,0.3167618215084076,0.3159228265285492,0.015588626265525818,1.7712312936782837,1.7725929021835327,1.794739896192837e-17,0.018703144043684006,0.689838171005249,0.10298141837120056,0.018243594095110893,1.794739896192837e-17,0.689838171005249,0.10298141837120056,0.018243594095110893,0.0001,0.25,1.0,0.25,0.0,0.0,0.0,0.0,0.0,1.9831781387329102,False,True,25.0,1.0,1.0,1.0,,,,,,,,,,,,,,
576,2.4102840423583984,-6.811265468597412,0.3157193660736084,0.3149682879447937,0.01572544313967228,1.7633458375930786,1.7643961906433105,2.2884345384251086e-17,0.018048059195280075,0.6889845132827759,0.10310547798871994,0.018195904791355133,2.2884345384251086e-17,0.6889845132827759,0.10310547798871994,0.018195904791355133,0.0001,0.25,1.0,0.25,0.0,0.0,0.0,0.0,0.0,2.017289638519287,False,True,25.0,1.0,1.0,1.0,,,,,,,,,,,,,,
577,2.4237489700317383,-6.787980556488037,0.3240070641040802,0.323486328125,0.01588776893913746,1.759493350982666,1.761242389678955,3.714181571067228e-17,0.01980493776500225,0.688899576663971,0.10343711078166962,0.01874973438680172,3.714181571067228e-17,0.688899576663971,0.10343711078166962,0.01874973438680172,0.0001,0.25,1.0,0.25,0.0,0.0,0.0,0.0,0.0,2.0032336711883545,False,True,25.0,1.0,1.0,1.0,,,,,,,,,,,,,,
578,2.413433074951172,-6.7337822914123535,0.3212192952632904,0.32034263014793396,0.015468187630176544,1.7554644346237183,1.7573415040969849,4.549816962097283e-17,0.018378162756562233,0.6884694695472717,0.10344041138887405,0.018100596964359283,4.549816962097283e-17,0.6884694695472717,0.10344041138887405,0.018100596964359283,0.0001,0.25,1.0,0.25,0.0,0.0,0.0,0.0,0.0,2.0310888290405273,False,True,25.0,1.0,1.0,1.0,,,,,,,,,,,,,,
579,2.424389123916626,-6.802061557769775,0.3207951486110687,0.3205965757369995,0.01590396836400032,1.7668094635009766,1.767377257347107,4.958010080313011e-17,0.016143856570124626,0.6887227296829224,0.10294535756111145,0.018267018720507622,4.958010080313011e-17,0.6887227296829224,0.10294535756111145,0.018267018720507622,0.0001,0.25,1.0,0.25,0.0,0.0,0.0,0.0,0.0,1.9894524812698364,False,True,25.0,1.0,1.0,1.0,,,,,,,,,,,,,,
580,2.4161109924316406,-6.815998077392578,0.3185391128063202,0.3189844787120819,0.015449084341526031,1.7634572982788086,1.7628190517425537,1.0859818681170245e-16,0.017688486725091934,0.6890160441398621,0.10380321741104126,0.01819629967212677,2.034120612894237e-17,0.6874974370002747,0.10346883535385132,0.01293288916349411,0.0001,0.25,1.0,0.25,0.0,0.0,0.0,0.0,0.0,2.0081610679626465,False,True,25.0,1.0,1.0,1.0,0.784765899181366,0.784765899181366,0.21523410081863403,8.74766731262207,0.0,0.9442148804664612,3.9581515789031982,-0.0,1.4308080673217773,0.7841238379478455,2.034120612894237e-17,0.7841238379478455,0.04958867281675339,1.1597485542297363
581,2.420027017593384,-6.804645538330078,0.3175477385520935,0.31821557879447937,0.015850156545639038,1.7690677642822266,1.7677594423294067,6.212268013594107e-17,0.016078069806098938,0.6886193752288818,0.1028333380818367,0.017828503623604774,6.212268013594107e-17,0.6886193752288818,0.1028333380818367,0.017828503623604774,0.0001,0.25,1.0,0.25,0.0,0.0,0.0,0.0,0.0,2.0336592197418213,False,True,25.0,1.0,1.0,1.0,,,,,,,,,,,,,,
582,2.4248368740081787,-6.787868976593018,0.32091468572616577,0.32102614641189575,0.015055873431265354,1.7679108381271362,1.7677695751190186,1.2172791217819335e-16,0.01964310184121132,0.6887393593788147,0.10335925966501236,0.018348418176174164,1.2172791217819335e-16,0.6887393593788147,0.10335925966501236,0.018348418176174164,0.0001,0.25,1.0,0.25,0.0,0.0,0.0,0.0,0.0,1.9927759170532227,False,True,25.0,1.0,1.0,1.0,,,,,,,,,,,,,,
583,2.4144716262817383,-6.775684833526611,0.32063063979148865,0.31944650411605835,0.015581769868731499,1.7576706409454346,1.7599546909332275,5.457290673221853e-17,0.01646418496966362,0.6886307597160339,0.10366343706846237,0.017891382798552513,5.457290673221853e-17,0.6886307597160339,0.10366343706846237,0.017891382798552513,0.0001,0.25,1.0,0.25,0.0,0.0,0.0,0.0,0.0,2.017902135848999,False,True,25.0,1.0,1.0,1.0,,,,,,,,,,,,,,
584,2.4302093982696533,-6.839945316314697,0.32898324728012085,0.3275187611579895,0.015413222834467888,1.7568764686584473,1.7597119808197021,1.690563095634349e-15,0.017665410414338112,0.6883900761604309,0.10356561094522476,0.018170585855841637,1.690563095634349e-15,0.6883900761604309,0.10356561094522476,0.018170585855841637,0.0001,0.25,1.0,0.25,0.0,0.0,0.0,0.0,0.0,2.034149169921875,False,True,25.0,1.0,1.0,1.0,,,,,,,,,,,,,,
585,2.4198381900787354,-6.894590854644775,0.3257661461830139,0.3249451816082001,0.014980870299041271,1.7534581422805786,1.7548341751098633,4.264234112927881e-16,0.018630875274538994,0.6886535286903381,0.10321394354104996,0.017983151599764824,4.264234112927881e-16,0.6886535286903381,0.10321394354104996,0.017983151599764824,0.0001,0.25,1.0,0.25,0.0,0.0,0.0,0.0,0.0,1.9853557348251343,False,True,25.0,1.0,1.0,1.0,,,,,,,,,,,,,,
586,2.4235382080078125,-6.844619274139404,0.32174286246299744,0.3213076591491699,0.015297634527087212,1.7649736404418945,1.7654067277908325,2.458462009643751e-17,0.015658913180232048,0.6889253258705139,0.1036960706114769,0.017638538032770157,2.458462009643751e-17,0.6889253258705139,0.1036960706114769,0.017638538032770157,0.0001,0.25,1.0,0.25,0.0,0.0,0.0,0.0,0.0,2.0228257179260254,False,True,25.0,1.0,1.0,1.0,,,,,,,,,,,,,,
587,2.4149422645568848,-6.826336860656738,0.3138895630836487,0.31412798166275024,0.015514136292040348,1.7715835571289062,1.7712372541427612,8.24252856405733e-17,0.016460178419947624,0.6885958909988403,0.10318826138973236,0.017890911549329758,8.24252856405733e-17,0.6885958909988403,0.10318826138973236,0.017890911549329758,0.0001,0.25,1.0,0.25,0.0,0.0,0.0,0.0,0.0,1.999480962753296,False,True,25.0,1.0,1.0,1.0,,,,,,,,,,,,,,
588,2.42083740234375,-6.827801704406738,0.31814444065093994,0.3180747628211975,0.01551430206745863,1.7693170309066772,1.7688908576965332,5.578853863961585e-16,0.01879032328724861,0.688572883605957,0.10361674427986145,0.018149564042687416,5.578853863961585e-16,0.688572883605957,0.10361674427986145,0.018149564042687416,0.0001,0.25,1.0,0.25,0.0,0.0,0.0,0.0,0.0,1.990185022354126,False,True,25.0,1.0,1.0,1.0,,,,,,,,,,,,,,
589,2.414314031600952,-6.915318489074707,0.3176116645336151,0.3177901804447174,0.015366600826382637,1.7639442682266235,1.7631467580795288,6.428305752024786e-17,0.015121408738195896,0.6887865662574768,0.1037793681025505,0.01791452430188656,6.428305752024786e-17,0.6887865662574768,0.1037793681025505,0.01791452430188656,0.0001,0.25,1.0,0.25,0.0,0.0,0.0,0.0,0.0,1.9907441139221191,False,True,25.0,1.0,1.0,1.0,,,,,,,,,,,,,,
590,2.4199416637420654,-6.859994888305664,0.32273006439208984,0.3232283890247345,0.015265746973454952,1.7589318752288818,1.7585030794143677,8.64279993898276e-17,0.01737368106842041,0.6887720823287964,0.10408898442983627,0.018099980428814888,2.103102665592371e-17,0.6872970461845398,0.10390322655439377,0.013134140521287918,0.0001,0.25,1.0,0.25,0.0,0.0,0.0,0.0,0.0,2.0187253952026367,False,True,25.0,1.0,1.0,1.0,0.7845707535743713,0.7845707535743713,0.21542924642562866,8.718863487243652,0.0,0.9469056129455566,3.9549691677093506,-0.0,1.430793046951294,0.7840980291366577,2.103102665592371e-17,0.7840980291366577,0.04906795918941498,1.1595253944396973
591,2.4162628650665283,-6.840825080871582,0.31645622849464417,0.3166099488735199,0.015267794020473957,1.7682174444198608,1.7676403522491455,1.5243327341519047e-17,0.01680673472583294,0.6886394619941711,0.10388753563165665,0.017457790672779083,1.5243327341519047e-17,0.6886394619941711,0.10388753563165665,0.017457790672779083,0.0001,0.25,1.0,0.25,0.0,0.0,0.0,0.0,0.0,2.0248637199401855,False,True,25.0,1.0,1.0,1.0,,,,,,,,,,,,,,
592,2.4204468727111816,-6.883391857147217,0.31775909662246704,0.31770291924476624,0.01535147987306118,1.7693886756896973,1.7698780298233032,7.199391607645898e-17,0.016689853742718697,0.6883830428123474,0.10415658354759216,0.018259689211845398,7.199391607645898e-17,0.6883830428123474,0.10415658354759216,0.018259689211845398,0.0001,0.25,1.0,0.25,0.0,0.0,0.0,0.0,0.0,2.030595064163208,False,True,25.0,1.0,1.0,1.0,,,,,,,,,,,,,,
593,2.4132823944091797,-6.931790351867676,0.3151094913482666,0.31503358483314514,0.01519718486815691,1.7677538394927979,1.7681306600570679,1.8210541327521495e-16,0.017466360703110695,0.6882633566856384,0.10402828454971313,0.01732437126338482,1.8210541327521495e-16,0.6882633566856384,0.10402828454971313,0.01732437126338482,0.0001,0.25,1.0,0.25,0.0,0.0,0.0,0.0,0.0,2.014065742492676,False,True,25.0,1.0,1.0,1.0,,,,,,,,,,,,,,
594,2.4146335124969482,-6.883252143859863,0.3153490722179413,0.3151873052120209,0.015320700593292713,1.768796682357788,1.7687560319900513,3.0906617588753716e-17,0.020323455333709717,0.6881157755851746,0.1037592962384224,0.01828225888311863,3.0906617588753716e-17,0.6881157755851746,0.1037592962384224,0.01828225888311863,0.0001,0.25,1.0,0.25,0.0,0.0,0.0,0.0,0.0,2.011878252029419,False,True,25.0,1.0,1.0,1.0,,,,,,,,,,,,,,
595,2.4117774963378906,-6.909506797790527,0.31642207503318787,0.3165491819381714,0.015475736930966377,1.7632607221603394,1.7634000778198242,2.61276146869531e-17,0.018160400912165642,0.6885461211204529,0.10380765050649643,0.018396049737930298,2.61276146869531e-17,0.6885461211204529,0.10380765050649643,0.018396049737930298,0.0001,0.25,1.0,0.25,0.0,0.0,0.0,0.0,0.0,2.016239643096924,False,True,25.0,1.0,1.0,1.0,,,,,,,,,,,,,,
596,2.421496868133545,-6.97636604309082,0.32322725653648376,0.3231630027294159,0.015264698304235935,1.7596172094345093,1.7600666284561157,4.49747813454195e-16,0.016835609450936317,0.6888595819473267,0.10419170558452606,0.01745121367275715,4.49747813454195e-16,0.6888595819473267,0.10419170558452606,0.01745121367275715,0.0001,0.25,1.0,0.25,0.0,0.0,0.0,0.0,0.0,2.0246422290802,False,True,25.0,1.0,1.0,1.0,,,,,,,,,,,,,,
597,2.4134531021118164,-6.971269130706787,0.320437490940094,0.3198699355125427,0.015909912064671516,1.7566165924072266,1.757854700088501,3.149940830293372e-17,0.018012046813964844,0.6882509589195251,0.10365480184555054,0.018009452149271965,3.149940830293372e-17,0.6882509589195251,0.10365480184555054,0.018009452149271965,0.0001,0.25,1.0,0.25,0.0,0.0,0.0,0.0,0.0,2.021444320678711,False,True,25.0,1.0,1.0,1.0,,,,,,,,,,,,,,
598,2.414616107940674,-6.9122467041015625,0.3219137489795685,0.3216089904308319,0.015582363121211529,1.755048155784607,1.7559736967086792,6.42266067447803e-16,0.016618650406599045,0.6888632774353027,0.10348878800868988,0.01746917888522148,6.42266067447803e-16,0.6888632774353027,0.10348878800868988,0.01746917888522148,0.0001,0.25,1.0,0.25,0.0,0.0,0.0,0.0,0.0,1.9950412511825562,False,True,25.0,1.0,1.0,1.0,,,,,,,,,,,,,,
599,2.4106709957122803,-6.9206719398498535,0.3175983428955078,0.317325621843338,0.015635494142770767,1.7597686052322388,1.7604546546936035,1.128935305918984e-16,0.015532432124018669,0.6881095767021179,0.10348886251449585,0.017350811511278152,1.128935305918984e-16,0.6881095767021179,0.10348886251449585,0.017350811511278152,0.0001,0.25,1.0,0.25,0.0,0.0,0.0,0.0,0.0,2.0097575187683105,False,True,25.0,1.0,1.0,1.0,,,,,,,,,,,,,,
600,2.4236879348754883,-6.97949743270874,0.3216438591480255,0.32143914699554443,0.015011047013103962,1.7654551267623901,1.7657328844070435,1.1342513971925154e-17,0.01724705472588539,0.6879130005836487,0.10289409011602402,0.017714407294988632,1.838922284234996e-17,0.6870163083076477,0.1028846874833107,0.012669621966779232,0.0001,0.25,1.0,0.25,0.0,0.0,0.0,0.0,0.0,2.0110790729522705,False,True,25.0,1.0,1.0,1.0,0.7848019599914551,0.7848019599914551,0.21519804000854492,8.762953758239746,0.0,0.946665346622467,3.9557459354400635,-0.0,1.425781011581421,0.7841225266456604,1.838922284234996e-17,0.7841225266456604,0.04865128546953201,1.1569987535476685
601,2.423025608062744,-7.0488600730896,0.32113784551620483,0.32184073328971863,0.015273564495146275,1.765381097793579,1.7641658782958984,2.0178517824837435e-16,0.017464302480220795,0.6881105303764343,0.10276386886835098,0.016315752640366554,2.0178517824837435e-16,0.6881105303764343,0.10276386886835098,0.016315752640366554,0.0001,0.25,1.0,0.25,0.0,0.0,0.0,0.0,0.0,2.014500379562378,False,True,25.0,1.0,1.0,1.0,,,,,,,,,,,,,,
602,2.423048734664917,-7.003745079040527,0.3227401375770569,0.3233436644077301,0.015379626303911209,1.7624294757843018,1.7607409954071045,1.0291849010195e-17,0.018160011619329453,0.6884421706199646,0.10261499136686325,0.017824027687311172,1.0291849010195e-17,0.6884421706199646,0.10261499136686325,0.017824027687311172,0.0001,0.25,1.0,0.25,0.0,0.0,0.0,0.0,0.0,1.995146632194519,False,True,25.0,1.0,1.0,1.0,,,,,,,,,,,,,,
603,2.419034004211426,-6.976835250854492,0.32081133127212524,0.32097455859184265,0.01527803298085928,1.7622144222259521,1.761725664138794,1.5676955932698535e-16,0.017002275213599205,0.6884781122207642,0.10284347087144852,0.017846455797553062,1.5676955932698535e-16,0.6884781122207642,0.10284347087144852,0.017846455797553062,0.0001,0.25,1.0,0.25,0.0,0.0,0.0,0.0,0.0,2.005852460861206,False,True,25.0,1.0,1.0,1.0,,,,,,,,,,,,,,
604,2.42261004447937,-6.993513107299805,0.3245082199573517,0.32370057702064514,0.01514088362455368,1.758644461631775,1.7598763704299927,6.41712293188756e-17,0.017444312572479248,0.6879794001579285,0.10327655076980591,0.01788383349776268,6.41712293188756e-17,0.6879794001579285,0.10327655076980591,0.01788383349776268,0.0001,0.25,1.0,0.25,0.0,0.0,0.0,0.0,0.0,2.013594150543213,False,True,25.0,1.0,1.0,1.0,,,,,,,,,,,,,,
605,2.4076220989227295,-6.992911338806152,0.3185005187988281,0.3181152045726776,0.015174808911979198,1.7552980184555054,1.7563649415969849,2.0798761670931336e-16,0.016496282070875168,0.6880890727043152,0.1032065749168396,0.017109643667936325,2.0798761670931336e-16,0.6880890727043152,0.1032065749168396,0.017109643667936325,0.0001,0.25,1.0,0.25,0.0,0.0,0.0,0.0,0.0,1.9760901927947998,False,True,25.0,1.0,1.0,1.0,,,,,,,,,,,,,,
606,2.4424257278442383,-7.037693500518799,0.3328302800655365,0.33232712745666504,0.0149458609521389,1.7618612051010132,1.7627837657928467,6.354233647229684e-16,0.017087114974856377,0.6877226233482361,0.10306000709533691,0.017635785043239594,6.354233647229684e-16,0.6877226233482361,0.10306000709533691,0.017635785043239594,0.0001,0.25,1.0,0.25,0.0,0.0,0.0,0.0,0.0,2.0309014320373535,False,True,25.0,1.0,1.0,1.0,,,,,,,,,,,,,,
607,2.4246203899383545,-7.028208255767822,0.3226792812347412,0.32263895869255066,0.01503221970051527,1.7645918130874634,1.7639479637145996,8.928952814855884e-17,0.017134999856352806,0.6877256631851196,0.10352589190006256,0.017148859798908234,8.928952814855884e-17,0.6877256631851196,0.10352589190006256,0.017148859798908234,0.0001,0.25,1.0,0.25,0.0,0.0,0.0,0.0,0.0,2.0243306159973145,False,True,25.0,1.0,1.0,1.0,,,,,,,,,,,,,,
608,2.4145073890686035,-7.0269575119018555,0.31441375613212585,0.31439775228500366,0.014971674419939518,1.7706104516983032,1.7708381414413452,2.4152739172456223e-17,0.015036671422421932,0.6882647275924683,0.10329703241586685,0.017831165343523026,2.4152739172456223e-17,0.6882647275924683,0.10329703241586685,0.017831165343523026,0.0001,0.25,1.0,0.25,0.0,0.0,0.0,0.0,0.0,2.0019145011901855,False,True,25.0,1.0,1.0,1.0,,,,,,,,,,,,,,
609,2.425769567489624,-7.061268329620361,0.320455938577652,0.32044968008995056,0.015600442886352539,1.7690980434417725,1.7694288492202759,5.3284060076187406e-17,0.01695597730576992,0.6880019903182983,0.1035638079047203,0.016776137053966522,5.3284060076187406e-17,0.6880019903182983,0.1035638079047203,0.016776137053966522,0.0001,0.25,1.0,0.25,0.0,0.0,0.0,0.0,0.0,2.032991647720337,False,True,25.0,1.0,1.0,1.0,,,,,,,,,,,,,,
610,2.412564992904663,-7.105210781097412,0.31389448046684265,0.3139970600605011,0.015294254757463932,1.7693651914596558,1.7693930864334106,2.776394006598305e-17,0.016645489260554314,0.6875601410865784,0.10333642363548279,0.017149075865745544,6.689936460361068e-18,0.6867214441299438,0.10346626490354538,0.012806716375052929,0.0001,0.25,1.0,0.25,0.0,0.0,0.0,0.0,0.0,2.0117411613464355,False,True,25.0,1.0,1.0,1.0,0.7850983738899231,0.7850983738899231,0.2149016261100769,8.737244606018066,0.0,0.9472900032997131,3.9543967247009277,-0.0,1.428795576095581,0.7842168807983398,6.689936460361068e-18,0.7842168807983398,0.046232614666223526,1.1663802862167358
611,2.4119455814361572,-7.0709452629089355,0.31993651390075684,0.31977882981300354,0.014899216592311859,1.7570995092391968,1.757562518119812,5.94604886699453e-17,0.01579049602150917,0.6878202557563782,0.10379579663276672,0.018279895186424255,5.94604886699453e-17,0.6878202557563782,0.10379579663276672,0.018279895186424255,0.0001,0.25,1.0,0.25,0.0,0.0,0.0,0.0,0.0,2.030226707458496,False,True,25.0,1.0,1.0,1.0,,,,,,,,,,,,,,
612,2.424069404602051,-7.088811874389648,0.3245480954647064,0.3241942226886749,0.015381122007966042,1.7595916986465454,1.7603005170822144,3.1361305536584314e-17,0.01717023178935051,0.6880291700363159,0.10313235968351364,0.017677830532193184,3.1361305536584314e-17,0.6880291700363159,0.10313235968351364,0.017677830532193184,0.0001,0.25,1.0,0.25,0.0,0.0,0.0,0.0,0.0,2.0251500606536865,False,True,25.0,1.0,1.0,1.0,,,,,,,,,,,,,,
613,2.420562744140625,-7.088133335113525,0.32161223888397217,0.3214438557624817,0.014857163652777672,1.7626169919967651,1.7626820802688599,2.8976705957993996e-17,0.016001440584659576,0.6883041858673096,0.10314659029245377,0.018335139378905296,2.8976705957993996e-17,0.6883041858673096,0.10314659029245377,0.018335139378905296,0.0001,0.25,1.0,0.25,0.0,0.0,0.0,0.0,0.0,2.018888235092163,False,True,25.0,1.0,1.0,1.0,,,,,,,,,,,,,,
614,2.421236038208008,-7.117197036743164,0.32244211435317993,0.3228253722190857,0.015264826826751232,1.7611989974975586,1.7602084875106812,9.99522899085063e-17,0.017008094117045403,0.6881622672080994,0.1034732535481453,0.01763909123837948,9.99522899085063e-17,0.6881622672080994,0.1034732535481453,0.01763909123837948,0.0001,0.25,1.0,0.25,0.0,0.0,0.0,0.0,0.0,2.0115785598754883,False,True,25.0,1.0,1.0,1.0,,,,,,,,,,,,,,
615,2.4306867122650146,-7.058424949645996,0.3265814185142517,0.3269944489002228,0.014713292010128498,1.7629071474075317,1.761887788772583,6.477045880694371e-17,0.016311632469296455,0.6880016922950745,0.10351124405860901,0.017255859449505806,6.477045880694371e-17,0.6880016922950745,0.10351124405860901,0.017255859449505806,0.0001,0.25,1.0,0.25,0.0,0.0,0.0,0.0,0.0,2.0191874504089355,False,True,25.0,1.0,1.0,1.0,,,,,,,,,,,,,,
616,2.4227373600006104,-7.063282012939453,0.3235529661178589,0.32405269145965576,0.014981186017394066,1.7604461908340454,1.7598549127578735,1.1443371442269255e-16,0.018180036917328835,0.6877610683441162,0.1037442609667778,0.017246566712856293,1.1443371442269255e-16,0.6877610683441162,0.1037442609667778,0.017246566712856293,0.0001,0.25,1.0,0.25,0.0,0.0,0.0,0.0,0.0,2.038466691970825,False,True,25.0,1.0,1.0,1.0,,,,,,,,,,,,,,
617,2.416637659072876,-7.128726005554199,0.31723180413246155,0.31776565313339233,0.014879745431244373,1.7671232223510742,1.7663975954055786,2.1759287106950362e-17,0.015695657581090927,0.6875184178352356,0.1029902771115303,0.018047552555799484,2.1759287106950362e-17,0.6875184178352356,0.1029902771115303,0.018047552555799484,0.0001,0.25,1.0,0.25,0.0,0.0,0.0,0.0,0.0,2.022125482559204,False,True,25.0,1.0,1.0,1.0,,,,,,,,,,,,,,
618,2.4086246490478516,-7.149942874908447,0.3141023814678192,0.3146871328353882,0.015349206514656544,1.7650657892227173,1.7639061212539673,1.2298240767774637e-16,0.015182867646217346,0.6878650188446045,0.10313159227371216,0.017533060163259506,1.2298240767774637e-16,0.6878650188446045,0.10313159227371216,0.017533060163259506,0.0001,0.25,1.0,0.25,0.0,0.0,0.0,0.0,0.0,2.0208489894866943,False,True,25.0,1.0,1.0,1.0,,,,,,,,,,,,,,
619,2.4100353717803955,-7.111559867858887,0.314764142036438,0.3144587278366089,0.015221632085740566,1.7654823064804077,1.7656992673873901,4.0684575349444227e-16,0.015229612588882446,0.6881752610206604,0.10297414660453796,0.017110198736190796,4.0684575349444227e-16,0.6881752610206604,0.10297414660453796,0.017110198736190796,0.0001,0.25,1.0,0.25,0.0,0.0,0.0,0.0,0.0,2.013432741165161,False,True,25.0,1.0,1.0,1.0,,,,,,,,,,,,,,
620,2.423794984817505,-7.114041328430176,0.32083046436309814,0.32019007205963135,0.014743441715836525,1.7676031589508057,1.7684588432312012,2.248125199994787e-17,0.01657857745885849,0.687952995300293,0.1032516211271286,0.018053872510790825,1.0518973608024618e-17,0.6867077350616455,0.10334359854459763,0.012922129593789577,0.0001,0.25,1.0,0.25,0.0,0.0,0.0,0.0,0.0,2.0050954818725586,False,True,25.0,1.0,1.0,1.0,0.7849624156951904,0.7849624156951904,0.21503758430480957,8.746665954589844,0.0,0.9470017552375793,3.954434394836426,-0.0,1.4278106689453125,0.7843701243400574,1.0518973608024618e-17,0.7843701243400574,0.046806253492832184,1.1607255935668945
621,2.4252209663391113,-7.196110725402832,0.3228084444999695,0.3223680257797241,0.014884646050632,1.7645372152328491,1.7657824754714966,3.1915873889019466e-17,0.016221150755882263,0.6881046891212463,0.10400497168302536,0.017259670421481133,3.1915873889019466e-17,0.6881046891212463,0.10400497168302536,0.017259670421481133,0.0001,0.25,1.0,0.25,0.0,0.0,0.0,0.0,0.0,1.988624930381775,False,True,25.0,1.0,1.0,1.0,,,,,,,,,,,,,,
622,2.426943778991699,-7.202047824859619,0.32504555583000183,0.32542428374290466,0.01515725627541542,1.7616665363311768,1.7609665393829346,2.028436782648666e-17,0.01480649970471859,0.6876664161682129,0.10316572338342667,0.01770922727882862,2.028436782648666e-17,0.6876664161682129,0.10316572338342667,0.01770922727882862,0.0001,0.25,1.0,0.25,0.0,0.0,0.0,0.0,0.0,2.0344643592834473,False,True,25.0,1.0,1.0,1.0,,,,,,,,,,,,,,
623,2.4283788204193115,-7.18250846862793,0.321566641330719,0.3218197822570801,0.015475459396839142,1.769822359085083,1.7692114114761353,2.4990295938613116e-17,0.014934289269149303,0.6882579922676086,0.10357024520635605,0.017100494354963303,2.4990295938613116e-17,0.6882579922676086,0.10357024520635605,0.017100494354963303,0.0001,0.25,1.0,0.25,0.0,0.0,0.0,0.0,0.0,2.0043177604675293,False,True,25.0,1.0,1.0,1.0,,,,,,,,,,,,,,
624,2.4195754528045654,-7.146263122558594,0.32236218452453613,0.32230669260025024,0.014983059838414192,1.7598146200180054,1.7600325345993042,4.4244273000183297e-17,0.015558415092527866,0.6876619458198547,0.10307102650403976,0.017499400302767754,4.4244273000183297e-17,0.6876619458198547,0.10307102650403976,0.017499400302767754,0.0001,0.25,1.0,0.25,0.0,0.0,0.0,0.0,0.0,1.9631108045578003,False,True,25.0,1.0,1.0,1.0,,,,,,,,,,,,,,
625,2.4186508655548096,-7.1471052169799805,0.32351231575012207,0.32387658953666687,0.015029684640467167,1.7568626403808594,1.7556018829345703,2.901642717100879e-17,0.01340841967612505,0.68806391954422,0.10336921364068985,0.016862425953149796,2.901642717100879e-17,0.68806391954422,0.10336921364068985,0.016862425953149796,0.0001,0.25,1.0,0.25,0.0,0.0,0.0,0.0,0.0,2.0250244140625,False,True,25.0,1.0,1.0,1.0,,,,,,,,,,,,,,
626,2.435621738433838,-7.22190523147583,0.3266963064670563,0.32689955830574036,0.015213954262435436,1.7671276330947876,1.766496181488037,1.6880906726357626e-17,0.014075221493840218,0.6882299184799194,0.10298115760087967,0.016563575714826584,1.6880906726357626e-17,0.6882299184799194,0.10298115760087967,0.016563575714826584,0.0001,0.25,1.0,0.25,0.0,0.0,0.0,0.0,0.0,2.0076544284820557,False,True,25.0,1.0,1.0,1.0,,,,,,,,,,,,,,
627,2.4197587966918945,-7.245542526245117,0.32271918654441833,0.32282745838165283,0.01483302004635334,1.7591344118118286,1.7596237659454346,1.3973727523980807e-16,0.014477742835879326,0.6873241066932678,0.10322307050228119,0.016862323507666588,1.3973727523980807e-16,0.6873241066932678,0.10322307050228119,0.016862323507666588,0.0001,0.25,1.0,0.25,0.0,0.0,0.0,0.0,0.0,2.0341432094573975,False,True,25.0,1.0,1.0,1.0,,,,,,,,,,,,,,
628,2.4212193489074707,-7.170891284942627,0.3242993950843811,0.3241863250732422,0.014786802232265472,1.7574849128723145,1.7584086656570435,3.5349666047849594e-17,0.012503879144787788,0.6877508163452148,0.10338227450847626,0.017252007499337196,3.5349666047849594e-17,0.6877508163452148,0.10338227450847626,0.017252007499337196,0.0001,0.25,1.0,0.25,0.0,0.0,0.0,0.0,0.0,2.0371944904327393,False,True,25.0,1.0,1.0,1.0,,,,,,,,,,,,,,
629,2.4385781288146973,-7.211091995239258,0.32845503091812134,0.3266937732696533,0.015041439794003963,1.766514539718628,1.770261526107788,6.760126276900228e-17,0.012927659787237644,0.6876030564308167,0.10361766070127487,0.017172835767269135,6.760126276900228e-17,0.6876030564308167,0.10361766070127487,0.017172835767269135,0.0001,0.25,1.0,0.25,0.0,0.0,0.0,0.0,0.0,2.0216188430786133,False,True,25.0,1.0,1.0,1.0,,,,,,,,,,,,,,
630,2.4196460247039795,-7.287588596343994,0.3221326172351837,0.3210769295692444,0.015474586747586727,1.7597970962524414,1.7621266841888428,1.3504480535624785e-16,0.01448965072631836,0.6875143647193909,0.10380716621875763,0.017199939116835594,1.326928909562313e-17,0.6864733099937439,0.10363733023405075,0.012908391654491425,0.0001,0.25,1.0,0.25,0.0,0.0,0.0,0.0,0.0,2.01035475730896,False,True,25.0,1.0,1.0,1.0,0.7850983738899231,0.7850983738899231,0.2149016261100769,8.737244606018066,0.0,0.9472900032997131,3.9543967247009277,-0.0,1.428795576095581,0.7843098044395447,1.326928909562313e-17,0.7843098044395447,0.0465838648378849,1.162733554840088
631,2.4334733486175537,-7.292117595672607,0.32827144861221313,0.3286813795566559,0.01527674775570631,1.7616583108901978,1.760829210281372,1.605421911344968e-17,0.015071257017552853,0.687531054019928,0.10387594997882843,0.016765829175710678,1.605421911344968e-17,0.687531054019928,0.10387594997882843,0.016765829175710678,0.0001,0.25,1.0,0.25,0.0,0.0,0.0,0.0,0.0,2.012159824371338,False,True,25.0,1.0,1.0,1.0,,,,,,,,,,,,,,
632,2.427330493927002,-7.211529731750488,0.32718244194984436,0.3275738060474396,0.015004802495241165,1.7581431865692139,1.756995439529419,1.2538555926311503e-16,0.013941607438027859,0.6876996159553528,0.10376846045255661,0.016429241746664047,1.2538555926311503e-16,0.6876996159553528,0.10376846045255661,0.016429241746664047,0.0001,0.25,1.0,0.25,0.0,0.0,0.0,0.0,0.0,2.00490665435791,False,True,25.0,1.0,1.0,1.0,,,,,,,,,,,,,,
633,2.421790838241577,-7.246378421783447,0.3224550783634186,0.3219448924064636,0.015267245471477509,1.7618266344070435,1.762420654296875,3.2831499961389113e-17,0.01530412770807743,0.6878294348716736,0.10324648022651672,0.016772523522377014,3.2831499961389113e-17,0.6878294348716736,0.10324648022651672,0.016772523522377014,0.0001,0.25,1.0,0.25,0.0,0.0,0.0,0.0,0.0,2.0115320682525635,False,True,25.0,1.0,1.0,1.0,,,,,,,,,,,,,,
634,2.423137664794922,-7.278632640838623,0.32369497418403625,0.32389697432518005,0.015066977590322495,1.7609058618545532,1.7600513696670532,9.688336380915086e-17,0.015701454132795334,0.6876956820487976,0.10331416875123978,0.016841618344187737,9.688336380915086e-17,0.6876956820487976,0.10331416875123978,0.016841618344187737,0.0001,0.25,1.0,0.25,0.0,0.0,0.0,0.0,0.0,2.017827033996582,False,True,25.0,1.0,1.0,1.0,,,,,,,,,,,,,,
635,2.421083927154541,-7.2792229652404785,0.3218226730823517,0.3219686448574066,0.01482786051928997,1.762467861175537,1.7624616622924805,9.790636123375234e-17,0.013803028501570225,0.6876190304756165,0.10348480939865112,0.016937214881181717,9.790636123375234e-17,0.6876190304756165,0.10348480939865112,0.016937214881181717,0.0001,0.25,1.0,0.25,0.0,0.0,0.0,0.0,0.0,2.0225307941436768,False,True,25.0,1.0,1.0,1.0,,,,,,,,,,,,,,
636,2.4270925521850586,-7.248809814453125,0.3205544948577881,0.3205277621746063,0.014953164383769035,1.7708784341812134,1.7712359428405762,5.681905612860217e-17,0.01566239260137081,0.6882391571998596,0.10359707474708557,0.018219737336039543,5.681905612860217e-17,0.6882391571998596,0.10359707474708557,0.018219737336039543,0.0001,0.25,1.0,0.25,0.0,0.0,0.0,0.0,0.0,2.0032265186309814,False,True,25.0,1.0,1.0,1.0,,,,,,,,,,,,,,
637,2.4261362552642822,-7.2706427574157715,0.3186742961406708,0.31875038146972656,0.01540432684123516,1.7734811305999756,1.7731332778930664,8.1651238147487e-18,0.017247771844267845,0.6878485679626465,0.10379917919635773,0.017824968323111534,8.1651238147487e-18,0.6878485679626465,0.10379917919635773,0.017824968323111534,0.0001,0.25,1.0,0.25,0.0,0.0,0.0,0.0,0.0,2.0176217555999756,False,True,25.0,1.0,1.0,1.0,,,,,,,,,,,,,,
638,2.4245922565460205,-7.321875095367432,0.3215380012989044,0.32155248522758484,0.014963077381253242,1.766704797744751,1.7663726806640625,3.509312507985301e-18,0.015092807821929455,0.687909722328186,0.10338818281888962,0.01755591295659542,3.509312507985301e-18,0.687909722328186,0.10338818281888962,0.01755591295659542,0.0001,0.25,1.0,0.25,0.0,0.0,0.0,0.0,0.0,2.041313886642456,False,True,25.0,1.0,1.0,1.0,,,,,,,,,,,,,,
639,2.449658155441284,-7.39580774307251,0.32910510897636414,0.3293885290622711,0.015338413417339325,1.7763612270355225,1.7752909660339355,4.879528110236266e-16,0.01589282974600792,0.6882290840148926,0.10378804057836533,0.017571931704878807,4.879528110236266e-16,0.6882290840148926,0.10378804057836533,0.017571931704878807,0.0001,0.25,1.0,0.25,0.0,0.0,0.0,0.0,0.0,1.9963003396987915,False,True,25.0,1.0,1.0,1.0,,,,,,,,,,,,,,
640,2.4261910915374756,-7.320673942565918,0.3251250088214874,0.3253965377807617,0.014714093878865242,1.7614445686340332,1.7604663372039795,1.359894323808936e-16,0.014923765324056149,0.6872954964637756,0.10333334654569626,0.017332956194877625,2.440301440780074e-17,0.6865575313568115,0.10347112268209457,0.012634566985070705,0.0001,0.25,1.0,0.25,0.0,0.0,0.0,0.0,0.0,2.0105690956115723,False,True,25.0,1.0,1.0,1.0,0.7858039736747742,0.7858039736747742,0.21419602632522583,8.728239059448242,0.0,0.9453199505805969,3.9554033279418945,-0.0,1.4254095554351807,0.7846822142601013,2.440301440780074e-17,0.7846822142601013,0.045775823295116425,1.1657038927078247
641,2.4270153045654297,-7.30703592300415,0.3257085382938385,0.32556793093681335,0.015057285316288471,1.7604811191558838,1.7608821392059326,1.1097679429393544e-16,0.015314184129238129,0.6879711747169495,0.10363268107175827,0.016557730734348297,1.1097679429393544e-16,0.6879711747169495,0.10363268107175827,0.016557730734348297,0.0001,0.25,1.0,0.25,0.0,0.0,0.0,0.0,0.0,2.024017333984375,False,True,25.0,1.0,1.0,1.0,,,,,,,,,,,,,,
642,2.430593967437744,-7.375758171081543,0.3275098502635956,0.3274809718132019,0.015092715620994568,1.7606892585754395,1.760331630706787,2.0914500782239756e-17,0.01512842159718275,0.6879076361656189,0.10302526503801346,0.016056282445788383,2.0914500782239756e-17,0.6879076361656189,0.10302526503801346,0.016056282445788383,0.0001,0.25,1.0,0.25,0.0,0.0,0.0,0.0,0.0,2.0321507453918457,False,True,25.0,1.0,1.0,1.0,,,,,,,,,,,,,,
643,2.4204676151275635,-7.389366626739502,0.3237229883670807,0.3234824538230896,0.015044892206788063,1.758101463317871,1.7583330869674683,3.3665274196040924e-16,0.014189587906002998,0.6876623034477234,0.10321500897407532,0.01688750460743904,3.3665274196040924e-16,0.6876623034477234,0.10321500897407532,0.01688750460743904,0.0001,0.25,1.0,0.25,0.0,0.0,0.0,0.0,0.0,2.0344393253326416,False,True,25.0,1.0,1.0,1.0,,,,,,,,,,,,,,
644,2.426501750946045,-7.350775241851807,0.32416245341300964,0.32398149371147156,0.015107451006770134,1.7627589702606201,1.7637417316436768,1.9942389854561312e-17,0.016159003600478172,0.6875460147857666,0.10303633660078049,0.017276844009757042,1.9942389854561312e-17,0.6875460147857666,0.10303633660078049,0.017276844009757042,0.0001,0.25,1.0,0.25,0.0,0.0,0.0,0.0,0.0,2.0535755157470703,False,True,25.0,1.0,1.0,1.0,,,,,,,,,,,,,,
645,2.4242167472839355,-7.313381671905518,0.32555240392684937,0.32490959763526917,0.014760611578822136,1.7585649490356445,1.759423017501831,3.7484124885714897e-16,0.016618503257632256,0.6876292824745178,0.1030963882803917,0.017038313671946526,3.7484124885714897e-16,0.6876292824745178,0.1030963882803917,0.017038313671946526,0.0001,0.25,1.0,0.25,0.0,0.0,0.0,0.0,0.0,2.0297200679779053,False,True,25.0,1.0,1.0,1.0,,,,,,,,,,,,,,
646,2.414705514907837,-7.368037700653076,0.31923332810401917,0.31887826323509216,0.014922305941581726,1.7616368532180786,1.7617061138153076,6.556407573896179e-17,0.014756018295884132,0.687768816947937,0.10341563075780869,0.01692652329802513,6.556407573896179e-17,0.687768816947937,0.10341563075780869,0.01692652329802513,0.0001,0.25,1.0,0.25,0.0,0.0,0.0,0.0,0.0,2.014538288116455,False,True,25.0,1.0,1.0,1.0,,,,,,,,,,,,,,
647,2.419480800628662,-7.394498348236084,0.32260891795158386,0.3227243423461914,0.014949268661439419,1.7596409320831299,1.7587555646896362,1.0351777054434384e-15,0.014648358337581158,0.6872038245201111,0.10354600846767426,0.017374133691191673,1.0351777054434384e-15,0.6872038245201111,0.10354600846767426,0.017374133691191673,0.0001,0.25,1.0,0.25,0.0,0.0,0.0,0.0,0.0,2.0544164180755615,False,True,25.0,1.0,1.0,1.0,,,,,,,,,,,,,,
648,2.41817569732666,-7.382606506347656,0.3203565776348114,0.3207415044307709,0.014546391554176807,1.763074278831482,1.7619880437850952,1.9481997669226548e-17,0.014379285275936127,0.6872330904006958,0.10353301465511322,0.017588138580322266,1.9481997669226548e-17,0.6872330904006958,0.10353301465511322,0.017588138580322266,0.0001,0.25,1.0,0.25,0.0,0.0,0.0,0.0,0.0,2.0204174518585205,False,True,25.0,1.0,1.0,1.0,,,,,,,,,,,,,,
649,2.4186220169067383,-7.376254558563232,0.3205588757991791,0.32107099890708923,0.014591734856367111,1.7626903057098389,1.762110710144043,6.350309237705936e-17,0.01255860086530447,0.6878784894943237,0.10337872803211212,0.016389239579439163,6.350309237705936e-17,0.6878784894943237,0.10337872803211212,0.016389239579439163,0.0001,0.25,1.0,0.25,0.0,0.0,0.0,0.0,0.0,2.0194876194000244,False,True,25.0,1.0,1.0,1.0,,,,,,,,,,,,,,
650,2.439746856689453,-7.408215045928955,0.3285539448261261,0.3285965919494629,0.015092493034899235,1.7675083875656128,1.7674990892410278,3.997501055557338e-16,0.015079059638082981,0.6877235174179077,0.10320515930652618,0.01672489196062088,3.4712863030108677e-17,0.6864604949951172,0.10330762714147568,0.012255439534783363,0.0001,0.25,1.0,0.25,0.0,0.0,0.0,0.0,0.0,2.0240652561187744,False,True,25.0,1.0,1.0,1.0,0.7856449484825134,0.7856449484825134,0.21435505151748657,8.762494087219238,0.0,0.9460407495498657,3.9553425312042236,-0.0,1.4287406206130981,0.7846423983573914,3.4712863030108677e-17,0.7846423983573914,0.0454472117125988,1.1639533042907715
651,2.426589250564575,-7.451809406280518,0.3226585388183594,0.3226984441280365,0.01482332032173872,1.766463041305542,1.7663546800613403,2.7990362560695965e-16,0.01326029747724533,0.6878548264503479,0.10389947891235352,0.01620619185268879,2.7990362560695965e-16,0.6878548264503479,0.10389947891235352,0.01620619185268879,0.0001,0.25,1.0,0.25,0.0,0.0,0.0,0.0,0.0,2.017651319503784,False,True,25.0,1.0,1.0,1.0,,,,,,,,,,,,,,
652,2.435077667236328,-7.388469219207764,0.3328491449356079,0.3321090042591095,0.01480172947049141,1.7546571493148804,1.7559783458709717,2.306160224858732e-16,0.013062319718301296,0.6875925660133362,0.1034788265824318,0.01688624918460846,2.306160224858732e-16,0.6875925660133362,0.1034788265824318,0.01688624918460846,0.0001,0.25,1.0,0.25,0.0,0.0,0.0,0.0,0.0,2.031168222427368,False,True,25.0,1.0,1.0,1.0,,,,,,,,,,,,,,
653,2.431364059448242,-7.4073567390441895,0.32784736156463623,0.3275032937526703,0.014723681844770908,1.7607789039611816,1.7618008852005005,2.271830773599903e-16,0.014050562866032124,0.6881094574928284,0.10348378121852875,0.017141200602054596,2.271830773599903e-16,0.6881094574928284,0.10348378121852875,0.017141200602054596,0.0001,0.25,1.0,0.25,0.0,0.0,0.0,0.0,0.0,1.9969966411590576,False,True,25.0,1.0,1.0,1.0,,,,,,,,,,,,,,
654,2.4221725463867188,-7.48751163482666,0.3267100155353546,0.32636934518814087,0.014672786928713322,1.7542859315872192,1.7545545101165771,2.466540917250434e-17,0.0158903319388628,0.6879453063011169,0.10356063395738602,0.0167304165661335,2.466540917250434e-17,0.6879453063011169,0.10356063395738602,0.0167304165661335,0.0001,0.25,1.0,0.25,0.0,0.0,0.0,0.0,0.0,2.0095009803771973,False,True,25.0,1.0,1.0,1.0,,,,,,,,,,,,,,
655,2.4193692207336426,-7.465760231018066,0.32325735688209534,0.3239642381668091,0.014444470405578613,1.7582863569259644,1.7571197748184204,4.0613734278296205e-17,0.015107927843928337,0.6876628994941711,0.10287050902843475,0.01746782846748829,4.0613734278296205e-17,0.6876628994941711,0.10287050902843475,0.01746782846748829,0.0001,0.25,1.0,0.25,0.0,0.0,0.0,0.0,0.0,2.032780647277832,False,True,25.0,1.0,1.0,1.0,,,,,,,,,,,,,,
656,2.432605743408203,-7.401326656341553,0.3263298571109772,0.3266124129295349,0.014823663048446178,1.765447974205017,1.7642313241958618,1.0146561088347165e-15,0.013279668055474758,0.6877676248550415,0.10361602902412415,0.015879608690738678,1.0146561088347165e-15,0.6877676248550415,0.10361602902412415,0.015879608690738678,0.0001,0.25,1.0,0.25,0.0,0.0,0.0,0.0,0.0,2.0228869915008545,False,True,25.0,1.0,1.0,1.0,,,,,,,,,,,,,,
657,2.4280543327331543,-7.4365997314453125,0.3200312852859497,0.31970593333244324,0.01515600923448801,1.772881269454956,1.7734408378601074,5.511714326793065e-16,0.01453973725438118,0.6872346997261047,0.10297954082489014,0.016843566671013832,5.511714326793065e-16,0.6872346997261047,0.10297954082489014,0.016843566671013832,0.0001,0.25,1.0,0.25,0.0,0.0,0.0,0.0,0.0,2.024742364883423,False,True,25.0,1.0,1.0,1.0,,,,,,,,,,,,,,
658,2.433406114578247,-7.54614782333374,0.3233855664730072,0.32315677404403687,0.014947840943932533,1.7718855142593384,1.7719463109970093,2.0724005719380224e-16,0.014731894247233868,0.6874102354049683,0.10295693576335907,0.016374120488762856,2.0724005719380224e-16,0.6874102354049683,0.10295693576335907,0.016374120488762856,0.0001,0.25,1.0,0.25,0.0,0.0,0.0,0.0,0.0,2.0328989028930664,False,True,25.0,1.0,1.0,1.0,,,,,,,,,,,,,,
659,2.423847198486328,-7.5230278968811035,0.32200607657432556,0.3220157027244568,0.015006158500909805,1.7648661136627197,1.7647721767425537,1.1503170644856428e-16,0.01457924209535122,0.6878807544708252,0.10314197093248367,0.017125973477959633,1.1503170644856428e-16,0.6878807544708252,0.10314197093248367,0.017125973477959633,0.0001,0.25,1.0,0.25,0.0,0.0,0.0,0.0,0.0,2.026242256164551,False,True,25.0,1.0,1.0,1.0,,,,,,,,,,,,,,
660,2.428050994873047,-7.449098587036133,0.32735705375671387,0.32701849937438965,0.014242955483496189,1.7590179443359375,1.7598470449447632,6.722019058696645e-17,0.014167556539177895,0.6873701810836792,0.10324748605489731,0.016750937327742577,7.069817842670098e-17,0.6865240931510925,0.10318977385759354,0.012329015880823135,0.0001,0.25,1.0,0.25,0.0,0.0,0.0,0.0,0.0,2.0319900512695312,False,True,25.0,1.0,1.0,1.0,0.7856449484825134,0.7856449484825134,0.21435505151748657,8.762494087219238,0.0,0.9460407495498657,3.9553425312042236,-0.0,1.4287406206130981,0.7845871448516846,7.069817842670098e-17,0.7845871448516846,0.04497595503926277,1.1601531505584717
661,2.4248552322387695,-7.468292236328125,0.3286592364311218,0.32795676589012146,0.01507009007036686,1.7524014711380005,1.753936529159546,6.4315682847095935e-16,0.013964440673589706,0.6880854964256287,0.10322437435388565,0.016966503113508224,6.4315682847095935e-16,0.6880854964256287,0.10322437435388565,0.016966503113508224,0.0001,0.25,1.0,0.25,0.0,0.0,0.0,0.0,0.0,2.0289840698242188,False,True,25.0,1.0,1.0,1.0,,,,,,,,,,,,,,
662,2.445690155029297,-7.559602737426758,0.3357143700122833,0.3355639576911926,0.014697876758873463,1.7597471475601196,1.7596805095672607,8.80809285998572e-16,0.014216410927474499,0.6878175139427185,0.10320117324590683,0.016306672245264053,8.80809285998572e-16,0.6878175139427185,0.10320117324590683,0.016306672245264053,0.0001,0.25,1.0,0.25,0.0,0.0,0.0,0.0,0.0,2.0075273513793945,False,True,25.0,1.0,1.0,1.0,,,,,,,,,,,,,,
663,2.436642646789551,-7.532382965087891,0.33196157217025757,0.3324219286441803,0.014531504362821579,1.7579052448272705,1.7575502395629883,5.847824835318333e-15,0.012668010778725147,0.6877239346504211,0.10337270796298981,0.01739734411239624,5.847824835318333e-15,0.6877239346504211,0.10337270796298981,0.01739734411239624,0.0001,0.25,1.0,0.25,0.0,0.0,0.0,0.0,0.0,2.019979238510132,False,True,25.0,1.0,1.0,1.0,,,,,,,,,,,,,,
664,2.42213773727417,-7.492414951324463,0.32104048132896423,0.3215988874435425,0.014718662947416306,1.7652790546417236,1.764280080795288,1.3039893287269846e-15,0.014846009202301502,0.6879772543907166,0.10304620862007141,0.01700673997402191,1.3039893287269846e-15,0.6879772543907166,0.10304620862007141,0.01700673997402191,0.0001,0.25,1.0,0.25,0.0,0.0,0.0,0.0,0.0,2.0033984184265137,False,True,25.0,1.0,1.0,1.0,,,,,,,,,,,,,,
665,2.4382307529449463,-7.482375144958496,0.3257318437099457,0.3260693848133087,0.014926822856068611,1.7723023891448975,1.770702838897705,1.541372059200456e-16,0.015319853089749813,0.6872745752334595,0.10342566668987274,0.016795895993709564,1.541372059200456e-16,0.6872745752334595,0.10342566668987274,0.016795895993709564,0.0001,0.25,1.0,0.25,0.0,0.0,0.0,0.0,0.0,2.026372194290161,False,True,25.0,1.0,1.0,1.0,,,,,,,,,,,,,,
666,2.4123854637145996,-7.55055046081543,0.3161257803440094,0.3162964880466461,0.014524059370160103,1.7654074430465698,1.7654705047607422,1.2114092628668e-15,0.014339257031679153,0.6884004473686218,0.10308903455734253,0.017138799652457237,1.2114092628668e-15,0.6884004473686218,0.10308903455734253,0.017138799652457237,0.0001,0.25,1.0,0.25,0.0,0.0,0.0,0.0,0.0,1.991028070449829,False,True,25.0,1.0,1.0,1.0,,,,,,,,,,,,,,
667,2.426572322845459,-7.59351921081543,0.3215477466583252,0.321804940700531,0.01420551910996437,1.769028902053833,1.7689990997314453,9.557773663634124e-16,0.013633237220346928,0.6883172392845154,0.10293111950159073,0.016497313976287842,9.557773663634124e-16,0.6883172392845154,0.10293111950159073,0.016497313976287842,0.0001,0.25,1.0,0.25,0.0,0.0,0.0,0.0,0.0,1.987827181816101,False,True,25.0,1.0,1.0,1.0,,,,,,,,,,,,,,
668,2.432101011276245,-7.525299072265625,0.33010995388031006,0.3300342559814453,0.014625662937760353,1.7572249174118042,1.7574372291564941,6.858775836753302e-17,0.013549176044762135,0.6889485716819763,0.10347766429185867,0.016367916017770767,6.858775836753302e-17,0.6889485716819763,0.10347766429185867,0.016367916017770767,0.0001,0.25,1.0,0.25,0.0,0.0,0.0,0.0,0.0,2.0106005668640137,False,True,25.0,1.0,1.0,1.0,,,,,,,,,,,,,,
669,2.430694341659546,-7.508303165435791,0.32974374294281006,0.32924211025238037,0.01462859008461237,1.7563260793685913,1.7578336000442505,1.087002542818466e-16,0.013098417781293392,0.6877483129501343,0.10367640107870102,0.016295885667204857,1.087002542818466e-16,0.6877483129501343,0.10367640107870102,0.016295885667204857,0.0001,0.25,1.0,0.25,0.0,0.0,0.0,0.0,0.0,2.0355093479156494,False,True,25.0,1.0,1.0,1.0,,,,,,,,,,,,,,
670,2.428816318511963,-7.601405620574951,0.3265768587589264,0.3260346055030823,0.014541990123689175,1.7611377239227295,1.762188196182251,2.3912153029550685e-16,0.015132450498640537,0.688010036945343,0.10359816253185272,0.01682117208838463,1.991429487632614e-16,0.6863222718238831,0.10341603308916092,0.011917549185454845,0.0001,0.25,1.0,0.25,0.0,0.0,0.0,0.0,0.0,1.996579885482788,False,True,25.0,1.0,1.0,1.0,0.7853163480758667,0.7853163480758667,0.2146836519241333,8.7913818359375,0.0,0.9449355602264404,3.9553568363189697,-0.0,1.4264004230499268,0.7845990061759949,1.991429487632614e-16,0.7845990061759949,0.04541650786995888,1.1628062725067139
671,2.4247615337371826,-7.660295009613037,0.32042157649993896,0.3206193149089813,0.01501630712300539,1.768782377243042,1.7686262130737305,1.1149299867130487e-15,0.015564990229904652,0.686619222164154,0.10313423722982407,0.016030121594667435,1.1149299867130487e-15,0.686619222164154,0.10313423722982407,0.016030121594667435,0.0001,0.25,1.0,0.25,0.0,0.0,0.0,0.0,0.0,2.046722888946533,False,True,25.0,1.0,1.0,1.0,,,,,,,,,,,,,,
672,2.439030408859253,-7.583767890930176,0.3307507634162903,0.3320475220680237,0.014678915962576866,1.7626328468322754,1.7604737281799316,5.79598506898761e-17,0.012504380196332932,0.6869775652885437,0.10289531946182251,0.01653410866856575,5.79598506898761e-17,0.6869775652885437,0.10289531946182251,0.01653410866856575,0.0001,0.25,1.0,0.25,0.0,0.0,0.0,0.0,0.0,2.0426275730133057,False,True,25.0,1.0,1.0,1.0,,,,,,,,,,,,,,
673,2.430561065673828,-7.525332450866699,0.32570990920066833,0.3260485529899597,0.014580250717699528,1.7644639015197754,1.7639806270599365,3.692915948658572e-16,0.013050390407443047,0.688057541847229,0.10338159650564194,0.01717546209692955,3.692915948658572e-16,0.688057541847229,0.10338159650564194,0.01717546209692955,0.0001,0.25,1.0,0.25,0.0,0.0,0.0,0.0,0.0,2.0004539489746094,False,True,25.0,1.0,1.0,1.0,,,,,,,,,,,,,,
674,2.436518907546997,-7.623684406280518,0.32930120825767517,0.3288193345069885,0.014768813736736774,1.7633568048477173,1.7639023065567017,3.135268102064559e-16,0.013598782941699028,0.6874210238456726,0.10337401926517487,0.015659118071198463,3.135268102064559e-16,0.6874210238456726,0.10337401926517487,0.015659118071198463,0.0001,0.25,1.0,0.25,0.0,0.0,0.0,0.0,0.0,2.031611919403076,False,True,25.0,1.0,1.0,1.0,,,,,,,,,,,,,,
675,2.4244213104248047,-7.702913284301758,0.32657358050346375,0.32592567801475525,0.014667353592813015,1.7566312551498413,1.757878303527832,3.102130320283399e-16,0.014369155280292034,0.6872687935829163,0.10331084579229355,0.016339294612407684,3.102130320283399e-16,0.6872687935829163,0.10331084579229355,0.016339294612407684,0.0001,0.25,1.0,0.25,0.0,0.0,0.0,0.0,0.0,2.0016345977783203,False,True,25.0,1.0,1.0,1.0,,,,,,,,,,,,,,
676,2.4295506477355957,-7.656554698944092,0.32738494873046875,0.32721051573753357,0.014726033434271812,1.7598992586135864,1.7605587244033813,5.042800063566636e-16,0.012260026298463345,0.6880903244018555,0.1028379499912262,0.016470804810523987,5.042800063566636e-16,0.6880903244018555,0.1028379499912262,0.016470804810523987,0.0001,0.25,1.0,0.25,0.0,0.0,0.0,0.0,0.0,2.025125741958618,False,True,25.0,1.0,1.0,1.0,,,,,,,,,,,,,,
677,2.427464008331299,-7.598283290863037,0.3266771137714386,0.32644543051719666,0.014684180729091167,1.759215235710144,1.760098934173584,8.852528605445375e-17,0.013988197781145573,0.6874353885650635,0.10352575778961182,0.015662802383303642,8.852528605445375e-17,0.6874353885650635,0.10352575778961182,0.015662802383303642,0.0001,0.25,1.0,0.25,0.0,0.0,0.0,0.0,0.0,1.9902114868164062,False,True,25.0,1.0,1.0,1.0,,,,,,,,,,,,,,
678,2.433018922805786,-7.585343837738037,0.3234764635562897,0.3230346739292145,0.015226966701447964,1.7707587480545044,1.7718030214309692,1.737933519088664e-15,0.013987389393150806,0.6875717639923096,0.10329264402389526,0.01612105779349804,1.737933519088664e-15,0.6875717639923096,0.10329264402389526,0.01612105779349804,0.0001,0.25,1.0,0.25,0.0,0.0,0.0,0.0,0.0,1.9930797815322876,False,True,25.0,1.0,1.0,1.0,,,,,,,,,,,,,,
679,2.4309425354003906,-7.727450847625732,0.3236156702041626,0.3237302601337433,0.01449105516076088,1.769049048423767,1.7691622972488403,1.5242859752862383e-15,0.01519201509654522,0.6864904165267944,0.10260755568742752,0.01557204406708479,1.5242859752862383e-15,0.6864904165267944,0.10260755568742752,0.01557204406708479,0.0001,0.25,1.0,0.25,0.0,0.0,0.0,0.0,0.0,2.0087051391601562,False,True,25.0,1.0,1.0,1.0,,,,,,,,,,,,,,
680,2.4316582679748535,-7.698251724243164,0.32714971899986267,0.3278469741344452,0.014801722951233387,1.7624313831329346,1.7612884044647217,2.3345421813388554e-16,0.014773011207580566,0.6871760487556458,0.10350930690765381,0.016231078654527664,1.0448104253177943e-16,0.6856349110603333,0.10297315567731857,0.011840296909213066,0.0001,0.25,1.0,0.25,0.0,0.0,0.0,0.0,0.0,1.9911128282546997,False,True,25.0,1.0,1.0,1.0,0.785871684551239,0.785871684551239,0.214128315448761,8.798750877380371,0.0,0.9475302696228027,3.952212333679199,-0.0,1.4194601774215698,0.7849400639533997,1.0448104253177943e-16,0.7849400639533997,0.04523817449808121,1.1567567586898804
681,2.435351848602295,-7.602011203765869,0.3302540183067322,0.3311299979686737,0.014713281765580177,1.7599220275878906,1.7585874795913696,1.2629015604006914e-15,0.014744511805474758,0.6872621774673462,0.10295063257217407,0.01634955033659935,1.2629015604006914e-15,0.6872621774673462,0.10295063257217407,0.01634955033659935,0.0001,0.25,1.0,0.25,0.0,0.0,0.0,0.0,0.0,1.9957479238510132,False,True,25.0,1.0,1.0,1.0,,,,,,,,,,,,,,
682,2.4570493698120117,-7.643463134765625,0.3340816795825958,0.3342643976211548,0.015285736881196499,1.7734546661376953,1.7733805179595947,5.810622195362859e-16,0.011714540421962738,0.6870591044425964,0.10333406180143356,0.016206704080104828,5.810622195362859e-16,0.6870591044425964,0.10333406180143356,0.016206704080104828,0.0001,0.25,1.0,0.25,0.0,0.0,0.0,0.0,0.0,1.993327021598816,False,True,25.0,1.0,1.0,1.0,,,,,,,,,,,,,,
683,2.4268717765808105,-7.715748310089111,0.3243156671524048,0.32380661368370056,0.014591996558010578,1.7638530731201172,1.7644617557525635,4.2786675543490945e-16,0.014004073105752468,0.6865229606628418,0.1026681512594223,0.01662725768983364,4.2786675543490945e-16,0.6865229606628418,0.1026681512594223,0.01662725768983364,0.0001,0.25,1.0,0.25,0.0,0.0,0.0,0.0,0.0,2.004680871963501,False,True,25.0,1.0,1.0,1.0,,,,,,,,,,,,,,
684,2.4489314556121826,-7.757916450500488,0.33494025468826294,0.3343244194984436,0.015107110142707825,1.7639405727386475,1.765178918838501,5.991326748492213e-17,0.013736731372773647,0.6871569752693176,0.10287272930145264,0.0158284492790699,5.991326748492213e-17,0.6871569752693176,0.10287272930145264,0.0158284492790699,0.0001,0.25,1.0,0.25,0.0,0.0,0.0,0.0,0.0,2.002459764480591,False,True,25.0,1.0,1.0,1.0,,,,,,,,,,,,,,
685,2.4373998641967773,-7.695173740386963,0.3305385410785675,0.3302677869796753,0.01489308662712574,1.761526346206665,1.7618743181228638,2.0844998023148396e-15,0.01189787033945322,0.6870564222335815,0.10353286564350128,0.01636618562042713,2.0844998023148396e-15,0.6870564222335815,0.10353286564350128,0.01636618562042713,0.0001,0.25,1.0,0.25,0.0,0.0,0.0,0.0,0.0,1.9948862791061401,False,True,25.0,1.0,1.0,1.0,,,,,,,,,,,,,,
686,2.424600601196289,-7.697055816650391,0.3247528672218323,0.3240484893321991,0.014782382175326347,1.7603230476379395,1.761710524559021,6.7135380585942e-18,0.014316513203084469,0.6864469647407532,0.10298469662666321,0.016161518171429634,6.7135380585942e-18,0.6864469647407532,0.10298469662666321,0.016161518171429634,0.0001,0.25,1.0,0.25,0.0,0.0,0.0,0.0,0.0,2.012634515762329,False,True,25.0,1.0,1.0,1.0,,,,,,,,,,,,,,
687,2.4236068725585938,-7.728482723236084,0.3229747712612152,0.32278043031692505,0.014656195417046547,1.7631287574768066,1.7632622718811035,3.617914622250552e-17,0.0157958772033453,0.6864876747131348,0.10249289870262146,0.01650647260248661,3.617914622250552e-17,0.6864876747131348,0.10249289870262146,0.01650647260248661,0.0001,0.25,1.0,0.25,0.0,0.0,0.0,0.0,0.0,2.020991086959839,False,True,25.0,1.0,1.0,1.0,,,,,,,,,,,,,,
688,2.430405616760254,-7.755259037017822,0.32747796177864075,0.32799002528190613,0.014337324537336826,1.76115882396698,1.7600417137145996,2.7153366953866628e-15,0.015455962158739567,0.6864392161369324,0.10244929790496826,0.015698309987783432,2.7153366953866628e-15,0.6864392161369324,0.10244929790496826,0.015698309987783432,0.0001,0.25,1.0,0.25,0.0,0.0,0.0,0.0,0.0,2.0247650146484375,False,True,25.0,1.0,1.0,1.0,,,,,,,,,,,,,,
689,2.4365227222442627,-7.730751037597656,0.32924792170524597,0.3299330770969391,0.014826382510364056,1.7634590864181519,1.7615714073181152,2.8274730711679445e-17,0.013490913435816765,0.6874051690101624,0.10239274799823761,0.016300689429044724,2.8274730711679445e-17,0.6874051690101624,0.10239274799823761,0.016300689429044724,0.0001,0.25,1.0,0.25,0.0,0.0,0.0,0.0,0.0,1.9993005990982056,False,True,25.0,1.0,1.0,1.0,,,,,,,,,,,,,,
690,2.4319090843200684,-7.67935037612915,0.32675114274024963,0.3271641433238983,0.014564716257154942,1.7640010118484497,1.76285719871521,1.312676207466449e-16,0.013636428862810135,0.6873419880867004,0.10237602144479752,0.016334623098373413,9.264370484038207e-17,0.6856949925422668,0.10270114243030548,0.011668801307678223,0.0001,0.25,1.0,0.25,0.0,0.0,0.0,0.0,0.0,2.0057523250579834,False,True,25.0,1.0,1.0,1.0,0.7860995531082153,0.7860995531082153,0.21390044689178467,8.789141654968262,0.0,0.9459927082061768,3.9541594982147217,-0.0,1.425960898399353,0.7851784229278564,9.264370484038207e-17,0.7851784229278564,0.0460071936249733,1.1535890102386475
691,2.428115129470825,-7.7142653465271,0.3247728943824768,0.3244093656539917,0.014734559692442417,1.7638872861862183,1.7645093202590942,2.395983039656926e-16,0.015320352278649807,0.6865566372871399,0.10245422273874283,0.016669489443302155,2.395983039656926e-16,0.6865566372871399,0.10245422273874283,0.016669489443302155,0.0001,0.25,1.0,0.25,0.0,0.0,0.0,0.0,0.0,2.000681161880493,False,True,25.0,1.0,1.0,1.0,,,,,,,,,,,,,,
692,2.4182207584381104,-7.773281574249268,0.3191005289554596,0.3186822533607483,0.014403479173779488,1.7653772830963135,1.7666916847229004,8.814989825758738e-16,0.013895663432776928,0.6868153214454651,0.10272666066884995,0.01644054614007473,8.814989825758738e-16,0.6868153214454651,0.10272666066884995,0.01644054614007473,0.0001,0.25,1.0,0.25,0.0,0.0,0.0,0.0,0.0,2.0177834033966064,False,True,25.0,1.0,1.0,1.0,,,,,,,,,,,,,,
693,2.4324698448181152,-7.834326267242432,0.32735610008239746,0.3271882236003876,0.014504767023026943,1.7634055614471436,1.7634357213974,5.016651627089304e-16,0.01398217212408781,0.6874204277992249,0.10320543497800827,0.01655714213848114,5.016651627089304e-16,0.6874204277992249,0.10320543497800827,0.01655714213848114,0.0001,0.25,1.0,0.25,0.0,0.0,0.0,0.0,0.0,2.0110971927642822,False,True,25.0,1.0,1.0,1.0,,,,,,,,,,,,,,
694,2.433253765106201,-7.793781280517578,0.3280431926250458,0.32765209674835205,0.014640146866440773,1.7626785039901733,1.7631579637527466,1.136696791237406e-17,0.011925708502531052,0.6864274144172668,0.10268556326627731,0.016011856496334076,1.136696791237406e-17,0.6864274144172668,0.10268556326627731,0.016011856496334076,0.0001,0.25,1.0,0.25,0.0,0.0,0.0,0.0,0.0,2.0319199562072754,False,True,25.0,1.0,1.0,1.0,,,,,,,,,,,,,,
695,2.419110059738159,-7.694637298583984,0.32302066683769226,0.32308661937713623,0.01445561833679676,1.7586326599121094,1.758461356163025,1.8054695206160584e-16,0.01458542700856924,0.6869112849235535,0.10267213732004166,0.017513906583189964,1.8054695206160584e-16,0.6869112849235535,0.10267213732004166,0.017513906583189964,0.0001,0.25,1.0,0.25,0.0,0.0,0.0,0.0,0.0,2.0080626010894775,False,True,25.0,1.0,1.0,1.0,,,,,,,,,,,,,,
696,2.458721160888672,-7.779622554779053,0.34045374393463135,0.3392646014690399,0.014963842928409576,1.7627155780792236,1.765362024307251,7.240738726872729e-17,0.013066967949271202,0.687002420425415,0.10338280349969864,0.01577078178524971,7.240738726872729e-17,0.687002420425415,0.10338280349969864,0.01577078178524971,0.0001,0.25,1.0,0.25,0.0,0.0,0.0,0.0,0.0,2.0149710178375244,False,True,25.0,1.0,1.0,1.0,,,,,,,,,,,,,,
697,2.4359917640686035,-7.890419006347656,0.32937124371528625,0.32906705141067505,0.014523777179419994,1.762863039970398,1.7631959915161133,4.6947433067557587e-17,0.014005503617227077,0.6869336366653442,0.10339982062578201,0.016531802713871002,4.6947433067557587e-17,0.6869336366653442,0.10339982062578201,0.016531802713871002,0.0001,0.25,1.0,0.25,0.0,0.0,0.0,0.0,0.0,2.008521318435669,False,True,25.0,1.0,1.0,1.0,,,,,,,,,,,,,,
698,2.438369035720825,-7.890961647033691,0.3306657671928406,0.3309040665626526,0.01481015607714653,1.7624033689498901,1.7615749835968018,7.585013812446361e-16,0.013894091360270977,0.6871802806854248,0.10358460247516632,0.01599682681262493,7.585013812446361e-16,0.6871802806854248,0.10358460247516632,0.01599682681262493,0.0001,0.25,1.0,0.25,0.0,0.0,0.0,0.0,0.0,2.010942220687866,False,True,25.0,1.0,1.0,1.0,,,,,,,,,,,,,,
699,2.4502792358398438,-7.753409385681152,0.3349995017051697,0.3351786434650421,0.014784712344408035,1.7655696868896484,1.7650630474090576,6.402423998576941e-16,0.013801658526062965,0.6870230436325073,0.10322784632444382,0.01562695950269699,6.402423998576941e-16,0.6870230436325073,0.10322784632444382,0.01562695950269699,0.0001,0.25,1.0,0.25,0.0,0.0,0.0,0.0,0.0,2.00783634185791,False,True,25.0,1.0,1.0,1.0,,,,,,,,,,,,,,
700,2.4447686672210693,-7.748229503631592,0.3346399962902069,0.33391591906547546,0.01458557415753603,1.760978102684021,1.7622761726379395,1.2669577364872963e-16,0.011295201256871223,0.6864887475967407,0.10264094918966293,0.01615316793322563,4.248760498672654e-17,0.6856198906898499,0.1029626801609993,0.011618360877037048,0.0001,0.25,1.0,0.25,0.0,0.0,0.0,0.0,0.0,2.0036873817443848,False,True,25.0,1.0,1.0,1.0,0.7862908244132996,0.7862908244132996,0.21370917558670044,8.776697158813477,0.0,0.9455602169036865,3.9549899101257324,-0.0,1.4262436628341675,0.785180389881134,4.248760498672654e-17,0.785180389881134,0.045180924236774445,1.1525192260742188
701,2.4405603408813477,-7.86790132522583,0.3313644528388977,0.3315260410308838,0.014208010397851467,1.763728141784668,1.7631956338882446,3.521891526278456e-17,0.014983887784183025,0.6868910789489746,0.10314533114433289,0.016331108286976814,3.521891526278456e-17,0.6868910789489746,0.10314533114433289,0.016331108286976814,0.0001,0.25,1.0,0.25,0.0,0.0,0.0,0.0,0.0,1.9793822765350342,False,True,25.0,1.0,1.0,1.0,,,,,,,,,,,,,,
702,2.444200038909912,-7.923521041870117,0.33203181624412537,0.33212170004844666,0.014466676861047745,1.765869379043579,1.7652904987335205,1.734002836227151e-17,0.014591983519494534,0.6868003010749817,0.10294504463672638,0.016481349244713783,1.734002836227151e-17,0.6868003010749817,0.10294504463672638,0.016481349244713783,0.0001,0.25,1.0,0.25,0.0,0.0,0.0,0.0,0.0,1.991991400718689,False,True,25.0,1.0,1.0,1.0,,,,,,,,,,,,,,
703,2.467076301574707,-7.850594520568848,0.34358838200569153,0.34448254108428955,0.015006175264716148,1.764723777770996,1.7632745504379272,1.6448442805480613e-16,0.014445250853896141,0.6872552633285522,0.10264429450035095,0.016399912536144257,1.6448442805480613e-16,0.6872552633285522,0.10264429450035095,0.016399912536144257,0.0001,0.25,1.0,0.25,0.0,0.0,0.0,0.0,0.0,1.9905790090560913,False,True,25.0,1.0,1.0,1.0,,,,,,,,,,,,,,
704,2.4339141845703125,-7.786995887756348,0.3283785283565521,0.32819101214408875,0.014658394269645214,1.7625750303268433,1.7627977132797241,3.6801973519088547e-17,0.013842728920280933,0.6866782307624817,0.10284489393234253,0.01628609374165535,3.6801973519088547e-17,0.6866782307624817,0.10284489393234253,0.01628609374165535,0.0001,0.25,1.0,0.25,0.0,0.0,0.0,0.0,0.0,1.98833167552948,False,True,25.0,1.0,1.0,1.0,,,,,,,,,,,,,,
705,2.4343512058258057,-7.824151515960693,0.3271685242652893,0.32664188742637634,0.014594723470509052,1.765249490737915,1.7666428089141846,1.052420305164441e-16,0.014541816897690296,0.687278687953949,0.10299908369779587,0.01640256866812706,1.052420305164441e-16,0.687278687953949,0.10299908369779587,0.01640256866812706,0.0001,0.25,1.0,0.25,0.0,0.0,0.0,0.0,0.0,1.9761348962783813,False,True,25.0,1.0,1.0,1.0,,,,,,,,,,,,,,
706,2.427072048187256,-7.959229469299316,0.3268439471721649,0.3262682557106018,0.01427534967660904,1.75898015499115,1.760388731956482,6.03729218251505e-17,0.01393253542482853,0.686309814453125,0.10314629226922989,0.016219835728406906,6.03729218251505e-17,0.686309814453125,0.10314629226922989,0.016219835728406906,0.0001,0.25,1.0,0.25,0.0,0.0,0.0,0.0,0.0,2.0164573192596436,False,True,25.0,1.0,1.0,1.0,,,,,,,,,,,,,,
707,2.4319214820861816,-7.939398288726807,0.3300272524356842,0.3299538493156433,0.014507103711366653,1.7572410106658936,1.7576252222061157,7.771611663480686e-18,0.016136033460497856,0.6866854429244995,0.1029406487941742,0.01625356264412403,7.771611663480686e-18,0.6866854429244995,0.1029406487941742,0.01625356264412403,0.0001,0.25,1.0,0.25,0.0,0.0,0.0,0.0,0.0,1.997070074081421,False,True,25.0,1.0,1.0,1.0,,,,,,,,,,,,,,
708,2.4409196376800537,-7.862080097198486,0.3338284194469452,0.33432701230049133,0.01442104671150446,1.7588133811950684,1.7578728199005127,1.3414643956541198e-15,0.013468737713992596,0.6868992447853088,0.10261976718902588,0.016049344092607498,1.3414643956541198e-15,0.6868992447853088,0.10261976718902588,0.016049344092607498,0.0001,0.25,1.0,0.25,0.0,0.0,0.0,0.0,0.0,2.020037889480591,False,True,25.0,1.0,1.0,1.0,,,,,,,,,,,,,,
709,2.4161086082458496,-7.829404354095459,0.31960779428482056,0.31964388489723206,0.014530450105667114,1.7626113891601562,1.7620415687561035,3.4718384965406275e-17,0.013645204715430737,0.6872712969779968,0.10213416814804077,0.015975799411535263,3.4718384965406275e-17,0.6872712969779968,0.10213416814804077,0.015975799411535263,0.0001,0.25,1.0,0.25,0.0,0.0,0.0,0.0,0.0,2.0053741931915283,False,True,25.0,1.0,1.0,1.0,,,,,,,,,,,,,,
710,2.435110092163086,-7.896420001983643,0.3281768262386322,0.3279528021812439,0.014726134948432446,1.764479637145996,1.7640291452407837,2.93608433405077e-16,0.012649144046008587,0.6864432692527771,0.10203119367361069,0.015836285427212715,4.827653743095325e-17,0.6856650114059448,0.10238613188266754,0.011675857938826084,0.0001,0.25,1.0,0.25,0.0,0.0,0.0,0.0,0.0,1.9919217824935913,False,True,25.0,1.0,1.0,1.0,0.7860150337219238,0.7860150337219238,0.21398496627807617,8.779888153076172,0.0,0.9470497369766235,3.9525768756866455,-0.0,1.4137985706329346,0.7851646542549133,4.827653743095325e-17,0.7851646542549133,0.04569170996546745,1.1516233682632446
711,2.4240641593933105,-7.992570400238037,0.3184676766395569,0.3185122609138489,0.014431008137762547,1.7727749347686768,1.7725311517715454,1.7330540600645526e-17,0.015491143800318241,0.6869071125984192,0.10250111669301987,0.01674262061715126,1.7330540600645526e-17,0.6869071125984192,0.10250111669301987,0.01674262061715126,0.0001,0.25,1.0,0.25,0.0,0.0,0.0,0.0,0.0,1.9721628427505493,False,True,25.0,1.0,1.0,1.0,,,,,,,,,,,,,,
712,2.4389748573303223,-7.946753978729248,0.3282776176929474,0.3288361430168152,0.014662989415228367,1.7678470611572266,1.7665488719940186,1.8753315804957314e-15,0.013199273496866226,0.6867977976799011,0.10230252891778946,0.016279594972729683,1.8753315804957314e-15,0.6867977976799011,0.10230252891778946,0.016279594972729683,0.0001,0.25,1.0,0.25,0.0,0.0,0.0,0.0,0.0,1.9915119409561157,False,True,25.0,1.0,1.0,1.0,,,,,,,,,,,,,,
713,2.4364397525787354,-7.880283355712891,0.3295733332633972,0.32993924617767334,0.014663667418062687,1.7627087831497192,1.761818289756775,2.610137320920047e-16,0.012470457702875137,0.6874861121177673,0.10231360793113708,0.016636380925774574,2.610137320920047e-16,0.6874861121177673,0.10231360793113708,0.016636380925774574,0.0001,0.25,1.0,0.25,0.0,0.0,0.0,0.0,0.0,1.9867467880249023,False,True,25.0,1.0,1.0,1.0,,,,,,,,,,,,,,
714,2.434075117111206,-7.871079921722412,0.328776478767395,0.32825228571891785,0.014656745828688145,1.761845588684082,1.762933611869812,9.385845033582814e-16,0.01232626661658287,0.6864922046661377,0.10266663134098053,0.015982281416654587,9.385845033582814e-16,0.6864922046661377,0.10266663134098053,0.015982281416654587,0.0001,0.25,1.0,0.25,0.0,0.0,0.0,0.0,0.0,1.9953104257583618,False,True,25.0,1.0,1.0,1.0,,,,,,,,,,,,,,
715,2.4434757232666016,-7.96575403213501,0.3343011438846588,0.33398836851119995,0.014556520618498325,1.7601386308670044,1.7611209154129028,1.8311907679378438e-17,0.011161023750901222,0.6869179010391235,0.10231248289346695,0.01617857627570629,1.8311907679378438e-17,0.6869179010391235,0.10231248289346695,0.01617857627570629,0.0001,0.25,1.0,0.25,0.0,0.0,0.0,0.0,0.0,2.002429962158203,False,True,25.0,1.0,1.0,1.0,,,,,,,,,,,,,,
716,2.4409782886505127,-8.008882522583008,0.33495649695396423,0.33534446358680725,0.014554413966834545,1.7565276622772217,1.7557179927825928,3.400919008670536e-17,0.012060603126883507,0.6873493790626526,0.10212177783250809,0.016253827139735222,3.400919008670536e-17,0.6873493790626526,0.10212177783250809,0.016253827139735222,0.0001,0.25,1.0,0.25,0.0,0.0,0.0,0.0,0.0,1.9865493774414062,False,True,25.0,1.0,1.0,1.0,,,,,,,,,,,,,,
717,2.438091278076172,-7.973627090454102,0.32974570989608765,0.32980889081954956,0.014537579379975796,1.7642112970352173,1.763787031173706,1.4150933698689103e-15,0.0117357037961483,0.686978816986084,0.1023222953081131,0.01594795659184456,1.4150933698689103e-15,0.686978816986084,0.1023222953081131,0.01594795659184456,0.0001,0.25,1.0,0.25,0.0,0.0,0.0,0.0,0.0,1.993765115737915,False,True,25.0,1.0,1.0,1.0,,,,,,,,,,,,,,
718,2.4302661418914795,-7.914542198181152,0.32722556591033936,0.32701095938682556,0.0144651522859931,1.7615461349487305,1.761582851409912,4.918972449356428e-17,0.011151385493576527,0.6866238117218018,0.10243165493011475,0.016180019825696945,4.918972449356428e-17,0.6866238117218018,0.10243165493011475,0.016180019825696945,0.0001,0.25,1.0,0.25,0.0,0.0,0.0,0.0,0.0,1.9945573806762695,False,True,25.0,1.0,1.0,1.0,,,,,,,,,,,,,,
719,2.458888292312622,-7.9346466064453125,0.3391331732273102,0.3385627269744873,0.014447879046201706,1.7662912607192993,1.767197847366333,3.4482253355535457e-16,0.01395121868699789,0.6866457462310791,0.1021513119339943,0.01648826338350773,3.4482253355535457e-16,0.6866457462310791,0.1021513119339943,0.01648826338350773,0.0001,0.25,1.0,0.25,0.0,0.0,0.0,0.0,0.0,2.014225721359253,False,True,25.0,1.0,1.0,1.0,,,,,,,,,,,,,,
720,2.435331106185913,-8.040936470031738,0.32847270369529724,0.3283391296863556,0.014252149499952793,1.7641191482543945,1.7644151449203491,5.869287697289692e-16,0.015537875704467297,0.6866865158081055,0.10228558629751205,0.01665484346449375,4.7207658884299184e-17,0.6853892207145691,0.10279318690299988,0.011651955544948578,0.0001,0.25,1.0,0.25,0.0,0.0,0.0,0.0,0.0,2.0009491443634033,False,True,25.0,1.0,1.0,1.0,0.7856338024139404,0.7856338024139404,0.21436619758605957,8.793207168579102,0.0,0.9477704763412476,3.95200252532959,-0.0,1.421773910522461,0.7849757075309753,4.7207658884299184e-17,0.7849757075309753,0.045178480446338654,1.157116413116455
721,2.4454054832458496,-8.090916633605957,0.33239254355430603,0.3331913948059082,0.014379309490323067,1.7661548852920532,1.764729380607605,1.2416125254719775e-16,0.012334530241787434,0.6867858171463013,0.10299637913703918,0.015963787212967873,1.2416125254719775e-16,0.6867858171463013,0.10299637913703918,0.015963787212967873,0.0001,0.25,1.0,0.25,0.0,0.0,0.0,0.0,0.0,2.012662887573242,False,True,25.0,1.0,1.0,1.0,,,,,,,,,,,,,,
722,2.459845542907715,-8.005955696105957,0.3409344255924225,0.3414302170276642,0.01469927653670311,1.7633556127548218,1.7622075080871582,8.217016858128316e-16,0.011631309986114502,0.6867602467536926,0.10324644297361374,0.015543058514595032,8.217016858128316e-16,0.6867602467536926,0.10324644297361374,0.015543058514595032,0.0001,0.25,1.0,0.25,0.0,0.0,0.0,0.0,0.0,1.991025686264038,False,True,25.0,1.0,1.0,1.0,,,,,,,,,,,,,,
723,2.4274814128875732,-7.954921245574951,0.32521921396255493,0.3245501220226288,0.014525827951729298,1.762754201889038,1.7636181116104126,4.549055955933734e-17,0.011999689042568207,0.6867797374725342,0.10347922146320343,0.016229845583438873,4.549055955933734e-17,0.6867797374725342,0.10347922146320343,0.016229845583438873,0.0001,0.25,1.0,0.25,0.0,0.0,0.0,0.0,0.0,1.9972383975982666,False,True,25.0,1.0,1.0,1.0,,,,,,,,,,,,,,
724,2.4481170177459717,-8.062498092651367,0.3345796763896942,0.33420857787132263,0.014500371180474758,1.7646429538726807,1.7650139331817627,8.052122307308362e-16,0.013477574102580547,0.6863126158714294,0.10256879031658173,0.016217675060033798,8.052122307308362e-16,0.6863126158714294,0.10256879031658173,0.016217675060033798,0.0001,0.25,1.0,0.25,0.0,0.0,0.0,0.0,0.0,2.0032541751861572,False,True,25.0,1.0,1.0,1.0,,,,,,,,,,,,,,
725,2.4241793155670166,-8.10815143585205,0.32745733857154846,0.32710331678390503,0.01444168295711279,1.755171775817871,1.755182147026062,7.044444797046955e-17,0.011438646353781223,0.6864814758300781,0.10272370278835297,0.01553815882652998,7.044444797046955e-17,0.6864814758300781,0.10272370278835297,0.01553815882652998,0.0001,0.25,1.0,0.25,0.0,0.0,0.0,0.0,0.0,2.006303310394287,False,True,25.0,1.0,1.0,1.0,,,,,,,,,,,,,,
726,2.4531073570251465,-8.042229652404785,0.3408460021018982,0.34144923090934753,0.01444028876721859,1.757025122642517,1.7557188272476196,1.299090708891164e-17,0.009832791984081268,0.6863189935684204,0.10315075516700745,0.015222406014800072,1.299090708891164e-17,0.6863189935684204,0.10315075516700745,0.015222406014800072,0.0001,0.25,1.0,0.25,0.0,0.0,0.0,0.0,0.0,2.0149872303009033,False,True,25.0,1.0,1.0,1.0,,,,,,,,,,,,,,
727,2.4279868602752686,-7.979110240936279,0.3250337839126587,0.3247273564338684,0.014347796328365803,1.7639740705490112,1.7637816667556763,1.582318425964117e-16,0.012469296343624592,0.68595290184021,0.10288290679454803,0.015631696209311485,1.582318425964117e-16,0.68595290184021,0.10288290679454803,0.015631696209311485,0.0001,0.25,1.0,0.25,0.0,0.0,0.0,0.0,0.0,2.0293221473693848,False,True,25.0,1.0,1.0,1.0,,,,,,,,,,,,,,
728,2.433342933654785,-8.02027702331543,0.32416725158691406,0.32365864515304565,0.01467207819223404,1.7702265977859497,1.7714630365371704,1.5663765247429622e-15,0.012307202443480492,0.6870428323745728,0.10325328260660172,0.01547127403318882,1.5663765247429622e-15,0.6870428323745728,0.10325328260660172,0.01547127403318882,0.0001,0.25,1.0,0.25,0.0,0.0,0.0,0.0,0.0,2.0149269104003906,False,True,25.0,1.0,1.0,1.0,,,,,,,,,,,,,,
729,2.442718267440796,-8.100761413574219,0.3271338641643524,0.32658618688583374,0.014695285819470882,1.774036169052124,1.7745696306228638,8.554754834582616e-16,0.015009621158242226,0.6862964034080505,0.10316413640975952,0.015342109836637974,8.554754834582616e-16,0.6862964034080505,0.10316413640975952,0.015342109836637974,0.0001,0.25,1.0,0.25,0.0,0.0,0.0,0.0,0.0,1.9891382455825806,False,True,25.0,1.0,1.0,1.0,,,,,,,,,,,,,,
730,2.442103862762451,-8.116820335388184,0.3280675411224365,0.3279648423194885,0.014396480284631252,1.7714451551437378,1.771904706954956,2.835700209540397e-17,0.01270587183535099,0.686379611492157,0.1032126396894455,0.01687689498066902,6.062798309414415e-17,0.6852965950965881,0.10269895941019058,0.011483577080070972,0.0001,0.25,1.0,0.25,0.0,0.0,0.0,0.0,0.0,2.0078675746917725,False,True,25.0,1.0,1.0,1.0,0.7857692837715149,0.7857692837715149,0.2142307162284851,8.799979209899902,0.0,0.9458485245704651,3.9528207778930664,-0.0,1.4194743633270264,0.7849231362342834,6.062798309414415e-17,0.7849231362342834,0.04534501954913139,1.1508793830871582
731,2.4431028366088867,-8.073994636535645,0.33170419931411743,0.33160510659217834,0.014706681482493877,1.764934778213501,1.7652390003204346,7.755667922609849e-17,0.013091561384499073,0.6861429214477539,0.10292306542396545,0.01604992337524891,7.755667922609849e-17,0.6861429214477539,0.10292306542396545,0.01604992337524891,0.0001,0.25,1.0,0.25,0.0,0.0,0.0,0.0,0.0,2.03020977973938,False,True,25.0,1.0,1.0,1.0,,,,,,,,,,,,,,
732,2.4344482421875,-8.041156768798828,0.3312513530254364,0.33096450567245483,0.013990889303386211,1.7580689191818237,1.7584141492843628,5.345336938919823e-15,0.012967033311724663,0.6860684752464294,0.10297557711601257,0.015717344358563423,5.345336938919823e-15,0.6860684752464294,0.10297557711601257,0.015717344358563423,0.0001,0.25,1.0,0.25,0.0,0.0,0.0,0.0,0.0,2.0112130641937256,False,True,25.0,1.0,1.0,1.0,,,,,,,,,,,,,,
733,2.450713872909546,-8.133209228515625,0.33736568689346313,0.3371709883213043,0.014452777802944183,1.7615820169448853,1.7618670463562012,1.2502604406958683e-15,0.011752546764910221,0.6865907907485962,0.10284718871116638,0.01593472622334957,1.2502604406958683e-15,0.6865907907485962,0.10284718871116638,0.01593472622334957,0.0001,0.25,1.0,0.25,0.0,0.0,0.0,0.0,0.0,2.0024375915527344,False,True,25.0,1.0,1.0,1.0,,,,,,,,,,,,,,
734,2.441995143890381,-8.13144302368164,0.3347434401512146,0.33495640754699707,0.01396803930401802,1.7585272789001465,1.7581273317337036,2.2127508872734058e-16,0.01244577020406723,0.68662428855896,0.10223548114299774,0.016384676098823547,2.2127508872734058e-16,0.68662428855896,0.10223548114299774,0.016384676098823547,0.0001,0.25,1.0,0.25,0.0,0.0,0.0,0.0,0.0,1.9969502687454224,False,True,25.0,1.0,1.0,1.0,,,,,,,,,,,,,,
735,2.451423168182373,-8.111337661743164,0.3414783775806427,0.3420517146587372,0.014131209813058376,1.7545686960220337,1.7529548406600952,2.727207597444636e-16,0.011248047463595867,0.686315655708313,0.10281724482774734,0.0157987792044878,2.727207597444636e-16,0.686315655708313,0.10281724482774734,0.0157987792044878,0.0001,0.25,1.0,0.25,0.0,0.0,0.0,0.0,0.0,1.9927444458007812,False,True,25.0,1.0,1.0,1.0,,,,,,,,,,,,,,
736,2.432652711868286,-8.07351303100586,0.3301723003387451,0.3305249512195587,0.014291362836956978,1.758160948753357,1.7571673393249512,8.827011407037094e-18,0.013355609960854053,0.6862643361091614,0.10225952416658401,0.016365626826882362,8.827011407037094e-18,0.6862643361091614,0.10225952416658401,0.016365626826882362,0.0001,0.25,1.0,0.25,0.0,0.0,0.0,0.0,0.0,1.9632883071899414,False,True,25.0,1.0,1.0,1.0,,,,,,,,,,,,,,
737,2.434839963912964,-8.131621360778809,0.32670342922210693,0.3269363343715668,0.01443152129650116,1.7670655250549316,1.7664716243743896,2.1145210057759166e-16,0.012893063947558403,0.6863577961921692,0.1025087758898735,0.014992904849350452,2.1145210057759166e-16,0.6863577961921692,0.1025087758898735,0.014992904849350452,0.0001,0.25,1.0,0.25,0.0,0.0,0.0,0.0,0.0,1.9914801120758057,False,True,25.0,1.0,1.0,1.0,,,,,,,,,,,,,,
738,2.4395620822906494,-8.143169403076172,0.3298788070678711,0.3301260769367218,0.014476940967142582,1.7654190063476562,1.7647414207458496,2.32865715524001e-16,0.012745100073516369,0.6865125894546509,0.10252302139997482,0.016188986599445343,2.32865715524001e-16,0.6865125894546509,0.10252302139997482,0.016188986599445343,0.0001,0.25,1.0,0.25,0.0,0.0,0.0,0.0,0.0,2.0018539428710938,False,True,25.0,1.0,1.0,1.0,,,,,,,,,,,,,,
739,2.44694447517395,-8.10507869720459,0.3314005732536316,0.33143603801727295,0.014373770914971828,1.769822597503662,1.7696454524993896,3.1745997460980676e-17,0.013924986124038696,0.6866849064826965,0.1018022671341896,0.016591016203165054,3.1745997460980676e-17,0.6866849064826965,0.1018022671341896,0.016591016203165054,0.0001,0.25,1.0,0.25,0.0,0.0,0.0,0.0,0.0,2.0097904205322266,False,True,25.0,1.0,1.0,1.0,,,,,,,,,,,,,,
740,2.4233596324920654,-8.151226997375488,0.3222278654575348,0.3219034969806671,0.014007308520376682,1.764896273612976,1.7655457258224487,1.1078688024273816e-16,0.011933302506804466,0.686517596244812,0.1020570620894432,0.01570054702460766,4.145859984980858e-17,0.6851249933242798,0.10253213346004486,0.011468238197267056,0.0001,0.25,1.0,0.25,0.0,0.0,0.0,0.0,0.0,1.9918553829193115,False,True,25.0,1.0,1.0,1.0,0.7850854992866516,0.7850854992866516,0.2149145007133484,8.806061744689941,0.0,0.945944607257843,3.952773094177246,-0.0,1.4176406860351562,0.7846882343292236,4.145859984980858e-17,0.7846882343292236,0.04521746188402176,1.1482641696929932
741,2.4207890033721924,-8.135790824890137,0.32453328371047974,0.3239554166793823,0.013768215663731098,1.7581466436386108,1.7589175701141357,3.2019423005076814e-16,0.011743859387934208,0.6862193942070007,0.10233386605978012,0.01582265831530094,3.2019423005076814e-16,0.6862193942070007,0.10233386605978012,0.01582265831530094,0.0001,0.25,1.0,0.25,0.0,0.0,0.0,0.0,0.0,1.9908859729766846,False,True,25.0,1.0,1.0,1.0,,,,,,,,,,,,,,
742,2.418613910675049,-8.137134552001953,0.3257022798061371,0.32469844818115234,0.013942786492407322,1.753236174583435,1.7553045749664307,1.80001102192827e-17,0.011975947767496109,0.6862093210220337,0.10240831226110458,0.015415455214679241,1.80001102192827e-17,0.6862093210220337,0.10240831226110458,0.015415455214679241,0.0001,0.25,1.0,0.25,0.0,0.0,0.0,0.0,0.0,1.987282633781433,False,True,25.0,1.0,1.0,1.0,,,,,,,,,,,,,,
743,2.4695615768432617,-8.152298927307129,0.34734204411506653,0.34708040952682495,0.014024310745298862,1.760690450668335,1.7615389823913574,1.4263357205404614e-16,0.012101839296519756,0.6861190795898438,0.10283470898866653,0.015928594395518303,1.4263357205404614e-16,0.6861190795898438,0.10283470898866653,0.015928594395518303,0.0001,0.25,1.0,0.25,0.0,0.0,0.0,0.0,0.0,1.9859422445297241,False,True,25.0,1.0,1.0,1.0,,,,,,,,,,,,,,
744,2.4357569217681885,-8.184979438781738,0.33035990595817566,0.33001190423965454,0.014267382211983204,1.7608656883239746,1.7613698244094849,4.663764731071158e-17,0.011547350324690342,0.6860700845718384,0.10329338163137436,0.015724875032901764,4.663764731071158e-17,0.6860700845718384,0.10329338163137436,0.015724875032901764,0.0001,0.25,1.0,0.25,0.0,0.0,0.0,0.0,0.0,2.001964569091797,False,True,25.0,1.0,1.0,1.0,,,,,,,,,,,,,,
745,2.44095516204834,-8.216597557067871,0.3298521935939789,0.3300369381904602,0.014066832140088081,1.767116904258728,1.7668814659118652,8.140437932856035e-17,0.013188936747610569,0.6856430768966675,0.10251633822917938,0.015576410107314587,8.140437932856035e-17,0.6856430768966675,0.10251633822917938,0.015576410107314587,0.0001,0.25,1.0,0.25,0.0,0.0,0.0,0.0,0.0,2.0115532875061035,False,True,25.0,1.0,1.0,1.0,,,,,,,,,,,,,,
746,2.4248833656311035,-8.146821022033691,0.3235895335674286,0.32401782274246216,0.0143164973706007,1.763422966003418,1.7624961137771606,1.2931024671954843e-16,0.012686640955507755,0.6868624091148376,0.1028093472123146,0.015562957152724266,1.2931024671954843e-16,0.6868624091148376,0.1028093472123146,0.015562957152724266,0.0001,0.25,1.0,0.25,0.0,0.0,0.0,0.0,0.0,1.9759935140609741,False,True,25.0,1.0,1.0,1.0,,,,,,,,,,,,,,
747,2.4263691902160645,-8.179766654968262,0.3202063739299774,0.3204067349433899,0.014026987366378307,1.7719520330429077,1.7715061902999878,5.4577228585483e-16,0.011746623553335667,0.686832070350647,0.10363681614398956,0.01565859280526638,5.4577228585483e-16,0.686832070350647,0.10363681614398956,0.01565859280526638,0.0001,0.25,1.0,0.25,0.0,0.0,0.0,0.0,0.0,1.976706862449646,False,True,25.0,1.0,1.0,1.0,,,,,,,,,,,,,,
748,2.448457717895508,-8.246679306030273,0.3339898884296417,0.333975613117218,0.014086324721574783,1.7663520574569702,1.7664597034454346,5.617850202061989e-16,0.013978233560919762,0.6861284375190735,0.10272706300020218,0.015798673033714294,5.617850202061989e-16,0.6861284375190735,0.10272706300020218,0.015798673033714294,0.0001,0.25,1.0,0.25,0.0,0.0,0.0,0.0,0.0,2.0025529861450195,False,True,25.0,1.0,1.0,1.0,,,,,,,,,,,,,,
749,2.4421072006225586,-8.227744102478027,0.33300453424453735,0.33254554867744446,0.014530687592923641,1.7614524364471436,1.7626001834869385,1.87965332788108e-16,0.012828518636524677,0.6860853433609009,0.10335227102041245,0.015922972932457924,1.87965332788108e-16,0.6860853433609009,0.10335227102041245,0.015922972932457924,0.0001,0.25,1.0,0.25,0.0,0.0,0.0,0.0,0.0,1.988091230392456,False,True,25.0,1.0,1.0,1.0,,,,,,,,,,,,,,
750,2.443408727645874,-8.196524620056152,0.33355894684791565,0.33288392424583435,0.013949819840490818,1.7623363733291626,1.7636957168579102,6.253727894082041e-16,0.011847603134810925,0.6865914463996887,0.10309000313282013,0.01618124544620514,3.2236787525476016e-17,0.6851450204849243,0.10306208580732346,0.011601538397371769,0.0001,0.25,1.0,0.25,0.0,0.0,0.0,0.0,0.0,1.978211760520935,False,True,25.0,1.0,1.0,1.0,0.7849112153053284,0.7849112153053284,0.21508878469467163,8.825517654418945,0.0,0.9453200101852417,3.952934503555298,-0.0,1.4214420318603516,0.7847276329994202,3.2236787525476016e-17,0.7847276329994202,0.04567427933216095,1.1475697755813599
751,2.4432902336120605,-8.190801620483398,0.331732839345932,0.33125966787338257,0.014204018749296665,1.7654697895050049,1.766717791557312,6.697678772863905e-17,0.012599515728652477,0.6864053606987,0.1032576709985733,0.016382893547415733,6.697678772863905e-17,0.6864053606987,0.1032576709985733,0.016382893547415733,0.0001,0.25,1.0,0.25,0.0,0.0,0.0,0.0,0.0,1.9882065057754517,False,True,25.0,1.0,1.0,1.0,,,,,,,,,,,,,,
752,2.43619441986084,-8.317744255065918,0.32669875025749207,0.3266127407550812,0.014473190531134605,1.7685433626174927,1.7682760953903198,8.624466307886135e-17,0.01266480516642332,0.6860993504524231,0.10327543318271637,0.015356154181063175,8.624466307886135e-17,0.6860993504524231,0.10327543318271637,0.015356154181063175,0.0001,0.25,1.0,0.25,0.0,0.0,0.0,0.0,0.0,1.971199870109558,False,True,25.0,1.0,1.0,1.0,,,,,,,,,,,,,,
753,2.439784526824951,-8.314417839050293,0.3306962549686432,0.3306839168071747,0.014675173908472061,1.763789176940918,1.7636691331863403,4.9956782310474506e-17,0.013848597183823586,0.6863296627998352,0.1031886413693428,0.01544187031686306,4.9956782310474506e-17,0.6863296627998352,0.1031886413693428,0.01544187031686306,0.0001,0.25,1.0,0.25,0.0,0.0,0.0,0.0,0.0,1.9671659469604492,False,True,25.0,1.0,1.0,1.0,,,,,,,,,,,,,,
754,2.440795660018921,-8.243995666503906,0.3338325619697571,0.3342987895011902,0.014311903156340122,1.758829951286316,1.757874846458435,2.5465713032594293e-17,0.013786941766738892,0.68671053647995,0.1030125692486763,0.016109755262732506,2.5465713032594293e-17,0.68671053647995,0.1030125692486763,0.016109755262732506,0.0001,0.25,1.0,0.25,0.0,0.0,0.0,0.0,0.0,2.004892349243164,False,True,25.0,1.0,1.0,1.0,,,,,,,,,,,,,,
755,2.4331130981445312,-8.216105461120605,0.3303470313549042,0.3301374018192291,0.013817260973155499,1.7585755586624146,1.759047269821167,1.584564386763321e-16,0.01065827626734972,0.6857845187187195,0.1024790033698082,0.016289884224534035,1.584564386763321e-16,0.6857845187187195,0.1024790033698082,0.016289884224534035,0.0001,0.25,1.0,0.25,0.0,0.0,0.0,0.0,0.0,2.0017361640930176,False,True,25.0,1.0,1.0,1.0,,,,,,,,,,,,,,
756,2.4320876598358154,-8.276200294494629,0.32488134503364563,0.324700266122818,0.014417548663914204,1.767788290977478,1.7683888673782349,8.990844982916164e-16,0.011458477936685085,0.6865237355232239,0.10279615968465805,0.016381224617362022,8.990844982916164e-16,0.6865237355232239,0.10279615968465805,0.016381224617362022,0.0001,0.25,1.0,0.25,0.0,0.0,0.0,0.0,0.0,2.0060958862304688,False,True,25.0,1.0,1.0,1.0,,,,,,,,,,,,,,
757,2.437987804412842,-8.369837760925293,0.3295385539531708,0.3288128077983856,0.014283869415521622,1.7648444175720215,1.7658604383468628,2.7302929149550096e-16,0.013298657722771168,0.6861481070518494,0.1031716912984848,0.015730947256088257,2.7302929149550096e-16,0.6861481070518494,0.1031716912984848,0.015730947256088257,0.0001,0.25,1.0,0.25,0.0,0.0,0.0,0.0,0.0,1.9922822713851929,False,True,25.0,1.0,1.0,1.0,,,,,,,,,,,,,,
758,2.446758985519409,-8.340526580810547,0.3363472819328308,0.3365892469882965,0.014206944964826107,1.759716510772705,1.759514570236206,4.010683005798983e-16,0.010400865226984024,0.6862064003944397,0.10276634246110916,0.015612002462148666,4.010683005798983e-16,0.6862064003944397,0.10276634246110916,0.015612002462148666,0.0001,0.25,1.0,0.25,0.0,0.0,0.0,0.0,0.0,1.9860000610351562,False,True,25.0,1.0,1.0,1.0,,,,,,,,,,,,,,
759,2.4414734840393066,-8.222790718078613,0.33634617924690247,0.33646708726882935,0.014023050665855408,1.754746675491333,1.7545278072357178,3.3289483396780123e-17,0.011847497895359993,0.6860181093215942,0.10231635719537735,0.01586959883570671,3.3289483396780123e-17,0.6860181093215942,0.10231635719537735,0.01586959883570671,0.0001,0.25,1.0,0.25,0.0,0.0,0.0,0.0,0.0,1.9916623830795288,False,True,25.0,1.0,1.0,1.0,,,,,,,,,,,,,,
760,2.4521279335021973,-8.252315521240234,0.3400907814502716,0.3396763503551483,0.013866116292774677,1.7582885026931763,1.7587007284164429,2.0108768962970228e-17,0.011592946946620941,0.6862238645553589,0.10246943682432175,0.01567133516073227,2.8493084786348476e-17,0.6850685477256775,0.10247736424207687,0.011507686227560043,0.0001,0.25,1.0,0.25,0.0,0.0,0.0,0.0,0.0,1.966879963874817,False,True,25.0,1.0,1.0,1.0,0.7840349078178406,0.7840349078178406,0.21596509218215942,8.829634666442871,0.0,0.9464250802993774,3.9520163536071777,-0.0,1.4180903434753418,0.7847043871879578,2.8493084786348476e-17,0.7847043871879578,0.046216219663619995,1.1426892280578613
761,2.4278247356414795,-8.340414047241211,0.3263891339302063,0.3259040117263794,0.01403023861348629,1.7614270448684692,1.7615758180618286,9.52992202918832e-17,0.010114209726452827,0.6857631802558899,0.10269160568714142,0.01571185141801834,9.52992202918832e-17,0.6857631802558899,0.10269160568714142,0.01571185141801834,0.0001,0.25,1.0,0.25,0.0,0.0,0.0,0.0,0.0,1.9748547077178955,False,True,25.0,1.0,1.0,1.0,,,,,,,,,,,,,,
762,2.4421186447143555,-8.387468338012695,0.33228784799575806,0.3320946991443634,0.013959504663944244,1.763701319694519,1.7638520002365112,1.6763277011041155e-16,0.012609764002263546,0.6856756806373596,0.10256845504045486,0.015995433554053307,1.6763277011041155e-16,0.6856756806373596,0.10256845504045486,0.015995433554053307,0.0001,0.25,1.0,0.25,0.0,0.0,0.0,0.0,0.0,2.0106399059295654,False,True,25.0,1.0,1.0,1.0,,,,,,,,,,,,,,
763,2.4508578777313232,-8.327539443969727,0.33466777205467224,0.33460626006126404,0.014033198356628418,1.7677295207977295,1.7673718929290771,3.432408583450348e-16,0.012174837291240692,0.6861200332641602,0.10253671556711197,0.016440367326140404,3.432408583450348e-16,0.6861200332641602,0.10253671556711197,0.016440367326140404,0.0001,0.25,1.0,0.25,0.0,0.0,0.0,0.0,0.0,1.9909204244613647,False,True,25.0,1.0,1.0,1.0,,,,,,,,,,,,,,
764,2.4527318477630615,-8.326885223388672,0.3365645408630371,0.3365768790245056,0.014065150171518326,1.7653412818908691,1.7657091617584229,8.174748888356367e-18,0.011398878879845142,0.6865660548210144,0.10264910757541656,0.015618390403687954,8.174748888356367e-18,0.6865660548210144,0.10264910757541656,0.015618390403687954,0.0001,0.25,1.0,0.25,0.0,0.0,0.0,0.0,0.0,1.9889147281646729,False,True,25.0,1.0,1.0,1.0,,,,,,,,,,,,,,
765,2.445952892303467,-8.310699462890625,0.3330368399620056,0.3329927623271942,0.014168509282171726,1.7658748626708984,1.7656348943710327,2.798135290946404e-17,0.01284045446664095,0.6862579584121704,0.10253624618053436,0.015847599133849144,2.798135290946404e-17,0.6862579584121704,0.10253624618053436,0.015847599133849144,0.0001,0.25,1.0,0.25,0.0,0.0,0.0,0.0,0.0,1.9751944541931152,False,True,25.0,1.0,1.0,1.0,,,,,,,,,,,,,,
766,2.4510014057159424,-8.362970352172852,0.3395370841026306,0.339431494474411,0.014145341701805592,1.7578375339508057,1.7579374313354492,2.645044839078152e-17,0.012866365723311901,0.6857171058654785,0.1024250015616417,0.015547359362244606,2.645044839078152e-17,0.6857171058654785,0.1024250015616417,0.015547359362244606,0.0001,0.25,1.0,0.25,0.0,0.0,0.0,0.0,0.0,1.9798897504806519,False,True,25.0,1.0,1.0,1.0,,,,,,,,,,,,,,
767,2.4458048343658447,-8.423813819885254,0.33221790194511414,0.3324383497238159,0.014385429210960865,1.7673170566558838,1.766209363937378,4.3685009570591294e-17,0.011852097697556019,0.6865779161453247,0.10317622125148773,0.015273205935955048,4.3685009570591294e-17,0.6865779161453247,0.10317622125148773,0.015273205935955048,0.0001,0.25,1.0,0.25,0.0,0.0,0.0,0.0,0.0,1.994798183441162,False,True,25.0,1.0,1.0,1.0,,,,,,,,,,,,,,
768,2.440615177154541,-8.332925796508789,0.3339340388774872,0.33379894495010376,0.013923553749918938,1.7588132619857788,1.759103775024414,8.329351426384366e-17,0.011139502748847008,0.6860930919647217,0.10248088836669922,0.01587694324553013,8.329351426384366e-17,0.6860930919647217,0.10248088836669922,0.01587694324553013,0.0001,0.25,1.0,0.25,0.0,0.0,0.0,0.0,0.0,1.9981504678726196,False,True,25.0,1.0,1.0,1.0,,,,,,,,,,,,,,
769,2.4522018432617188,-8.323198318481445,0.33874985575675964,0.338233083486557,0.014019832015037537,1.7605116367340088,1.761886477470398,1.8542801912482815e-16,0.01232292503118515,0.6861616373062134,0.10270671546459198,0.01589568518102169,1.8542801912482815e-16,0.6861616373062134,0.10270671546459198,0.01589568518102169,0.0001,0.25,1.0,0.25,0.0,0.0,0.0,0.0,0.0,1.9893395900726318,False,True,25.0,1.0,1.0,1.0,,,,,,,,,,,,,,
770,2.467520236968994,-8.392542839050293,0.33949676156044006,0.3393353819847107,0.014474657364189625,1.774139165878296,1.7742878198623657,2.4536542704874702e-17,0.01252186018973589,0.6862012147903442,0.10277590900659561,0.016395732760429382,4.370341890565375e-17,0.685042679309845,0.10274605453014374,0.011298136785626411,0.0001,0.25,1.0,0.25,0.0,0.0,0.0,0.0,0.0,1.9972165822982788,False,True,25.0,1.0,1.0,1.0,0.7843391299247742,0.7843391299247742,0.21566087007522583,8.833781242370605,0.0,0.9464251399040222,3.9513978958129883,-0.0,1.4234507083892822,0.7846837639808655,4.370341890565375e-17,0.7846837639808655,0.046040136367082596,1.1432971954345703
771,2.4445483684539795,-8.439523696899414,0.33062100410461426,0.3305635154247284,0.014006786048412323,1.7693791389465332,1.7693347930908203,3.21916989186365e-16,0.014154978096485138,0.6867807507514954,0.1026872992515564,0.01661580242216587,3.21916989186365e-16,0.6867807507514954,0.1026872992515564,0.01661580242216587,0.0001,0.25,1.0,0.25,0.0,0.0,0.0,0.0,0.0,1.9931538105010986,False,True,25.0,1.0,1.0,1.0,,,,,,,,,,,,,,
772,2.452908515930176,-8.436077117919922,0.3368275761604309,0.3366270065307617,0.014507264830172062,1.7650461196899414,1.7648473978042603,6.753203767789894e-17,0.011336137540638447,0.6864414215087891,0.10260320454835892,0.014568847604095936,6.753203767789894e-17,0.6864414215087891,0.10260320454835892,0.014568847604095936,0.0001,0.25,1.0,0.25,0.0,0.0,0.0,0.0,0.0,1.9988659620285034,False,True,25.0,1.0,1.0,1.0,,,,,,,,,,,,,,
773,2.442840099334717,-8.366541862487793,0.3300532400608063,0.330207496881485,0.01400205958634615,1.7687404155731201,1.7684143781661987,2.0138388315472282e-16,0.012538040988147259,0.6859889626502991,0.10320969671010971,0.015398640185594559,2.0138388315472282e-16,0.6859889626502991,0.10320969671010971,0.015398640185594559,0.0001,0.25,1.0,0.25,0.0,0.0,0.0,0.0,0.0,1.9850319623947144,False,True,25.0,1.0,1.0,1.0,,,,,,,,,,,,,,
774,2.446807622909546,-8.382243156433105,0.3375322222709656,0.3372219502925873,0.014069510623812675,1.7576709985733032,1.7582969665527344,7.074027422729811e-17,0.012079227715730667,0.6862223148345947,0.10264580696821213,0.01553497277200222,7.074027422729811e-17,0.6862223148345947,0.10264580696821213,0.01553497277200222,0.0001,0.25,1.0,0.25,0.0,0.0,0.0,0.0,0.0,2.006685972213745,False,True,25.0,1.0,1.0,1.0,,,,,,,,,,,,,,
775,2.4514100551605225,-8.450789451599121,0.33650296926498413,0.33630475401878357,0.014028254896402359,1.764159917831421,1.7649883031845093,3.1877484105918635e-16,0.013096516951918602,0.6868216395378113,0.10315399616956711,0.0160333551466465,3.1877484105918635e-16,0.6868216395378113,0.10315399616956711,0.0160333551466465,0.0001,0.25,1.0,0.25,0.0,0.0,0.0,0.0,0.0,1.9787245988845825,False,True,25.0,1.0,1.0,1.0,,,,,,,,,,,,,,
776,2.4416215419769287,-8.448866844177246,0.33516186475753784,0.3353828489780426,0.013845104724168777,1.7572181224822998,1.757245421409607,3.5849296372721424e-17,0.012399776838719845,0.6863166689872742,0.1028347909450531,0.01596773974597454,3.5849296372721424e-17,0.6863166689872742,0.1028347909450531,0.01596773974597454,0.0001,0.25,1.0,0.25,0.0,0.0,0.0,0.0,0.0,2.006560802459717,False,True,25.0,1.0,1.0,1.0,,,,,,,,,,,,,,
777,2.4507269859313965,-8.413531303405762,0.34028053283691406,0.3402414619922638,0.013854539021849632,1.7562681436538696,1.7564328908920288,2.6107998925907018e-17,0.012296395376324654,0.6857579946517944,0.10300854593515396,0.015113675966858864,2.6107998925907018e-17,0.6857579946517944,0.10300854593515396,0.015113675966858864,0.0001,0.25,1.0,0.25,0.0,0.0,0.0,0.0,0.0,2.0024635791778564,False,True,25.0,1.0,1.0,1.0,,,,,,,,,,,,,,
778,2.4459338188171387,-8.454197883605957,0.33205166459083557,0.3324810564517975,0.014176645316183567,1.7673646211624146,1.767084002494812,2.6318873733826387e-17,0.01270164456218481,0.6861063241958618,0.10231386125087738,0.015378408133983612,2.6318873733826387e-17,0.6861063241958618,0.10231386125087738,0.015378408133983612,0.0001,0.25,1.0,0.25,0.0,0.0,0.0,0.0,0.0,2.007296085357666,False,True,25.0,1.0,1.0,1.0,,,,,,,,,,,,,,
779,2.429514169692993,-8.462431907653809,0.3261263966560364,0.3257729411125183,0.013592462986707687,1.7636520862579346,1.7643924951553345,8.057178564607878e-17,0.014033282175660133,0.686302661895752,0.10257763415575027,0.015414981171488762,8.057178564607878e-17,0.686302661895752,0.10257763415575027,0.015414981171488762,0.0001,0.25,1.0,0.25,0.0,0.0,0.0,0.0,0.0,1.9708517789840698,False,True,25.0,1.0,1.0,1.0,,,,,,,,,,,,,,
780,2.4287822246551514,-8.479331970214844,0.32836925983428955,0.3279813528060913,0.013915924355387688,1.7581977844238281,1.758833646774292,3.448744672629331e-16,0.011603251099586487,0.6859289407730103,0.10245147347450256,0.015942679718136787,2.8021889531988456e-17,0.6848481297492981,0.10242529958486557,0.01118951104581356,0.0001,0.25,1.0,0.25,0.0,0.0,0.0,0.0,0.0,1.9825998544692993,False,True,25.0,1.0,1.0,1.0,0.7843827605247498,0.7843827605247498,0.21561723947525024,8.828166007995605,0.0,0.9470497965812683,3.950881242752075,-0.0,1.41513991355896,0.7843679785728455,2.8021889531988456e-17,0.7843679785728455,0.045327428728342056,1.1455986499786377
781,2.454129219055176,-8.478593826293945,0.33792445063591003,0.3381390869617462,0.014470462687313557,1.7636957168579102,1.7634944915771484,5.174306891711542e-17,0.011330087669193745,0.6860718727111816,0.10291803628206253,0.015331966802477837,5.174306891711542e-17,0.6860718727111816,0.10291803628206253,0.015331966802477837,0.0001,0.25,1.0,0.25,0.0,0.0,0.0,0.0,0.0,1.9997912645339966,False,True,25.0,1.0,1.0,1.0,,,,,,,,,,,,,,
782,2.458810806274414,-8.483665466308594,0.34083402156829834,0.3413219153881073,0.014027506113052368,1.7628190517425537,1.7624359130859375,2.0774882753357054e-15,0.010152395814657211,0.6861141920089722,0.10236772149801254,0.01492479257285595,2.0774882753357054e-15,0.6861141920089722,0.10236772149801254,0.01492479257285595,0.0001,0.25,1.0,0.25,0.0,0.0,0.0,0.0,0.0,1.965360403060913,False,True,25.0,1.0,1.0,1.0,,,,,,,,,,,,,,
783,2.4429478645324707,-8.48930835723877,0.3325645625591278,0.33284372091293335,0.01421226654201746,1.763556957244873,1.7630976438522339,1.759350628045981e-17,0.010930190794169903,0.6860652565956116,0.10255321860313416,0.015053226612508297,1.759350628045981e-17,0.6860652565956116,0.10255321860313416,0.015053226612508297,0.0001,0.25,1.0,0.25,0.0,0.0,0.0,0.0,0.0,1.9965485334396362,False,True,25.0,1.0,1.0,1.0,,,,,,,,,,,,,,
784,2.4484357833862305,-8.50669002532959,0.33585622906684875,0.336117148399353,0.01411722507327795,1.762542486190796,1.7621477842330933,5.752602556058307e-16,0.010567680932581425,0.6864374876022339,0.10281281918287277,0.015306984074413776,5.752602556058307e-16,0.6864374876022339,0.10281281918287277,0.015306984074413776,0.0001,0.25,1.0,0.25,0.0,0.0,0.0,0.0,0.0,1.9868334531784058,False,True,25.0,1.0,1.0,1.0,,,,,,,,,,,,,,
785,2.4375414848327637,-8.476788520812988,0.33250054717063904,0.33292701840400696,0.014017659239470959,1.758270025253296,1.7579222917556763,1.2131383747495013e-15,0.008581267669796944,0.6862142086029053,0.10257181525230408,0.01546471193432808,1.2131383747495013e-15,0.6862142086029053,0.10257181525230408,0.01546471193432808,0.0001,0.25,1.0,0.25,0.0,0.0,0.0,0.0,0.0,1.9956163167953491,False,True,25.0,1.0,1.0,1.0,,,,,,,,,,,,,,
786,2.4450645446777344,-8.486096382141113,0.33660879731178284,0.33711719512939453,0.013980677351355553,1.7578492164611816,1.756866693496704,8.022472051338623e-17,0.010587683878839016,0.6858638525009155,0.10268174111843109,0.015386415645480156,8.022472051338623e-17,0.6858638525009155,0.10268174111843109,0.015386415645480156,0.0001,0.25,1.0,0.25,0.0,0.0,0.0,0.0,0.0,1.9954534769058228,False,True,25.0,1.0,1.0,1.0,,,,,,,,,,,,,,
787,2.4507834911346436,-8.563305854797363,0.3375135362148285,0.3377040922641754,0.014193977229297161,1.7617456912994385,1.760998249053955,2.2534120421618584e-16,0.011081132106482983,0.6858757734298706,0.10272382944822311,0.015773391351103783,2.2534120421618584e-16,0.6858757734298706,0.10272382944822311,0.015773391351103783,0.0001,0.25,1.0,0.25,0.0,0.0,0.0,0.0,0.0,2.0122663974761963,False,True,25.0,1.0,1.0,1.0,,,,,,,,,,,,,,
788,2.4550585746765137,-8.527813911437988,0.34083691239356995,0.3412573039531708,0.014185230247676373,1.7592363357543945,1.75832200050354,1.0982390966082843e-15,0.01030739862471819,0.6861089468002319,0.10247915238142014,0.01544718723744154,1.0982390966082843e-15,0.6861089468002319,0.10247915238142014,0.01544718723744154,0.0001,0.25,1.0,0.25,0.0,0.0,0.0,0.0,0.0,2.0015487670898438,False,True,25.0,1.0,1.0,1.0,,,,,,,,,,,,,,
789,2.435290575027466,-8.456539154052734,0.32831722497940063,0.3287923336029053,0.013619146309792995,1.7650995254516602,1.7640243768692017,3.020179353240953e-16,0.010493659414350986,0.6854640245437622,0.1024479791522026,0.015779107809066772,3.020179353240953e-16,0.6854640245437622,0.1024479791522026,0.015779107809066772,0.0001,0.25,1.0,0.25,0.0,0.0,0.0,0.0,0.0,2.007685899734497,False,True,25.0,1.0,1.0,1.0,,,,,,,,,,,,,,
790,2.443837881088257,-8.440376281738281,0.32648396492004395,0.3264654576778412,0.014221436344087124,1.776492953300476,1.7768410444259644,1.5665595103293487e-16,0.01282249204814434,0.6857542395591736,0.10241685807704926,0.01615392602980137,3.024567003430956e-17,0.6847959756851196,0.10268522053956985,0.011052284389734268,0.0001,0.25,1.0,0.25,0.0,0.0,0.0,0.0,0.0,1.99813973903656,False,True,25.0,1.0,1.0,1.0,0.7847025394439697,0.7847025394439697,0.21529746055603027,8.837361335754395,0.0,0.9455602169036865,3.9523544311523438,-0.0,1.420910120010376,0.7845458388328552,3.024567003430956e-17,0.7845458388328552,0.04535399749875069,1.1422033309936523
791,2.4424092769622803,-8.499258041381836,0.3284642994403839,0.32823827862739563,0.013957029208540916,1.7714673280715942,1.7720321416854858,4.042398566322144e-16,0.013113263994455338,0.6862184405326843,0.10247679054737091,0.015310741029679775,4.042398566322144e-16,0.6862184405326843,0.10247679054737091,0.015310741029679775,0.0001,0.25,1.0,0.25,0.0,0.0,0.0,0.0,0.0,1.9666950702667236,False,True,25.0,1.0,1.0,1.0,,,,,,,,,,,,,,
792,2.4328255653381348,-8.603658676147461,0.3266703188419342,0.32668522000312805,0.013615792617201805,1.7658854722976685,1.7658233642578125,3.1760312979533763e-16,0.01229847688227892,0.6860157251358032,0.10273901373147964,0.015388517640531063,3.1760312979533763e-16,0.6860157251358032,0.10273901373147964,0.015388517640531063,0.0001,0.25,1.0,0.25,0.0,0.0,0.0,0.0,0.0,1.9782612323760986,False,True,25.0,1.0,1.0,1.0,,,,,,,,,,,,,,
793,2.461989402770996,-8.582900047302246,0.34088629484176636,0.3410952687263489,0.014219870790839195,1.7657076120376587,1.7658685445785522,9.31854958941244e-17,0.013043664395809174,0.6857433319091797,0.10227328538894653,0.016008321195840836,9.31854958941244e-17,0.6857433319091797,0.10227328538894653,0.016008321195840836,0.0001,0.25,1.0,0.25,0.0,0.0,0.0,0.0,0.0,1.9986315965652466,False,True,25.0,1.0,1.0,1.0,,,,,,,,,,,,,,
794,2.454235553741455,-8.47848129272461,0.3414528965950012,0.341421902179718,0.013780184090137482,1.757476806640625,1.7576842308044434,2.0341395643149536e-16,0.012236363254487514,0.6869125962257385,0.10264424234628677,0.014913504011929035,2.0341395643149536e-16,0.6869125962257385,0.10264424234628677,0.014913504011929035,0.0001,0.25,1.0,0.25,0.0,0.0,0.0,0.0,0.0,1.970942735671997,False,True,25.0,1.0,1.0,1.0,,,,,,,,,,,,,,
795,2.4422590732574463,-8.540371894836426,0.33266568183898926,0.3326810598373413,0.014232364483177662,1.7627719640731812,1.7625879049301147,4.8273191831243277e-17,0.012387953698635101,0.6860485076904297,0.10189785063266754,0.015531310811638832,4.8273191831243277e-17,0.6860485076904297,0.10189785063266754,0.015531310811638832,0.0001,0.25,1.0,0.25,0.0,0.0,0.0,0.0,0.0,1.9850770235061646,False,True,25.0,1.0,1.0,1.0,,,,,,,,,,,,,,
796,2.4420058727264404,-8.636580467224121,0.33136889338493347,0.3315649926662445,0.014038330875337124,1.7652497291564941,1.7648178339004517,8.25531346760495e-17,0.01235270593315363,0.6861565113067627,0.10204734653234482,0.015429461374878883,8.25531346760495e-17,0.6861565113067627,0.10204734653234482,0.015429461374878883,0.0001,0.25,1.0,0.25,0.0,0.0,0.0,0.0,0.0,1.9844598770141602,False,True,25.0,1.0,1.0,1.0,,,,,,,,,,,,,,
797,2.469426155090332,-8.590766906738281,0.34688735008239746,0.3474855422973633,0.014119770377874374,1.7615575790405273,1.7603094577789307,3.7618721068011565e-16,0.011145212687551975,0.685989260673523,0.10221421718597412,0.015485646203160286,3.7618721068011565e-16,0.685989260673523,0.10221421718597412,0.015485646203160286,0.0001,0.25,1.0,0.25,0.0,0.0,0.0,0.0,0.0,1.9489861726760864,False,True,25.0,1.0,1.0,1.0,,,,,,,,,,,,,,
798,2.4419569969177246,-8.54913330078125,0.33211401104927063,0.331693559885025,0.013904804363846779,1.7641011476516724,1.7643882036209106,5.5317071498495735e-17,0.012808425351977348,0.685846209526062,0.10185428708791733,0.015642797574400902,5.5317071498495735e-17,0.685846209526062,0.10185428708791733,0.015642797574400902,0.0001,0.25,1.0,0.25,0.0,0.0,0.0,0.0,0.0,1.96757173538208,False,True,25.0,1.0,1.0,1.0,,,,,,,,,,,,,,
799,2.450376033782959,-8.587075233459473,0.3359394669532776,0.3350924253463745,0.013629471883177757,1.7650178670883179,1.7664111852645874,1.842267708956664e-17,0.01142029743641615,0.6857714653015137,0.10211285948753357,0.016234291717410088,1.842267708956664e-17,0.6857714653015137,0.10211285948753357,0.016234291717410088,0.0001,0.25,1.0,0.25,0.0,0.0,0.0,0.0,0.0,1.9672983884811401,False,True,25.0,1.0,1.0,1.0,,,,,,,,,,,,,,
800,2.434342384338379,-8.68989372253418,0.32806718349456787,0.32696256041526794,0.014095094986259937,1.7640230655670166,1.7664122581481934,3.0743117068876484e-17,0.011755370534956455,0.6858019232749939,0.10234440118074417,0.015691658481955528,4.0204166275964556e-17,0.6848416328430176,0.10240015387535095,0.011419184505939484,0.0001,0.25,1.0,0.25,0.0,0.0,0.0,0.0,0.0,1.9801229238510132,False,True,25.0,1.0,1.0,1.0,0.7841413617134094,0.7841413617134094,0.21585863828659058,8.859025001525879,0.0,0.9470017552375793,3.950324535369873,-0.0,1.418144702911377,0.7845407724380493,4.0204166275964556e-17,0.7845407724380493,0.047822386026382446,1.126596450805664
801,2.4400010108947754,-8.637328147888184,0.33309248089790344,0.3326048254966736,0.014294837601482868,1.7597403526306152,1.7602770328521729,1.5661717280581838e-16,0.009989621117711067,0.6855037212371826,0.10186780989170074,0.015900690108537674,1.5661717280581838e-16,0.6855037212371826,0.10186780989170074,0.015900690108537674,0.0001,0.25,1.0,0.25,0.0,0.0,0.0,0.0,0.0,1.980438470840454,False,True,25.0,1.0,1.0,1.0,,,,,,,,,,,,,,
802,2.4497828483581543,-8.610644340515137,0.33430007100105286,0.33384156227111816,0.013953753747045994,1.7672597169876099,1.7681151628494263,3.3288114247430225e-16,0.010135683231055737,0.6861373782157898,0.10191962122917175,0.014974383637309074,3.3288114247430225e-16,0.6861373782157898,0.10191962122917175,0.014974383637309074,0.0001,0.25,1.0,0.25,0.0,0.0,0.0,0.0,0.0,1.9617992639541626,False,True,25.0,1.0,1.0,1.0,,,,,,,,,,,,,,
803,2.4471964836120605,-8.630101203918457,0.33702605962753296,0.3370245695114136,0.013937865383923054,1.7590948343276978,1.7593213319778442,5.850076725348168e-17,0.009335827082395554,0.6861169934272766,0.10299172252416611,0.01532829087227583,5.850076725348168e-17,0.6861169934272766,0.10299172252416611,0.01532829087227583,0.0001,0.25,1.0,0.25,0.0,0.0,0.0,0.0,0.0,1.937751054763794,False,True,25.0,1.0,1.0,1.0,,,,,,,,,,,,,,
804,2.441169261932373,-8.695991516113281,0.3377680778503418,0.33765947818756104,0.013824430294334888,1.7519837617874146,1.7518510818481445,5.330077243328343e-17,0.01137072779238224,0.6861150860786438,0.1026994064450264,0.015336217358708382,5.330077243328343e-17,0.6861150860786438,0.1026994064450264,0.015336217358708382,0.0001,0.25,1.0,0.25,0.0,0.0,0.0,0.0,0.0,1.944208025932312,False,True,25.0,1.0,1.0,1.0,,,,,,,,,,,,,,
805,2.450348377227783,-8.703008651733398,0.337897926568985,0.3387475609779358,0.013923779129981995,1.760556936264038,1.7590014934539795,3.967520853784864e-16,0.011839130893349648,0.6854442358016968,0.10276089608669281,0.016283169388771057,3.967520853784864e-16,0.6854442358016968,0.10276089608669281,0.016283169388771057,0.0001,0.25,1.0,0.25,0.0,0.0,0.0,0.0,0.0,1.977170705795288,False,True,25.0,1.0,1.0,1.0,,,,,,,,,,,,,,
806,2.4397730827331543,-8.634740829467773,0.3333909213542938,0.3342759609222412,0.013989340513944626,1.759150505065918,1.7570830583572388,3.3934207818538654e-17,0.011841087602078915,0.6868627667427063,0.10257373005151749,0.015273110009729862,3.3934207818538654e-17,0.6868627667427063,0.10257373005151749,0.015273110009729862,0.0001,0.25,1.0,0.25,0.0,0.0,0.0,0.0,0.0,1.952627420425415,False,True,25.0,1.0,1.0,1.0,,,,,,,,,,,,,,
807,2.4465348720550537,-8.585050582885742,0.33257725834846497,0.3330337405204773,0.014197294600307941,1.7672077417373657,1.7662452459335327,5.770100933259601e-17,0.010492673143744469,0.6856804490089417,0.10259710252285004,0.015334795229136944,5.770100933259601e-17,0.6856804490089417,0.10259710252285004,0.015334795229136944,0.0001,0.25,1.0,0.25,0.0,0.0,0.0,0.0,0.0,1.9847861528396606,False,True,25.0,1.0,1.0,1.0,,,,,,,,,,,,,,
808,2.440650224685669,-8.677223205566406,0.32749685645103455,0.3268125355243683,0.014204198494553566,1.7716121673583984,1.7726613283157349,9.52337208222588e-17,0.013379615731537342,0.686908483505249,0.10337644070386887,0.015820875763893127,9.52337208222588e-17,0.686908483505249,0.10337644070386887,0.015820875763893127,0.0001,0.25,1.0,0.25,0.0,0.0,0.0,0.0,0.0,1.9473387002944946,False,True,25.0,1.0,1.0,1.0,,,,,,,,,,,,,,
809,2.4565720558166504,-8.767083168029785,0.33809810876846313,0.3375343680381775,0.01359663624316454,1.7666754722595215,1.7680103778839111,6.689617401486208e-17,0.010755719617009163,0.685588002204895,0.10318350791931152,0.015385355800390244,6.689617401486208e-17,0.685588002204895,0.10318350791931152,0.015385355800390244,0.0001,0.25,1.0,0.25,0.0,0.0,0.0,0.0,0.0,1.9524035453796387,False,True,25.0,1.0,1.0,1.0,,,,,,,,,,,,,,
810,2.446378231048584,-8.67400074005127,0.3349705934524536,0.3349486291408539,0.014073108322918415,1.7621029615402222,1.7626686096191406,1.789522934243914e-16,0.013670817017555237,0.6858667731285095,0.10269296914339066,0.015768496319651604,2.845969417877827e-17,0.6846096515655518,0.10271922498941422,0.011110787279903889,0.0001,0.25,1.0,0.25,0.0,0.0,0.0,0.0,0.0,1.9897807836532593,False,True,25.0,1.0,1.0,1.0,0.7848033905029297,0.7848033905029297,0.2151966094970703,8.86396312713623,0.0,0.9481549263000488,3.950127363204956,-0.0,1.4049327373504639,0.7844724655151367,2.845969417877827e-17,0.7844724655151367,0.04704158753156662,1.1292366981506348
811,2.4371848106384277,-8.607738494873047,0.33181214332580566,0.33163902163505554,0.013838669285178185,1.7598707675933838,1.7599190473556519,1.0326958989079833e-15,0.0127051817253232,0.6855307221412659,0.10286641120910645,0.014841907657682896,1.0326958989079833e-15,0.6855307221412659,0.10286641120910645,0.014841907657682896,0.0001,0.25,1.0,0.25,0.0,0.0,0.0,0.0,0.0,1.9874883890151978,False,True,25.0,1.0,1.0,1.0,,,,,,,,,,,,,,
812,2.4636621475219727,-8.665289878845215,0.34194013476371765,0.3415871560573578,0.01389201357960701,1.7656992673873901,1.7667866945266724,2.938749311461069e-16,0.012306335382163525,0.6863856911659241,0.1027902141213417,0.014575798995792866,2.938749311461069e-16,0.6863856911659241,0.1027902141213417,0.014575798995792866,0.0001,0.25,1.0,0.25,0.0,0.0,0.0,0.0,0.0,1.9748139381408691,False,True,25.0,1.0,1.0,1.0,,,,,,,,,,,,,,
813,2.4462714195251465,-8.771143913269043,0.33499228954315186,0.3354451060295105,0.013704860582947731,1.7623934745788574,1.7618650197982788,3.9841446694681177e-16,0.012218187563121319,0.6860355734825134,0.10258309543132782,0.015801772475242615,3.9841446694681177e-16,0.6860355734825134,0.10258309543132782,0.015801772475242615,0.0001,0.25,1.0,0.25,0.0,0.0,0.0,0.0,0.0,1.9648263454437256,False,True,25.0,1.0,1.0,1.0,,,,,,,,,,,,,,
814,2.4537241458892822,-8.736172676086426,0.3410157561302185,0.34254780411720276,0.01445919182151556,1.757016897201538,1.7543855905532837,3.5446364784946023e-16,0.010107944719493389,0.6861749291419983,0.10242621600627899,0.014913646504282951,3.5446364784946023e-16,0.6861749291419983,0.10242621600627899,0.014913646504282951,0.0001,0.25,1.0,0.25,0.0,0.0,0.0,0.0,0.0,1.9893927574157715,False,True,25.0,1.0,1.0,1.0,,,,,,,,,,,,,,
815,2.4368648529052734,-8.62610912322998,0.3299832046031952,0.33110591769218445,0.013665528036653996,1.7629717588424683,1.7612484693527222,5.4581870061336154e-17,0.01142799574881792,0.6857265830039978,0.10232185572385788,0.015865588560700417,5.4581870061336154e-17,0.6857265830039978,0.10232185572385788,0.015865588560700417,0.0001,0.25,1.0,0.25,0.0,0.0,0.0,0.0,0.0,2.0010945796966553,False,True,25.0,1.0,1.0,1.0,,,,,,,,,,,,,,
816,2.461761951446533,-8.643045425415039,0.33922427892684937,0.33899417519569397,0.013904120773077011,1.7697077989578247,1.7695707082748413,9.987708926465787e-17,0.012321983464062214,0.6865479946136475,0.10195769369602203,0.01547104399651289,9.987708926465787e-17,0.6865479946136475,0.10195769369602203,0.01547104399651289,0.0001,0.25,1.0,0.25,0.0,0.0,0.0,0.0,0.0,1.9638930559158325,False,True,25.0,1.0,1.0,1.0,,,,,,,,,,,,,,
817,2.4489223957061768,-8.766209602355957,0.33011797070503235,0.3300331234931946,0.013638327829539776,1.7752265930175781,1.7750391960144043,7.395254080064164e-17,0.012077304534614086,0.6858294606208801,0.10171977430582047,0.015441859140992165,7.395254080064164e-17,0.6858294606208801,0.10171977430582047,0.015441859140992165,0.0001,0.25,1.0,0.25,0.0,0.0,0.0,0.0,0.0,1.973051905632019,False,True,25.0,1.0,1.0,1.0,,,,,,,,,,,,,,
818,2.45392107963562,-8.81236457824707,0.3409089148044586,0.34040188789367676,0.013854466378688812,1.7581288814544678,1.759382963180542,5.532618570535709e-16,0.01247037947177887,0.6872259378433228,0.10234449058771133,0.016155673190951347,5.532618570535709e-16,0.6872259378433228,0.10234449058771133,0.016155673190951347,0.0001,0.25,1.0,0.25,0.0,0.0,0.0,0.0,0.0,1.9913078546524048,False,True,25.0,1.0,1.0,1.0,,,,,,,,,,,,,,
819,2.461146116256714,-8.71905517578125,0.3451879620552063,0.34439989924430847,0.013938217423856258,1.7566159963607788,1.7586243152618408,5.944800684537413e-16,0.0111412787809968,0.6857491731643677,0.1018504723906517,0.01579085923731327,5.944800684537413e-16,0.6857491731643677,0.1018504723906517,0.01579085923731327,0.0001,0.25,1.0,0.25,0.0,0.0,0.0,0.0,0.0,1.9786698818206787,False,True,25.0,1.0,1.0,1.0,,,,,,,,,,,,,,
820,2.4423556327819824,-8.672375679016113,0.3337257206439972,0.3330304026603699,0.013461997732520103,1.7612358331680298,1.7630391120910645,3.573103270618349e-17,0.012556802481412888,0.6857444643974304,0.10206899791955948,0.01527914498001337,3.4708925980783513e-17,0.6848164796829224,0.10179711133241653,0.01132802851498127,0.0001,0.25,1.0,0.25,0.0,0.0,0.0,0.0,0.0,1.9651176929473877,False,True,25.0,1.0,1.0,1.0,0.7843821048736572,0.7843821048736572,0.21561789512634277,8.900206565856934,0.0,0.9472900629043579,3.949613571166992,-0.0,1.3938109874725342,0.7845214605331421,3.4708925980783513e-17,0.7845214605331421,0.04697076976299286,1.1322163343429565
821,2.438093423843384,-8.74856185913086,0.3284528851509094,0.32767409086227417,0.014013037085533142,1.7670557498931885,1.7688509225845337,4.285634135642465e-16,0.013039921410381794,0.6856667399406433,0.10155659168958664,0.016318125650286674,4.285634135642465e-16,0.6856667399406433,0.10155659168958664,0.016318125650286674,0.0001,0.25,1.0,0.25,0.0,0.0,0.0,0.0,0.0,1.9752193689346313,False,True,25.0,1.0,1.0,1.0,,,,,,,,,,,,,,
822,2.4290359020233154,-8.848288536071777,0.3240482211112976,0.32422852516174316,0.013623147271573544,1.7672139406204224,1.7670583724975586,1.991569839055545e-17,0.012691369280219078,0.6858537793159485,0.10177550464868546,0.014631308615207672,1.991569839055545e-17,0.6858537793159485,0.10177550464868546,0.014631308615207672,0.0001,0.25,1.0,0.25,0.0,0.0,0.0,0.0,0.0,1.9897407293319702,False,True,25.0,1.0,1.0,1.0,,,,,,,,,,,,,,
823,2.4563183784484863,-8.833443641662598,0.33999088406562805,0.3408607542514801,0.014139975421130657,1.7622915506362915,1.760361909866333,7.814561858734644e-17,0.012612937949597836,0.6863306760787964,0.10181901603937149,0.015463482588529587,7.814561858734644e-17,0.6863306760787964,0.10181901603937149,0.015463482588529587,0.0001,0.25,1.0,0.25,0.0,0.0,0.0,0.0,0.0,1.9729405641555786,False,True,25.0,1.0,1.0,1.0,,,,,,,,,,,,,,
824,2.440713405609131,-8.736417770385742,0.3305869698524475,0.33102887868881226,0.013921758159995079,1.76583993434906,1.7645117044448853,1.508926726853676e-16,0.010596908628940582,0.68610018491745,0.10268441587686539,0.015531673096120358,1.508926726853676e-16,0.68610018491745,0.10268441587686539,0.015531673096120358,0.0001,0.25,1.0,0.25,0.0,0.0,0.0,0.0,0.0,1.9666416645050049,False,True,25.0,1.0,1.0,1.0,,,,,,,,,,,,,,
825,2.446103096008301,-8.746420860290527,0.33430805802345276,0.3341912031173706,0.013765688054263592,1.763680338859558,1.7639961242675781,1.6152097740971855e-16,0.010570629499852657,0.6863732933998108,0.10235892981290817,0.015104202553629875,1.6152097740971855e-16,0.6863732933998108,0.10235892981290817,0.015104202553629875,0.0001,0.25,1.0,0.25,0.0,0.0,0.0,0.0,0.0,1.9570447206497192,False,True,25.0,1.0,1.0,1.0,,,,,,,,,,,,,,
826,2.456623077392578,-8.849801063537598,0.34170326590538025,0.34125229716300964,0.01354928594082594,1.7596536874771118,1.7605825662612915,1.563180245916498e-16,0.010808568447828293,0.6857457756996155,0.1025596484541893,0.01519090961664915,1.563180245916498e-16,0.6857457756996155,0.1025596484541893,0.01519090961664915,0.0001,0.25,1.0,0.25,0.0,0.0,0.0,0.0,0.0,1.9749315977096558,False,True,25.0,1.0,1.0,1.0,,,,,,,,,,,,,,
827,2.4595987796783447,-8.858887672424316,0.3418365716934204,0.34145164489746094,0.01393472496420145,1.7620474100112915,1.7627041339874268,2.6137790331976483e-16,0.01118400227278471,0.6856284141540527,0.10215044766664505,0.015406661666929722,2.6137790331976483e-16,0.6856284141540527,0.10215044766664505,0.015406661666929722,0.0001,0.25,1.0,0.25,0.0,0.0,0.0,0.0,0.0,1.9591232538223267,False,True,25.0,1.0,1.0,1.0,,,,,,,,,,,,,,
828,2.4484622478485107,-8.828383445739746,0.3373003304004669,0.33731696009635925,0.013378990814089775,1.7603728771209717,1.76055908203125,4.862010939491455e-16,0.010271214880049229,0.6861531734466553,0.1023813858628273,0.014980398118495941,4.862010939491455e-16,0.6861531734466553,0.1023813858628273,0.014980398118495941,0.0001,0.25,1.0,0.25,0.0,0.0,0.0,0.0,0.0,1.959415316581726,False,True,25.0,1.0,1.0,1.0,,,,,,,,,,,,,,
829,2.4404444694519043,-8.77306079864502,0.33133167028427124,0.33126822113990784,0.013959928415715694,1.763942003250122,1.7638269662857056,6.471507741057206e-17,0.011665147729218006,0.6862936615943909,0.10242856293916702,0.014757712371647358,6.471507741057206e-17,0.6862936615943909,0.10242856293916702,0.014757712371647358,0.0001,0.25,1.0,0.25,0.0,0.0,0.0,0.0,0.0,1.9631527662277222,False,True,25.0,1.0,1.0,1.0,,,,,,,,,,,,,,
830,2.450554132461548,-8.733640670776367,0.33886560797691345,0.33907926082611084,0.013633918017148972,1.7590924501419067,1.7588582038879395,4.058589799632257e-17,0.010434059426188469,0.6856850981712341,0.1034175381064415,0.01563262566924095,2.966465637034466e-17,0.6846093535423279,0.10246507078409195,0.011341310106217861,0.0001,0.25,1.0,0.25,0.0,0.0,0.0,0.0,0.0,1.9564071893692017,False,True,25.0,1.0,1.0,1.0,0.7847939133644104,0.7847939133644104,0.2152060866355896,8.90941047668457,0.0,0.9463770985603333,3.9498963356018066,-0.0,1.3941645622253418,0.7846190333366394,2.966465637034466e-17,0.7846190333366394,0.046495452523231506,1.1247763633728027
831,2.4411566257476807,-8.871742248535156,0.329226553440094,0.3291621804237366,0.01365579478442669,1.769242763519287,1.7689815759658813,2.6088373900438075e-16,0.01354210264980793,0.6861756443977356,0.1024031788110733,0.015651928260922432,2.6088373900438075e-16,0.6861756443977356,0.1024031788110733,0.015651928260922432,0.0001,0.25,1.0,0.25,0.0,0.0,0.0,0.0,0.0,1.9570591449737549,False,True,25.0,1.0,1.0,1.0,,,,,,,,,,,,,,
832,2.4349305629730225,-8.892118453979492,0.3306049704551697,0.3309885263442993,0.01371646486222744,1.7598754167556763,1.7593659162521362,1.3914595359839596e-16,0.011687339283525944,0.6858773231506348,0.10250216722488403,0.015608060173690319,1.3914595359839596e-16,0.6858773231506348,0.10250216722488403,0.015608060173690319,0.0001,0.25,1.0,0.25,0.0,0.0,0.0,0.0,0.0,1.944108247756958,False,True,25.0,1.0,1.0,1.0,,,,,,,,,,,,,,
833,2.4488525390625,-8.830692291259766,0.3359996974468231,0.3370082974433899,0.013948233798146248,1.7626467943191528,1.761146068572998,1.1537950280891833e-17,0.011136162094771862,0.6861883401870728,0.1025090217590332,0.015702849254012108,1.1537950280891833e-17,0.6861883401870728,0.1025090217590332,0.015702849254012108,0.0001,0.25,1.0,0.25,0.0,0.0,0.0,0.0,0.0,1.9520443677902222,False,True,25.0,1.0,1.0,1.0,,,,,,,,,,,,,,
834,2.4533917903900146,-8.817380905151367,0.3383881449699402,0.3391438126564026,0.013502178713679314,1.7628639936447144,1.7618513107299805,4.372485320633675e-17,0.012263215146958828,0.6864811182022095,0.10203710943460464,0.015380755066871643,4.372485320633675e-17,0.6864811182022095,0.10203710943460464,0.015380755066871643,0.0001,0.25,1.0,0.25,0.0,0.0,0.0,0.0,0.0,1.9734764099121094,False,True,25.0,1.0,1.0,1.0,,,,,,,,,,,,,,
835,2.45050048828125,-8.895641326904297,0.3346380293369293,0.3346003293991089,0.01372249610722065,1.7676588296890259,1.7674205303192139,2.4869719475082486e-17,0.009874998591840267,0.686016321182251,0.1018897071480751,0.015000523068010807,2.4869719475082486e-17,0.686016321182251,0.1018897071480751,0.015000523068010807,0.0001,0.25,1.0,0.25,0.0,0.0,0.0,0.0,0.0,1.9815032482147217,False,True,25.0,1.0,1.0,1.0,,,,,,,,,,,,,,
836,2.4501914978027344,-8.926620483398438,0.3342163562774658,0.3338317275047302,0.013504326343536377,1.768304705619812,1.7689733505249023,2.2495282637497994e-17,0.014002208597958088,0.6862274408340454,0.10254263877868652,0.015737071633338928,2.2495282637497994e-17,0.6862274408340454,0.10254263877868652,0.015737071633338928,0.0001,0.25,1.0,0.25,0.0,0.0,0.0,0.0,0.0,1.9568289518356323,False,True,25.0,1.0,1.0,1.0,,,,,,,,,,,,,,
837,2.4413914680480957,-8.861109733581543,0.33636268973350525,0.3363141715526581,0.01361971627920866,1.7548208236694336,1.755368947982788,3.71675066170092e-16,0.013978671282529831,0.6859244704246521,0.10151450335979462,0.015521827153861523,3.71675066170092e-16,0.6859244704246521,0.10151450335979462,0.015521827153861523,0.0001,0.25,1.0,0.25,0.0,0.0,0.0,0.0,0.0,1.9616402387619019,False,True,25.0,1.0,1.0,1.0,,,,,,,,,,,,,,
838,2.462678909301758,-8.85141372680664,0.3393714129924774,0.33901527523994446,0.013777609914541245,1.7703605890274048,1.7706687450408936,7.100522083924334e-16,0.011790147051215172,0.686165452003479,0.10105675458908081,0.015430541709065437,7.100522083924334e-16,0.686165452003479,0.10105675458908081,0.015430541709065437,0.0001,0.25,1.0,0.25,0.0,0.0,0.0,0.0,0.0,1.9567604064941406,False,True,25.0,1.0,1.0,1.0,,,,,,,,,,,,,,
839,2.4307265281677246,-8.880401611328125,0.3289882242679596,0.3284442722797394,0.013530227355659008,1.759393572807312,1.7601338624954224,1.1838697600620598e-16,0.0104361642152071,0.6859121918678284,0.1018122211098671,0.014998584985733032,1.1838697600620598e-16,0.6859121918678284,0.1018122211098671,0.014998584985733032,0.0001,0.25,1.0,0.25,0.0,0.0,0.0,0.0,0.0,1.9577019214630127,False,True,25.0,1.0,1.0,1.0,,,,,,,,,,,,,,
840,2.4589178562164307,-8.966912269592285,0.33902356028556824,0.33832892775535583,0.01370304822921753,1.7674921751022339,1.7682324647903442,6.293958385656374e-17,0.011264313012361526,0.6858771443367004,0.10154975205659866,0.015039853751659393,3.5295821299508974e-17,0.6849470734596252,0.10139825940132141,0.011275405995547771,0.0001,0.25,1.0,0.25,0.0,0.0,0.0,0.0,0.0,1.9478332996368408,False,True,25.0,1.0,1.0,1.0,0.7852975726127625,0.7852975726127625,0.21470242738723755,8.938233375549316,0.0,0.9440706968307495,3.9504640102386475,-0.0,1.3977843523025513,0.7844969630241394,3.5295821299508974e-17,0.7844969630241394,0.049749597907066345,1.1210681200027466
841,2.446104049682617,-8.967950820922852,0.3375588059425354,0.3373565375804901,0.01360236294567585,1.7572201490402222,1.7579525709152222,8.344640371082306e-16,0.01219466794282198,0.6860157251358032,0.10137595236301422,0.015263007953763008,8.344640371082306e-16,0.6860157251358032,0.10137595236301422,0.015263007953763008,0.0001,0.25,1.0,0.25,0.0,0.0,0.0,0.0,0.0,1.960756778717041,False,True,25.0,1.0,1.0,1.0,,,,,,,,,,,,,,
842,2.4584951400756836,-8.862417221069336,0.34260380268096924,0.3423890173435211,0.01368861272931099,1.7596005201339722,1.7600268125534058,2.277262054736816e-15,0.011862003244459629,0.6854338049888611,0.10162556916475296,0.015605627559125423,2.277262054736816e-15,0.6854338049888611,0.10162556916475296,0.015605627559125423,0.0001,0.25,1.0,0.25,0.0,0.0,0.0,0.0,0.0,1.9640833139419556,False,True,25.0,1.0,1.0,1.0,,,,,,,,,,,,,,
843,2.4433135986328125,-8.859542846679688,0.3311889171600342,0.3306439518928528,0.01366561558097601,1.7675563097000122,1.7680741548538208,5.532181289776689e-16,0.010698342695832253,0.6862999200820923,0.10147194564342499,0.015021083876490593,5.532181289776689e-16,0.6862999200820923,0.10147194564342499,0.015021083876490593,0.0001,0.25,1.0,0.25,0.0,0.0,0.0,0.0,0.0,1.9433975219726562,False,True,25.0,1.0,1.0,1.0,,,,,,,,,,,,,,
844,2.4422101974487305,-8.913983345031738,0.33280709385871887,0.3323958218097687,0.013838822022080421,1.7628848552703857,1.7634522914886475,4.376189435416687e-17,0.01119516883045435,0.6857645511627197,0.10125581920146942,0.015782048925757408,4.376189435416687e-17,0.6857645511627197,0.10125581920146942,0.015782048925757408,0.0001,0.25,1.0,0.25,0.0,0.0,0.0,0.0,0.0,1.9653873443603516,False,True,25.0,1.0,1.0,1.0,,,,,,,,,,,,,,
845,2.4494504928588867,-8.987627029418945,0.3344307243824005,0.33400505781173706,0.013487077318131924,1.7673527002334595,1.7677026987075806,1.1971971617426162e-16,0.012282941490411758,0.6863506436347961,0.10140551626682281,0.015062796883285046,1.1971971617426162e-16,0.6863506436347961,0.10140551626682281,0.015062796883285046,0.0001,0.25,1.0,0.25,0.0,0.0,0.0,0.0,0.0,1.9404337406158447,False,True,25.0,1.0,1.0,1.0,,,,,,,,,,,,,,
846,2.4512386322021484,-8.932360649108887,0.34003177285194397,0.3402685225009918,0.014104187488555908,1.7568678855895996,1.7568007707595825,2.039684983141509e-15,0.012969640083611012,0.6867321133613586,0.10195004194974899,0.015617482364177704,2.039684983141509e-15,0.6867321133613586,0.10195004194974899,0.015617482364177704,0.0001,0.25,1.0,0.25,0.0,0.0,0.0,0.0,0.0,1.939948320388794,False,True,25.0,1.0,1.0,1.0,,,,,,,,,,,,,,
847,2.453625202178955,-8.920805931091309,0.33870574831962585,0.33864596486091614,0.013535146601498127,1.7628772258758545,1.762599229812622,1.1052544352356812e-15,0.011312197893857956,0.6862460374832153,0.10224927961826324,0.015146806836128235,1.1052544352356812e-15,0.6862460374832153,0.10224927961826324,0.015146806836128235,0.0001,0.25,1.0,0.25,0.0,0.0,0.0,0.0,0.0,1.9747772216796875,False,True,25.0,1.0,1.0,1.0,,,,,,,,,,,,,,
848,2.4563355445861816,-8.93220329284668,0.33959445357322693,0.3396971523761749,0.0140384491533041,1.7634426355361938,1.762568473815918,2.388510091479775e-16,0.01205848902463913,0.6861986517906189,0.10206940770149231,0.015075704082846642,2.388510091479775e-16,0.6861986517906189,0.10206940770149231,0.015075704082846642,0.0001,0.25,1.0,0.25,0.0,0.0,0.0,0.0,0.0,1.9715808629989624,False,True,25.0,1.0,1.0,1.0,,,,,,,,,,,,,,
849,2.438986301422119,-8.99649429321289,0.33035948872566223,0.3304138779640198,0.013759615831077099,1.7645034790039062,1.7644031047821045,8.281015491249299e-16,0.011642306111752987,0.6862190365791321,0.10195408761501312,0.015312288887798786,8.281015491249299e-16,0.6862190365791321,0.10195408761501312,0.015312288887798786,0.0001,0.25,1.0,0.25,0.0,0.0,0.0,0.0,0.0,1.971492052078247,False,True,25.0,1.0,1.0,1.0,,,,,,,,,,,,,,
850,2.4447572231292725,-9.001009941101074,0.3357384204864502,0.3357640206813812,0.013623248785734177,1.7598768472671509,1.7593861818313599,1.1198770826414874e-16,0.011418436653912067,0.6862660050392151,0.1023104339838028,0.015564262866973877,7.154382004801304e-17,0.6849330067634583,0.10242076963186264,0.011177744716405869,0.0001,0.25,1.0,0.25,0.0,0.0,0.0,0.0,0.0,1.9691784381866455,False,True,25.0,1.0,1.0,1.0,0.7842804193496704,0.7842804193496704,0.2157195806503296,8.930739402770996,0.0,0.9453680515289307,3.949808120727539,-0.0,1.3955087661743164,0.7848745584487915,7.154382004801304e-17,0.7848744988441467,0.049593791365623474,1.120281457901001
851,2.445920705795288,-8.952561378479004,0.33464354276657104,0.33385607600212097,0.01377097424119711,1.7631531953811646,1.7641472816467285,5.981272202710509e-17,0.011710189282894135,0.6861523389816284,0.1019636020064354,0.01475572120398283,5.981272202710509e-17,0.6861523389816284,0.1019636020064354,0.01475572120398283,0.0001,0.25,1.0,0.25,0.0,0.0,0.0,0.0,0.0,1.9496647119522095,False,True,25.0,1.0,1.0,1.0,,,,,,,,,,,,,,
852,2.4572930335998535,-8.959866523742676,0.3384369909763336,0.33725571632385254,0.013428833335638046,1.7673743963241577,1.7689685821533203,1.2622581329981334e-15,0.011734358966350555,0.6859503388404846,0.10251361131668091,0.015139847993850708,1.2622581329981334e-15,0.6859503388404846,0.10251361131668091,0.015139847993850708,0.0001,0.25,1.0,0.25,0.0,0.0,0.0,0.0,0.0,1.9529629945755005,False,True,25.0,1.0,1.0,1.0,,,,,,,,,,,,,,
853,2.456598997116089,-9.03467845916748,0.33740970492362976,0.3367319107055664,0.013937515206634998,1.7680559158325195,1.7689836025238037,2.752961369508107e-16,0.011909905821084976,0.685612678527832,0.10284842550754547,0.01553442981094122,2.752961369508107e-16,0.685612678527832,0.10284842550754547,0.01553442981094122,0.0001,0.25,1.0,0.25,0.0,0.0,0.0,0.0,0.0,1.975404143333435,False,True,25.0,1.0,1.0,1.0,,,,,,,,,,,,,,
854,2.4432637691497803,-9.061689376831055,0.3338920772075653,0.33364346623420715,0.013974042609333992,1.7616313695907593,1.7618769407272339,2.600997835419173e-16,0.010457156226038933,0.6853848099708557,0.10270281136035919,0.015282148495316505,2.600997835419173e-16,0.6853848099708557,0.10270281136035919,0.015282148495316505,0.0001,0.25,1.0,0.25,0.0,0.0,0.0,0.0,0.0,1.9721583127975464,False,True,25.0,1.0,1.0,1.0,,,,,,,,,,,,,,
855,2.4380362033843994,-8.947333335876465,0.3310472369194031,0.33101099729537964,0.014021745882928371,1.762045979499817,1.7618663311004639,6.607684433893892e-16,0.011148502118885517,0.6867426633834839,0.10261385887861252,0.015181566588580608,6.607684433893892e-16,0.6867426633834839,0.10261385887861252,0.015181566588580608,0.0001,0.25,1.0,0.25,0.0,0.0,0.0,0.0,0.0,1.9381474256515503,False,True,25.0,1.0,1.0,1.0,,,,,,,,,,,,,,
856,2.4549505710601807,-8.96182632446289,0.3399945795536041,0.33977365493774414,0.013688960112631321,1.7614094018936157,1.7615772485733032,1.837500124456039e-15,0.011330335400998592,0.6852940320968628,0.10233886539936066,0.014664001762866974,1.837500124456039e-15,0.6852940320968628,0.10233886539936066,0.014664001762866974,0.0001,0.25,1.0,0.25,0.0,0.0,0.0,0.0,0.0,1.9766188859939575,False,True,25.0,1.0,1.0,1.0,,,,,,,,,,,,,,
857,2.449610948562622,-9.026324272155762,0.3341314196586609,0.33411744236946106,0.013980229385197163,1.767325758934021,1.7674379348754883,3.761380165947259e-17,0.011402390897274017,0.6857748031616211,0.10242532193660736,0.015043061226606369,3.761380165947259e-17,0.6857748031616211,0.10242532193660736,0.015043061226606369,0.0001,0.25,1.0,0.25,0.0,0.0,0.0,0.0,0.0,1.9567012786865234,False,True,25.0,1.0,1.0,1.0,,,,,,,,,,,,,,
858,2.4488332271575928,-9.076416015625,0.33593207597732544,0.3365956246852875,0.01338921207934618,1.7637014389038086,1.7621313333511353,4.529459981047904e-15,0.012178797274827957,0.6856628060340881,0.10205536335706711,0.01489050779491663,4.529459981047904e-15,0.6856628060340881,0.10205536335706711,0.01489050779491663,0.0001,0.25,1.0,0.25,0.0,0.0,0.0,0.0,0.0,1.934944987297058,False,True,25.0,1.0,1.0,1.0,,,,,,,,,,,,,,
859,2.4587676525115967,-9.047516822814941,0.3420619070529938,0.34286803007125854,0.013912680558860302,1.7606396675109863,1.7592103481292725,2.9065108404418763e-17,0.011706182733178139,0.6857022047042847,0.1024068221449852,0.01566462032496929,2.9065108404418763e-17,0.6857022047042847,0.1024068221449852,0.01566462032496929,0.0001,0.25,1.0,0.25,0.0,0.0,0.0,0.0,0.0,1.9759451150894165,False,True,25.0,1.0,1.0,1.0,,,,,,,,,,,,,,
860,2.4481923580169678,-8.983208656311035,0.33599501848220825,0.3363732099533081,0.01334987860172987,1.7626761198043823,1.7622724771499634,2.063753159639944e-16,0.010676910169422626,0.6856736540794373,0.10229101777076721,0.014820707030594349,3.936675100602306e-17,0.6846557855606079,0.10173533111810684,0.011105939745903015,0.0001,0.25,1.0,0.25,0.0,0.0,0.0,0.0,0.0,1.9400548934936523,False,True,25.0,1.0,1.0,1.0,0.7841576933860779,0.7841576933860779,0.21584230661392212,8.91567611694336,0.0,0.9463770985603333,3.9493155479431152,-0.0,1.3875627517700195,0.7845185399055481,3.936675100602306e-17,0.7845185399055481,0.049346674233675,1.1123539209365845
861,2.4599313735961914,-9.030826568603516,0.3391023576259613,0.33884289860725403,0.013703101314604282,1.7679777145385742,1.7685884237289429,1.0114644589109602e-17,0.011558180674910545,0.6859046816825867,0.10177789628505707,0.015317344106733799,1.0114644589109602e-17,0.6859046816825867,0.10177789628505707,0.015317344106733799,0.0001,0.25,1.0,0.25,0.0,0.0,0.0,0.0,0.0,1.907739520072937,False,True,25.0,1.0,1.0,1.0,,,,,,,,,,,,,,
862,2.4420599937438965,-9.098214149475098,0.33266013860702515,0.33252400159835815,0.013530985452234745,1.7630764245986938,1.763613224029541,1.0204317088646883e-16,0.013080448843538761,0.6857762336730957,0.10185860842466354,0.015659954398870468,1.0204317088646883e-16,0.6857762336730957,0.10185860842466354,0.015659954398870468,0.0001,0.25,1.0,0.25,0.0,0.0,0.0,0.0,0.0,1.930561900138855,False,True,25.0,1.0,1.0,1.0,,,,,,,,,,,,,,
863,2.4667141437530518,-9.118639945983887,0.34563979506492615,0.3455771505832672,0.013714001514017582,1.7615785598754883,1.761987566947937,1.8907485330478253e-16,0.013574929907917976,0.6863437294960022,0.10181663185358047,0.015457531437277794,1.8907485330478253e-16,0.6863437294960022,0.10181663185358047,0.015457531437277794,0.0001,0.25,1.0,0.25,0.0,0.0,0.0,0.0,0.0,1.9273771047592163,False,True,25.0,1.0,1.0,1.0,,,,,,,,,,,,,,
864,2.436293125152588,-9.021798133850098,0.3323558568954468,0.33282843232154846,0.013276763260364532,1.7581969499588013,1.7574673891067505,1.6218523652882313e-17,0.010290944948792458,0.6860194802284241,0.10109634697437286,0.014816598035395145,1.6218523652882313e-17,0.6860194802284241,0.10109634697437286,0.014816598035395145,0.0001,0.25,1.0,0.25,0.0,0.0,0.0,0.0,0.0,1.9479291439056396,False,True,25.0,1.0,1.0,1.0,,,,,,,,,,,,,,
865,2.4575319290161133,-9.031044960021973,0.34129342436790466,0.34155723452568054,0.01359313540160656,1.7614284753799438,1.7607479095458984,1.4274244225754792e-16,0.008310481905937195,0.6861109733581543,0.10078968852758408,0.014527928084135056,1.4274244225754792e-16,0.6861109733581543,0.10078968852758408,0.014527928084135056,0.0001,0.25,1.0,0.25,0.0,0.0,0.0,0.0,0.0,1.9469704627990723,False,True,25.0,1.0,1.0,1.0,,,,,,,,,,,,,,
866,2.4606311321258545,-9.09372615814209,0.33894601464271545,0.339051753282547,0.013912918977439404,1.7691155672073364,1.7683252096176147,1.6993828791371935e-16,0.009411719627678394,0.6861602067947388,0.101371169090271,0.014989648945629597,1.6993828791371935e-16,0.6861602067947388,0.101371169090271,0.014989648945629597,0.0001,0.25,1.0,0.25,0.0,0.0,0.0,0.0,0.0,1.9416632652282715,False,True,25.0,1.0,1.0,1.0,,,,,,,,,,,,,,
867,2.4573559761047363,-9.135873794555664,0.34006035327911377,0.340079128742218,0.01364847645163536,1.7639601230621338,1.7631757259368896,3.1417322869410895e-16,0.0107539938762784,0.6863757967948914,0.1010088324546814,0.014239947311580181,3.1417322869410895e-16,0.6863757967948914,0.1010088324546814,0.014239947311580181,0.0001,0.25,1.0,0.25,0.0,0.0,0.0,0.0,0.0,1.9378889799118042,False,True,25.0,1.0,1.0,1.0,,,,,,,,,,,,,,
868,2.468057155609131,-9.084877014160156,0.3448670506477356,0.3451870381832123,0.013749603182077408,1.7646631002426147,1.7638436555862427,1.719543454421928e-16,0.009321537800133228,0.6853622794151306,0.10094873607158661,0.014327306300401688,1.719543454421928e-16,0.6853622794151306,0.10094873607158661,0.014327306300401688,0.0001,0.25,1.0,0.25,0.0,0.0,0.0,0.0,0.0,1.9656562805175781,False,True,25.0,1.0,1.0,1.0,,,,,,,,,,,,,,
869,2.4649391174316406,-9.019086837768555,0.34366798400878906,0.34396374225616455,0.01341567188501358,1.7642312049865723,1.763551950454712,1.8007916488159485e-16,0.011136099696159363,0.6856900453567505,0.10083077847957611,0.015477092005312443,1.8007916488159485e-16,0.6856900453567505,0.10083077847957611,0.015477092005312443,0.0001,0.25,1.0,0.25,0.0,0.0,0.0,0.0,0.0,1.9521002769470215,False,True,25.0,1.0,1.0,1.0,,,,,,,,,,,,,,
870,2.4429163932800293,-9.068385124206543,0.33604127168655396,0.3356377184391022,0.013511687517166138,1.757451057434082,1.7580006122589111,8.104439694342217e-17,0.011263906955718994,0.6858543157577515,0.10075359046459198,0.014864761382341385,5.904556352443069e-17,0.6848219633102417,0.10140803456306458,0.011068248189985752,0.0001,0.25,1.0,0.25,0.0,0.0,0.0,0.0,0.0,1.9225603342056274,False,True,25.0,1.0,1.0,1.0,0.784783124923706,0.784783124923706,0.21521687507629395,8.946767807006836,0.0,0.944407045841217,3.9508235454559326,-0.0,1.3928148746490479,0.7844957113265991,5.904556352443069e-17,0.7844957113265991,0.04979734495282173,1.1177700757980347
871,2.4463233947753906,-9.165389060974121,0.3367652893066406,0.336185485124588,0.013640512712299824,1.759505271911621,1.7599592208862305,2.0810573810078594e-17,0.009708680212497711,0.6860923171043396,0.10130324959754944,0.014859751798212528,2.0810573810078594e-17,0.6860923171043396,0.10130324959754944,0.014859751798212528,0.0001,0.25,1.0,0.25,0.0,0.0,0.0,0.0,0.0,1.9568651914596558,False,True,25.0,1.0,1.0,1.0,,,,,,,,,,,,,,
872,2.444199562072754,-9.152070999145508,0.3364284038543701,0.3362419605255127,0.013272649608552456,1.7583701610565186,1.7581431865692139,1.9323395712936856e-16,0.01050804927945137,0.6858494877815247,0.10132379084825516,0.014529934152960777,1.9323395712936856e-16,0.6858494877815247,0.10132379084825516,0.014529934152960777,0.0001,0.25,1.0,0.25,0.0,0.0,0.0,0.0,0.0,1.9543875455856323,False,True,25.0,1.0,1.0,1.0,,,,,,,,,,,,,,
873,2.4474143981933594,-9.099425315856934,0.33240562677383423,0.33220452070236206,0.013564038090407848,1.7690541744232178,1.7694263458251953,5.982591059479163e-16,0.008913041092455387,0.6860098242759705,0.1017233356833458,0.01471383310854435,5.982591059479163e-16,0.6860098242759705,0.1017233356833458,0.01471383310854435,0.0001,0.25,1.0,0.25,0.0,0.0,0.0,0.0,0.0,1.9679876565933228,False,True,25.0,1.0,1.0,1.0,,,,,,,,,,,,,,
874,2.444239616394043,-9.130254745483398,0.33212989568710327,0.33220142126083374,0.013657035306096077,1.7664055824279785,1.766096830368042,6.232957058028589e-16,0.011075525544583797,0.6856127381324768,0.10206679254770279,0.015271457843482494,6.232957058028589e-16,0.6856127381324768,0.10206679254770279,0.015271457843482494,0.0001,0.25,1.0,0.25,0.0,0.0,0.0,0.0,0.0,1.9571256637573242,False,True,25.0,1.0,1.0,1.0,,,,,,,,,,,,,,
875,2.451427459716797,-9.160408020019531,0.33522316813468933,0.3352780342102051,0.013419786468148232,1.7674638032913208,1.7675487995147705,3.4826365254917845e-15,0.011717625893652439,0.6861518621444702,0.10157357901334763,0.015232489444315434,3.4826365254917845e-15,0.6861518621444702,0.10157357901334763,0.015232489444315434,0.0001,0.25,1.0,0.25,0.0,0.0,0.0,0.0,0.0,1.9552894830703735,False,True,25.0,1.0,1.0,1.0,,,,,,,,,,,,,,
876,2.4612159729003906,-9.190130233764648,0.3406478762626648,0.3404017388820648,0.013552668504416943,1.7665687799453735,1.7666584253311157,7.304814784099046e-17,0.01183437742292881,0.6864851713180542,0.10156624764204025,0.014559164643287659,7.304814784099046e-17,0.6864851713180542,0.10156624764204025,0.014559164643287659,0.0001,0.25,1.0,0.25,0.0,0.0,0.0,0.0,0.0,1.9512789249420166,False,True,25.0,1.0,1.0,1.0,,,,,,,,,,,,,,
877,2.46891450881958,-9.14453125,0.34834936261177063,0.3478585183620453,0.01380000077188015,1.7587004899978638,1.7591124773025513,1.5114336796797528e-16,0.011317295022308826,0.6861057877540588,0.10145321488380432,0.015318145975470543,1.5114336796797528e-16,0.6861057877540588,0.10145321488380432,0.015318145975470543,0.0001,0.25,1.0,0.25,0.0,0.0,0.0,0.0,0.0,1.9681164026260376,False,True,25.0,1.0,1.0,1.0,,,,,,,,,,,,,,
878,2.440586566925049,-9.17908763885498,0.3313044011592865,0.3311207592487335,0.013678280636668205,1.7641984224319458,1.764768123626709,8.042166229106775e-17,0.011180320754647255,0.6860774755477905,0.10192800313234329,0.014170456677675247,8.042166229106775e-17,0.6860774755477905,0.10192800313234329,0.014170456677675247,0.0001,0.25,1.0,0.25,0.0,0.0,0.0,0.0,0.0,1.9401013851165771,False,True,25.0,1.0,1.0,1.0,,,,,,,,,,,,,,
879,2.454979181289673,-9.188841819763184,0.33741986751556396,0.33735862374305725,0.013650353997945786,1.766548991203308,1.7665517330169678,1.2588277554408719e-15,0.010645615868270397,0.6857643723487854,0.10153089463710785,0.014746441505849361,1.2588277554408719e-15,0.6857643723487854,0.10153089463710785,0.014746441505849361,0.0001,0.25,1.0,0.25,0.0,0.0,0.0,0.0,0.0,1.9513312578201294,False,True,25.0,1.0,1.0,1.0,,,,,,,,,,,,,,
880,2.4436450004577637,-9.187411308288574,0.3333466947078705,0.3331374526023865,0.013055416755378246,1.7640758752822876,1.7641346454620361,1.2579928985922344e-15,0.01129623968154192,0.6859439015388489,0.10110773891210556,0.01526685245335102,7.232035080110577e-17,0.6847882866859436,0.10142253339290619,0.01100707147270441,0.0001,0.25,1.0,0.25,0.0,0.0,0.0,0.0,0.0,1.9368112087249756,False,True,25.0,1.0,1.0,1.0,0.7841315865516663,0.7841315865516663,0.21586841344833374,8.957930564880371,0.0,0.9451758861541748,3.9503731727600098,-0.0,1.3918156623840332,0.7846210598945618,7.232035080110577e-17,0.7846210598945618,0.05011206492781639,1.1175422668457031
881,2.4342050552368164,-9.182432174682617,0.32906797528266907,0.32855331897735596,0.013415123336017132,1.7628388404846191,1.7634986639022827,8.169024633081378e-17,0.011191634461283684,0.6860635280609131,0.10154306143522263,0.014710921794176102,8.169024633081378e-17,0.6860635280609131,0.10154306143522263,0.014710921794176102,0.0001,0.25,1.0,0.25,0.0,0.0,0.0,0.0,0.0,1.9375730752944946,False,True,25.0,1.0,1.0,1.0,,,,,,,,,,,,,,
882,2.4447922706604004,-9.187056541442871,0.33525902032852173,0.335086464881897,0.013396228663623333,1.7609905004501343,1.761110544204712,6.522017374493164e-17,0.011846927925944328,0.6859517097473145,0.10117925703525543,0.014849943108856678,6.522017374493164e-17,0.6859517097473145,0.10117925703525543,0.014849943108856678,0.0001,0.25,1.0,0.25,0.0,0.0,0.0,0.0,0.0,1.955822467803955,False,True,25.0,1.0,1.0,1.0,,,,,,,,,,,,,,
883,2.4487533569335938,-9.168869018554688,0.33858928084373474,0.3386634886264801,0.013124658726155758,1.7586065530776978,1.7581450939178467,1.1809312174795774e-16,0.009365824051201344,0.6865456700325012,0.1015230193734169,0.014865418896079063,1.1809312174795774e-16,0.6865456700325012,0.1015230193734169,0.014865418896079063,0.0001,0.25,1.0,0.25,0.0,0.0,0.0,0.0,0.0,1.9455915689468384,False,True,25.0,1.0,1.0,1.0,,,,,,,,,,,,,,
884,2.4502267837524414,-9.178393363952637,0.33714762330055237,0.3373214304447174,0.013504551723599434,1.7626590728759766,1.7618473768234253,7.913486836644474e-16,0.010730458423495293,0.6858643293380737,0.10122290253639221,0.015429732389748096,7.913486836644474e-16,0.6858643293380737,0.10122290253639221,0.015429732389748096,0.0001,0.25,1.0,0.25,0.0,0.0,0.0,0.0,0.0,1.9287303686141968,False,True,25.0,1.0,1.0,1.0,,,,,,,,,,,,,,
885,2.425828695297241,-9.21604061126709,0.3293694257736206,0.3289380967617035,0.013213376514613628,1.7539451122283936,1.75467050075531,4.683645851657747e-17,0.01088851597160101,0.6857643723487854,0.10097518563270569,0.014966207556426525,4.683645851657747e-17,0.6857643723487854,0.10097518563270569,0.014966207556426525,0.0001,0.25,1.0,0.25,0.0,0.0,0.0,0.0,0.0,1.9657483100891113,False,True,25.0,1.0,1.0,1.0,,,,,,,,,,,,,,
886,2.447783946990967,-9.195693969726562,0.33578044176101685,0.3359190821647644,0.013314357027411461,1.7628487348556519,1.7626917362213135,3.510233441248481e-16,0.010698873549699783,0.6854363083839417,0.10190963745117188,0.015279180370271206,3.510233441248481e-16,0.6854363083839417,0.10190963745117188,0.015279180370271206,0.0001,0.25,1.0,0.25,0.0,0.0,0.0,0.0,0.0,1.9751613140106201,False,True,25.0,1.0,1.0,1.0,,,,,,,,,,,,,,
887,2.461719512939453,-9.256434440612793,0.3414381742477417,0.3416491746902466,0.01328896451741457,1.7655318975448608,1.7651543617248535,1.1281985460735505e-15,0.011020059697329998,0.6861597895622253,0.10125001519918442,0.014792093075811863,1.1281985460735505e-15,0.6861597895622253,0.10125001519918442,0.014792093075811863,0.0001,0.25,1.0,0.25,0.0,0.0,0.0,0.0,0.0,1.9490448236465454,False,True,25.0,1.0,1.0,1.0,,,,,,,,,,,,,,
888,2.482461929321289,-9.270683288574219,0.3529722988605499,0.3525351881980896,0.013484756462275982,1.762954592704773,1.7639847993850708,1.589854239867822e-16,0.011735928244888783,0.6866971254348755,0.1020536795258522,0.014674024656414986,1.589854239867822e-16,0.6866971254348755,0.1020536795258522,0.014674024656414986,0.0001,0.25,1.0,0.25,0.0,0.0,0.0,0.0,0.0,1.9088281393051147,False,True,25.0,1.0,1.0,1.0,,,,,,,,,,,,,,
889,2.439880847930908,-9.187084197998047,0.3311018943786621,0.33099594712257385,0.013097735121846199,1.764728307723999,1.7646421194076538,5.710632602917449e-16,0.01021749060600996,0.6862266063690186,0.10149914771318436,0.01484308484941721,5.710632602917449e-16,0.6862266063690186,0.10149914771318436,0.01484308484941721,0.0001,0.25,1.0,0.25,0.0,0.0,0.0,0.0,0.0,1.9208388328552246,False,True,25.0,1.0,1.0,1.0,,,,,,,,,,,,,,
890,2.444185972213745,-9.19621753692627,0.3306887745857239,0.33073800802230835,0.013377189636230469,1.7694438695907593,1.7693202495574951,9.449540852425153e-16,0.010424980893731117,0.685647189617157,0.10152202844619751,0.015354899689555168,1.2662356910595576e-16,0.6846712231636047,0.10141002386808395,0.010882182978093624,0.0001,0.25,1.0,0.25,0.0,0.0,0.0,0.0,0.0,1.9340460300445557,False,True,25.0,1.0,1.0,1.0,0.7846866846084595,0.7846866846084595,0.21531331539154053,8.983480453491211,0.0,0.9457524418830872,3.9500479698181152,-0.0,1.3863346576690674,0.7846876978874207,1.2662356910595576e-16,0.7846876978874207,0.04991846904158592,1.1169908046722412
891,2.457554340362549,-9.263450622558594,0.3370053172111511,0.3368039131164551,0.013801725581288338,1.7699052095413208,1.7699815034866333,1.918814863875978e-15,0.010432164184749126,0.685312032699585,0.1016058623790741,0.015111688524484634,1.918814863875978e-15,0.685312032699585,0.1016058623790741,0.015111688524484634,0.0001,0.25,1.0,0.25,0.0,0.0,0.0,0.0,0.0,1.9471572637557983,False,True,25.0,1.0,1.0,1.0,,,,,,,,,,,,,,
892,2.445107936859131,-9.311997413635254,0.33528125286102295,0.33547061681747437,0.013344859704375267,1.760977864265442,1.7610442638397217,9.663835952915755e-16,0.011569987051188946,0.6855621933937073,0.10161034762859344,0.014808785170316696,9.663835952915755e-16,0.6855621933937073,0.10161034762859344,0.014808785170316696,0.0001,0.25,1.0,0.25,0.0,0.0,0.0,0.0,0.0,1.947648525238037,False,True,25.0,1.0,1.0,1.0,,,,,,,,,,,,,,
893,2.4668304920196533,-9.299156188964844,0.3445276618003845,0.3447510898113251,0.013665827922523022,1.764172911643982,1.763599157333374,1.7838523133598426e-16,0.010352440178394318,0.6861507296562195,0.10139850527048111,0.014680927619338036,1.7838523133598426e-16,0.6861507296562195,0.10139850527048111,0.014680927619338036,0.0001,0.25,1.0,0.25,0.0,0.0,0.0,0.0,0.0,1.9680418968200684,False,True,25.0,1.0,1.0,1.0,,,,,,,,,,,,,,
894,2.4611544609069824,-9.218429565429688,0.34267839789390564,0.3427013158798218,0.013731958344578743,1.7621135711669922,1.7619720697402954,4.0792196179348806e-15,0.009878100827336311,0.6858764290809631,0.1008618175983429,0.015149092301726341,4.0792196179348806e-15,0.6858764290809631,0.1008618175983429,0.015149092301726341,0.0001,0.25,1.0,0.25,0.0,0.0,0.0,0.0,0.0,1.9572153091430664,False,True,25.0,1.0,1.0,1.0,,,,,,,,,,,,,,
895,2.451256275177002,-9.259608268737793,0.33906716108322144,0.3388783931732178,0.013681231066584587,1.7594188451766968,1.7598398923873901,1.9296888875643716e-16,0.011782117187976837,0.684894323348999,0.10167726874351501,0.01470568124204874,1.9296888875643716e-16,0.684894323348999,0.10167726874351501,0.01470568124204874,0.0001,0.25,1.0,0.25,0.0,0.0,0.0,0.0,0.0,1.9704828262329102,False,True,25.0,1.0,1.0,1.0,,,,,,,,,,,,,,
896,2.454409599304199,-9.302689552307129,0.3389168381690979,0.33875200152397156,0.013534046709537506,1.763089656829834,1.7633236646652222,1.0750652677881417e-16,0.008935854770243168,0.685280442237854,0.10143691301345825,0.014722217805683613,1.0750652677881417e-16,0.685280442237854,0.10143691301345825,0.014722217805683613,0.0001,0.25,1.0,0.25,0.0,0.0,0.0,0.0,0.0,1.9949361085891724,False,True,25.0,1.0,1.0,1.0,,,,,,,,,,,,,,
897,2.4545297622680664,-9.29833984375,0.3408544063568115,0.3410651385784149,0.01342371478676796,1.7593127489089966,1.7590603828430176,6.879463954745499e-16,0.010094331577420235,0.6865376234054565,0.10142295062541962,0.014641854912042618,6.879463954745499e-16,0.6865376234054565,0.10142295062541962,0.014641854912042618,0.0001,0.25,1.0,0.25,0.0,0.0,0.0,0.0,0.0,1.933139681816101,False,True,25.0,1.0,1.0,1.0,,,,,,,,,,,,,,
898,2.446014881134033,-9.28142261505127,0.33354008197784424,0.33375048637390137,0.01349617913365364,1.7655261754989624,1.7649304866790771,8.022199280259827e-16,0.010260708630084991,0.6852144598960876,0.10117697715759277,0.014901794493198395,8.022199280259827e-16,0.6852144598960876,0.10117697715759277,0.014901794493198395,0.0001,0.25,1.0,0.25,0.0,0.0,0.0,0.0,0.0,1.945354700088501,False,True,25.0,1.0,1.0,1.0,,,,,,,,,,,,,,
899,2.4433579444885254,-9.267343521118164,0.33297568559646606,0.33335238695144653,0.013501088134944439,1.7638704776763916,1.7631869316101074,3.3048650092307554e-16,0.010492591187357903,0.6857786774635315,0.1010405421257019,0.014839006587862968,3.3048650092307554e-16,0.6857786774635315,0.1010405421257019,0.014839006587862968,0.0001,0.25,1.0,0.25,0.0,0.0,0.0,0.0,0.0,1.9360555410385132,False,True,25.0,1.0,1.0,1.0,,,,,,,,,,,,,,
900,2.460318088531494,-9.331107139587402,0.34010398387908936,0.34024712443351746,0.013370134867727757,1.766874074935913,1.7663195133209229,9.121223470531098e-16,0.011844124644994736,0.686454176902771,0.10155458003282547,0.015125087462365627,1.408366334346763e-16,0.6845254302024841,0.10103257745504379,0.010784530080854893,0.0001,0.25,1.0,0.25,0.0,0.0,0.0,0.0,0.0,1.9411567449569702,False,True,25.0,1.0,1.0,1.0,0.7845028042793274,0.7845028042793274,0.2154971957206726,9.009637832641602,0.0,0.9481549263000488,3.9486522674560547,-0.0,1.3870763778686523,0.7846417427062988,1.408366334346763e-16,0.7846417427062988,0.04944697022438049,1.118852138519287
901,2.431299924850464,-9.326974868774414,0.3275213837623596,0.32761403918266296,0.013256317004561424,1.7629003524780273,1.7629162073135376,5.02523207084499e-16,0.010642527602612972,0.6859260201454163,0.10106126219034195,0.014338918030261993,5.02523207084499e-16,0.6859260201454163,0.10106126219034195,0.014338918030261993,0.0001,0.25,1.0,0.25,0.0,0.0,0.0,0.0,0.0,1.9494915008544922,False,True,25.0,1.0,1.0,1.0,,,,,,,,,,,,,,
902,2.462184429168701,-9.334400177001953,0.3403606712818146,0.339922696352005,0.013609226793050766,1.7677626609802246,1.768820881843567,1.0838236546372002e-15,0.012883023358881474,0.6858615279197693,0.10093202441930771,0.015141614712774754,1.0838236546372002e-15,0.6858615279197693,0.10093202441930771,0.015141614712774754,0.0001,0.25,1.0,0.25,0.0,0.0,0.0,0.0,0.0,1.9537550210952759,False,True,25.0,1.0,1.0,1.0,,,,,,,,,,,,,,
903,2.456216812133789,-9.332706451416016,0.3378128409385681,0.33723190426826477,0.01350213959813118,1.767266035079956,1.7680740356445312,2.532268787985571e-16,0.0100031029433012,0.685113787651062,0.10102391242980957,0.014770270325243473,2.532268787985571e-16,0.685113787651062,0.10102391242980957,0.014770270325243473,0.0001,0.25,1.0,0.25,0.0,0.0,0.0,0.0,0.0,1.9701764583587646,False,True,25.0,1.0,1.0,1.0,,,,,,,,,,,,,,
904,2.442509174346924,-9.325511932373047,0.33466312289237976,0.33407264947891235,0.013133282773196697,1.7599215507507324,1.761358618736267,2.0658887083709844e-17,0.010413081385195255,0.6855529546737671,0.10142981261014938,0.015117776580154896,2.0658887083709844e-17,0.6855529546737671,0.10142981261014938,0.015117776580154896,0.0001,0.25,1.0,0.25,0.0,0.0,0.0,0.0,0.0,1.9247947931289673,False,True,25.0,1.0,1.0,1.0,,,,,,,,,,,,,,
905,2.44392466545105,-9.337481498718262,0.3324376940727234,0.3318653404712677,0.013495740480720997,1.7655081748962402,1.7667436599731445,7.76826197904654e-16,0.009427825920283794,0.6857404112815857,0.10048311948776245,0.015616664662957191,7.76826197904654e-16,0.6857404112815857,0.10048311948776245,0.015616664662957191,0.0001,0.25,1.0,0.25,0.0,0.0,0.0,0.0,0.0,1.9703457355499268,False,True,25.0,1.0,1.0,1.0,,,,,,,,,,,,,,
906,2.4470996856689453,-9.36242389678955,0.3334679901599884,0.33351564407348633,0.013425237499177456,1.7668477296829224,1.7665338516235352,5.145787093854143e-16,0.011287402361631393,0.6857086420059204,0.1012515276670456,0.014463026076555252,5.145787093854143e-16,0.6857086420059204,0.1012515276670456,0.014463026076555252,0.0001,0.25,1.0,0.25,0.0,0.0,0.0,0.0,0.0,1.9539848566055298,False,True,25.0,1.0,1.0,1.0,,,,,,,,,,,,,,
907,2.4568045139312744,-9.377047538757324,0.34352898597717285,0.34305644035339355,0.013262178748846054,1.7565351724624634,1.7573786973953247,2.6756807303785846e-15,0.011706770397722721,0.6856017708778381,0.10134019702672958,0.01455595437437296,2.6756807303785846e-15,0.6856017708778381,0.10134019702672958,0.01455595437437296,0.0001,0.25,1.0,0.25,0.0,0.0,0.0,0.0,0.0,1.9339324235916138,False,True,25.0,1.0,1.0,1.0,,,,,,,,,,,,,,
908,2.4467086791992188,-9.33324909210205,0.33565959334373474,0.33653682470321655,0.013408978469669819,1.7616442441940308,1.7605624198913574,1.704241936578677e-15,0.012380068190395832,0.6850659251213074,0.10052590072154999,0.014870533719658852,1.704241936578677e-15,0.6850659251213074,0.10052590072154999,0.014870533719658852,0.0001,0.25,1.0,0.25,0.0,0.0,0.0,0.0,0.0,1.9558101892471313,False,True,25.0,1.0,1.0,1.0,,,,,,,,,,,,,,
909,2.451651096343994,-9.352762222290039,0.33903470635414124,0.3390544354915619,0.013288965448737144,1.7603038549423218,1.760242223739624,2.078389306633347e-15,0.010063850320875645,0.6858454942703247,0.10069336742162704,0.014956153929233551,2.078389306633347e-15,0.6858454942703247,0.10069336742162704,0.014956153929233551,0.0001,0.25,1.0,0.25,0.0,0.0,0.0,0.0,0.0,1.9356180429458618,False,True,25.0,1.0,1.0,1.0,,,,,,,,,,,,,,
910,2.447798013687134,-9.372761726379395,0.33415061235427856,0.3340665102005005,0.013328162021934986,1.7662734985351562,1.766231894493103,1.5320998277548796e-16,0.010356087237596512,0.6855084300041199,0.100237175822258,0.014540174044668674,8.678587668374226e-17,0.684476375579834,0.10063803195953369,0.01065908931195736,0.0001,0.25,1.0,0.25,0.0,0.0,0.0,0.0,0.0,1.9533493518829346,False,True,25.0,1.0,1.0,1.0,0.7843064069747925,0.7843064069747925,0.21569359302520752,8.97713565826416,0.0,0.9457044005393982,3.9485762119293213,-0.0,1.3861489295959473,0.784573495388031,8.678587668374226e-17,0.784573495388031,0.0498369038105011,1.1132267713546753
911,2.4497570991516113,-9.373725891113281,0.3357711136341095,0.336015909910202,0.013443001545965672,1.7646902799606323,1.7643638849258423,9.095686485962565e-16,0.009107131510972977,0.6856268644332886,0.10046996176242828,0.01474829576909542,9.095686485962565e-16,0.6856268644332886,0.10046996176242828,0.01474829576909542,0.0001,0.25,1.0,0.25,0.0,0.0,0.0,0.0,0.0,1.9637709856033325,False,True,25.0,1.0,1.0,1.0,,,,,,,,,,,,,,
912,2.467796802520752,-9.416664123535156,0.34419819712638855,0.3442447781562805,0.013504071161150932,1.7657843828201294,1.7659151554107666,1.2259899821417172e-15,0.010213732719421387,0.685610294342041,0.10083764046430588,0.015033749863505363,1.2259899821417172e-15,0.685610294342041,0.10083764046430588,0.015033749863505363,0.0001,0.25,1.0,0.25,0.0,0.0,0.0,0.0,0.0,1.9284284114837646,False,True,25.0,1.0,1.0,1.0,,,,,,,,,,,,,,
913,2.46065092086792,-9.435624122619629,0.3426356613636017,0.3424777686595917,0.013210688717663288,1.7622369527816772,1.7624167203903198,1.4727569641680393e-16,0.010717720724642277,0.6859980821609497,0.10047072917222977,0.014846093021333218,1.4727569641680393e-16,0.6859980821609497,0.10047072917222977,0.014846093021333218,0.0001,0.25,1.0,0.25,0.0,0.0,0.0,0.0,0.0,1.936528205871582,False,True,25.0,1.0,1.0,1.0,,,,,,,,,,,,,,
914,2.4384241104125977,-9.408377647399902,0.33345484733581543,0.3332538902759552,0.013364541344344616,1.7580852508544922,1.7586164474487305,1.1528408256217666e-16,0.010656899772584438,0.6862499713897705,0.1004377156496048,0.014627584256231785,1.1528408256217666e-16,0.6862499713897705,0.1004377156496048,0.014627584256231785,0.0001,0.25,1.0,0.25,0.0,0.0,0.0,0.0,0.0,1.9297856092453003,False,True,25.0,1.0,1.0,1.0,,,,,,,,,,,,,,
915,2.4519877433776855,-9.411242485046387,0.3379221558570862,0.33759504556655884,0.01325944159179926,1.7629609107971191,1.7634611129760742,1.107959223194501e-15,0.009363705292344093,0.6861653327941895,0.09949689358472824,0.014495315961539745,1.107959223194501e-15,0.6861653327941895,0.09949689358472824,0.014495315961539745,0.0001,0.25,1.0,0.25,0.0,0.0,0.0,0.0,0.0,1.9375108480453491,False,True,25.0,1.0,1.0,1.0,,,,,,,,,,,,,,
916,2.4517245292663574,-9.451078414916992,0.3354127109050751,0.3356407880783081,0.013999661430716515,1.7669295072555542,1.7664133310317993,5.698660850999193e-16,0.011419556103646755,0.6858245134353638,0.10074508935213089,0.014391942881047726,5.698660850999193e-16,0.6858245134353638,0.10074508935213089,0.014391942881047726,0.0001,0.25,1.0,0.25,0.0,0.0,0.0,0.0,0.0,1.9312952756881714,False,True,25.0,1.0,1.0,1.0,,,,,,,,,,,,,,
917,2.4721052646636963,-9.430858612060547,0.3500671982765198,0.3506968021392822,0.013208514079451561,1.7589383125305176,1.7573270797729492,4.879123652003952e-16,0.009346925653517246,0.6858728528022766,0.1002993956208229,0.014187668450176716,4.879123652003952e-16,0.6858728528022766,0.1002993956208229,0.014187668450176716,0.0001,0.25,1.0,0.25,0.0,0.0,0.0,0.0,0.0,1.9271466732025146,False,True,25.0,1.0,1.0,1.0,,,,,,,,,,,,,,
918,2.463627338409424,-9.40971565246582,0.33789724111557007,0.3383151888847351,0.013474551029503345,1.774237036705017,1.7736438512802124,2.978155269400809e-17,0.012507966719567776,0.685527503490448,0.10088136792182922,0.015034587122499943,2.978155269400809e-17,0.685527503490448,0.10088136792182922,0.015034587122499943,0.0001,0.25,1.0,0.25,0.0,0.0,0.0,0.0,0.0,1.9467612504959106,False,True,25.0,1.0,1.0,1.0,,,,,,,,,,,,,,
919,2.4520516395568848,-9.416449546813965,0.3325175344944,0.33242449164390564,0.013596137054264545,1.773484468460083,1.7735425233840942,5.995404020993161e-16,0.01115038339048624,0.6856403946876526,0.10059575736522675,0.01440091896802187,5.995404020993161e-16,0.6856403946876526,0.10059575736522675,0.01440091896802187,0.0001,0.25,1.0,0.25,0.0,0.0,0.0,0.0,0.0,1.920568823814392,False,True,25.0,1.0,1.0,1.0,,,,,,,,,,,,,,
920,2.449063539505005,-9.452306747436523,0.33419132232666016,0.33444714546203613,0.013524253852665424,1.7671436071395874,1.766657829284668,5.182856431999543e-16,0.01068323664367199,0.6857135891914368,0.10068703442811966,0.01467722188681364,7.203332358912826e-17,0.6843462586402893,0.10074540227651596,0.010694997385144234,0.0001,0.25,1.0,0.25,0.0,0.0,0.0,0.0,0.0,1.9453321695327759,False,True,25.0,1.0,1.0,1.0,0.7830343246459961,0.7830343246459961,0.2169656753540039,9.018800735473633,0.0,0.9439746737480164,3.949141025543213,-0.0,1.384004831314087,0.784264326095581,7.203332358912826e-17,0.784264326095581,0.04985341429710388,1.1090656518936157
921,2.479987621307373,-9.470760345458984,0.3503331243991852,0.35008007287979126,0.013438698835670948,1.7657792568206787,1.7664920091629028,5.668443744699284e-18,0.010254738852381706,0.6854080557823181,0.10169034451246262,0.01417431328445673,5.668443744699284e-18,0.6854080557823181,0.10169034451246262,0.01417431328445673,0.0001,0.25,1.0,0.25,0.0,0.0,0.0,0.0,0.0,1.9454964399337769,False,True,25.0,1.0,1.0,1.0,,,,,,,,,,,,,,
922,2.435387372970581,-9.45849895477295,0.33160388469696045,0.33143675327301025,0.013111738488078117,1.7590413093566895,1.7594287395477295,4.713289424008137e-16,0.011076178401708603,0.6860335469245911,0.10071557015180588,0.015227064490318298,4.713289424008137e-16,0.6860335469245911,0.10071557015180588,0.015227064490318298,0.0001,0.25,1.0,0.25,0.0,0.0,0.0,0.0,0.0,1.9594906568527222,False,True,25.0,1.0,1.0,1.0,,,,,,,,,,,,,,
923,2.4536943435668945,-9.460306167602539,0.3420587480068207,0.34126532077789307,0.013319834135472775,1.7566263675689697,1.757474422454834,1.4546300620501033e-16,0.009334901347756386,0.6856305003166199,0.10096940398216248,0.014907742850482464,1.4546300620501033e-16,0.6856305003166199,0.10096940398216248,0.014907742850482464,0.0001,0.25,1.0,0.25,0.0,0.0,0.0,0.0,0.0,1.9515643119812012,False,True,25.0,1.0,1.0,1.0,,,,,,,,,,,,,,
924,2.443169355392456,-9.474309921264648,0.33895808458328247,0.33802470564842224,0.013392151333391666,1.7519056797027588,1.7536832094192505,7.546111971459135e-17,0.008987875655293465,0.6847484111785889,0.10064949840307236,0.014170563779771328,7.546111971459135e-17,0.6847484111785889,0.10064949840307236,0.014170563779771328,0.0001,0.25,1.0,0.25,0.0,0.0,0.0,0.0,0.0,1.9597501754760742,False,True,25.0,1.0,1.0,1.0,,,,,,,,,,,,,,
925,2.459622383117676,-9.500150680541992,0.34337863326072693,0.3432184159755707,0.013466689735651016,1.7592037916183472,1.759913682937622,9.875087028752162e-16,0.010681579820811749,0.6861845850944519,0.10094418376684189,0.015012869611382484,9.875087028752162e-16,0.6861845850944519,0.10094418376684189,0.015012869611382484,0.0001,0.25,1.0,0.25,0.0,0.0,0.0,0.0,0.0,1.9292184114456177,False,True,25.0,1.0,1.0,1.0,,,,,,,,,,,,,,
926,2.4655163288116455,-9.486602783203125,0.345161497592926,0.34546351432800293,0.013473162427544594,1.7617108821868896,1.7611252069473267,2.072021524694126e-16,0.010930584743618965,0.6845640540122986,0.1008484959602356,0.015092757530510426,2.072021524694126e-16,0.6845640540122986,0.1008484959602356,0.015092757530510426,0.0001,0.25,1.0,0.25,0.0,0.0,0.0,0.0,0.0,1.9367839097976685,False,True,25.0,1.0,1.0,1.0,,,,,,,,,,,,,,
927,2.4334821701049805,-9.469317436218262,0.3275410830974579,0.32761332392692566,0.01322844810783863,1.7651103734970093,1.7650882005691528,8.762596371195752e-18,0.010858215391635895,0.685499370098114,0.10068745166063309,0.01480659656226635,8.762596371195752e-18,0.685499370098114,0.10068745166063309,0.01480659656226635,0.0001,0.25,1.0,0.25,0.0,0.0,0.0,0.0,0.0,1.9161921739578247,False,True,25.0,1.0,1.0,1.0,,,,,,,,,,,,,,
928,2.440688133239746,-9.457685470581055,0.3303443193435669,0.3295936584472656,0.013202579692006111,1.767345666885376,1.7677494287490845,1.0110707374829972e-16,0.011815475299954414,0.6853041052818298,0.10083203762769699,0.014860640279948711,1.0110707374829972e-16,0.6853041052818298,0.10083203762769699,0.014860640279948711,0.0001,0.25,1.0,0.25,0.0,0.0,0.0,0.0,0.0,1.9239150285720825,False,True,25.0,1.0,1.0,1.0,,,,,,,,,,,,,,
929,2.466125011444092,-9.542774200439453,0.3420080840587616,0.3415403664112091,0.013589992187917233,1.7688246965408325,1.7691482305526733,1.4989290910981151e-16,0.010295803658664227,0.6858368515968323,0.1002478301525116,0.014395161531865597,1.4989290910981151e-16,0.6858368515968323,0.1002478301525116,0.014395161531865597,0.0001,0.25,1.0,0.25,0.0,0.0,0.0,0.0,0.0,1.8981194496154785,False,True,25.0,1.0,1.0,1.0,,,,,,,,,,,,,,
930,2.4527058601379395,-9.537811279296875,0.3393212556838989,0.33894121646881104,0.013272250071167946,1.7610803842544556,1.7612618207931519,2.0129223154285195e-16,0.009820278733968735,0.685381293296814,0.10028266906738281,0.015255304053425789,5.90681972760971e-17,0.6842029094696045,0.10072136670351028,0.010606873780488968,0.0001,0.25,1.0,0.25,0.0,0.0,0.0,0.0,0.0,1.9311572313308716,False,True,25.0,1.0,1.0,1.0,0.7847756147384644,0.7847756147384644,0.21522438526153564,9.017353057861328,0.0,0.9466173648834229,3.9457643032073975,-0.0,1.376091480255127,0.7844279408454895,5.90681972760971e-17,0.7844279408454895,0.05217701941728592,1.0938422679901123
931,2.451313018798828,-9.455674171447754,0.33921170234680176,0.3395252227783203,0.01339658908545971,1.7598074674606323,1.7585517168045044,4.598591104433656e-16,0.0102448845282197,0.6858574748039246,0.1007314920425415,0.014390388503670692,4.598591104433656e-16,0.6858574748039246,0.1007314920425415,0.014390388503670692,0.0001,0.25,1.0,0.25,0.0,0.0,0.0,0.0,0.0,1.9040147066116333,False,True,25.0,1.0,1.0,1.0,,,,,,,,,,,,,,
932,2.457930564880371,-9.47484302520752,0.33966299891471863,0.33974388241767883,0.013326432555913925,1.7653077840805054,1.7650865316390991,4.464337970480625e-16,0.011898620054125786,0.6858001351356506,0.10043873637914658,0.014929170720279217,4.464337970480625e-16,0.6858001351356506,0.10043873637914658,0.014929170720279217,0.0001,0.25,1.0,0.25,0.0,0.0,0.0,0.0,0.0,1.9167431592941284,False,True,25.0,1.0,1.0,1.0,,,,,,,,,,,,,,
933,2.45564603805542,-9.619595527648926,0.3378159999847412,0.3373939096927643,0.013481239788234234,1.766735553741455,1.7671741247177124,2.909061336055398e-16,0.011739787645637989,0.6856158375740051,0.1008446216583252,0.015459814108908176,2.909061336055398e-16,0.6856158375740051,0.1008446216583252,0.015459814108908176,0.0001,0.25,1.0,0.25,0.0,0.0,0.0,0.0,0.0,1.910172939300537,False,True,25.0,1.0,1.0,1.0,,,,,,,,,,,,,,
934,2.464466094970703,-9.599344253540039,0.34208792448043823,0.3421197235584259,0.01377590000629425,1.7665516138076782,1.766413688659668,2.5720743072483987e-16,0.010320053435862064,0.6858638525009155,0.1004602387547493,0.015347414650022984,2.5720743072483987e-16,0.6858638525009155,0.1004602387547493,0.015347414650022984,0.0001,0.25,1.0,0.25,0.0,0.0,0.0,0.0,0.0,1.906732439994812,False,True,25.0,1.0,1.0,1.0,,,,,,,,,,,,,,
935,2.4352269172668457,-9.462958335876465,0.33116456866264343,0.3310573101043701,0.013562461361289024,1.7595244646072388,1.759360671043396,1.2564352050022337e-15,0.009407619014382362,0.6854005455970764,0.10080841183662415,0.014928053133189678,1.2564352050022337e-15,0.6854005455970764,0.10080841183662415,0.014928053133189678,0.0001,0.25,1.0,0.25,0.0,0.0,0.0,0.0,0.0,1.9109554290771484,False,True,25.0,1.0,1.0,1.0,,,,,,,,,,,,,,
936,2.4449849128723145,-9.460257530212402,0.33228451013565063,0.3321347236633301,0.013382467441260815,1.767322301864624,1.7670443058013916,5.064227879549802e-16,0.00892544537782669,0.6854206919670105,0.09981715679168701,0.0147500429302454,5.064227879549802e-16,0.6854206919670105,0.09981715679168701,0.0147500429302454,0.0001,0.25,1.0,0.25,0.0,0.0,0.0,0.0,0.0,1.9149564504623413,False,True,25.0,1.0,1.0,1.0,,,,,,,,,,,,,,
937,2.4607553482055664,-9.614360809326172,0.34029799699783325,0.3403471112251282,0.013602105900645256,1.7666195631027222,1.7663968801498413,1.1932553351038907e-15,0.009875849820673466,0.686015784740448,0.10010341554880142,0.014686565846204758,1.1932553351038907e-15,0.686015784740448,0.10010341554880142,0.014686565846204758,0.0001,0.25,1.0,0.25,0.0,0.0,0.0,0.0,0.0,1.9250173568725586,False,True,25.0,1.0,1.0,1.0,,,,,,,,,,,,,,
938,2.472740888595581,-9.674924850463867,0.34858593344688416,0.34895601868629456,0.013570865616202354,1.7617632150650024,1.7614929676055908,5.872797590064877e-16,0.008932429365813732,0.6855072975158691,0.10031438618898392,0.014846257865428925,5.872797590064877e-16,0.6855072975158691,0.10031438618898392,0.014846257865428925,0.0001,0.25,1.0,0.25,0.0,0.0,0.0,0.0,0.0,1.9198087453842163,False,True,25.0,1.0,1.0,1.0,,,,,,,,,,,,,,
939,2.4729912281036377,-9.541948318481445,0.3487091660499573,0.3489525318145752,0.013861376792192459,1.7614561319351196,1.7614802122116089,5.534237462256149e-16,0.010243123397231102,0.6853875517845154,0.09985530376434326,0.014961500652134418,5.534237462256149e-16,0.6853875517845154,0.09985530376434326,0.014961500652134418,0.0001,0.25,1.0,0.25,0.0,0.0,0.0,0.0,0.0,1.9373981952667236,False,True,25.0,1.0,1.0,1.0,,,,,,,,,,,,,,
940,2.4547107219696045,-9.437836647033691,0.3401601314544678,0.3396759629249573,0.013276816345751286,1.761174201965332,1.762021541595459,1.4220597923436033e-16,0.009250760078430176,0.6853228211402893,0.10038483887910843,0.014721518382430077,1.3495431511137618e-16,0.6842182278633118,0.10008859634399414,0.010807734914124012,0.0001,0.25,1.0,0.25,0.0,0.0,0.0,0.0,0.0,1.9258217811584473,False,True,25.0,1.0,1.0,1.0,0.7841219305992126,0.7841219305992126,0.21587806940078735,9.132898330688477,0.0,0.9423409700393677,3.9496631622314453,-0.0,1.36644446849823,0.7842642664909363,1.3495431511137618e-16,0.7842642664909363,0.05190910026431084,1.100630760192871
941,2.4527587890625,-9.621428489685059,0.3388001024723053,0.3385922610759735,0.013653985224664211,1.7613428831100464,1.7620818614959717,5.15410231041822e-16,0.011751738376915455,0.6857067942619324,0.09982052445411682,0.015403605997562408,5.15410231041822e-16,0.6857067942619324,0.09982052445411682,0.015403605997562408,0.0001,0.25,1.0,0.25,0.0,0.0,0.0,0.0,0.0,1.9215025901794434,False,True,25.0,1.0,1.0,1.0,,,,,,,,,,,,,,
942,2.4609603881835938,-9.706803321838379,0.3441939949989319,0.34376975893974304,0.013214881531894207,1.759520411491394,1.7600431442260742,1.1017439071857858e-15,0.009889987297356129,0.6848475337028503,0.10000266879796982,0.014940681867301464,1.1017439071857858e-15,0.6848475337028503,0.10000266879796982,0.014940681867301464,0.0001,0.25,1.0,0.25,0.0,0.0,0.0,0.0,0.0,1.9164422750473022,False,True,25.0,1.0,1.0,1.0,,,,,,,,,,,,,,
943,2.482562303543091,-9.58832836151123,0.3557922840118408,0.3565397560596466,0.013399818912148476,1.7576065063476562,1.7560545206069946,5.423958537083967e-16,0.009423012845218182,0.6854650974273682,0.10005896538496017,0.014569172635674477,5.423958537083967e-16,0.6854650974273682,0.10005896538496017,0.014569172635674477,0.0001,0.25,1.0,0.25,0.0,0.0,0.0,0.0,0.0,1.9362342357635498,False,True,25.0,1.0,1.0,1.0,,,,,,,,,,,,,,
944,2.4646034240722656,-9.501673698425293,0.34380239248275757,0.3438885807991028,0.013564077205955982,1.7634774446487427,1.7632193565368652,8.904224085007489e-17,0.010950696654617786,0.6848457455635071,0.10057155787944794,0.014130045659840107,8.904224085007489e-17,0.6848457455635071,0.10057155787944794,0.014130045659840107,0.0001,0.25,1.0,0.25,0.0,0.0,0.0,0.0,0.0,1.9586501121520996,False,True,25.0,1.0,1.0,1.0,,,,,,,,,,,,,,
945,2.476034164428711,-9.580523490905762,0.34772855043411255,0.34791746735572815,0.013031507842242718,1.7674431800842285,1.7672702074050903,1.4803727168061416e-16,0.009814906865358353,0.684703528881073,0.10040920227766037,0.014398980885744095,1.4803727168061416e-16,0.684703528881073,0.10040920227766037,0.014398980885744095,0.0001,0.25,1.0,0.25,0.0,0.0,0.0,0.0,0.0,1.9373841285705566,False,True,25.0,1.0,1.0,1.0,,,,,,,,,,,,,,
946,2.4416558742523193,-9.68464469909668,0.32953310012817383,0.3294605016708374,0.013193090446293354,1.7696021795272827,1.769336462020874,2.5095474997523888e-15,0.010706535540521145,0.6850814819335938,0.10039018839597702,0.014751146547496319,2.5095474997523888e-15,0.6850814819335938,0.10039018839597702,0.014751146547496319,0.0001,0.25,1.0,0.25,0.0,0.0,0.0,0.0,0.0,1.9456181526184082,False,True,25.0,1.0,1.0,1.0,,,,,,,,,,,,,,
947,2.4633898735046387,-9.666046142578125,0.3436944782733917,0.3438085615634918,0.013185962103307247,1.7628029584884644,1.7625987529754639,3.432210324801131e-16,0.00943062361329794,0.6854302287101746,0.10108771920204163,0.01506035216152668,3.432210324801131e-16,0.6854302287101746,0.10108771920204163,0.01506035216152668,0.0001,0.25,1.0,0.25,0.0,0.0,0.0,0.0,0.0,1.9809314012527466,False,True,25.0,1.0,1.0,1.0,,,,,,,,,,,,,,
948,2.46842622756958,-9.573528289794922,0.3459198772907257,0.345496267080307,0.013517449609935284,1.7629872560501099,1.7639977931976318,2.114035841185597e-15,0.009866681881248951,0.6848760843276978,0.1004372388124466,0.014743105508387089,2.114035841185597e-15,0.6848760843276978,0.1004372388124466,0.014743105508387089,0.0001,0.25,1.0,0.25,0.0,0.0,0.0,0.0,0.0,1.9623290300369263,False,True,25.0,1.0,1.0,1.0,,,,,,,,,,,,,,
949,2.4503488540649414,-9.590484619140625,0.3374786674976349,0.33677369356155396,0.013306126929819584,1.7621077299118042,1.7634730339050293,2.4843287878137865e-15,0.010404560714960098,0.6851152777671814,0.09964241832494736,0.01473307702690363,2.4843287878137865e-15,0.6851152777671814,0.09964241832494736,0.01473307702690363,0.0001,0.25,1.0,0.25,0.0,0.0,0.0,0.0,0.0,1.953140139579773,False,True,25.0,1.0,1.0,1.0,,,,,,,,,,,,,,
950,2.441100835800171,-9.64018726348877,0.3308105170726776,0.33031269907951355,0.01343477051705122,1.7657848596572876,1.7673007249832153,5.714563894583893e-16,0.010412952862679958,0.6848329901695251,0.09982246160507202,0.014831221662461758,2.0350933632207322e-16,0.6839233636856079,0.0999581515789032,0.011061729863286018,0.0001,0.25,1.0,0.25,0.0,0.0,0.0,0.0,0.0,1.9751306772232056,False,True,25.0,1.0,1.0,1.0,0.7842488884925842,0.7842488884925842,0.21575111150741577,9.109210014343262,0.0,0.9417163133621216,3.9496588706970215,-0.0,1.3570748567581177,0.7845526337623596,2.0350933632207322e-16,0.7845526337623596,0.049884457141160965,1.1174242496490479
951,2.448596477508545,-9.669624328613281,0.3340030610561371,0.3342413902282715,0.0137071767821908,1.7670577764511108,1.766231894493103,4.401879349136869e-16,0.01093730516731739,0.6848261952400208,0.10036498308181763,0.014899165369570255,4.401879349136869e-16,0.6848261952400208,0.10036498308181763,0.014899165369570255,0.0001,0.25,1.0,0.25,0.0,0.0,0.0,0.0,0.0,1.9593068361282349,False,True,25.0,1.0,1.0,1.0,,,,,,,,,,,,,,
952,2.4512126445770264,-9.599241256713867,0.3359736502170563,0.33636561036109924,0.013241595588624477,1.7658759355545044,1.7653876543045044,1.0187828533537394e-15,0.0116681307554245,0.6848304867744446,0.1002160981297493,0.014780658297240734,1.0187828533537394e-15,0.6848304867744446,0.1002160981297493,0.014780658297240734,0.0001,0.25,1.0,0.25,0.0,0.0,0.0,0.0,0.0,1.9510278701782227,False,True,25.0,1.0,1.0,1.0,,,,,,,,,,,,,,
953,2.454273223876953,-9.607900619506836,0.3346800208091736,0.3354446291923523,0.01314853597432375,1.771662712097168,1.7703375816345215,2.0494290384084858e-15,0.010425965301692486,0.6851222515106201,0.0996081754565239,0.013957802206277847,2.0494290384084858e-15,0.6851222515106201,0.0996081754565239,0.013957802206277847,0.0001,0.25,1.0,0.25,0.0,0.0,0.0,0.0,0.0,1.9427118301391602,False,True,25.0,1.0,1.0,1.0,,,,,,,,,,,,,,
954,2.4880242347717285,-9.703685760498047,0.35228800773620605,0.3527407944202423,0.012826540507376194,1.770443320274353,1.7698941230773926,2.6606338253453224e-15,0.011037628166377544,0.6852919459342957,0.09979627281427383,0.015290523879230022,2.6606338253453224e-15,0.6852919459342957,0.09979627281427383,0.015290523879230022,0.0001,0.25,1.0,0.25,0.0,0.0,0.0,0.0,0.0,1.9482421875,False,True,25.0,1.0,1.0,1.0,,,,,,,,,,,,,,
955,2.4511630535125732,-9.751526832580566,0.33617255091667175,0.33702513575553894,0.013077796436846256,1.7656303644180298,1.764144778251648,5.893844505919574e-17,0.011057652533054352,0.6847328543663025,0.09959060698747635,0.014707772992551327,5.893844505919574e-17,0.6847328543663025,0.09959060698747635,0.014707772992551327,0.0001,0.25,1.0,0.25,0.0,0.0,0.0,0.0,0.0,1.9777535200119019,False,True,25.0,1.0,1.0,1.0,,,,,,,,,,,,,,
956,2.456627368927002,-9.670080184936523,0.3390069007873535,0.34007027745246887,0.013819056563079357,1.7645747661590576,1.762887716293335,6.876357990807035e-16,0.01303313672542572,0.6852777600288391,0.09988436102867126,0.014990315772593021,6.876357990807035e-16,0.6852777600288391,0.09988436102867126,0.014990315772593021,0.0001,0.25,1.0,0.25,0.0,0.0,0.0,0.0,0.0,1.9561424255371094,False,True,25.0,1.0,1.0,1.0,,,,,,,,,,,,,,
957,2.4506208896636963,-9.648557662963867,0.33391204476356506,0.33416664600372314,0.013309740461409092,1.7697572708129883,1.7687077522277832,9.583018421835854e-16,0.009976612403988838,0.6853163242340088,0.10002687573432922,0.014045288786292076,9.583018421835854e-16,0.6853163242340088,0.10002687573432922,0.014045288786292076,0.0001,0.25,1.0,0.25,0.0,0.0,0.0,0.0,0.0,1.961305856704712,False,True,25.0,1.0,1.0,1.0,,,,,,,,,,,,,,
958,2.461068630218506,-9.68924331665039,0.3393274247646332,0.33874648809432983,0.013505687937140465,1.7690190076828003,1.7699590921401978,8.343089241997646e-16,0.010459870100021362,0.6855264902114868,0.10015212744474411,0.01495786476880312,8.343089241997646e-16,0.6855264902114868,0.10015212744474411,0.01495786476880312,0.0001,0.25,1.0,0.25,0.0,0.0,0.0,0.0,0.0,1.9533472061157227,False,True,25.0,1.0,1.0,1.0,,,,,,,,,,,,,,
959,2.457740545272827,-9.723553657531738,0.34090861678123474,0.34081488847732544,0.012936269864439964,1.7629244327545166,1.7632373571395874,7.829715066402787e-15,0.009866089560091496,0.6851399540901184,0.09965736418962479,0.014805723913013935,7.829715066402787e-15,0.6851399540901184,0.09965736418962479,0.014805723913013935,0.0001,0.25,1.0,0.25,0.0,0.0,0.0,0.0,0.0,1.9660661220550537,False,True,25.0,1.0,1.0,1.0,,,,,,,,,,,,,,
960,2.4575483798980713,-9.68668270111084,0.3441567122936249,0.3432752192020416,0.013511016964912415,1.755771517753601,1.757439136505127,2.5016578113651886e-16,0.009461057372391224,0.6849209666252136,0.10034088045358658,0.01448612567037344,2.0960365195611933e-16,0.683843731880188,0.09990434348583221,0.01113890390843153,0.0001,0.25,1.0,0.25,0.0,0.0,0.0,0.0,0.0,1.9494127035140991,False,True,25.0,1.0,1.0,1.0,0.7845547795295715,0.7845547795295715,0.21544522047042847,9.133387565612793,0.0,0.9415721893310547,3.9499192237854004,-0.0,1.3639640808105469,0.7843469381332397,2.0960365195611933e-16,0.7843469381332397,0.048957739025354385,1.1233069896697998
961,2.4461898803710938,-9.645925521850586,0.33757370710372925,0.33713945746421814,0.013180151581764221,1.7576795816421509,1.7589137554168701,2.423098046606194e-15,0.010303144343197346,0.6853124499320984,0.10005837678909302,0.014225861057639122,2.423098046606194e-15,0.6853124499320984,0.10005837678909302,0.014225861057639122,0.0001,0.25,1.0,0.25,0.0,0.0,0.0,0.0,0.0,1.9811526536941528,False,True,25.0,1.0,1.0,1.0,,,,,,,,,,,,,,
962,2.455671548843384,-9.734140396118164,0.34107980132102966,0.3406327962875366,0.013422379270195961,1.7601672410964966,1.7609058618545532,2.3464599349067234e-16,0.00964160356670618,0.6849332451820374,0.0999201238155365,0.013990474864840508,2.3464599349067234e-16,0.6849332451820374,0.0999201238155365,0.013990474864840508,0.0001,0.25,1.0,0.25,0.0,0.0,0.0,0.0,0.0,1.975219964981079,False,True,25.0,1.0,1.0,1.0,,,,,,,,,,,,,,
963,2.4525997638702393,-9.786555290222168,0.3387197256088257,0.33901622891426086,0.01317210029810667,1.7619328498840332,1.7614506483078003,5.416555998520557e-16,0.011167723685503006,0.6851150989532471,0.10038799792528152,0.01476685144007206,5.416555998520557e-16,0.6851150989532471,0.10038799792528152,0.01476685144007206,0.0001,0.25,1.0,0.25,0.0,0.0,0.0,0.0,0.0,1.9584463834762573,False,True,25.0,1.0,1.0,1.0,,,,,,,,,,,,,,
964,2.4513533115386963,-9.726156234741211,0.3391312062740326,0.3397732675075531,0.013007265515625477,1.7598541975021362,1.7590290307998657,1.554430263222463e-16,0.010896554216742516,0.6849014759063721,0.09957998245954514,0.014481328427791595,1.554430263222463e-16,0.6849014759063721,0.09957998245954514,0.014481328427791595,0.0001,0.25,1.0,0.25,0.0,0.0,0.0,0.0,0.0,1.959273099899292,False,True,25.0,1.0,1.0,1.0,,,,,,,,,,,,,,
965,2.44228196144104,-9.631279945373535,0.33244583010673523,0.33248981833457947,0.013298723846673965,1.7642148733139038,1.7638801336288452,3.5118205692333986e-16,0.011725875549018383,0.6845917701721191,0.10004370659589767,0.015986448153853416,3.5118205692333986e-16,0.6845917701721191,0.10004370659589767,0.015986448153853416,0.0001,0.25,1.0,0.25,0.0,0.0,0.0,0.0,0.0,1.951533555984497,False,True,25.0,1.0,1.0,1.0,,,,,,,,,,,,,,
966,2.458035469055176,-9.721895217895508,0.3375248312950134,0.3371218740940094,0.013622981496155262,1.7693138122558594,1.7702175378799438,6.166485882795012e-17,0.01193830743432045,0.6849514842033386,0.09966627508401871,0.01486522238701582,6.166485882795012e-17,0.6849514842033386,0.09966627508401871,0.01486522238701582,0.0001,0.25,1.0,0.25,0.0,0.0,0.0,0.0,0.0,1.9975329637527466,False,True,25.0,1.0,1.0,1.0,,,,,,,,,,,,,,
967,2.4495139122009277,-9.83598518371582,0.3315778374671936,0.33157244324684143,0.0132187120616436,1.7729084491729736,1.7733814716339111,1.8514750563549916e-16,0.01035253331065178,0.685356855392456,0.09895098209381104,0.014901314862072468,1.8514750563549916e-16,0.685356855392456,0.09895098209381104,0.014901314862072468,0.0001,0.25,1.0,0.25,0.0,0.0,0.0,0.0,0.0,1.9698277711868286,False,True,25.0,1.0,1.0,1.0,,,,,,,,,,,,,,
968,2.467761754989624,-9.781700134277344,0.3430287837982178,0.34307846426963806,0.013768723234534264,1.7677141427993774,1.7680574655532837,1.5301782541046944e-16,0.012668650597333908,0.6850626468658447,0.09988074749708176,0.01488642580807209,1.5301782541046944e-16,0.6850626468658447,0.09988074749708176,0.01488642580807209,0.0001,0.25,1.0,0.25,0.0,0.0,0.0,0.0,0.0,1.9516880512237549,False,True,25.0,1.0,1.0,1.0,,,,,,,,,,,,,,
969,2.448587417602539,-9.707718849182129,0.3374747335910797,0.33706116676330566,0.01318338606506586,1.7602440118789673,1.7614922523498535,1.5763030362007333e-16,0.012122662737965584,0.6856898665428162,0.10000546276569366,0.014337010681629181,1.5763030362007333e-16,0.6856898665428162,0.10000546276569366,0.014337010681629181,0.0001,0.25,1.0,0.25,0.0,0.0,0.0,0.0,0.0,1.9640079736709595,False,True,25.0,1.0,1.0,1.0,,,,,,,,,,,,,,
970,2.4696834087371826,-9.735708236694336,0.3448225259780884,0.3441116213798523,0.013318480923771858,1.7663164138793945,1.7685450315475464,4.775392291514046e-16,0.0111077344045043,0.6853054761886597,0.09972164034843445,0.015505816787481308,1.6731878747005908e-16,0.683891236782074,0.09968291968107224,0.01103054080158472,0.0001,0.25,1.0,0.25,0.0,0.0,0.0,0.0,0.0,1.9779530763626099,False,True,25.0,1.0,1.0,1.0,0.7849450707435608,0.7849450707435608,0.2150549292564392,9.151690483093262,0.0,0.9424850940704346,3.9495387077331543,-0.0,1.3603386878967285,0.7846021056175232,1.6731878747005908e-16,0.7846021056175232,0.0491987019777298,1.1251730918884277
971,2.4533376693725586,-9.848173141479492,0.33865708112716675,0.3381183445453644,0.013434364460408688,1.7623170614242554,1.7639387845993042,1.609373611211485e-15,0.011899621225893497,0.6852490901947021,0.10024351626634598,0.01439790427684784,1.609373611211485e-15,0.6852490901947021,0.10024351626634598,0.01439790427684784,0.0001,0.25,1.0,0.25,0.0,0.0,0.0,0.0,0.0,1.967271327972412,False,True,25.0,1.0,1.0,1.0,,,,,,,,,,,,,,
972,2.4737703800201416,-9.825511932373047,0.3525468707084656,0.3522138297557831,0.013417930342257023,1.7555336952209473,1.7556498050689697,7.315994295513823e-17,0.0101601118221879,0.6843886971473694,0.10017591714859009,0.014836282469332218,7.315994295513823e-17,0.6843886971473694,0.10017591714859009,0.014836282469332218,0.0001,0.25,1.0,0.25,0.0,0.0,0.0,0.0,0.0,1.9588772058486938,False,True,25.0,1.0,1.0,1.0,,,,,,,,,,,,,,
973,2.466219425201416,-9.71733283996582,0.34472957253456116,0.3445139229297638,0.013380242511630058,1.7635031938552856,1.7636882066726685,2.6001500083785306e-16,0.009898439981043339,0.6855711340904236,0.10042314976453781,0.014461077749729156,2.6001500083785306e-16,0.6855711340904236,0.10042314976453781,0.014461077749729156,0.0001,0.25,1.0,0.25,0.0,0.0,0.0,0.0,0.0,1.9592937231063843,False,True,25.0,1.0,1.0,1.0,,,,,,,,,,,,,,
974,2.4609034061431885,-9.722103118896484,0.3398496210575104,0.34012624621391296,0.013256402686238289,1.7681430578231812,1.7671992778778076,1.6581433595644438e-16,0.010957112535834312,0.6852642893791199,0.09976053982973099,0.01411439012736082,1.6581433595644438e-16,0.6852642893791199,0.09976053982973099,0.01411439012736082,0.0001,0.25,1.0,0.25,0.0,0.0,0.0,0.0,0.0,1.9543800354003906,False,True,25.0,1.0,1.0,1.0,,,,,,,,,,,,,,
975,2.4691338539123535,-9.797623634338379,0.3418802320957184,0.3424627184867859,0.013181524351239204,1.7718000411987305,1.771418809890747,5.552891774732649e-16,0.011079016141593456,0.6849757432937622,0.09979581087827682,0.014588700607419014,5.552891774732649e-16,0.6849757432937622,0.09979581087827682,0.014588700607419014,0.0001,0.25,1.0,0.25,0.0,0.0,0.0,0.0,0.0,1.971823811531067,False,True,25.0,1.0,1.0,1.0,,,,,,,,,,,,,,
976,2.4708447456359863,-9.821477890014648,0.34502506256103516,0.34521615505218506,0.013547460548579693,1.7673625946044922,1.7667495012283325,1.330738390973259e-16,0.010019814595580101,0.6846042275428772,0.09973336011171341,0.014548351988196373,1.330738390973259e-16,0.6846042275428772,0.09973336011171341,0.014548351988196373,0.0001,0.25,1.0,0.25,0.0,0.0,0.0,0.0,0.0,1.9746038913726807,False,True,25.0,1.0,1.0,1.0,,,,,,,,,,,,,,
977,2.4645628929138184,-9.772850036621094,0.3425954282283783,0.3427877724170685,0.013221091590821743,1.7661584615707397,1.7657586336135864,5.87584770276838e-17,0.009432846680283546,0.6851884126663208,0.10041363537311554,0.014948940835893154,5.87584770276838e-17,0.6851884126663208,0.10041363537311554,0.014948940835893154,0.0001,0.25,1.0,0.25,0.0,0.0,0.0,0.0,0.0,1.9658870697021484,False,True,25.0,1.0,1.0,1.0,,,,,,,,,,,,,,
978,2.4532759189605713,-9.822609901428223,0.33788183331489563,0.3377738893032074,0.012952418997883797,1.7644389867782593,1.7648966312408447,7.578626125232879e-16,0.009826788678765297,0.6850611567497253,0.10048472881317139,0.01442602090537548,7.578626125232879e-16,0.6850611567497253,0.10048472881317139,0.01442602090537548,0.0001,0.25,1.0,0.25,0.0,0.0,0.0,0.0,0.0,1.9723694324493408,False,True,25.0,1.0,1.0,1.0,,,,,,,,,,,,,,
979,2.4520883560180664,-9.851728439331055,0.339704304933548,0.3395580053329468,0.013159756548702717,1.7595385313034058,1.7597943544387817,1.7886972624087984e-15,0.009495990350842476,0.6858334541320801,0.09956244379281998,0.01404790859669447,1.7886972624087984e-15,0.6858334541320801,0.09956244379281998,0.01404790859669447,0.0001,0.25,1.0,0.25,0.0,0.0,0.0,0.0,0.0,1.9697844982147217,False,True,25.0,1.0,1.0,1.0,,,,,,,,,,,,,,
980,2.4592695236206055,-9.850502967834473,0.34612756967544556,0.34579363465309143,0.01331361010670662,1.7537691593170166,1.7543003559112549,2.6874070743527078e-17,0.009697946719825268,0.6854397058486938,0.09957597404718399,0.014206540770828724,1.3101151373702588e-16,0.6841145157814026,0.0991915911436081,0.01046601589769125,0.0001,0.25,1.0,0.25,0.0,0.0,0.0,0.0,0.0,1.9426746368408203,False,True,25.0,1.0,1.0,1.0,0.7846873998641968,0.7846873998641968,0.21531260013580322,9.124825477600098,0.0,0.9435421824455261,3.948976993560791,-0.0,1.3535712957382202,0.7845536470413208,1.3101151373702588e-16,0.7845537066459656,0.049497704952955246,1.1226744651794434
981,2.4469501972198486,-9.80668830871582,0.33617374300956726,0.33624693751335144,0.013331175781786442,1.761395812034607,1.761000633239746,1.26909538294837e-15,0.009592387825250626,0.6857072710990906,0.09856090694665909,0.015006914734840393,1.26909538294837e-15,0.6857072710990906,0.09856090694665909,0.015006914734840393,0.0001,0.25,1.0,0.25,0.0,0.0,0.0,0.0,0.0,1.958620309829712,False,True,25.0,1.0,1.0,1.0,,,,,,,,,,,,,,
982,2.4523110389709473,-9.846293449401855,0.3357313573360443,0.33544912934303284,0.01322445459663868,1.7677117586135864,1.7681001424789429,6.695814506286557e-16,0.00966733694076538,0.6854634284973145,0.0993863046169281,0.014144721440970898,6.695814506286557e-16,0.6854634284973145,0.0993863046169281,0.014144721440970898,0.0001,0.25,1.0,0.25,0.0,0.0,0.0,0.0,0.0,1.962186574935913,False,True,25.0,1.0,1.0,1.0,,,,,,,,,,,,,,
983,2.456073760986328,-9.859777450561523,0.3386683762073517,0.3386644423007965,0.013306104578077793,1.7653640508651733,1.765505313873291,3.321047838385845e-16,0.011398911476135254,0.6850674152374268,0.09943754225969315,0.014661535620689392,3.321047838385845e-16,0.6850674152374268,0.09943754225969315,0.014661535620689392,0.0001,0.25,1.0,0.25,0.0,0.0,0.0,0.0,0.0,1.9515833854675293,False,True,25.0,1.0,1.0,1.0,,,,,,,,,,,,,,
984,2.4655990600585938,-9.849053382873535,0.34108030796051025,0.34086328744888306,0.013572306372225285,1.7701369524002075,1.7700291872024536,1.7048749878276312e-15,0.012086755596101284,0.6854520440101624,0.09906459599733353,0.01487378403544426,1.7048749878276312e-15,0.6854520440101624,0.09906459599733353,0.01487378403544426,0.0001,0.25,1.0,0.25,0.0,0.0,0.0,0.0,0.0,1.9611842632293701,False,True,25.0,1.0,1.0,1.0,,,,,,,,,,,,,,
985,2.460679531097412,-9.848832130432129,0.33805179595947266,0.33825206756591797,0.013326291926205158,1.7713810205459595,1.7707180976867676,4.0798750096778186e-16,0.013240976259112358,0.685330331325531,0.09939947724342346,0.01490757241845131,4.0798750096778186e-16,0.685330331325531,0.09939947724342346,0.01490757241845131,0.0001,0.25,1.0,0.25,0.0,0.0,0.0,0.0,0.0,1.9789963960647583,False,True,25.0,1.0,1.0,1.0,,,,,,,,,,,,,,
986,2.4530515670776367,-9.83915901184082,0.33431893587112427,0.3341117799282074,0.013431205414235592,1.7712292671203613,1.77114999294281,7.909784773269381e-16,0.013235456310212612,0.6850669980049133,0.0989595502614975,0.014230232685804367,7.909784773269381e-16,0.6850669980049133,0.0989595502614975,0.014230232685804367,0.0001,0.25,1.0,0.25,0.0,0.0,0.0,0.0,0.0,1.9331260919570923,False,True,25.0,1.0,1.0,1.0,,,,,,,,,,,,,,
987,2.4596948623657227,-9.89321517944336,0.34078484773635864,0.34036803245544434,0.012939920648932457,1.7653437852859497,1.7658604383468628,2.4739336289081673e-16,0.009586378000676632,0.6859281063079834,0.09895066916942596,0.014726264402270317,2.4739336289081673e-16,0.6859281063079834,0.09895066916942596,0.014726264402270317,0.0001,0.25,1.0,0.25,0.0,0.0,0.0,0.0,0.0,1.984508991241455,False,True,25.0,1.0,1.0,1.0,,,,,,,,,,,,,,
988,2.4463913440704346,-9.894306182861328,0.3358789384365082,0.3352660834789276,0.013198817148804665,1.761293888092041,1.762801170349121,2.3246840413217954e-15,0.011156553402543068,0.6854260563850403,0.09854501485824585,0.014653506688773632,2.3246840413217954e-15,0.6854260563850403,0.09854501485824585,0.014653506688773632,0.0001,0.25,1.0,0.25,0.0,0.0,0.0,0.0,0.0,1.9827080965042114,False,True,25.0,1.0,1.0,1.0,,,,,,,,,,,,,,
989,2.4391462802886963,-9.880863189697266,0.3358745574951172,0.33538711071014404,0.012871923856437206,1.754420518875122,1.7556051015853882,1.598557635749758e-16,0.00985678005963564,0.6848728656768799,0.09891778230667114,0.014694747515022755,1.598557635749758e-16,0.6848728656768799,0.09891778230667114,0.014694747515022755,0.0001,0.25,1.0,0.25,0.0,0.0,0.0,0.0,0.0,1.9510736465454102,False,True,25.0,1.0,1.0,1.0,,,,,,,,,,,,,,
990,2.4491524696350098,-9.884218215942383,0.3392791748046875,0.3390405476093292,0.012933696620166302,1.757588267326355,1.7582097053527832,2.72621445131398e-16,0.010434862226247787,0.6854429244995117,0.09853861480951309,0.013716760091483593,9.302228754665836e-17,0.6840977072715759,0.0986291840672493,0.010456259362399578,0.0001,0.25,1.0,0.25,0.0,0.0,0.0,0.0,0.0,1.954290747642517,False,True,25.0,1.0,1.0,1.0,0.7855566143989563,0.7855566143989563,0.2144433856010437,9.136877059936523,0.0,0.9411396980285645,3.9497885704040527,-0.0,1.331803321838379,0.7846275568008423,9.302228754665836e-17,0.7846275568008423,0.04907206445932388,1.1220179796218872
991,2.4588842391967773,-9.888008117675781,0.3442838490009308,0.34391623735427856,0.012728643603622913,1.7574992179870605,1.7584118843078613,5.153441095323769e-16,0.01063544861972332,0.6849061250686646,0.09854760020971298,0.015011169016361237,5.153441095323769e-16,0.6849061250686646,0.09854760020971298,0.015011169016361237,0.0001,0.25,1.0,0.25,0.0,0.0,0.0,0.0,0.0,1.9670653343200684,False,True,25.0,1.0,1.0,1.0,,,,,,,,,,,,,,
992,2.4517955780029297,-9.916412353515625,0.33768442273139954,0.3371044397354126,0.013512643985450268,1.7630456686019897,1.7639422416687012,5.780305827389443e-16,0.01103919092565775,0.6851819157600403,0.09878650307655334,0.014979034662246704,5.780305827389443e-16,0.6851819157600403,0.09878650307655334,0.014979034662246704,0.0001,0.25,1.0,0.25,0.0,0.0,0.0,0.0,0.0,1.9613581895828247,False,True,25.0,1.0,1.0,1.0,,,,,,,,,,,,,,
993,2.4483766555786133,-9.90424919128418,0.3384005129337311,0.33824050426483154,0.013000324368476868,1.7584487199783325,1.7590221166610718,2.1058899253318525e-15,0.01077225897461176,0.6850614547729492,0.09858976304531097,0.014360177330672741,2.1058899253318525e-15,0.6850614547729492,0.09858976304531097,0.014360177330672741,0.0001,0.25,1.0,0.25,0.0,0.0,0.0,0.0,0.0,1.9718927145004272,False,True,25.0,1.0,1.0,1.0,,,,,,,,,,,,,,
994,2.4485645294189453,-9.8703031539917,0.33397141098976135,0.3339388966560364,0.013112988322973251,1.7675734758377075,1.767508864402771,6.04232223473276e-16,0.010319930501282215,0.6854036450386047,0.09889359772205353,0.01382199302315712,6.04232223473276e-16,0.6854036450386047,0.09889359772205353,0.01382199302315712,0.0001,0.25,1.0,0.25,0.0,0.0,0.0,0.0,0.0,1.9661155939102173,False,True,25.0,1.0,1.0,1.0,,,,,,,,,,,,,,
995,2.4572014808654785,-9.91954517364502,0.3352004587650299,0.3356451988220215,0.01345084048807621,1.773331880569458,1.7724782228469849,8.821001112706284e-17,0.009700139053165913,0.6853110790252686,0.09844186156988144,0.014986724592745304,8.821001112706284e-17,0.6853110790252686,0.09844186156988144,0.014986724592745304,0.0001,0.25,1.0,0.25,0.0,0.0,0.0,0.0,0.0,1.9811890125274658,False,True,25.0,1.0,1.0,1.0,,,,,,,,,,,,,,
996,2.4601428508758545,-9.929913520812988,0.3391721546649933,0.33973050117492676,0.013385329395532608,1.7683991193771362,1.7673108577728271,1.6895299271969355e-15,0.009694954380393028,0.6854285597801208,0.0986950621008873,0.014149765484035015,1.6895299271969355e-15,0.6854285597801208,0.0986950621008873,0.014149765484035015,0.0001,0.25,1.0,0.25,0.0,0.0,0.0,0.0,0.0,1.9948556423187256,False,True,25.0,1.0,1.0,1.0,,,,,,,,,,,,,,
997,2.4454240798950195,-9.918384552001953,0.33221155405044556,0.3327292501926422,0.013065919280052185,1.767795443534851,1.767039179801941,9.892707563986317e-17,0.010234849527478218,0.6852012276649475,0.09889710694551468,0.01407110970467329,9.892707563986317e-17,0.6852012276649475,0.09889710694551468,0.01407110970467329,0.0001,0.25,1.0,0.25,0.0,0.0,0.0,0.0,0.0,1.9595155715942383,False,True,25.0,1.0,1.0,1.0,,,,,,,,,,,,,,
998,2.4487390518188477,-9.910855293273926,0.33724766969680786,0.33761709928512573,0.012765408493578434,1.7614479064941406,1.7607699632644653,5.403057999110467e-16,0.010542242787778378,0.6859486699104309,0.09894505888223648,0.014663377776741982,5.403057999110467e-16,0.6859486699104309,0.09894505888223648,0.014663377776741982,0.0001,0.25,1.0,0.25,0.0,0.0,0.0,0.0,0.0,1.967073917388916,False,True,25.0,1.0,1.0,1.0,,,,,,,,,,,,,,
999,2.4566152095794678,-9.954394340515137,0.340543657541275,0.3405561149120331,0.012954729609191418,1.7623978853225708,1.7627235651016235,1.4517750845618235e-15,0.011355874128639698,0.6858799457550049,0.0992107167840004,0.014496054500341415,1.4517750845618235e-15,0.6858799457550049,0.0992107167840004,0.014496054500341415,0.0001,0.25,1.0,0.25,0.0,0.0,0.0,0.0,0.0,1.9605464935302734,False,True,25.0,1.0,1.0,1.0,,,,,,,,,,,,,,
1000,2.4461510181427,-9.98572063446045,0.3341081738471985,0.3341517150402069,0.013489529490470886,1.7645244598388672,1.764278769493103,2.6160271115792204e-16,0.009587510488927364,0.6852794289588928,0.09987116605043411,0.014664750546216965,1.4394407012937655e-16,0.6842421889305115,0.09913337975740433,0.010399427264928818,0.0001,0.25,1.0,0.25,0.0,0.0,0.0,0.0,0.0,1.957634687423706,False,True,25.0,1.0,1.0,1.0,0.7850301265716553,0.7850301265716553,0.21496987342834473,9.196554183959961,0.0,0.9413319230079651,3.9498188495635986,-0.0,1.3488820791244507,0.7845020294189453,1.4394407012937655e-16,0.7845020294189453,0.049005161970853806,1.1243329048156738
