epoch,critic_loss,actor_loss,q1_loss,q2_loss,cost_loss,cql_q1,cql_q2,expected_immediate_cost,expected_cost_to_go,cost_budget,lagrange,expert_kl,smoothness,avg_return,survival_rate,mortality_rate,avg_length,inadmissibility_rate,expert_argmax_match,mean_kl_to_expert,policy_entropy,mean_action_deviation_from_expert,soft_survival_rate,soft_inadmissibility_rate,soft_avg_return,soft_policy_entropy,soft_mean_kl_to_expert,trajectory_mean_action_jump,trajectory_normalised_action_jump
1,4.169163703918457,0.10088621079921722,0.031915538012981415,0.029409261420369148,0.8571880459785461,3.3405797481536865,3.160722255706787,0.8699798583984375,0.05517006665468216,0.0,0.0001739959716796875,2.3148772716522217,0.3555368185043335,,,,,,,,,,,,,,,,
2,4.10678243637085,0.10424096137285233,0.03021465428173542,0.029689596965909004,0.8370213508605957,3.2951109409332275,3.1246025562286377,0.8698548078536987,0.06905390322208405,0.0,0.00034796693325042725,2.310321807861328,0.35523051023483276,,,,,,,,,,,,,,,,
3,4.041979789733887,0.10852190107107162,0.030058294534683228,0.03141465783119202,0.8131712079048157,3.250214099884033,3.0844569206237793,0.8695456981658936,0.08574652671813965,0.0,0.0005218760728836059,2.305081605911255,0.35502833127975464,,,,,,,,,,,,,,,,
4,3.9806454181671143,0.1144903227686882,0.03074381873011589,0.03483815863728523,0.7879605293273926,3.208444118499756,3.0457613468170166,0.868611752986908,0.10501904040575027,0.0,0.0006955984234809875,2.294215202331543,0.3547273576259613,,,,,,,,,,,,,,,,
5,3.9160664081573486,0.1206955835223198,0.03299052640795708,0.039535317569971085,0.7593397498130798,3.1621031761169434,3.006298542022705,0.8676518797874451,0.12660357356071472,0.0,0.0008691287994384766,2.2820372581481934,0.3544219732284546,,,,,,,,,,,,,,,,
6,3.8509702682495117,0.12767645716667175,0.03655127063393593,0.046037912368774414,0.728600800037384,3.1155500411987305,2.964010238647461,0.866350531578064,0.1517513394355774,0.0,0.0010423989057540895,2.2672412395477295,0.35422277450561523,,,,,,,,,,,,,,,,
7,3.7811427116394043,0.13442453742027283,0.04193119704723358,0.05538243055343628,0.6932209730148315,3.0649216175079346,2.916295051574707,0.8647348284721375,0.18070606887340546,0.0,0.001215345871448517,2.251251459121704,0.35417747497558594,,,,,,,,,,,,,,,,
8,3.7137014865875244,0.13974837958812714,0.04896150529384613,0.06594279408454895,0.6556421518325806,3.0161378383636475,2.8701722621917725,0.8629087209701538,0.21434429287910461,0.0,0.0013879276156425477,2.2315709590911865,0.3540214002132416,,,,,,,,,,,,,,,,
9,3.6384754180908203,0.14260661602020264,0.05790167301893234,0.07902456820011139,0.6138330101966858,2.958146810531616,2.8172855377197266,0.8608858585357666,0.2525193989276886,0.0,0.0015601047873497012,2.2123055458068848,0.3538275957107544,,,,,,,,,,,,,,,,
10,3.5657970905303955,0.1427643746137619,0.07020923495292664,0.09555837512016296,0.5673019886016846,2.900435447692871,2.765019655227661,0.8587684035301208,0.29624006152153015,0.0,0.0017318584680557254,2.1914546489715576,0.3538075387477875,,,,,,,,,,,,,,,,
11,3.4923715591430664,0.13954700529575348,0.0831073597073555,0.1124807670712471,0.5200800895690918,2.842081069946289,2.7113254070281982,0.8561230897903442,0.3451380133628845,0.0,0.0019030830860137943,2.1682441234588623,0.35370108485221863,,,,,,,,,,,,,,,,
12,3.4192473888397217,0.13180263340473175,0.09885045140981674,0.13026387989521027,0.46970561146736145,2.7817561626434326,2.6590986251831055,0.8534530401229858,0.39962559938430786,0.0,0.0020737736940383915,2.144277811050415,0.35359105467796326,,,,,,,,,,,,,,,,
13,3.3484458923339844,0.11958504468202591,0.11566687375307083,0.1489575058221817,0.4185154139995575,2.722210168838501,2.6084020137786865,0.8503731489181519,0.45826584100723267,0.0,0.002243848323822022,2.119300127029419,0.35356855392456055,,,,,,,,,,,,,,,,
14,3.2806320190429688,0.1031036302447319,0.1346844881772995,0.16830343008041382,0.3674888610839844,2.6641697883605957,2.556140899658203,0.8470736742019653,0.521626889705658,0.0,0.002413263058662415,2.0914223194122314,0.3534194231033325,,,,,,,,,,,,,,,,
15,3.2147576808929443,0.08260446041822433,0.1536397486925125,0.1872321367263794,0.3174605071544647,2.6038386821746826,2.50901198387146,0.8436765074729919,0.5884408354759216,0.0,0.0025819983601570134,2.0649185180664062,0.3534253239631653,,,,,,,,,,,,,,,,
16,3.1600029468536377,0.05770362913608551,0.171570286154747,0.20280969142913818,0.27425825595855713,2.555905342102051,2.4668240547180176,0.839941680431366,0.6544298529624939,0.0,0.002749986696243287,2.0373482704162598,0.3533598780632019,,,,,,,,,,,,,,,,
17,3.10741925239563,0.028858179226517677,0.18829475343227386,0.21498191356658936,0.23462539911270142,2.5068259239196777,2.432208299636841,0.8356450796127319,0.720380961894989,0.0,0.0029171157121658333,2.0068118572235107,0.3534054458141327,,,,,,,,,,,,,,,,
18,3.060076951980591,-0.0032432074658572674,0.20053896307945251,0.22124141454696655,0.20287536084651947,2.466019630432129,2.404822826385498,0.8308138251304626,0.780802845954895,0.0,0.003083278477191926,1.9729362726211548,0.3532037138938904,,,,,,,,,,,,,,,,
19,3.0217175483703613,-0.0358184278011322,0.21025077998638153,0.223496213555336,0.17773853242397308,2.4331247806549072,2.3873393535614014,0.8262081742286682,0.8341015577316284,0.0,0.0032485201120376595,1.9426393508911133,0.3531283140182495,,,,,,,,,,,,,,,,
20,2.9879813194274902,-0.06764498353004456,0.21700862050056458,0.22053323686122894,0.16052596271038055,2.4046576023101807,2.375169515609741,0.8209328055381775,0.878142774105072,0.0,0.003412706673145295,1.9094176292419434,0.3530387878417969,,,,,,,,,,,,,,,,
21,2.961625576019287,-0.10080695897340775,0.22077852487564087,0.21519316732883453,0.14853818714618683,2.3828155994415283,2.371415853500366,0.8149398565292358,0.9130717515945435,0.0,0.003575694644451142,1.873196005821228,0.3529890477657318,,,,,,,,,,,,,,,,
22,2.939241409301758,-0.13021163642406464,0.22178998589515686,0.20738963782787323,0.1402759850025177,2.3675973415374756,2.371974468231201,0.80831378698349,0.9344972372055054,0.0,0.00373735740184784,1.8361858129501343,0.3526436388492584,,,,,,,,,,,,,,,,
23,2.9152185916900635,-0.15585868060588837,0.2163592278957367,0.1961042433977127,0.1312803030014038,2.362337589263916,2.3806121349334717,0.8012638688087463,0.9414249658584595,0.0,0.003897610175609589,1.796653151512146,0.3524813950061798,,,,,,,,,,,,,,,,
24,2.8974545001983643,-0.17916841804981232,0.2102709859609604,0.18644578754901886,0.1267981380224228,2.360961437225342,2.3869175910949707,0.7937570810317993,0.9385195970535278,0.0,0.004056361591815949,1.758246660232544,0.35195615887641907,,,,,,,,,,,,,,,,
25,2.8758292198181152,-0.19815479218959808,0.20212680101394653,0.1769164651632309,0.11927325278520584,2.3619320392608643,2.3930933475494385,0.7856849431991577,0.9304972290992737,0.0,0.004213498580455781,1.7189821004867554,0.35144948959350586,,,,,,,,,,,,,,,,
26,2.8584647178649902,-0.21388161182403564,0.19511538743972778,0.1691630780696869,0.11512501537799835,2.363544464111328,2.394578218460083,0.7762253284454346,0.9130271673202515,0.0,0.004368743646144868,1.67472243309021,0.35086068511009216,,,,,,,,,,,,,,,,
27,2.8359627723693848,-0.22517237067222595,0.18569548428058624,0.16236399114131927,0.10900024324655533,2.364809036254883,2.3929972648620605,0.767608106136322,0.8924534916877747,0.0,0.004522265267372132,1.6379646062850952,0.35002845525741577,,,,,,,,,,,,,,,,
28,2.817448377609253,-0.2358691394329071,0.17652039229869843,0.1555931717157364,0.10260601341724396,2.3722589015960693,2.3931987285614014,0.7577028274536133,0.8649278879165649,0.0,0.004673805832862855,1.5971039533615112,0.3489507734775543,,,,,,,,,,,,,,,,
29,2.795546770095825,-0.247236430644989,0.1691184788942337,0.15156377851963043,0.0971660315990448,2.370805025100708,2.384591817855835,0.7466502785682678,0.8361511826515198,0.0,0.0048231358885765085,1.5555932521820068,0.3478589951992035,,,,,,,,,,,,,,,,
30,2.7806777954101562,-0.26184603571891785,0.16134704649448395,0.14881816506385803,0.09468859434127808,2.3731114864349365,2.3785362243652344,0.7350830435752869,0.8092395663261414,0.0,0.004970152497291566,1.5165656805038452,0.34639808535575867,,,,,,,,,,,,,,,,
31,2.765300750732422,-0.27556875348091125,0.15747657418251038,0.1501142978668213,0.09360518306493759,2.36671781539917,2.3614919185638428,0.7243815660476685,0.7864010334014893,0.0,0.005115028810501099,1.4799350500106812,0.3449964225292206,,,,,,,,,,,,,,,,
32,2.7485971450805664,-0.29707396030426025,0.15495450794696808,0.15127457678318024,0.09102647006511688,2.3577940464019775,2.3448891639709473,0.7112256288528442,0.7655308842658997,0.0,0.005257273936271668,1.4396826028823853,0.3430508077144623,,,,,,,,,,,,,,,,
33,2.73549747467041,-0.32615914940834045,0.15253251791000366,0.15321144461631775,0.08895272016525269,2.3524487018585205,2.329153060913086,0.69670569896698,0.7396105527877808,0.0,0.0053966150760650635,1.3984228372573853,0.3406115472316742,,,,,,,,,,,,,,,,
34,2.722951889038086,-0.3493976593017578,0.15455570816993713,0.1583760529756546,0.08954013139009476,2.3356997966766357,2.3052597045898438,0.6849270462989807,0.7263753414154053,0.0,0.00553360048532486,1.3712401390075684,0.3393590748310089,,,,,,,,,,,,,,,,
35,2.7095236778259277,-0.3800946772098541,0.15628045797348022,0.16393312811851501,0.08827923983335495,2.319314956665039,2.2827467918395996,0.67112797498703,0.7068044543266296,0.0,0.005667826080322266,1.338259220123291,0.3363887369632721,,,,,,,,,,,,,,,,
36,2.694509744644165,-0.4235864579677582,0.16039520502090454,0.16988980770111084,0.08668313175439835,2.2972187995910645,2.257864236831665,0.6562706828117371,0.6957136988639832,0.0,0.005799080216884613,1.307151198387146,0.33330726623535156,,,,,,,,,,,,,,,,
37,2.6846864223480225,-0.4600106477737427,0.1657007485628128,0.1768951565027237,0.08649274706840515,2.2766170501708984,2.2345786094665527,0.6431587934494019,0.6828430891036987,0.0,0.005927711975574494,1.2837717533111572,0.3308754563331604,,,,,,,,,,,,,,,,
38,2.666811466217041,-0.5024251341819763,0.1699698567390442,0.1817486733198166,0.08331587165594101,2.2519562244415283,2.2115976810455322,0.6308777332305908,0.6752884387969971,0.0,0.006053887522220612,1.2653230428695679,0.3289893567562103,,,,,,,,,,,,,,,,
39,2.6582839488983154,-0.5527204871177673,0.17612940073013306,0.18732810020446777,0.08274928480386734,2.2317330837249756,2.1924209594726562,0.6161193251609802,0.6630750894546509,0.0,0.006177111387252809,1.2491389513015747,0.3256256580352783,,,,,,,,,,,,,,,,
40,2.642054557800293,-0.6025745868682861,0.18198153376579285,0.19433723390102386,0.07903413474559784,2.207542896270752,2.165860891342163,0.6041532754898071,0.6607589721679688,0.0,0.00629794204235077,1.2289143800735474,0.3227061927318573,,,,,,,,,,,,,,,,
41,2.6294403076171875,-0.6575003266334534,0.18824642896652222,0.19955818355083466,0.07728622108697891,2.183159828186035,2.1455390453338623,0.5909842848777771,0.6508702635765076,0.0,0.006416138899326326,1.224463939666748,0.3199943006038666,,,,,,,,,,,,,,,,
42,2.6153647899627686,-0.7064731121063232,0.19609975814819336,0.20585979521274567,0.0747489184141159,2.1569325923919678,2.120380163192749,0.5801113843917847,0.6512419581413269,0.0,0.006532161176204683,1.2253366708755493,0.3178078234195709,,,,,,,,,,,,,,,,
43,2.601489543914795,-0.7607292532920837,0.20145945250988007,0.2088269591331482,0.07168237864971161,2.135671854019165,2.1033694744110107,0.5697729587554932,0.6484406590461731,0.0,0.006646115767955782,1.2264150381088257,0.3148595690727234,,,,,,,,,,,,,,,,
44,2.591376543045044,-0.8042741417884827,0.20579323172569275,0.21153958141803741,0.06954764574766159,2.1183457374572754,2.090646505355835,0.5610080361366272,0.6437690854072571,0.0,0.0067583173751831075,1.2375808954238892,0.31362754106521606,,,,,,,,,,,,,,,,
45,2.579963445663452,-0.845775306224823,0.20933757722377777,0.21384812891483307,0.0670117512345314,2.102391004562378,2.077141046524048,0.5536326766014099,0.6492760181427002,0.0,0.00686904391050339,1.244057536125183,0.3116147816181183,,,,,,,,,,,,,,,,
46,2.5622901916503906,-0.8823202252388,0.21155817806720734,0.21505224704742432,0.06347434222698212,2.084200382232666,2.060210704803467,0.5473695993423462,0.6472732424736023,0.0,0.006978517830371859,1.2711939811706543,0.3100213408470154,,,,,,,,,,,,,,,,
47,2.553727149963379,-0.9151479601860046,0.2127215415239334,0.21467992663383484,0.061784759163856506,2.0745081901550293,2.0545737743377686,0.5425296425819397,0.6532866358757019,0.0,0.007087023758888247,1.2962251901626587,0.30938205122947693,,,,,,,,,,,,,,,,
48,2.542659282684326,-0.9425848126411438,0.21597395837306976,0.21789564192295074,0.05951429903507233,2.0582475662231445,2.0403032302856445,0.5397046208381653,0.6600996255874634,0.0,0.00719496468305588,1.3333709239959717,0.3095044195652008,,,,,,,,,,,,,,,,
49,2.5342135429382324,-0.9724151492118835,0.21600809693336487,0.21742869913578033,0.057511016726493835,2.0518369674682617,2.0346949100494385,0.5361180305480957,0.6652637720108032,0.0,0.007302188289165499,1.3629484176635742,0.30844923853874207,,,,,,,,,,,,,,,,
50,2.526426315307617,-0.9829573035240173,0.21844610571861267,0.2206011861562729,0.05607789382338524,2.0408334732055664,2.0217690467834473,0.5354162454605103,0.677753746509552,0.0,0.007409271538257601,1.4016963243484497,0.30866217613220215,,,,,,,,,,,,,,,,
51,2.5170986652374268,-0.9908912777900696,0.22093108296394348,0.22261884808540344,0.053864795714616776,2.028059482574463,2.011307954788208,0.5339886546134949,0.6813939809799194,0.0,0.0075160692691803,1.43497896194458,0.3088635504245758,,,,,,,,,,,,,,,,
52,2.505309820175171,-1.0022472143173218,0.2211914360523224,0.22314924001693726,0.05366552993655205,2.0160114765167236,1.99859619140625,0.5308626294136047,0.6882883906364441,0.0,0.007622241795063021,1.458951711654663,0.3076610863208771,,,,,,,,,,,,,,,,
53,2.4946072101593018,-1.00885808467865,0.2224012315273285,0.22586455941200256,0.05138556659221649,2.0044302940368652,1.9854813814163208,0.5309430360794067,0.6933774352073669,0.0,0.007728430402278902,1.496531367301941,0.30827122926712036,,,,,,,,,,,,,,,,
54,2.4895901679992676,-1.011528730392456,0.22427843511104584,0.22789736092090607,0.051630809903144836,1.995544672012329,1.976022481918335,0.5292790532112122,0.697037398815155,0.0,0.007834286212921144,1.5330965518951416,0.30740654468536377,,,,,,,,,,,,,,,,
55,2.4796462059020996,-1.0121766328811646,0.22462467849254608,0.2305370569229126,0.04986349493265152,1.986876368522644,1.9623656272888184,0.5279415845870972,0.6973047852516174,0.0,0.007939874529838563,1.5616669654846191,0.30715906620025635,,,,,,,,,,,,,,,,
56,2.4736225605010986,-1.0166821479797363,0.22363126277923584,0.22978630661964417,0.049026984721422195,1.9832191467285156,1.959136724472046,0.5248662829399109,0.6926187872886658,0.0,0.008044847786426546,1.5742647647857666,0.30601534247398376,,,,,,,,,,,,,,,,
57,2.4674465656280518,-1.0337857007980347,0.22584915161132812,0.23167608678340912,0.047364480793476105,1.9730701446533203,1.9520435333251953,0.5201935172080994,0.6851137280464172,0.0,0.008148886489868166,1.5816898345947266,0.30422717332839966,,,,,,,,,,,,,,,,
58,2.4600067138671875,-1.0294208526611328,0.22821715474128723,0.23451052606105804,0.04708964750170708,1.960737943649292,1.939640760421753,0.5155079960823059,0.680106520652771,0.0,0.008251988089084627,1.5981475114822388,0.30214375257492065,,,,,,,,,,,,,,,,
59,2.4567642211914062,-1.0398004055023193,0.2276802808046341,0.23451197147369385,0.04656760394573212,1.9587539434432983,1.9372549057006836,0.5102306008338928,0.6720726490020752,0.0,0.008354034209251406,1.5966182947158813,0.29997020959854126,,,,,,,,,,,,,,,,
60,2.4484498500823975,-1.0337984561920166,0.22838497161865234,0.23476088047027588,0.045639242976903915,1.950122594833374,1.9292069673538208,0.5051016807556152,0.6678708791732788,0.0,0.008455054545402529,1.6127973794937134,0.29791390895843506,,,,,,,,,,,,,,,,
61,2.4457478523254395,-1.0460608005523682,0.2283046394586563,0.2332705557346344,0.04514984413981438,1.9477511644363403,1.930294394493103,0.49773353338241577,0.6536721587181091,0.0,0.008554601252079012,1.5881640911102295,0.2948617935180664,,,,,,,,,,,,,,,,
62,2.441153049468994,-1.0672054290771484,0.23234452307224274,0.237201526761055,0.04444076865911484,1.9356310367584229,1.918701171875,0.48741430044174194,0.6429694890975952,0.0,0.008652084112167361,1.5875049829483032,0.29069283604621887,,,,,,,,,,,,,,,,
63,2.433242082595825,-1.0654569864273071,0.2368423193693161,0.24048981070518494,0.04239775612950325,1.9201090335845947,1.906915545463562,0.47943368554115295,0.6355586647987366,0.0,0.008747970849275592,1.570305347442627,0.28749361634254456,,,,,,,,,,,,,,,,
64,2.42887020111084,-1.086987018585205,0.23640654981136322,0.23914559185504913,0.042562633752822876,1.9163146018981934,1.905195951461792,0.46800780296325684,0.625426173210144,0.0,0.008841572409868242,1.5475709438323975,0.28250735998153687,,,,,,,,,,,,,,,,
65,2.424947738647461,-1.0925835371017456,0.24104173481464386,0.24235545098781586,0.04185213893651962,1.904504418373108,1.8948925733566284,0.4552750289440155,0.6057956218719482,0.0,0.008932627415657046,1.523743987083435,0.27704524993896484,,,,,,,,,,,,,,,,
66,2.423848867416382,-1.112291693687439,0.23963432013988495,0.2406209409236908,0.04207019880414009,1.9053418636322021,1.897705078125,0.4417946934700012,0.5994575619697571,0.0,0.009020986354351045,1.5005148649215698,0.27100956439971924,,,,,,,,,,,,,,,,
67,2.4193060398101807,-1.1277227401733398,0.2412434071302414,0.24039995670318604,0.04141223803162575,1.898447871208191,1.8940531015396118,0.4302477240562439,0.5851143002510071,0.0,0.009107035899162294,1.4893428087234497,0.26592743396759033,,,,,,,,,,,,,,,,
68,2.414236068725586,-1.1427491903305054,0.2417571097612381,0.24041981995105743,0.04101741313934326,1.8924880027770996,1.8895955085754395,0.4129076898097992,0.5697916150093079,0.0,0.009189617437124254,1.451092004776001,0.25822892785072327,,,,,,,,,,,,,,,,
69,2.4116973876953125,-1.1548457145690918,0.2461588978767395,0.24450784921646118,0.04022875800728798,1.8816688060760498,1.8799349069595337,0.3980324864387512,0.5566426515579224,0.0,0.009269223934412004,1.4282903671264648,0.25156912207603455,,,,,,,,,,,,,,,,
70,2.4127979278564453,-1.1663100719451904,0.2448146790266037,0.24330531060695648,0.04040342569351196,1.8853884935379028,1.8831605911254883,0.38536104559898376,0.5463331937789917,0.0,0.009346296143531801,1.4133083820343018,0.24590031802654266,,,,,,,,,,,,,,,,
71,2.4084770679473877,-1.178529977798462,0.24705155193805695,0.24517153203487396,0.040157560259103775,1.8767756223678589,1.8754171133041382,0.36950230598449707,0.5346615314483643,0.0,0.009420196604728702,1.3943065404891968,0.23869293928146362,,,,,,,,,,,,,,,,
72,2.4062185287475586,-1.1851806640625,0.24821071326732635,0.24729803204536438,0.04000391066074371,1.8716202974319458,1.8697916269302368,0.35613974928855896,0.5254981517791748,0.0,0.009491424554586413,1.388670802116394,0.23267364501953125,,,,,,,,,,,,,,,,
73,2.4062116146087646,-1.2035576105117798,0.2467757612466812,0.24532608687877655,0.03941504657268524,1.875937819480896,1.873451590538025,0.34457725286483765,0.5183097720146179,0.0,0.00956034000515938,1.3749741315841675,0.22735030949115753,,,,,,,,,,,,,,,,
74,2.402859687805176,-1.2061711549758911,0.245829239487648,0.24476486444473267,0.03874882683157921,1.8749831914901733,1.8720505237579346,0.3351873457431793,0.510164737701416,0.0,0.009627377474308016,1.381340742111206,0.222471222281456,,,,,,,,,,,,,,,,
75,2.4005770683288574,-1.2152365446090698,0.2455374151468277,0.24465563893318176,0.03914886340498924,1.8735095262527466,1.8689608573913574,0.323727548122406,0.500795304775238,0.0,0.009692122983932497,1.3736878633499146,0.2172136902809143,,,,,,,,,,,,,,,,
76,2.398468017578125,-1.231689691543579,0.2484336793422699,0.24887941777706146,0.03921716660261154,1.8648675680160522,1.859007716178894,0.31426018476486206,0.4957539439201355,0.0,0.00975497502088547,1.3662991523742676,0.2129635214805603,,,,,,,,,,,,,,,,
77,2.3987672328948975,-1.2354583740234375,0.2462317794561386,0.24684403836727142,0.038844913244247437,1.8698164224624634,1.8638765811920166,0.306596577167511,0.48950567841529846,0.0,0.009816294336318972,1.372644066810608,0.20956599712371826,,,,,,,,,,,,,,,,
78,2.394923686981201,-1.2562378644943237,0.24647459387779236,0.24713894724845886,0.03758850693702698,1.8667742013931274,1.8606692552566528,0.2979307472705841,0.4876416325569153,0.0,0.009875880485773088,1.3672629594802856,0.20577700436115265,,,,,,,,,,,,,,,,
79,2.392366886138916,-1.2718502283096313,0.24665939807891846,0.24750404059886932,0.03782336413860321,1.8634356260299683,1.8573246002197266,0.29250407218933105,0.4863530099391937,0.0,0.009934381300210954,1.3728129863739014,0.2033555656671524,,,,,,,,,,,,,,,,
80,2.395376682281494,-1.2774466276168823,0.243278369307518,0.24426813423633575,0.03819313645362854,1.8727664947509766,1.8665075302124023,0.28830423951148987,0.48614802956581116,0.0,0.009992042148113252,1.3792551755905151,0.20119041204452515,,,,,,,,,,,,,,,,
81,2.3923563957214355,-1.2909834384918213,0.24716104567050934,0.24813212454319,0.038283221423625946,1.86197030544281,1.8555901050567627,0.2827584147453308,0.4862268269062042,0.0,0.010048593831062318,1.3590660095214844,0.1989549994468689,,,,,,,,,,,,,,,,
82,2.388639211654663,-1.3123527765274048,0.2472686618566513,0.24826668202877045,0.03692442923784256,1.8592414855957031,1.8531173467636108,0.2779758870601654,0.4822426736354828,0.0,0.010104189008474351,1.3661832809448242,0.1965370774269104,,,,,,,,,,,,,,,,
83,2.386819362640381,-1.3190383911132812,0.2475758045911789,0.24798588454723358,0.03592041879892349,1.8579950332641602,1.8526798486709595,0.27348437905311584,0.4783448576927185,0.0,0.010158885884284975,1.3667235374450684,0.19508753716945648,,,,,,,,,,,,,,,,
84,2.3868956565856934,-1.3483281135559082,0.24735139310359955,0.24750059843063354,0.037276238203048706,1.8571480512619019,1.852386713027954,0.2678753435611725,0.4808545410633087,0.0,0.010212460952997209,1.3555498123168945,0.19289280474185944,,,,,,,,,,,,,,,,
85,2.387038469314575,-1.3713027238845825,0.2466343492269516,0.24768991768360138,0.03730810433626175,1.858479380607605,1.8523327112197876,0.2656363248825073,0.47407156229019165,0.0,0.01026558821797371,1.3500096797943115,0.19144946336746216,,,,,,,,,,,,,,,,
86,2.3822383880615234,-1.3707424402236938,0.2513675391674042,0.25064772367477417,0.03573191165924072,1.846311330795288,1.8426710367202759,0.26373448967933655,0.4749945104122162,0.0,0.010318335115909577,1.3593294620513916,0.19082678854465485,,,,,,,,,,,,,,,,
87,2.3829345703125,-1.376007080078125,0.24880313873291016,0.24822992086410522,0.035979609936475754,1.851342797279358,1.8485008478164673,0.2596660852432251,0.47991523146629333,0.0,0.010370268332958222,1.359901785850525,0.18909049034118652,,,,,,,,,,,,,,,,
88,2.380380153656006,-1.3842395544052124,0.24759435653686523,0.24701730906963348,0.03513636440038681,1.8521496057510376,1.8491147756576538,0.25569161772727966,0.4825747013092041,0.0,0.010421406656503677,1.3508329391479492,0.18757754564285278,,,,,,,,,,,,,,,,
89,2.3790125846862793,-1.4023035764694214,0.24654193222522736,0.2465464174747467,0.03536637872457504,1.8526266813278198,1.8484890460968018,0.251729279756546,0.47631019353866577,0.0,0.010471752512454986,1.3520104885101318,0.18573713302612305,,,,,,,,,,,,,,,,
90,2.382375717163086,-1.4020767211914062,0.24532519280910492,0.24523012340068817,0.03634805977344513,1.8569635152816772,1.8539810180664062,0.24867457151412964,0.47665345668792725,0.0,0.010521487426757811,1.353772759437561,0.1845809668302536,,,,,,,,,,,,,,,,
91,2.379844903945923,-1.4318732023239136,0.24264103174209595,0.24210171401500702,0.03581666573882103,1.8604490756988525,1.8581218719482422,0.2446204572916031,0.47023507952690125,0.0,0.010570411518216132,1.3495864868164062,0.18238455057144165,,,,,,,,,,,,,,,,
92,2.3761754035949707,-1.4375154972076416,0.2460489720106125,0.2458679974079132,0.03415897861123085,1.8517056703567505,1.8484933376312256,0.24211464822292328,0.47633564472198486,0.0,0.010618834447860716,1.3453068733215332,0.1810765564441681,,,,,,,,,,,,,,,,
93,2.374748945236206,-1.4562770128250122,0.24541829526424408,0.24529409408569336,0.03473421558737755,1.8509193658828735,1.8476852178573608,0.23689015209674835,0.4746948480606079,0.0,0.010666212478280066,1.348848819732666,0.17916297912597656,,,,,,,,,,,,,,,,
94,2.373148202896118,-1.4790693521499634,0.24848006665706635,0.2483079582452774,0.03411038964986801,1.8436509370803833,1.8408485651016235,0.2296745330095291,0.47055888175964355,0.0,0.010712147384881972,1.3383824825286865,0.17620083689689636,,,,,,,,,,,,,,,,
95,2.3721699714660645,-1.4952456951141357,0.24846142530441284,0.2477440983057022,0.03402070701122284,1.8424112796783447,1.841476321220398,0.2243119478225708,0.4713776409626007,0.0,0.010757009774446486,1.3492376804351807,0.17372149229049683,,,,,,,,,,,,,,,,
96,2.3721797466278076,-1.502804160118103,0.2501554787158966,0.2501164674758911,0.033087678253650665,1.8401439189910889,1.8374965190887451,0.2195568084716797,0.46757641434669495,0.0,0.010800921136140822,1.3618106842041016,0.17167827486991882,,,,,,,,,,,,,,,,
97,2.371149778366089,-1.5208162069320679,0.2495660036802292,0.24982061982154846,0.03372576832771301,1.8404035568237305,1.8356711864471436,0.21321599185466766,0.4636993408203125,0.0,0.010843564334511755,1.3612632751464844,0.16911032795906067,,,,,,,,,,,,,,,,
98,2.3702902793884277,-1.527020812034607,0.2542356550693512,0.25422683358192444,0.03317331522703171,1.8298685550689697,1.827440619468689,0.20922569930553436,0.46515679359436035,0.0,0.010885409474372863,1.3566460609436035,0.16700062155723572,,,,,,,,,,,,,,,,
99,2.3694241046905518,-1.5513075590133667,0.25074589252471924,0.2506629228591919,0.03351781889796257,1.836029291152954,1.8329654932022095,0.20035216212272644,0.459890753030777,0.0,0.010925479906797408,1.369778037071228,0.1631886214017868,,,,,,,,,,,,,,,,
100,2.3683714866638184,-1.5634212493896484,0.25389939546585083,0.25323382019996643,0.03307178243994713,1.8283765316009521,1.8279565572738647,0.19600266218185425,0.45667845010757446,0.0,0.010964680439233779,1.371802568435669,0.16065892577171326,,,,,,,,,,,,,,,,
101,2.367002487182617,-1.5687875747680664,0.2519679367542267,0.25224798917770386,0.03246768191456795,1.8322185277938843,1.8284192085266113,0.19483789801597595,0.45688530802726746,0.0,0.011003648018836973,1.380142092704773,0.16076461970806122,,,,,,,,,,,,,,,,
102,2.3676042556762695,-1.5951247215270996,0.2497546374797821,0.24936845898628235,0.032746002078056335,1.836498737335205,1.8349714279174805,0.18600575625896454,0.4470996856689453,0.0,0.011040849170088766,1.3862636089324951,0.15649960935115814,,,,,,,,,,,,,,,,
103,2.3644964694976807,-1.5877065658569336,0.24806390702724457,0.24776801466941833,0.0321962833404541,1.8373901844024658,1.8355463743209839,0.18518687784671783,0.44919103384017944,0.0,0.01107788654565811,1.3789567947387695,0.15610578656196594,,,,,,,,,,,,,,,,
104,2.366710662841797,-1.5936203002929688,0.24920080602169037,0.24850578606128693,0.03245808184146881,1.8371860980987549,1.8359057903289795,0.17895223200321198,0.44830629229545593,0.0,0.011113676992058752,1.402525782585144,0.1531795710325241,,,,,,,,,,,,,,,,
105,2.3654918670654297,-1.607162594795227,0.2496662586927414,0.24920015037059784,0.03235652297735214,1.8354589939117432,1.8330789804458618,0.1772555261850357,0.4489907920360565,0.0,0.01114912809729576,1.3974778652191162,0.15273214876651764,,,,,,,,,,,,,,,,
106,2.3645458221435547,-1.6377909183502197,0.24981440603733063,0.2490445077419281,0.03211863711476326,1.8342868089675903,1.8328498601913452,0.17332971096038818,0.44741418957710266,0.0,0.011183794039487837,1.4119325876235962,0.1506490409374237,,,,,,,,,,,,,,,,
107,2.3677780628204346,-1.6384878158569336,0.250061571598053,0.2499338835477829,0.0332469716668129,1.8354028463363647,1.8336682319641113,0.1696704477071762,0.44690263271331787,0.0,0.011217728129029271,1.4082680940628052,0.14977048337459564,,,,,,,,,,,,,,,,
108,2.3627655506134033,-1.6775827407836914,0.2512109577655792,0.2512478232383728,0.03196260333061218,1.8295248746871948,1.8271633386611938,0.1638704538345337,0.44617751240730286,0.0,0.011250502219796179,1.3966699838638306,0.14759992063045502,,,,,,,,,,,,,,,,
109,2.364330530166626,-1.6887664794921875,0.253212034702301,0.25182998180389404,0.032640065997838974,1.8264307975769043,1.8268660306930542,0.16336439549922943,0.44602930545806885,0.0,0.011283175098896025,1.4103024005889893,0.14731557667255402,,,,,,,,,,,,,,,,
110,2.3625736236572266,-1.6916303634643555,0.25388815999031067,0.2527711093425751,0.03169960901141167,1.823915958404541,1.82451331615448,0.16097234189510345,0.44591960310935974,0.0,0.011315369567275045,1.389412760734558,0.1465446501970291,,,,,,,,,,,,,,,,
111,2.363196849822998,-1.7087081670761108,0.25235894322395325,0.25164321064949036,0.03151378035545349,1.8280833959579468,1.8272784948349,0.15885800123214722,0.441825270652771,0.0,0.011347141167521474,1.410847783088684,0.14592573046684265,,,,,,,,,,,,,,,,
112,2.3614561557769775,-1.726881980895996,0.2532772123813629,0.2522486746311188,0.03136683627963066,1.8247950077056885,1.8243321180343628,0.15495000779628754,0.43977054953575134,0.0,0.011378131169080732,1.413522720336914,0.14429885149002075,,,,,,,,,,,,,,,,
113,2.362170696258545,-1.7316933870315552,0.2535467743873596,0.2529430389404297,0.03235093131661415,1.8239234685897827,1.8227365016937256,0.15464259684085846,0.44080850481987,0.0,0.011409059688448903,1.385859489440918,0.14463092386722565,,,,,,,,,,,,,,,,
114,2.3603339195251465,-1.7321282625198364,0.25397178530693054,0.2537096440792084,0.031210262328386307,1.82257080078125,1.8203136920928955,0.15569499135017395,0.4429129660129547,0.0,0.011440198686718937,1.3859833478927612,0.14556756615638733,,,,,,,,,,,,,,,,
115,2.3620333671569824,-1.7517679929733276,0.25228407979011536,0.2519322633743286,0.031626347452402115,1.8273741006851196,1.825007438659668,0.15143291652202606,0.43750032782554626,0.0,0.011470485270023343,1.4016308784484863,0.14353007078170776,,,,,,,,,,,,,,,,
116,2.3592209815979004,-1.7615457773208618,0.2515483796596527,0.25119102001190186,0.030513891950249672,1.8264756202697754,1.8254600763320923,0.14661145210266113,0.4343382716178894,0.0,0.011499807560443874,1.3808249235153198,0.14242693781852722,,,,,,,,,,,,,,,,
117,2.359856128692627,-1.7700427770614624,0.2515788972377777,0.2510538101196289,0.03102470189332962,1.8269574642181396,1.8254400491714478,0.14741775393486023,0.4385455846786499,0.0,0.011529291111230846,1.378449559211731,0.1427334100008011,,,,,,,,,,,,,,,,
118,2.359668254852295,-1.7771953344345093,0.24981670081615448,0.2496732920408249,0.03204033896327019,1.8292206525802612,1.8270549774169922,0.14281408488750458,0.435195654630661,0.0,0.011557853928208347,1.3801054954528809,0.14141510426998138,,,,,,,,,,,,,,,,
119,2.3573246002197266,-1.7995673418045044,0.2525158226490021,0.2522008717060089,0.030693748965859413,1.8224389553070068,1.8213895559310913,0.13812048733234406,0.42967432737350464,0.0,0.011585478025674816,1.369577169418335,0.13996393978595734,,,,,,,,,,,,,,,,
120,2.358466386795044,-1.8036776781082153,0.25005200505256653,0.25017523765563965,0.031050289049744606,1.8281856775283813,1.8261922597885132,0.13703200221061707,0.4325440227985382,0.0,0.011612884426116939,1.3505293130874634,0.13964642584323883,,,,,,,,,,,,,,,,
121,2.356679916381836,-1.8211462497711182,0.2522358298301697,0.2527761161327362,0.030737748369574547,1.822307825088501,1.8195527791976929,0.1349077671766281,0.4319098889827728,0.0,0.011639865979552265,1.3670769929885864,0.13982413709163666,,,,,,,,,,,,,,,,
122,2.3565616607666016,-1.8428490161895752,0.2534371614456177,0.25350847840309143,0.030151858925819397,1.8208602666854858,1.818068265914917,0.13211172819137573,0.4318723976612091,0.0,0.01166628832519054,1.3545063734054565,0.13919897377490997,,,,,,,,,,,,,,,,
123,2.3556313514709473,-1.8485089540481567,0.2514072358608246,0.2517269253730774,0.030436772853136063,1.8234076499938965,1.8207130432128906,0.1317300945520401,0.4334677457809448,0.0,0.011692634344100948,1.3380621671676636,0.1399064064025879,,,,,,,,,,,,,,,,
124,2.356781482696533,-1.8586562871932983,0.24966922402381897,0.24982886016368866,0.03033110499382019,1.828086256980896,1.8258187770843506,0.1284361034631729,0.43152016401290894,0.0,0.011718321564793582,1.3403483629226685,0.13939200341701508,,,,,,,,,,,,,,,,
125,2.354404926300049,-1.876055121421814,0.2538362443447113,0.25389906764030457,0.029992230236530304,1.817977786064148,1.8153769969940186,0.12680187821388245,0.4270535111427307,0.0,0.011743681940436358,1.3209307193756104,0.1395195573568344,,,,,,,,,,,,,,,,
126,2.3537347316741943,-1.9011189937591553,0.2529846727848053,0.25254306197166443,0.030077477917075157,1.8188045024871826,1.8174546957015991,0.1248832419514656,0.42319709062576294,0.0,0.01176865858882665,1.3266280889511108,0.13979698717594147,,,,,,,,,,,,,,,,
127,2.353804111480713,-1.9050999879837036,0.25613147020339966,0.25595447421073914,0.030041899532079697,1.8124953508377075,1.8108570575714111,0.12225929647684097,0.42095324397087097,0.0,0.011793110448122018,1.3181873559951782,0.13944587111473083,,,,,,,,,,,,,,,,
128,2.3542017936706543,-1.912768006324768,0.2541055381298065,0.25372397899627686,0.03035244345664978,1.8169279098510742,1.8151118755340576,0.1220443919301033,0.4207145571708679,0.0,0.011817519326508038,1.2908598184585571,0.14108382165431976,,,,,,,,,,,,,,,,
129,2.357616901397705,-1.917418122291565,0.2522019147872925,0.25257349014282227,0.030438048765063286,1.8239015340805054,1.8209055662155151,0.12024743854999542,0.41181129217147827,0.0,0.011841568814218037,1.2808548212051392,0.14212770760059357,,,,,,,,,,,,,,,,
130,2.3563826084136963,-1.9404164552688599,0.25048336386680603,0.25101229548454285,0.030148394405841827,1.8262659311294556,1.8232113122940063,0.11655259132385254,0.41293400526046753,0.0,0.011864879332482807,1.2645689249038696,0.14314933121204376,,,,,,,,,,,,,,,,
131,2.354034900665283,-1.9447588920593262,0.2565365135669708,0.25606054067611694,0.030063357204198837,1.8119679689407349,1.8107807636260986,0.11904098838567734,0.4164263606071472,0.0,0.011888687530159942,1.2505520582199097,0.14553533494472504,,,,,,,,,,,,,,,,
132,2.3519060611724854,-1.9697177410125732,0.25297999382019043,0.2531310021877289,0.02990906871855259,1.8167792558670044,1.8149927854537964,0.11268115788698196,0.4085250794887543,0.0,0.011911223761737338,1.2310465574264526,0.14567020535469055,,,,,,,,,,,,,,,,
133,2.3536338806152344,-1.9850118160247803,0.2542630434036255,0.25401028990745544,0.030254745855927467,1.8156580924987793,1.8145532608032227,0.1136271059513092,0.4097273647785187,0.0,0.011933949182927601,1.218191146850586,0.1479601114988327,,,,,,,,,,,,,,,,
134,2.351109027862549,-1.9864535331726074,0.2551177442073822,0.2559950649738312,0.029852183535695076,1.811889886856079,1.8083980083465576,0.1126728355884552,0.40779292583465576,0.0,0.011956483750045292,1.215739369392395,0.1496644765138626,,,,,,,,,,,,,,,,
135,2.3510098457336426,-2.002709150314331,0.25508108735084534,0.2547421455383301,0.02953868731856346,1.812392234802246,1.8109034299850464,0.11164586991071701,0.4102173447608948,0.0,0.011978812924027435,1.190292477607727,0.15204934775829315,,,,,,,,,,,,,,,,
136,2.3504536151885986,-2.027496337890625,0.25436004996299744,0.2542957365512848,0.02970237098634243,1.8130463361740112,1.8111445903778076,0.11081045120954514,0.4020461440086365,0.0,0.012000975014269343,1.1996614933013916,0.15413740277290344,,,,,,,,,,,,,,,,
137,2.349552631378174,-2.0299413204193115,0.25405585765838623,0.2541213035583496,0.02890833094716072,1.813352346420288,1.811582088470459,0.10552302747964859,0.40375038981437683,0.0,0.012022079619765274,1.1826375722885132,0.15463139116764069,,,,,,,,,,,,,,,,
138,2.3501055240631104,-2.0466532707214355,0.2528226375579834,0.2527998983860016,0.02944558672606945,1.8163739442825317,1.8137010335922241,0.10769344121217728,0.4068138897418976,0.0,0.012043618308007709,1.1853389739990234,0.15734519064426422,,,,,,,,,,,,,,,,
139,2.3491406440734863,-2.0571696758270264,0.25123822689056396,0.25082501769065857,0.029354432597756386,1.8182512521743774,1.8171945810317993,0.10672467947006226,0.4065134823322296,0.0,0.012064963243901721,1.1634236574172974,0.15999634563922882,,,,,,,,,,,,,,,,
140,2.3501553535461426,-2.074214220046997,0.2541593015193939,0.2548637092113495,0.029189065098762512,1.8132845163345337,1.810601830482483,0.10475670546293259,0.4053375720977783,0.0,0.012085914584994308,1.1671699285507202,0.1618558168411255,,,,,,,,,,,,,,,,
141,2.349087715148926,-2.1026926040649414,0.2539100646972656,0.2544562816619873,0.029596766456961632,1.8128503561019897,1.8093987703323364,0.10185886174440384,0.40416207909584045,0.0,0.012106286357343189,1.1679939031600952,0.16290253400802612,,,,,,,,,,,,,,,,
142,2.3505969047546387,-2.106936454772949,0.2519814968109131,0.25309333205223083,0.029291419312357903,1.8181066513061523,1.8143545389175415,0.10372160375118256,0.40533342957496643,0.0,0.012127030678093426,1.1638306379318237,0.1661168932914734,,,,,,,,,,,,,,,,
143,2.3506391048431396,-2.12099027633667,0.2534266412258148,0.25398024916648865,0.029011238366365433,1.8158305883407593,1.81261146068573,0.10171937197446823,0.3995630443096161,0.0,0.01214737455248832,1.1552902460098267,0.16672125458717346,,,,,,,,,,,,,,,,
144,2.347769260406494,-2.141533613204956,0.2550475299358368,0.2558352053165436,0.02811281755566597,1.810571312904358,1.806976318359375,0.10097484290599823,0.3992699086666107,0.0,0.012167569521069519,1.1744019985198975,0.16810530424118042,,,,,,,,,,,,,,,,
145,2.345959186553955,-2.145146608352661,0.2556176483631134,0.25633102655410767,0.0284716933965683,1.8069819211959839,1.8040955066680908,0.10181330889463425,0.4020887613296509,0.0,0.012187932182848445,1.1732617616653442,0.16986225545406342,,,,,,,,,,,,,,,,
146,2.347485065460205,-2.1649656295776367,0.25535205006599426,0.2563418745994568,0.028929509222507477,1.8085834980010986,1.8051398992538452,0.0985737144947052,0.3929673433303833,0.0,0.012207646925747386,1.1596345901489258,0.17026694118976593,,,,,,,,,,,,,,,,
147,2.3480653762817383,-2.1615118980407715,0.2544166147708893,0.25513896346092224,0.028564229607582092,1.8114306926727295,1.8084602355957031,0.09793984889984131,0.39538252353668213,0.0,0.012227234895527354,1.162280559539795,0.17040081322193146,,,,,,,,,,,,,,,,
148,2.3475027084350586,-2.1828904151916504,0.25595802068710327,0.2566787600517273,0.028480298817157745,1.8078312873840332,1.804940104484558,0.09763393551111221,0.39722761511802673,0.0,0.012246761682629576,1.1650495529174805,0.17131774127483368,,,,,,,,,,,,,,,,
149,2.347184419631958,-2.1894404888153076,0.2548123896121979,0.255484402179718,0.028030358254909515,1.8102641105651855,1.8074504137039185,0.09891729056835175,0.3956664502620697,0.0,0.012266545140743247,1.1564836502075195,0.1717684119939804,,,,,,,,,,,,,,,,
150,2.348662853240967,-2.209602117538452,0.25496426224708557,0.25572532415390015,0.028310896828770638,1.8111090660095215,1.8082157373428345,0.09490751475095749,0.3920450508594513,0.0,0.012285526643693439,1.1422226428985596,0.17062091827392578,,,,,,,,,,,,,,,,
151,2.348609685897827,-2.2379751205444336,0.2518310844898224,0.2528553307056427,0.02935253642499447,1.8163822889328003,1.812759280204773,0.0931139886379242,0.39139002561569214,0.0,0.012304149441421023,1.1490763425827026,0.1702495515346527,,,,,,,,,,,,,,,,
152,2.3470516204833984,-2.2459778785705566,0.2576415240764618,0.25797218084335327,0.028776954859495163,1.8039155006408691,1.8014062643051147,0.09300480782985687,0.38746240735054016,0.0,0.012322750402986995,1.1242769956588745,0.1702907830476761,,,,,,,,,,,,,,,,
153,2.347731351852417,-2.2578325271606445,0.2556039094924927,0.25605306029319763,0.02848721668124199,1.8091577291488647,1.8060165643692017,0.08965173363685608,0.387395977973938,0.0,0.012340680749714367,1.1234673261642456,0.16939286887645721,,,,,,,,,,,,,,,,
154,2.3455233573913574,-2.269059419631958,0.25784507393836975,0.2582973539829254,0.027727115899324417,1.8029944896697998,1.8003129959106445,0.09088011831045151,0.3892515301704407,0.0,0.012358856773376456,1.1174991130828857,0.16973166167736053,,,,,,,,,,,,,,,,
155,2.346506118774414,-2.29439115524292,0.25674620270729065,0.2572445571422577,0.027959473431110382,1.805997371673584,1.8031145334243774,0.08853986114263535,0.38512730598449707,0.0,0.012376564745604984,1.1362849473953247,0.16807208955287933,,,,,,,,,,,,,,,,
156,2.345193386077881,-2.3031210899353027,0.25647497177124023,0.25713202357292175,0.027435772120952606,1.8060636520385742,1.8022375106811523,0.08849596977233887,0.38984453678131104,0.0,0.012394263939559452,1.124019980430603,0.16792768239974976,,,,,,,,,,,,,,,,
157,2.344120502471924,-2.3132004737854004,0.2545386850833893,0.2553638815879822,0.02757917530834675,1.8083609342575073,1.804916262626648,0.08746633678674698,0.38826438784599304,0.0,0.012411757206916802,1.1036641597747803,0.1670706421136856,,,,,,,,,,,,,,,,
158,2.346999168395996,-2.327260732650757,0.2577221989631653,0.2594538927078247,0.027802444994449615,1.804436445236206,1.7996047735214233,0.0861787274479866,0.38722601532936096,0.0,0.0124289929524064,1.1008353233337402,0.16679756343364716,,,,,,,,,,,,,,,,
159,2.345109224319458,-2.334160566329956,0.2563406229019165,0.25775378942489624,0.027536092326045036,1.8054423332214355,1.8015151023864746,0.08378121256828308,0.38427865505218506,0.0,0.012445749194920057,1.1005007028579712,0.16550961136817932,,,,,,,,,,,,,,,,
160,2.345700263977051,-2.351069927215576,0.25422900915145874,0.2559395730495453,0.027286678552627563,1.8106416463851929,1.8058488368988037,0.08282745629549026,0.38255608081817627,0.0,0.012462314686179154,1.097728967666626,0.16514453291893005,,,,,,,,,,,,,,,,
161,2.3421597480773926,-2.3574681282043457,0.25866785645484924,0.25929173827171326,0.026994114741683006,1.7985498905181885,1.7958619594573975,0.08128820359706879,0.37870484590530396,0.0,0.012478572326898568,1.0827970504760742,0.1636376827955246,,,,,,,,,,,,,,,,
162,2.342587471008301,-2.3644025325775146,0.2582574188709259,0.25916561484336853,0.02660280093550682,1.8001669645309448,1.7969563007354736,0.08163946866989136,0.37899571657180786,0.0,0.012494900220632545,1.0845569372177124,0.16356483101844788,,,,,,,,,,,,,,,,
163,2.3430864810943604,-2.3849315643310547,0.2561444342136383,0.25729039311408997,0.026752213016152382,1.8043781518936157,1.8014205694198608,0.07978563755750656,0.3771752715110779,0.0,0.012510857348144047,1.0750399827957153,0.16254520416259766,,,,,,,,,,,,,,,,
164,2.3455007076263428,-2.3986430168151855,0.25793367624282837,0.2591397166252136,0.027252167463302612,1.80320143699646,1.7991489171981812,0.07716268301010132,0.3692558705806732,0.0,0.012526289884746068,1.0864320993423462,0.16162312030792236,,,,,,,,,,,,,,,,
165,2.3420186042785645,-2.41367506980896,0.2560117244720459,0.25685131549835205,0.026391753926873207,1.8044533729553223,1.8010743856430054,0.0780833438038826,0.375356525182724,0.0,0.012541906553506845,1.074354648590088,0.16189320385456085,,,,,,,,,,,,,,,,
166,2.3429512977600098,-2.4359095096588135,0.25693392753601074,0.25773659348487854,0.02676028572022915,1.802933931350708,1.8001071214675903,0.0766419917345047,0.36717095971107483,0.0,0.012557234951853746,1.0683130025863647,0.16068574786186218,,,,,,,,,,,,,,,,
167,2.3423194885253906,-2.45316743850708,0.25811129808425903,0.2587532699108124,0.0262216255068779,1.8005871772766113,1.7978798151016235,0.07513824850320816,0.3666444718837738,0.0,0.012572262601554387,1.0661265850067139,0.16026893258094788,,,,,,,,,,,,,,,,
168,2.3439993858337402,-2.474924087524414,0.25899913907051086,0.2595210671424866,0.026568735018372536,1.800300121307373,1.7975207567214966,0.07470535486936569,0.36566102504730225,0.0,0.01258720367252826,1.0847617387771606,0.15952159464359283,,,,,,,,,,,,,,,,
169,2.3419766426086426,-2.4749956130981445,0.2607894539833069,0.26124584674835205,0.026083286851644516,1.7950546741485596,1.792661428451538,0.07399038225412369,0.36507266759872437,0.0,0.012602001748979085,1.085127353668213,0.15936043858528137,,,,,,,,,,,,,,,,
170,2.3432610034942627,-2.4747090339660645,0.25806674361228943,0.25922891497612,0.026456018909811974,1.801264762878418,1.7977540493011475,0.0742051973938942,0.363341748714447,0.0,0.012616842788457865,1.0764055252075195,0.15942667424678802,,,,,,,,,,,,,,,,
171,2.34428071975708,-2.4860341548919678,0.25823265314102173,0.2594299912452698,0.026648323982954025,1.8015170097351074,1.7984223365783691,0.074236199259758,0.3653751015663147,0.0,0.012631690028309816,1.079641580581665,0.15980634093284607,,,,,,,,,,,,,,,,
172,2.3444221019744873,-2.4959359169006348,0.2587382197380066,0.2589931786060333,0.026831170544028282,1.8013410568237305,1.7983779907226562,0.07065786421298981,0.3637036979198456,0.0,0.012645821601152414,1.0906058549880981,0.15783345699310303,,,,,,,,,,,,,,,,
173,2.3398213386535645,-2.5129547119140625,0.25928059220314026,0.2600414752960205,0.025683535262942314,1.796331763267517,1.793299913406372,0.07167847454547882,0.3643021285533905,0.0,0.01266015729606151,1.084817886352539,0.15872974693775177,,,,,,,,,,,,,,,,
174,2.338639736175537,-2.5217654705047607,0.2599140703678131,0.2603776156902313,0.025631209835410118,1.7937400341033936,1.791693925857544,0.06941738724708557,0.3605298697948456,0.0,0.012674040773510928,1.084344744682312,0.15802527964115143,,,,,,,,,,,,,,,,
175,2.3452417850494385,-2.52278733253479,0.2609975039958954,0.26190152764320374,0.025880904868245125,1.7982860803604126,1.7946374416351318,0.06918243318796158,0.36418095231056213,0.0,0.012687877260148521,1.073669195175171,0.1577766388654709,,,,,,,,,,,,,,,,
176,2.341961622238159,-2.556276321411133,0.25616729259490967,0.25774359703063965,0.025703351944684982,1.8046714067459106,1.8000231981277466,0.06649400293827057,0.3594684898853302,0.0,0.012701176060736175,1.0915517807006836,0.1564832627773285,,,,,,,,,,,,,,,,
177,2.3415396213531494,-2.5679681301116943,0.2575238049030304,0.25884148478507996,0.026207201182842255,1.8011692762374878,1.796764850616455,0.06593897938728333,0.358403742313385,0.0,0.012714363856613632,1.0814008712768555,0.156937375664711,,,,,,,,,,,,,,,,
178,2.3418562412261963,-2.5828139781951904,0.2577607333660126,0.2586683928966522,0.02628576196730137,1.800715446472168,1.7975672483444214,0.06643731147050858,0.36049219965934753,0.0,0.012727651318907733,1.1074470281600952,0.15540224313735962,,,,,,,,,,,,,,,,
179,2.341121196746826,-2.597564697265625,0.2594166100025177,0.2597186863422394,0.026000622659921646,1.797225832939148,1.794744849205017,0.06382386386394501,0.35639625787734985,0.0,0.012740416091680522,1.1093394756317139,0.15596142411231995,,,,,,,,,,,,,,,,
180,2.341080665588379,-2.6137545108795166,0.25655868649482727,0.2582988142967224,0.025863055139780045,1.802370548248291,1.7983498573303223,0.0640987753868103,0.3555440604686737,0.0,0.012753235846757884,1.1210371255874634,0.15490679442882538,,,,,,,,,,,,,,,,
181,2.3430962562561035,-2.6287388801574707,0.2601870894432068,0.2619950473308563,0.025466924533247948,1.7979539632797241,1.792940616607666,0.06287149339914322,0.35743194818496704,0.0,0.012765810145437713,1.130068063735962,0.15529030561447144,,,,,,,,,,,,,,,,
182,2.343653917312622,-2.642728567123413,0.2610470950603485,0.2628355324268341,0.02642233856022358,1.795763373374939,1.790934443473816,0.059535786509513855,0.35263603925704956,0.0,0.012777717302739616,1.1396855115890503,0.15352082252502441,,,,,,,,,,,,,,,,
183,2.3416388034820557,-2.6633591651916504,0.2617858052253723,0.2629518210887909,0.02529081515967846,1.7934411764144897,1.7897799015045166,0.06113230064511299,0.35026684403419495,0.0,0.012789943762868638,1.1445677280426025,0.15502117574214935,,,,,,,,,,,,,,,,
184,2.3384644985198975,-2.662294387817383,0.2607318162918091,0.26094505190849304,0.024642622098326683,1.7930934429168701,1.791196346282959,0.05935395881533623,0.34911924600601196,0.0,0.012801814554631705,1.1654483079910278,0.15475262701511383,,,,,,,,,,,,,,,,
185,2.3396263122558594,-2.692207098007202,0.2592913508415222,0.2600857615470886,0.02513512782752514,1.7968984842300415,1.7933298349380493,0.05795701965689659,0.349004328250885,0.0,0.012813405958563085,1.1839779615402222,0.15414197742938995,,,,,,,,,,,,,,,,
186,2.341242790222168,-2.6914291381835938,0.2618409991264343,0.2619391977787018,0.024719543755054474,1.7934907674789429,1.7919951677322388,0.057398054748773575,0.34170404076576233,0.0,0.012824885569512839,1.1918463706970215,0.15362073481082916,,,,,,,,,,,,,,,,
187,2.3407812118530273,-2.68858003616333,0.2590908110141754,0.2593909204006195,0.02514016255736351,1.7979919910430908,1.7963266372680664,0.05677381902933121,0.348035603761673,0.0,0.012836240333318705,1.2191102504730225,0.15264981985092163,,,,,,,,,,,,,,,,
188,2.3409008979797363,-2.7260987758636475,0.2625078558921814,0.26270362734794617,0.02471345290541649,1.792098879814148,1.7898532152175903,0.057286832481622696,0.3407798409461975,0.0,0.012847697699815029,1.234387755393982,0.1532452553510666,,,,,,,,,,,,,,,,
189,2.34047532081604,-2.7292215824127197,0.2608649432659149,0.26116079092025757,0.024746045470237732,1.7948975563049316,1.7925094366073608,0.0573202408850193,0.3401601016521454,0.0,0.012859161747992032,1.2436468601226807,0.15390126407146454,,,,,,,,,,,,,,,,
190,2.341264247894287,-2.7337310314178467,0.2598091661930084,0.26075538992881775,0.025474410504102707,1.7973928451538086,1.7930573225021362,0.05519302189350128,0.3386726975440979,0.0,0.012870200352370732,1.2545408010482788,0.15272481739521027,,,,,,,,,,,,,,,,
191,2.339454174041748,-2.7622790336608887,0.2636801302433014,0.2640409767627716,0.02472035214304924,1.7881816625595093,1.7858439683914185,0.05498268082737923,0.33484917879104614,0.0,0.012881196888536207,1.2485578060150146,0.1520378738641739,,,,,,,,,,,,,,,,
192,2.3435122966766357,-2.775744676589966,0.2610167860984802,0.2619926929473877,0.024974005296826363,1.7971279621124268,1.7939296960830688,0.05330568179488182,0.33362287282943726,0.0,0.012891858024895184,1.2745894193649292,0.15095913410186768,,,,,,,,,,,,,,,,
193,2.337667226791382,-2.794477939605713,0.26489487290382385,0.2655872404575348,0.023995572701096535,1.7848037481307983,1.7815752029418945,0.05389305576682091,0.3332139253616333,0.0,0.012902636636048547,1.2921994924545288,0.1521236151456833,,,,,,,,,,,,,,,,
194,2.3397505283355713,-2.7986462116241455,0.26326999068260193,0.26433008909225464,0.02456199750304222,1.7893927097320557,1.7857842445373535,0.052752017974853516,0.3337835669517517,0.0,0.012913187039643519,1.2955827713012695,0.1497025340795517,,,,,,,,,,,,,,,,
195,2.3404016494750977,-2.807159423828125,0.26301443576812744,0.26378166675567627,0.02452581375837326,1.7905699014663696,1.787589430809021,0.05164361372590065,0.3350960314273834,0.0,0.012923515762388699,1.3058011531829834,0.1511269211769104,,,,,,,,,,,,,,,,
196,2.3383402824401855,-2.8118462562561035,0.2630491852760315,0.26375970244407654,0.023355785757303238,1.7893290519714355,1.7870222330093384,0.05143943428993225,0.3356930613517761,0.0,0.012933803649246685,1.3122665882110596,0.14919127523899078,,,,,,,,,,,,,,,,
197,2.340085506439209,-2.823383092880249,0.2615324556827545,0.26196610927581787,0.023818830028176308,1.794042944908142,1.7914930582046509,0.05231364816427231,0.33282166719436646,0.0,0.01294426637887954,1.3246742486953735,0.15007957816123962,,,,,,,,,,,,,,,,
198,2.340925693511963,-2.8399198055267334,0.2621080279350281,0.2627350986003876,0.02484826371073723,1.792851448059082,1.7896171808242798,0.050740402191877365,0.33368998765945435,0.0,0.012954414459317916,1.3337150812149048,0.14731252193450928,,,,,,,,,,,,,,,,
199,2.3383841514587402,-2.851170301437378,0.2620101869106293,0.2628761827945709,0.0238095223903656,1.7910679578781128,1.78830885887146,0.04935157299041748,0.3361067771911621,0.0,0.012964284773916,1.3480205535888672,0.1484149843454361,,,,,,,,,,,,,,,,
200,2.3415684700012207,-2.862647294998169,0.2610049545764923,0.26186686754226685,0.024352286010980606,1.795807123184204,1.7928813695907593,0.05006841570138931,0.33471420407295227,0.0,0.012974298457056279,1.3630118370056152,0.14926373958587646,,,,,,,,,,,,,,,,
201,2.3398187160491943,-2.8890256881713867,0.2614670991897583,0.26182645559310913,0.024200497195124626,1.7932816743850708,1.7913676500320435,0.048263005912303925,0.3342619240283966,0.0,0.012983951058238739,1.3917839527130127,0.1477852612733841,,,,,,,,,,,,,,,,
202,2.341029644012451,-2.901926040649414,0.2613331377506256,0.2614535093307495,0.0238526351749897,1.7950999736785889,1.793681025505066,0.047825273126363754,0.33712267875671387,0.0,0.012993516112864012,1.4066178798675537,0.14842255413532257,,,,,,,,,,,,,,,,
203,2.3394994735717773,-2.911180019378662,0.2621634602546692,0.2618820369243622,0.024463694542646408,1.7915515899658203,1.7904291152954102,0.047099411487579346,0.32925328612327576,0.0,0.013002935995161528,1.4049533605575562,0.14766862988471985,,,,,,,,,,,,,,,,
204,2.3373897075653076,-2.9120001792907715,0.2653146982192993,0.2655025124549866,0.02337241731584072,1.784266710281372,1.7821335792541504,0.04731452465057373,0.3278651535511017,0.0,0.013012398900091643,1.4261753559112549,0.1472158133983612,,,,,,,,,,,,,,,,
205,2.339137077331543,-2.9275543689727783,0.2617594003677368,0.2625912129878998,0.023977184668183327,1.792464017868042,1.7891545295715332,0.04700864478945732,0.3224238157272339,0.0,0.013021800629049535,1.4315005540847778,0.1474284529685974,,,,,,,,,,,,,,,,
206,2.3413314819335938,-2.951244592666626,0.2629815638065338,0.2636648416519165,0.02304660528898239,1.7932398319244385,1.7900375127792358,0.045652154833078384,0.3181198835372925,0.0,0.01303093106001615,1.4407750368118286,0.14687849581241608,,,,,,,,,,,,,,,,
207,2.340432643890381,-2.9578893184661865,0.262346088886261,0.2622884213924408,0.023931093513965607,1.7925050258636475,1.791229248046875,0.0462101548910141,0.3181278109550476,0.0,0.013040173090994353,1.4763851165771484,0.14750592410564423,,,,,,,,,,,,,,,,
208,2.3370137214660645,-2.976142406463623,0.26520633697509766,0.2653191387653351,0.023423394188284874,1.7837578058242798,1.7823717594146729,0.04539639502763748,0.3206331729888916,0.0,0.01304925236999988,1.4759939908981323,0.1479627937078476,,,,,,,,,,,,,,,,
209,2.3381171226501465,-2.978358507156372,0.26369819045066833,0.2637755274772644,0.023409608751535416,1.7882251739501953,1.7862422466278076,0.04560435190796852,0.3176650404930115,0.0,0.013058373240381475,1.4902276992797852,0.1465507447719574,,,,,,,,,,,,,,,,
210,2.3385825157165527,-2.9972503185272217,0.2618357837200165,0.2634398341178894,0.023388532921671867,1.7923027276992798,1.7875343561172485,0.04481658712029457,0.31654611229896545,0.0,0.013067336557805533,1.4939285516738892,0.14752064645290375,,,,,,,,,,,,,,,,
211,2.339694023132324,-3.013665199279785,0.26546838879585266,0.2664743959903717,0.023365717381238937,1.7861213684082031,1.7826496362686157,0.044519733637571335,0.31238874793052673,0.0,0.013076240504533047,1.4916913509368896,0.14587974548339844,,,,,,,,,,,,,,,,
212,2.3367221355438232,-3.002389430999756,0.26558855175971985,0.2664066255092621,0.02264731004834175,1.783737063407898,1.7804224491119385,0.04418701305985451,0.32208144664764404,0.0,0.013085077907145018,1.521912932395935,0.14611786603927612,,,,,,,,,,,,,,,,
213,2.3396682739257812,-3.0354697704315186,0.26304009556770325,0.26392048597335815,0.023313064128160477,1.7908611297607422,1.7879278659820557,0.044982921332120895,0.3171929717063904,0.0,0.013094074491411442,1.5032457113265991,0.14497658610343933,,,,,,,,,,,,,,,,
214,2.3360445499420166,-3.0244028568267822,0.2634550631046295,0.26384982466697693,0.023223793134093285,1.7865015268325806,1.7845300436019897,0.0441407635807991,0.3224857449531555,0.0,0.013102902644127602,1.5241461992263794,0.14488208293914795,,,,,,,,,,,,,,,,
215,2.3417246341705322,-3.041252613067627,0.26673194766044617,0.26697930693626404,0.022937383502721786,1.7862602472305298,1.7838917970657349,0.044019151479005814,0.321431040763855,0.0,0.013111706474423402,1.5457653999328613,0.1462080031633377,,,,,,,,,,,,,,,,
216,2.3365888595581055,-3.0407156944274902,0.2668568193912506,0.26684412360191345,0.02255677990615368,1.7808589935302734,1.7798031568527222,0.04276338219642639,0.32049617171287537,0.0,0.013120259150862687,1.5373480319976807,0.14438430964946747,,,,,,,,,,,,,,,,
217,2.3388092517852783,-3.0561089515686035,0.26452919840812683,0.2647729814052582,0.022938085719943047,1.7875350713729858,1.7856029272079468,0.04413391649723053,0.318460077047348,0.0,0.013129085934162133,1.532633662223816,0.14601142704486847,,,,,,,,,,,,,,,,
218,2.33927845954895,-3.0828819274902344,0.26455792784690857,0.2642529308795929,0.023834260180592537,1.787298560142517,1.7859680652618408,0.04163941368460655,0.3173631429672241,0.0,0.013137413816899054,1.5401551723480225,0.14613951742649078,,,,,,,,,,,,,,,,
219,2.339427947998047,-3.1018617153167725,0.2637435793876648,0.26403385400772095,0.023407848551869392,1.7892425060272217,1.7872425317764282,0.0434892512857914,0.31880658864974976,0.0,0.013146111667156212,1.5336883068084717,0.14484095573425293,,,,,,,,,,,,,,,,
220,2.3401308059692383,-3.0958914756774902,0.26449650526046753,0.2645774781703949,0.022771062329411507,1.7889710664749146,1.7876006364822388,0.04451056942343712,0.31269657611846924,0.0,0.0131550137810409,1.531175971031189,0.14451202750205994,,,,,,,,,,,,,,,,
221,2.3388662338256836,-3.121936798095703,0.26692453026771545,0.26706552505493164,0.022667022421956062,1.7830352783203125,1.7813827991485596,0.04332304745912552,0.3149728775024414,0.0,0.013163678390532726,1.5408999919891357,0.14545157551765442,,,,,,,,,,,,,,,,
222,2.3367679119110107,-3.132092237472534,0.26766544580459595,0.2675729990005493,0.022516725584864616,1.779894232749939,1.778131365776062,0.04194873943924904,0.3120691776275635,0.0,0.013172068138420576,1.5485821962356567,0.14278072118759155,,,,,,,,,,,,,,,,
223,2.3403217792510986,-3.131251573562622,0.26943153142929077,0.26953059434890747,0.023107849061489105,1.7793315649032593,1.7771722078323364,0.040807079523801804,0.31298720836639404,0.0,0.013180229554325336,1.5679972171783447,0.1439475268125534,,,,,,,,,,,,,,,,
224,2.3391430377960205,-3.147627353668213,0.2680690884590149,0.26886510848999023,0.023521067574620247,1.7801636457443237,1.7772120237350464,0.04120182991027832,0.3112620711326599,0.0,0.01318846992030739,1.582343339920044,0.14305274188518524,,,,,,,,,,,,,,,,
225,2.3391103744506836,-3.1512107849121094,0.26420217752456665,0.2645537555217743,0.022796424105763435,1.7888866662979126,1.7862296104431152,0.04178910329937935,0.3174734115600586,0.0,0.013196827740967266,1.5839427709579468,0.14469391107559204,,,,,,,,,,,,,,,,
226,2.3436992168426514,-3.168750524520874,0.2647384703159332,0.26493969559669495,0.023185037076473236,1.7917094230651855,1.7899627685546875,0.041909415274858475,0.3186005651950836,0.0,0.013205209624022237,1.6168819665908813,0.14513438940048218,,,,,,,,,,,,,,,,
227,2.336845874786377,-3.1713650226593018,0.2621428668498993,0.26203396916389465,0.02312673255801201,1.7901341915130615,1.7889505624771118,0.04089241847395897,0.31590795516967773,0.0,0.01321338810771703,1.586416244506836,0.14470699429512024,,,,,,,,,,,,,,,,
228,2.3426451683044434,-3.1814217567443848,0.26300767064094543,0.26281437277793884,0.023347655311226845,1.7940901517868042,1.792860746383667,0.040777236223220825,0.3121784031391144,0.0,0.013221543554961673,1.5851515531539917,0.14336620271205902,,,,,,,,,,,,,,,,
229,2.336833953857422,-3.214733839035034,0.26275020837783813,0.26352933049201965,0.022690605372190475,1.7894490957260132,1.7862783670425415,0.03945489972829819,0.30329617857933044,0.0,0.013229434534907332,1.6081249713897705,0.14284014701843262,,,,,,,,,,,,,,,,
230,2.3387811183929443,-3.2213854789733887,0.2652903199195862,0.26581525802612305,0.0228252112865448,1.7863478660583496,1.7833527326583862,0.039872538298368454,0.3059883713722229,0.0,0.013237409042567006,1.6468000411987305,0.14325018227100372,,,,,,,,,,,,,,,,
231,2.336601734161377,-3.250026226043701,0.26848268508911133,0.2685699760913849,0.02229296788573265,1.778209924697876,1.776302695274353,0.03927316516637802,0.2997314929962158,0.0,0.01324526367560028,1.6282215118408203,0.14218109846115112,,,,,,,,,,,,,,,,
232,2.3368148803710938,-3.2699034214019775,0.2696850299835205,0.26960405707359314,0.021103141829371452,1.7768785953521729,1.7759662866592407,0.03950563073158264,0.2961449921131134,0.0,0.013253164801746598,1.6263198852539062,0.14282038807868958,,,,,,,,,,,,,,,,
233,2.3356680870056152,-3.2724149227142334,0.2675209045410156,0.26769161224365234,0.02206854149699211,1.779261827468872,1.7775124311447144,0.039569027721881866,0.29900696873664856,0.0,0.013261078607290974,1.6342214345932007,0.14393332600593567,,,,,,,,,,,,,,,,
234,2.3395628929138184,-3.2827906608581543,0.2707155644893646,0.2703264355659485,0.022409899160265923,1.776460886001587,1.7757612466812134,0.039632655680179596,0.2981114983558655,0.0,0.01326900513842701,1.6257940530776978,0.1429067999124527,,,,,,,,,,,,,,,,
235,2.339367151260376,-3.269845724105835,0.26939189434051514,0.2695661783218384,0.02205694280564785,1.7794243097305298,1.7772799730300903,0.039373960345983505,0.30310386419296265,0.0,0.013276879930496206,1.6351560354232788,0.14276175200939178,,,,,,,,,,,,,,,,
236,2.3389806747436523,-3.2889580726623535,0.26732137799263,0.26787158846855164,0.02209475263953209,1.782814860343933,1.7805713415145874,0.037879619747400284,0.3068658411502838,0.0,0.013284455854445687,1.6324107646942139,0.14328360557556152,,,,,,,,,,,,,,,,
237,2.3434433937072754,-3.2971653938293457,0.26553207635879517,0.2658379077911377,0.022239893674850464,1.7908484935760498,1.7888184785842896,0.03799324855208397,0.308885395526886,0.0,0.013292054504156103,1.6308324337005615,0.14298872649669647,,,,,,,,,,,,,,,,
238,2.338268280029297,-3.30145001411438,0.2673506438732147,0.2671939730644226,0.02248653955757618,1.782151699066162,1.7803226709365845,0.039363566786050797,0.31069114804267883,0.0,0.013299927217513314,1.641502857208252,0.14342571794986725,,,,,,,,,,,,,,,,
239,2.342243194580078,-3.3269588947296143,0.2645041048526764,0.2649089992046356,0.021990841254591942,1.7918369770050049,1.7898412942886353,0.03833771124482155,0.30625277757644653,0.0,0.013307594759762278,1.62571120262146,0.14110630750656128,,,,,,,,,,,,,,,,
240,2.341398000717163,-3.3416593074798584,0.2656378746032715,0.2664736807346344,0.02219618856906891,1.7889584302902222,1.7852222919464111,0.03854713588953018,0.3009507954120636,0.0,0.013315304186940184,1.6432948112487793,0.14246118068695068,,,,,,,,,,,,,,,,
241,2.3444085121154785,-3.355417490005493,0.26794758439064026,0.2683316767215729,0.022898156195878983,1.7862725257873535,1.7841897010803223,0.038420140743255615,0.29704800248146057,0.0,0.013322988215088835,1.64256751537323,0.1417749524116516,,,,,,,,,,,,,,,,
242,2.3373310565948486,-3.3655874729156494,0.26949942111968994,0.26956939697265625,0.021525798365473747,1.7776415348052979,1.7758314609527588,0.038869328796863556,0.2913649380207062,0.0,0.013330762080848208,1.6383346319198608,0.14208552241325378,,,,,,,,,,,,,,,,
243,2.3426365852355957,-3.3762366771698,0.270808607339859,0.2711147665977478,0.022430898621678352,1.7793793678283691,1.7771852016448975,0.03789408132433891,0.2892736494541168,0.0,0.013338340897113075,1.6515583992004395,0.14244773983955383,,,,,,,,,,,,,,,,
244,2.339047431945801,-3.393155813217163,0.26947835087776184,0.2701669931411743,0.02191585674881935,1.7788397073745728,1.7761329412460327,0.03926963359117508,0.2909030616283417,0.0,0.013346194823831311,1.650698184967041,0.1416860818862915,,,,,,,,,,,,,,,,
245,2.3413772583007812,-3.393608570098877,0.2688103914260864,0.26880690455436707,0.022174444049596786,1.7823922634124756,1.7807787656784058,0.038101162761449814,0.28955039381980896,0.0,0.0133538150563836,1.6508022546768188,0.14116843044757843,,,,,,,,,,,,,,,,
246,2.339280128479004,-3.416773557662964,0.26901334524154663,0.2683529555797577,0.02214420773088932,1.7799192667007446,1.7796200513839722,0.03932487592101097,0.2945219874382019,0.0,0.013361680031567803,1.6450294256210327,0.14156177639961243,,,,,,,,,,,,,,,,
247,2.3389222621917725,-3.4362499713897705,0.26911917328834534,0.2687472999095917,0.02121882513165474,1.7802894115447998,1.7793844938278198,0.03771830350160599,0.29477018117904663,0.0,0.013369223692268124,1.6705799102783203,0.14161960780620575,,,,,,,,,,,,,,,,
248,2.340047597885132,-3.43066143989563,0.2709326446056366,0.2702525854110718,0.022049006074666977,1.7767521142959595,1.7768745422363281,0.03704848140478134,0.2999277114868164,0.0,0.01337663338854908,1.6720484495162964,0.14121878147125244,,,,,,,,,,,,,,,,
249,2.3403267860412598,-3.4279375076293945,0.27057886123657227,0.2705000042915344,0.021607104688882828,1.7786743640899658,1.7766075134277344,0.03747764602303505,0.29868435859680176,0.0,0.013384128917753688,1.6523525714874268,0.14174187183380127,,,,,,,,,,,,,,,,
250,2.3416550159454346,-3.4591903686523438,0.2711136043071747,0.27150779962539673,0.021844221279025078,1.7785353660583496,1.7758437395095825,0.03715354576706886,0.2929035425186157,0.0,0.013391559626907102,1.6776927709579468,0.14208023250102997,,,,,,,,,,,,,,,,
251,2.341186761856079,-3.448172092437744,0.26886606216430664,0.2693057656288147,0.02164757065474987,1.782740831375122,1.7799937725067139,0.03832404688000679,0.2926732003688812,0.0,0.013399224436283103,1.6567938327789307,0.14142341911792755,,,,,,,,,,,,,,,,
252,2.3405184745788574,-3.4654574394226074,0.2709287106990814,0.2704934775829315,0.021964309737086296,1.777655005455017,1.776609182357788,0.03675161302089691,0.288064181804657,0.0,0.013406574758887282,1.6856160163879395,0.14042802155017853,,,,,,,,,,,,,,,,
253,2.3398733139038086,-3.446441650390625,0.26973652839660645,0.26910850405693054,0.021865472197532654,1.7792481184005737,1.779077410697937,0.03846128284931183,0.2895753085613251,0.0,0.013414267015457145,1.6788984537124634,0.14125151932239532,,,,,,,,,,,,,,,,
254,2.3430449962615967,-3.4745261669158936,0.2667457163333893,0.2663360834121704,0.022364819422364235,1.787919521331787,1.7872774600982666,0.03791313245892525,0.28562384843826294,0.0,0.01342184964194893,1.6947418451309204,0.14168955385684967,,,,,,,,,,,,,,,,
255,2.3434064388275146,-3.5101070404052734,0.26806095242500305,0.267581582069397,0.02216421253979206,1.7859625816345215,1.7852369546890259,0.03760022670030594,0.29364293813705444,0.0,0.013429369687288991,1.716916561126709,0.14332449436187744,,,,,,,,,,,,,,,,
256,2.343229055404663,-3.53745174407959,0.2678505778312683,0.2677023708820343,0.022181980311870575,1.7858859300613403,1.785102367401123,0.035730309784412384,0.29320991039276123,0.0,0.013436515749245873,1.685295581817627,0.14149917662143707,,,,,,,,,,,,,,,,
257,2.341963291168213,-3.5479042530059814,0.2733074724674225,0.2740851938724518,0.021370863541960716,1.7746872901916504,1.771712064743042,0.03663279861211777,0.2921786606311798,0.0,0.013443842308968296,1.7058814764022827,0.14069128036499023,,,,,,,,,,,,,,,,
258,2.3456482887268066,-3.551987886428833,0.271440327167511,0.2720225155353546,0.02232830785214901,1.7814403772354126,1.7782739400863647,0.03686978295445442,0.28906193375587463,0.0,0.013451216265559188,1.7153071165084839,0.14171411097049713,,,,,,,,,,,,,,,,
259,2.3396592140197754,-3.5550484657287598,0.27163276076316833,0.2716449201107025,0.021615609526634216,1.7758369445800781,1.7736948728561401,0.03654847666621208,0.28518176078796387,0.0,0.01345852596089243,1.7069759368896484,0.14083491265773773,,,,,,,,,,,,,,,,
260,2.3432366847991943,-3.5538485050201416,0.2760814130306244,0.27568939328193665,0.02197512798011303,1.769784688949585,1.7691967487335205,0.0375155471265316,0.2884939908981323,0.0,0.013466029070317737,1.7045727968215942,0.14209698140621185,,,,,,,,,,,,,,,,
261,2.341217041015625,-3.578009843826294,0.2700691819190979,0.26989272236824036,0.02116890251636505,1.7809109687805176,1.7792613506317139,0.03567996621131897,0.28039175271987915,0.0,0.013473165063560002,1.708378791809082,0.1421978920698166,,,,,,,,,,,,,,,,
262,2.3424320220947266,-3.5919408798217773,0.26881909370422363,0.2687109410762787,0.021786047145724297,1.783825159072876,1.7824066877365112,0.03767814114689827,0.2840730547904968,0.0,0.013480700691789381,1.69884192943573,0.14218217134475708,,,,,,,,,,,,,,,,
263,2.3430004119873047,-3.593649387359619,0.26905524730682373,0.26827678084373474,0.02187594585120678,1.7837409973144531,1.783843994140625,0.03547896072268486,0.28487348556518555,0.0,0.013487796483933919,1.710259199142456,0.14082400500774384,,,,,,,,,,,,,,,,
264,2.3498361110687256,-3.618990659713745,0.27151235938072205,0.27158820629119873,0.021686790511012077,1.7856885194778442,1.7844088077545166,0.036731328815221786,0.2837778329849243,0.0,0.013495142749696962,1.7015769481658936,0.14135506749153137,,,,,,,,,,,,,,,,
265,2.338892698287964,-3.6184158325195312,0.2662452161312103,0.266757994890213,0.021101808175444603,1.7858206033706665,1.783754587173462,0.03628954291343689,0.2864462435245514,0.0,0.013502400658279649,1.6857309341430664,0.14157971739768982,,,,,,,,,,,,,,,,
266,2.343836784362793,-3.6324706077575684,0.2699680030345917,0.2708803415298462,0.021335147321224213,1.7832179069519043,1.7800885438919067,0.03489215672016144,0.28371965885162354,0.0,0.013509379089623682,1.7058321237564087,0.14088423550128937,,,,,,,,,,,,,,,,
267,2.3451311588287354,-3.638322591781616,0.27460163831710815,0.2748151123523712,0.021293070167303085,1.7750990390777588,1.7737436294555664,0.03565454110503197,0.2857520878314972,0.0,0.013516509997844688,1.7037339210510254,0.14106225967407227,,,,,,,,,,,,,,,,
268,2.3418922424316406,-3.6561617851257324,0.27385446429252625,0.2738493084907532,0.021129898726940155,1.7736963033676147,1.7724207639694214,0.035369522869586945,0.28069934248924255,0.0,0.013523583902418606,1.6951488256454468,0.1403481364250183,,,,,,,,,,,,,,,,
269,2.3444418907165527,-3.6715683937072754,0.27294403314590454,0.2729082405567169,0.021267250180244446,1.7780791521072388,1.7765655517578125,0.036408793181180954,0.27737754583358765,0.0,0.013530865661054842,1.7176530361175537,0.14133308827877045,,,,,,,,,,,,,,,,
270,2.345012664794922,-3.682459592819214,0.27503761649131775,0.2745130658149719,0.021281693130731583,1.774256944656372,1.7741034030914307,0.034682661294937134,0.2738851010799408,0.0,0.01353780219331383,1.7075663805007935,0.14111328125,,,,,,,,,,,,,,,,
271,2.3428990840911865,-3.6735029220581055,0.27543339133262634,0.2752353250980377,0.021042153239250183,1.7717440128326416,1.770632266998291,0.03559369221329689,0.27054744958877563,0.0,0.01354492093175649,1.6740201711654663,0.14056827127933502,,,,,,,,,,,,,,,,
272,2.3397748470306396,-3.6880452632904053,0.2723054885864258,0.27205947041511536,0.019747233018279076,1.776326060295105,1.7749991416931152,0.035820119082927704,0.27690014243125916,0.0,0.013552084955573076,1.689207911491394,0.1406252384185791,,,,,,,,,,,,,,,,
273,2.3405051231384277,-3.7152211666107178,0.27089858055114746,0.27115175127983093,0.020615678280591965,1.7789050340652466,1.7767728567123413,0.03605372831225395,0.2733173668384552,0.0,0.013559295701235527,1.7039920091629028,0.14100605249404907,,,,,,,,,,,,,,,,
274,2.3447794914245605,-3.750356912612915,0.2710285782814026,0.2713507413864136,0.021989980712532997,1.7814860343933105,1.779334306716919,0.03583652526140213,0.27532902359962463,0.0,0.013566463006287808,1.7023698091506958,0.14116688072681427,,,,,,,,,,,,,,,,
275,2.340968132019043,-3.752192497253418,0.2729937434196472,0.27299195528030396,0.02130020037293434,1.774334192276001,1.7730299234390259,0.03490515425801277,0.2736394703388214,0.0,0.01357344403713941,1.6902683973312378,0.13936026394367218,,,,,,,,,,,,,,,,
276,2.3426270484924316,-3.730203628540039,0.2731151878833771,0.2743579149246216,0.020784158259630203,1.7764674425125122,1.772271990776062,0.034995369613170624,0.27141451835632324,0.0,0.013580443111062044,1.696714162826538,0.14071954786777496,,,,,,,,,,,,,,,,
277,2.3441290855407715,-3.7405922412872314,0.2750639319419861,0.27618423104286194,0.020554112270474434,1.7743693590164185,1.7702842950820923,0.03574560582637787,0.2729085385799408,0.0,0.01358759223222732,1.6900616884231567,0.1407407969236374,,,,,,,,,,,,,,,,
278,2.3438966274261475,-3.7591452598571777,0.2738635838031769,0.2745199203491211,0.021026546135544777,1.7759425640106201,1.7730306386947632,0.03606487438082695,0.2739599049091339,0.0,0.013594805207103485,1.7027002573013306,0.14172178506851196,,,,,,,,,,,,,,,,
279,2.3443329334259033,-3.787008762359619,0.27326270937919617,0.2729492485523224,0.020582763478159904,1.7781749963760376,1.7769014835357666,0.0346762090921402,0.2733522951602936,0.0,0.013601740448921913,1.6921192407608032,0.1398559808731079,,,,,,,,,,,,,,,,
280,2.344078540802002,-3.79925274848938,0.27601033449172974,0.27514922618865967,0.020803505554795265,1.771787166595459,1.7724438905715942,0.036243289709091187,0.2671234607696533,0.0,0.013608989106863732,1.6942226886749268,0.1411745697259903,,,,,,,,,,,,,,,,
281,2.346308708190918,-3.793185234069824,0.27021610736846924,0.2692016363143921,0.021433258429169655,1.785423994064331,1.7854913473129272,0.03469027578830719,0.27318647503852844,0.0,0.013615927162021393,1.675740122795105,0.14071358740329742,,,,,,,,,,,,,,,,
282,2.3431782722473145,-3.809953451156616,0.27059176564216614,0.27011042833328247,0.02111586183309555,1.7817034721374512,1.7810170650482178,0.03530922904610634,0.2771792709827423,0.0,0.013622989007830613,1.6784027814865112,0.14073963463306427,,,,,,,,,,,,,,,,
283,2.341740131378174,-3.8263275623321533,0.26999422907829285,0.26987022161483765,0.021181201562285423,1.7810940742492676,1.78029465675354,0.03513069823384285,0.27829161286354065,0.0,0.013630015147477382,1.663814902305603,0.1411612331867218,,,,,,,,,,,,,,,,
284,2.3433525562286377,-3.838984251022339,0.272221177816391,0.27202075719833374,0.021733354777097702,1.7781590223312378,1.7765955924987793,0.03490747883915901,0.28456056118011475,0.0,0.013636996643245212,1.702074408531189,0.1400836557149887,,,,,,,,,,,,,,,,
285,2.343806505203247,-3.8523104190826416,0.27336809039115906,0.27429255843162537,0.021578988060355186,1.7761192321777344,1.7730146646499634,0.03465484455227852,0.27635928988456726,0.0,0.013643927612155668,1.7060991525650024,0.1419433057308197,,,,,,,,,,,,,,,,
286,2.3443710803985596,-3.8598124980926514,0.27534955739974976,0.2754979431629181,0.021407784894108772,1.7728509902954102,1.7713803052902222,0.03293800354003906,0.26975300908088684,0.0,0.013650515212863677,1.6850353479385376,0.14106643199920654,,,,,,,,,,,,,,,,
287,2.346418857574463,-3.886521816253662,0.2718476355075836,0.2718108594417572,0.020906509831547737,1.7824832201004028,1.7812243700027466,0.03401584550738335,0.2673078179359436,0.0,0.013657318381965154,1.6807326078414917,0.1416430026292801,,,,,,,,,,,,,,,,
288,2.350214958190918,-3.9012510776519775,0.2752978801727295,0.27536246180534363,0.021639563143253326,1.7787076234817505,1.7771222591400146,0.03354225680232048,0.26812082529067993,0.0,0.013664026833325618,1.6846591234207153,0.14069372415542603,,,,,,,,,,,,,,,,
289,2.3504045009613037,-3.9123802185058594,0.27877724170684814,0.27860864996910095,0.02098720893263817,1.772570013999939,1.7714924812316895,0.032552096992731094,0.25773143768310547,0.0,0.013670537252724164,1.6722412109375,0.13926203548908234,,,,,,,,,,,,,,,,
290,2.3479161262512207,-3.918827533721924,0.2800707221031189,0.2796765863895416,0.02130001410841942,1.766968011856079,1.7667696475982666,0.030722808092832565,0.25444209575653076,0.0,0.013676681814342732,1.6652694940567017,0.1379098743200302,,,,,,,,,,,,,,,,
291,2.3445000648498535,-3.923794984817505,0.28078991174697876,0.2806019186973572,0.019871974363923073,1.7637234926223755,1.7627489566802979,0.032315030694007874,0.25092893838882446,0.0,0.013683144820481533,1.6413050889968872,0.1385667473077774,,,,,,,,,,,,,,,,
292,2.3493716716766357,-3.917175531387329,0.27641186118125916,0.27636048197746277,0.02032463438808918,1.7770133018493652,1.7755359411239624,0.03089219518005848,0.2544805407524109,0.0,0.013689323259517544,1.6420739889144897,0.1388477236032486,,,,,,,,,,,,,,,,
293,2.348712205886841,-3.941580295562744,0.2793771028518677,0.2794734835624695,0.02093125320971012,1.769840955734253,1.7680200338363647,0.031152131035923958,0.26023340225219727,0.0,0.01369555368572473,1.6575480699539185,0.13793373107910156,,,,,,,,,,,,,,,,
294,2.34407901763916,-3.962871789932251,0.2712041139602661,0.2712971270084381,0.020151300355792046,1.782348394393921,1.7805047035217285,0.028643926605582237,0.2651558816432953,0.0,0.013701282471045847,1.618408441543579,0.13750244677066803,,,,,,,,,,,,,,,,
295,2.352163791656494,-3.984992265701294,0.27182045578956604,0.2716078460216522,0.021121932193636894,1.7878495454788208,1.7873778343200684,0.029305830597877502,0.2681286334991455,0.0,0.013707143637165423,1.6093006134033203,0.1369290053844452,,,,,,,,,,,,,,,,
296,2.349978446960449,-3.981902599334717,0.2760363519191742,0.2762219309806824,0.020490305498242378,1.7781459093093872,1.7763142585754395,0.028767365962266922,0.26143378019332886,0.0,0.013712897110357876,1.6057640314102173,0.1374610811471939,,,,,,,,,,,,,,,,
297,2.349315643310547,-3.9766294956207275,0.275898814201355,0.2767166197299957,0.020957479253411293,1.7774224281311035,1.7740633487701416,0.028974207118153572,0.26038530468940735,0.0,0.013718691951781506,1.6291652917861938,0.13772325217723846,,,,,,,,,,,,,,,,
298,2.3506171703338623,-4.007658004760742,0.2756577730178833,0.27700895071029663,0.020848246291279793,1.7792422771453857,1.774962306022644,0.02746475487947464,0.25427064299583435,0.0,0.0137241849027574,1.593318223953247,0.1361382156610489,,,,,,,,,,,,,,,,
299,2.3494839668273926,-4.053284645080566,0.2787582576274872,0.2797578275203705,0.021401241421699524,1.771060824394226,1.7680728435516357,0.0262538380920887,0.25100192427635193,0.0,0.013729435670375819,1.5975807905197144,0.13538271188735962,,,,,,,,,,,,,,,,
300,2.3535425662994385,-4.06934118270874,0.27702558040618896,0.2772006690502167,0.020128320902585983,1.7803432941436768,1.7780324220657349,0.02682988904416561,0.25016024708747864,0.0,0.013734801648184651,1.599999189376831,0.13657014071941376,,,,,,,,,,,,,,,,
301,2.3465576171875,-4.070439338684082,0.2797759473323822,0.2797876298427582,0.020419154316186905,1.7672991752624512,1.76585054397583,0.029320210218429565,0.2571270763874054,0.0,0.013740665690228337,1.62931227684021,0.13764435052871704,,,,,,,,,,,,,,,,
302,2.345022678375244,-4.071618556976318,0.2782691419124603,0.2774081826210022,0.020162705332040787,1.769307017326355,1.769058108329773,0.024817747995257378,0.25290921330451965,0.0,0.01374562923982739,1.5958291292190552,0.13513194024562836,,,,,,,,,,,,,,,,
303,2.3467984199523926,-4.062545299530029,0.277717262506485,0.27672287821769714,0.020488528534770012,1.7717212438583374,1.7720179557800293,0.025615543127059937,0.2504313290119171,0.0,0.013750752348452801,1.5956836938858032,0.13562950491905212,,,,,,,,,,,,,,,,
304,2.346726655960083,-4.095580577850342,0.2767331302165985,0.27593496441841125,0.020144660025835037,1.773967981338501,1.7738597393035889,0.023891907185316086,0.247836634516716,0.0,0.013755530729889864,1.6125946044921875,0.13493330776691437,,,,,,,,,,,,,,,,
305,2.3498573303222656,-4.142536163330078,0.27311229705810547,0.27259203791618347,0.020979201421141624,1.7833844423294067,1.7829631567001343,0.023595508188009262,0.24591602385044098,0.0,0.013760249831527465,1.5962605476379395,0.1349063515663147,,,,,,,,,,,,,,,,
306,2.3481462001800537,-4.167303562164307,0.27672529220581055,0.27693867683410645,0.020643552765250206,1.774825930595398,1.7728517055511475,0.02172779105603695,0.24228431284427643,0.0,0.013764595389738673,1.6043117046356201,0.13459214568138123,,,,,,,,,,,,,,,,
307,2.3505921363830566,-4.144942760467529,0.2785749137401581,0.2791508734226227,0.020522465929389,1.7740048170089722,1.770682692527771,0.021451162174344063,0.23887360095977783,0.0,0.013768885622173542,1.6164404153823853,0.13442462682724,,,,,,,,,,,,,,,,
308,2.3496689796447754,-4.121827125549316,0.2775379419326782,0.2791966497898102,0.0213756300508976,1.7736890316009521,1.7694287300109863,0.0232864823192358,0.24079281091690063,0.0,0.013773542918637388,1.5875020027160645,0.1342254877090454,,,,,,,,,,,,,,,,
309,2.347533702850342,-4.143980503082275,0.27932843565940857,0.2801172435283661,0.020451119169592857,1.769159197807312,1.7661147117614746,0.020811257883906364,0.23816803097724915,0.0,0.013777705170214169,1.605732798576355,0.13436470925807953,,,,,,,,,,,,,,,,
310,2.353731155395508,-4.158262729644775,0.28099772334098816,0.280905157327652,0.020376399159431458,1.7721455097198486,1.7707585096359253,0.019863298162817955,0.2407647967338562,0.0,0.013781677829846732,1.6179938316345215,0.13307420909404755,,,,,,,,,,,,,,,,
311,2.3498659133911133,-4.193204879760742,0.2764155864715576,0.2763824164867401,0.020322460681200027,1.7772979736328125,1.7761929035186768,0.017746224999427795,0.2448657900094986,0.0,0.013785227074846617,1.6277066469192505,0.1329752653837204,,,,,,,,,,,,,,,,
312,2.3489503860473633,-4.194976806640625,0.27566787600517273,0.2744959890842438,0.02033780887722969,1.7780014276504517,1.7788958549499512,0.018139740452170372,0.2483597993850708,0.0,0.01378885502293705,1.606571912765503,0.13285396993160248,,,,,,,,,,,,,,,,
313,2.3574037551879883,-4.207409381866455,0.27814531326293945,0.27745670080184937,0.02067716047167778,1.7806881666183472,1.781561255455017,0.017382098361849785,0.24587078392505646,0.0,0.013792331442609421,1.6018508672714233,0.13332833349704742,,,,,,,,,,,,,,,,
314,2.3479957580566406,-4.19598913192749,0.2794516682624817,0.2787034809589386,0.020192861557006836,1.7693824768066406,1.7699129581451416,0.017961684614419937,0.24638907611370087,0.0,0.013795923779532305,1.6156378984451294,0.13317546248435974,,,,,,,,,,,,,,,,
315,2.346900463104248,-4.209017276763916,0.27876195311546326,0.27929458022117615,0.02006976492702961,1.7697453498840332,1.7678030729293823,0.01643304154276848,0.23403653502464294,0.0,0.01379921038784086,1.5958507061004639,0.1325182169675827,,,,,,,,,,,,,,,,
316,2.3475561141967773,-4.233368396759033,0.27834340929985046,0.2783501148223877,0.020267238840460777,1.7710425853729248,1.7701480388641357,0.016270410269498825,0.23428602516651154,0.0,0.013802464469894759,1.6040202379226685,0.1323249340057373,,,,,,,,,,,,,,,,
317,2.3493549823760986,-4.278414726257324,0.2786726951599121,0.27888205647468567,0.02070767804980278,1.7721993923187256,1.7699856758117676,0.018445340916514397,0.23385925590991974,0.0,0.013806153538078061,1.6493237018585205,0.1334640383720398,,,,,,,,,,,,,,,,
318,2.35443115234375,-4.264938831329346,0.2810838222503662,0.2806261479854584,0.02051325887441635,1.7726337909698486,1.7717822790145874,0.01601037196815014,0.23214952647686005,0.0,0.01380935561247169,1.631648063659668,0.1322832703590393,,,,,,,,,,,,,,,,
319,2.348020315170288,-4.269901752471924,0.27888399362564087,0.2783328592777252,0.01945953443646431,1.7716275453567505,1.7710604667663574,0.016425104811787605,0.23195041716098785,0.0,0.013812640633434048,1.6621836423873901,0.13313548266887665,,,,,,,,,,,,,,,,
320,2.3504977226257324,-4.253801345825195,0.2780769467353821,0.2776571810245514,0.019744550809264183,1.7755093574523926,1.7745287418365479,0.016094844788312912,0.23179712891578674,0.0,0.013815859602391711,1.6259020566940308,0.1319390833377838,,,,,,,,,,,,,,,,
321,2.3501839637756348,-4.2857279777526855,0.27997735142707825,0.27988722920417786,0.020095163956284523,1.7708134651184082,1.7696348428726196,0.01553517859429121,0.23334524035453796,0.0,0.01381896663811057,1.643200159072876,0.13277968764305115,,,,,,,,,,,,,,,,
322,2.3482494354248047,-4.312308311462402,0.2780206799507141,0.27919381856918335,0.01969088613986969,1.7731422185897827,1.7695461511611938,0.013811783865094185,0.23515307903289795,0.0,0.013821728994883589,1.6637316942214966,0.13221430778503418,,,,,,,,,,,,,,,,
323,2.3522725105285645,-4.33366060256958,0.2806127965450287,0.28167372941970825,0.019677408039569855,1.7720991373062134,1.7685182094573975,0.014440826140344143,0.2309928685426712,0.0,0.013824617160111657,1.6501907110214233,0.1317892074584961,,,,,,,,,,,,,,,,
324,2.3541100025177,-4.334139347076416,0.28082627058029175,0.2815089523792267,0.020697342231869698,1.7722223997116089,1.769932508468628,0.015719670802354813,0.23286157846450806,0.0,0.01382776109427213,1.6640208959579468,0.13355135917663574,,,,,,,,,,,,,,,,
325,2.345855236053467,-4.337311267852783,0.2775671184062958,0.277986079454422,0.01957057975232601,1.7718628644943237,1.76960027217865,0.014924443326890469,0.22970187664031982,0.0,0.013830745982937508,1.634751796722412,0.1317264586687088,,,,,,,,,,,,,,,,
326,2.3492228984832764,-4.349259376525879,0.2773255705833435,0.2774379849433899,0.02123202383518219,1.7742524147033691,1.7722022533416748,0.014583836309611797,0.23269066214561462,0.0,0.01383366275019943,1.6335197687149048,0.13248679041862488,,,,,,,,,,,,,,,,
327,2.350968837738037,-4.373656272888184,0.27797070145606995,0.27736908197402954,0.020397333428263664,1.7753020524978638,1.7751611471176147,0.014124763198196888,0.23566780984401703,0.0,0.01383648770283907,1.6542216539382935,0.13219283521175385,,,,,,,,,,,,,,,,
328,2.349881172180176,-4.390835285186768,0.27915191650390625,0.27790671586990356,0.020584426820278168,1.7718816995620728,1.772594928741455,0.014012043364346027,0.24067670106887817,0.0,0.01383929011151194,1.6633520126342773,0.13189931213855743,,,,,,,,,,,,,,,,
329,2.355922222137451,-4.38541316986084,0.28334367275238037,0.2824645936489105,0.020671002566814423,1.7694453001022339,1.7694402933120728,0.013948815874755383,0.2398701161146164,0.0,0.01384207987468689,1.6496508121490479,0.13231335580348969,,,,,,,,,,,,,,,,
330,2.34963059425354,-4.382518291473389,0.2797681987285614,0.27913862466812134,0.019861681386828423,1.7708159685134888,1.7709083557128906,0.013665076345205307,0.23252609372138977,0.0,0.013844812889955932,1.6465089321136475,0.13244302570819855,,,,,,,,,,,,,,,,
331,2.349716901779175,-4.391750812530518,0.28015169501304626,0.28003960847854614,0.019478842616081238,1.7706298828125,1.7694635391235352,0.0139559181407094,0.22693288326263428,0.0,0.013847604073584074,1.6705764532089233,0.13269436359405518,,,,,,,,,,,,,,,,
332,2.3517513275146484,-4.4059271812438965,0.27982184290885925,0.2801509499549866,0.020044628530740738,1.7729144096374512,1.7705535888671875,0.013695312663912773,0.2203633338212967,0.0,0.013850343136116857,1.6749608516693115,0.1322307586669922,,,,,,,,,,,,,,,,
333,2.3482205867767334,-4.441293239593506,0.2809862196445465,0.28116199374198914,0.01921740360558033,1.7675637006759644,1.766146183013916,0.012972799129784107,0.22063322365283966,0.0,0.013852937695942813,1.6817599534988403,0.13206204771995544,,,,,,,,,,,,,,,,
334,2.347174882888794,-4.454165458679199,0.27989038825035095,0.2796087861061096,0.019480857998132706,1.768672227859497,1.7677174806594849,0.015521864406764507,0.2235054075717926,0.0,0.013856042068824166,1.671368956565857,0.13235515356063843,,,,,,,,,,,,,,,,
335,2.3547301292419434,-4.462752819061279,0.28024882078170776,0.280583918094635,0.021013163030147552,1.774184226989746,1.7715846300125122,0.012919068336486816,0.22744961082935333,0.0,0.013858625882491463,1.6629571914672852,0.13151805102825165,,,,,,,,,,,,,,,,
336,2.3531110286712646,-4.443006992340088,0.28249219059944153,0.28244534134864807,0.0196227990090847,1.7693970203399658,1.7677042484283447,0.013095799833536148,0.2282058447599411,0.0,0.01386124504245817,1.674372911453247,0.13136017322540283,,,,,,,,,,,,,,,,
337,2.3618898391723633,-4.4634575843811035,0.286638081073761,0.2863958775997162,0.01933968998491764,1.7700902223587036,1.76894211769104,0.012834661640226841,0.23032450675964355,0.0,0.013863811974786215,1.6656012535095215,0.13179892301559448,,,,,,,,,,,,,,,,
338,2.349560260772705,-4.481916904449463,0.28108081221580505,0.2811879813671112,0.019471457228064537,1.7684714794158936,1.7671688795089722,0.013419953174889088,0.22817760705947876,0.0,0.013866495965421194,1.6755391359329224,0.13130046427249908,,,,,,,,,,,,,,,,
339,2.3527042865753174,-4.527553558349609,0.2777482867240906,0.2777150869369507,0.019355561584234238,1.778708577156067,1.7770620584487915,0.013416479341685772,0.22226552665233612,0.0,0.01386917926128953,1.6746188402175903,0.13131916522979736,,,,,,,,,,,,,,,,
340,2.356586456298828,-4.531832695007324,0.2804182469844818,0.2797883152961731,0.01942487619817257,1.7771053314208984,1.7768049240112305,0.013499276712536812,0.22008971869945526,0.0,0.013871879116632038,1.6603331565856934,0.13171745836734772,,,,,,,,,,,,,,,,
341,2.3561840057373047,-4.4944167137146,0.2848984897136688,0.2849007844924927,0.0196995809674263,1.7672511339187622,1.7661192417144775,0.013406460173428059,0.2158939093351364,0.0,0.013874560408666723,1.639233112335205,0.1317138373851776,,,,,,,,,,,,,,,,
342,2.350957155227661,-4.502314567565918,0.2838073968887329,0.28423070907592773,0.019517090171575546,1.7644479274749756,1.7623560428619385,0.01377639640122652,0.2108359932899475,0.0,0.013877315687946968,1.649543285369873,0.13169708847999573,,,,,,,,,,,,,,,,
343,2.356804132461548,-4.534450054168701,0.28422948718070984,0.28512459993362427,0.02044505998492241,1.768445372581482,1.7655647993087769,0.012603061273694038,0.21689660847187042,0.0,0.013879836300201707,1.6629916429519653,0.13074658811092377,,,,,,,,,,,,,,,,
344,2.3527915477752686,-4.566219806671143,0.282133013010025,0.2822357416152954,0.01959925703704357,1.7697105407714844,1.7679368257522583,0.013600396923720837,0.224546879529953,0.0,0.013882556379586452,1.6672381162643433,0.1306248903274536,,,,,,,,,,,,,,,,
345,2.3479700088500977,-4.590240955352783,0.2760535478591919,0.275726318359375,0.01955876499414444,1.7768452167510986,1.7764173746109009,0.013689043000340462,0.22732970118522644,0.0,0.01388529418818652,1.639701247215271,0.13131055235862732,,,,,,,,,,,,,,,,
346,2.353085517883301,-4.559060573577881,0.27978911995887756,0.2802062928676605,0.020245453342795372,1.7739413976669312,1.7717479467391968,0.01337484735995531,0.22193543612957,0.0,0.013887969157658511,1.661393642425537,0.1300656795501709,,,,,,,,,,,,,,,,
347,2.3516886234283447,-4.5485310554504395,0.2799942195415497,0.28006523847579956,0.01931903138756752,1.7733889818191528,1.7712312936782837,0.012836570851504803,0.2170206755399704,0.0,0.013890536471828812,1.6727608442306519,0.13072723150253296,,,,,,,,,,,,,,,,
348,2.3572964668273926,-4.5896687507629395,0.2831558585166931,0.2837453782558441,0.018895531073212624,1.7724725008010864,1.7705268859863281,0.012837116606533527,0.21415306627750397,0.0,0.01389310389515012,1.6746643781661987,0.13042818009853363,,,,,,,,,,,,,,,,
349,2.3574910163879395,-4.629395008087158,0.28380322456359863,0.2845919728279114,0.01924160309135914,1.7711994647979736,1.768508791923523,0.013592599891126156,0.21997593343257904,0.0,0.013895822415128345,1.656468152999878,0.13131104409694672,,,,,,,,,,,,,,,,
350,2.351712465286255,-4.6428914070129395,0.2818332314491272,0.2826584279537201,0.018626615405082703,1.7700941562652588,1.7670942544937134,0.013026275672018528,0.21667084097862244,0.0,0.01389842767026275,1.6693360805511475,0.13155506551265717,,,,,,,,,,,,,,,,
351,2.3590049743652344,-4.632943630218506,0.2861471176147461,0.2865317463874817,0.01973935402929783,1.767582893371582,1.7655909061431885,0.013218090869486332,0.2181924730539322,0.0,0.013901071288436647,1.676810622215271,0.13128335773944855,,,,,,,,,,,,,,,,
352,2.3511295318603516,-4.6273956298828125,0.2842041850090027,0.2834990918636322,0.019358236342668533,1.7643319368362427,1.7638044357299805,0.012385431677103043,0.21157990396022797,0.0,0.013903548374772067,1.678985834121704,0.13077329099178314,,,,,,,,,,,,,,,,
353,2.357903003692627,-4.609605312347412,0.28647854924201965,0.2862495481967926,0.018927495926618576,1.766822099685669,1.7656726837158203,0.012601739726960659,0.2163705825805664,0.0,0.01390606872271746,1.6964476108551025,0.13050314784049988,,,,,,,,,,,,,,,,
354,2.3601608276367188,-4.64415168762207,0.28308743238449097,0.2822502553462982,0.019460482522845268,1.775120735168457,1.775604486465454,0.01302247866988182,0.21974149346351624,0.0,0.013908673218451436,1.6793653964996338,0.1313471794128418,,,,,,,,,,,,,,,,
355,2.348886728286743,-4.705539226531982,0.2813762426376343,0.28029000759124756,0.01880527287721634,1.7682207822799683,1.7686095237731934,0.012828336097300053,0.21853718161582947,0.0,0.013911238885670895,1.660461664199829,0.13110707700252533,,,,,,,,,,,,,,,,
356,2.3535823822021484,-4.69255256652832,0.27823391556739807,0.2779202461242676,0.018622709438204765,1.77940034866333,1.7782105207443237,0.012378544546663761,0.21233230829238892,0.0,0.013913714594580228,1.6664247512817383,0.1307893693447113,,,,,,,,,,,,,,,,
357,2.3544363975524902,-4.673932075500488,0.283718466758728,0.28378623723983765,0.018847329542040825,1.7687827348709106,1.7673860788345337,0.012427846901118755,0.20773425698280334,0.0,0.013916200163960451,1.6610952615737915,0.13025394082069397,,,,,,,,,,,,,,,,
358,2.353593349456787,-4.661795139312744,0.2862306833267212,0.2868163585662842,0.01836756244301796,1.7635579109191895,1.7607994079589844,0.012270340695977211,0.20076137781143188,0.0,0.013918654232099646,1.6758694648742676,0.1309281587600708,,,,,,,,,,,,,,,,
359,2.3645362854003906,-4.6828155517578125,0.28951942920684814,0.290201872587204,0.01979629509150982,1.7665303945541382,1.7635067701339722,0.012307792901992798,0.20588962733745575,0.0,0.013921115790680045,1.6871328353881836,0.1307901293039322,,,,,,,,,,,,,,,,
360,2.3587143421173096,-4.746224403381348,0.2875537574291229,0.2880491316318512,0.018870873376727104,1.7657586336135864,1.7627222537994385,0.012755926698446274,0.21479254961013794,0.0,0.013923666976019735,1.6787190437316895,0.13029387593269348,,,,,,,,,,,,,,,,
361,2.358891487121582,-4.761087417602539,0.2855658531188965,0.2854708731174469,0.01958294026553631,1.768967866897583,1.7675758600234985,0.011908488348126411,0.21297869086265564,0.0,0.013926048673689361,1.6591596603393555,0.1306373029947281,,,,,,,,,,,,,,,,
362,2.358280658721924,-4.728239059448242,0.2867175340652466,0.2865380644798279,0.019249629229307175,1.7662569284439087,1.765294075012207,0.012289762496948242,0.21527840197086334,0.0,0.01392850662618875,1.674440860748291,0.13050779700279236,,,,,,,,,,,,,,,,
363,2.3641679286956787,-4.732008934020996,0.2857666313648224,0.28492334485054016,0.019533103331923485,1.7740397453308105,1.7738498449325562,0.01225877832621336,0.2111976146697998,0.0,0.013930958381853993,1.6687372922897339,0.1305171102285385,,,,,,,,,,,,,,,,
364,2.3629446029663086,-4.740269184112549,0.28450486063957214,0.2836845815181732,0.019764931872487068,1.7750717401504517,1.774908423423767,0.011996769346296787,0.21540214121341705,0.0,0.013933357735723252,1.6497584581375122,0.13016380369663239,,,,,,,,,,,,,,,,
365,2.359426259994507,-4.8000030517578125,0.28305867314338684,0.28325027227401733,0.019064825028181076,1.7751680612564087,1.7729369401931763,0.012266525998711586,0.2110643982887268,0.0,0.013935811040922993,1.6853841543197632,0.1305798888206482,,,,,,,,,,,,,,,,
366,2.3575000762939453,-4.826723098754883,0.28597962856292725,0.28594887256622314,0.01881963573396206,1.7673131227493286,1.766191005706787,0.012321652844548225,0.21309758722782135,0.0,0.013938275371491903,1.6719939708709717,0.12996117770671844,,,,,,,,,,,,,,,,
367,2.359610080718994,-4.817616939544678,0.2880704402923584,0.2874394655227661,0.019749876111745834,1.7650401592254639,1.7636605501174927,0.012077782303094864,0.20244050025939941,0.0,0.013940690927952522,1.6620476245880127,0.13046927750110626,,,,,,,,,,,,,,,,
368,2.35760760307312,-4.789020538330078,0.28587204217910767,0.286383718252182,0.018858598545193672,1.7675977945327759,1.7653889656066895,0.011471353471279144,0.19789530336856842,0.0,0.013942985198646778,1.6763533353805542,0.13033701479434967,,,,,,,,,,,,,,,,
369,2.359107494354248,-4.792919158935547,0.28677985072135925,0.28717041015625,0.018127575516700745,1.7683634757995605,1.7656961679458618,0.0127125084400177,0.19983011484146118,0.0,0.01394552770033478,1.6500959396362305,0.13033613562583923,,,,,,,,,,,,,,,,
370,2.3627166748046875,-4.817202091217041,0.28917184472084045,0.289325088262558,0.018322307616472244,1.7669285535812378,1.7648662328720093,0.012628138065338135,0.2036241888999939,0.0,0.013948053327947848,1.666930079460144,0.1304173469543457,,,,,,,,,,,,,,,,
371,2.3606302738189697,-4.858401298522949,0.2845732271671295,0.284746915102005,0.018945692107081413,1.7732141017913818,1.771514654159546,0.012526151724159718,0.2112112194299698,0.0,0.01395055855829268,1.653998851776123,0.13054250180721283,,,,,,,,,,,,,,,,
372,2.3595755100250244,-4.884379863739014,0.28790807723999023,0.2877769470214844,0.018710603937506676,1.765870451927185,1.7644892930984497,0.012288521975278854,0.20901595056056976,0.0,0.013953016262687735,1.6615660190582275,0.12981677055358887,,,,,,,,,,,,,,,,
373,2.3652334213256836,-4.865620136260986,0.289486289024353,0.28913965821266174,0.019252579659223557,1.768040657043457,1.7666693925857544,0.012408372946083546,0.2073124498128891,0.0,0.013955497937276951,1.6439753770828247,0.13032874464988708,,,,,,,,,,,,,,,,
374,2.365548610687256,-4.856274604797363,0.28750747442245483,0.28774163126945496,0.018883930519223213,1.7723814249038696,1.7704493999481201,0.011929349042475224,0.2009137123823166,0.0,0.013957883807085446,1.6609565019607544,0.12982983887195587,,,,,,,,,,,,,,,,
375,2.3689098358154297,-4.863530158996582,0.29009878635406494,0.2901756465435028,0.019349727779626846,1.770411491394043,1.7681597471237183,0.011914508417248726,0.19759394228458405,0.0,0.013960266708768897,1.6611297130584717,0.1298779547214508,,,,,,,,,,,,,,,,
376,2.354128837585449,-4.8744916915893555,0.2874508500099182,0.2881842851638794,0.018322942778468132,1.7616653442382812,1.758676290512085,0.012739008292555809,0.1970924437046051,0.0,0.013962814510427407,1.6562168598175049,0.1299150139093399,,,,,,,,,,,,,,,,
377,2.3665006160736084,-4.918403625488281,0.2859339416027069,0.286783903837204,0.01957845315337181,1.775865077972412,1.7725435495376587,0.011846046894788742,0.20037901401519775,0.0,0.013965183719806365,1.6510522365570068,0.12922388315200806,,,,,,,,,,,,,,,,
378,2.3630542755126953,-4.95194149017334,0.2855231463909149,0.2853720784187317,0.01925632543861866,1.7737780809402466,1.7720271348953247,0.011646775528788567,0.20177485048770905,0.0,0.013967513074912122,1.6555992364883423,0.1300862431526184,,,,,,,,,,,,,,,,
379,2.35664701461792,-4.933222770690918,0.2841067910194397,0.2835462987422943,0.018629852682352066,1.7706787586212158,1.7700494527816772,0.011413371190428734,0.2039928287267685,0.0,0.013969795749150209,1.6714763641357422,0.12945713102817535,,,,,,,,,,,,,,,,
380,2.3587687015533447,-4.917762279510498,0.2890898883342743,0.28863605856895447,0.018855798989534378,1.7627781629562378,1.7615957260131836,0.011717845685780048,0.19980381429195404,0.0,0.013972139318287365,1.6541035175323486,0.12904074788093567,,,,,,,,,,,,,,,,
381,2.3666110038757324,-4.930161952972412,0.29037269949913025,0.29025739431381226,0.01897934079170227,1.7675975561141968,1.7664058208465576,0.013191450387239456,0.19819217920303345,0.0,0.013974777608364812,1.6087028980255127,0.1291167438030243,,,,,,,,,,,,,,,,
382,2.368176221847534,-5.005970001220703,0.29119282960891724,0.291191965341568,0.01935156062245369,1.7672759294509888,1.76560378074646,0.010996086522936821,0.1941019743680954,0.0,0.0139769768256694,1.647920846939087,0.12910215556621552,,,,,,,,,,,,,,,,
383,2.369102954864502,-5.04211950302124,0.2916087806224823,0.29178401827812195,0.019075311720371246,1.7674692869186401,1.7658002376556396,0.012015962973237038,0.1971186101436615,0.0,0.013979380018264046,1.6136431694030762,0.1292303204536438,,,,,,,,,,,,,,,,
384,2.3690600395202637,-5.01445198059082,0.29553401470184326,0.29604411125183105,0.01874891296029091,1.7600075006484985,1.7574585676193237,0.01092478446662426,0.19643910229206085,0.0,0.013981564975157372,1.6319659948349,0.12895192205905914,,,,,,,,,,,,,,,,
385,2.362812042236328,-4.9700164794921875,0.28776395320892334,0.2881210744380951,0.01827005296945572,1.7697960138320923,1.7675176858901978,0.011358716525137424,0.18911561369895935,0.0,0.013983836718462398,1.6496566534042358,0.12883011996746063,,,,,,,,,,,,,,,,
386,2.3601019382476807,-4.986413955688477,0.28838640451431274,0.28883931040763855,0.019304951652884483,1.7647247314453125,1.7624176740646362,0.010236361995339394,0.19430044293403625,0.0,0.013985883990861467,1.6395198106765747,0.12835752964019775,,,,,,,,,,,,,,,,
387,2.3704612255096436,-5.0265350341796875,0.2890055477619171,0.28907155990600586,0.018848979845643044,1.7744914293289185,1.7725788354873657,0.010507394559681416,0.19893404841423035,0.0,0.013987985469773404,1.6314188241958618,0.12788692116737366,,,,,,,,,,,,,,,,
388,2.357847213745117,-5.062857151031494,0.2833181321620941,0.2827257215976715,0.01887262612581253,1.7732096910476685,1.7726514339447021,0.01131384540349245,0.1998729556798935,0.0,0.013990248238854102,1.6201351881027222,0.12837959825992584,,,,,,,,,,,,,,,,
389,2.3633642196655273,-5.056768894195557,0.28424593806266785,0.2836017310619354,0.019116710871458054,1.7764637470245361,1.7763359546661377,0.010275444947183132,0.1978825330734253,0.0,0.013992303327843538,1.604374885559082,0.12784957885742188,,,,,,,,,,,,,,,,
390,2.3674733638763428,-5.041839599609375,0.29207468032836914,0.29130691289901733,0.019409596920013428,1.7647500038146973,1.7646143436431885,0.010050665587186813,0.19267728924751282,0.0,0.013994313460960976,1.603959560394287,0.12807151675224304,,,,,,,,,,,,,,,,
391,2.363243579864502,-5.019733428955078,0.28853777050971985,0.2879565358161926,0.019146475940942764,1.7680174112319946,1.7671879529953003,0.010198875330388546,0.18575401604175568,0.0,0.013996353236027053,1.605947732925415,0.12828347086906433,,,,,,,,,,,,,,,,
392,2.3665194511413574,-5.060186386108398,0.29180508852005005,0.2920193672180176,0.019529303535819054,1.7640846967697144,1.7622464895248413,0.010295381769537926,0.18960192799568176,0.0,0.013998412312380961,1.606053352355957,0.12788070738315582,,,,,,,,,,,,,,,,
393,2.3618993759155273,-5.120212554931641,0.2913321256637573,0.2915453314781189,0.01850397139787674,1.7618731260299683,1.7591625452041626,0.009426058270037174,0.18874646723270416,0.0,0.014000297524034968,1.633224368095398,0.12735852599143982,,,,,,,,,,,,,,,,
394,2.363226890563965,-5.1368865966796875,0.29207292199134827,0.29187577962875366,0.018784457817673683,1.7612519264221191,1.7597355842590332,0.009970515966415405,0.187660813331604,0.0,0.014002291627228252,1.6066508293151855,0.12700369954109192,,,,,,,,,,,,,,,,
395,2.3628427982330322,-5.087236404418945,0.29287034273147583,0.29261428117752075,0.018378663808107376,1.7594691514968872,1.758489966392517,0.010342130437493324,0.1888512223958969,0.0,0.014004360053315752,1.5882997512817383,0.12667430937290192,,,,,,,,,,,,,,,,
396,2.3649632930755615,-5.07871150970459,0.28834375739097595,0.288018137216568,0.018692653626203537,1.7703102827072144,1.7695071697235107,0.010080281645059586,0.18563087284564972,0.0,0.014006376109644763,1.5769203901290894,0.1266658455133438,,,,,,,,,,,,,,,,
397,2.3744242191314697,-5.13286018371582,0.2861504852771759,0.2861713767051697,0.01917964778840542,1.783991813659668,1.7818537950515747,0.009783275425434113,0.18608024716377258,0.0,0.014008332764729849,1.5816458463668823,0.12598975002765656,,,,,,,,,,,,,,,,
398,2.370450258255005,-5.19191837310791,0.2889837920665741,0.28913840651512146,0.018756330013275146,1.7744929790496826,1.7726505994796753,0.010190344415605068,0.19124287366867065,0.0,0.01401037083361297,1.566110610961914,0.12669572234153748,,,,,,,,,,,,,,,,
399,2.367427110671997,-5.1919474601745605,0.2908194363117218,0.2913704812526703,0.01902826875448227,1.7675153017044067,1.7649027109146118,0.009178346954286098,0.187284916639328,0.0,0.014012206503003827,1.571018934249878,0.12662473320960999,,,,,,,,,,,,,,,,
400,2.369703769683838,-5.192554950714111,0.2922317385673523,0.29318228363990784,0.01920265704393387,1.766780138015747,1.7633938789367676,0.010848377831280231,0.18012787401676178,0.0,0.014014376178570083,1.5805000066757202,0.12590384483337402,,,,,,,,,,,,,,,,
401,2.3704710006713867,-5.133161544799805,0.2986212968826294,0.29915979504585266,0.018954994156956673,1.7552891969680786,1.7521804571151733,0.010350544936954975,0.18192268908023834,0.0,0.014016446287557473,1.586543083190918,0.12582102417945862,,,,,,,,,,,,,,,,
402,2.3758909702301025,-5.160995960235596,0.2964203357696533,0.29616984724998474,0.018856098875403404,1.764907717704773,1.763981580734253,0.010463602840900421,0.1849040985107422,0.0,0.014018539008125653,1.596985101699829,0.12615196406841278,,,,,,,,,,,,,,,,
403,2.3698208332061768,-5.183345317840576,0.29138776659965515,0.29123353958129883,0.01871771551668644,1.769262671470642,1.7677007913589478,0.009655904956161976,0.190399631857872,0.0,0.014020470189116886,1.5789034366607666,0.1261346936225891,,,,,,,,,,,,,,,,
404,2.365715503692627,-5.220641136169434,0.291416198015213,0.2910364866256714,0.01926536299288273,1.7642426490783691,1.7637525796890259,0.009147302247583866,0.1912849247455597,0.0,0.014022299649566403,1.5787707567214966,0.12552520632743835,,,,,,,,,,,,,,,,
405,2.3636512756347656,-5.212663650512695,0.287160724401474,0.286575049161911,0.017707854509353638,1.7726829051971436,1.771732211112976,0.010679749771952629,0.18472476303577423,0.0,0.014024435599520792,1.5750932693481445,0.12535695731639862,,,,,,,,,,,,,,,,
406,2.3683338165283203,-5.235848426818848,0.2876787781715393,0.28753018379211426,0.0183370653539896,1.775325059890747,1.774250864982605,0.009077787399291992,0.17860431969165802,0.0,0.01402625115700065,1.6013718843460083,0.1241430714726448,,,,,,,,,,,,,,,,
407,2.367300033569336,-5.240970611572266,0.2876705825328827,0.2877759039402008,0.018831072375178337,1.7739543914794922,1.7720905542373657,0.009624634869396687,0.17185275256633759,0.0,0.01402817608397453,1.5628238916397095,0.12462089955806732,,,,,,,,,,,,,,,,
408,2.3762335777282715,-5.260491847991943,0.29324033856391907,0.29357466101646423,0.018313203006982803,1.772382140159607,1.7698283195495605,0.009504815563559532,0.17613579332828522,0.0,0.014030077047087242,1.5607677698135376,0.12522925436496735,,,,,,,,,,,,,,,,
409,2.3636362552642822,-5.280445098876953,0.2946765422821045,0.29470038414001465,0.018427137285470963,1.7567991018295288,1.7548654079437256,0.009492656216025352,0.1805153638124466,0.0,0.014031975578330448,1.586728572845459,0.12404177337884903,,,,,,,,,,,,,,,,
410,2.37457275390625,-5.3036394119262695,0.29742056131362915,0.29752206802368164,0.018294550478458405,1.7623518705368042,1.7603193521499634,0.008852452039718628,0.18232347071170807,0.0,0.014033746068738391,1.5831894874572754,0.12386839836835861,,,,,,,,,,,,,,,,
411,2.3683886528015137,-5.273758411407471,0.29514917731285095,0.29465362429618835,0.018750395625829697,1.7602893114089966,1.759381651878357,0.010644192807376385,0.1830029934644699,0.0,0.014035874907299867,1.5773686170578003,0.12482115626335144,,,,,,,,,,,,,,,,
412,2.373016595840454,-5.275826454162598,0.2948911786079407,0.2945430874824524,0.01812312938272953,1.7659157514572144,1.7650026082992554,0.00980512984097004,0.18269087374210358,0.0,0.014037835933268062,1.5606378316879272,0.12362584471702576,,,,,,,,,,,,,,,,
413,2.3710837364196777,-5.302867889404297,0.28803497552871704,0.2876470983028412,0.018980475142598152,1.7769376039505005,1.7759051322937012,0.009770609438419342,0.1786690205335617,0.0,0.014039790055155746,1.5640490055084229,0.12399391084909439,,,,,,,,,,,,,,,,
414,2.37540864944458,-5.3238983154296875,0.29208117723464966,0.29139384627342224,0.019147882238030434,1.7726041078567505,1.7729676961898804,0.00945860706269741,0.17316260933876038,0.0,0.014041681776568286,1.5877493619918823,0.12340907752513885,,,,,,,,,,,,,,,,
415,2.3730835914611816,-5.352877616882324,0.2912389934062958,0.290741503238678,0.018699180334806442,1.7725132703781128,1.7722946405410767,0.0091550899669528,0.1692008674144745,0.0,0.014043512794561676,1.5557830333709717,0.12234050035476685,,,,,,,,,,,,,,,,
416,2.3724753856658936,-5.372339725494385,0.29121819138526917,0.29143714904785156,0.018644757568836212,1.772522211074829,1.7698283195495605,0.009495106525719166,0.17098399996757507,0.0,0.01404541181586682,1.5519742965698242,0.12302270531654358,,,,,,,,,,,,,,,,
417,2.366689443588257,-5.35741662979126,0.2949945628643036,0.295491486787796,0.018383925780653954,1.7591124773025513,1.7565265893936157,0.009085962548851967,0.1664871722459793,0.0,0.014047229008376589,1.5587024688720703,0.12218619883060455,,,,,,,,,,,,,,,,
418,2.3737778663635254,-5.354418754577637,0.2970367670059204,0.2984721064567566,0.020203128457069397,1.7600641250610352,1.7560678720474243,0.008776562288403511,0.16594378650188446,0.0,0.01404898432083427,1.5434321165084839,0.12251755595207214,,,,,,,,,,,,,,,,
419,2.3763699531555176,-5.397158622741699,0.2972778081893921,0.29859453439712524,0.018581699579954147,1.7641125917434692,1.7597194910049438,0.009159396402537823,0.17499709129333496,0.0,0.014050816200114776,1.5614625215530396,0.12145277857780457,,,,,,,,,,,,,,,,
420,2.3735690116882324,-5.437790393829346,0.2991172671318054,0.29915040731430054,0.018498549237847328,1.7578585147857666,1.755746841430664,0.00975096970796585,0.17426827549934387,0.0,0.014052766394056369,1.5581594705581665,0.12130535393953323,,,,,,,,,,,,,,,,
421,2.3756802082061768,-5.405245780944824,0.3004665672779083,0.29971837997436523,0.017768213525414467,1.758030652999878,1.757423758506775,0.009956227615475655,0.17425675690174103,0.0,0.014054757639579463,1.5640716552734375,0.1217634528875351,,,,,,,,,,,,,,,,
422,2.371891736984253,-5.411123752593994,0.29429447650909424,0.2931972146034241,0.018601713702082634,1.7654876708984375,1.7661091089248657,0.009063443168997765,0.17252027988433838,0.0,0.014056570328213263,1.5550035238265991,0.12107201665639877,,,,,,,,,,,,,,,,
423,2.3669016361236572,-5.399667263031006,0.29138046503067017,0.2902572453022003,0.017767002806067467,1.7673380374908447,1.767655849456787,0.009543634951114655,0.16657453775405884,0.0,0.014058479055203486,1.55739426612854,0.12046884000301361,,,,,,,,,,,,,,,,
424,2.3843512535095215,-5.399928092956543,0.2953543961048126,0.2944067716598511,0.019034400582313538,1.7757540941238403,1.775357723236084,0.008671361953020096,0.1722683161497116,0.0,0.014060213327594091,1.5970042943954468,0.12088373303413391,,,,,,,,,,,,,,,,
425,2.3773438930511475,-5.417191982269287,0.2948438227176666,0.2948072850704193,0.01834198273718357,1.770066499710083,1.7686351537704468,0.008749752305448055,0.17662492394447327,0.0,0.01406196327805518,1.5981334447860718,0.12100628763437271,,,,,,,,,,,,,,,,
426,2.3709676265716553,-5.450393199920654,0.292047381401062,0.2926178574562073,0.018940221518278122,1.7685880661010742,1.7661362886428833,0.009198530577123165,0.1725674420595169,0.0,0.014063802984170605,1.5961894989013672,0.12122402340173721,,,,,,,,,,,,,,,,
427,2.377908706665039,-5.440328598022461,0.29490727186203003,0.29602566361427307,0.018965983763337135,1.7699083089828491,1.766111135482788,0.008674738928675652,0.17145392298698425,0.0,0.01406553793195634,1.5927461385726929,0.12070251256227493,,,,,,,,,,,,,,,,
428,2.369300603866577,-5.418980598449707,0.2942483127117157,0.29450371861457825,0.01878407411277294,1.7630406618118286,1.7604883909225464,0.00965086929500103,0.16949248313903809,0.0,0.01406746810581534,1.6213780641555786,0.12149855494499207,,,,,,,,,,,,,,,,
429,2.3732495307922363,-5.461327075958252,0.2942157983779907,0.2941129803657532,0.01832488551735878,1.7672358751296997,1.7659556865692139,0.009651333093643188,0.16807085275650024,0.0,0.014069398372434068,1.625101923942566,0.12200409173965454,,,,,,,,,,,,,,,,
430,2.370715856552124,-5.482508659362793,0.29282259941101074,0.29201817512512207,0.018150145187973976,1.7674719095230103,1.7679780721664429,0.008378218859434128,0.17107854783535004,0.0,0.014071074016205954,1.626671314239502,0.12166641652584076,,,,,,,,,,,,,,,,
431,2.3772830963134766,-5.521098613739014,0.2931630313396454,0.291750431060791,0.018161755055189133,1.773795485496521,1.7746202945709229,0.008733145892620087,0.17585773766040802,0.0,0.014072820645384478,1.6129223108291626,0.12172821909189224,,,,,,,,,,,,,,,,
432,2.368155002593994,-5.5351715087890625,0.28843575716018677,0.2873677611351013,0.01823848858475685,1.7739315032958984,1.7742946147918701,0.008563918992877007,0.1778448224067688,0.0,0.014074533429183054,1.6364892721176147,0.12075074017047882,,,,,,,,,,,,,,,,
433,2.3827693462371826,-5.528302192687988,0.30095943808555603,0.30039504170417786,0.018596090376377106,1.7630714178085327,1.7625662088394165,0.008922342211008072,0.16340382397174835,0.0,0.014076317897625255,1.5918837785720825,0.1213514655828476,,,,,,,,,,,,,,,,
434,2.3847949504852295,-5.538868427276611,0.30135032534599304,0.30207523703575134,0.018714163452386856,1.7642648220062256,1.7610455751419067,0.008513247594237328,0.15746131539344788,0.0,0.014078020547144103,1.619810938835144,0.12032424658536911,,,,,,,,,,,,,,,,
435,2.372800588607788,-5.537372589111328,0.2994430959224701,0.3005855679512024,0.01794404163956642,1.7565863132476807,1.7530697584152222,0.008608797565102577,0.1519329696893692,0.0,0.014079742306657123,1.6047536134719849,0.11974941939115524,,,,,,,,,,,,,,,,
436,2.3716368675231934,-5.570703983306885,0.2968538999557495,0.2971699833869934,0.017888782545924187,1.761146903038025,1.7583016157150269,0.008628936484456062,0.14984828233718872,0.0,0.014081468093954014,1.6437216997146606,0.11938095092773438,,,,,,,,,,,,,,,,
437,2.3692736625671387,-5.5639142990112305,0.29433298110961914,0.2942475974559784,0.018278181552886963,1.7633942365646362,1.761435627937317,0.008884505368769169,0.1562047302722931,0.0,0.014083244995027768,1.635568380355835,0.12006381899118423,,,,,,,,,,,,,,,,
438,2.3774776458740234,-5.585245609283447,0.29499465227127075,0.2942003309726715,0.01805032044649124,1.770451307296753,1.770013689994812,0.00880039669573307,0.1660267412662506,0.0,0.014085005074366915,1.625495433807373,0.11976592987775803,,,,,,,,,,,,,,,,
439,2.380728244781494,-5.588564872741699,0.29654568433761597,0.2958323359489441,0.01793811284005642,1.7706835269927979,1.770140528678894,0.009489783085882664,0.16872656345367432,0.0,0.014086903030984092,1.5993434190750122,0.11954952031373978,,,,,,,,,,,,,,,,
440,2.3771109580993652,-5.571399688720703,0.29740065336227417,0.2974858582019806,0.01836123690009117,1.7646327018737793,1.76309335231781,0.00908296462148428,0.16439497470855713,0.0,0.014088719623908388,1.6253548860549927,0.11860203742980957,,,,,,,,,,,,,,,,
441,2.3769636154174805,-5.603000640869141,0.2955106496810913,0.29610809683799744,0.018426068127155304,1.7680680751800537,1.7657697200775146,0.008596441708505154,0.160071462392807,0.0,0.014090438912250088,1.6337904930114746,0.11840246617794037,,,,,,,,,,,,,,,,
442,2.3772835731506348,-5.638876914978027,0.2973463833332062,0.29760468006134033,0.018377715721726418,1.7652839422225952,1.7626256942749023,0.008795375935733318,0.15721070766448975,0.0,0.014092197987437235,1.6411067247390747,0.11801601201295853,,,,,,,,,,,,,,,,
443,2.3702454566955566,-5.6060075759887695,0.2934180498123169,0.29346928000450134,0.01804996095597744,1.7662367820739746,1.7643797397613525,0.009577811695635319,0.16212250292301178,0.0,0.014094113549776362,1.6235811710357666,0.11799164116382599,,,,,,,,,,,,,,,,
444,2.377601146697998,-5.636782169342041,0.2956514060497284,0.2955593168735504,0.017840825021266937,1.7696367502212524,1.7674624919891357,0.008838125504553318,0.1654653400182724,0.0,0.014095881174877272,1.648197054862976,0.11875125765800476,,,,,,,,,,,,,,,,
445,2.3714752197265625,-5.609227657318115,0.29636049270629883,0.29627180099487305,0.017344849184155464,1.7620375156402588,1.7609590291976929,0.008272671140730381,0.16453807055950165,0.0,0.014097535709105418,1.6516618728637695,0.117979034781456,,,,,,,,,,,,,,,,
446,2.382063865661621,-5.632809638977051,0.2972866892814636,0.2970482110977173,0.01821400225162506,1.7702206373214722,1.7688095569610596,0.008232166059315205,0.16668426990509033,0.0,0.014099182142317281,1.6446027755737305,0.1182735338807106,,,,,,,,,,,,,,,,
447,2.3852286338806152,-5.682028293609619,0.29552990198135376,0.29528746008872986,0.018566319718956947,1.776605486869812,1.7750847339630127,0.008369991555809975,0.16454297304153442,0.0,0.014100856140628443,1.670586347579956,0.11873716861009598,,,,,,,,,,,,,,,,
448,2.371267795562744,-5.688637733459473,0.2911923825740814,0.2910006642341614,0.01774943247437477,1.7716786861419678,1.7709721326828003,0.008464395068585873,0.15687258541584015,0.0,0.01410254901964216,1.6501699686050415,0.11824885755777359,,,,,,,,,,,,,,,,
449,2.3849565982818604,-5.716542720794678,0.2960778772830963,0.29620853066444397,0.018369168043136597,1.775359869003296,1.7732421159744263,0.008662577718496323,0.1494821459054947,0.0,0.014104281535185859,1.672795295715332,0.11840420216321945,,,,,,,,,,,,,,,,
450,2.3769798278808594,-5.719171047210693,0.3013807237148285,0.30196917057037354,0.017686232924461365,1.757047414779663,1.7548396587371826,0.008550955913960934,0.14282049238681793,0.0,0.014105991726368651,1.7016891241073608,0.11934878677129745,,,,,,,,,,,,,,,,
451,2.3776438236236572,-5.698573589324951,0.30657172203063965,0.3072921335697174,0.017546819522976875,1.7476410865783691,1.7448252439498901,0.008560273796319962,0.14143304526805878,0.0,0.014107703781127915,1.6968638896942139,0.11816712468862534,,,,,,,,,,,,,,,,
452,2.3880867958068848,-5.702070713043213,0.30774080753326416,0.30808016657829285,0.01853763312101364,1.7547374963760376,1.7527189254760742,0.008915822021663189,0.14960289001464844,0.0,0.014109486945532247,1.7025187015533447,0.12008973211050034,,,,,,,,,,,,,,,,
453,2.3727633953094482,-5.762519836425781,0.2975641191005707,0.2971029281616211,0.017567966133356094,1.7609879970550537,1.760068655014038,0.00847719144076109,0.15548022091388702,0.0,0.014111182383820399,1.7154693603515625,0.11862193048000336,,,,,,,,,,,,,,,,
454,2.380052089691162,-5.745707035064697,0.2986357510089874,0.2982076406478882,0.017417799681425095,1.7660760879516602,1.7655057907104492,0.008837723173201084,0.16362248361110687,0.0,0.01411294992845504,1.7203278541564941,0.1188940480351448,,,,,,,,,,,,,,,,
455,2.3769733905792236,-5.742952346801758,0.2945161759853363,0.29269859194755554,0.0175471231341362,1.7713842391967773,1.7730388641357422,0.008033986203372478,0.15985798835754395,0.0,0.014114556725695714,1.7582978010177612,0.1191539317369461,,,,,,,,,,,,,,,,
456,2.382944107055664,-5.714869022369385,0.2986159324645996,0.2984643578529358,0.017492571845650673,1.7690051794052124,1.767737627029419,0.008688472211360931,0.14905337989330292,0.0,0.014116294420137987,1.7175281047821045,0.11932877451181412,,,,,,,,,,,,,,,,
457,2.3790059089660645,-5.7606682777404785,0.29482078552246094,0.2950870096683502,0.017535565420985222,1.7727137804031372,1.7704116106033325,0.008760628290474415,0.14349937438964844,0.0,0.014118046545796082,1.713984727859497,0.11822228133678436,,,,,,,,,,,,,,,,
458,2.3851847648620605,-5.813984394073486,0.30144405364990234,0.3020230829715729,0.01816581003367901,1.764784574508667,1.7623188495635986,0.0086862463504076,0.141707643866539,0.0,0.014119783795066164,1.7431808710098267,0.11888077110052109,,,,,,,,,,,,,,,,
459,2.3825948238372803,-5.802475929260254,0.30448105931282043,0.30500516295433044,0.018242651596665382,1.7559224367141724,1.7538092136383057,0.008138507604598999,0.1461087465286255,0.0,0.014121411496587084,1.7205543518066406,0.11722225695848465,,,,,,,,,,,,,,,,
460,2.3832077980041504,-5.80876350402832,0.3025260865688324,0.3030818998813629,0.017856238409876823,1.761247158050537,1.7582403421401978,0.008651990443468094,0.14850735664367676,0.0,0.014123141894675778,1.7294224500656128,0.11742372810840607,,,,,,,,,,,,,,,,
461,2.388387441635132,-5.787105560302734,0.3016536831855774,0.30186280608177185,0.017449812963604927,1.7684894800186157,1.7663531303405762,0.008385146036744118,0.15896326303482056,0.0,0.014124818923883127,1.7298433780670166,0.11847527325153351,,,,,,,,,,,,,,,,
462,2.3848466873168945,-5.824907302856445,0.29932060837745667,0.2989577651023865,0.018393725156784058,1.7688952684402466,1.767453908920288,0.008073806762695312,0.1566033810377121,0.0,0.014126433685235666,1.7359830141067505,0.1178707554936409,,,,,,,,,,,,,,,,
463,2.3840649127960205,-5.837335586547852,0.30112990736961365,0.30072152614593506,0.01818251796066761,1.7644171714782715,1.7636445760726929,0.008792274631559849,0.15550319850444794,0.0,0.014128192140161977,1.6950042247772217,0.11704696714878082,,,,,,,,,,,,,,,,
464,2.37876558303833,-5.857059955596924,0.2966145873069763,0.29609420895576477,0.017591040581464767,1.7687515020370483,1.7681798934936523,0.0086869727820158,0.14689673483371735,0.0,0.01412992953471838,1.7483724355697632,0.11764544993638992,,,,,,,,,,,,,,,,
465,2.382639169692993,-5.856700420379639,0.30097439885139465,0.30079641938209534,0.017771219834685326,1.763566493988037,1.7626276016235352,0.008189310319721699,0.14767467975616455,0.0,0.014131567396782325,1.7438006401062012,0.11828038841485977,,,,,,,,,,,,,,,,
466,2.3771398067474365,-5.871099948883057,0.2977120578289032,0.2972899079322815,0.018474340438842773,1.7639176845550537,1.7634092569351196,0.008869089186191559,0.14148961007595062,0.0,0.014133341214619564,1.7068259716033936,0.11654432862997055,,,,,,,,,,,,,,,,
467,2.389415740966797,-5.887866973876953,0.3011074364185333,0.30057236552238464,0.018114440143108368,1.7700518369674683,1.769191026687622,0.008319873362779617,0.13711172342300415,0.0,0.01413500518929212,1.7399303913116455,0.11751309037208557,,,,,,,,,,,,,,,,
468,2.3803582191467285,-5.882544040679932,0.29907795786857605,0.29869765043258667,0.018121860921382904,1.7650715112686157,1.7638498544692993,0.008284389041364193,0.13705317676067352,0.0,0.014136662067100392,1.7439682483673096,0.11771177500486374,,,,,,,,,,,,,,,,
469,2.3761003017425537,-5.893149375915527,0.2989206910133362,0.2991178333759308,0.017416909337043762,1.7615954875946045,1.7596940994262695,0.008856510743498802,0.1413947194814682,0.0,0.014138433369249092,1.7535908222198486,0.11748435348272324,,,,,,,,,,,,,,,,
470,2.377747058868408,-5.900794982910156,0.29863590002059937,0.29921913146972656,0.017069626599550247,1.7640544176101685,1.7615904808044434,0.008139371871948242,0.14722399413585663,0.0,0.014140061243623481,1.7268571853637695,0.11724580079317093,,,,,,,,,,,,,,,,
471,2.3838844299316406,-5.93227481842041,0.2998127341270447,0.3001633584499359,0.017274903133511543,1.767791986465454,1.7654749155044556,0.00884335022419691,0.14706361293792725,0.0,0.014141829913668321,1.7472199201583862,0.11667468398809433,,,,,,,,,,,,,,,,
472,2.3862593173980713,-5.952510833740234,0.30192258954048157,0.30209916830062866,0.01763107255101204,1.7656203508377075,1.7635926008224487,0.008349376730620861,0.14388859272003174,0.0,0.014143499789014446,1.7149251699447632,0.11661762744188309,,,,,,,,,,,,,,,,
473,2.384187698364258,-5.918396949768066,0.30348262190818787,0.3035625219345093,0.017179518938064575,1.7606520652770996,1.7592740058898926,0.008079093880951405,0.1313583254814148,0.0,0.014145115607790637,1.76690673828125,0.11620569974184036,,,,,,,,,,,,,,,,
474,2.3863625526428223,-5.908195495605469,0.3033974766731262,0.303215891122818,0.017878975719213486,1.7625796794891357,1.7611608505249023,0.008531586267054081,0.1266157627105713,0.0,0.014146821925044049,1.7656620740890503,0.1166522353887558,,,,,,,,,,,,,,,,
475,2.3780531883239746,-5.964359760284424,0.2970747649669647,0.2972910404205322,0.017524002119898796,1.7673734426498413,1.7649530172348022,0.008555978536605835,0.13735006749629974,0.0,0.01414853312075137,1.744120478630066,0.11655677855014801,,,,,,,,,,,,,,,,
476,2.3814797401428223,-5.9944748878479,0.30392464995384216,0.3032321035861969,0.016909508034586906,1.7576006650924683,1.7572263479232788,0.008562606759369373,0.1389693319797516,0.0,0.014150245642103244,1.7642136812210083,0.11652222275733948,,,,,,,,,,,,,,,,
477,2.380048990249634,-5.959562301635742,0.30058610439300537,0.299441933631897,0.01731785386800766,1.7627187967300415,1.7626874446868896,0.00787471141666174,0.13904063403606415,0.0,0.014151820584386576,1.7688270807266235,0.11554579436779022,,,,,,,,,,,,,,,,
478,2.3790924549102783,-5.95273494720459,0.29798874258995056,0.2971372604370117,0.017408451065421104,1.7667748928070068,1.7663408517837524,0.008409972302615643,0.13552221655845642,0.0,0.014153502578847099,1.7666935920715332,0.11763180047273636,,,,,,,,,,,,,,,,
479,2.3762972354888916,-5.9746880531311035,0.29809895157814026,0.29840630292892456,0.017847664654254913,1.7629653215408325,1.760923147201538,0.007982314564287663,0.1328582763671875,0.0,0.014155099041759956,1.7730789184570312,0.11636720597743988,,,,,,,,,,,,,,,,
480,2.383925199508667,-6.034300327301025,0.2989423871040344,0.29935625195503235,0.017635907977819443,1.7692785263061523,1.7667027711868286,0.009188196621835232,0.1302967518568039,0.0,0.014156936681084323,1.7708832025527954,0.11773297935724258,,,,,,,,,,,,,,,,
481,2.3800582885742188,-6.02277135848999,0.30045852065086365,0.30122119188308716,0.017078537493944168,1.7627835273742676,1.7598167657852173,0.008298411965370178,0.12586377561092377,0.0,0.014158596363477396,1.782851219177246,0.11725553125143051,,,,,,,,,,,,,,,,
482,2.3788070678710938,-5.99541711807251,0.3013274073600769,0.3015912175178528,0.017412297427654266,1.7598704099655151,1.7570817470550537,0.008019163273274899,0.1284177452325821,0.0,0.014160200196132051,1.7774659395217896,0.11738498508930206,,,,,,,,,,,,,,,,
483,2.3866384029388428,-5.999527931213379,0.30179399251937866,0.3012961447238922,0.018800994381308556,1.7656457424163818,1.7638487815856934,0.007944326847791672,0.12765097618103027,0.0,0.014161789061501609,1.8075779676437378,0.1170729249715805,,,,,,,,,,,,,,,,
484,2.3844761848449707,-6.028013229370117,0.30014798045158386,0.29983624815940857,0.01699317805469036,1.7678688764572144,1.7671287059783936,0.008263901807367802,0.1409132033586502,0.0,0.014163441841863082,1.7950479984283447,0.11673996597528458,,,,,,,,,,,,,,,,
485,2.399930715560913,-6.077876567840576,0.30659449100494385,0.3066284656524658,0.017415372654795647,1.7700392007827759,1.7685457468032837,0.008126514032483101,0.14364057779312134,0.0,0.014165067144669578,1.815355658531189,0.11737309396266937,,,,,,,,,,,,,,,,
486,2.3833746910095215,-6.0948052406311035,0.299382746219635,0.2986556589603424,0.017841773107647896,1.7677468061447144,1.7672420740127563,0.00825742818415165,0.14190927147865295,0.0,0.01416671863030641,1.8035173416137695,0.11686598509550095,,,,,,,,,,,,,,,,
487,2.3886632919311523,-6.043516635894775,0.3041476011276245,0.30360016226768494,0.0175443347543478,1.7636704444885254,1.763071894645691,0.007906693033874035,0.1308770626783371,0.0,0.014168299968913185,1.7887591123580933,0.11701683700084686,,,,,,,,,,,,,,,,
488,2.392336845397949,-6.049309730529785,0.30327486991882324,0.30332571268081665,0.01771479658782482,1.7690623998641968,1.7669806480407715,0.008054705336689949,0.1214110404253006,0.0,0.014169910909980522,1.8085724115371704,0.11691360920667648,,,,,,,,,,,,,,,,
489,2.3866255283355713,-6.07760763168335,0.3013380169868469,0.30193617939949036,0.017988529056310654,1.7667924165725708,1.7639333009719849,0.007796488236635923,0.12453634291887283,0.0,0.01417147020762785,1.8085633516311646,0.11642523109912872,,,,,,,,,,,,,,,,
490,2.3887345790863037,-6.131433486938477,0.305669903755188,0.3061051666736603,0.017397232353687286,1.7608041763305664,1.7583202123641968,0.009179924614727497,0.13269098103046417,0.0,0.014173306192550795,1.8105686902999878,0.1162845566868782,,,,,,,,,,,,,,,,
491,2.388044595718384,-6.131723403930664,0.3043627440929413,0.30450254678726196,0.018034951761364937,1.761805772781372,1.7604831457138062,0.008118066005408764,0.13596701622009277,0.0,0.014174929805751876,1.815547227859497,0.11552571505308151,,,,,,,,,,,,,,,,
492,2.3848307132720947,-6.088666915893555,0.30586275458335876,0.30595529079437256,0.017022693529725075,1.757115125656128,1.754865050315857,0.008068421855568886,0.13170629739761353,0.0,0.01417654349012299,1.8013997077941895,0.11525862663984299,,,,,,,,,,,,,,,,
493,2.389265298843384,-6.073633193969727,0.30668923258781433,0.3061167299747467,0.01705661602318287,1.7598235607147217,1.7589820623397827,0.00794105976819992,0.12860709428787231,0.0,0.014178131702076631,1.790027379989624,0.11482833325862885,,,,,,,,,,,,,,,,
494,2.3878140449523926,-6.14046573638916,0.30213186144828796,0.3016619086265564,0.017291441559791565,1.767181634902954,1.766276240348816,0.007858620025217533,0.1266995519399643,0.0,0.014179703426081675,1.7869923114776611,0.11510758846998215,,,,,,,,,,,,,,,,
495,2.38626766204834,-6.1775312423706055,0.30024421215057373,0.30013978481292725,0.017589455470442772,1.768869400024414,1.7677192687988281,0.008066589012742043,0.13101163506507874,0.0,0.014181316743884224,1.813258171081543,0.11566730588674545,,,,,,,,,,,,,,,,
496,2.386298179626465,-6.1933512687683105,0.3059053122997284,0.3060745298862457,0.01714884117245674,1.7582393884658813,1.7560993432998657,0.007796760648488998,0.12298540771007538,0.0,0.014182876096013923,1.8305391073226929,0.11552833765745163,,,,,,,,,,,,,,,,
497,2.3882052898406982,-6.132920265197754,0.30576565861701965,0.3055938482284546,0.017529288306832314,1.7599108219146729,1.7587223052978516,0.008438091725111008,0.11734072118997574,0.0,0.014184563714358946,1.8290210962295532,0.11558113247156143,,,,,,,,,,,,,,,,
498,2.4004340171813965,-6.153255462646484,0.311996728181839,0.31194496154785156,0.016881227493286133,1.7607089281082153,1.7585134506225586,0.008011327125132084,0.1174962967634201,0.0,0.014186165979783972,1.815549373626709,0.11566977947950363,,,,,,,,,,,,,,,,
499,2.388960123062134,-6.202178955078125,0.30357760190963745,0.30392196774482727,0.017545579001307487,1.7647976875305176,1.7630321979522705,0.007982030510902405,0.12497947365045547,0.0,0.014187762385886152,1.7914599180221558,0.11479891836643219,,,,,,,,,,,,,,,,
500,2.386336326599121,-6.221879482269287,0.30595096945762634,0.30527839064598083,0.016911346465349197,1.758676290512085,1.7577147483825684,0.007907360792160034,0.1331769824028015,0.0,0.014189343858044585,1.798410415649414,0.11532538384199142,,,,,,,,,,,,,,,,
501,2.378085136413574,-6.1997294425964355,0.2996326684951782,0.29958459734916687,0.016821736469864845,1.7628401517868042,1.7612522840499878,0.007919861003756523,0.13362611830234528,0.0,0.014190927830245337,1.8148199319839478,0.11485741287469864,,,,,,,,,,,,,,,,
502,2.3793787956237793,-6.18252420425415,0.2954109311103821,0.29576265811920166,0.01681794412434101,1.7725988626480103,1.7701759338378906,0.008073112927377224,0.1260414868593216,0.0,0.014192542452830812,1.798196792602539,0.114224374294281,,,,,,,,,,,,,,,,
503,2.375606060028076,-6.197748184204102,0.29736289381980896,0.297145277261734,0.016897808760404587,1.7650893926620483,1.7633110284805298,0.008207553066313267,0.12102767825126648,0.0,0.014194183963444074,1.827739953994751,0.11542617529630661,,,,,,,,,,,,,,,,
504,2.401921033859253,-6.25881814956665,0.3078007102012634,0.3077385425567627,0.016936572268605232,1.7701777219772339,1.7687126398086548,0.007775533013045788,0.11495058238506317,0.0,0.014195739070046683,1.8422003984451294,0.11474087089300156,,,,,,,,,,,,,,,,
505,2.4033496379852295,-6.256904125213623,0.31018632650375366,0.3097860515117645,0.017513670027256012,1.7663493156433105,1.7653781175613403,0.008596088737249374,0.11829917132854462,0.0,0.014197458287794132,1.7992570400238037,0.11518517136573792,,,,,,,,,,,,,,,,
506,2.3928492069244385,-6.241664409637451,0.3041636049747467,0.3036785423755646,0.018044214695692062,1.7673646211624146,1.7665609121322632,0.00841695349663496,0.11907517164945602,0.0,0.01419914167849346,1.8339122533798218,0.11592873185873032,,,,,,,,,,,,,,,,
507,2.390022039413452,-6.25325345993042,0.3036203682422638,0.3038809895515442,0.017142117023468018,1.766273021697998,1.764484167098999,0.00789229292422533,0.12003394216299057,0.0,0.014200720137078305,1.8164328336715698,0.11569961905479431,,,,,,,,,,,,,,,,
508,2.390625238418579,-6.265688419342041,0.30339694023132324,0.3036496639251709,0.017383575439453125,1.7673919200897217,1.764998197555542,0.007675842847675085,0.1235714852809906,0.0,0.01420225530564784,1.8703391551971436,0.1152227595448494,,,,,,,,,,,,,,,,
509,2.3895339965820312,-6.323919773101807,0.30754154920578003,0.30731576681137085,0.01726710796356201,1.7578175067901611,1.7570016384124756,0.007822226732969284,0.11861536651849747,0.0,0.014203819750994435,1.8237239122390747,0.11625947058200836,,,,,,,,,,,,,,,,
510,2.3942415714263916,-6.288445949554443,0.30896228551864624,0.3088439404964447,0.01677524298429489,1.759965181350708,1.759355068206787,0.00834045372903347,0.11644348502159119,0.0,0.014205487841740241,1.8481669425964355,0.11573733389377594,,,,,,,,,,,,,,,,
511,2.4031338691711426,-6.324644565582275,0.31159043312072754,0.311040997505188,0.017217323184013367,1.7639899253845215,1.7625805139541626,0.007650341838598251,0.11428526043891907,0.0,0.01420701791010796,1.8436886072158813,0.11542227119207382,,,,,,,,,,,,,,,,
512,2.395975112915039,-6.311337947845459,0.3070662319660187,0.30670276284217834,0.017754387110471725,1.7647390365600586,1.7641645669937134,0.007836394011974335,0.10978104919195175,0.0,0.014208585188910355,1.839003324508667,0.11547451466321945,,,,,,,,,,,,,,,,
513,2.389185667037964,-6.307805061340332,0.3012542128562927,0.3010474443435669,0.0173028651624918,1.7700215578079224,1.7691407203674316,0.00790381245315075,0.11357627063989639,0.0,0.014210165951400986,1.8370826244354248,0.11561501026153564,,,,,,,,,,,,,,,,
514,2.376821279525757,-6.317315101623535,0.2978622019290924,0.2972453534603119,0.016485057771205902,1.765567660331726,1.7648895978927612,0.0076792240142822266,0.11480686813592911,0.0,0.014211701796203843,1.8363300561904907,0.11519332975149155,,,,,,,,,,,,,,,,
515,2.3754661083221436,-6.321536064147949,0.29954323172569275,0.3002221882343292,0.016064133495092392,1.7608520984649658,1.7584210634231567,0.008252554573118687,0.11099786311388016,0.0,0.014213352307118466,1.8252733945846558,0.11603313684463501,,,,,,,,,,,,,,,,
516,2.3964152336120605,-6.376561164855957,0.30724358558654785,0.3074837923049927,0.016798630356788635,1.7657126188278198,1.7640659809112549,0.00804239884018898,0.11124659329652786,0.0,0.014214960786886504,1.848185420036316,0.11540745943784714,,,,,,,,,,,,,,,,
517,2.3927628993988037,-6.3673834800720215,0.31077998876571655,0.3108244240283966,0.01684929057955742,1.7552123069763184,1.7534061670303345,0.008055356331169605,0.10705316811800003,0.0,0.014216571858152739,1.8401938676834106,0.11517111212015152,,,,,,,,,,,,,,,,
518,2.3978447914123535,-6.368879318237305,0.3125859200954437,0.31179141998291016,0.01648915559053421,1.7571440935134888,1.756812334060669,0.008013667538762093,0.10820946097373962,0.0,0.014218174591660492,1.840928316116333,0.11543697863817215,,,,,,,,,,,,,,,,
519,2.389197587966919,-6.41116189956665,0.30314090847969055,0.3025725483894348,0.01756434142589569,1.7663768529891968,1.7654626369476318,0.007757776882499456,0.10918824374675751,0.0,0.014219726147036992,1.8075145483016968,0.11443149298429489,,,,,,,,,,,,,,,,
520,2.396714687347412,-6.379476547241211,0.31033068895339966,0.310077428817749,0.016933279111981392,1.7598989009857178,1.7588473558425903,0.007793706841766834,0.10921584814786911,0.0,0.014221284888405345,1.837712049484253,0.11448870599269867,,,,,,,,,,,,,,,,
521,2.3924670219421387,-6.353397846221924,0.3064630627632141,0.3056730329990387,0.01680161990225315,1.7636934518814087,1.7633649110794067,0.007914337329566479,0.1093582883477211,0.0,0.014222867755871258,1.8277767896652222,0.11470174044370651,,,,,,,,,,,,,,,,
522,2.39432430267334,-6.398750305175781,0.3046387732028961,0.30417561531066895,0.017044050619006157,1.7685766220092773,1.768355131149292,0.0084538534283638,0.11686556786298752,0.0,0.01422455852655693,1.8309601545333862,0.11392945051193237,,,,,,,,,,,,,,,,
523,2.3971877098083496,-6.420173645019531,0.3073054850101471,0.3065856695175171,0.016753822565078735,1.7665793895721436,1.7665064334869385,0.008480011485517025,0.11646660417318344,0.0,0.014226254528854034,1.8480550050735474,0.11435268819332123,,,,,,,,,,,,,,,,
524,2.3894543647766113,-6.427369594573975,0.303107887506485,0.30300018191337585,0.016830341890454292,1.767303705215454,1.76572847366333,0.008094246499240398,0.10313968360424042,0.0,0.014227873378153882,1.8315390348434448,0.1137242391705513,,,,,,,,,,,,,,,,
525,2.394561529159546,-6.444940090179443,0.30506831407546997,0.30519232153892517,0.017099719494581223,1.7680472135543823,1.766355276107788,0.007793554104864597,0.09786965698003769,0.0,0.014229432088974855,1.8555179834365845,0.11309896409511566,,,,,,,,,,,,,,,,
526,2.391232967376709,-6.441490173339844,0.3069591224193573,0.3071214258670807,0.01714971289038658,1.7609680891036987,1.7590376138687134,0.007713828235864639,0.0963287353515625,0.0,0.014230974854622028,1.8205628395080566,0.11367187649011612,,,,,,,,,,,,,,,,
527,2.3987083435058594,-6.45338249206543,0.3049505650997162,0.3056499660015106,0.017770545557141304,1.7719831466674805,1.7686916589736938,0.008253646083176136,0.10163561254739761,0.0,0.014232625583838664,1.8447588682174683,0.11436916142702103,,,,,,,,,,,,,,,,
528,2.3933348655700684,-6.4464850425720215,0.30515193939208984,0.3053363561630249,0.01681307889521122,1.766730546951294,1.765336513519287,0.007696815300732851,0.11086300760507584,0.0,0.01423416494689881,1.8322466611862183,0.11397117376327515,,,,,,,,,,,,,,,,
529,2.3921985626220703,-6.486446380615234,0.3050478994846344,0.3045942187309265,0.017160141840577126,1.7657407522201538,1.7650517225265503,0.00797426700592041,0.1107977107167244,0.0,0.014235759800299994,1.8591039180755615,0.11410686373710632,,,,,,,,,,,,,,,,
530,2.391732931137085,-6.465302467346191,0.3059907555580139,0.30516088008880615,0.01614929735660553,1.7645553350448608,1.7643088102340698,0.007910246960818768,0.10766122490167618,0.0,0.014237341849692157,1.8476853370666504,0.11405767500400543,,,,,,,,,,,,,,,,
531,2.392336130142212,-6.50695276260376,0.30618202686309814,0.30561521649360657,0.01704537309706211,1.7640541791915894,1.7629328966140747,0.0078734727576375,0.10805927962064743,0.0,0.014238916544243686,1.831551432609558,0.11497098952531815,,,,,,,,,,,,,,,,
532,2.4011666774749756,-6.532901287078857,0.3113918602466583,0.31096795201301575,0.016333632171154022,1.7630928754806519,1.761853575706482,0.0077190883457660675,0.09913492202758789,0.0,0.014240460361912838,1.855583906173706,0.11420644819736481,,,,,,,,,,,,,,,,
533,2.3923397064208984,-6.550087928771973,0.30586349964141846,0.3056333363056183,0.016213908791542053,1.7655613422393799,1.7636964321136475,0.007950509898364544,0.09540971368551254,0.0,0.01424205046389251,1.863837718963623,0.11420837044715881,,,,,,,,,,,,,,,,
534,2.3971195220947266,-6.533168315887451,0.3085200786590576,0.30853739380836487,0.016752023249864578,1.7643572092056274,1.762263298034668,0.007627324666827917,0.09361501038074493,0.0,0.014243575928825875,1.8416804075241089,0.1143752783536911,,,,,,,,,,,,,,,,
535,2.4046261310577393,-6.5219879150390625,0.31193819642066956,0.3121686577796936,0.016970587894320488,1.7646493911743164,1.7624478340148926,0.0080594252794981,0.09314250200986862,0.0,0.014245187813881776,1.8565376996994019,0.11492893099784851,,,,,,,,,,,,,,,,
536,2.400465965270996,-6.552700519561768,0.3095666766166687,0.3098410964012146,0.016658537089824677,1.7655774354934692,1.7632217407226562,0.00794815830886364,0.10108698904514313,0.0,0.014246777445543549,1.8796775341033936,0.11420555412769318,,,,,,,,,,,,,,,,
537,2.4038572311401367,-6.56375789642334,0.3137681782245636,0.31404122710227966,0.016659365966916084,1.7603076696395874,1.7584694623947144,0.00788919162005186,0.10585733503103256,0.0,0.014248355283867559,1.8743956089019775,0.11412329226732254,,,,,,,,,,,,,,,,
538,2.3811988830566406,-6.562305450439453,0.3066401481628418,0.3064878582954407,0.01663966290652752,1.7521828413009644,1.750679850578308,0.007603632286190987,0.10149873048067093,0.0,0.014249876010324796,1.8589640855789185,0.11398293823003769,,,,,,,,,,,,,,,,
539,2.392254114151001,-6.540346622467041,0.31111153960227966,0.3104228973388672,0.016284367069602013,1.7546606063842773,1.7542098760604858,0.0076086558401584625,0.09813199937343597,0.0,0.014251397741492828,1.863386869430542,0.11293962597846985,,,,,,,,,,,,,,,,
540,2.394732713699341,-6.591203212738037,0.3069259524345398,0.30589017271995544,0.01745813712477684,1.7642743587493896,1.764642596244812,0.007695897947996855,0.09566444158554077,0.0,0.014252936921082428,1.8522109985351562,0.1139555498957634,,,,,,,,,,,,,,,,
541,2.391674280166626,-6.564817428588867,0.3027271628379822,0.3015781044960022,0.01631520502269268,1.7710390090942383,1.7710686922073364,0.007652482949197292,0.09265948086977005,0.0,0.014254467417672268,1.8432598114013672,0.11333252489566803,,,,,,,,,,,,,,,,
542,2.3938357830047607,-6.616538047790527,0.30353498458862305,0.3025960326194763,0.016550779342651367,1.7709859609603882,1.7713218927383423,0.007814178243279457,0.09650201350450516,0.0,0.014256030253320924,1.8585054874420166,0.11397245526313782,,,,,,,,,,,,,,,,
543,2.3936080932617188,-6.614403247833252,0.30658552050590515,0.3058594763278961,0.01635250449180603,1.7651448249816895,1.7644764184951782,0.0076162368059158325,0.09415590763092041,0.0,0.014257553500682108,1.8600596189498901,0.11340861022472382,,,,,,,,,,,,,,,,
544,2.4014854431152344,-6.626476287841797,0.3115009069442749,0.31074491143226624,0.016487596556544304,1.7628968954086304,1.7626069784164429,0.007925683632493019,0.0919448584318161,0.0,0.014259138637408606,1.8614965677261353,0.11347328126430511,,,,,,,,,,,,,,,,
545,2.4008536338806152,-6.653072357177734,0.31181129813194275,0.31178295612335205,0.01657070778310299,1.7612552642822266,1.7601221799850464,0.007964693009853363,0.09533174335956573,0.0,0.014260731576010576,1.8743579387664795,0.1136043444275856,,,,,,,,,,,,,,,,
546,2.40863037109375,-6.639571666717529,0.3188573718070984,0.31899937987327576,0.01684509962797165,1.7548012733459473,1.753055453300476,0.007700719404965639,0.08914120495319366,0.0,0.01426227171989157,1.8574978113174438,0.11326217651367188,,,,,,,,,,,,,,,,
547,2.39992618560791,-6.632146835327148,0.3112553060054779,0.31071555614471436,0.016619930043816566,1.7617698907852173,1.760900855064392,0.007612951565533876,0.08845929801464081,0.0,0.014263794310204676,1.8834903240203857,0.11353790014982224,,,,,,,,,,,,,,,,
548,2.3984897136688232,-6.622524738311768,0.3130035102367401,0.3126619756221771,0.016488518565893173,1.7567983865737915,1.7558730840682983,0.0077112470753490925,0.08750279992818832,0.0,0.014265336559619746,1.8732000589370728,0.11426829546689987,,,,,,,,,,,,,,,,
549,2.3988823890686035,-6.644576072692871,0.3092808425426483,0.30928531289100647,0.01640724577009678,1.764493703842163,1.7633243799209595,0.007905613631010056,0.08877652883529663,0.0,0.014266917682345948,1.8447949886322021,0.11377985030412674,,,,,,,,,,,,,,,,
550,2.3933396339416504,-6.726772308349609,0.3015974462032318,0.3014962077140808,0.016365159302949905,1.774458885192871,1.7733025550842285,0.007774436846375465,0.09114930778741837,0.0,0.014268472569715222,1.8752321004867554,0.11354454606771469,,,,,,,,,,,,,,,,
551,2.4114887714385986,-6.6966729164123535,0.31393030285835266,0.31425589323043823,0.017042214050889015,1.76732337474823,1.7651973962783813,0.007558196317404509,0.0858253613114357,0.0,0.014269984208978704,1.9041508436203003,0.11367008835077286,,,,,,,,,,,,,,,,
552,2.394477367401123,-6.6930341720581055,0.306721568107605,0.30744656920433044,0.01612900383770466,1.7657036781311035,1.7626569271087646,0.007764636073261499,0.07719111442565918,0.0,0.014271537136193356,1.8742998838424683,0.1132749691605568,,,,,,,,,,,,,,,,
553,2.3966689109802246,-6.729768753051758,0.3117552399635315,0.3123098313808441,0.01648910902440548,1.757217288017273,1.755012035369873,0.007890898734331131,0.08048192411661148,0.0,0.014273115315940223,1.8887040615081787,0.11355377733707428,,,,,,,,,,,,,,,,
554,2.3985984325408936,-6.7752909660339355,0.3100621998310089,0.31028833985328674,0.017746910452842712,1.7614578008651733,1.7595442533493042,0.007848386652767658,0.08360286802053452,0.0,0.014274684993270777,1.885860800743103,0.11473877727985382,,,,,,,,,,,,,,,,
555,2.396371364593506,-6.789456844329834,0.3124071955680847,0.31212088465690613,0.016751741990447044,1.7555649280548096,1.7546180486679077,0.007486123591661453,0.08648514747619629,0.0,0.01427618221798911,1.8787517547607422,0.11484669893980026,,,,,,,,,,,,,,,,
556,2.390592575073242,-6.702442646026611,0.307731032371521,0.3073434829711914,0.01580466330051422,1.7603092193603516,1.7591177225112915,0.007750050164759159,0.08339959383010864,0.0,0.014277732228022061,1.8804539442062378,0.11383384466171265,,,,,,,,,,,,,,,,
557,2.391737937927246,-6.7052226066589355,0.30845317244529724,0.3072721064090729,0.01610543578863144,1.7597004175186157,1.760114073753357,0.008046092465519905,0.08489349484443665,0.0,0.014279341446515164,1.8632583618164062,0.11447609961032867,,,,,,,,,,,,,,,,
558,2.395014524459839,-6.721264362335205,0.3085746765136719,0.3077985644340515,0.01666778139770031,1.7622462511062622,1.7617007493972778,0.00757824769243598,0.0889052227139473,0.0,0.014280857096053652,1.9023034572601318,0.11430977284908295,,,,,,,,,,,,,,,,
559,2.400211811065674,-6.776093006134033,0.30534520745277405,0.3050999045372009,0.016672153025865555,1.7734043598175049,1.7727848291397095,0.007997694425284863,0.09038153290748596,0.0,0.01428245663493871,1.90264892578125,0.11468113213777542,,,,,,,,,,,,,,,,
560,2.4078404903411865,-6.7772722244262695,0.3109736144542694,0.31095296144485474,0.01632528193295002,1.770155906677246,1.7690213918685913,0.007561853155493736,0.08347504585981369,0.0,0.014283969005569809,1.8895965814590454,0.11370116472244263,,,,,,,,,,,,,,,,
561,2.394352436065674,-6.772030830383301,0.30368977785110474,0.30373597145080566,0.016629448160529137,1.771108865737915,1.7694854736328125,0.008627340197563171,0.07833703607320786,0.0,0.014285694473609322,1.8883328437805176,0.11461055278778076,,,,,,,,,,,,,,,,
562,2.396407127380371,-6.760883808135986,0.3134765625,0.31368714570999146,0.016285860911011696,1.7537128925323486,1.7522021532058716,0.007778471801429987,0.07315241545438766,0.0,0.014287250167969608,1.8700844049453735,0.11337760835886002,,,,,,,,,,,,,,,,
563,2.392594814300537,-6.804728031158447,0.3117911219596863,0.31192252039909363,0.016108283773064613,1.7538107633590698,1.7517348527908325,0.007604658603668213,0.07302574068307877,0.0,0.014288771099690342,1.8782330751419067,0.11413763463497162,,,,,,,,,,,,,,,,
564,2.404632091522217,-6.838410377502441,0.31498658657073975,0.31422922015190125,0.01655976101756096,1.7592343091964722,1.7584785223007202,0.007771527860313654,0.08287104219198227,0.0,0.014290325405262405,1.8926843404769897,0.11352317035198212,,,,,,,,,,,,,,,,
565,2.3984265327453613,-6.840592384338379,0.31313636898994446,0.31235238909721375,0.01626446843147278,1.7568341493606567,1.7565122842788696,0.008497880771756172,0.07884351909160614,0.0,0.014292024981416756,1.8994566202163696,0.11417949199676514,,,,,,,,,,,,,,,,
566,2.4114136695861816,-6.790706634521484,0.31487205624580383,0.3137870728969574,0.016395503655076027,1.7661527395248413,1.7665655612945557,0.007782805245369673,0.08268145471811295,0.0,0.014293581542465829,1.8751455545425415,0.11334346234798431,,,,,,,,,,,,,,,,
567,2.4074594974517822,-6.7865753173828125,0.311022013425827,0.31032198667526245,0.016055133193731308,1.7702339887619019,1.76988685131073,0.007715050596743822,0.08183232694864273,0.0,0.014295124552585178,1.8697606325149536,0.11268384009599686,,,,,,,,,,,,,,,,
568,2.3934004306793213,-6.842284202575684,0.3015996813774109,0.3012639284133911,0.016847120597958565,1.7744221687316895,1.7729573249816895,0.0075319386087358,0.07832970470190048,0.0,0.014296630940306925,1.8963972330093384,0.11294979602098465,,,,,,,,,,,,,,,,
569,2.3913497924804688,-6.8868560791015625,0.30394428968429565,0.3034306466579437,0.016238339245319366,1.7684240341186523,1.7670488357543945,0.007353360764682293,0.07660964876413345,0.0,0.014298101612459861,1.8604615926742554,0.11282810568809509,,,,,,,,,,,,,,,,
570,2.4031310081481934,-6.878930568695068,0.312305748462677,0.3119889199733734,0.016043148934841156,1.7635225057601929,1.7620640993118286,0.007554234005510807,0.07520898431539536,0.0,0.014299612459260964,1.8762779235839844,0.11297871172428131,,,,,,,,,,,,,,,,
571,2.406952381134033,-6.90543794631958,0.31489476561546326,0.3149235248565674,0.016192849725484848,1.7623144388198853,1.7595679759979248,0.007934105582535267,0.07326903194189072,0.0,0.014301199280377472,1.8621774911880493,0.1123044490814209,,,,,,,,,,,,,,,,
572,2.3952248096466064,-6.864494323730469,0.3122921884059906,0.31211259961128235,0.01610148511826992,1.755631923675537,1.7538050413131714,0.007619708310812712,0.07216790318489075,0.0,0.014302723222039635,1.8685693740844727,0.11254718154668808,,,,,,,,,,,,,,,,
573,2.3968799114227295,-6.891674041748047,0.3116963803768158,0.3112274408340454,0.015927374362945557,1.7586660385131836,1.757391333580017,0.007513583637773991,0.07213854044675827,0.0,0.01430422593876719,1.8607900142669678,0.11245804280042648,,,,,,,,,,,,,,,,
574,2.407430410385132,-6.939105987548828,0.3149629235267639,0.31345269083976746,0.016462743282318115,1.7621837854385376,1.7629204988479614,0.007650893181562424,0.07266630232334137,0.0,0.014305756117403501,1.8640707731246948,0.1117100790143013,,,,,,,,,,,,,,,,
575,2.395165205001831,-6.927457332611084,0.30578291416168213,0.3051518499851227,0.016211872920393944,1.7682464122772217,1.7677907943725586,0.007773642893880606,0.07869492471218109,0.0,0.014307310845982277,1.8766179084777832,0.11180277168750763,,,,,,,,,,,,,,,,
576,2.3947787284851074,-6.917315483093262,0.308275043964386,0.3075564503669739,0.01587194763123989,1.763309359550476,1.7628412246704102,0.007728852331638336,0.07259521633386612,0.0,0.014308856616448606,1.8718591928482056,0.11224617809057236,,,,,,,,,,,,,,,,
577,2.399160146713257,-6.908257484436035,0.31007763743400574,0.3102230429649353,0.016006920486688614,1.7636104822158813,1.7620946168899536,0.008880040608346462,0.07226159423589706,0.0,0.014310632624570274,1.9095354080200195,0.11284945905208588,,,,,,,,,,,,,,,,
578,2.4013099670410156,-6.95159912109375,0.31567415595054626,0.3155571520328522,0.01637132465839386,1.7543597221374512,1.7530550956726074,0.007966505363583565,0.06867609918117523,0.0,0.01431222592564299,1.8712702989578247,0.11198120564222336,,,,,,,,,,,,,,,,
579,2.409005880355835,-6.980906009674072,0.31705132126808167,0.31599247455596924,0.016136692836880684,1.75995671749115,1.7596940994262695,0.008040000684559345,0.06722268462181091,0.0,0.014313833925779902,1.886435627937317,0.11219611763954163,,,,,,,,,,,,,,,,
580,2.412760019302368,-6.95859956741333,0.31671983003616333,0.3153085708618164,0.016072487458586693,1.7641639709472656,1.7651543617248535,0.00748438248410821,0.07424235343933105,0.0,0.014315330802276724,1.8745553493499756,0.11165072023868561,,,,,,,,,,,,,,,,
581,2.411311626434326,-6.955556869506836,0.31640908122062683,0.3153713643550873,0.01607668586075306,1.763165831565857,1.763743281364441,0.007725995033979416,0.0729832574725151,0.0,0.01431687600128352,1.8803114891052246,0.11118493974208832,,,,,,,,,,,,,,,,
582,2.4049015045166016,-6.975852012634277,0.3120758533477783,0.3111755847930908,0.016270382329821587,1.7652251720428467,1.7655339241027832,0.007884644903242588,0.07278977334499359,0.0,0.014318452930264168,1.8666248321533203,0.11138506233692169,,,,,,,,,,,,,,,,
583,2.397308349609375,-7.043783664703369,0.30605819821357727,0.3056469261646271,0.015966452658176422,1.7701797485351562,1.76909339427948,0.007647466380149126,0.07470668107271194,0.0,0.014319982423540198,1.883117437362671,0.11167628318071365,,,,,,,,,,,,,,,,
584,2.401144027709961,-6.981818675994873,0.3151862919330597,0.3152904808521271,0.015815306454896927,1.755713939666748,1.7539899349212646,0.007559833582490683,0.07001983374357224,0.0,0.014321494390256696,1.8743464946746826,0.11237332969903946,,,,,,,,,,,,,,,,
585,2.3989129066467285,-7.0029826164245605,0.3105047345161438,0.31116119027137756,0.016232866793870926,1.762244701385498,1.7597836256027222,0.007713859900832176,0.06445419043302536,0.0,0.014323037162236861,1.8645646572113037,0.11132577806711197,,,,,,,,,,,,,,,,
586,2.4108448028564453,-7.0004191398620605,0.3195677101612091,0.31958237290382385,0.016681795939803123,1.7557204961776733,1.754305362701416,0.007614374626427889,0.06502608209848404,0.0,0.014324560037162147,1.9198498725891113,0.11179184913635254,,,,,,,,,,,,,,,,
587,2.409325361251831,-7.06158447265625,0.3148593008518219,0.31439951062202454,0.01613156870007515,1.7641749382019043,1.7636950016021729,0.007531638722866774,0.06421241164207458,0.0,0.01432606636490672,1.878278136253357,0.11221626400947571,,,,,,,,,,,,,,,,
588,2.39780330657959,-7.064424514770508,0.3095688819885254,0.3088925778865814,0.01567584089934826,1.7637932300567627,1.7635388374328613,0.008454650640487671,0.0647859275341034,0.0,0.014327757295034818,1.902019739151001,0.11294277012348175,,,,,,,,,,,,,,,,
589,2.4026577472686768,-7.030272483825684,0.31193986535072327,0.31123942136764526,0.01618201844394207,1.7634531259536743,1.7631397247314453,0.008003158494830132,0.06616263836622238,0.0,0.014329357926733784,1.8964059352874756,0.11225654184818268,,,,,,,,,,,,,,,,
590,2.4044442176818848,-7.005373001098633,0.31011587381362915,0.30954450368881226,0.01751367188990116,1.7676903009414673,1.7668501138687134,0.0074973441660404205,0.06101859733462334,0.0,0.014330857395566993,1.8797712326049805,0.1121910884976387,,,,,,,,,,,,,,,,
591,2.412191152572632,-7.026744842529297,0.3164648413658142,0.31661200523376465,0.015750275924801826,1.7643345594406128,1.7623934745788574,0.007535301614552736,0.06578858941793442,0.0,0.014332364455889904,1.8829259872436523,0.11275044828653336,,,,,,,,,,,,,,,,
592,2.4109556674957275,-7.153822898864746,0.3144339919090271,0.31499508023262024,0.015512627549469471,1.7674649953842163,1.7645628452301025,0.007615267764776945,0.06339698284864426,0.0,0.01433388750944286,1.902282953262329,0.111403688788414,,,,,,,,,,,,,,,,
593,2.408191204071045,-7.122182369232178,0.315360963344574,0.31545042991638184,0.01605783961713314,1.7619998455047607,1.7606439590454102,0.007595146540552378,0.06297460943460464,0.0,0.01433540653875097,1.914096713066101,0.11308308690786362,,,,,,,,,,,,,,,,
594,2.415841579437256,-7.068353176116943,0.3180280327796936,0.3179398477077484,0.01614409312605858,1.7646236419677734,1.7628357410430908,0.007444228511303663,0.0590478740632534,0.0,0.01433689538445323,1.9636785984039307,0.11291529983282089,,,,,,,,,,,,,,,,
595,2.4212706089019775,-7.088728904724121,0.3208506107330322,0.32011473178863525,0.01626710407435894,1.7642639875411987,1.7638123035430908,0.007674082648009062,0.05973357707262039,0.0,0.014338430200982832,1.9187662601470947,0.11280884593725204,,,,,,,,,,,,,,,,
596,2.4006495475769043,-7.119827747344971,0.31236016750335693,0.3109428584575653,0.015943415462970734,1.7608624696731567,1.7619436979293823,0.007548078894615173,0.06301550567150116,0.0,0.014339939816761755,1.8981618881225586,0.11308388411998749,,,,,,,,,,,,,,,,
597,2.4105706214904785,-7.118552207946777,0.3164145052433014,0.3150620460510254,0.01613210327923298,1.762688398361206,1.763235330581665,0.007755645550787449,0.06229953467845917,0.0,0.014341490945871912,1.9244080781936646,0.11284925788640976,,,,,,,,,,,,,,,,
598,2.4069643020629883,-7.115102767944336,0.3160143792629242,0.3147801458835602,0.01599675603210926,1.7598625421524048,1.7604835033416748,0.007751339580863714,0.06178715452551842,0.0,0.014343041213788085,1.9251365661621094,0.1133498027920723,,,,,,,,,,,,,,,,
599,2.39849853515625,-7.11068868637085,0.31142759323120117,0.31097033619880676,0.015511232428252697,1.7610180377960205,1.7601609230041504,0.007607193198055029,0.060770709067583084,0.0,0.014344562652427697,1.9239076375961304,0.11247514933347702,,,,,,,,,,,,,,,,
600,2.4032750129699707,-7.150111675262451,0.3124212920665741,0.31231361627578735,0.016024241223931313,1.763396143913269,1.761635661125183,0.007400043774396181,0.05733928829431534,0.0,0.014346042661182576,1.921958088874817,0.11270245909690857,,,,,,,,,,,,,,,,
601,2.4035096168518066,-7.16206169128418,0.31668880581855774,0.316001296043396,0.01518563274294138,1.7560803890228271,1.7551872730255127,0.00787416473031044,0.056004032492637634,0.0,0.014347617494128637,1.91546630859375,0.11142146587371826,,,,,,,,,,,,,,,,
602,2.410252094268799,-7.180406093597412,0.3121049702167511,0.3124881684780121,0.015751460567116737,1.7710767984390259,1.768738031387329,0.007959859445691109,0.0577244870364666,0.0,0.014349209466017776,1.913184404373169,0.11166401952505112,,,,,,,,,,,,,,,,
603,2.406240224838257,-7.198173522949219,0.31510794162750244,0.3147503435611725,0.01587979681789875,1.7611825466156006,1.759821891784668,0.007813150063157082,0.056544799357652664,0.0,0.014350772096030407,1.8898110389709473,0.11117684096097946,,,,,,,,,,,,,,,,
604,2.4129204750061035,-7.179192066192627,0.31829532980918884,0.3165814280509949,0.015810184180736542,1.76202392578125,1.7624433040618896,0.007603026460856199,0.057434964925050735,0.0,0.014352292701322579,1.9159040451049805,0.11157499998807907,,,,,,,,,,,,,,,,
605,2.4139928817749023,-7.194553852081299,0.320071816444397,0.31875649094581604,0.015441512688994408,1.7592135667800903,1.7602325677871704,0.008784160017967224,0.05788230895996094,0.0,0.014354049533326172,1.8812047243118286,0.11145555973052979,,,,,,,,,,,,,,,,
606,2.404447317123413,-7.193795680999756,0.314664363861084,0.3135998249053955,0.015980206429958344,1.7601679563522339,1.760237693786621,0.007553070317953825,0.05758413299918175,0.0,0.014355560147389763,1.916597604751587,0.11160923540592194,,,,,,,,,,,,,,,,
607,2.4019527435302734,-7.194308757781982,0.31145185232162476,0.31125783920288086,0.015904119238257408,1.7637451887130737,1.7629328966140747,0.0072581530548632145,0.053225740790367126,0.0,0.014357011778000736,1.9348047971725464,0.11115369200706482,,,,,,,,,,,,,,,,
608,2.398787021636963,-7.208966255187988,0.3093417286872864,0.30950841307640076,0.01569012738764286,1.7654118537902832,1.763081431388855,0.00762262474745512,0.05065483599901199,0.0,0.014358536302950227,1.8888940811157227,0.11062756925821304,,,,,,,,,,,,,,,,
609,2.398986339569092,-7.2016096115112305,0.309053510427475,0.30917248129844666,0.015508795157074928,1.7663789987564087,1.7641242742538452,0.007484724745154381,0.054948486387729645,0.0,0.014360033247899258,1.9421764612197876,0.11097535490989685,,,,,,,,,,,,,,,,
610,2.412511110305786,-7.2717366218566895,0.3151746690273285,0.3149843215942383,0.0164080411195755,1.7668546438217163,1.765033483505249,0.007483388297259808,0.05404944345355034,0.0,0.01436152992555871,1.937791347503662,0.11080246418714523,,,,,,,,,,,,,,,,
611,2.4219136238098145,-7.230773448944092,0.32053089141845703,0.32057568430900574,0.01592138409614563,1.765906572341919,1.763864517211914,0.00802661944180727,0.05648956820368767,0.0,0.014363135249447071,1.907352328300476,0.11132605373859406,,,,,,,,,,,,,,,,
612,2.415879249572754,-7.240921497344971,0.31933844089508057,0.31817826628685,0.015649914741516113,1.7626922130584717,1.7627326250076294,0.007757549174129963,0.054048407822847366,0.0,0.014364686759281898,1.91290283203125,0.11116528511047363,,,,,,,,,,,,,,,,
613,2.398899793624878,-7.265745639801025,0.311476469039917,0.31111642718315125,0.015568769536912441,1.7611032724380493,1.7603728771209717,0.007670701947063208,0.05407203361392021,0.0,0.01436622089967131,1.9031262397766113,0.11078037321567535,,,,,,,,,,,,,,,,
614,2.4070167541503906,-7.274592399597168,0.3119068741798401,0.31145668029785156,0.016037067398428917,1.7680660486221313,1.7671664953231812,0.007814821787178516,0.05432795733213425,0.0,0.014367783864028746,1.904807209968567,0.11098349839448929,,,,,,,,,,,,,,,,
615,2.405231475830078,-7.318678379058838,0.31128111481666565,0.3108062148094177,0.015522344969213009,1.768109679222107,1.7671338319778442,0.007475563790649176,0.054120078682899475,0.0,0.014369278976786876,1.9358628988265991,0.11192508786916733,,,,,,,,,,,,,,,,
616,2.411069393157959,-7.291872501373291,0.3166597783565521,0.315898597240448,0.015810776501893997,1.7628384828567505,1.7625622749328613,0.007468171417713165,0.054809439927339554,0.0,0.014370772611070419,1.9155429601669312,0.11149347573518753,,,,,,,,,,,,,,,,
617,2.3958895206451416,-7.286355018615723,0.3107302784919739,0.30989912152290344,0.015361611731350422,1.7599146366119385,1.7598823308944702,0.007397630251944065,0.05152054503560066,0.0,0.014372252137120808,1.911069631576538,0.11250244081020355,,,,,,,,,,,,,,,,
618,2.41964054107666,-7.3259358406066895,0.32236555218696594,0.32196733355522156,0.015893392264842987,1.7601398229599,1.7586884498596191,0.007527901325374842,0.051836639642715454,0.0,0.014373757717385882,1.9435932636260986,0.11222562193870544,,,,,,,,,,,,,,,,
619,2.395601272583008,-7.283576488494873,0.3087586760520935,0.3085272014141083,0.015782341361045837,1.7629752159118652,1.7620906829833984,0.007489250972867012,0.05654672533273697,0.0,0.014375255567580457,1.931016206741333,0.1118580773472786,,,,,,,,,,,,,,,,
620,2.4095683097839355,-7.320221424102783,0.31580933928489685,0.31518369913101196,0.01591033674776554,1.7632272243499756,1.7621029615402222,0.007410184480249882,0.05725719779729843,0.0,0.014376737604476506,1.90446937084198,0.11124394088983536,,,,,,,,,,,,,,,,
621,2.4104278087615967,-7.362369060516357,0.31516268849372864,0.31501856446266174,0.015872715041041374,1.765064001083374,1.763683795928955,0.00766955828294158,0.054352711886167526,0.0,0.014378271516133094,1.9439897537231445,0.11205586791038513,,,,,,,,,,,,,,,,
622,2.401543378829956,-7.3382978439331055,0.3101925253868103,0.31009742617607117,0.01576421409845352,1.7662022113800049,1.7647762298583984,0.007176857441663742,0.05157367140054703,0.0,0.014379706887621427,1.9022165536880493,0.11141485720872879,,,,,,,,,,,,,,,,
623,2.4146437644958496,-7.362070083618164,0.31553852558135986,0.3153611123561859,0.015405362471938133,1.769142508506775,1.7675350904464722,0.007472702767699957,0.0458344928920269,0.0,0.014381201428174967,1.8817342519760132,0.11075535416603088,,,,,,,,,,,,,,,,
624,2.3998231887817383,-7.377663612365723,0.3124288320541382,0.31191086769104004,0.01545852143317461,1.760440707206726,1.7596094608306885,0.0073969922959804535,0.04891461133956909,0.0,0.014382680826634164,1.906137466430664,0.11040578782558441,,,,,,,,,,,,,,,,
625,2.414137601852417,-7.362541675567627,0.3233017027378082,0.32289549708366394,0.014985975809395313,1.7531625032424927,1.752746343612671,0.00762585923075676,0.047856301069259644,0.0,0.014384205998480315,1.8754055500030518,0.11040426045656204,,,,,,,,,,,,,,,,
626,2.4155185222625732,-7.359933376312256,0.31939950585365295,0.31887438893318176,0.01676127128303051,1.7608543634414673,1.7601124048233032,0.007903468795120716,0.04650813713669777,0.0,0.014385786692239338,1.9069961309432983,0.11137614399194717,,,,,,,,,,,,,,,,
627,2.420898199081421,-7.392533302307129,0.3202855885028839,0.31924501061439514,0.015801016241312027,1.7655454874038696,1.7655878067016602,0.007490320131182671,0.048326537013053894,0.0,0.014387284756265575,1.8942817449569702,0.11024555563926697,,,,,,,,,,,,,,,,
628,2.4095919132232666,-7.393113613128662,0.31858909130096436,0.31788596510887146,0.01513649895787239,1.757912039756775,1.7580485343933105,0.007373794447630644,0.04710448905825615,0.0,0.0143887595151551,1.9353200197219849,0.11027104407548904,,,,,,,,,,,,,,,,
629,2.398766040802002,-7.373879432678223,0.30993592739105225,0.3095758855342865,0.015603525564074516,1.764219045639038,1.7630823850631714,0.007489148061722517,0.048491593450307846,0.0,0.014390257344767444,1.9525904655456543,0.11078935116529465,,,,,,,,,,,,,,,,
630,2.4163818359375,-7.436957836151123,0.3183051645755768,0.3184569478034973,0.015425331890583038,1.765171766281128,1.7632170915603638,0.007286996114999056,0.05191017687320709,0.0,0.014391714743990444,1.9005402326583862,0.11046308279037476,,,,,,,,,,,,,,,,
631,2.4137887954711914,-7.45088005065918,0.31584295630455017,0.3154408037662506,0.016021868214011192,1.7671422958374023,1.7658237218856812,0.007803162094205618,0.04973744973540306,0.0,0.014393275376409284,1.9102693796157837,0.11078730970621109,,,,,,,,,,,,,,,,
632,2.4282851219177246,-7.428995609283447,0.3261377811431885,0.3257848918437958,0.01575094647705555,1.761038064956665,1.7601850032806396,0.007677190005779266,0.051510345190763474,0.0,0.014394810814410441,1.9517477750778198,0.11095347255468369,,,,,,,,,,,,,,,,
633,2.403254747390747,-7.399293899536133,0.3133307993412018,0.3128542900085449,0.015676189213991165,1.7622524499893188,1.7605347633361816,0.008066592738032341,0.050059471279382706,0.0,0.014396424132958047,1.9394264221191406,0.1106424331665039,,,,,,,,,,,,,,,,
634,2.412362813949585,-7.486003875732422,0.3161340057849884,0.3157464563846588,0.016233976930379868,1.764824628829956,1.763672113418579,0.007558390032500029,0.04856371507048607,0.0,0.014397935810964548,1.9227285385131836,0.11093210428953171,,,,,,,,,,,,,,,,
635,2.4039859771728516,-7.5106024742126465,0.3169976770877838,0.3163544237613678,0.015311695635318756,1.755916953086853,1.7547272443771362,0.007432784419506788,0.04800122231245041,0.0,0.01439942236784845,1.9177299737930298,0.10982779413461685,,,,,,,,,,,,,,,,
636,2.4186325073242188,-7.422134876251221,0.3236311972141266,0.32236313819885254,0.015356913208961487,1.757473349571228,1.7570890188217163,0.007485137786716223,0.04734809696674347,0.0,0.014400919395405793,1.9174810647964478,0.11054425686597824,,,,,,,,,,,,,,,,
637,2.426238536834717,-7.446019172668457,0.324432909488678,0.3237300515174866,0.016002267599105835,1.7622114419937134,1.7619348764419556,0.007495884783565998,0.04556737840175629,0.0,0.014402418572362507,1.9132965803146362,0.11111733317375183,,,,,,,,,,,,,,,,
638,2.408174514770508,-7.467864990234375,0.3166835606098175,0.3158920109272003,0.015077320858836174,1.7602211236953735,1.7608219385147095,0.007757379673421383,0.05102565512061119,0.0,0.014403970048297191,1.9173413515090942,0.11133251339197159,,,,,,,,,,,,,,,,
639,2.417196035385132,-7.520031929016113,0.317688912153244,0.31675177812576294,0.015402720309793949,1.7672977447509766,1.7674075365066528,0.0077536203898489475,0.0447005033493042,0.0,0.01440552077237516,1.9485609531402588,0.11121592670679092,,,,,,,,,,,,,,,,
640,2.422253131866455,-7.474613666534424,0.3155589997768402,0.3149586021900177,0.015468123368918896,1.7763824462890625,1.7761523723602295,0.00754812965169549,0.049402181059122086,0.0,0.0144070303983055,1.9291422367095947,0.11105059832334518,,,,,,,,,,,,,,,,
641,2.4135265350341797,-7.494962215423584,0.3157193958759308,0.3152399957180023,0.01463079359382391,1.7684003114700317,1.7674720287322998,0.007752548903226852,0.04465612769126892,0.0,0.014408580908086145,1.9307100772857666,0.11133179068565369,,,,,,,,,,,,,,,,
642,2.4024205207824707,-7.5350494384765625,0.3137950003147125,0.31326165795326233,0.014711924828588963,1.7610479593276978,1.7602556943893433,0.007388319820165634,0.040091317147016525,0.0,0.014410058572050178,1.952980399131775,0.11118116229772568,,,,,,,,,,,,,,,,
643,2.412320852279663,-7.530628204345703,0.3180437684059143,0.3176565170288086,0.015345499850809574,1.7617653608322144,1.76078462600708,0.007597258314490318,0.04787440598011017,0.0,0.014411578023713076,1.943361759185791,0.11116251349449158,,,,,,,,,,,,,,,,
644,2.4018073081970215,-7.5513811111450195,0.3124462068080902,0.31272515654563904,0.015382377430796623,1.7624849081039429,1.7600222826004028,0.0074938139878213406,0.04333648458123207,0.0,0.01441307678651064,1.9235880374908447,0.11134928464889526,,,,,,,,,,,,,,,,
645,2.4124293327331543,-7.556637763977051,0.3190486431121826,0.3182138204574585,0.015526681207120419,1.7596509456634521,1.759629726409912,0.007371427491307259,0.04457341507077217,0.0,0.014414551072008902,1.9714946746826172,0.1110076755285263,,,,,,,,,,,,,,,,
646,2.422447681427002,-7.556922435760498,0.32305631041526794,0.32242852449417114,0.015246338210999966,1.7621572017669678,1.761276125907898,0.007352936547249556,0.04383000358939171,0.0,0.014416021659318351,1.9494413137435913,0.1109648123383522,,,,,,,,,,,,,,,,
647,2.4057457447052,-7.571420192718506,0.3141270875930786,0.31320056319236755,0.0160096175968647,1.762549877166748,1.762266993522644,0.007405334152281284,0.04484597221016884,0.0,0.014417502726148806,1.9548693895339966,0.11170946061611176,,,,,,,,,,,,,,,,
648,2.4123551845550537,-7.5797038078308105,0.31946277618408203,0.3181985020637512,0.01543472707271576,1.7590820789337158,1.7594363689422607,0.007710098288953304,0.04563610255718231,0.0,0.014419044745806598,1.9485317468643188,0.11131107062101364,,,,,,,,,,,,,,,,
649,2.4006941318511963,-7.5555524826049805,0.3145720660686493,0.3139261305332184,0.014775336720049381,1.7576109170913696,1.7572300434112549,0.007477247156202793,0.04569047689437866,0.0,0.014420540195237839,1.9575296640396118,0.11088180541992188,,,,,,,,,,,,,,,,
650,2.4097957611083984,-7.606464862823486,0.31595295667648315,0.31595003604888916,0.015010083094239235,1.7636260986328125,1.7621394395828247,0.007521095685660839,0.0433165617287159,0.0,0.01442204441437497,1.9560960531234741,0.11037854105234146,,,,,,,,,,,,,,,,
651,2.4202446937561035,-7.641972064971924,0.320451021194458,0.32079535722732544,0.015639284625649452,1.7649760246276855,1.7617418766021729,0.007549343165010214,0.04220050200819969,0.0,0.014423554283007973,1.931187391281128,0.11106925457715988,,,,,,,,,,,,,,,,
652,2.4138944149017334,-7.613404273986816,0.31955304741859436,0.31992626190185547,0.016248930245637894,1.7594155073165894,1.756916880607605,0.00751908915117383,0.04144323989748955,0.0,0.014425058100838207,1.9073315858840942,0.11070901155471802,,,,,,,,,,,,,,,,
653,2.418921947479248,-7.620818138122559,0.3195052146911621,0.31901177763938904,0.01523451879620552,1.7660399675369263,1.7643007040023804,0.007660694885998964,0.04294344037771225,0.0,0.014426590239815407,1.9578841924667358,0.11120790243148804,,,,,,,,,,,,,,,,
654,2.406280517578125,-7.6391472816467285,0.3161427080631256,0.3148495852947235,0.014868242666125298,1.760013461112976,1.760826826095581,0.007343575824052095,0.04339471086859703,0.0,0.014428058954980217,1.9392048120498657,0.11186908185482025,,,,,,,,,,,,,,,,
655,2.4068965911865234,-7.626507759094238,0.3158389925956726,0.31441324949264526,0.015565779060125351,1.7608833312988281,1.7612738609313965,0.007380266208201647,0.045824576169252396,0.0,0.014429535008221858,1.9505938291549683,0.11114537715911865,,,,,,,,,,,,,,,,
656,2.4246726036071777,-7.638840198516846,0.3228779435157776,0.32120248675346375,0.01551724225282669,1.7646006345748901,1.7655490636825562,0.007507947273552418,0.04446053504943848,0.0,0.014431036597676567,1.9317660331726074,0.11098010092973709,,,,,,,,,,,,,,,,
657,2.417353630065918,-7.6145148277282715,0.3200143277645111,0.3188513219356537,0.015149836428463459,1.763129472732544,1.7635467052459717,0.007562711834907532,0.042657218873500824,0.0,0.014432549140043549,1.9838436841964722,0.11150722205638885,,,,,,,,,,,,,,,,
658,2.419330596923828,-7.619815349578857,0.3210887312889099,0.32037296891212463,0.015054656192660332,1.763258695602417,1.762369990348816,0.0073829228058457375,0.04059230163693428,0.0,0.014434025724604718,1.9654910564422607,0.11079766601324081,,,,,,,,,,,,,,,,
659,2.409503221511841,-7.669807434082031,0.31504425406455994,0.31439924240112305,0.01504078321158886,1.7652854919433594,1.7647523880004883,0.007518074009567499,0.046196505427360535,0.0,0.014435529339406632,1.9215837717056274,0.11059433966875076,,,,,,,,,,,,,,,,
660,2.4055886268615723,-7.69878625869751,0.31071922183036804,0.3100041449069977,0.01512659341096878,1.770187258720398,1.7692900896072388,0.007533498108386993,0.04337760806083679,0.0,0.014437036039028309,1.9541338682174683,0.11051604151725769,,,,,,,,,,,,,,,,
661,2.426764488220215,-7.706335067749023,0.3192023038864136,0.3183929920196533,0.016002582386136055,1.7735553979873657,1.772778034210205,0.007361137308180332,0.04352359101176262,0.0,0.014438508266489944,1.948755145072937,0.11098505556583405,,,,,,,,,,,,,,,,
662,2.410537004470825,-7.706937789916992,0.3167881667613983,0.3162172734737396,0.015379112213850021,1.7625732421875,1.7617316246032715,0.00736513314768672,0.04340415447950363,0.0,0.014439981293119481,1.9798017740249634,0.11063509434461594,,,,,,,,,,,,,,,,
663,2.418581008911133,-7.6967644691467285,0.3224388062953949,0.32164937257766724,0.015620369464159012,1.7591115236282349,1.7586334943771362,0.007378678303211927,0.040760338306427,0.0,0.014441457028780124,1.972131371498108,0.1107681393623352,,,,,,,,,,,,,,,,
664,2.4191946983337402,-7.703845977783203,0.3224020302295685,0.32177734375,0.015869826078414917,1.7593762874603271,1.7589149475097656,0.007385132368654013,0.04243866726756096,0.0,0.014442934055253855,1.9645600318908691,0.11068664491176605,,,,,,,,,,,,,,,,
665,2.422813653945923,-7.746640682220459,0.3243602216243744,0.32342109084129333,0.015583162195980549,1.7594900131225586,1.7594085931777954,0.00739141134545207,0.04158764332532883,0.0,0.014444412337522946,1.940826177597046,0.10985695570707321,,,,,,,,,,,,,,,,
666,2.421427011489868,-7.74900484085083,0.3206040859222412,0.3196311593055725,0.015490460209548473,1.7658661603927612,1.7655363082885742,0.007441573776304722,0.04079436510801315,0.0,0.014445900652278207,1.9524792432785034,0.11006055772304535,,,,,,,,,,,,,,,,
667,2.418333053588867,-7.7423295974731445,0.322024941444397,0.3217732012271881,0.014928814023733139,1.76032292842865,1.7588894367218018,0.007492478005588055,0.03888522833585739,0.0,0.014447399147879325,1.921701431274414,0.11080104112625122,,,,,,,,,,,,,,,,
668,2.4203972816467285,-7.71973991394043,0.3199445903301239,0.31869813799858093,0.015130591578781605,1.7665331363677979,1.7667150497436523,0.007499111816287041,0.03917167708277702,0.0,0.014448898970242582,1.9395567178726196,0.11030153185129166,,,,,,,,,,,,,,,,
669,2.419292449951172,-7.758842468261719,0.32119444012641907,0.3202701210975647,0.015517022460699081,1.762351393699646,1.7622700929641724,0.007406305056065321,0.03847656026482582,0.0,0.014450380231253796,1.9436229467391968,0.11065347492694855,,,,,,,,,,,,,,,,
670,2.4201371669769287,-7.79390811920166,0.3186270296573639,0.31797873973846436,0.015217936597764492,1.7685166597366333,1.7681103944778442,0.007342795375734568,0.04208000376820564,0.0,0.014451848790328943,1.9418331384658813,0.11015142500400543,,,,,,,,,,,,,,,,
671,2.42045259475708,-7.786652088165283,0.3210974633693695,0.32076549530029297,0.014933481812477112,1.7643510103225708,1.762961506843567,0.007684967014938593,0.03921426460146904,0.0,0.014453385783731931,1.9200489521026611,0.11012238264083862,,,,,,,,,,,,,,,,
672,2.4171900749206543,-7.77174186706543,0.3202926516532898,0.3200322985649109,0.015208099968731403,1.7625333070755005,1.760780692100525,0.00744828162714839,0.037659745663404465,0.0,0.014454875440057361,1.9533910751342773,0.11016438156366348,,,,,,,,,,,,,,,,
673,2.4118645191192627,-7.7889814376831055,0.31660154461860657,0.31571584939956665,0.014906074851751328,1.7649903297424316,1.764291763305664,0.0073616886511445045,0.039806850254535675,0.0,0.01445634777778759,1.9321043491363525,0.11030857264995575,,,,,,,,,,,,,,,,
674,2.4230165481567383,-7.791225433349609,0.32611221075057983,0.3253418505191803,0.015034100040793419,1.7567381858825684,1.7563183307647705,0.007437113206833601,0.037395644932985306,0.0,0.014457835200428955,1.9792046546936035,0.11053202301263809,,,,,,,,,,,,,,,,
675,2.42067813873291,-7.791015625,0.3225415050983429,0.3215997815132141,0.015375456772744656,1.7611922025680542,1.7611303329467773,0.007490604184567928,0.0400867722928524,0.0,0.01445933332126587,1.9388235807418823,0.11057494580745697,,,,,,,,,,,,,,,,
676,2.4207165241241455,-7.817139148712158,0.3202686309814453,0.3190154433250427,0.015384791418910027,1.76590895652771,1.766186237335205,0.007299482356756926,0.037328626960515976,0.0,0.01446079321773722,1.947155475616455,0.11017297208309174,,,,,,,,,,,,,,,,
677,2.429084062576294,-7.801961421966553,0.3251965343952179,0.32393887639045715,0.01470960397273302,1.765036702156067,1.7654411792755127,0.007450225297361612,0.03841177746653557,0.0,0.014462283262796692,1.9431359767913818,0.11094801872968674,,,,,,,,,,,,,,,,
678,2.421785831451416,-7.8096604347229,0.3207189440727234,0.31977492570877075,0.015460474416613579,1.7661751508712769,1.765487551689148,0.00749056925997138,0.04024001210927963,0.0,0.014463781376648686,1.9502346515655518,0.11063339561223984,,,,,,,,,,,,,,,,
679,2.424464225769043,-7.851180553436279,0.32353630661964417,0.322358101606369,0.015002082102000713,1.7636663913726807,1.7634689807891846,0.007517037447541952,0.04059640318155289,0.0,0.014465284784138195,1.9149025678634644,0.11067423969507217,,,,,,,,,,,,,,,,
680,2.4056015014648438,-7.824277877807617,0.3135809898376465,0.31378570199012756,0.015542633831501007,1.7637218236923218,1.761662483215332,0.007555303629487753,0.04073856398463249,0.0,0.014466795844864093,1.9519550800323486,0.1110544428229332,,,,,,,,,,,,,,,,
681,2.4218907356262207,-7.841953754425049,0.32295435667037964,0.3233834505081177,0.015037593431770802,1.7619876861572266,1.7590432167053223,0.007319627329707146,0.03996491804718971,0.0,0.014468259770330035,1.9707578420639038,0.11096838861703873,,,,,,,,,,,,,,,,
682,2.41475248336792,-7.893030166625977,0.3172004818916321,0.3176668882369995,0.014792163856327534,1.766447901725769,1.7637379169464111,0.007653870154172182,0.04274944216012955,0.0,0.014469790544360869,1.9605282545089722,0.11002098023891449,,,,,,,,,,,,,,,,
683,2.4160349369049072,-7.928603649139404,0.320994108915329,0.3205111026763916,0.015597897581756115,1.759281873703003,1.7585819959640503,0.007344190496951342,0.03742297366261482,0.0,0.014471259382460258,1.948264479637146,0.11060678213834763,,,,,,,,,,,,,,,,
684,2.4169225692749023,-7.858273506164551,0.32375863194465637,0.3228285610675812,0.015062607824802399,1.7554576396942139,1.755087971687317,0.007096584886312485,0.038901232182979584,0.0,0.014472678699437521,1.9510197639465332,0.11012836545705795,,,,,,,,,,,,,,,,
685,2.4245753288269043,-7.88643741607666,0.32626914978027344,0.32514169812202454,0.014881261624395847,1.7581963539123535,1.7583705186843872,0.007427676115185022,0.0393788106739521,0.0,0.014474164234660558,1.9541888236999512,0.11062402278184891,,,,,,,,,,,,,,,,
686,2.4173803329467773,-7.933533668518066,0.3193165361881256,0.3183066248893738,0.015134040266275406,1.7647384405136108,1.7645078897476196,0.007475347723811865,0.03935818374156952,0.0,0.01447565930420532,1.9674041271209717,0.11047983169555664,,,,,,,,,,,,,,,,
687,2.423233985900879,-7.916204452514648,0.3232998251914978,0.32179921865463257,0.01511814258992672,1.7628147602081299,1.763218641281128,0.007561977952718735,0.03886205703020096,0.0,0.014477171699795864,1.947188138961792,0.10989680886268616,,,,,,,,,,,,,,,,
688,2.4251275062561035,-7.836794376373291,0.3254144787788391,0.3248107433319092,0.015357946045696735,1.7599449157714844,1.759143590927124,0.007512553129345179,0.04026900231838226,0.0,0.014478674210421733,1.9437142610549927,0.11014881730079651,,,,,,,,,,,,,,,,
689,2.4278697967529297,-7.990081787109375,0.3226187229156494,0.32204708456993103,0.015244275331497192,1.7683111429214478,1.7676080465316772,0.00741897989064455,0.039585258811712265,0.0,0.014480158006399861,1.9734394550323486,0.11009065806865692,,,,,,,,,,,,,,,,
690,2.4216620922088623,-7.971734523773193,0.3239152431488037,0.32404831051826477,0.015428654849529266,1.7593332529067993,1.7572065591812134,0.007322648074477911,0.038457393646240234,0.0,0.014481622536014756,1.963626742362976,0.10966084152460098,,,,,,,,,,,,,,,,
691,2.416048288345337,-7.920365333557129,0.3208005130290985,0.32005593180656433,0.014798719435930252,1.7605311870574951,1.7602550983428955,0.00746472692117095,0.03711380809545517,0.0,0.014483115481398991,1.9128202199935913,0.10932060331106186,,,,,,,,,,,,,,,,
692,2.4280834197998047,-7.90926456451416,0.3269202411174774,0.3259757459163666,0.01504402793943882,1.7601290941238403,1.7601573467254639,0.007499944884330034,0.035965971648693085,0.0,0.014484615470375857,1.9647578001022339,0.11050909012556076,,,,,,,,,,,,,,,,
693,2.423011302947998,-7.956855297088623,0.3246188759803772,0.3234521746635437,0.01476613525301218,1.7599818706512451,1.7603660821914673,0.00764130474999547,0.03477468714118004,0.0,0.014486143731325856,1.9357436895370483,0.11049479246139526,,,,,,,,,,,,,,,,
694,2.4120540618896484,-8.002614974975586,0.3151029348373413,0.314411461353302,0.015218076296150684,1.7673536539077759,1.7672892808914185,0.007385369390249252,0.039125360548496246,0.0,0.014487620805203905,1.956843614578247,0.11023697257041931,,,,,,,,,,,,,,,,
695,2.430875778198242,-7.981001377105713,0.3191814720630646,0.3184754252433777,0.01564996875822544,1.77764892578125,1.7774889469146729,0.0073609198443591595,0.036944568157196045,0.0,0.014489092989172777,1.9582910537719727,0.11019261926412582,,,,,,,,,,,,,,,,
696,2.420788288116455,-7.935182571411133,0.3180180490016937,0.3174301087856293,0.01592073030769825,1.769883394241333,1.7689554691314697,0.007458125241100788,0.03813884034752846,0.0,0.014490584614220998,1.9608685970306396,0.10960409045219421,,,,,,,,,,,,,,,,
697,2.4099016189575195,-7.984512805938721,0.31857261061668396,0.3175378143787384,0.015410521067678928,1.7585608959197998,1.7582001686096191,0.007429898716509342,0.03660149127244949,0.0,0.014492070593964299,1.947202444076538,0.11012619733810425,,,,,,,,,,,,,,,,
698,2.417816638946533,-8.0211763381958,0.31906965374946594,0.31870171427726746,0.01500551775097847,1.7656079530715942,1.7644715309143066,0.007491226773709059,0.03861590847373009,0.0,0.014493568839319041,1.934352993965149,0.10996390879154205,,,,,,,,,,,,,,,,
699,2.4120419025421143,-8.024641036987305,0.320902556180954,0.32022735476493835,0.014906537719070911,1.7565430402755737,1.7554678916931152,0.007387280929833651,0.03217311576008797,0.0,0.014495046295505009,1.945932388305664,0.11009982228279114,,,,,,,,,,,,,,,,
700,2.4163527488708496,-8.03925895690918,0.32054272294044495,0.319999098777771,0.015251044183969498,1.7610759735107422,1.7600438594818115,0.007907941937446594,0.032643165439367294,0.0,0.014496627883892497,1.9461960792541504,0.11027369648218155,,,,,,,,,,,,,,,,
701,2.4073147773742676,-7.9680705070495605,0.3166942596435547,0.31637147068977356,0.014963041990995407,1.759934902191162,1.7586373090744019,0.0074258302338421345,0.03460605815052986,0.0,0.014498113049939266,1.9607148170471191,0.10952509194612503,,,,,,,,,,,,,,,,
702,2.423917531967163,-7.996054172515869,0.3241870105266571,0.3238596022129059,0.014714212156832218,1.7618370056152344,1.7604763507843018,0.007435963023453951,0.03389635682106018,0.0,0.014499600242543957,1.9516384601593018,0.1101565808057785,,,,,,,,,,,,,,,,
703,2.4122955799102783,-8.089744567871094,0.31679001450538635,0.31638437509536743,0.014630007557570934,1.7649747133255005,1.764007329940796,0.008281475864350796,0.03282714635133743,0.0,0.014501256537716826,1.9165517091751099,0.1095290556550026,,,,,,,,,,,,,,,,
704,2.4156694412231445,-8.080867767333984,0.3162102997303009,0.3159542679786682,0.015315149910748005,1.7687451839447021,1.7676340341567993,0.0074173444882035255,0.033575162291526794,0.0,0.014502740006614468,1.974208950996399,0.11067138612270355,,,,,,,,,,,,,,,,
705,2.4176793098449707,-8.008357048034668,0.3203341066837311,0.319380521774292,0.0147898243740201,1.7632114887237549,1.7631381750106812,0.0075508002191782,0.034876275807619095,0.0,0.014504250166658303,1.9282690286636353,0.11019209027290344,,,,,,,,,,,,,,,,
706,2.4122304916381836,-8.041001319885254,0.3212651312351227,0.31993207335472107,0.014618036337196827,1.7561678886413574,1.756662368774414,0.007619753479957581,0.034551218152046204,0.0,0.014505774117354295,1.9278883934020996,0.10979452729225159,,,,,,,,,,,,,,,,
707,2.4228386878967285,-8.117241859436035,0.3260309398174286,0.32521817088127136,0.014664393849670887,1.7570306062698364,1.756819486618042,0.007257354911416769,0.036757174879312515,0.0,0.01450722558833658,1.9644321203231812,0.10952714830636978,,,,,,,,,,,,,,,,
708,2.417471170425415,-8.152294158935547,0.3231123089790344,0.3220764994621277,0.015784384682774544,1.7567603588104248,1.7562355995178223,0.007318106945604086,0.03438553586602211,0.0,0.0145086892097257,1.9479764699935913,0.11023123562335968,,,,,,,,,,,,,,,,
709,2.4183807373046875,-8.071022033691406,0.3208244740962982,0.3202546238899231,0.015475917607545853,1.762521743774414,1.76112961769104,0.007681842427700758,0.03488432988524437,0.0,0.014510225578211241,1.9533008337020874,0.1097564771771431,,,,,,,,,,,,,,,,
710,2.4245123863220215,-8.054282188415527,0.3238360285758972,0.32299450039863586,0.014952430501580238,1.7627965211868286,1.7626621723175049,0.007443453185260296,0.03515547513961792,0.0,0.014511714268848293,1.983858346939087,0.10990849882364273,,,,,,,,,,,,,,,,
711,2.4064295291900635,-8.112937927246094,0.31405022740364075,0.31277379393577576,0.014697644859552383,1.7646008729934692,1.7652148008346558,0.007689944002777338,0.03845885023474693,0.0,0.014513252257648847,1.9653469324111938,0.11007755249738693,,,,,,,,,,,,,,,,
712,2.414757251739502,-8.14466381072998,0.3149161636829376,0.3136186897754669,0.015267985872924328,1.7707626819610596,1.7711459398269653,0.00743180001154542,0.03563830628991127,0.0,0.014514738617651157,1.9665775299072266,0.11028750985860825,,,,,,,,,,,,,,,,
713,2.4182207584381104,-8.106549263000488,0.3206537663936615,0.31955859065055847,0.014850091189146042,1.7631231546401978,1.7631934881210327,0.0075934408232569695,0.03206780552864075,0.0,0.014516257305815808,1.9583314657211304,0.10981959104537964,,,,,,,,,,,,,,,,
714,2.414998769760132,-8.121424674987793,0.317175954580307,0.3172573149204254,0.015096974559128284,1.76638925075531,1.7645478248596191,0.00744331581518054,0.03703230619430542,0.0,0.014517745968978844,1.9986026287078857,0.11029336601495743,,,,,,,,,,,,,,,,
715,2.4108452796936035,-8.147334098815918,0.3176526725292206,0.31764256954193115,0.014920447021722794,1.761534571647644,1.759724497795105,0.007710465230047703,0.036310721188783646,0.0,0.014519288062024854,1.9455444812774658,0.11054805666208267,,,,,,,,,,,,,,,,
716,2.4180595874786377,-8.211845397949219,0.3199942111968994,0.3197275996208191,0.014977812767028809,1.7641594409942627,1.7625606060028076,0.007624369580298662,0.034219324588775635,0.0,0.014520812935940914,1.9764232635498047,0.11024007946252823,,,,,,,,,,,,,,,,
717,2.4263088703155518,-8.179159164428711,0.32743632793426514,0.3268420696258545,0.015465418808162212,1.7571827173233032,1.7559473514556885,0.007702484726905823,0.036254849284887314,0.0,0.014522353432886296,1.9492076635360718,0.10923603922128677,,,,,,,,,,,,,,,,
718,2.419902801513672,-8.146829605102539,0.3236132860183716,0.32253485918045044,0.014751079492270947,1.758925437927246,1.7590816020965576,0.007360035087913275,0.03397860378026962,0.0,0.01452382543990388,1.9744873046875,0.1103392019867897,,,,,,,,,,,,,,,,
719,2.407477855682373,-8.138466835021973,0.3183763027191162,0.31734538078308105,0.014790758490562439,1.756941795349121,1.7569890022277832,0.008104036562144756,0.03722013160586357,0.0,0.014525446247216309,1.9444750547409058,0.10968180000782013,,,,,,,,,,,,,,,,
720,2.416778564453125,-8.209007263183594,0.3201485872268677,0.3186805546283722,0.01507261861115694,1.762448787689209,1.7633047103881836,0.007425759453326464,0.03130197525024414,0.0,0.014526931399106975,1.9604216814041138,0.11016681045293808,,,,,,,,,,,,,,,,
721,2.4176230430603027,-8.207742691040039,0.3166542649269104,0.31592684984207153,0.015280937775969505,1.7700976133346558,1.7694244384765625,0.007311474531888962,0.034944090992212296,0.0,0.014528393694013353,1.9689455032348633,0.10949678719043732,,,,,,,,,,,,,,,,
722,2.422161102294922,-8.209474563598633,0.31974485516548157,0.31924375891685486,0.015988968312740326,1.7673991918563843,1.7669678926467896,0.00801551342010498,0.036128923296928406,0.0,0.014529996796697373,1.9875879287719727,0.10967584699392319,,,,,,,,,,,,,,,,
723,2.4103102684020996,-8.175670623779297,0.31762099266052246,0.3173503577709198,0.014750583097338676,1.7614524364471436,1.7597242593765259,0.007505323272198439,0.03562086448073387,0.0,0.014531497861351812,1.9837727546691895,0.10982274264097214,,,,,,,,,,,,,,,,
724,2.4217529296875,-8.206184387207031,0.32213273644447327,0.3216957151889801,0.016014697030186653,1.762620449066162,1.761198878288269,0.007399349007755518,0.0338592566549778,0.0,0.014532977731153363,1.9540363550186157,0.1101817712187767,,,,,,,,,,,,,,,,
725,2.408533811569214,-8.278422355651855,0.31584471464157104,0.31541916728019714,0.015251969918608665,1.7628337144851685,1.761202096939087,0.007372947875410318,0.03304760158061981,0.0,0.014534452320728445,1.973548412322998,0.11028990894556046,,,,,,,,,,,,,,,,
726,2.427342176437378,-8.247533798217773,0.3266928195953369,0.32650309801101685,0.015581723302602768,1.7593170404434204,1.7578121423721313,0.0074171219021081924,0.03343818709254265,0.0,0.014535935745108867,1.9628126621246338,0.10986851900815964,,,,,,,,,,,,,,,,
727,2.4373056888580322,-8.246732711791992,0.33070069551467896,0.32942044734954834,0.014584528282284737,1.7626174688339233,1.7625824213027954,0.007376672700047493,0.03264983370900154,0.0,0.014537411079648876,1.9661970138549805,0.1092810332775116,,,,,,,,,,,,,,,,
728,2.4157745838165283,-8.219560623168945,0.3176393508911133,0.316643625497818,0.014880843460559845,1.7667138576507568,1.766507625579834,0.007017941679805517,0.03226560354232788,0.0,0.014538814667984836,1.9632513523101807,0.10933954268693924,,,,,,,,,,,,,,,,
729,2.4140207767486572,-8.253232955932617,0.3173806369304657,0.31647810339927673,0.01476051565259695,1.7655922174453735,1.7652108669281006,0.007040029391646385,0.03156333789229393,0.0,0.014540222673863165,1.9605296850204468,0.10874293744564056,,,,,,,,,,,,,,,,
730,2.4346389770507812,-8.29065990447998,0.32614168524742126,0.3253341019153595,0.015407560393214226,1.768271565437317,1.767240047454834,0.0073524718172848225,0.03162936866283417,0.0,0.014541693168226622,1.936107873916626,0.10857792943716049,,,,,,,,,,,,,,,,
731,2.4349050521850586,-8.297598838806152,0.3238755166530609,0.32314246892929077,0.015312408097088337,1.7732421159744263,1.771907091140747,0.007578841410577297,0.03460334613919258,0.0,0.014543208936508737,1.9391018152236938,0.10873491317033768,,,,,,,,,,,,,,,,
732,2.4195468425750732,-8.273030281066895,0.3232663571834564,0.32287874817848206,0.015007926151156425,1.7589541673660278,1.7578332424163818,0.007448316551744938,0.031057899817824364,0.0,0.014544698599819087,1.9446300268173218,0.10931270569562912,,,,,,,,,,,,,,,,
733,2.4177892208099365,-8.309297561645508,0.3217233419418335,0.3213030993938446,0.014621784910559654,1.7609158754348755,1.7593659162521362,0.0073839472606778145,0.03133473917841911,0.0,0.014546175389271223,1.9400514364242554,0.10866277664899826,,,,,,,,,,,,,,,,
734,2.4205539226531982,-8.298477172851562,0.326034814119339,0.3252594769001007,0.014952178113162518,1.754588007926941,1.7540267705917358,0.00755552900955081,0.03327162191271782,0.0,0.014547686495073132,2.004315137863159,0.10933475941419601,,,,,,,,,,,,,,,,
735,2.4160072803497314,-8.286176681518555,0.32195183634757996,0.32051873207092285,0.014612624421715736,1.7585748434066772,1.7592730522155762,0.0074132406152784824,0.033533819019794464,0.0,0.014549169143196188,1.9721410274505615,0.10947466641664505,,,,,,,,,,,,,,,,
736,2.421785593032837,-8.334228515625,0.32172340154647827,0.32085490226745605,0.014990261755883694,1.7643465995788574,1.764087438583374,0.007803505752235651,0.03485100343823433,0.0,0.014550729844346636,1.9625270366668701,0.10984275490045547,,,,,,,,,,,,,,,,
737,2.4045674800872803,-8.334293365478516,0.3141820430755615,0.31342369318008423,0.014392831362783909,1.762783408164978,1.7623542547225952,0.007428316865116358,0.03408769518136978,0.0,0.01455221550771966,1.9732061624526978,0.10937855392694473,,,,,,,,,,,,,,,,
738,2.4240877628326416,-8.334702491760254,0.3239290714263916,0.3229753375053406,0.01505625806748867,1.762392520904541,1.7618615627288818,0.00754181481897831,0.03430396690964699,0.0,0.014553723870683455,1.9457720518112183,0.10900720953941345,,,,,,,,,,,,,,,,
739,2.4318432807922363,-8.31695556640625,0.330920547246933,0.3297193646430969,0.015553728677332401,1.755969762802124,1.7553292512893677,0.007525433320552111,0.03290985897183418,0.0,0.014555228957347566,1.968475103378296,0.10967177897691727,,,,,,,,,,,,,,,,
740,2.425086736679077,-8.325276374816895,0.3215165436267853,0.32122933864593506,0.01483155321329832,1.768183946609497,1.7668347358703613,0.0074624414555728436,0.0363556332886219,0.0,0.01455672144563868,1.9769458770751953,0.10966626554727554,,,,,,,,,,,,,,,,
741,2.4181318283081055,-8.358187675476074,0.3221001625061035,0.32093870639801025,0.014663024805486202,1.760485053062439,1.7603745460510254,0.00844637118279934,0.03373557701706886,0.0,0.01455841071987524,1.986685037612915,0.10962819308042526,,,,,,,,,,,,,,,,
742,2.41923451423645,-8.349833488464355,0.3219652771949768,0.3212178945541382,0.015123431570827961,1.7612836360931396,1.7605721950531006,0.007360372692346573,0.03240519016981125,0.0,0.01455988279441371,1.9835844039916992,0.10934372991323471,,,,,,,,,,,,,,,,
743,2.421776294708252,-8.347329139709473,0.31750431656837463,0.3158968687057495,0.015838511288166046,1.7722508907318115,1.772822380065918,0.007316863629966974,0.03321084752678871,0.0,0.014561346167139702,1.9513866901397705,0.1087091714143753,,,,,,,,,,,,,,,,
744,2.4252142906188965,-8.408953666687012,0.3228275179862976,0.321696013212204,0.014613017439842224,1.766313076019287,1.765842318534851,0.007370438426733017,0.030818043276667595,0.0,0.014562820254825049,1.971004605293274,0.10884181410074234,,,,,,,,,,,,,,,,
745,2.4197893142700195,-8.35770034790039,0.32210773229599,0.3212934732437134,0.014765959233045578,1.762144923210144,1.7610994577407837,0.007451205048710108,0.030965398997068405,0.0,0.01456431049583479,1.9753217697143555,0.10859972983598709,,,,,,,,,,,,,,,,
746,2.4314916133880615,-8.367544174194336,0.32870548963546753,0.32781732082366943,0.014462226070463657,1.7607005834579468,1.760312795639038,0.0073111713863909245,0.03218235820531845,0.0,0.01456577273011207,1.9775946140289307,0.10951431095600128,,,,,,,,,,,,,,,,
747,2.4203414916992188,-8.4335355758667,0.32031798362731934,0.3198187053203583,0.015566379763185978,1.7652790546417236,1.7639979124069214,0.007311205845326185,0.032223254442214966,0.0,0.014567234971281134,1.9690850973129272,0.10895544290542603,,,,,,,,,,,,,,,,
748,2.4226691722869873,-8.436530113220215,0.32438352704048157,0.3236050009727478,0.014619321562349796,1.7603614330291748,1.7597609758377075,0.0074965157546103,0.033667828887701035,0.0,0.014568734274432055,1.9614464044570923,0.10906712710857391,,,,,,,,,,,,,,,,
749,2.413756847381592,-8.364091873168945,0.3159632980823517,0.3152853846549988,0.01499800756573677,1.7679306268692017,1.767089605331421,0.007310685236006975,0.03165074437856674,0.0,0.014570196411479256,1.9398118257522583,0.10880646854639053,,,,,,,,,,,,,,,,
750,2.427144765853882,-8.40102481842041,0.3229883015155792,0.3217930495738983,0.014914398081600666,1.7676752805709839,1.7672227621078491,0.00730908615514636,0.03162695840001106,0.0,0.014571658228710285,1.9542900323867798,0.10944817960262299,,,,,,,,,,,,,,,,
751,2.419908285140991,-8.44937515258789,0.3222768306732178,0.32152125239372253,0.01479166280478239,1.7617264986038208,1.7609102725982666,0.007348689716309309,0.03195115923881531,0.0,0.014573127966653547,1.970635175704956,0.10866118967533112,,,,,,,,,,,,,,,,
752,2.4209256172180176,-8.456298828125,0.3223419487476349,0.3221502900123596,0.014845199882984161,1.7624775171279907,1.760698676109314,0.0074853841215372086,0.03121551312506199,0.0,0.014574625043477854,1.9960864782333374,0.10881370306015015,,,,,,,,,,,,,,,,
753,2.4135217666625977,-8.438483238220215,0.3180696964263916,0.31797143816947937,0.014614728279411793,1.7636592388153076,1.7620726823806763,0.007341192103922367,0.0318119190633297,0.0,0.014576093281898638,1.9569438695907593,0.10945551842451096,,,,,,,,,,,,,,,,
754,2.4169554710388184,-8.45226764678955,0.3225736618041992,0.3216949701309204,0.014002775773406029,1.759139895439148,1.7582284212112427,0.0074378554709255695,0.035386815667152405,0.0,0.014577580852992824,1.9276636838912964,0.10939400643110275,,,,,,,,,,,,,,,,
755,2.4325883388519287,-8.45244312286377,0.33284831047058105,0.33155083656311035,0.014443689025938511,1.753615379333496,1.753875494003296,0.0073907398618757725,0.031402140855789185,0.0,0.014579059000965199,1.9698213338851929,0.10978704690933228,,,,,,,,,,,,,,,,
756,2.42964768409729,-8.514935493469238,0.3255927562713623,0.3243972957134247,0.014983411878347397,1.7646267414093018,1.7647217512130737,0.0073410514742136,0.028979497030377388,0.0,0.014580527211260042,1.9867788553237915,0.11014842242002487,,,,,,,,,,,,,,,,
757,2.4186019897460938,-8.461215019226074,0.3218303918838501,0.3210693597793579,0.013990533538162708,1.7617069482803345,1.7617168426513672,0.007436576299369335,0.02912251465022564,0.0,0.014582014526519915,1.9847031831741333,0.10957503318786621,,,,,,,,,,,,,,,,
758,2.4139773845672607,-8.472749710083008,0.3213256299495697,0.32016220688819885,0.014609649777412415,1.757847547531128,1.7579123973846436,0.007371508050709963,0.03072529472410679,0.0,0.014583488828130058,1.9687707424163818,0.1096862256526947,,,,,,,,,,,,,,,,
759,2.4181737899780273,-8.533819198608398,0.32119321823120117,0.32017454504966736,0.014260849915444851,1.762786626815796,1.7623034715652466,0.007488319184631109,0.028477273881435394,0.0,0.014584986491966984,1.9619077444076538,0.10974973440170288,,,,,,,,,,,,,,,,
760,2.4199771881103516,-8.524127006530762,0.3225785791873932,0.3216897249221802,0.014634106308221817,1.761308193206787,1.7608413696289062,0.007398888934403658,0.031357407569885254,0.0,0.014586466269753864,1.976572036743164,0.10950414091348648,,,,,,,,,,,,,,,,
761,2.415140151977539,-8.498162269592285,0.3204401135444641,0.31918102502822876,0.014461858198046684,1.7610574960708618,1.7610565423965454,0.007421954069286585,0.029681412503123283,0.0,0.014587950660567721,1.938236951828003,0.10910453647375107,,,,,,,,,,,,,,,,
762,2.4301376342773438,-8.496864318847656,0.3280176818370819,0.327252596616745,0.014371585100889206,1.761107325553894,1.7598841190338135,0.007363141514360905,0.029886458069086075,0.0,0.014589423288870593,2.0005640983581543,0.10863136500120163,,,,,,,,,,,,,,,,
763,2.443633556365967,-8.561899185180664,0.3334940969944,0.33279678225517273,0.015194995328783989,1.7625116109848022,1.761783480644226,0.007273305673152208,0.032636962831020355,0.0,0.014590877950005224,1.9483962059020996,0.10885447263717651,,,,,,,,,,,,,,,,
764,2.431178569793701,-8.60247802734375,0.32431265711784363,0.32321101427078247,0.01649574749171734,1.7673155069351196,1.767002820968628,0.0075281523168087006,0.030769076198339462,0.0,0.014592383580468585,1.971645474433899,0.10886889696121216,,,,,,,,,,,,,,,,
765,2.412097692489624,-8.519858360290527,0.31472641229629517,0.3139655292034149,0.014696118421852589,1.7687667608261108,1.7686524391174316,0.007406330201774836,0.02910984493792057,0.0,0.01459386484650894,1.955273151397705,0.10894977301359177,,,,,,,,,,,,,,,,
766,2.413208484649658,-8.452322006225586,0.3170946538448334,0.3165280818939209,0.014597541652619839,1.7652873992919922,1.7646889686584473,0.007471315562725067,0.03230724111199379,0.0,0.014595359109621486,1.9753596782684326,0.10917084664106369,,,,,,,,,,,,,,,,
767,2.443495035171509,-8.58884048461914,0.32924145460128784,0.3280671238899231,0.015222848393023014,1.7709989547729492,1.770928144454956,0.0072775851003825665,0.0323171503841877,0.0,0.014596814626641563,1.9898096323013306,0.10885351151227951,,,,,,,,,,,,,,,,
768,2.426722526550293,-8.655391693115234,0.32208821177482605,0.3211750090122223,0.014982488937675953,1.7685112953186035,1.7684427499771118,0.007487990893423557,0.03308536484837532,0.0,0.014598312224820248,1.9643690586090088,0.10913995653390884,,,,,,,,,,,,,,,,
769,2.435288667678833,-8.551346778869629,0.33025550842285156,0.329671710729599,0.01473655179142952,1.7610090970993042,1.7602406740188599,0.0072527602314949036,0.030594872310757637,0.0,0.014599762776866547,1.9625914096832275,0.10883842408657074,,,,,,,,,,,,,,,,
770,2.4253878593444824,-8.49933910369873,0.32443326711654663,0.32342955470085144,0.015347235836088657,1.7626243829727173,1.7617316246032715,0.007335217669606209,0.027681957930326462,0.0,0.014601229820400468,1.962328314781189,0.1082083210349083,,,,,,,,,,,,,,,,
771,2.439587354660034,-8.651308059692383,0.3279423117637634,0.32749852538108826,0.01568264327943325,1.7688606977462769,1.7680672407150269,0.007692672312259674,0.028886377811431885,0.0,0.01460276835486292,1.9595028162002563,0.10828736424446106,,,,,,,,,,,,,,,,
772,2.4269320964813232,-8.721367835998535,0.32655447721481323,0.32636216282844543,0.015129957348108292,1.7596818208694458,1.7580889463424683,0.007524031214416027,0.031531546264886856,0.0,0.014604273161105803,1.9550116062164307,0.10847538709640503,,,,,,,,,,,,,,,,
773,2.4338762760162354,-8.57710075378418,0.33241963386535645,0.33238548040390015,0.015297449193894863,1.754775881767273,1.7527713775634766,0.007397972512990236,0.027919882908463478,0.0,0.014605752755608402,1.9537073373794556,0.10841580480337143,,,,,,,,,,,,,,,,
774,2.4369897842407227,-8.55341911315918,0.3310830891132355,0.329790323972702,0.015405507758259773,1.760772705078125,1.7606487274169922,0.007223956752568483,0.03231910988688469,0.0,0.014607197546958916,1.950060248374939,0.10768227279186249,,,,,,,,,,,,,,,,
775,2.4355602264404297,-8.632654190063477,0.3314652740955353,0.3311232328414917,0.014777603559195995,1.7585811614990234,1.7578070163726807,0.007287671789526939,0.031254831701517105,0.0,0.014608655081316821,1.9804775714874268,0.10835310816764832,,,,,,,,,,,,,,,,
776,2.4180197715759277,-8.682450294494629,0.31643134355545044,0.3157113194465637,0.015120130032300949,1.7712785005569458,1.7702356576919556,0.0073611075058579445,0.029795581474900246,0.0,0.014610127302817993,1.9552637338638306,0.1079626977443695,,,,,,,,,,,,,,,,
777,2.427907705307007,-8.643150329589844,0.3230639100074768,0.3227499723434448,0.014642716385424137,1.768174648284912,1.766727328300476,0.0076291561126708984,0.030602723360061646,0.0,0.014611653134040527,1.9726195335388184,0.10887300968170166,,,,,,,,,,,,,,,,
778,2.4152140617370605,-8.597076416015625,0.31800758838653564,0.31729868054389954,0.01511537004262209,1.765397548675537,1.7641875743865967,0.007500132080167532,0.02801092155277729,0.0,0.014613153160456561,1.9788193702697754,0.10898531973361969,,,,,,,,,,,,,,,,
779,2.4240565299987793,-8.683652877807617,0.32636305689811707,0.3258397877216339,0.014939045533537865,1.7572767734527588,1.7565525770187378,0.007420207839459181,0.02986161969602108,0.0,0.014614637202024452,1.9560024738311768,0.10873016715049744,,,,,,,,,,,,,,,,
780,2.418867588043213,-8.748917579650879,0.32218649983406067,0.321498304605484,0.014950069598853588,1.760527491569519,1.7599377632141113,0.00778231443837285,0.031324826180934906,0.0,0.014616193664912127,1.9929461479187012,0.10918581485748291,,,,,,,,,,,,,,,,
781,2.425619602203369,-8.643280982971191,0.32776179909706116,0.3272060453891754,0.01673106662929058,1.7542868852615356,1.7535547018051147,0.007260903716087341,0.02862362191081047,0.0,0.014617645845655345,2.012476682662964,0.10958270728588104,,,,,,,,,,,,,,,,
782,2.417203664779663,-8.561433792114258,0.323946475982666,0.3231138288974762,0.014421792700886726,1.7558108568191528,1.7556322813034058,0.007379413582384586,0.029436910524964333,0.0,0.014619121728371822,2.0019032955169678,0.10990845412015915,,,,,,,,,,,,,,,,
783,2.439629554748535,-8.708773612976074,0.3285443186759949,0.3270927369594574,0.015262696892023087,1.7683217525482178,1.7691380977630615,0.007378772366791964,0.028982102870941162,0.0,0.01462059748284518,1.9823416471481323,0.11007342487573624,,,,,,,,,,,,,,,,
784,2.431942939758301,-8.758455276489258,0.3207327127456665,0.3193846642971039,0.01641211099922657,1.7754414081573486,1.7753856182098389,0.007360450923442841,0.031174197793006897,0.0,0.014622069573029868,2.010756731033325,0.10965519398450851,,,,,,,,,,,,,,,,
785,2.4245100021362305,-8.698629379272461,0.3222719132900238,0.3214248716831207,0.015237300656735897,1.765455961227417,1.7656959295272827,0.007272197864949703,0.029078317806124687,0.0,0.014623524012602859,1.9932857751846313,0.10958962142467499,,,,,,,,,,,,,,,,
786,2.4122869968414307,-8.61417293548584,0.317188560962677,0.31646114587783813,0.014287527650594711,1.7647112607955933,1.7639882564544678,0.0072646536864340305,0.028624406084418297,0.0,0.014624976943340145,2.017660617828369,0.10950104147195816,,,,,,,,,,,,,,,,
787,2.441917657852173,-8.690996170043945,0.3313727080821991,0.3303432762622833,0.01576715148985386,1.7646299600601196,1.7642391920089722,0.007384128402918577,0.025731712579727173,0.0,0.014626453769020728,1.9657751321792603,0.10949444770812988,,,,,,,,,,,,,,,,
788,2.4322140216827393,-8.782898902893066,0.32914844155311584,0.32769110798835754,0.01449610386043787,1.7608226537704468,1.7609342336654663,0.007446067873388529,0.028693221509456635,0.0,0.014627942982595406,2.0054450035095215,0.10985814034938812,,,,,,,,,,,,,,,,
789,2.4291694164276123,-8.77491569519043,0.3286120593547821,0.32834911346435547,0.014771534129977226,1.758293867111206,1.7565796375274658,0.007160330191254616,0.030318770557641983,0.0,0.014629375048633656,1.995481252670288,0.10975878685712814,,,,,,,,,,,,,,,,
790,2.4205360412597656,-8.709587097167969,0.32222044467926025,0.32158055901527405,0.014063484966754913,1.763066291809082,1.7622770071029663,0.007365699391812086,0.030197398737072945,0.0,0.014630848188512019,2.0149006843566895,0.10930150747299194,,,,,,,,,,,,,,,,
791,2.425400972366333,-8.685857772827148,0.32409656047821045,0.32342469692230225,0.014258145354688168,1.7643200159072876,1.762923002243042,0.007667198311537504,0.028777098283171654,0.0,0.014632381628174327,1.9859219789505005,0.10928355157375336,,,,,,,,,,,,,,,,
792,2.434063196182251,-8.761797904968262,0.3247579336166382,0.3240109086036682,0.014822090975940228,1.7711491584777832,1.7697954177856445,0.0073237172327935696,0.02806008607149124,0.0,0.014633846371620886,1.9999924898147583,0.10946093499660492,,,,,,,,,,,,,,,,
793,2.428215265274048,-8.78267765045166,0.32293668389320374,0.3219417333602905,0.014947861433029175,1.7687197923660278,1.7680583000183105,0.007264713756740093,0.028149720281362534,0.0,0.014635299314372234,1.9930219650268555,0.10903026908636093,,,,,,,,,,,,,,,,
794,2.4237782955169678,-8.748945236206055,0.3226161003112793,0.32233333587646484,0.01453651487827301,1.7648414373397827,1.763743281364441,0.007390942424535751,0.026003267616033554,0.0,0.014636777502857141,1.9827728271484375,0.10860210657119751,,,,,,,,,,,,,,,,
795,2.432290554046631,-8.734159469604492,0.33078473806381226,0.33001789450645447,0.01462771650403738,1.7571772336959839,1.7565431594848633,0.00723466370254755,0.0283510722219944,0.0,0.014638224435597652,1.9573208093643188,0.10899876058101654,,,,,,,,,,,,,,,,
796,2.429067611694336,-8.85678482055664,0.32506832480430603,0.32430076599121094,0.0150618776679039,1.7649897336959839,1.7642831802368164,0.0069870552979409695,0.028216419741511345,0.0,0.01463962184665724,1.9671977758407593,0.10834138095378876,,,,,,,,,,,,,,,,
797,2.434070587158203,-8.853813171386719,0.32974007725715637,0.329239159822464,0.014448752626776695,1.7613935470581055,1.7598915100097656,0.0071875546127557755,0.02882237546145916,0.0,0.01464105935757979,1.9716644287109375,0.1085946261882782,,,,,,,,,,,,,,,,
798,2.4279308319091797,-8.765996932983398,0.3284795582294464,0.3276669681072235,0.015510347671806812,1.7565670013427734,1.755981206893921,0.0073267146944999695,0.026183951646089554,0.0,0.01464252470051869,1.998278021812439,0.10935823619365692,,,,,,,,,,,,,,,,
799,2.4421141147613525,-8.760921478271484,0.3331036865711212,0.33234652876853943,0.014971603639423847,1.7619585990905762,1.7614259719848633,0.00733993062749505,0.028064442798495293,0.0,0.01464399268664419,1.9864535331726074,0.1082969531416893,,,,,,,,,,,,,,,,
800,2.409289598464966,-8.84912395477295,0.31548306345939636,0.31498849391937256,0.014869063161313534,1.7646470069885254,1.763250708580017,0.00776687590405345,0.027114367112517357,0.0,0.014645546061825,1.9809685945510864,0.10926150530576706,,,,,,,,,,,,,,,,
801,2.4246253967285156,-8.900433540344238,0.3213399648666382,0.32094764709472656,0.014767305925488472,1.7683316469192505,1.7668094635009766,0.00737057626247406,0.028423713520169258,0.0,0.014647020177077495,1.983761191368103,0.10979309678077698,,,,,,,,,,,,,,,,
802,2.460526943206787,-8.805538177490234,0.34237784147262573,0.34192150831222534,0.01505615096539259,1.761939525604248,1.7604031562805176,0.007399361580610275,0.0269476305693388,0.0,0.014648500049393618,1.9604485034942627,0.10855577141046524,,,,,,,,,,,,,,,,
803,2.441948890686035,-8.815345764160156,0.32851067185401917,0.3276355266571045,0.01464166771620512,1.7716492414474487,1.7706727981567383,0.0072940620593726635,0.025609133765101433,0.0,0.014649958861805493,2.004875659942627,0.10911240428686142,,,,,,,,,,,,,,,,
804,2.4431819915771484,-8.876799583435059,0.33188027143478394,0.33096352219581604,0.015339688397943974,1.765043020248413,1.764953851699829,0.007667972706258297,0.029552076011896133,0.0,0.014651492456346744,1.9858226776123047,0.10917119681835175,,,,,,,,,,,,,,,,
805,2.4337422847747803,-8.870100975036621,0.32338497042655945,0.3221540153026581,0.01815587282180786,1.7700283527374268,1.770066499710083,0.007355281617492437,0.027251701802015305,0.0,0.014652963512670243,1.994154930114746,0.1089140772819519,,,,,,,,,,,,,,,,
806,2.4244229793548584,-8.847066879272461,0.32532891631126404,0.32400187849998474,0.014643176458775997,1.7607547044754028,1.7601433992385864,0.007615021895617247,0.030407145619392395,0.0,0.014654486517049366,1.989855170249939,0.10877137631177902,,,,,,,,,,,,,,,,
807,2.4249324798583984,-8.833749771118164,0.3234620988368988,0.3226584494113922,0.014360904693603516,1.7649569511413574,1.7639449834823608,0.0072825001552701,0.02995244786143303,0.0,0.01465594301708042,1.982459306716919,0.10913567990064621,,,,,,,,,,,,,,,,
808,2.4182844161987305,-8.88322639465332,0.32120493054389954,0.3208200931549072,0.014541950076818466,1.762455940246582,1.7609792947769165,0.00723444577306509,0.03032865934073925,0.0,0.014657389906235033,2.0007402896881104,0.10951220989227295,,,,,,,,,,,,,,,,
809,2.4182636737823486,-8.937150955200195,0.318250447511673,0.3178684413433075,0.014987833797931671,1.7680150270462036,1.7662988901138306,0.007375993765890598,0.029177505522966385,0.0,0.014658865104988211,1.9710180759429932,0.109639011323452,,,,,,,,,,,,,,,,
810,2.4322919845581055,-8.914341926574707,0.32542067766189575,0.32493311166763306,0.014575841836631298,1.7681663036346436,1.7665581703186035,0.007379604037851095,0.02740328200161457,0.0,0.01466034102579578,1.9778298139572144,0.10899960249662399,,,,,,,,,,,,,,,,
811,2.4210047721862793,-8.85716724395752,0.3200487792491913,0.319550484418869,0.015942227095365524,1.7663207054138184,1.7646058797836304,0.0075260670855641365,0.02877129800617695,0.0,0.014661846239212893,1.963690161705017,0.1083751916885376,,,,,,,,,,,,,,,,
812,2.414921760559082,-8.871129035949707,0.3190400302410126,0.3181328773498535,0.015105991624295712,1.7627497911453247,1.7625360488891602,0.007926148362457752,0.028929216787219048,0.0,0.014663431468885385,1.9563437700271606,0.1081710010766983,,,,,,,,,,,,,,,,
813,2.4226560592651367,-8.96281909942627,0.3261658251285553,0.3247980773448944,0.014843720011413097,1.7567850351333618,1.7569118738174438,0.007323256693780422,0.030171383172273636,0.0,0.014664896120224142,1.969206690788269,0.10845962166786194,,,,,,,,,,,,,,,,
814,2.4201626777648926,-8.98373794555664,0.32559752464294434,0.3242906630039215,0.015100211836397648,1.7551627159118652,1.755185842514038,0.007492821663618088,0.02990451455116272,0.0,0.014666394684556865,1.9640933275222778,0.10903802514076233,,,,,,,,,,,,,,,,
815,2.4264774322509766,-8.919438362121582,0.33032894134521484,0.3291662037372589,0.015032072551548481,1.7517048120498657,1.7521957159042358,0.007120473310351372,0.026818759739398956,0.0,0.014667818779218935,1.9934619665145874,0.10940663516521454,,,,,,,,,,,,,,,,
816,2.4228243827819824,-8.902179718017578,0.3273601830005646,0.32610487937927246,0.014075021259486675,1.7553540468215942,1.7552145719528198,0.007225086912512779,0.02713339775800705,0.0,0.014669263796601438,1.9817228317260742,0.10850684344768524,,,,,,,,,,,,,,,,
817,2.428928852081299,-8.966410636901855,0.32948094606399536,0.32860028743743896,0.01458829641342163,1.756478190422058,1.7560406923294067,0.007319536525756121,0.026690050959587097,0.0,0.014670727703906589,1.943742275238037,0.10847905278205872,,,,,,,,,,,,,,,,
818,2.413735866546631,-8.970532417297363,0.31721407175064087,0.31682199239730835,0.014474278315901756,1.7658993005752563,1.7645515203475952,0.00730561651289463,0.028410430997610092,0.0,0.014672188827209168,1.9746829271316528,0.10925284028053284,,,,,,,,,,,,,,,,
819,2.4282596111297607,-8.93614387512207,0.3242296278476715,0.32403022050857544,0.01439621951431036,1.7667752504348755,1.7644318342208862,0.00715613691136241,0.026883751153945923,0.0,0.01467362005459144,2.001319646835327,0.10888940095901489,,,,,,,,,,,,,,,,
820,2.413332462310791,-8.9630126953125,0.31695494055747986,0.31652289628982544,0.01451494824141264,1.7659815549850464,1.7646980285644531,0.007778375409543514,0.026936259120702744,0.0,0.01467517572967335,1.9969170093536377,0.10905927419662476,,,,,,,,,,,,,,,,
821,2.4211597442626953,-8.958755493164062,0.3241032063961029,0.32292822003364563,0.0143251558765769,1.7597285509109497,1.7598775625228882,0.007356519810855389,0.02611825428903103,0.0,0.01467664703363552,1.9649131298065186,0.10763931274414062,,,,,,,,,,,,,,,,
822,2.4412589073181152,-8.996270179748535,0.33415159583091736,0.33305519819259644,0.014119377359747887,1.7602864503860474,1.759579062461853,0.0073900120332837105,0.026013970375061035,0.0,0.014678125036042178,1.9617013931274414,0.10868614912033081,,,,,,,,,,,,,,,,
823,2.4290313720703125,-8.995726585388184,0.3268014192581177,0.32511332631111145,0.014462573453783989,1.762102484703064,1.763205647468567,0.007243156898766756,0.02596883662045002,0.0,0.014679573667421932,1.9572418928146362,0.10901103168725967,,,,,,,,,,,,,,,,
824,2.4194986820220947,-8.95960807800293,0.31984588503837585,0.3183879554271698,0.014456462115049362,1.7664451599121094,1.7671716213226318,0.007633937057107687,0.027604810893535614,0.0,0.014681100454833352,1.971505880355835,0.10822296142578125,,,,,,,,,,,,,,,,
825,2.4211885929107666,-9.006440162658691,0.3183554708957672,0.31650087237358093,0.014825167134404182,1.771147608757019,1.7718664407730103,0.006860609631985426,0.025612233206629753,0.0,0.01468247257675975,1.9862303733825684,0.10807785391807556,,,,,,,,,,,,,,,,
826,2.420684337615967,-9.006356239318848,0.32127705216407776,0.3196537494659424,0.013985708355903625,1.7651716470718384,1.7663638591766357,0.007461394648998976,0.025267310440540314,0.0,0.01468396485568955,1.978205919265747,0.10809285193681717,,,,,,,,,,,,,,,,
827,2.433332920074463,-8.986565589904785,0.3286404013633728,0.32756513357162476,0.014665329828858376,1.762812852859497,1.7621115446090698,0.007309589069336653,0.02557700127363205,0.0,0.014685426773503417,1.985730528831482,0.10855749994516373,,,,,,,,,,,,,,,,
828,2.4152207374572754,-9.015615463256836,0.3159574270248413,0.31578925251960754,0.014552091248333454,1.7698686122894287,1.7679756879806519,0.007369574625045061,0.02591533400118351,0.0,0.014686900688428426,1.9938743114471436,0.10765499621629715,,,,,,,,,,,,,,,,
829,2.4222235679626465,-9.081825256347656,0.3211970329284668,0.3208483159542084,0.015531783923506737,1.7656183242797852,1.7636743783950806,0.007544073276221752,0.02831035479903221,0.0,0.014688409503083671,1.9630093574523926,0.10854355990886688,,,,,,,,,,,,,,,,
830,2.4299991130828857,-9.0049467086792,0.32958167791366577,0.3286152482032776,0.014618457295000553,1.7576704025268555,1.7566969394683838,0.007387993391603231,0.026728741824626923,0.0,0.014689887101761992,1.9813860654830933,0.1083565354347229,,,,,,,,,,,,,,,,
831,2.431781053543091,-9.01718521118164,0.32716962695121765,0.32625114917755127,0.01503538154065609,1.7638170719146729,1.7628326416015625,0.007311100140213966,0.0265642236918211,0.0,0.014691349321790035,1.9777206182479858,0.10815071314573288,,,,,,,,,,,,,,,,
832,2.418365240097046,-9.049201965332031,0.31976690888404846,0.3188644051551819,0.014254177920520306,1.7658649682998657,1.7650947570800781,0.007342567667365074,0.025704776868224144,0.0,0.014692817835323509,2.0062997341156006,0.10880148410797119,,,,,,,,,,,,,,,,
833,2.4201908111572266,-9.09253978729248,0.32025155425071716,0.31944048404693604,0.014603243209421635,1.7660988569259644,1.7656917572021484,0.007377002388238907,0.027647817507386208,0.0,0.014694293235801157,2.005666732788086,0.10838402062654495,,,,,,,,,,,,,,,,
834,2.418761730194092,-9.083430290222168,0.3251899778842926,0.3248234987258911,0.014313220046460629,1.7551785707473755,1.7536914348602295,0.007472181227058172,0.024589478969573975,0.0,0.014695787672046568,1.9709376096725464,0.1081078052520752,,,,,,,,,,,,,,,,
835,2.4318594932556152,-9.031110763549805,0.3257068991661072,0.32527923583984375,0.014887922443449497,1.7665539979934692,1.7654167413711548,0.007208605296909809,0.026509461924433708,0.0,0.01469722939310595,2.0085198879241943,0.107913538813591,,,,,,,,,,,,,,,,
836,2.446648597717285,-9.119643211364746,0.3326963186264038,0.331832617521286,0.015535922721028328,1.7671185731887817,1.7660489082336426,0.0073541393503546715,0.028274035081267357,0.0,0.01469870022097602,1.9741255044937134,0.10862239450216293,,,,,,,,,,,,,,,,
837,2.433058023452759,-9.100882530212402,0.3317480683326721,0.3314085006713867,0.014433604665100574,1.756380558013916,1.7545552253723145,0.007576316129416227,0.026877664029598236,0.0,0.014700215484201903,1.9724767208099365,0.1077897772192955,,,,,,,,,,,,,,,,
838,2.4281535148620605,-9.06407642364502,0.32785144448280334,0.32656946778297424,0.014022935181856155,1.760002851486206,1.7594164609909058,0.007295884657651186,0.025586601346731186,0.0,0.014701674661133434,1.9625985622406006,0.10818681120872498,,,,,,,,,,,,,,,,
839,2.438971996307373,-9.105709075927734,0.329166442155838,0.3284280002117157,0.01552857831120491,1.7659410238265991,1.7657570838928223,0.007268010172992945,0.02419266104698181,0.0,0.014703128263168032,1.9710952043533325,0.10806725919246674,,,,,,,,,,,,,,,,
840,2.419806718826294,-9.161126136779785,0.32256919145584106,0.3209739029407501,0.014758070930838585,1.7612329721450806,1.7617779970169067,0.0073530953377485275,0.025112401694059372,0.0,0.01470459888223558,1.9827193021774292,0.10799933224916458,,,,,,,,,,,,,,,,
841,2.4369499683380127,-9.133191108703613,0.3341606557369232,0.3323119878768921,0.014129389077425003,1.7558900117874146,1.7568058967590332,0.0072998530231416225,0.02374430000782013,0.0,0.01470605885284021,1.9624500274658203,0.10791383683681488,,,,,,,,,,,,,,,,
842,2.4379639625549316,-9.102399826049805,0.3326287269592285,0.33116090297698975,0.014482364058494568,1.7594051361083984,1.759979009628296,0.007530713453888893,0.027381036430597305,0.0,0.014707564995530987,2.0004208087921143,0.10852807015180588,,,,,,,,,,,,,,,,
843,2.4343979358673096,-9.07907772064209,0.32847923040390015,0.32693955302238464,0.014361497946083546,1.7644213438034058,1.7648141384124756,0.00729611050337553,0.025660844519734383,0.0,0.014709024217631662,2.0016138553619385,0.1081785038113594,,,,,,,,,,,,,,,,
844,2.4235379695892334,-9.1378173828125,0.32099542021751404,0.31994712352752686,0.014470385387539864,1.7683091163635254,1.767940878868103,0.007481871638447046,0.025380797684192657,0.0,0.01471052059195935,1.9823086261749268,0.10779329389333725,,,,,,,,,,,,,,,,
845,2.4316511154174805,-9.201567649841309,0.32528766989707947,0.3240315318107605,0.01499891933053732,1.767248511314392,1.7674176692962646,0.007292366120964289,0.028516560792922974,0.0,0.014711979065183544,1.980741262435913,0.10801127552986145,,,,,,,,,,,,,,,,
846,2.434117317199707,-9.14548397064209,0.32543885707855225,0.32453763484954834,0.014891711995005608,1.769513487815857,1.7689849138259888,0.007310868240892887,0.02774490974843502,0.0,0.014713441238831722,2.012002468109131,0.10730008035898209,,,,,,,,,,,,,,,,
847,2.438338041305542,-9.151215553283691,0.3289249837398529,0.32823896408081055,0.015409675426781178,1.7663590908050537,1.7651698589324951,0.008031737990677357,0.028128867968916893,0.0,0.014715047586429858,2.0247178077697754,0.10794137418270111,,,,,,,,,,,,,,,,
848,2.438815116882324,-9.204898834228516,0.3324240446090698,0.33126163482666016,0.014337064698338509,1.7607080936431885,1.7608762979507446,0.007547423709183931,0.026968276128172874,0.0,0.014716557071171695,2.009808301925659,0.10842577368021011,,,,,,,,,,,,,,,,
849,2.4124250411987305,-9.213679313659668,0.320128858089447,0.3191547989845276,0.014230783097445965,1.7591074705123901,1.7587136030197144,0.007657411973923445,0.02668377198278904,0.0,0.01471808855356648,2.0027718544006348,0.10894263535737991,,,,,,,,,,,,,,,,
850,2.4252681732177734,-9.185737609863281,0.32378053665161133,0.32284489274024963,0.015410976484417915,1.7636936902999878,1.7627698183059692,0.007614803034812212,0.024127410724759102,0.0,0.014719611514173442,1.9830782413482666,0.10841194540262222,,,,,,,,,,,,,,,,
851,2.4278578758239746,-9.127646446228027,0.32497459650039673,0.3239562511444092,0.013719634152948856,1.76555335521698,1.7648614645004272,0.0074119605123996735,0.02346145547926426,0.0,0.014721093906275922,1.9609553813934326,0.10848487168550491,,,,,,,,,,,,,,,,
852,2.4424643516540527,-9.223231315612793,0.3296496868133545,0.3282262682914734,0.01455896720290184,1.7702860832214355,1.7697727680206299,0.007373654283583164,0.024062853306531906,0.0,0.014722568637132638,2.007873058319092,0.1082485094666481,,,,,,,,,,,,,,,,
853,2.4253549575805664,-9.234419822692871,0.3210322856903076,0.32073870301246643,0.013964441604912281,1.7705110311508179,1.7687278985977173,0.00736827589571476,0.025481313467025757,0.0,0.014724042292311782,1.9610331058502197,0.10882096737623215,,,,,,,,,,,,,,,,
854,2.418935775756836,-9.211419105529785,0.3230398893356323,0.3225213289260864,0.013897156342864037,1.7601701021194458,1.758784532546997,0.00767573481425643,0.026834221556782722,0.0,0.014725577439274634,1.9658212661743164,0.10835686326026917,,,,,,,,,,,,,,,,
855,2.4334399700164795,-9.179160118103027,0.33170393109321594,0.3308526277542114,0.013979960232973099,1.757460594177246,1.7563462257385254,0.0074240704998373985,0.023579027503728867,0.0,0.014727062253374602,1.9916398525238037,0.10925158113241196,,,,,,,,,,,,,,,,
856,2.4341843128204346,-9.255172729492188,0.32667163014411926,0.32658112049102783,0.014146454632282257,1.7677332162857056,1.7658370733261108,0.007312475237995386,0.025059480220079422,0.0,0.0147285247484222,1.9884926080703735,0.1083415150642395,,,,,,,,,,,,,,,,
857,2.421717882156372,-9.264192581176758,0.32492008805274963,0.32405543327331543,0.014869999140501022,1.758195400238037,1.757549524307251,0.007341799791902304,0.02548251301050186,0.0,0.01472999310838058,1.9885292053222656,0.10773064941167831,,,,,,,,,,,,,,,,
858,2.4279189109802246,-9.217989921569824,0.3291143476963043,0.3282035291194916,0.014371654950082302,1.7565181255340576,1.7559407949447632,0.007216702215373516,0.023934440687298775,0.0,0.014731436448823656,1.9985289573669434,0.10870762914419174,,,,,,,,,,,,,,,,
859,2.4363043308258057,-9.232170104980469,0.3278177082538605,0.3268398642539978,0.01427155639976263,1.7675457000732422,1.7672046422958374,0.007613469380885363,0.028284166008234024,0.0,0.014732959142699833,1.9863682985305786,0.10802792757749557,,,,,,,,,,,,,,,,
860,2.429535150527954,-9.252461433410645,0.3295525312423706,0.3281344771385193,0.013925505802035332,1.757727861404419,1.7581173181533813,0.007451013196259737,0.02387157641351223,0.0,0.014734449345339086,1.968441367149353,0.10701098293066025,,,,,,,,,,,,,,,,
861,2.4299118518829346,-9.24461841583252,0.3264230489730835,0.3256445527076721,0.014692782424390316,1.7634857892990112,1.7628170251846313,0.007350307889282703,0.026471270248293877,0.0,0.014735919406916943,2.0034916400909424,0.10777397453784943,,,,,,,,,,,,,,,,
862,2.407521963119507,-9.243669509887695,0.31383663415908813,0.31353655457496643,0.01397650595754385,1.7668070793151855,1.7655375003814697,0.007363561075180769,0.025012945756316185,0.0,0.014737392119131979,1.9756438732147217,0.10755906254053116,,,,,,,,,,,,,,,,
863,2.418761730194092,-9.267767906188965,0.32411596179008484,0.3230372965335846,0.0137865599244833,1.7580164670944214,1.7576276063919067,0.007341913413256407,0.026790916919708252,0.0,0.01473886050181463,1.954689860343933,0.10793884098529816,,,,,,,,,,,,,,,,
864,2.4332284927368164,-9.241437911987305,0.3263581395149231,0.32517001032829285,0.01593814231455326,1.765535593032837,1.765988826751709,0.007386363111436367,0.023475604131817818,0.0,0.014740337774436917,1.939247488975525,0.10674043744802475,,,,,,,,,,,,,,,,
865,2.4328532218933105,-9.27482795715332,0.32921263575553894,0.3279918432235718,0.014236273244023323,1.7614609003067017,1.7613637447357178,0.007280618418008089,0.025544410571455956,0.0,0.014741793898120518,1.9941396713256836,0.10745228081941605,,,,,,,,,,,,,,,,
866,2.4251668453216553,-9.328372955322266,0.3272448778152466,0.32522866129875183,0.013834608718752861,1.7582885026931763,1.7594287395477295,0.007300725672394037,0.024617871269583702,0.0,0.014743254043254998,1.9496902227401733,0.1075991690158844,,,,,,,,,,,,,,,,
867,2.447322130203247,-9.360641479492188,0.3339520990848541,0.332954466342926,0.013827156275510788,1.7665398120880127,1.7666369676589966,0.007614888716489077,0.024988483637571335,0.0,0.014744777020998296,1.932863712310791,0.10710474103689194,,,,,,,,,,,,,,,,
868,2.448855400085449,-9.278014183044434,0.33731508255004883,0.3365924060344696,0.01434390153735876,1.761069416999817,1.7601382732391357,0.007681800983846188,0.024506596848368645,0.0,0.014746313381195066,1.9622060060501099,0.10749173164367676,,,,,,,,,,,,,,,,
869,2.4387998580932617,-9.266576766967773,0.3308982253074646,0.32945480942726135,0.014009322971105576,1.7645903825759888,1.764284610748291,0.007634764537215233,0.025015564635396004,0.0,0.01474784033410251,2.0010361671447754,0.10798996686935425,,,,,,,,,,,,,,,,
870,2.4242656230926514,-9.338998794555664,0.3255579471588135,0.3243444263935089,0.014106305316090584,1.7598682641983032,1.7606456279754639,0.007202582899481058,0.023086491972208023,0.0,0.014749280850682406,1.9665632247924805,0.10756531357765198,,,,,,,,,,,,,,,,
871,2.4254469871520996,-9.299166679382324,0.32546183466911316,0.32462793588638306,0.014055653475224972,1.7618943452835083,1.7607085704803467,0.007250190246850252,0.025423849001526833,0.0,0.014750730888731776,1.9707218408584595,0.10880301892757416,,,,,,,,,,,,,,,,
872,2.4300222396850586,-9.366820335388184,0.3242581784725189,0.32332149147987366,0.014426917769014835,1.7685127258300781,1.7675182819366455,0.0076059820130467415,0.024737128987908363,0.0,0.014752252085134384,1.9768658876419067,0.10855982452630997,,,,,,,,,,,,,,,,
873,2.421177864074707,-9.330085754394531,0.325346440076828,0.324514240026474,0.013773850165307522,1.7579680681228638,1.7571183443069458,0.007464881986379623,0.026681160554289818,0.0,0.01475374506153166,1.9719609022140503,0.10736238956451416,,,,,,,,,,,,,,,,
874,2.432387351989746,-9.292634963989258,0.32897472381591797,0.327796071767807,0.014028836041688919,1.761751651763916,1.7614237070083618,0.007218661718070507,0.025327423587441444,0.0,0.014755188793875275,1.9963868856430054,0.10832241922616959,,,,,,,,,,,,,,,,
875,2.42573881149292,-9.361714363098145,0.3247342109680176,0.32408836483955383,0.014507156796753407,1.762749433517456,1.7620688676834106,0.0072933160699903965,0.023428218439221382,0.0,0.014756647457089274,1.970076322555542,0.10777855664491653,,,,,,,,,,,,,,,,
876,2.434908151626587,-9.413121223449707,0.33055049180984497,0.3300774097442627,0.014831635169684887,1.7601425647735596,1.7587543725967407,0.007536116521805525,0.026617633178830147,0.0,0.014758154680393635,1.979774832725525,0.10844593495130539,,,,,,,,,,,,,,,,
877,2.429049015045166,-9.337437629699707,0.32548409700393677,0.32461676001548767,0.015078960917890072,1.7643563747406006,1.7633821964263916,0.007326758000999689,0.025713639333844185,0.0,0.014759620031993834,1.9850521087646484,0.10869680345058441,,,,,,,,,,,,,,,,
878,2.4219202995300293,-9.388272285461426,0.32326215505599976,0.3220653533935547,0.013974384404718876,1.7629047632217407,1.7623319625854492,0.0076208170503377914,0.026430780068039894,0.0,0.014761144195403902,1.9890947341918945,0.10887976735830307,,,,,,,,,,,,,,,,
879,2.4200665950775146,-9.400125503540039,0.3236027956008911,0.3227750360965729,0.01404689159244299,1.760011911392212,1.7592719793319702,0.007313066627830267,0.027200136333703995,0.0,0.014762606808729468,1.9506500959396362,0.10874707251787186,,,,,,,,,,,,,,,,
880,2.415823221206665,-9.415055274963379,0.3216351270675659,0.3207191824913025,0.014270951971411705,1.7595603466033936,1.7588354349136353,0.007583731319755316,0.024366889148950577,0.0,0.01476412355499342,1.9567495584487915,0.10899324715137482,,,,,,,,,,,,,,,,
881,2.423609733581543,-9.389464378356934,0.32653942704200745,0.32584959268569946,0.013882187195122242,1.7577697038650513,1.7569074630737305,0.007656625472009182,0.02328212559223175,0.0,0.014765654880087822,1.988523244857788,0.10882899165153503,,,,,,,,,,,,,,,,
882,2.4272713661193848,-9.357827186584473,0.3239091634750366,0.3235209584236145,0.014386574737727642,1.7662615776062012,1.764647364616394,0.007786216679960489,0.023751279339194298,0.0,0.014767212123423813,1.9571386575698853,0.10920220613479614,,,,,,,,,,,,,,,,
883,2.4221532344818115,-9.466007232666016,0.31858518719673157,0.3178589940071106,0.014717302285134792,1.771632432937622,1.7703510522842407,0.007337044458836317,0.02501615881919861,0.0,0.01476867953231558,1.9870189428329468,0.10813868045806885,,,,,,,,,,,,,,,,
884,2.4293181896209717,-9.455144882202148,0.3199126422405243,0.3192608058452606,0.014256308786571026,1.7766919136047363,1.7750850915908813,0.007250807713717222,0.024039506912231445,0.0,0.014770129693858323,1.9609829187393188,0.10786394774913788,,,,,,,,,,,,,,,,
885,2.4308884143829346,-9.451000213623047,0.32585081458091736,0.32507336139678955,0.015993529930710793,1.7643991708755493,1.7635420560836792,0.0072396304458379745,0.02336166799068451,0.0,0.01477157761994749,1.9774606227874756,0.10839292407035828,,,,,,,,,,,,,,,,
886,2.421827793121338,-9.446084022521973,0.3239043354988098,0.3224329650402069,0.014046438038349152,1.7613661289215088,1.7615222930908203,0.007271457929164171,0.025199953466653824,0.0,0.014773031911533323,1.9665096998214722,0.10892056673765182,,,,,,,,,,,,,,,,
887,2.4341187477111816,-9.474771499633789,0.331496000289917,0.32976311445236206,0.014443958178162575,1.758182406425476,1.7586488723754883,0.007543064188212156,0.025700781494379044,0.0,0.014774540524370966,1.965753197669983,0.10887414216995239,,,,,,,,,,,,,,,,
888,2.4354872703552246,-9.48138427734375,0.33242908120155334,0.3312514126300812,0.014359550550580025,1.757166862487793,1.7577275037765503,0.0075285425409674644,0.025673553347587585,0.0,0.01477604623287916,1.9917430877685547,0.10861912369728088,,,,,,,,,,,,,,,,
889,2.435286283493042,-9.467984199523926,0.3307531476020813,0.3290642201900482,0.014086015522480011,1.7611738443374634,1.7615920305252075,0.007250740192830563,0.02323634922504425,0.0,0.014777496380917726,1.9884592294692993,0.10828657448291779,,,,,,,,,,,,,,,,
890,2.4171247482299805,-9.41341495513916,0.320305198431015,0.31883952021598816,0.014297755435109138,1.7634416818618774,1.763923168182373,0.0073906839825212955,0.022897034883499146,0.0,0.01477897451771423,1.9825400114059448,0.1084304228425026,,,,,,,,,,,,,,,,
891,2.4388298988342285,-9.463769912719727,0.32645320892333984,0.32528480887413025,0.0161106176674366,1.7708605527877808,1.7711020708084106,0.007289125584065914,0.025364108383655548,0.0,0.014780432342831043,1.9869322776794434,0.10829311609268188,,,,,,,,,,,,,,,,
892,2.4089043140411377,-9.502616882324219,0.3170325458049774,0.3159794211387634,0.013778215274214745,1.7623882293701172,1.7618401050567627,0.007380464114248753,0.02585160918533802,0.0,0.014781908435653893,1.972304105758667,0.10801491141319275,,,,,,,,,,,,,,,,
893,2.421238899230957,-9.503317832946777,0.3251461684703827,0.3246164619922638,0.014359505847096443,1.7576112747192383,1.7566224336624146,0.007261198945343494,0.024178771302103996,0.0,0.014783360675442963,2.0010926723480225,0.10818056762218475,,,,,,,,,,,,,,,,
894,2.42934250831604,-9.481511116027832,0.328757107257843,0.32802361249923706,0.014012853614985943,1.7591872215270996,1.7579106092453003,0.007239602506160736,0.022498710080981255,0.0,0.014784808595944195,1.9669189453125,0.10764928162097931,,,,,,,,,,,,,,,,
895,2.4272003173828125,-9.492197036743164,0.326347291469574,0.3252730667591095,0.014001484028995037,1.7617920637130737,1.7613650560379028,0.007342238910496235,0.023688651621341705,0.0,0.014786277043726294,1.9884637594223022,0.10866063833236694,,,,,,,,,,,,,,,,
896,2.4292471408843994,-9.542901992797852,0.32709214091300964,0.3260287344455719,0.014059980399906635,1.7618632316589355,1.762269377708435,0.007293885573744774,0.022242829203605652,0.0,0.014787735820841042,1.9840530157089233,0.10801553726196289,,,,,,,,,,,,,,,,
897,2.4407565593719482,-9.518165588378906,0.33265674114227295,0.3310219943523407,0.013855773955583572,1.762634515762329,1.7638094425201416,0.007332683075219393,0.023629531264305115,0.0,0.014789202357456087,1.9816304445266724,0.1088743582367897,,,,,,,,,,,,,,,,
898,2.4232747554779053,-9.47940731048584,0.3244785666465759,0.32264670729637146,0.014094281941652298,1.7614167928695679,1.7626937627792358,0.007363893091678619,0.02116364613175392,0.0,0.014790675136074422,1.967574954032898,0.1082397922873497,,,,,,,,,,,,,,,,
899,2.4470624923706055,-9.557138442993164,0.33403894305229187,0.33200445771217346,0.014624400995671749,1.7658134698867798,1.7669758796691895,0.007229640148580074,0.022868448868393898,0.0,0.014792121064104139,1.9689507484436035,0.10850096493959427,,,,,,,,,,,,,,,,
900,2.4191958904266357,-9.59044361114502,0.32143479585647583,0.32002073526382446,0.01454043760895729,1.763155460357666,1.763244390487671,0.007290306966751814,0.02460649609565735,0.0,0.014793579125497489,1.9935494661331177,0.109003446996212,,,,,,,,,,,,,,,,
901,2.4461095333099365,-9.502703666687012,0.33334311842918396,0.3327568471431732,0.014046302065253258,1.7664246559143066,1.7655019760131836,0.0073172482661902905,0.022525250911712646,0.0,0.014795042575150727,1.971290111541748,0.1082959696650505,,,,,,,,,,,,,,,,
902,2.424194097518921,-9.529796600341797,0.3223102390766144,0.3223170340061188,0.014248323626816273,1.7663888931274414,1.7642481327056885,0.007488353177905083,0.02105405554175377,0.0,0.014796540245786308,2.008842945098877,0.10869888961315155,,,,,,,,,,,,,,,,
903,2.43934965133667,-9.606064796447754,0.32987362146377563,0.3293078541755676,0.014127282425761223,1.7669053077697754,1.7651761770248413,0.007071313913911581,0.02277032658457756,0.0,0.01479795450856909,2.000347375869751,0.10837144404649734,,,,,,,,,,,,,,,,
904,2.4447197914123535,-9.556097984313965,0.336931049823761,0.33673685789108276,0.01392113696783781,1.757929801940918,1.7563319206237793,0.0073676947504282,0.023335345089435577,0.0,0.014799428047519176,1.97344970703125,0.10872752219438553,,,,,,,,,,,,,,,,
905,2.421642780303955,-9.50944709777832,0.3209433853626251,0.32008257508277893,0.013593452051281929,1.7675293684005737,1.7665174007415771,0.0073214988224208355,0.024488164111971855,0.0,0.01480089234728366,1.9745569229125977,0.10786972939968109,,,,,,,,,,,,,,,,
906,2.4564390182495117,-9.610949516296387,0.3389972448348999,0.33780917525291443,0.01387842744588852,1.7655209302902222,1.7659873962402344,0.007498276885598898,0.02303929813206196,0.0,0.014802392002660779,2.0048186779022217,0.10807862132787704,,,,,,,,,,,,,,,,
907,2.454643726348877,-9.683197975158691,0.33917850255966187,0.33810365200042725,0.01689949817955494,1.7608519792556763,1.760072112083435,0.007304116617888212,0.02287260629236698,0.0,0.014803852825984357,1.9953734874725342,0.1081514060497284,,,,,,,,,,,,,,,,
908,2.4387190341949463,-9.549056053161621,0.3358381688594818,0.33494144678115845,0.014544885605573654,1.7535072565078735,1.753282070159912,0.007414104882627726,0.025197526440024376,0.0,0.014805335646960882,1.9966076612472534,0.1081821471452713,,,,,,,,,,,,,,,,
909,2.4312689304351807,-9.539791107177734,0.33085814118385315,0.32971441745758057,0.013973012566566467,1.756645917892456,1.7568007707595825,0.00731025030836463,0.024488074705004692,0.0,0.014806797697022554,1.9930464029312134,0.1077420711517334,,,,,,,,,,,,,,,,
910,2.440382719039917,-9.613259315490723,0.33040985465049744,0.3292323052883148,0.015440372750163078,1.7652798891067505,1.7653206586837769,0.007239578757435083,0.025629350915551186,0.0,0.014808245612774041,2.005793809890747,0.1077427789568901,,,,,,,,,,,,,,,,
911,2.4190316200256348,-9.650973320007324,0.32134607434272766,0.320663183927536,0.013828233815729618,1.7640177011489868,1.7623703479766846,0.00734710693359375,0.025727225467562675,0.0,0.01480971503416076,2.0017311573028564,0.10708648711442947,,,,,,,,,,,,,,,,
912,2.444061756134033,-9.604111671447754,0.33166489005088806,0.3311486542224884,0.013818386942148209,1.7684417963027954,1.7664180994033813,0.007390021346509457,0.02434420958161354,0.0,0.014811193038430061,1.9921586513519287,0.1071806401014328,,,,,,,,,,,,,,,,
913,2.4464223384857178,-9.602560997009277,0.3308838903903961,0.32993289828300476,0.014364184811711311,1.771723747253418,1.770758867263794,0.007257407996803522,0.021233312785625458,0.0,0.014812644520029422,1.9929399490356445,0.10742321610450745,,,,,,,,,,,,,,,,
914,2.41522479057312,-9.6165189743042,0.3207787573337555,0.31981605291366577,0.015399344265460968,1.7591047286987305,1.7593566179275513,0.0071218968369066715,0.025171540677547455,0.0,0.014814068899396803,2.010063886642456,0.10740306228399277,,,,,,,,,,,,,,,,
915,2.4444985389709473,-9.683963775634766,0.33380359411239624,0.3324815630912781,0.01552391517907381,1.7628709077835083,1.7625080347061157,0.00752740865573287,0.02383079193532467,0.0,0.01481557438112795,1.9693406820297241,0.10701274126768112,,,,,,,,,,,,,,,,
916,2.4304890632629395,-9.65536880493164,0.3281986713409424,0.3264799416065216,0.014250248670578003,1.7609119415283203,1.7622087001800537,0.007550293114036322,0.023416774347424507,0.0,0.014817084439750758,1.9876075983047485,0.10751744359731674,,,,,,,,,,,,,,,,
917,2.4381930828094482,-9.599064826965332,0.32794496417045593,0.32682350277900696,0.015849055722355843,1.767507791519165,1.7676432132720947,0.007309485226869583,0.022582421079277992,0.0,0.014818546336796131,1.9672060012817383,0.10609510540962219,,,,,,,,,,,,,,,,
918,2.4224562644958496,-9.650673866271973,0.32028600573539734,0.3192308247089386,0.014279221184551716,1.7686848640441895,1.7686357498168945,0.007490361575037241,0.022361107170581818,0.0,0.014820044409111138,1.9798098802566528,0.10694501549005508,,,,,,,,,,,,,,,,
919,2.4258313179016113,-9.680563926696777,0.3239070773124695,0.3226100206375122,0.013688907027244568,1.7656409740447998,1.765609622001648,0.007444730494171381,0.020026789978146553,0.0,0.014821533355209972,1.9667744636535645,0.10699936002492905,,,,,,,,,,,,,,,,
920,2.436143398284912,-9.650577545166016,0.3275142312049866,0.32624128460884094,0.014002576470375061,1.7686082124710083,1.7681621313095093,0.0073675066232681274,0.024307021871209145,0.0,0.014823006856534626,1.9767259359359741,0.10808898508548737,,,,,,,,,,,,,,,,
921,2.4360737800598145,-9.626391410827637,0.32949405908584595,0.3282676637172699,0.014184484258294106,1.7642630338668823,1.7639923095703125,0.007055805996060371,0.022753529250621796,0.0,0.014824418017733838,2.00631046295166,0.10789579898118973,,,,,,,,,,,,,,,,
922,2.436142921447754,-9.688380241394043,0.3302466869354248,0.3294394314289093,0.014337132684886456,1.7623287439346313,1.7619106769561768,0.007162776309996843,0.02295304834842682,0.0,0.014825850572995836,1.9692624807357788,0.10782235115766525,,,,,,,,,,,,,,,,
923,2.424435615539551,-9.740328788757324,0.3270591199398041,0.3263199031352997,0.01380218006670475,1.7582744359970093,1.7562344074249268,0.0074465651996433735,0.02261844463646412,0.0,0.014827339886035766,1.9983776807785034,0.10730364918708801,,,,,,,,,,,,,,,,
924,2.4426190853118896,-9.709036827087402,0.335345983505249,0.33434364199638367,0.013924188911914825,1.7593131065368652,1.758697509765625,0.00754237174987793,0.021447373554110527,0.0,0.01482884836038574,2.0178475379943848,0.10841799527406693,,,,,,,,,,,,,,,,
925,2.416595220565796,-9.65843677520752,0.31891924142837524,0.31851905584335327,0.01396755501627922,1.7659924030303955,1.764386534690857,0.007305138278752565,0.021913502365350723,0.0,0.014830309388041491,1.982438564300537,0.10835675150156021,,,,,,,,,,,,,,,,
926,2.44602370262146,-9.751832008361816,0.3336232602596283,0.3335880935192108,0.014171618036925793,1.7657138109207153,1.7635678052902222,0.007450058124959469,0.02281932719051838,0.0,0.014831799399666484,1.9638739824295044,0.1081523522734642,,,,,,,,,,,,,,,,
927,2.4233016967773438,-9.733491897583008,0.32328978180885315,0.3227904140949249,0.014827367849647999,1.7636017799377441,1.7611865997314453,0.007292156107723713,0.02203240431845188,0.0,0.014833257830888028,1.9840526580810547,0.10796240717172623,,,,,,,,,,,,,,,,
928,2.426710844039917,-9.701498985290527,0.32538625597953796,0.3246303200721741,0.014269674196839333,1.7627960443496704,1.762053370475769,0.007302484940737486,0.023662123829126358,0.0,0.014834718327876174,1.9697462320327759,0.10829827189445496,,,,,,,,,,,,,,,,
929,2.4263768196105957,-9.731310844421387,0.32588842511177063,0.32487744092941284,0.014109889976680279,1.7616846561431885,1.7613173723220825,0.0073297396302223206,0.022316833958029747,0.0,0.014836184275802218,1.9669499397277832,0.10866770148277283,,,,,,,,,,,,,,,,
930,2.425457239151001,-9.767537117004395,0.3257789611816406,0.32431674003601074,0.014413414523005486,1.7608386278152466,1.7610578536987305,0.007492977660149336,0.022848811000585556,0.0,0.014837682871334247,2.0026674270629883,0.10810597985982895,,,,,,,,,,,,,,,,
931,2.431723117828369,-9.737706184387207,0.33108359575271606,0.3290826380252838,0.013414938002824783,1.7572017908096313,1.7590821981430054,0.007294034119695425,0.02040022611618042,0.0,0.014839141678158186,1.9715394973754883,0.10811756551265717,,,,,,,,,,,,,,,,
932,2.4287939071655273,-9.714746475219727,0.32921090722084045,0.32723167538642883,0.013424046337604523,1.7581795454025269,1.7596749067306519,0.007514533121138811,0.021400054916739464,0.0,0.014840644584782414,1.9814225435256958,0.1080036461353302,,,,,,,,,,,,,,,,
933,2.4330878257751465,-9.756683349609375,0.32782411575317383,0.3264106214046478,0.014406667090952396,1.7642269134521484,1.7646654844284058,0.007244438398629427,0.020299337804317474,0.0,0.01484209347246214,2.004514694213867,0.10837867856025696,,,,,,,,,,,,,,,,
934,2.4239869117736816,-9.759844779968262,0.321438193321228,0.3201758563518524,0.01398826390504837,1.7683173418045044,1.7684520483016968,0.007190164644271135,0.02246321178972721,0.0,0.014843531505390993,1.9937243461608887,0.1080012172460556,,,,,,,,,,,,,,,,
935,2.407686948776245,-9.740291595458984,0.31439244747161865,0.31389346718788147,0.013642996549606323,1.7663785219192505,1.7651376724243164,0.0073747793212533,0.023858150467276573,0.0,0.014845006461255243,1.9805270433425903,0.10847756266593933,,,,,,,,,,,,,,,,
936,2.418504476547241,-9.757899284362793,0.3198833763599396,0.31932562589645386,0.013501728884875774,1.7667464017868042,1.764841079711914,0.007328405976295471,0.02437731809914112,0.0,0.014846472142450502,1.966515302658081,0.1079953983426094,,,,,,,,,,,,,,,,
937,2.4220218658447266,-9.841314315795898,0.3219313621520996,0.3205987513065338,0.014240743592381477,1.7650212049484253,1.7654811143875122,0.0073538171127438545,0.020569195970892906,0.0,0.014847942905873051,1.952006220817566,0.10791090130805969,,,,,,,,,,,,,,,,
938,2.431377649307251,-9.804134368896484,0.32771721482276917,0.3271196782588959,0.013727273792028427,1.7632967233657837,1.7623302936553955,0.007098324131220579,0.021417124196887016,0.0,0.014849362570699295,1.9539070129394531,0.10823611915111542,,,,,,,,,,,,,,,,
939,2.4220287799835205,-9.773202896118164,0.32408469915390015,0.32252100110054016,0.01429276168346405,1.7607128620147705,1.761547565460205,0.007113118190318346,0.02308044210076332,0.0,0.014850785194337359,2.001352071762085,0.10821028798818588,,,,,,,,,,,,,,,,
940,2.4137139320373535,-9.786872863769531,0.3216361105442047,0.31960317492485046,0.013641919009387493,1.7576886415481567,1.759976863861084,0.007255399599671364,0.02250119298696518,0.0,0.014852236274257294,2.0077834129333496,0.10722463577985764,,,,,,,,,,,,,,,,
941,2.4255945682525635,-9.823152542114258,0.32521674036979675,0.3239394724369049,0.014554365538060665,1.761722445487976,1.7620453834533691,0.0073373280465602875,0.020413711667060852,0.0,0.014853703739866605,1.97551429271698,0.10747665911912918,,,,,,,,,,,,,,,,
942,2.438300848007202,-9.8412504196167,0.333445280790329,0.33226656913757324,0.014051899313926697,1.7581974267959595,1.7588766813278198,0.007271687965840101,0.020725084468722343,0.0,0.014855158077459773,1.9943171739578247,0.10710972547531128,,,,,,,,,,,,,,,,
943,2.4308876991271973,-9.779841423034668,0.32669296860694885,0.32601436972618103,0.013932300731539726,1.7649813890457153,1.7635146379470825,0.007998930290341377,0.021348631009459496,0.0,0.014856757863517842,2.0088706016540527,0.10836602002382278,,,,,,,,,,,,,,,,
944,2.4325273036956787,-9.804497718811035,0.3264678120613098,0.32673928141593933,0.01419980451464653,1.7666057348251343,1.7636350393295288,0.007060229778289795,0.021428611129522324,0.0,0.014858169909473501,1.9752602577209473,0.10755433887243271,,,,,,,,,,,,,,,,
945,2.4332451820373535,-9.852133750915527,0.32629144191741943,0.3265502452850342,0.013894288800656796,1.767953634262085,1.76506507396698,0.007267029955983162,0.021637797355651855,0.0,0.014859623315464698,1.965908408164978,0.1072702631354332,,,,,,,,,,,,,,,,
946,2.443603754043579,-9.863924026489258,0.3305527865886688,0.3305724859237671,0.014177249744534492,1.7696653604507446,1.766937255859375,0.007296028081327677,0.0234406478703022,0.0,0.014861082521080964,1.9695713520050049,0.10791058093309402,,,,,,,,,,,,,,,,
947,2.432971954345703,-9.84409236907959,0.3297889530658722,0.3291703760623932,0.013434000313282013,1.7610852718353271,1.7600722312927246,0.007388039492070675,0.021122118458151817,0.0,0.014862560128979378,2.0000627040863037,0.10808335989713669,,,,,,,,,,,,,,,,
948,2.4244015216827393,-9.862364768981934,0.32346048951148987,0.3220500349998474,0.01403610035777092,1.7646937370300293,1.765015959739685,0.007286251988261938,0.022673405706882477,0.0,0.01486401737937703,1.9537889957427979,0.10729649662971497,,,,,,,,,,,,,,,,
949,2.427581548690796,-9.870709419250488,0.3316439092159271,0.3297819197177887,0.01373177208006382,1.7517423629760742,1.753105640411377,0.007522179279476404,0.021223651245236397,0.0,0.014865521815232926,1.991579294204712,0.10877610743045807,,,,,,,,,,,,,,,,
950,2.437729597091675,-9.8732328414917,0.3324767053127289,0.3307989239692688,0.014391946606338024,1.7595183849334717,1.7606056928634644,0.007159728556871414,0.019344555214047432,0.0,0.0148669537609443,2.000605821609497,0.10786860436201096,,,,,,,,,,,,,,,,
951,2.4415042400360107,-9.8604097366333,0.3353590667247772,0.33382484316825867,0.01403860468417406,1.7580479383468628,1.7585153579711914,0.007268611807376146,0.01793997921049595,0.0,0.014868407483305774,1.987460970878601,0.10698030143976212,,,,,,,,,,,,,,,,
952,2.4197967052459717,-9.896727561950684,0.3188929557800293,0.3186885714530945,0.014076325111091137,1.7689167261123657,1.767361044883728,0.007175086531788111,0.0195213183760643,0.0,0.014869842500612131,1.9682419300079346,0.10800550132989883,,,,,,,,,,,,,,,,
953,2.424229145050049,-9.836679458618164,0.31797894835472107,0.31808415055274963,0.013686276972293854,1.7756074666976929,1.7733519077301025,0.007268186658620834,0.02281208522617817,0.0,0.014871296137943855,2.021562099456787,0.10734099894762039,,,,,,,,,,,,,,,,
954,2.456051826477051,-9.877565383911133,0.3342621922492981,0.3345755636692047,0.016510479152202606,1.7720342874526978,1.7693729400634766,0.007202927488833666,0.02185974083840847,0.0,0.014872736723441622,1.9854075908660889,0.10775406658649445,,,,,,,,,,,,,,,,
955,2.4314849376678467,-9.913941383361816,0.3286873400211334,0.3278050720691681,0.01346615981310606,1.7621489763259888,1.7609037160873413,0.007441597059369087,0.02266760915517807,0.0,0.014874225042853496,1.987011432647705,0.10700753331184387,,,,,,,,,,,,,,,,
956,2.4336023330688477,-9.94221019744873,0.32819098234176636,0.3274252116680145,0.013844999484717846,1.7644482851028442,1.763833999633789,0.007256017532199621,0.02119358628988266,0.0,0.014875676246359937,1.96927809715271,0.10672181844711304,,,,,,,,,,,,,,,,
957,2.436997652053833,-9.958706855773926,0.3294690251350403,0.32835882902145386,0.014839931391179562,1.7643303871154785,1.7643295526504517,0.00720534473657608,0.021809954196214676,0.0,0.014877117315307251,1.9654444456100464,0.10816074907779694,,,,,,,,,,,,,,,,
958,2.428708076477051,-9.93069076538086,0.3287208080291748,0.3273751735687256,0.013679206371307373,1.7587578296661377,1.7591078281402588,0.007241252809762955,0.023958200588822365,0.0,0.014878565565869204,1.9921318292617798,0.10745691508054733,,,,,,,,,,,,,,,,
959,2.417855739593506,-9.889410018920898,0.3251626491546631,0.3234262764453888,0.014157715253531933,1.7548718452453613,1.7553465366363525,0.007378009147942066,0.020291903987526894,0.0,0.014880041167698792,1.9662706851959229,0.10778611898422241,,,,,,,,,,,,,,,,
960,2.435471534729004,-9.926084518432617,0.3286958932876587,0.3270258605480194,0.015273083001375198,1.7639453411102295,1.765007734298706,0.007545894011855125,0.022991659119725227,0.0,0.014881550346501163,1.992278814315796,0.10723687708377838,,,,,,,,,,,,,,,,
961,2.4207777976989746,-9.964859962463379,0.3205919563770294,0.31980666518211365,0.013965718448162079,1.7665296792984009,1.7662969827651978,0.007212009746581316,0.021390464156866074,0.0,0.01488299274845048,1.992673635482788,0.10687283426523209,,,,,,,,,,,,,,,,
962,2.4294772148132324,-9.896390914916992,0.3254493474960327,0.32518818974494934,0.01446535624563694,1.7649770975112915,1.7637715339660645,0.007291492540389299,0.024048855528235435,0.0,0.014884451046958559,1.9980945587158203,0.10649971663951874,,,,,,,,,,,,,,,,
963,2.418652057647705,-9.890356063842773,0.3175504207611084,0.31695783138275146,0.014320936053991318,1.7706005573272705,1.769045352935791,0.007142337970435619,0.020083490759134293,0.0,0.014885879514552646,2.0062623023986816,0.10769324004650116,,,,,,,,,,,,,,,,
964,2.417916774749756,-9.979182243347168,0.3230319917201996,0.32244881987571716,0.014084599912166595,1.7589184045791626,1.7577844858169556,0.007266944274306297,0.022647183388471603,0.0,0.014887332903407508,1.9825317859649658,0.10660170018672943,,,,,,,,,,,,,,,,
965,2.4231905937194824,-9.987687110900879,0.32176685333251953,0.3212549686431885,0.014881093986332417,1.7657606601715088,1.7648144960403442,0.007274861913174391,0.02178642898797989,0.0,0.014888787875790142,1.9751821756362915,0.10698331892490387,,,,,,,,,,,,,,,,
966,2.420182228088379,-9.967809677124023,0.3230193257331848,0.32199475169181824,0.013916810043156147,1.761745810508728,1.7607568502426147,0.007335968315601349,0.02285612002015114,0.0,0.014890255069453262,1.9277056455612183,0.10677498579025269,,,,,,,,,,,,,,,,
967,2.421792507171631,-9.952071189880371,0.3224729001522064,0.3216179609298706,0.014367052353918552,1.7635514736175537,1.763117790222168,0.007133963983505964,0.020758353173732758,0.0,0.014891681862249963,1.9958373308181763,0.1070585772395134,,,,,,,,,,,,,,,,
968,2.431898355484009,-10.029170036315918,0.3303464353084564,0.32898810505867004,0.013472017832100391,1.7591383457183838,1.7590452432632446,0.007347123231738806,0.022973695769906044,0.0,0.01489315128689631,1.9934252500534058,0.10739567875862122,,,,,,,,,,,,,,,,
969,2.4262235164642334,-10.024676322937012,0.327090322971344,0.32571476697921753,0.01399275567382574,1.7594879865646362,1.7593634128570557,0.007156413048505783,0.021889034658670425,0.0,0.014894582569506012,1.9747545719146729,0.10725285112857819,,,,,,,,,,,,,,,,
970,2.436138391494751,-9.99359130859375,0.33088648319244385,0.32980528473854065,0.014187128283083439,1.761533260345459,1.7609857320785522,0.00727585144340992,0.02155870571732521,0.0,0.014896037739794693,1.9742774963378906,0.10803351551294327,,,,,,,,,,,,,,,,
971,2.42315936088562,-9.97391128540039,0.32364383339881897,0.32303887605667114,0.013946747407317162,1.7631064653396606,1.7619531154632568,0.007267305161803961,0.021793389692902565,0.0,0.014897491200827053,1.9625574350357056,0.10707782208919525,,,,,,,,,,,,,,,,
972,2.4321541786193848,-10.027095794677734,0.3237707018852234,0.3228786289691925,0.013693687506020069,1.77236008644104,1.771262526512146,0.007214942015707493,0.021423466503620148,0.0,0.014898934189230195,1.9701629877090454,0.10676512867212296,,,,,,,,,,,,,,,,
973,2.426755428314209,-10.025458335876465,0.321387380361557,0.3209174871444702,0.015150121413171291,1.7699719667434692,1.7686289548873901,0.007184069603681564,0.019906261935830116,0.0,0.014900371003150932,1.9839030504226685,0.10701774805784225,,,,,,,,,,,,,,,,
974,2.425339937210083,-10.007439613342285,0.32483938336372375,0.32367435097694397,0.013289742171764374,1.7636240720748901,1.76344895362854,0.007160066626966,0.021155985072255135,0.0,0.014901803016476325,1.9874744415283203,0.10780134052038193,,,,,,,,,,,,,,,,
975,2.4219534397125244,-10.044744491577148,0.32268232107162476,0.3215292692184448,0.013412293046712875,1.7641717195510864,1.764487385749817,0.007242212072014809,0.02193439193069935,0.0,0.014903251458890729,1.9823894500732422,0.10807367414236069,,,,,,,,,,,,,,,,
976,2.4334681034088135,-10.057425498962402,0.3314535319805145,0.32993248105049133,0.01374913938343525,1.7581056356430054,1.7585604190826416,0.0071690999902784824,0.021244853734970093,0.0,0.014904685278888784,1.9704623222351074,0.10718489438295364,,,,,,,,,,,,,,,,
977,2.4319944381713867,-10.054426193237305,0.32745498418807983,0.32684871554374695,0.014259874820709229,1.7637310028076172,1.7631309032440186,0.006798509042710066,0.021392352879047394,0.0,0.014906044980697326,1.9536499977111816,0.10692666471004486,,,,,,,,,,,,,,,,
978,2.426896572113037,-10.052669525146484,0.32748642563819885,0.32563281059265137,0.013803031295537949,1.7595149278640747,1.7604336738586426,0.0071933092549443245,0.0223150085657835,0.0,0.014907483642548314,1.9598857164382935,0.10771472752094269,,,,,,,,,,,,,,,,
979,2.4343607425689697,-10.074474334716797,0.3276611268520355,0.3257784843444824,0.013577382080256939,1.7670236825942993,1.7676637172698975,0.00688692694529891,0.02017856575548649,0.0,0.014908861027937374,1.955926537513733,0.1071854680776596,,,,,,,,,,,,,,,,
980,2.439091205596924,-10.050006866455078,0.3296006917953491,0.3281117081642151,0.013682939112186432,1.7676928043365479,1.767699122428894,0.007116963621228933,0.02109757624566555,0.0,0.01491028442066162,1.9618998765945435,0.10624566674232483,,,,,,,,,,,,,,,,
981,2.439713478088379,-10.092244148254395,0.32687774300575256,0.32594558596611023,0.013940551318228245,1.7735109329223633,1.772388219833374,0.00735101941972971,0.020911268889904022,0.0,0.014911754624545566,1.9479118585586548,0.10717442631721497,,,,,,,,,,,,,,,,
982,2.4227805137634277,-10.070958137512207,0.3248896896839142,0.3243780732154846,0.013822028413414955,1.7603511810302734,1.7590302228927612,0.007090419996529818,0.020662426948547363,0.0,0.014913172708544871,1.9980227947235107,0.10679084807634354,,,,,,,,,,,,,,,,
983,2.4468014240264893,-10.036235809326172,0.33973637223243713,0.3390829265117645,0.014155510812997818,1.7546733617782593,1.7529797554016113,0.007857316173613071,0.022212248295545578,0.0,0.014914744171779593,1.9781725406646729,0.10728195309638977,,,,,,,,,,,,,,,,
984,2.436070203781128,-10.132832527160645,0.32947126030921936,0.3294844925403595,0.014769955538213253,1.7638003826141357,1.7608885765075684,0.0071549853309988976,0.02042386122047901,0.0,0.014916175168845794,1.9637854099273682,0.10620935261249542,,,,,,,,,,,,,,,,
985,2.4230427742004395,-10.152560234069824,0.3237493634223938,0.32320329546928406,0.01489965058863163,1.7616699934005737,1.7607109546661377,0.006350229494273663,0.020338866859674454,0.0,0.014917445214744649,1.9476443529129028,0.10643231868743896,,,,,,,,,,,,,,,,
986,2.4376649856567383,-10.068073272705078,0.328642338514328,0.32824018597602844,0.01564609445631504,1.7656219005584717,1.7646510601043701,0.006505359895527363,0.02032851055264473,0.0,0.014918746286723754,1.9716325998306274,0.10667787492275238,,,,,,,,,,,,,,,,
987,2.4329028129577637,-10.104260444641113,0.3278587758541107,0.32681018114089966,0.013863413594663143,1.7643401622772217,1.7644009590148926,0.006495448760688305,0.019936885684728622,0.0,0.014920045376475892,1.960930585861206,0.10655410587787628,,,,,,,,,,,,,,,,
988,2.4177675247192383,-10.13739013671875,0.3209269940853119,0.32004472613334656,0.013424813747406006,1.7636404037475586,1.76310133934021,0.006893353071063757,0.019960088655352592,0.0,0.014921424047090105,1.9838459491729736,0.10603055357933044,,,,,,,,,,,,,,,,
989,2.432029962539673,-10.093857765197754,0.3283665180206299,0.32714328169822693,0.014279079623520374,1.7620680332183838,1.7624140977859497,0.007169198710471392,0.02137092500925064,0.0,0.014922857886832199,1.923641324043274,0.10557626932859421,,,,,,,,,,,,,,,,
990,2.452803611755371,-10.123191833496094,0.3375232517719269,0.336490660905838,0.01371478196233511,1.7652652263641357,1.7648847103118896,0.006909372750669718,0.020999297499656677,0.0,0.014924239761382333,1.9436450004577637,0.10575656592845917,,,,,,,,,,,,,,,,
991,2.441473960876465,-10.142480850219727,0.3292689919471741,0.3284428119659424,0.014115014113485813,1.7702035903930664,1.7690906524658203,0.006949181668460369,0.02055845595896244,0.0,0.014925629597716025,1.9445984363555908,0.10562984645366669,,,,,,,,,,,,,,,,
992,2.418990135192871,-10.104315757751465,0.3207436800003052,0.31966161727905273,0.013600001111626625,1.764953851699829,1.7650156021118164,0.006254594307392836,0.01884269528090954,0.0,0.014926880516577503,1.9828354120254517,0.10572100430727005,,,,,,,,,,,,,,,,
993,2.4484305381774902,-10.106678009033203,0.332719087600708,0.3323769271373749,0.01436257641762495,1.7699785232543945,1.7679654359817505,0.006918438244611025,0.020294252783060074,0.0,0.014928264204226426,1.9614388942718506,0.10552731156349182,,,,,,,,,,,,,,,,
994,2.419119358062744,-10.165451049804688,0.3170946538448334,0.3164430558681488,0.014331021346151829,1.7718799114227295,1.7706209421157837,0.006839965004473925,0.02069023624062538,0.0,0.014929632197227321,1.9569497108459473,0.10527405142784119,,,,,,,,,,,,,,,,
995,2.4207510948181152,-10.159943580627441,0.32444509863853455,0.32395920157432556,0.01358478982001543,1.7595046758651733,1.7580190896987915,0.006714290473610163,0.02133353240787983,0.0,0.014930975055322043,1.9452675580978394,0.10628361254930496,,,,,,,,,,,,,,,,
996,2.438225507736206,-10.14675521850586,0.33135730028152466,0.3304228186607361,0.013422761112451553,1.7634814977645874,1.7625635862350464,0.006685902830213308,0.018466712906956673,0.0,0.014932312235888085,1.9569076299667358,0.104940265417099,,,,,,,,,,,,,,,,
997,2.4351372718811035,-10.180871963500977,0.3312184810638428,0.3303012549877167,0.013733301311731339,1.7602410316467285,1.7595272064208984,0.0064223408699035645,0.019948020577430725,0.0,0.014933596704062066,1.9258748292922974,0.1059582307934761,,,,,,,,,,,,,,,,
998,2.4189867973327637,-10.132216453552246,0.3217248320579529,0.3207956552505493,0.013622716069221497,1.7630648612976074,1.762622594833374,0.0061406949535012245,0.01739940047264099,0.0,0.014934824843052766,1.9397326707839966,0.1064026951789856,,,,,,,,,,,,,,,,
999,2.4314932823181152,-10.150787353515625,0.32405441999435425,0.32276594638824463,0.015572854317724705,1.7693344354629517,1.7688658237457275,0.005985363852232695,0.020468343049287796,0.0,0.014936021915823213,1.9366655349731445,0.10671398043632507,,,,,,,,,,,,,,,,
1000,2.421942949295044,-10.241636276245117,0.3208671808242798,0.31956547498703003,0.014248042367398739,1.7673569917678833,1.767167329788208,0.006520390976220369,0.02083917334675789,0.0,0.014937325994018457,1.961725115776062,0.10677032917737961,0.7801127433776855,0.7801127433776855,0.21988725662231445,9.335020065307617,0.001317277177501446,0.8909282684326172,4.03841495513916,-0.0,1.4560716152191162,0.7797354459762573,0.0014569706253876,0.7797354459762573,0.0834287628531456,1.0668175220489502,3.173607220666044,0.1322336341944185
