epoch,loss,kl_loss,entropy,avg_return,survival_rate,mortality_rate,avg_length,inadmissibility_rate,expert_argmax_match,mean_kl_to_expert,policy_entropy,mean_action_deviation_from_expert,soft_survival_rate,soft_inadmissibility_rate,soft_avg_return,soft_policy_entropy,soft_mean_kl_to_expert
1,2.314255952835083,2.314255952835083,3.211998224258423,,,,,,,,,,,,,,
2,2.2557566165924072,2.2557566165924072,3.211275577545166,,,,,,,,,,,,,,
3,2.195589303970337,2.195589303970337,3.2094061374664307,,,,,,,,,,,,,,
4,2.1374306678771973,2.1374306678771973,3.2062666416168213,,,,,,,,,,,,,,
5,2.077859878540039,2.077859878540039,3.2016897201538086,,,,,,,,,,,,,,
6,2.0130579471588135,2.0130579471588135,3.1946277618408203,,,,,,,,,,,,,,
7,1.9472410678863525,1.9472410678863525,3.185267448425293,,,,,,,,,,,,,,
8,1.8791592121124268,1.8791592121124268,3.171828508377075,,,,,,,,,,,,,,
9,1.8038029670715332,1.8038029670715332,3.1544339656829834,,,,,,,,,,,,,,
10,1.7285792827606201,1.7285792827606201,3.131119728088379,0.7793214321136475,0.7793214321136475,0.22067856788635254,9.275078773498535,0.6959226270805218,0.6330001950263977,6.370987892150879,-0.0,4.597271919250488,0.7764044404029846,0.7680654432335698,0.7764044404029846,3.0807459354400635,1.7463653087615967
11,1.6456714868545532,1.6456714868545532,3.0985093116760254,,,,,,,,,,,,,,
12,1.5625749826431274,1.5625749826431274,3.0588579177856445,,,,,,,,,,,,,,
13,1.4747014045715332,1.4747014045715332,3.0053484439849854,,,,,,,,,,,,,,
14,1.3920094966888428,1.3920094966888428,2.9417479038238525,,,,,,,,,,,,,,
15,1.3067073822021484,1.3067073822021484,2.8659770488739014,,,,,,,,,,,,,,
16,1.2273308038711548,1.2273308038711548,2.7769880294799805,,,,,,,,,,,,,,
17,1.1453670263290405,1.1453670263290405,2.6681058406829834,,,,,,,,,,,,,,
18,1.0737282037734985,1.0737282037734985,2.5593440532684326,,,,,,,,,,,,,,
19,1.0130658149719238,1.0130658149719238,2.4501171112060547,,,,,,,,,,,,,,
20,0.9518057107925415,0.9518057107925415,2.329498052597046,0.7797819972038269,0.7797819972038269,0.2202180027961731,9.324749946594238,0.6749885377034641,0.6367960572242737,6.330144882202148,-0.0,4.491824150085449,0.7786552906036377,0.51898067843461,0.7786552906036377,1.9679203033447266,0.7234228849411011
21,0.9003631472587585,0.9003631472587585,2.215345859527588,,,,,,,,,,,,,,
22,0.859862744808197,0.859862744808197,2.111438512802124,,,,,,,,,,,,,,
23,0.8177635669708252,0.8177635669708252,2.023353099822998,,,,,,,,,,,,,,
24,0.7856274843215942,0.7856274843215942,1.9390640258789062,,,,,,,,,,,,,,
25,0.7516380548477173,0.7516380548477173,1.876932978630066,,,,,,,,,,,,,,
26,0.7252090573310852,0.7252090573310852,1.8238979578018188,,,,,,,,,,,,,,
27,0.6992120742797852,0.6992120742797852,1.7815231084823608,,,,,,,,,,,,,,
28,0.6714189052581787,0.6714189052581787,1.738969326019287,,,,,,,,,,,,,,
29,0.6468616724014282,0.6468616724014282,1.7110401391983032,,,,,,,,,,,,,,
30,0.6309331655502319,0.6309331655502319,1.686617136001587,0.7749648094177246,0.7749648094177246,0.2250351905822754,8.336627006530762,0.23618344415035852,0.712281346321106,5.258638381958008,-0.0,2.685454845428467,0.7789801955223083,0.3278443283184134,0.7789801955223083,1.3162943124771118,0.4315287470817566
31,0.6128177642822266,0.6128177642822266,1.6614389419555664,,,,,,,,,,,,,,
32,0.5960485339164734,0.5960485339164734,1.6415029764175415,,,,,,,,,,,,,,
33,0.5797416567802429,0.5797416567802429,1.62462317943573,,,,,,,,,,,,,,
34,0.5609797835350037,0.5609797835350037,1.6024268865585327,,,,,,,,,,,,,,
35,0.5473245978355408,0.5473245978355408,1.581291675567627,,,,,,,,,,,,,,
36,0.5354433655738831,0.5354433655738831,1.5565215349197388,,,,,,,,,,,,,,
37,0.5168219208717346,0.5168219208717346,1.5339175462722778,,,,,,,,,,,,,,
38,0.49714407324790955,0.49714407324790955,1.5119372606277466,,,,,,,,,,,,,,
39,0.49107664823532104,0.49107664823532104,1.4892934560775757,,,,,,,,,,,,,,
40,0.4725845456123352,0.4725845456123352,1.4705513715744019,0.7739201188087463,0.7739201188087463,0.22607988119125366,9.233733177185059,0.14160812582089471,0.7785412073135376,4.823992729187012,-0.0,2.1050949096679688,0.7778868675231934,0.2348486094825722,0.7778868079185486,0.9781683087348938,0.2721821963787079
41,0.4613609313964844,0.4613609313964844,1.4556580781936646,,,,,,,,,,,,,,
42,0.44570180773735046,0.44570180773735046,1.434436321258545,,,,,,,,,,,,,,
43,0.4363371729850769,0.4363371729850769,1.4150341749191284,,,,,,,,,,,,,,
44,0.42401063442230225,0.42401063442230225,1.4090278148651123,,,,,,,,,,,,,,
45,0.4157736003398895,0.4157736003398895,1.3976686000823975,,,,,,,,,,,,,,
46,0.4016055762767792,0.4016055762767792,1.3868296146392822,,,,,,,,,,,,,,
47,0.3882749676704407,0.3882749676704407,1.3738681077957153,,,,,,,,,,,,,,
48,0.3790941536426544,0.3790941536426544,1.3759042024612427,,,,,,,,,,,,,,
49,0.3668246865272522,0.3668246865272522,1.363039255142212,,,,,,,,,,,,,,
50,0.3588155210018158,0.3588155210018158,1.3585566282272339,0.7785381078720093,0.7785381078720093,0.22146189212799072,8.847493171691895,0.07585026504028287,0.8249087333679199,4.510481834411621,-0.0,1.885372281074524,0.778331995010376,0.16852908086998344,0.778331995010376,0.8431985378265381,0.1878444105386734
51,0.34784889221191406,0.34784889221191406,1.3529157638549805,,,,,,,,,,,,,,
52,0.33910804986953735,0.33910804986953735,1.3449782133102417,,,,,,,,,,,,,,
53,0.3243859112262726,0.3243859112262726,1.3357912302017212,,,,,,,,,,,,,,
54,0.3152582049369812,0.3152582049369812,1.3229068517684937,,,,,,,,,,,,,,
55,0.308244526386261,0.308244526386261,1.3164578676223755,,,,,,,,,,,,,,
56,0.2984268367290497,0.2984268367290497,1.3036564588546753,,,,,,,,,,,,,,
57,0.2907951772212982,0.2907951772212982,1.2928825616836548,,,,,,,,,,,,,,
58,0.28191474080085754,0.28191474080085754,1.283609390258789,,,,,,,,,,,,,,
59,0.27726006507873535,0.27726006507873535,1.2766586542129517,,,,,,,,,,,,,,
60,0.268475741147995,0.268475741147995,1.2730365991592407,0.777116596698761,0.777116596698761,0.222883403301239,8.890931129455566,0.03430301029184634,0.8495579957962036,4.267583847045898,-0.0,1.6934664249420166,0.7788540720939636,0.11864067734069161,0.7788540720939636,0.7570289969444275,0.132623553276062
61,0.2639434337615967,0.2639434337615967,1.2602733373641968,,,,,,,,,,,,,,
62,0.25204727053642273,0.25204727053642273,1.246504545211792,,,,,,,,,,,,,,
63,0.24963514506816864,0.24963514506816864,1.2479392290115356,,,,,,,,,,,,,,
64,0.2438831329345703,0.2438831329345703,1.242169737815857,,,,,,,,,,,,,,
65,0.23457463085651398,0.23457463085651398,1.2295390367507935,,,,,,,,,,,,,,
66,0.2326345145702362,0.2326345145702362,1.2293708324432373,,,,,,,,,,,,,,
67,0.2287733107805252,0.2287733107805252,1.216799259185791,,,,,,,,,,,,,,
68,0.22287537157535553,0.22287537157535553,1.2105374336242676,,,,,,,,,,,,,,
69,0.21922075748443604,0.21922075748443604,1.211132287979126,,,,,,,,,,,,,,
70,0.21501627564430237,0.21501627564430237,1.1951497793197632,0.7765973806381226,0.7765973806381226,0.22340261936187744,9.03492259979248,0.010635177670994426,0.8652700185775757,4.146458625793457,-0.0,1.5418556928634644,0.7785773277282715,0.08627038791063388,0.7785773277282715,0.7001122236251831,0.10058529675006866
71,0.20959770679473877,0.20959770679473877,1.1915796995162964,,,,,,,,,,,,,,
72,0.20578435063362122,0.20578435063362122,1.1872960329055786,,,,,,,,,,,,,,
73,0.20461300015449524,0.20461300015449524,1.1802986860275269,,,,,,,,,,,,,,
74,0.19865712523460388,0.19865712523460388,1.16982102394104,,,,,,,,,,,,,,
75,0.1964421570301056,0.1964421570301056,1.171528697013855,,,,,,,,,,,,,,
76,0.19191476702690125,0.19191476702690125,1.164438009262085,,,,,,,,,,,,,,
77,0.19036424160003662,0.19036424160003662,1.1596204042434692,,,,,,,,,,,,,,
78,0.18790200352668762,0.18790200352668762,1.1552330255508423,,,,,,,,,,,,,,
79,0.18506544828414917,0.18506544828414917,1.1516975164413452,,,,,,,,,,,,,,
80,0.18265648186206818,0.18265648186206818,1.142566204071045,0.7782648205757141,0.7782648205757141,0.2217351794242859,8.92465877532959,0.008952808834524822,0.8743513226509094,4.125395774841309,-0.0,1.5859084129333496,0.7788925170898438,0.06798727517993627,0.7788925170898438,0.6529852151870728,0.08285663276910782
81,0.17769362032413483,0.17769362032413483,1.1383713483810425,,,,,,,,,,,,,,
82,0.17870961129665375,0.17870961129665375,1.143143653869629,,,,,,,,,,,,,,
83,0.1767686903476715,0.1767686903476715,1.1300318241119385,,,,,,,,,,,,,,
84,0.17282278835773468,0.17282278835773468,1.122696042060852,,,,,,,,,,,,,,
85,0.17025905847549438,0.17025905847549438,1.1187320947647095,,,,,,,,,,,,,,
86,0.16959580779075623,0.16959580779075623,1.1130023002624512,,,,,,,,,,,,,,
87,0.16424961388111115,0.16424961388111115,1.1094542741775513,,,,,,,,,,,,,,
88,0.16422586143016815,0.16422586143016815,1.1081218719482422,,,,,,,,,,,,,,
89,0.1598523110151291,0.1598523110151291,1.1046801805496216,,,,,,,,,,,,,,
90,0.161857008934021,0.161857008934021,1.1054927110671997,0.7791675329208374,0.7791675329208374,0.2208324670791626,8.924459457397461,0.006568252814391234,0.8775225877761841,4.115192413330078,-0.0,1.568611741065979,0.7790316343307495,0.0568060758576919,0.7790316939353943,0.6231983304023743,0.07253655791282654
91,0.1607528030872345,0.1607528030872345,1.0975397825241089,,,,,,,,,,,,,,
92,0.1560990810394287,0.1560990810394287,1.0976336002349854,,,,,,,,,,,,,,
93,0.15554365515708923,0.15554365515708923,1.0889133214950562,,,,,,,,,,,,,,
94,0.15282373130321503,0.15282373130321503,1.0834455490112305,,,,,,,,,,,,,,
95,0.1527799516916275,0.1527799516916275,1.0900468826293945,,,,,,,,,,,,,,
96,0.15308363735675812,0.15308363735675812,1.0834211111068726,,,,,,,,,,,,,,
97,0.14977528154850006,0.14977528154850006,1.0811669826507568,,,,,,,,,,,,,,
98,0.1507275551557541,0.1507275551557541,1.085597038269043,,,,,,,,,,,,,,
99,0.14776086807250977,0.14776086807250977,1.0787628889083862,,,,,,,,,,,,,,
100,0.14629076421260834,0.14629076421260834,1.073470950126648,0.7768858075141907,0.7768858075141907,0.22311419248580933,8.923535346984863,0.006050584311566575,0.8797808885574341,4.106700897216797,-0.0,1.5447447299957275,0.7789013981819153,0.05049477342341317,0.7789013981819153,0.6086056232452393,0.06606264412403107
101,0.14671625196933746,0.14671625196933746,1.0746711492538452,,,,,,,,,,,,,,
102,0.14885248243808746,0.14885248243808746,1.079530119895935,,,,,,,,,,,,,,
103,0.14375074207782745,0.14375074207782745,1.073266863822937,,,,,,,,,,,,,,
104,0.14310254156589508,0.14310254156589508,1.0718351602554321,,,,,,,,,,,,,,
105,0.14091087877750397,0.14091087877750397,1.0683379173278809,,,,,,,,,,,,,,
106,0.13992531597614288,0.13992531597614288,1.0643956661224365,,,,,,,,,,,,,,
107,0.139506995677948,0.139506995677948,1.066586971282959,,,,,,,,,,,,,,
108,0.1386396884918213,0.1386396884918213,1.0605360269546509,,,,,,,,,,,,,,
109,0.13726766407489777,0.13726766407489777,1.0624922513961792,,,,,,,,,,,,,,
110,0.1372060626745224,0.1372060626745224,1.0575634241104126,0.779654324054718,0.779654324054718,0.22034567594528198,8.929892539978027,0.006302001339805723,0.8902075886726379,4.080042839050293,-0.0,1.553518295288086,0.7791886925697327,0.04577427044115169,0.7791886925697327,0.5974777936935425,0.06122347712516785
111,0.13400305807590485,0.13400305807590485,1.0575835704803467,,,,,,,,,,,,,,
112,0.13375578820705414,0.13375578820705414,1.0544655323028564,,,,,,,,,,,,,,
113,0.1349867880344391,0.1349867880344391,1.0521987676620483,,,,,,,,,,,,,,
114,0.13161225616931915,0.13161225616931915,1.0562880039215088,,,,,,,,,,,,,,
115,0.13221938908100128,0.13221938908100128,1.0562938451766968,,,,,,,,,,,,,,
116,0.13235197961330414,0.13235197961330414,1.0543824434280396,,,,,,,,,,,,,,
117,0.12837760150432587,0.12837760150432587,1.0508325099945068,,,,,,,,,,,,,,
118,0.13001610338687897,0.13001610338687897,1.0474270582199097,,,,,,,,,,,,,,
119,0.1315479576587677,0.1315479576587677,1.0493371486663818,,,,,,,,,,,,,,
120,0.12871508300304413,0.12871508300304413,1.0477564334869385,0.7782860994338989,0.7782860994338989,0.22171390056610107,8.95513916015625,0.005567165357102085,0.8890063762664795,4.078293800354004,-0.0,1.5403563976287842,0.7790415287017822,0.04263604750618631,0.7790415287017822,0.588470995426178,0.05745674669742584
121,0.12799061834812164,0.12799061834812164,1.0436094999313354,,,,,,,,,,,,,,
122,0.12615659832954407,0.12615659832954407,1.0428897142410278,,,,,,,,,,,,,,
123,0.1260220855474472,0.1260220855474472,1.0405117273330688,,,,,,,,,,,,,,
124,0.12560297548770905,0.12560297548770905,1.039473533630371,,,,,,,,,,,,,,
125,0.12755465507507324,0.12755465507507324,1.0382535457611084,,,,,,,,,,,,,,
126,0.12331625819206238,0.12331625819206238,1.0401655435562134,,,,,,,,,,,,,,
127,0.12422334402799606,0.12422334402799606,1.034458041191101,,,,,,,,,,,,,,
128,0.12249722331762314,0.12249722331762314,1.035613775253296,,,,,,,,,,,,,,
129,0.12241200357675552,0.12241200357675552,1.031543254852295,,,,,,,,,,,,,,
130,0.1195889338850975,0.1195889338850975,1.0320489406585693,0.7815434336662292,0.7815434336662292,0.21845656633377075,8.960022926330566,0.0053742995806930404,0.8904478549957275,4.069508075714111,-0.0,1.5019025802612305,0.7793868780136108,0.03941371608030484,0.7793868780136108,0.5825628042221069,0.05414444953203201
131,0.12025818973779678,0.12025818973779678,1.0241562128067017,,,,,,,,,,,,,,
132,0.12051325291395187,0.12051325291395187,1.0264421701431274,,,,,,,,,,,,,,
133,0.11833952367305756,0.11833952367305756,1.033698558807373,,,,,,,,,,,,,,
134,0.11887915432453156,0.11887915432453156,1.034520149230957,,,,,,,,,,,,,,
135,0.11610779166221619,0.11610779166221619,1.0317538976669312,,,,,,,,,,,,,,
136,0.11577194184064865,0.11577194184064865,1.0253522396087646,,,,,,,,,,,,,,
137,0.11472997814416885,0.11472997814416885,1.0250462293624878,,,,,,,,,,,,,,
138,0.11714968830347061,0.11714968830347061,1.0303823947906494,,,,,,,,,,,,,,
139,0.1151990294456482,0.1151990294456482,1.0239596366882324,,,,,,,,,,,,,,
140,0.1152845174074173,0.1152845174074173,1.0196250677108765,0.7814430594444275,0.7814430594444275,0.2185569405555725,8.940098762512207,0.002358802131686567,0.8888621926307678,4.0658369064331055,-0.0,1.4693299531936646,0.7790947556495667,0.037471123033039073,0.7790947556495667,0.5780232548713684,0.05132037401199341
141,0.11293695122003555,0.11293695122003555,1.0228867530822754,,,,,,,,,,,,,,
142,0.11434409022331238,0.11434409022331238,1.0239434242248535,,,,,,,,,,,,,,
143,0.11261504143476486,0.11261504143476486,1.0196757316589355,,,,,,,,,,,,,,
144,0.11156895011663437,0.11156895011663437,1.025145173072815,,,,,,,,,,,,,,
145,0.11176019161939621,0.11176019161939621,1.0167055130004883,,,,,,,,,,,,,,
146,0.11012514680624008,0.11012514680624008,1.0188512802124023,,,,,,,,,,,,,,
147,0.11288270354270935,0.11288270354270935,1.0202417373657227,,,,,,,,,,,,,,
148,0.10940740257501602,0.10940740257501602,1.0200425386428833,,,,,,,,,,,,,,
149,0.10821758955717087,0.10821758955717087,1.011414885520935,,,,,,,,,,,,,,
150,0.10883209854364395,0.10883209854364395,1.0133816003799438,0.7824267745018005,0.7824267745018005,0.21757322549819946,8.911035537719727,0.0014495565757526997,0.8919854164123535,4.051000595092773,-0.0,1.4447321891784668,0.7792943120002747,0.035864441168948116,0.7792943120002747,0.574380099773407,0.048900701105594635
151,0.10654668509960175,0.10654668509960175,1.0157158374786377,,,,,,,,,,,,,,
152,0.10904000699520111,0.10904000699520111,1.01542067527771,,,,,,,,,,,,,,
153,0.10530722886323929,0.10530722886323929,1.0107027292251587,,,,,,,,,,,,,,
154,0.10574767738580704,0.10574767738580704,1.0166258811950684,,,,,,,,,,,,,,
155,0.10556942224502563,0.10556942224502563,1.0174282789230347,,,,,,,,,,,,,,
156,0.10449295490980148,0.10449295490980148,1.0137041807174683,,,,,,,,,,,,,,
157,0.10558284819126129,0.10558284819126129,1.0142771005630493,,,,,,,,,,,,,,
158,0.1062391996383667,0.1062391996383667,1.0174076557159424,,,,,,,,,,,,,,
159,0.10336838662624359,0.10336838662624359,1.0143429040908813,,,,,,,,,,,,,,
160,0.10265722125768661,0.10265722125768661,1.0113035440444946,0.7820141911506653,0.7820141911506653,0.21798580884933472,8.940351486206055,0.0006302500131371739,0.8926100730895996,4.03847599029541,-0.0,1.4403696060180664,0.7792870998382568,0.03441197338584088,0.7792870998382568,0.5735784769058228,0.046313658356666565
161,0.10150271654129028,0.10150271654129028,1.0105797052383423,,,,,,,,,,,,,,
162,0.10054749250411987,0.10054749250411987,1.0099550485610962,,,,,,,,,,,,,,
163,0.10133587568998337,0.10133587568998337,1.0072437524795532,,,,,,,,,,,,,,
164,0.10098534822463989,0.10098534822463989,1.0128118991851807,,,,,,,,,,,,,,
165,0.10044633597135544,0.10044633597135544,1.0084103345870972,,,,,,,,,,,,,,
166,0.10066670179367065,0.10066670179367065,1.0108803510665894,,,,,,,,,,,,,,
167,0.09976278245449066,0.09976278245449066,1.002995491027832,,,,,,,,,,,,,,
168,0.09786302596330643,0.09786302596330643,1.0018627643585205,,,,,,,,,,,,,,
169,0.09919598698616028,0.09919598698616028,1.0030452013015747,,,,,,,,,,,,,,
170,0.10068751126527786,0.10068751126527786,1.0040218830108643,0.7820281982421875,0.7820281982421875,0.2179718017578125,8.951428413391113,0.0006058082008836487,0.8942917585372925,4.037293434143066,-0.0,1.4598642587661743,0.7793898582458496,0.03246089016725566,0.7793897986412048,0.5679324269294739,0.044109947979450226
171,0.10058476030826569,0.10058476030826569,1.0018274784088135,,,,,,,,,,,,,,
172,0.0965273454785347,0.0965273454785347,1.002140760421753,,,,,,,,,,,,,,
173,0.09565715491771698,0.09565715491771698,1.0012354850769043,,,,,,,,,,,,,,
174,0.098831906914711,0.098831906914711,1.0021711587905884,,,,,,,,,,,,,,
175,0.09647820144891739,0.09647820144891739,1.0002071857452393,,,,,,,,,,,,,,
176,0.09708645194768906,0.09708645194768906,1.0024359226226807,,,,,,,,,,,,,,
177,0.09525393694639206,0.09525393694639206,1.001368761062622,,,,,,,,,,,,,,
178,0.09343844652175903,0.09343844652175903,0.993121325969696,,,,,,,,,,,,,,
179,0.0952243059873581,0.0952243059873581,1.0008978843688965,,,,,,,,,,,,,,
180,0.09480717033147812,0.09480717033147812,0.9951754808425903,0.7823368310928345,0.7823368310928345,0.21766316890716553,8.918901443481445,0.0006428188088127046,0.8949644565582275,4.035886764526367,-0.0,1.3987420797348022,0.7793240547180176,0.031170963351050372,0.7793241143226624,0.5660483837127686,0.04217715933918953
181,0.09653855860233307,0.09653855860233307,0.9925813674926758,,,,,,,,,,,,,,
182,0.09378863126039505,0.09378863126039505,0.997830331325531,,,,,,,,,,,,,,
183,0.09233111888170242,0.09233111888170242,0.9993902444839478,,,,,,,,,,,,,,
184,0.09333888441324234,0.09333888441324234,0.9955650568008423,,,,,,,,,,,,,,
185,0.0936683788895607,0.0936683788895607,0.9992597699165344,,,,,,,,,,,,,,
186,0.09161592274904251,0.09161592274904251,0.9971998333930969,,,,,,,,,,,,,,
187,0.09309020638465881,0.09309020638465881,0.9950675368309021,,,,,,,,,,,,,,
188,0.0891805961728096,0.0891805961728096,0.9951108694076538,,,,,,,,,,,,,,
189,0.08803471177816391,0.08803471177816391,0.9931843280792236,,,,,,,,,,,,,,
190,0.09052735567092896,0.09052735567092896,0.9942972660064697,0.7832697629928589,0.7832697629928589,0.2167302370071411,8.942254066467285,0.0006111644287220423,0.8972707986831665,4.029634952545166,-0.0,1.3983769416809082,0.7793945074081421,0.029971209819072794,0.7793945670127869,0.5644528269767761,0.04034357890486717
191,0.09039904177188873,0.09039904177188873,0.991636335849762,,,,,,,,,,,,,,
192,0.08995024114847183,0.08995024114847183,0.9930198192596436,,,,,,,,,,,,,,
193,0.08953620493412018,0.08953620493412018,0.9947649240493774,,,,,,,,,,,,,,
194,0.0909973531961441,0.0909973531961441,0.9946706295013428,,,,,,,,,,,,,,
195,0.08890186250209808,0.08890186250209808,0.9902663826942444,,,,,,,,,,,,,,
196,0.08673188835382462,0.08673188835382462,0.9901877045631409,,,,,,,,,,,,,,
197,0.08956383913755417,0.08956383913755417,0.992062509059906,,,,,,,,,,,,,,
198,0.08764046430587769,0.08764046430587769,0.9891902804374695,,,,,,,,,,,,,,
199,0.0863589495420456,0.0863589495420456,0.9926440119743347,,,,,,,,,,,,,,
200,0.08793214708566666,0.08793214708566666,0.988587498664856,0.7820544242858887,0.7820544242858887,0.21794557571411133,8.904522895812988,0.0006346434274670402,0.9010667204856873,4.018460273742676,-0.0,1.4247568845748901,0.7794932723045349,0.028795402938572575,0.7794932723045349,0.5612730979919434,0.03865125775337219
201,0.08815917372703552,0.08815917372703552,0.990909993648529,,,,,,,,,,,,,,
202,0.08494522422552109,0.08494522422552109,0.9913396835327148,,,,,,,,,,,,,,
203,0.08580558001995087,0.08580558001995087,0.9889198541641235,,,,,,,,,,,,,,
204,0.08572351932525635,0.08572351932525635,0.9891869425773621,,,,,,,,,,,,,,
205,0.08473142236471176,0.08473142236471176,0.9821503162384033,,,,,,,,,,,,,,
206,0.0867239311337471,0.0867239311337471,0.9819372892379761,,,,,,,,,,,,,,
207,0.0853942409157753,0.0853942409157753,0.9885368943214417,,,,,,,,,,,,,,
208,0.08293557912111282,0.08293557912111282,0.9846677184104919,,,,,,,,,,,,,,
209,0.08140648901462555,0.08140648901462555,0.9863884449005127,,,,,,,,,,,,,,
210,0.083865225315094,0.083865225315094,0.9864904880523682,0.7833410501480103,0.7833410501480103,0.21665894985198975,9.038538932800293,0.0006365044864526549,0.9056313633918762,4.0112810134887695,-0.0,1.3901084661483765,0.7792255878448486,0.02793520025557719,0.7792255878448486,0.560943067073822,0.03699379414319992
211,0.08398506790399551,0.08398506790399551,0.9861586093902588,,,,,,,,,,,,,,
212,0.08205907046794891,0.08205907046794891,0.9861898422241211,,,,,,,,,,,,,,
213,0.08306731283664703,0.08306731283664703,0.9872345924377441,,,,,,,,,,,,,,
214,0.08299940079450607,0.08299940079450607,0.9856289029121399,,,,,,,,,,,,,,
215,0.08383242785930634,0.08383242785930634,0.9795673489570618,,,,,,,,,,,,,,
216,0.08408502489328384,0.08408502489328384,0.9833085536956787,,,,,,,,,,,,,,
217,0.08061821013689041,0.08061821013689041,0.9817121028900146,,,,,,,,,,,,,,
218,0.08378724753856659,0.08378724753856659,0.981346070766449,,,,,,,,,,,,,,
219,0.07967503368854523,0.07967503368854523,0.9834646582603455,,,,,,,,,,,,,,
220,0.08159216493368149,0.08159216493368149,0.9772335886955261,0.7847094535827637,0.7847094535827637,0.21529054641723633,8.85584545135498,0.0006388126739542379,0.9016432762145996,4.01401424407959,-0.0,1.4453465938568115,0.7793058156967163,0.02669530122765928,0.7793058156967163,0.5602201819419861,0.03536324203014374
221,0.07978256791830063,0.07978256791830063,0.9781516194343567,,,,,,,,,,,,,,
222,0.07829222828149796,0.07829222828149796,0.9821405410766602,,,,,,,,,,,,,,
223,0.07750125974416733,0.07750125974416733,0.9787261486053467,,,,,,,,,,,,,,
224,0.07823554426431656,0.07823554426431656,0.9796664714813232,,,,,,,,,,,,,,
225,0.07697835564613342,0.07697835564613342,0.9818066358566284,,,,,,,,,,,,,,
226,0.07994258403778076,0.07994258403778076,0.9790400266647339,,,,,,,,,,,,,,
227,0.07795684039592743,0.07795684039592743,0.9798428416252136,,,,,,,,,,,,,,
228,0.07831630855798721,0.07831630855798721,0.9788270592689514,,,,,,,,,,,,,,
229,0.07976143807172775,0.07976143807172775,0.9787047505378723,,,,,,,,,,,,,,
230,0.07863858342170715,0.07863858342170715,0.9792019724845886,0.7831958532333374,0.7831958532333374,0.2168041467666626,8.863743782043457,0.0006345679496419529,0.9057754874229431,4.009588241577148,-0.0,1.4464848041534424,0.7795159816741943,0.0259709729843333,0.7795159816741943,0.5585631132125854,0.03394704312086105
231,0.0757734552025795,0.0757734552025795,0.9789520502090454,,,,,,,,,,,,,,
232,0.0772433951497078,0.0772433951497078,0.9761097431182861,,,,,,,,,,,,,,
233,0.07695960253477097,0.07695960253477097,0.9822303056716919,,,,,,,,,,,,,,
234,0.07536913454532623,0.07536913454532623,0.9735201001167297,,,,,,,,,,,,,,
235,0.07718458026647568,0.07718458026647568,0.9741552472114563,,,,,,,,,,,,,,
236,0.07809162139892578,0.07809162139892578,0.9746395349502563,,,,,,,,,,,,,,
237,0.07629899680614471,0.07629899680614471,0.9734368324279785,,,,,,,,,,,,,,
238,0.07462039589881897,0.07462039589881897,0.9739975333213806,,,,,,,,,,,,,,
239,0.07611890137195587,0.07611890137195587,0.9749915599822998,,,,,,,,,,,,,,
240,0.07439564913511276,0.07439564913511276,0.9742061495780945,0.7825440764427185,0.7825440764427185,0.2174559235572815,8.84610366821289,0.000634745326911811,0.9002498388290405,4.013033866882324,-0.0,1.337515950202942,0.7793244123458862,0.024870951948217056,0.7793244123458862,0.5563050508499146,0.03276999294757843
241,0.07513036578893661,0.07513036578893661,0.9743177890777588,,,,,,,,,,,,,,
242,0.07348743081092834,0.07348743081092834,0.9693199396133423,,,,,,,,,,,,,,
243,0.07607357203960419,0.07607357203960419,0.9710975885391235,,,,,,,,,,,,,,
244,0.07342930138111115,0.07342930138111115,0.9728608131408691,,,,,,,,,,,,,,
245,0.07270368188619614,0.07270368188619614,0.9721747040748596,,,,,,,,,,,,,,
246,0.07333346456289291,0.07333346456289291,0.9704031348228455,,,,,,,,,,,,,,
247,0.07315638661384583,0.07315638661384583,0.9717197418212891,,,,,,,,,,,,,,
248,0.07261526584625244,0.07261526584625244,0.9738935232162476,,,,,,,,,,,,,,
249,0.07425845414400101,0.07425845414400101,0.9719366431236267,,,,,,,,,,,,,,
250,0.07289066165685654,0.07289066165685654,0.971381664276123,0.7829319834709167,0.7829319834709167,0.21706801652908325,8.849252700805664,0.000637072437458738,0.9033249616622925,4.010108947753906,-0.0,1.379429578781128,0.779265820980072,0.02447536244924953,0.779265820980072,0.5551276206970215,0.031602874398231506
251,0.07158904522657394,0.07158904522657394,0.9690544605255127,,,,,,,,,,,,,,
252,0.07025010138750076,0.07025010138750076,0.9769997596740723,,,,,,,,,,,,,,
253,0.07332557439804077,0.07332557439804077,0.9743301868438721,,,,,,,,,,,,,,
254,0.0696600079536438,0.0696600079536438,0.9691396951675415,,,,,,,,,,,,,,
255,0.072041817009449,0.072041817009449,0.9717643857002258,,,,,,,,,,,,,,
256,0.07071185857057571,0.07071185857057571,0.9709981083869934,,,,,,,,,,,,,,
257,0.07153622806072235,0.07153622806072235,0.9692475199699402,,,,,,,,,,,,,,
258,0.06900273263454437,0.06900273263454437,0.970548689365387,,,,,,,,,,,,,,
259,0.0708211287856102,0.0708211287856102,0.9661707878112793,,,,,,,,,,,,,,
260,0.06973281502723694,0.06973281502723694,0.9663417339324951,0.7844147682189941,0.7844147682189941,0.21558523178100586,8.728901863098145,0.0006369438869870665,0.907889723777771,4.002043724060059,-0.0,1.4360454082489014,0.77948397397995,0.023758425326572116,0.77948397397995,0.5562159419059753,0.03034776821732521
261,0.07148928940296173,0.07148928940296173,0.9714736342430115,,,,,,,,,,,,,,
262,0.06899222731590271,0.06899222731590271,0.9669647216796875,,,,,,,,,,,,,,
263,0.07110346108675003,0.07110346108675003,0.9686689972877502,,,,,,,,,,,,,,
264,0.06874082237482071,0.06874082237482071,0.9688324928283691,,,,,,,,,,,,,,
265,0.06909342855215073,0.06909342855215073,0.96593177318573,,,,,,,,,,,,,,
266,0.06922809779644012,0.06922809779644012,0.9663564562797546,,,,,,,,,,,,,,
267,0.06797406822443008,0.06797406822443008,0.963023841381073,,,,,,,,,,,,,,
268,0.06651205569505692,0.06651205569505692,0.9698601961135864,,,,,,,,,,,,,,
269,0.06999657303094864,0.06999657303094864,0.9692310690879822,,,,,,,,,,,,,,
270,0.06773342937231064,0.06773342937231064,0.9664111733436584,0.7826887965202332,0.7826887965202332,0.21731120347976685,8.924976348876953,0.0006357917104091343,0.9089467525482178,3.9995064735412598,-0.0,1.3705015182495117,0.7790225744247437,0.02300180739856934,0.7790226340293884,0.5539595484733582,0.02932773530483246
271,0.0676838830113411,0.0676838830113411,0.9628173112869263,,,,,,,,,,,,,,
272,0.06933599710464478,0.06933599710464478,0.9685230255126953,,,,,,,,,,,,,,
273,0.06713426858186722,0.06713426858186722,0.9623441696166992,,,,,,,,,,,,,,
274,0.06861722469329834,0.06861722469329834,0.9684983491897583,,,,,,,,,,,,,,
275,0.06750636547803879,0.06750636547803879,0.9629073143005371,,,,,,,,,,,,,,
276,0.06835053116083145,0.06835053116083145,0.9644482135772705,,,,,,,,,,,,,,
277,0.0698147788643837,0.0698147788643837,0.9614149332046509,,,,,,,,,,,,,,
278,0.06673388928174973,0.06673388928174973,0.9705932140350342,,,,,,,,,,,,,,
279,0.06901635229587555,0.06901635229587555,0.9640451669692993,,,,,,,,,,,,,,
280,0.06546548008918762,0.06546548008918762,0.9607707262039185,0.7850651144981384,0.7850651144981384,0.21493488550186157,8.891328811645508,0.0006406888940542252,0.9109647870063782,4.00148868560791,-0.0,1.4196078777313232,0.7792254090309143,0.022553224694555184,0.7792254090309143,0.5539298057556152,0.02831374667584896
281,0.0648011863231659,0.0648011863231659,0.9644986391067505,,,,,,,,,,,,,,
282,0.06552107632160187,0.06552107632160187,0.9627317190170288,,,,,,,,,,,,,,
283,0.06387996673583984,0.06387996673583984,0.9614542126655579,,,,,,,,,,,,,,
284,0.06763431429862976,0.06763431429862976,0.9607985019683838,,,,,,,,,,,,,,
285,0.06579358130693436,0.06579358130693436,0.9659193158149719,,,,,,,,,,,,,,
286,0.06464346498250961,0.06464346498250961,0.9622149467468262,,,,,,,,,,,,,,
287,0.06706532090902328,0.06706532090902328,0.966992199420929,,,,,,,,,,,,,,
288,0.06814513355493546,0.06814513355493546,0.9645097255706787,,,,,,,,,,,,,,
289,0.06289878487586975,0.06289878487586975,0.960180401802063,,,,,,,,,,,,,,
290,0.06320548057556152,0.06320548057556152,0.9581207633018494,0.7822749614715576,0.7822749614715576,0.21772503852844238,8.886992454528809,0.0006393814184873899,0.9102441072463989,4.003063201904297,-0.0,1.309882402420044,0.7793112993240356,0.02169939085905147,0.7793112993240356,0.5514160990715027,0.027593601495027542
291,0.06486856192350388,0.06486856192350388,0.964382529258728,,,,,,,,,,,,,,
292,0.06421598047018051,0.06421598047018051,0.9667463898658752,,,,,,,,,,,,,,
293,0.06489238888025284,0.06489238888025284,0.9588961005210876,,,,,,,,,,,,,,
294,0.06480778753757477,0.06480778753757477,0.9598721861839294,,,,,,,,,,,,,,
295,0.061605777591466904,0.061605777591466904,0.9559004306793213,,,,,,,,,,,,,,
296,0.062431175261735916,0.062431175261735916,0.9605122804641724,,,,,,,,,,,,,,
297,0.06391432136297226,0.06391432136297226,0.9546546936035156,,,,,,,,,,,,,,
298,0.06146732345223427,0.06146732345223427,0.9584997892379761,,,,,,,,,,,,,,
299,0.062759630382061,0.062759630382061,0.957426905632019,,,,,,,,,,,,,,
300,0.06362704187631607,0.06362704187631607,0.9597522020339966,0.7827321887016296,0.7827321887016296,0.21726781129837036,8.925976753234863,0.0006074863112962514,0.9090428352355957,4.005301475524902,-0.0,1.4227163791656494,0.7792068719863892,0.021094351722878598,0.7792068719863892,0.5504940748214722,0.026843635365366936
301,0.06322123110294342,0.06322123110294342,0.9575568437576294,,,,,,,,,,,,,,
302,0.06076294183731079,0.06076294183731079,0.9620011448860168,,,,,,,,,,,,,,
303,0.06015746667981148,0.06015746667981148,0.9568182229995728,,,,,,,,,,,,,,
304,0.060402948409318924,0.060402948409318924,0.9564821720123291,,,,,,,,,,,,,,
305,0.06205545738339424,0.06205545738339424,0.9537230730056763,,,,,,,,,,,,,,
306,0.06198177486658096,0.06198177486658096,0.954132080078125,,,,,,,,,,,,,,
307,0.06272834539413452,0.06272834539413452,0.9597305655479431,,,,,,,,,,,,,,
308,0.06018028035759926,0.06018028035759926,0.9604837894439697,,,,,,,,,,,,,,
309,0.06013510376214981,0.06013510376214981,0.9594523310661316,,,,,,,,,,,,,,
310,0.060524411499500275,0.060524411499500275,0.9584611058235168,0.78318190574646,0.78318190574646,0.21681809425354004,8.883462905883789,0.0006373533465321365,0.9089947938919067,3.9968295097351074,-0.0,1.3974566459655762,0.7791590094566345,0.02089201430089861,0.7791590094566345,0.5511386394500732,0.025829244405031204
311,0.06011401116847992,0.06011401116847992,0.9576797485351562,,,,,,,,,,,,,,
312,0.06018862873315811,0.06018862873315811,0.9575544595718384,,,,,,,,,,,,,,
313,0.059423062950372696,0.059423062950372696,0.9606837630271912,,,,,,,,,,,,,,
314,0.058352600783109665,0.058352600783109665,0.9588891267776489,,,,,,,,,,,,,,
315,0.058849822729825974,0.058849822729825974,0.9573652744293213,,,,,,,,,,,,,,
316,0.060073401778936386,0.060073401778936386,0.9593393802642822,,,,,,,,,,,,,,
317,0.06242252141237259,0.06242252141237259,0.9535961747169495,,,,,,,,,,,,,,
318,0.06157844513654709,0.06157844513654709,0.9522317051887512,,,,,,,,,,,,,,
319,0.06310216337442398,0.06310216337442398,0.9501563906669617,,,,,,,,,,,,,,
320,0.06034684553742409,0.06034684553742409,0.9533430337905884,0.783622682094574,0.783622682094574,0.21637731790542603,8.740656852722168,0.0,0.9142321944236755,3.991593360900879,-0.0,1.405094861984253,0.7794615030288696,0.019827590878518438,0.7794615030288696,0.5480673909187317,0.025018036365509033
321,0.058258578181266785,0.058258578181266785,0.9552543759346008,,,,,,,,,,,,,,
322,0.059033386409282684,0.059033386409282684,0.9521859884262085,,,,,,,,,,,,,,
323,0.059180643409490585,0.059180643409490585,0.9515092372894287,,,,,,,,,,,,,,
324,0.06063494086265564,0.06063494086265564,0.9564080834388733,,,,,,,,,,,,,,
325,0.05893551558256149,0.05893551558256149,0.9510615468025208,,,,,,,,,,,,,,
326,0.056579045951366425,0.056579045951366425,0.9535743594169617,,,,,,,,,,,,,,
327,0.05917825922369957,0.05917825922369957,0.9552034735679626,,,,,,,,,,,,,,
328,0.056291595101356506,0.056291595101356506,0.9570903778076172,,,,,,,,,,,,,,
329,0.05633876100182533,0.05633876100182533,0.9553840160369873,,,,,,,,,,,,,,
330,0.057685136795043945,0.057685136795043945,0.9534958004951477,0.7844339609146118,0.7844339609146118,0.21556603908538818,8.911542892456055,0.0,0.9133672714233398,3.9940128326416016,-0.0,1.3689244985580444,0.779089093208313,0.019699659819140347,0.779089093208313,0.5479418635368347,0.024507738649845123
331,0.05746064335107803,0.05746064335107803,0.953169047832489,,,,,,,,,,,,,,
332,0.05668439716100693,0.05668439716100693,0.9513615369796753,,,,,,,,,,,,,,
333,0.05767888203263283,0.05767888203263283,0.9554473161697388,,,,,,,,,,,,,,
334,0.05674462020397186,0.05674462020397186,0.9553729295730591,,,,,,,,,,,,,,
335,0.05718763917684555,0.05718763917684555,0.9552327394485474,,,,,,,,,,,,,,
336,0.056433338671922684,0.056433338671922684,0.9506666660308838,,,,,,,,,,,,,,
337,0.05438049137592316,0.05438049137592316,0.9523649215698242,,,,,,,,,,,,,,
338,0.05926157534122467,0.05926157534122467,0.9527618288993835,,,,,,,,,,,,,,
339,0.05462729558348656,0.05462729558348656,0.9488016366958618,,,,,,,,,,,,,,
340,0.05521750822663307,0.05521750822663307,0.9547092318534851,0.784611165523529,0.784611165523529,0.21538883447647095,8.819171905517578,0.0,0.9139919281005859,3.993382453918457,-0.0,1.3831244707107544,0.7793222069740295,0.019304061076696136,0.7793222069740295,0.5465978980064392,0.02382306009531021
341,0.056481584906578064,0.056481584906578064,0.9522519111633301,,,,,,,,,,,,,,
342,0.05761725455522537,0.05761725455522537,0.9529019594192505,,,,,,,,,,,,,,
343,0.05655869096517563,0.05655869096517563,0.945464551448822,,,,,,,,,,,,,,
344,0.056617528200149536,0.056617528200149536,0.9454258680343628,,,,,,,,,,,,,,
345,0.055328596383333206,0.055328596383333206,0.9513391256332397,,,,,,,,,,,,,,
346,0.057021208107471466,0.057021208107471466,0.9467456340789795,,,,,,,,,,,,,,
347,0.06188517063856125,0.06188517063856125,0.9465674161911011,,,,,,,,,,,,,,
348,0.05561908334493637,0.05561908334493637,0.946532130241394,,,,,,,,,,,,,,
349,0.05623024329543114,0.05623024329543114,0.9503596425056458,,,,,,,,,,,,,,
350,0.05401961877942085,0.05401961877942085,0.9526649713516235,0.7819535136222839,0.7819535136222839,0.21804648637771606,8.797840118408203,0.0,0.9207668900489807,3.9876885414123535,-0.0,1.426424264907837,0.7788810133934021,0.018929563248761452,0.7788810729980469,0.5468895435333252,0.02300216071307659
351,0.0554044172167778,0.0554044172167778,0.9506517648696899,,,,,,,,,,,,,,
352,0.05448358133435249,0.05448358133435249,0.9537697434425354,,,,,,,,,,,,,,
353,0.05418406054377556,0.05418406054377556,0.9522488117218018,,,,,,,,,,,,,,
354,0.0557454377412796,0.0557454377412796,0.9491400122642517,,,,,,,,,,,,,,
355,0.05762144923210144,0.05762144923210144,0.9502297043800354,,,,,,,,,,,,,,
356,0.059162724763154984,0.059162724763154984,0.9472878575325012,,,,,,,,,,,,,,
357,0.05477353185415268,0.05477353185415268,0.9478502869606018,,,,,,,,,,,,,,
358,0.055316608399152756,0.055316608399152756,0.9468612670898438,,,,,,,,,,,,,,
359,0.052978307008743286,0.052978307008743286,0.9481045603752136,,,,,,,,,,,,,,
360,0.05419550836086273,0.05419550836086273,0.9482210278511047,0.7831146717071533,0.7831146717071533,0.21688532829284668,8.880867958068848,0.0,0.922160267829895,3.9836435317993164,-0.0,1.3328750133514404,0.7791510820388794,0.018245359673768124,0.7791510820388794,0.5468404293060303,0.02237207069993019
361,0.05344228073954582,0.05344228073954582,0.9486912488937378,,,,,,,,,,,,,,
362,0.052567772567272186,0.052567772567272186,0.9492918848991394,,,,,,,,,,,,,,
363,0.05281192436814308,0.05281192436814308,0.9455747008323669,,,,,,,,,,,,,,
364,0.053275857120752335,0.053275857120752335,0.9472781419754028,,,,,,,,,,,,,,
365,0.0544411800801754,0.0544411800801754,0.9460863471031189,,,,,,,,,,,,,,
366,0.05122663080692291,0.05122663080692291,0.9475199580192566,,,,,,,,,,,,,,
367,0.05257236585021019,0.05257236585021019,0.9479494094848633,,,,,,,,,,,,,,
368,0.05494198575615883,0.05494198575615883,0.9507408738136292,,,,,,,,,,,,,,
369,0.054173897951841354,0.054173897951841354,0.9480890035629272,,,,,,,,,,,,,,
370,0.04964138939976692,0.04964138939976692,0.9470015168190002,0.782118022441864,0.782118022441864,0.217881977558136,8.815173149108887,0.0,0.922112226486206,3.991715431213379,-0.0,1.3902164697647095,0.7791664600372314,0.017966382369410647,0.7791664600372314,0.5456345081329346,0.021703306585550308
371,0.05086148902773857,0.05086148902773857,0.9462871551513672,,,,,,,,,,,,,,
372,0.0517612062394619,0.0517612062394619,0.9476551413536072,,,,,,,,,,,,,,
373,0.05351873114705086,0.05351873114705086,0.9449366927146912,,,,,,,,,,,,,,
374,0.05118397995829582,0.05118397995829582,0.9426023960113525,,,,,,,,,,,,,,
375,0.04970899969339371,0.04970899969339371,0.9466765522956848,,,,,,,,,,,,,,
376,0.050787556916475296,0.050787556916475296,0.9450078010559082,,,,,,,,,,,,,,
377,0.04959338158369064,0.04959338158369064,0.9503299593925476,,,,,,,,,,,,,,
378,0.052533164620399475,0.052533164620399475,0.9468206167221069,,,,,,,,,,,,,,
379,0.051931604743003845,0.051931604743003845,0.9443809390068054,,,,,,,,,,,,,,
380,0.051254674792289734,0.051254674792289734,0.9439939260482788,0.7823855876922607,0.7823855876922607,0.21761441230773926,8.837066650390625,0.0,0.924370527267456,3.9853885173797607,-0.0,1.399902105331421,0.7788288593292236,0.01761315987723884,0.7788288593292236,0.5453091859817505,0.021118324249982834
381,0.047818623483181,0.047818623483181,0.9441248178482056,,,,,,,,,,,,,,
382,0.05142783001065254,0.05142783001065254,0.9460267424583435,,,,,,,,,,,,,,
383,0.053691159933805466,0.053691159933805466,0.9448392987251282,,,,,,,,,,,,,,
384,0.050457000732421875,0.050457000732421875,0.9435296654701233,,,,,,,,,,,,,,
385,0.05078147351741791,0.05078147351741791,0.9462463855743408,,,,,,,,,,,,,,
386,0.050107430666685104,0.050107430666685104,0.944279134273529,,,,,,,,,,,,,,
387,0.051679156720638275,0.051679156720638275,0.9474437832832336,,,,,,,,,,,,,,
388,0.05198344215750694,0.05198344215750694,0.9424231648445129,,,,,,,,,,,,,,
389,0.049319230020046234,0.049319230020046234,0.9435851573944092,,,,,,,,,,,,,,
390,0.04726042598485947,0.04726042598485947,0.9444006681442261,0.7840932011604309,0.7840932011604309,0.2159067988395691,8.798980712890625,0.0,0.9248990416526794,3.9849367141723633,-0.0,1.3936309814453125,0.7792370319366455,0.01741001323835831,0.7792370915412903,0.5459209680557251,0.020527269691228867
391,0.04875665530562401,0.04875665530562401,0.947616696357727,,,,,,,,,,,,,,
392,0.049500565975904465,0.049500565975904465,0.9443145990371704,,,,,,,,,,,,,,
393,0.05040736496448517,0.05040736496448517,0.9437341094017029,,,,,,,,,,,,,,
394,0.05072193592786789,0.05072193592786789,0.9466975331306458,,,,,,,,,,,,,,
395,0.04859413951635361,0.04859413951635361,0.9482844471931458,,,,,,,,,,,,,,
396,0.05142354592680931,0.05142354592680931,0.942842423915863,,,,,,,,,,,,,,
397,0.047600116580724716,0.047600116580724716,0.945730447769165,,,,,,,,,,,,,,
398,0.05172857269644737,0.05172857269644737,0.9445360898971558,,,,,,,,,,,,,,
399,0.04673675447702408,0.04673675447702408,0.9396800398826599,,,,,,,,,,,,,,
400,0.0492904968559742,0.0492904968559742,0.9405738115310669,0.7841042876243591,0.7841042876243591,0.21589571237564087,8.857321739196777,0.0,0.9225447177886963,3.988783359527588,-0.0,1.3789981603622437,0.7791075706481934,0.016621521746889054,0.7791075706481934,0.5410008430480957,0.020289160311222076
401,0.048815902322530746,0.048815902322530746,0.939821183681488,,,,,,,,,,,,,,
402,0.04889782518148422,0.04889782518148422,0.9373199343681335,,,,,,,,,,,,,,
403,0.047339316457509995,0.047339316457509995,0.9404616951942444,,,,,,,,,,,,,,
404,0.04864751175045967,0.04864751175045967,0.9425525069236755,,,,,,,,,,,,,,
405,0.04789455607533455,0.04789455607533455,0.9402215480804443,,,,,,,,,,,,,,
406,0.04823683574795723,0.04823683574795723,0.93914794921875,,,,,,,,,,,,,,
407,0.049004558473825455,0.049004558473825455,0.9411789774894714,,,,,,,,,,,,,,
408,0.049323853105306625,0.049323853105306625,0.9416738748550415,,,,,,,,,,,,,,
409,0.047688860446214676,0.047688860446214676,0.9380868077278137,,,,,,,,,,,,,,
410,0.0487041175365448,0.0487041175365448,0.9408767819404602,0.784474790096283,0.784474790096283,0.21552520990371704,8.866866111755371,0.0,0.9234095811843872,3.9870662689208984,-0.0,1.3938450813293457,0.7792854309082031,0.016703203092851022,0.7792854309082031,0.5420514941215515,0.019865667447447777
411,0.048051778227090836,0.048051778227090836,0.9421727657318115,,,,,,,,,,,,,,
412,0.047531288117170334,0.047531288117170334,0.9430510401725769,,,,,,,,,,,,,,
413,0.047105658799409866,0.047105658799409866,0.9422680735588074,,,,,,,,,,,,,,
414,0.04861444607377052,0.04861444607377052,0.9442539215087891,,,,,,,,,,,,,,
415,0.04744669795036316,0.04744669795036316,0.9382485747337341,,,,,,,,,,,,,,
416,0.048342376947402954,0.048342376947402954,0.9384375214576721,,,,,,,,,,,,,,
417,0.04698554053902626,0.04698554053902626,0.9427527189254761,,,,,,,,,,,,,,
418,0.0484771728515625,0.0484771728515625,0.9384533762931824,,,,,,,,,,,,,,
419,0.04923704266548157,0.04923704266548157,0.9411081075668335,,,,,,,,,,,,,,
420,0.05028576776385307,0.05028576776385307,0.933411717414856,0.7814616560935974,0.7814616560935974,0.2185383439064026,8.965209007263184,0.0,0.919853925704956,3.984706401824951,-0.0,1.3207179307937622,0.7787973880767822,0.016186286864617355,0.7787973880767822,0.5438411235809326,0.019197355955839157
421,0.04691457375884056,0.04691457375884056,0.9383105039596558,,,,,,,,,,,,,,
422,0.045183584094047546,0.045183584094047546,0.9377662539482117,,,,,,,,,,,,,,
423,0.04832743480801582,0.04832743480801582,0.940451979637146,,,,,,,,,,,,,,
424,0.04650943726301193,0.04650943726301193,0.9423884153366089,,,,,,,,,,,,,,
425,0.046483684331178665,0.046483684331178665,0.9425870180130005,,,,,,,,,,,,,,
426,0.04711989685893059,0.04711989685893059,0.939704418182373,,,,,,,,,,,,,,
427,0.0467599593102932,0.0467599593102932,0.9393818378448486,,,,,,,,,,,,,,
428,0.04647824913263321,0.04647824913263321,0.9412864446640015,,,,,,,,,,,,,,
429,0.04589685797691345,0.04589685797691345,0.9403671026229858,,,,,,,,,,,,,,
430,0.045593101531267166,0.045593101531267166,0.9388289451599121,0.7845458388328552,0.7845458388328552,0.21545416116714478,8.647377967834473,0.0,0.925187349319458,3.98016357421875,-0.0,1.4466569423675537,0.7794082760810852,0.016041567639615423,0.7794082760810852,0.5398410558700562,0.01905500516295433
431,0.04755821451544762,0.04755821451544762,0.9371830224990845,,,,,,,,,,,,,,
432,0.04461869224905968,0.04461869224905968,0.9345787167549133,,,,,,,,,,,,,,
433,0.04555290937423706,0.04555290937423706,0.9347620010375977,,,,,,,,,,,,,,
434,0.04679084196686745,0.04679084196686745,0.9402247071266174,,,,,,,,,,,,,,
435,0.04563189670443535,0.04563189670443535,0.9334205985069275,,,,,,,,,,,,,,
436,0.046594854444265366,0.046594854444265366,0.9374798536300659,,,,,,,,,,,,,,
437,0.04503268003463745,0.04503268003463745,0.9370539784431458,,,,,,,,,,,,,,
438,0.045413970947265625,0.045413970947265625,0.9368902444839478,,,,,,,,,,,,,,
439,0.042940426617860794,0.042940426617860794,0.940704345703125,,,,,,,,,,,,,,
440,0.04437418654561043,0.04437418654561043,0.9394763112068176,0.783661425113678,0.783661425113678,0.21633857488632202,8.922252655029297,0.0,0.9215356111526489,3.9864768981933594,-0.0,1.314321517944336,0.7789027094841003,0.016085844088053608,0.7789027094841003,0.5433006882667542,0.018269119784235954
441,0.04705102741718292,0.04705102741718292,0.9415223002433777,,,,,,,,,,,,,,
442,0.04517581686377525,0.04517581686377525,0.942357063293457,,,,,,,,,,,,,,
443,0.043477896600961685,0.043477896600961685,0.9386084675788879,,,,,,,,,,,,,,
444,0.044564735144376755,0.044564735144376755,0.9409883618354797,,,,,,,,,,,,,,
445,0.04701559990644455,0.04701559990644455,0.9398550391197205,,,,,,,,,,,,,,
446,0.04447188228368759,0.04447188228368759,0.9406766891479492,,,,,,,,,,,,,,
447,0.04828891530632973,0.04828891530632973,0.9357538223266602,,,,,,,,,,,,,,
448,0.04534631222486496,0.04534631222486496,0.9363725185394287,,,,,,,,,,,,,,
449,0.04457039758563042,0.04457039758563042,0.9344739317893982,,,,,,,,,,,,,,
450,0.04246446117758751,0.04246446117758751,0.936378002166748,0.7852350473403931,0.7852350473403931,0.21476495265960693,8.78367805480957,0.0,0.9277339577674866,3.9800000190734863,-0.0,1.3358280658721924,0.7795256972312927,0.014940921468586471,0.779525637626648,0.5399615168571472,0.01775471307337284
451,0.04389228671789169,0.04389228671789169,0.9322060942649841,,,,,,,,,,,,,,
452,0.04243820905685425,0.04243820905685425,0.9374213814735413,,,,,,,,,,,,,,
453,0.04519030824303627,0.04519030824303627,0.9328701496124268,,,,,,,,,,,,,,
454,0.0446133129298687,0.0446133129298687,0.9343379139900208,,,,,,,,,,,,,,
455,0.0441194511950016,0.0441194511950016,0.9344476461410522,,,,,,,,,,,,,,
456,0.04462951049208641,0.04462951049208641,0.9331449866294861,,,,,,,,,,,,,,
457,0.04425325617194176,0.04425325617194176,0.9344558119773865,,,,,,,,,,,,,,
458,0.04254710674285889,0.04254710674285889,0.9336205124855042,,,,,,,,,,,,,,
459,0.042406998574733734,0.042406998574733734,0.9372289180755615,,,,,,,,,,,,,,
460,0.04200833663344383,0.04200833663344383,0.9348312020301819,0.7842109203338623,0.7842109203338623,0.2157890796661377,8.822956085205078,0.0,0.9304727911949158,3.975358724594116,-0.0,1.4062646627426147,0.778947651386261,0.01532761670719416,0.7789477109909058,0.5403779149055481,0.01747216284275055
461,0.04553087055683136,0.04553087055683136,0.9342074990272522,,,,,,,,,,,,,,
462,0.04229108989238739,0.04229108989238739,0.9371652007102966,,,,,,,,,,,,,,
463,0.0436001755297184,0.0436001755297184,0.9357050657272339,,,,,,,,,,,,,,
464,0.042466044425964355,0.042466044425964355,0.9346801042556763,,,,,,,,,,,,,,
465,0.04534386470913887,0.04534386470913887,0.9359294176101685,,,,,,,,,,,,,,
466,0.04114102944731712,0.04114102944731712,0.9376640915870667,,,,,,,,,,,,,,
467,0.042333152145147324,0.042333152145147324,0.9332510232925415,,,,,,,,,,,,,,
468,0.04395463690161705,0.04395463690161705,0.9355310797691345,,,,,,,,,,,,,,
469,0.045802243053913116,0.045802243053913116,0.9339425563812256,,,,,,,,,,,,,,
470,0.04297830909490585,0.04297830909490585,0.9329880475997925,0.7843470573425293,0.7843470573425293,0.2156529426574707,8.898663520812988,0.0,0.9240822792053223,3.97921085357666,-0.0,1.3012534379959106,0.7790746688842773,0.015053502834680182,0.7790746688842773,0.5406153798103333,0.016798218712210655
471,0.04244331642985344,0.04244331642985344,0.9380348920822144,,,,,,,,,,,,,,
472,0.04144130274653435,0.04144130274653435,0.939647376537323,,,,,,,,,,,,,,
473,0.04289110004901886,0.04289110004901886,0.9361532926559448,,,,,,,,,,,,,,
474,0.04049869626760483,0.04049869626760483,0.9320333003997803,,,,,,,,,,,,,,
475,0.044157858937978745,0.044157858937978745,0.9324261546134949,,,,,,,,,,,,,,
476,0.042836274951696396,0.042836274951696396,0.9334558248519897,,,,,,,,,,,,,,
477,0.040666770190000534,0.040666770190000534,0.9330478310585022,,,,,,,,,,,,,,
478,0.03977920860052109,0.03977920860052109,0.9329854249954224,,,,,,,,,,,,,,
479,0.04320358857512474,0.04320358857512474,0.9336510300636292,,,,,,,,,,,,,,
480,0.041796937584877014,0.041796937584877014,0.9333905577659607,0.7831676006317139,0.7831676006317139,0.21683239936828613,8.951312065124512,0.0,0.930424690246582,3.9739465713500977,-0.0,1.3494584560394287,0.7787660956382751,0.014455027526282072,0.7787660956382751,0.5399222373962402,0.01660066470503807
481,0.04153044521808624,0.04153044521808624,0.933465838432312,,,,,,,,,,,,,,
482,0.0419287234544754,0.0419287234544754,0.9307218194007874,,,,,,,,,,,,,,
483,0.04236043244600296,0.04236043244600296,0.9344122409820557,,,,,,,,,,,,,,
484,0.04138326644897461,0.04138326644897461,0.9357434511184692,,,,,,,,,,,,,,
485,0.039692312479019165,0.039692312479019165,0.9364892840385437,,,,,,,,,,,,,,
486,0.04044291377067566,0.04044291377067566,0.9349592328071594,,,,,,,,,,,,,,
487,0.044034700840711594,0.044034700840711594,0.9305207133293152,,,,,,,,,,,,,,
488,0.04022648185491562,0.04022648185491562,0.9330845475196838,,,,,,,,,,,,,,
489,0.03998300060629845,0.03998300060629845,0.9336482882499695,,,,,,,,,,,,,,
490,0.04029224440455437,0.04029224440455437,0.933116614818573,0.7837684750556946,0.7837684750556946,0.21623152494430542,8.850273132324219,0.0,0.9296078681945801,3.9755985736846924,-0.0,1.3783738613128662,0.7791185975074768,0.01411385676053955,0.7791185975074768,0.5383706092834473,0.016014788299798965
491,0.03945828601717949,0.03945828601717949,0.9334677457809448,,,,,,,,,,,,,,
492,0.03899248689413071,0.03899248689413071,0.9330536127090454,,,,,,,,,,,,,,
493,0.041952650994062424,0.041952650994062424,0.9303492307662964,,,,,,,,,,,,,,
494,0.041125595569610596,0.041125595569610596,0.932370126247406,,,,,,,,,,,,,,
495,0.0392242893576622,0.0392242893576622,0.9336883425712585,,,,,,,,,,,,,,
496,0.04124348983168602,0.04124348983168602,0.9344203472137451,,,,,,,,,,,,,,
497,0.040828585624694824,0.040828585624694824,0.9306867122650146,,,,,,,,,,,,,,
498,0.04002358764410019,0.04002358764410019,0.92943274974823,,,,,,,,,,,,,,
499,0.039570052176713943,0.039570052176713943,0.9331108927726746,,,,,,,,,,,,,,
500,0.04097149148583412,0.04097149148583412,0.93278968334198,0.7839993238449097,0.7839993238449097,0.21600067615509033,8.989656448364258,0.0,0.9284066557884216,3.9755377769470215,-0.0,1.3175475597381592,0.7789695858955383,0.014225788979573627,0.7789696455001831,0.5396471619606018,0.015655402094125748
501,0.039795052260160446,0.039795052260160446,0.9340466856956482,,,,,,,,,,,,,,
502,0.04073038324713707,0.04073038324713707,0.9298136234283447,,,,,,,,,,,,,,
503,0.04058756306767464,0.04058756306767464,0.931672990322113,,,,,,,,,,,,,,
504,0.040284883230924606,0.040284883230924606,0.9309228658676147,,,,,,,,,,,,,,
505,0.039168331772089005,0.039168331772089005,0.9281799793243408,,,,,,,,,,,,,,
506,0.03885461017489433,0.03885461017489433,0.9294872283935547,,,,,,,,,,,,,,
507,0.03940030559897423,0.03940030559897423,0.9315110445022583,,,,,,,,,,,,,,
508,0.03996042534708977,0.03996042534708977,0.9270768761634827,,,,,,,,,,,,,,
509,0.04101591557264328,0.04101591557264328,0.9332448840141296,,,,,,,,,,,,,,
510,0.03800705447793007,0.03800705447793007,0.9295951724052429,0.7863390445709229,0.7863390445709229,0.21366095542907715,8.770808219909668,0.0,0.9275898337364197,3.977905035018921,-0.0,1.3256498575210571,0.778988778591156,0.013742216995591234,0.778988778591156,0.5374372601509094,0.01538692507892847
511,0.03900575637817383,0.03900575637817383,0.9315144419670105,,,,,,,,,,,,,,
512,0.03928854689002037,0.03928854689002037,0.9328802227973938,,,,,,,,,,,,,,
513,0.0413086861371994,0.0413086861371994,0.9298869371414185,,,,,,,,,,,,,,
514,0.04028622806072235,0.04028622806072235,0.9316123127937317,,,,,,,,,,,,,,
515,0.038444750010967255,0.038444750010967255,0.9296614527702332,,,,,,,,,,,,,,
516,0.03751243278384209,0.03751243278384209,0.9263970255851746,,,,,,,,,,,,,,
517,0.03798379749059677,0.03798379749059677,0.9286981225013733,,,,,,,,,,,,,,
518,0.040112391114234924,0.040112391114234924,0.9308618307113647,,,,,,,,,,,,,,
519,0.04248407855629921,0.04248407855629921,0.9351276159286499,,,,,,,,,,,,,,
520,0.04275240749120712,0.04275240749120712,0.9312732219696045,0.7801604866981506,0.7801604866981506,0.21983951330184937,8.768460273742676,0.0,0.9273015260696411,3.9733216762542725,-0.0,1.419996738433838,0.7787972688674927,0.014018852177071495,0.7787972688674927,0.538826584815979,0.014894124120473862
521,0.03782626613974571,0.03782626613974571,0.9308367371559143,,,,,,,,,,,,,,
522,0.0382298082113266,0.0382298082113266,0.9305367469787598,,,,,,,,,,,,,,
523,0.03965247794985771,0.03965247794985771,0.9333863854408264,,,,,,,,,,,,,,
524,0.03768090531229973,0.03768090531229973,0.9281041622161865,,,,,,,,,,,,,,
525,0.037532396614551544,0.037532396614551544,0.9300487637519836,,,,,,,,,,,,,,
526,0.03832303732633591,0.03832303732633591,0.9281980991363525,,,,,,,,,,,,,,
527,0.039288148283958435,0.039288148283958435,0.9254882335662842,,,,,,,,,,,,,,
528,0.038154397159814835,0.038154397159814835,0.9292145371437073,,,,,,,,,,,,,,
529,0.038063451647758484,0.038063451647758484,0.9281061291694641,,,,,,,,,,,,,,
530,0.03771473839879036,0.03771473839879036,0.9314433336257935,0.7832551002502441,0.7832551002502441,0.21674489974975586,8.814225196838379,0.0,0.9285988807678223,3.970745325088501,-0.0,1.3927726745605469,0.7789920568466187,0.01344760123122846,0.7789920568466187,0.5371360182762146,0.01458551175892353
531,0.038641687482595444,0.038641687482595444,0.9289913773536682,,,,,,,,,,,,,,
532,0.03862270712852478,0.03862270712852478,0.9260730743408203,,,,,,,,,,,,,,
533,0.03804121911525726,0.03804121911525726,0.9305331110954285,,,,,,,,,,,,,,
534,0.03755864500999451,0.03755864500999451,0.9316626787185669,,,,,,,,,,,,,,
535,0.03700822964310646,0.03700822964310646,0.9306223392486572,,,,,,,,,,,,,,
536,0.03657011687755585,0.03657011687755585,0.9292400479316711,,,,,,,,,,,,,,
537,0.03711528331041336,0.03711528331041336,0.9275786280632019,,,,,,,,,,,,,,
538,0.03562379628419876,0.03562379628419876,0.9267188906669617,,,,,,,,,,,,,,
539,0.038699910044670105,0.038699910044670105,0.931425929069519,,,,,,,,,,,,,,
540,0.03644559904932976,0.03644559904932976,0.92548006772995,0.7841284275054932,0.7841284275054932,0.21587157249450684,8.769689559936523,0.0,0.9310494661331177,3.970506191253662,-0.0,1.3391584157943726,0.7791715860366821,0.012882149523046036,0.7791715860366821,0.5363858938217163,0.014243608340620995
541,0.035494379699230194,0.035494379699230194,0.9283140301704407,,,,,,,,,,,,,,
542,0.03658902645111084,0.03658902645111084,0.9249828457832336,,,,,,,,,,,,,,
543,0.037571486085653305,0.037571486085653305,0.9271482825279236,,,,,,,,,,,,,,
544,0.03697500750422478,0.03697500750422478,0.9255298376083374,,,,,,,,,,,,,,
545,0.037771664559841156,0.037771664559841156,0.9271908402442932,,,,,,,,,,,,,,
546,0.0363101102411747,0.0363101102411747,0.9295791983604431,,,,,,,,,,,,,,
547,0.035277366638183594,0.035277366638183594,0.9276695847511292,,,,,,,,,,,,,,
548,0.03860611096024513,0.03860611096024513,0.9262483716011047,,,,,,,,,,,,,,
549,0.03660278767347336,0.03660278767347336,0.9281265735626221,,,,,,,,,,,,,,
550,0.03856518864631653,0.03856518864631653,0.9261226058006287,0.7846361398696899,0.7846361398696899,0.21536386013031006,8.861717224121094,0.0,0.9347492456436157,3.971850872039795,-0.0,1.3226920366287231,0.7788402438163757,0.012880141869940973,0.7788403034210205,0.5379624366760254,0.013841083273291588
551,0.03750185668468475,0.03750185668468475,0.9255450963973999,,,,,,,,,,,,,,
552,0.035719145089387894,0.035719145089387894,0.9246881604194641,,,,,,,,,,,,,,
553,0.03613842651247978,0.03613842651247978,0.924898624420166,,,,,,,,,,,,,,
554,0.03629839047789574,0.03629839047789574,0.9266092777252197,,,,,,,,,,,,,,
555,0.036657076328992844,0.036657076328992844,0.925629734992981,,,,,,,,,,,,,,
556,0.035581085830926895,0.035581085830926895,0.931726336479187,,,,,,,,,,,,,,
557,0.038035012781620026,0.038035012781620026,0.9300183057785034,,,,,,,,,,,,,,
558,0.03650525212287903,0.03650525212287903,0.9339950680732727,,,,,,,,,,,,,,
559,0.03729166463017464,0.03729166463017464,0.9304699897766113,,,,,,,,,,,,,,
560,0.037705883383750916,0.037705883383750916,0.9285187721252441,0.7818117141723633,0.7818117141723633,0.21818828582763672,8.786169052124023,0.0,0.9336920976638794,3.971243143081665,-0.0,1.353437900543213,0.7788475751876831,0.012954061861623347,0.7788475751876831,0.5364940762519836,0.013633793219923973
561,0.036809686571359634,0.036809686571359634,0.9235551357269287,,,,,,,,,,,,,,
562,0.03519626706838608,0.03519626706838608,0.9287298321723938,,,,,,,,,,,,,,
563,0.03741246834397316,0.03741246834397316,0.9232237339019775,,,,,,,,,,,,,,
564,0.03581925854086876,0.03581925854086876,0.9234906435012817,,,,,,,,,,,,,,
565,0.03667036071419716,0.03667036071419716,0.922444224357605,,,,,,,,,,,,,,
566,0.03820052742958069,0.03820052742958069,0.9233381152153015,,,,,,,,,,,,,,
567,0.037657033652067184,0.037657033652067184,0.921482503414154,,,,,,,,,,,,,,
568,0.03593061491847038,0.03593061491847038,0.9244004487991333,,,,,,,,,,,,,,
569,0.03692227229475975,0.03692227229475975,0.9242384433746338,,,,,,,,,,,,,,
570,0.03753757104277611,0.03753757104277611,0.928787112236023,0.7848017811775208,0.7848017811775208,0.21519821882247925,8.888811111450195,0.0,0.9434460997581482,3.9608843326568604,-0.0,1.3673712015151978,0.7787573933601379,0.013024574387478621,0.7787573933601379,0.5364325046539307,0.013644928112626076
571,0.03624189272522926,0.03624189272522926,0.929719090461731,,,,,,,,,,,,,,
572,0.03527039662003517,0.03527039662003517,0.9281395077705383,,,,,,,,,,,,,,
573,0.0351349376142025,0.0351349376142025,0.9300708770751953,,,,,,,,,,,,,,
574,0.034429870545864105,0.034429870545864105,0.9294546842575073,,,,,,,,,,,,,,
575,0.03465534746646881,0.03465534746646881,0.9260625243186951,,,,,,,,,,,,,,
576,0.03629864379763603,0.03629864379763603,0.9236434698104858,,,,,,,,,,,,,,
577,0.035666145384311676,0.035666145384311676,0.927843451499939,,,,,,,,,,,,,,
578,0.0335724875330925,0.0335724875330925,0.9271613359451294,,,,,,,,,,,,,,
579,0.03581644594669342,0.03581644594669342,0.9213217496871948,,,,,,,,,,,,,,
580,0.03469310328364372,0.03469310328364372,0.923160970211029,0.7832676768302917,0.7832676768302917,0.21673232316970825,8.827834129333496,0.0,0.9413799047470093,3.9674251079559326,-0.0,1.310876488685608,0.7790947556495667,0.012317894051139153,0.7790948152542114,0.5340209603309631,0.013455393724143505
581,0.03412807732820511,0.03412807732820511,0.9274395704269409,,,,,,,,,,,,,,
582,0.034876469522714615,0.034876469522714615,0.9263593554496765,,,,,,,,,,,,,,
583,0.03469330817461014,0.03469330817461014,0.925632894039154,,,,,,,,,,,,,,
584,0.034585945308208466,0.034585945308208466,0.9273145198822021,,,,,,,,,,,,,,
585,0.0353001169860363,0.0353001169860363,0.926149308681488,,,,,,,,,,,,,,
586,0.03600496053695679,0.03600496053695679,0.9266902804374695,,,,,,,,,,,,,,
587,0.03355451300740242,0.03355451300740242,0.9249532222747803,,,,,,,,,,,,,,
588,0.033831026405096054,0.033831026405096054,0.92193603515625,,,,,,,,,,,,,,
589,0.03321732580661774,0.03321732580661774,0.9217167496681213,,,,,,,,,,,,,,
590,0.03730449080467224,0.03730449080467224,0.9270787239074707,0.7839152812957764,0.7839152812957764,0.21608471870422363,8.896459579467773,0.0,0.9376802444458008,3.9655022621154785,-0.0,1.3681339025497437,0.7789757251739502,0.012132137318072464,0.778975784778595,0.5363606810569763,0.012796676717698574
591,0.034089379012584686,0.034089379012584686,0.9269817471504211,,,,,,,,,,,,,,
592,0.03324044123291969,0.03324044123291969,0.9254652857780457,,,,,,,,,,,,,,
593,0.03501339629292488,0.03501339629292488,0.9248711466789246,,,,,,,,,,,,,,
594,0.03553478792309761,0.03553478792309761,0.9265874624252319,,,,,,,,,,,,,,
595,0.034123800694942474,0.034123800694942474,0.9219009876251221,,,,,,,,,,,,,,
596,0.035170357674360275,0.035170357674360275,0.9272702932357788,,,,,,,,,,,,,,
597,0.03392527997493744,0.03392527997493744,0.9231425523757935,,,,,,,,,,,,,,
598,0.035219259560108185,0.035219259560108185,0.9256371855735779,,,,,,,,,,,,,,
599,0.03504021093249321,0.03504021093249321,0.9201613664627075,,,,,,,,,,,,,,
600,0.03215496242046356,0.03215496242046356,0.9262744188308716,0.7837094068527222,0.7837094068527222,0.21629059314727783,8.860554695129395,0.0,0.9428214430809021,3.9606943130493164,-0.0,1.3164066076278687,0.7791731953620911,0.012119986924699575,0.7791731953620911,0.5354216694831848,0.012400944717228413
601,0.03467439487576485,0.03467439487576485,0.924858033657074,,,,,,,,,,,,,,
602,0.03554733842611313,0.03554733842611313,0.9227943420410156,,,,,,,,,,,,,,
603,0.03595595434308052,0.03595595434308052,0.9227363467216492,,,,,,,,,,,,,,
604,0.03339575231075287,0.03339575231075287,0.9269497394561768,,,,,,,,,,,,,,
605,0.034094326198101044,0.034094326198101044,0.9208608269691467,,,,,,,,,,,,,,
606,0.03283175826072693,0.03283175826072693,0.9237802028656006,,,,,,,,,,,,,,
607,0.03641754388809204,0.03641754388809204,0.9244819283485413,,,,,,,,,,,,,,
608,0.03381931036710739,0.03381931036710739,0.9257985949516296,,,,,,,,,,,,,,
609,0.03650806471705437,0.03650806471705437,0.924023449420929,,,,,,,,,,,,,,
610,0.034562114626169205,0.034562114626169205,0.9211590886116028,0.780751645565033,0.780751645565033,0.21924835443496704,8.831365585327148,0.0,0.9371997117996216,3.9642796516418457,-0.0,1.3412293195724487,0.7783523201942444,0.01154172876441154,0.7783523201942444,0.5336657762527466,0.012260272167623043
611,0.032695237547159195,0.032695237547159195,0.9217016100883484,,,,,,,,,,,,,,
612,0.03243056684732437,0.03243056684732437,0.9220117330551147,,,,,,,,,,,,,,
613,0.032959163188934326,0.032959163188934326,0.9233461022377014,,,,,,,,,,,,,,
614,0.03112737461924553,0.03112737461924553,0.9218497276306152,,,,,,,,,,,,,,
615,0.033515699207782745,0.033515699207782745,0.9248812794685364,,,,,,,,,,,,,,
616,0.03294872120022774,0.03294872120022774,0.9240108728408813,,,,,,,,,,,,,,
617,0.033158015459775925,0.033158015459775925,0.9219170808792114,,,,,,,,,,,,,,
618,0.03276786580681801,0.03276786580681801,0.9255984425544739,,,,,,,,,,,,,,
619,0.033894650638103485,0.033894650638103485,0.9210891723632812,,,,,,,,,,,,,,
620,0.033482976257801056,0.033482976257801056,0.9200459718704224,0.7817208170890808,0.7817208170890808,0.2182791829109192,8.712246894836426,0.0,0.9399865865707397,3.9696850776672363,-0.0,1.3700110912322998,0.7791429162025452,0.011606743442016745,0.7791429162025452,0.5336604118347168,0.012198579497635365
621,0.03480061516165733,0.03480061516165733,0.9236949682235718,,,,,,,,,,,,,,
622,0.03201630711555481,0.03201630711555481,0.9212659597396851,,,,,,,,,,,,,,
623,0.03193995729088783,0.03193995729088783,0.922761082649231,,,,,,,,,,,,,,
624,0.032569415867328644,0.032569415867328644,0.9246930480003357,,,,,,,,,,,,,,
625,0.0316588468849659,0.0316588468849659,0.9213969111442566,,,,,,,,,,,,,,
626,0.030719492584466934,0.030719492584466934,0.9224231243133545,,,,,,,,,,,,,,
627,0.030925530940294266,0.030925530940294266,0.9205717444419861,,,,,,,,,,,,,,
628,0.031888317316770554,0.031888317316770554,0.9203166961669922,,,,,,,,,,,,,,
629,0.03220386430621147,0.03220386430621147,0.9203347563743591,,,,,,,,,,,,,,
630,0.03180580586194992,0.03180580586194992,0.9198262095451355,0.7839804887771606,0.7839804887771606,0.21601951122283936,8.823962211608887,0.0,0.9417644143104553,3.9645819664001465,-0.0,1.3537647724151611,0.7790745496749878,0.011413405942984938,0.7790745496749878,0.5342928767204285,0.011566483415663242
631,0.030928881838917732,0.030928881838917732,0.9223242402076721,,,,,,,,,,,,,,
632,0.03251925855875015,0.03251925855875015,0.923527181148529,,,,,,,,,,,,,,
633,0.03126493841409683,0.03126493841409683,0.922574520111084,,,,,,,,,,,,,,
634,0.03181041404604912,0.03181041404604912,0.9229108691215515,,,,,,,,,,,,,,
635,0.03097607009112835,0.03097607009112835,0.9249163269996643,,,,,,,,,,,,,,
636,0.03227350860834122,0.03227350860834122,0.9219567179679871,,,,,,,,,,,,,,
637,0.031671226024627686,0.031671226024627686,0.9228573441505432,,,,,,,,,,,,,,
638,0.03251919150352478,0.03251919150352478,0.9206987619400024,,,,,,,,,,,,,,
639,0.03244390711188316,0.03244390711188316,0.920716404914856,,,,,,,,,,,,,,
640,0.031428396701812744,0.031428396701812744,0.9190178513526917,0.783662736415863,0.783662736415863,0.21633726358413696,8.994462013244629,0.0,0.934749186038971,3.968620777130127,-0.0,1.2859562635421753,0.7787556648254395,0.011083241394045958,0.7787556648254395,0.5340631008148193,0.01146678626537323
641,0.031082719564437866,0.031082719564437866,0.9217960238456726,,,,,,,,,,,,,,
642,0.03209111467003822,0.03209111467003822,0.9226999878883362,,,,,,,,,,,,,,
643,0.03199075534939766,0.03199075534939766,0.9210044741630554,,,,,,,,,,,,,,
644,0.03140688315033913,0.03140688315033913,0.9207839369773865,,,,,,,,,,,,,,
645,0.029511557891964912,0.029511557891964912,0.9204849600791931,,,,,,,,,,,,,,
646,0.03242246061563492,0.03242246061563492,0.9210213422775269,,,,,,,,,,,,,,
647,0.03410143032670021,0.03410143032670021,0.9255833029747009,,,,,,,,,,,,,,
648,0.031396303325891495,0.031396303325891495,0.9245029091835022,,,,,,,,,,,,,,
649,0.03291676193475723,0.03291676193475723,0.922504186630249,,,,,,,,,,,,,,
650,0.029669497162103653,0.029669497162103653,0.9184033274650574,0.7838425040245056,0.7838425040245056,0.21615749597549438,8.95716667175293,0.0,0.9334518313407898,3.9700303077697754,-0.0,1.304427981376648,0.7790073752403259,0.011026422428615025,0.7790074348449707,0.532965362071991,0.011507537215948105
651,0.030295738950371742,0.030295738950371742,0.9198349714279175,,,,,,,,,,,,,,
652,0.031255535781383514,0.031255535781383514,0.9192821979522705,,,,,,,,,,,,,,
653,0.031064610928297043,0.031064610928297043,0.9216455817222595,,,,,,,,,,,,,,
654,0.03031155653297901,0.03031155653297901,0.9163646697998047,,,,,,,,,,,,,,
655,0.03177577629685402,0.03177577629685402,0.9178723692893982,,,,,,,,,,,,,,
656,0.029247991740703583,0.029247991740703583,0.9178035259246826,,,,,,,,,,,,,,
657,0.029693584889173508,0.029693584889173508,0.9204895496368408,,,,,,,,,,,,,,
658,0.030635079368948936,0.030635079368948936,0.9165717363357544,,,,,,,,,,,,,,
659,0.029988227412104607,0.029988227412104607,0.9175986647605896,,,,,,,,,,,,,,
660,0.0330231711268425,0.0330231711268425,0.9154247045516968,0.7823559045791626,0.7823559045791626,0.2176440954208374,8.928282737731934,0.0,0.9432058334350586,3.9600112438201904,-0.0,1.3385975360870361,0.7787391543388367,0.01107286141454252,0.7787391543388367,0.5328032374382019,0.01139057893306017
661,0.03106761910021305,0.03106761910021305,0.9197614192962646,,,,,,,,,,,,,,
662,0.03180980309844017,0.03180980309844017,0.920890212059021,,,,,,,,,,,,,,
663,0.030133385211229324,0.030133385211229324,0.9193774461746216,,,,,,,,,,,,,,
664,0.03260223567485809,0.03260223567485809,0.9218829870223999,,,,,,,,,,,,,,
665,0.030757850036025047,0.030757850036025047,0.9221140146255493,,,,,,,,,,,,,,
666,0.03049730509519577,0.03049730509519577,0.9211738109588623,,,,,,,,,,,,,,
667,0.03144611790776253,0.03144611790776253,0.9220715761184692,,,,,,,,,,,,,,
668,0.029712367802858353,0.029712367802858353,0.9223439693450928,,,,,,,,,,,,,,
669,0.03003043681383133,0.03003043681383133,0.9170762300491333,,,,,,,,,,,,,,
670,0.029520951211452484,0.029520951211452484,0.9188157320022583,0.7809813022613525,0.7809813022613525,0.21901869773864746,8.70077133178711,0.0,0.9449355602264404,3.9573121070861816,-0.0,1.375741958618164,0.778913140296936,0.010541763787929264,0.778913140296936,0.5315185189247131,0.010909244418144226
671,0.03173891454935074,0.03173891454935074,0.9178329110145569,,,,,,,,,,,,,,
672,0.0305470023304224,0.0305470023304224,0.9199467301368713,,,,,,,,,,,,,,
673,0.030274825170636177,0.030274825170636177,0.9180638790130615,,,,,,,,,,,,,,
674,0.03215164318680763,0.03215164318680763,0.9164701104164124,,,,,,,,,,,,,,
675,0.03071405552327633,0.03071405552327633,0.9170921444892883,,,,,,,,,,,,,,
676,0.032226305454969406,0.032226305454969406,0.9185267090797424,,,,,,,,,,,,,,
677,0.031420737504959106,0.031420737504959106,0.9187558889389038,,,,,,,,,,,,,,
678,0.029384322464466095,0.029384322464466095,0.9223910570144653,,,,,,,,,,,,,,
679,0.030024265870451927,0.030024265870451927,0.9191134572029114,,,,,,,,,,,,,,
680,0.030357301235198975,0.030357301235198975,0.9203625917434692,0.782303512096405,0.782303512096405,0.21769648790359497,8.584939956665039,0.0,0.9453680515289307,3.96157169342041,-0.0,1.4602956771850586,0.7790032029151917,0.010551879653632816,0.7790032625198364,0.5311257839202881,0.011037943884730339
681,0.029302718117833138,0.029302718117833138,0.915748119354248,,,,,,,,,,,,,,
682,0.031017638742923737,0.031017638742923737,0.915654182434082,,,,,,,,,,,,,,
683,0.0306986216455698,0.0306986216455698,0.9214521646499634,,,,,,,,,,,,,,
684,0.029528267681598663,0.029528267681598663,0.9211379289627075,,,,,,,,,,,,,,
685,0.02989601157605648,0.02989601157605648,0.9187185168266296,,,,,,,,,,,,,,
686,0.029512660577893257,0.029512660577893257,0.9143015146255493,,,,,,,,,,,,,,
687,0.0296586025506258,0.0296586025506258,0.9197199940681458,,,,,,,,,,,,,,
688,0.02999778836965561,0.02999778836965561,0.9168714284896851,,,,,,,,,,,,,,
689,0.03021765500307083,0.03021765500307083,0.9189826250076294,,,,,,,,,,,,,,
690,0.029763033613562584,0.029763033613562584,0.9190281629562378,0.7829045057296753,0.7829045057296753,0.2170954942703247,8.946426391601562,0.0,0.9453200101852417,3.9579403400421143,-0.0,1.3838305473327637,0.7787956595420837,0.010474457575399377,0.7787956595420837,0.5329170823097229,0.010250560939311981
691,0.02915286459028721,0.02915286459028721,0.9238362908363342,,,,,,,,,,,,,,
692,0.028946852311491966,0.028946852311491966,0.9173241257667542,,,,,,,,,,,,,,
693,0.026812482625246048,0.026812482625246048,0.9182837605476379,,,,,,,,,,,,,,
694,0.028054604306817055,0.028054604306817055,0.9169678688049316,,,,,,,,,,,,,,
695,0.028993919491767883,0.028993919491767883,0.9218383431434631,,,,,,,,,,,,,,
696,0.029721301048994064,0.029721301048994064,0.9192261099815369,,,,,,,,,,,,,,
697,0.028242701664566994,0.028242701664566994,0.9180981516838074,,,,,,,,,,,,,,
698,0.02876405231654644,0.02876405231654644,0.9165500998497009,,,,,,,,,,,,,,
699,0.02821957878768444,0.02821957878768444,0.918420672416687,,,,,,,,,,,,,,
700,0.030360352247953415,0.030360352247953415,0.9190281629562378,0.7826865315437317,0.7826865315437317,0.2173134684562683,8.8468656539917,0.0,0.9360945224761963,3.9635777473449707,-0.0,1.3107658624649048,0.7788756489753723,0.010092161643412296,0.7788756489753723,0.5308036804199219,0.01018502190709114
701,0.028509018942713737,0.028509018942713737,0.9156609773635864,,,,,,,,,,,,,,
702,0.029510414227843285,0.029510414227843285,0.9170847535133362,,,,,,,,,,,,,,
703,0.030083907768130302,0.030083907768130302,0.9149901270866394,,,,,,,,,,,,,,
704,0.0290452241897583,0.0290452241897583,0.9175061583518982,,,,,,,,,,,,,,
705,0.028854936361312866,0.028854936361312866,0.9215505123138428,,,,,,,,,,,,,,
706,0.02807873860001564,0.02807873860001564,0.9172288179397583,,,,,,,,,,,,,,
707,0.029088938608765602,0.029088938608765602,0.915683388710022,,,,,,,,,,,,,,
708,0.02915330044925213,0.02915330044925213,0.9159861207008362,,,,,,,,,,,,,,
709,0.027574442327022552,0.027574442327022552,0.9216392040252686,,,,,,,,,,,,,,
710,0.028689052909612656,0.028689052909612656,0.9184858798980713,0.7819181084632874,0.7819181084632874,0.21808189153671265,8.864302635192871,0.0,0.9503651857376099,3.9534568786621094,-0.0,1.3857465982437134,0.7785598039627075,0.010175372858534246,0.7785598039627075,0.5320550799369812,0.009819692000746727
711,0.031030215322971344,0.031030215322971344,0.9179198145866394,,,,,,,,,,,,,,
712,0.02841383032500744,0.02841383032500744,0.9200676083564758,,,,,,,,,,,,,,
713,0.027570975944399834,0.027570975944399834,0.9185066223144531,,,,,,,,,,,,,,
714,0.02833658829331398,0.02833658829331398,0.9136587381362915,,,,,,,,,,,,,,
715,0.029587440192699432,0.029587440192699432,0.9154691696166992,,,,,,,,,,,,,,
716,0.028189238160848618,0.028189238160848618,0.9138015508651733,,,,,,,,,,,,,,
717,0.028644490987062454,0.028644490987062454,0.9171105027198792,,,,,,,,,,,,,,
718,0.02811892144382,0.02811892144382,0.9148182272911072,,,,,,,,,,,,,,
719,0.02787163108587265,0.02787163108587265,0.9159701466560364,,,,,,,,,,,,,,
720,0.0283888541162014,0.0283888541162014,0.9192491173744202,0.7830743193626404,0.7830743193626404,0.21692568063735962,8.85310173034668,0.0,0.9545454978942871,3.949286460876465,-0.0,1.402620553970337,0.7787078619003296,0.010202271961247188,0.7787078619003296,0.5331055521965027,0.009729399345815182
721,0.027133379131555557,0.027133379131555557,0.9200976490974426,,,,,,,,,,,,,,
722,0.02835470251739025,0.02835470251739025,0.9175340533256531,,,,,,,,,,,,,,
723,0.029898229986429214,0.029898229986429214,0.9186409711837769,,,,,,,,,,,,,,
724,0.026753444224596024,0.026753444224596024,0.9182541966438293,,,,,,,,,,,,,,
725,0.027993958443403244,0.027993958443403244,0.9163569211959839,,,,,,,,,,,,,,
726,0.028916632756590843,0.028916632756590843,0.9167643785476685,,,,,,,,,,,,,,
727,0.03082718513906002,0.03082718513906002,0.9189453125,,,,,,,,,,,,,,
728,0.02718479372560978,0.02718479372560978,0.9150206446647644,,,,,,,,,,,,,,
729,0.0282606091350317,0.0282606091350317,0.9170025587081909,,,,,,,,,,,,,,
730,0.02768651768565178,0.02768651768565178,0.9173974990844727,0.7832274436950684,0.7832274436950684,0.21677255630493164,8.734742164611816,0.0,0.9552661776542664,3.9511778354644775,-0.0,1.429650068283081,0.7788407206535339,0.009885628795008154,0.7788407206535339,0.5312190055847168,0.009615191258490086
731,0.026832478120923042,0.026832478120923042,0.9167762994766235,,,,,,,,,,,,,,
732,0.027104854583740234,0.027104854583740234,0.9154567122459412,,,,,,,,,,,,,,
733,0.02702043578028679,0.02702043578028679,0.9194477796554565,,,,,,,,,,,,,,
734,0.02798343077301979,0.02798343077301979,0.9134182929992676,,,,,,,,,,,,,,
735,0.026338325813412666,0.026338325813412666,0.9135845899581909,,,,,,,,,,,,,,
736,0.026482200250029564,0.026482200250029564,0.9122453331947327,,,,,,,,,,,,,,
737,0.02674899250268936,0.02674899250268936,0.9119965434074402,,,,,,,,,,,,,,
738,0.026859372854232788,0.026859372854232788,0.9144082069396973,,,,,,,,,,,,,,
739,0.027649713680148125,0.027649713680148125,0.9121403098106384,,,,,,,,,,,,,,
740,0.02711307257413864,0.02711307257413864,0.9163883924484253,0.7814297676086426,0.7814297676086426,0.21857023239135742,8.74868106842041,0.0,0.9488756656646729,3.9563188552856445,-0.0,1.3918647766113281,0.778804361820221,0.009594787987025623,0.778804361820221,0.5303788185119629,0.009838821366429329
741,0.027275798842310905,0.027275798842310905,0.913442075252533,,,,,,,,,,,,,,
742,0.025524383410811424,0.025524383410811424,0.9144275188446045,,,,,,,,,,,,,,
743,0.028646135702729225,0.028646135702729225,0.9151750802993774,,,,,,,,,,,,,,
744,0.02660885453224182,0.02660885453224182,0.9169456958770752,,,,,,,,,,,,,,
745,0.02714863419532776,0.02714863419532776,0.9170330762863159,,,,,,,,,,,,,,
746,0.027394747361540794,0.027394747361540794,0.9142488241195679,,,,,,,,,,,,,,
747,0.02808487042784691,0.02808487042784691,0.9144955277442932,,,,,,,,,,,,,,
748,0.026612019166350365,0.026612019166350365,0.9152612090110779,,,,,,,,,,,,,,
749,0.029237352311611176,0.029237352311611176,0.9170108437538147,,,,,,,,,,,,,,
750,0.028252091258764267,0.028252091258764267,0.9149778485298157,0.7829298377037048,0.7829298377037048,0.21707016229629517,8.969518661499023,0.0,0.9448395371437073,3.9570963382720947,-0.0,1.3348240852355957,0.7788386940956116,0.009394422856448795,0.7788387537002563,0.5299782156944275,0.009273627772927284
751,0.02681429497897625,0.02681429497897625,0.9152458310127258,,,,,,,,,,,,,,
752,0.026704473420977592,0.026704473420977592,0.9134137630462646,,,,,,,,,,,,,,
753,0.02779756486415863,0.02779756486415863,0.9137990474700928,,,,,,,,,,,,,,
754,0.027324330061674118,0.027324330061674118,0.914199948310852,,,,,,,,,,,,,,
755,0.026881622150540352,0.026881622150540352,0.9154691696166992,,,,,,,,,,,,,,
756,0.026475636288523674,0.026475636288523674,0.9155109524726868,,,,,,,,,,,,,,
757,0.027069905772805214,0.027069905772805214,0.9144321084022522,,,,,,,,,,,,,,
758,0.026594199240207672,0.026594199240207672,0.915676474571228,,,,,,,,,,,,,,
759,0.026943746954202652,0.026943746954202652,0.9155729413032532,,,,,,,,,,,,,,
760,0.026807751506567,0.026807751506567,0.91718590259552,0.7827045321464539,0.7827045321464539,0.21729546785354614,8.945225715637207,0.0,0.9372957944869995,3.9687671661376953,-0.0,1.3092331886291504,0.7786458134651184,0.009495152022437876,0.7786458134651184,0.5311686396598816,0.009029192849993706
761,0.0268475990742445,0.0268475990742445,0.9128602743148804,,,,,,,,,,,,,,
762,0.028072282671928406,0.028072282671928406,0.9144953489303589,,,,,,,,,,,,,,
763,0.025830119848251343,0.025830119848251343,0.9143180251121521,,,,,,,,,,,,,,
764,0.027089763432741165,0.027089763432741165,0.9143591523170471,,,,,,,,,,,,,,
765,0.026600826531648636,0.026600826531648636,0.9159949421882629,,,,,,,,,,,,,,
766,0.026273705065250397,0.026273705065250397,0.9177948236465454,,,,,,,,,,,,,,
767,0.0260083619505167,0.0260083619505167,0.9154025316238403,,,,,,,,,,,,,,
768,0.02783585526049137,0.02783585526049137,0.9164193272590637,,,,,,,,,,,,,,
769,0.026181481778621674,0.026181481778621674,0.9182422161102295,,,,,,,,,,,,,,
770,0.02523626759648323,0.02523626759648323,0.9175631999969482,0.7843989729881287,0.7843989729881287,0.21560102701187134,8.848116874694824,0.0,0.9486353397369385,3.953655242919922,-0.0,1.3954217433929443,0.7790492177009583,0.00923487429604795,0.7790492177009583,0.531563937664032,0.008666865527629852
771,0.02622406929731369,0.02622406929731369,0.9172945022583008,,,,,,,,,,,,,,
772,0.025691505521535873,0.025691505521535873,0.9129970669746399,,,,,,,,,,,,,,
773,0.025489065796136856,0.025489065796136856,0.9129294157028198,,,,,,,,,,,,,,
774,0.025547809898853302,0.025547809898853302,0.9153102040290833,,,,,,,,,,,,,,
775,0.025885501876473427,0.025885501876473427,0.9163236618041992,,,,,,,,,,,,,,
776,0.026618370786309242,0.026618370786309242,0.9138877391815186,,,,,,,,,,,,,,
777,0.02675432525575161,0.02675432525575161,0.9123246073722839,,,,,,,,,,,,,,
778,0.028301173821091652,0.028301173821091652,0.9122946858406067,,,,,,,,,,,,,,
779,0.026557182893157005,0.026557182893157005,0.9106530547142029,,,,,,,,,,,,,,
780,0.02675648033618927,0.02675648033618927,0.9109604358673096,0.7833127975463867,0.7833127975463867,0.21668720245361328,8.832501411437988,0.0,0.939121663570404,3.9604997634887695,-0.0,1.329146385192871,0.7788732051849365,0.008924638515494156,0.7788732051849365,0.5288708806037903,0.008668765425682068
781,0.025051483884453773,0.025051483884453773,0.912600040435791,,,,,,,,,,,,,,
782,0.02676326036453247,0.02676326036453247,0.9150035977363586,,,,,,,,,,,,,,
783,0.02529739774763584,0.02529739774763584,0.9128733277320862,,,,,,,,,,,,,,
784,0.024647464975714684,0.024647464975714684,0.9144777655601501,,,,,,,,,,,,,,
785,0.027293570339679718,0.027293570339679718,0.9174937605857849,,,,,,,,,,,,,,
786,0.026657285168766975,0.026657285168766975,0.9122772812843323,,,,,,,,,,,,,,
787,0.025837929919362068,0.025837929919362068,0.9150000214576721,,,,,,,,,,,,,,
788,0.027132848277688026,0.027132848277688026,0.9121330380439758,,,,,,,,,,,,,,
789,0.024445440620183945,0.024445440620183945,0.9133784770965576,,,,,,,,,,,,,,
790,0.026104798540472984,0.026104798540472984,0.911760687828064,0.7817820310592651,0.7817820310592651,0.21821796894073486,8.73994255065918,0.0,0.9484432339668274,3.95154070854187,-0.0,1.4162495136260986,0.7787497043609619,0.008810986500751308,0.7787497639656067,0.5275989174842834,0.008929336443543434
791,0.025571439415216446,0.025571439415216446,0.9120422005653381,,,,,,,,,,,,,,
792,0.025354182347655296,0.025354182347655296,0.9101406931877136,,,,,,,,,,,,,,
793,0.026386775076389313,0.026386775076389313,0.9138941168785095,,,,,,,,,,,,,,
794,0.02542995475232601,0.02542995475232601,0.9127805829048157,,,,,,,,,,,,,,
795,0.026526423171162605,0.026526423171162605,0.9131372570991516,,,,,,,,,,,,,,
796,0.025583883747458458,0.025583883747458458,0.9120208621025085,,,,,,,,,,,,,,
797,0.024970756843686104,0.024970756843686104,0.9142549633979797,,,,,,,,,,,,,,
798,0.025163616985082626,0.025163616985082626,0.9148736596107483,,,,,,,,,,,,,,
799,0.025227569043636322,0.025227569043636322,0.9162946939468384,,,,,,,,,,,,,,
800,0.02585151605308056,0.02585151605308056,0.9124622344970703,0.7829558849334717,0.7829558849334717,0.21704411506652832,8.853902816772461,0.0,0.9540649652481079,3.9508299827575684,-0.0,1.3823189735412598,0.7786974310874939,0.00898157470716334,0.7786974906921387,0.5301517844200134,0.00845689419656992
801,0.02501993253827095,0.02501993253827095,0.9145627021789551,,,,,,,,,,,,,,
802,0.0254383347928524,0.0254383347928524,0.9180418848991394,,,,,,,,,,,,,,
803,0.024961989372968674,0.024961989372968674,0.9132362604141235,,,,,,,,,,,,,,
804,0.024263082072138786,0.024263082072138786,0.9136914014816284,,,,,,,,,,,,,,
805,0.025405939668416977,0.025405939668416977,0.9141317009925842,,,,,,,,,,,,,,
806,0.024326015263795853,0.024326015263795853,0.911602795124054,,,,,,,,,,,,,,
807,0.024979377165436745,0.024979377165436745,0.9129710793495178,,,,,,,,,,,,,,
808,0.024883054196834564,0.024883054196834564,0.9138863682746887,,,,,,,,,,,,,,
809,0.025014644488692284,0.025014644488692284,0.914272665977478,,,,,,,,,,,,,,
810,0.02536899782717228,0.02536899782717228,0.9109137654304504,0.7827997803688049,0.7827997803688049,0.21720021963119507,8.830310821533203,0.0,0.9460887908935547,3.9534690380096436,-0.0,1.3243701457977295,0.778758704662323,0.008735864794996625,0.778758704662323,0.5284595489501953,0.008595170453190804
811,0.02396204136312008,0.02396204136312008,0.9121506810188293,,,,,,,,,,,,,,
812,0.025262873619794846,0.025262873619794846,0.9130929112434387,,,,,,,,,,,,,,
813,0.025464482605457306,0.025464482605457306,0.9118343591690063,,,,,,,,,,,,,,
814,0.024422671645879745,0.024422671645879745,0.9113599061965942,,,,,,,,,,,,,,
815,0.024920525029301643,0.024920525029301643,0.9130390286445618,,,,,,,,,,,,,,
816,0.024641728028655052,0.024641728028655052,0.9095839858055115,,,,,,,,,,,,,,
817,0.024775728583335876,0.024775728583335876,0.911185622215271,,,,,,,,,,,,,,
818,0.025566276162862778,0.025566276162862778,0.9104596972465515,,,,,,,,,,,,,,
819,0.02630968950688839,0.02630968950688839,0.9087768197059631,,,,,,,,,,,,,,
820,0.024530628696084023,0.024530628696084023,0.911226212978363,0.7840318083763123,0.7840318083763123,0.21596819162368774,8.83041000366211,0.0,0.950893759727478,3.9502158164978027,-0.0,1.40031898021698,0.7790253758430481,0.008448023786863042,0.7790253758430481,0.5294177532196045,0.007970335893332958
821,0.02527143619954586,0.02527143619954586,0.9124447107315063,,,,,,,,,,,,,,
822,0.024532107636332512,0.024532107636332512,0.911050021648407,,,,,,,,,,,,,,
823,0.02409512922167778,0.02409512922167778,0.9129522442817688,,,,,,,,,,,,,,
824,0.0228375606238842,0.0228375606238842,0.9144385457038879,,,,,,,,,,,,,,
825,0.024798663333058357,0.024798663333058357,0.9133244156837463,,,,,,,,,,,,,,
826,0.02487296052277088,0.02487296052277088,0.915250301361084,,,,,,,,,,,,,,
827,0.024273036047816277,0.024273036047816277,0.9106503129005432,,,,,,,,,,,,,,
828,0.023723574355244637,0.023723574355244637,0.9095349311828613,,,,,,,,,,,,,,
829,0.025828419253230095,0.025828419253230095,0.9117889404296875,,,,,,,,,,,,,,
830,0.025202957913279533,0.025202957913279533,0.909852147102356,0.7834373116493225,0.7834373116493225,0.2165626883506775,8.817293167114258,0.0,0.9507015347480774,3.9510302543640137,-0.0,1.4130326509475708,0.778923511505127,0.008283720490449025,0.778923511505127,0.5281938314437866,0.007838287390768528
831,0.02480863220989704,0.02480863220989704,0.9084594249725342,,,,,,,,,,,,,,
832,0.023878097534179688,0.023878097534179688,0.9107124209403992,,,,,,,,,,,,,,
833,0.023776333779096603,0.023776333779096603,0.9116381406784058,,,,,,,,,,,,,,
834,0.025291675701737404,0.025291675701737404,0.9141412973403931,,,,,,,,,,,,,,
835,0.025046110153198242,0.025046110153198242,0.9102076292037964,,,,,,,,,,,,,,
836,0.023080578073859215,0.023080578073859215,0.909326434135437,,,,,,,,,,,,,,
837,0.02306697517633438,0.02306697517633438,0.9102157354354858,,,,,,,,,,,,,,
838,0.026777394115924835,0.026777394115924835,0.9111350178718567,,,,,,,,,,,,,,
839,0.02432219497859478,0.02432219497859478,0.9133007526397705,,,,,,,,,,,,,,
840,0.02281455509364605,0.02281455509364605,0.9098837971687317,0.7830111980438232,0.7830111980438232,0.21698880195617676,8.945401191711426,0.0,0.9497405290603638,3.954497814178467,-0.0,1.3238816261291504,0.7786505222320557,0.008381786854644491,0.7786505222320557,0.5279412865638733,0.008052549324929714
841,0.025035830214619637,0.025035830214619637,0.9112879037857056,,,,,,,,,,,,,,
842,0.02495448663830757,0.02495448663830757,0.9099878072738647,,,,,,,,,,,,,,
843,0.022429658100008965,0.022429658100008965,0.9116309285163879,,,,,,,,,,,,,,
844,0.023806864395737648,0.023806864395737648,0.908794105052948,,,,,,,,,,,,,,
845,0.024355115368962288,0.024355115368962288,0.9086465239524841,,,,,,,,,,,,,,
846,0.02394145540893078,0.02394145540893078,0.9110059142112732,,,,,,,,,,,,,,
847,0.02280135080218315,0.02280135080218315,0.9108195900917053,,,,,,,,,,,,,,
848,0.023405617102980614,0.023405617102980614,0.908875584602356,,,,,,,,,,,,,,
849,0.02292519435286522,0.02292519435286522,0.9084501266479492,,,,,,,,,,,,,,
850,0.02263367362320423,0.02263367362320423,0.908084511756897,0.783807635307312,0.783807635307312,0.216192364692688,8.754557609558105,0.0,0.951278030872345,3.951606273651123,-0.0,1.3993600606918335,0.7787403464317322,0.00829657098360409,0.7787403464317322,0.529231071472168,0.007576056756079197
851,0.024095747619867325,0.024095747619867325,0.9117555022239685,,,,,,,,,,,,,,
852,0.023183101788163185,0.023183101788163185,0.9099410772323608,,,,,,,,,,,,,,
853,0.024711865931749344,0.024711865931749344,0.9148867726325989,,,,,,,,,,,,,,
854,0.024031350389122963,0.024031350389122963,0.9129464626312256,,,,,,,,,,,,,,
855,0.023608339950442314,0.023608339950442314,0.9103590846061707,,,,,,,,,,,,,,
856,0.02446405217051506,0.02446405217051506,0.9113273024559021,,,,,,,,,,,,,,
857,0.023049911484122276,0.023049911484122276,0.9097538590431213,,,,,,,,,,,,,,
858,0.02373397722840309,0.02373397722840309,0.9120190739631653,,,,,,,,,,,,,,
859,0.023697199299931526,0.023697199299931526,0.9084116220474243,,,,,,,,,,,,,,
860,0.024675587192177773,0.024675587192177773,0.9109504222869873,0.7837650775909424,0.7837650775909424,0.21623492240905762,8.693470001220703,0.0,0.9555063843727112,3.9500558376312256,-0.0,1.4517922401428223,0.7790820598602295,0.008106756602251335,0.7790820002555847,0.528567910194397,0.0076344748958945274
861,0.023385928943753242,0.023385928943753242,0.908218502998352,,,,,,,,,,,,,,
862,0.02306501753628254,0.02306501753628254,0.9109997749328613,,,,,,,,,,,,,,
863,0.023460395634174347,0.023460395634174347,0.9150658249855042,,,,,,,,,,,,,,
864,0.02388400211930275,0.02388400211930275,0.9134131073951721,,,,,,,,,,,,,,
865,0.022533820942044258,0.022533820942044258,0.9156944751739502,,,,,,,,,,,,,,
866,0.0229021143168211,0.0229021143168211,0.9142909049987793,,,,,,,,,,,,,,
867,0.02283133566379547,0.02283133566379547,0.9129040241241455,,,,,,,,,,,,,,
868,0.022963013499975204,0.022963013499975204,0.9118425250053406,,,,,,,,,,,,,,
869,0.023966079577803612,0.023966079577803612,0.9117822051048279,,,,,,,,,,,,,,
870,0.023271430283784866,0.023271430283784866,0.9123615026473999,0.782981276512146,0.782981276512146,0.217018723487854,8.821527481079102,0.0,0.9551220536231995,3.948669910430908,-0.0,1.417342185974121,0.7788281440734863,0.007854877595557752,0.7788282036781311,0.5271568894386292,0.007382034324109554
871,0.02341938391327858,0.02341938391327858,0.9073297381401062,,,,,,,,,,,,,,
872,0.022489244118332863,0.022489244118332863,0.9070603251457214,,,,,,,,,,,,,,
873,0.024476103484630585,0.024476103484630585,0.9073130488395691,,,,,,,,,,,,,,
874,0.02454976551234722,0.02454976551234722,0.9085516929626465,,,,,,,,,,,,,,
875,0.021989617496728897,0.021989617496728897,0.9071792960166931,,,,,,,,,,,,,,
876,0.022637715563178062,0.022637715563178062,0.9066191911697388,,,,,,,,,,,,,,
877,0.02404184639453888,0.02404184639453888,0.9056506752967834,,,,,,,,,,,,,,
878,0.021891999989748,0.021891999989748,0.9129714965820312,,,,,,,,,,,,,,
879,0.022556239739060402,0.022556239739060402,0.9083129167556763,,,,,,,,,,,,,,
880,0.023681387305259705,0.023681387305259705,0.9089579582214355,0.7843525409698486,0.7843525409698486,0.21564745903015137,8.9352445602417,0.0,0.9473380446434021,3.9506895542144775,-0.0,1.3833303451538086,0.7785324454307556,0.008093314807956805,0.7785325050354004,0.528790295124054,0.007366964593529701
881,0.0222943015396595,0.0222943015396595,0.9127041697502136,,,,,,,,,,,,,,
882,0.022016305476427078,0.022016305476427078,0.9100189805030823,,,,,,,,,,,,,,
883,0.022714586928486824,0.022714586928486824,0.9068455100059509,,,,,,,,,,,,,,
884,0.022575393319129944,0.022575393319129944,0.9103785157203674,,,,,,,,,,,,,,
885,0.02225063554942608,0.02225063554942608,0.9126127362251282,,,,,,,,,,,,,,
886,0.023678049445152283,0.023678049445152283,0.9129706621170044,,,,,,,,,,,,,,
887,0.023537475615739822,0.023537475615739822,0.90916907787323,,,,,,,,,,,,,,
888,0.02265811525285244,0.02265811525285244,0.9060683250427246,,,,,,,,,,,,,,
889,0.02193201705813408,0.02193201705813408,0.9067249298095703,,,,,,,,,,,,,,
890,0.021797217428684235,0.021797217428684235,0.9074662327766418,0.7824035882949829,0.7824035882949829,0.2175964117050171,8.839005470275879,0.0,0.9506534337997437,3.9528725147247314,-0.0,1.3642475605010986,0.7786827683448792,0.007845306092449192,0.7786827683448792,0.5282456278800964,0.007142954971641302
891,0.02313593029975891,0.02313593029975891,0.9089483022689819,,,,,,,,,,,,,,
892,0.022806119173765182,0.022806119173765182,0.911726176738739,,,,,,,,,,,,,,
893,0.023064229637384415,0.023064229637384415,0.9125978946685791,,,,,,,,,,,,,,
894,0.022529361769557,0.022529361769557,0.909832775592804,,,,,,,,,,,,,,
895,0.02125091664493084,0.02125091664493084,0.9101293683052063,,,,,,,,,,,,,,
896,0.02396075241267681,0.02396075241267681,0.9080063700675964,,,,,,,,,,,,,,
897,0.022419201210141182,0.022419201210141182,0.9085836410522461,,,,,,,,,,,,,,
898,0.022302333265542984,0.022302333265542984,0.9091363549232483,,,,,,,,,,,,,,
899,0.02374715358018875,0.02374715358018875,0.9068601727485657,,,,,,,,,,,,,,
900,0.022512231022119522,0.022512231022119522,0.9100518226623535,0.7846981287002563,0.7846981287002563,0.21530187129974365,8.894397735595703,0.0,0.9505573511123657,3.950295925140381,-0.0,1.3825186491012573,0.7788508534431458,0.007684743735225644,0.7788508534431458,0.5294138193130493,0.006982562597841024
901,0.02368694357573986,0.02368694357573986,0.9085195064544678,,,,,,,,,,,,,,
902,0.023011963814496994,0.023011963814496994,0.9085242748260498,,,,,,,,,,,,,,
903,0.022034335881471634,0.022034335881471634,0.908184826374054,,,,,,,,,,,,,,
904,0.023341281339526176,0.023341281339526176,0.9095445275306702,,,,,,,,,,,,,,
905,0.022963551804423332,0.022963551804423332,0.910797119140625,,,,,,,,,,,,,,
906,0.024408627301454544,0.024408627301454544,0.9125325679779053,,,,,,,,,,,,,,
907,0.02337801456451416,0.02337801456451416,0.9098142981529236,,,,,,,,,,,,,,
908,0.02360825426876545,0.02360825426876545,0.9100503325462341,,,,,,,,,,,,,,
909,0.022702211514115334,0.022702211514115334,0.9082881808280945,,,,,,,,,,,,,,
910,0.02144104428589344,0.02144104428589344,0.9087372422218323,0.7825785875320435,0.7825785875320435,0.21742141246795654,8.778722763061523,0.0,0.9533442258834839,3.9504194259643555,-0.0,1.3313404321670532,0.7786237001419067,0.007563295748220911,0.7786237001419067,0.5284420847892761,0.006930510979145765
911,0.021867312490940094,0.021867312490940094,0.9107240438461304,,,,,,,,,,,,,,
912,0.022748157382011414,0.022748157382011414,0.9094735980033875,,,,,,,,,,,,,,
913,0.021402666345238686,0.021402666345238686,0.9108443260192871,,,,,,,,,,,,,,
914,0.021420178934931755,0.021420178934931755,0.906723141670227,,,,,,,,,,,,,,
915,0.02125968039035797,0.02125968039035797,0.9081296920776367,,,,,,,,,,,,,,
916,0.021224359050393105,0.021224359050393105,0.9096556901931763,,,,,,,,,,,,,,
917,0.021799081936478615,0.021799081936478615,0.9108502864837646,,,,,,,,,,,,,,
918,0.02266085334122181,0.02266085334122181,0.9120230674743652,,,,,,,,,,,,,,
919,0.02260631136596203,0.02260631136596203,0.9099301695823669,,,,,,,,,,,,,,
920,0.023145053535699844,0.023145053535699844,0.9041784405708313,0.7847996950149536,0.7847996950149536,0.2152003049850464,8.678278923034668,0.0,0.9543532133102417,3.952115058898926,-0.0,1.431504249572754,0.77876877784729,0.007436271391425637,0.77876877784729,0.5269993543624878,0.00702282227575779
921,0.023588605225086212,0.023588605225086212,0.905033528804779,,,,,,,,,,,,,,
922,0.022846875712275505,0.022846875712275505,0.910787045955658,,,,,,,,,,,,,,
923,0.021995436400175095,0.021995436400175095,0.9090483784675598,,,,,,,,,,,,,,
924,0.021719131618738174,0.021719131618738174,0.9062771797180176,,,,,,,,,,,,,,
925,0.021983860060572624,0.021983860060572624,0.9087411761283875,,,,,,,,,,,,,,
926,0.022646941244602203,0.022646941244602203,0.9061111807823181,,,,,,,,,,,,,,
927,0.02256021276116371,0.02256021276116371,0.9103740453720093,,,,,,,,,,,,,,
928,0.02256185933947563,0.02256185933947563,0.9073296785354614,,,,,,,,,,,,,,
929,0.023053914308547974,0.023053914308547974,0.9103348851203918,,,,,,,,,,,,,,
930,0.021228646859526634,0.021228646859526634,0.9050616025924683,0.7816369533538818,0.7816369533538818,0.21836304664611816,8.856290817260742,0.0,0.9476263523101807,3.952521324157715,-0.0,1.333540916442871,0.7785937190055847,0.007375550411221289,0.7785937190055847,0.5251972675323486,0.007453307509422302
931,0.021926144137978554,0.021926144137978554,0.9051766395568848,,,,,,,,,,,,,,
932,0.023143837228417397,0.023143837228417397,0.9086968302726746,,,,,,,,,,,,,,
933,0.023342544212937355,0.023342544212937355,0.9075649380683899,,,,,,,,,,,,,,
934,0.022022679448127747,0.022022679448127747,0.9105298519134521,,,,,,,,,,,,,,
935,0.021617570891976357,0.021617570891976357,0.9063060879707336,,,,,,,,,,,,,,
936,0.0217061135917902,0.0217061135917902,0.9072593450546265,,,,,,,,,,,,,,
937,0.02215300127863884,0.02215300127863884,0.9100289344787598,,,,,,,,,,,,,,
938,0.022559378296136856,0.022559378296136856,0.9085854291915894,,,,,,,,,,,,,,
939,0.02282015234231949,0.02282015234231949,0.9111766219139099,,,,,,,,,,,,,,
940,0.020223749801516533,0.020223749801516533,0.9080710411071777,0.7825953364372253,0.7825953364372253,0.21740466356277466,8.693055152893066,0.0,0.9466654062271118,3.9567747116088867,-0.0,1.4320859909057617,0.7787982225418091,0.007457373572829349,0.7787982225418091,0.52671879529953,0.006928531918674707
941,0.020329799503087997,0.020329799503087997,0.9086125493049622,,,,,,,,,,,,,,
942,0.02112237736582756,0.02112237736582756,0.9066523313522339,,,,,,,,,,,,,,
943,0.021076196804642677,0.021076196804642677,0.9075816869735718,,,,,,,,,,,,,,
944,0.02195047400891781,0.02195047400891781,0.908108651638031,,,,,,,,,,,,,,
945,0.022425759583711624,0.022425759583711624,0.9079962968826294,,,,,,,,,,,,,,
946,0.020799025893211365,0.020799025893211365,0.9031243920326233,,,,,,,,,,,,,,
947,0.020940331742167473,0.020940331742167473,0.9072974324226379,,,,,,,,,,,,,,
948,0.021966157481074333,0.021966157481074333,0.9057290554046631,,,,,,,,,,,,,,
949,0.02172553725540638,0.02172553725540638,0.9090971350669861,,,,,,,,,,,,,,
950,0.019975703209638596,0.019975703209638596,0.906392514705658,0.7821170091629028,0.7821170091629028,0.21788299083709717,8.857260704040527,0.0,0.9548817873001099,3.950514793395996,-0.0,1.4200990200042725,0.778353214263916,0.007298568880925507,0.778353214263916,0.528219997882843,0.006556314416229725
951,0.02119852602481842,0.02119852602481842,0.9083781838417053,,,,,,,,,,,,,,
952,0.02051582932472229,0.02051582932472229,0.9076169729232788,,,,,,,,,,,,,,
953,0.020548798143863678,0.020548798143863678,0.9081964492797852,,,,,,,,,,,,,,
954,0.021301068365573883,0.021301068365573883,0.9088519811630249,,,,,,,,,,,,,,
955,0.022137682884931564,0.022137682884931564,0.907142162322998,,,,,,,,,,,,,,
956,0.021845785900950432,0.021845785900950432,0.9074112772941589,,,,,,,,,,,,,,
957,0.021507319062948227,0.021507319062948227,0.9077901840209961,,,,,,,,,,,,,,
958,0.02141238935291767,0.02141238935291767,0.9075656533241272,,,,,,,,,,,,,,
959,0.021841498091816902,0.021841498091816902,0.9066758751869202,,,,,,,,,,,,,,
960,0.02409587800502777,0.02409587800502777,0.9076386094093323,0.7823947668075562,0.7823947668075562,0.21760523319244385,8.729979515075684,0.0,0.9559869170188904,3.9508283138275146,-0.0,1.3996202945709229,0.7788333296775818,0.007060570161387398,0.7788333892822266,0.526328980922699,0.006503013428300619
961,0.020628783851861954,0.020628783851861954,0.9058400988578796,,,,,,,,,,,,,,
962,0.021263420581817627,0.021263420581817627,0.9078176021575928,,,,,,,,,,,,,,
963,0.019863136112689972,0.019863136112689972,0.9079917669296265,,,,,,,,,,,,,,
964,0.020488159731030464,0.020488159731030464,0.9060776233673096,,,,,,,,,,,,,,
965,0.02282201685011387,0.02282201685011387,0.9077121019363403,,,,,,,,,,,,,,
966,0.021219655871391296,0.021219655871391296,0.9043314456939697,,,,,,,,,,,,,,
967,0.022754279896616936,0.022754279896616936,0.9098106622695923,,,,,,,,,,,,,,
968,0.022061381489038467,0.022061381489038467,0.9061822295188904,,,,,,,,,,,,,,
969,0.021599305793642998,0.021599305793642998,0.908124566078186,,,,,,,,,,,,,,
970,0.021456507965922356,0.021456507965922356,0.9111160039901733,0.7834810614585876,0.7834810614585876,0.21651893854141235,8.750741958618164,0.0,0.9549298286437988,3.9493038654327393,-0.0,1.4391429424285889,0.7789873480796814,0.0071150755336147915,0.7789873480796814,0.5258896350860596,0.006566335447132587
971,0.020771456882357597,0.020771456882357597,0.9093816876411438,,,,,,,,,,,,,,
972,0.02184206433594227,0.02184206433594227,0.9063283801078796,,,,,,,,,,,,,,
973,0.020022215321660042,0.020022215321660042,0.9057962894439697,,,,,,,,,,,,,,
974,0.021508535370230675,0.021508535370230675,0.9069876670837402,,,,,,,,,,,,,,
975,0.021984895691275597,0.021984895691275597,0.9039473533630371,,,,,,,,,,,,,,
976,0.02018366940319538,0.02018366940319538,0.9064034223556519,,,,,,,,,,,,,,
977,0.021498210728168488,0.021498210728168488,0.9088610410690308,,,,,,,,,,,,,,
978,0.02172304131090641,0.02172304131090641,0.9055172204971313,,,,,,,,,,,,,,
979,0.020716028288006783,0.020716028288006783,0.9056738615036011,,,,,,,,,,,,,,
980,0.019162995740771294,0.019162995740771294,0.9072853326797485,0.7838464975357056,0.7838464975357056,0.21615350246429443,8.983643531799316,0.0,0.9478185772895813,3.953524112701416,-0.0,1.2538257837295532,0.7783690094947815,0.006921304513253889,0.7783690690994263,0.5263250470161438,0.006319225300103426
981,0.020047569647431374,0.020047569647431374,0.9073306918144226,,,,,,,,,,,,,,
982,0.021249942481517792,0.021249942481517792,0.9037739634513855,,,,,,,,,,,,,,
983,0.020545322448015213,0.020545322448015213,0.9057196378707886,,,,,,,,,,,,,,
984,0.020433243364095688,0.020433243364095688,0.9060734510421753,,,,,,,,,,,,,,
985,0.02033080719411373,0.02033080719411373,0.9072454571723938,,,,,,,,,,,,,,
986,0.01952919363975525,0.01952919363975525,0.9057247042655945,,,,,,,,,,,,,,
987,0.020802009850740433,0.020802009850740433,0.9083141088485718,,,,,,,,,,,,,,
988,0.020842602476477623,0.020842602476477623,0.9058753848075867,,,,,,,,,,,,,,
989,0.021420685574412346,0.021420685574412346,0.9063636064529419,,,,,,,,,,,,,,
990,0.020468324422836304,0.020468324422836304,0.9060390591621399,0.7826116681098938,0.7826116681098938,0.2173883318901062,8.908527374267578,0.0,0.9564193487167358,3.946889877319336,-0.0,1.3743033409118652,0.7786605954170227,0.006914666198018588,0.7786605954170227,0.5267114639282227,0.0060677239671349525
991,0.020965613424777985,0.020965613424777985,0.9104577302932739,,,,,,,,,,,,,,
992,0.020561205223202705,0.020561205223202705,0.9061880111694336,,,,,,,,,,,,,,
993,0.020769895985722542,0.020769895985722542,0.9089677333831787,,,,,,,,,,,,,,
994,0.01944507099688053,0.01944507099688053,0.9079166650772095,,,,,,,,,,,,,,
995,0.020077181980013847,0.020077181980013847,0.9065667390823364,,,,,,,,,,,,,,
996,0.02110377885401249,0.02110377885401249,0.9048999547958374,,,,,,,,,,,,,,
997,0.01992172934114933,0.01992172934114933,0.9044753313064575,,,,,,,,,,,,,,
998,0.020790239796042442,0.020790239796042442,0.9046826362609863,,,,,,,,,,,,,,
999,0.01886599138379097,0.01886599138379097,0.9020586013793945,,,,,,,,,,,,,,
1000,0.020093146711587906,0.020093146711587906,0.905451238155365,0.7823757529258728,0.7823757529258728,0.2176242470741272,8.906535148620605,0.0,0.9497405290603638,3.950802803039551,-0.0,1.395409107208252,0.7788453102111816,0.006739532205157954,0.7788453102111816,0.5261785984039307,0.00604304438456893
