epoch,critic_loss,actor_loss,q1_loss,q2_loss,cost_loss,cql_q1,cql_q2,expected_immediate_cost,expected_cost_to_go,cost_budget,lagrange,expert_kl,smoothness,avg_return,survival_rate,mortality_rate,avg_length,inadmissibility_rate,expert_argmax_match,mean_kl_to_expert,policy_entropy,mean_action_deviation_from_expert,soft_survival_rate,soft_inadmissibility_rate,soft_avg_return,soft_policy_entropy,soft_mean_kl_to_expert,trajectory_mean_action_jump,trajectory_normalised_action_jump
1,0.985539972782135,0.10594963282346725,0.022998018190264702,0.0199979729950428,0.00244961422868073,0.9431005716323853,0.9370880722999573,0.0,0.021225200966000557,0.0,0.0,0.0601421482861042,0.12650687992572784,,,,,,,,,,,,,,,,
2,0.9691237211227417,0.08292510360479355,0.01547990646213293,0.013696611858904362,0.0016145604895427823,0.940528392791748,0.9361368417739868,0.0,0.016036605462431908,0.0,0.0,0.06126823276281357,0.1258653998374939,,,,,,,,,,,,,,,,
3,0.9584941864013672,0.06672389060258865,0.01050951424986124,0.010050606913864613,0.0011435250053182244,0.93833988904953,0.935241162776947,0.0,0.012438066303730011,0.0,0.0,0.06247459352016449,0.12517084181308746,,,,,,,,,,,,,,,,
4,0.953388512134552,0.06380760669708252,0.008376779966056347,0.008355926722288132,0.0008693990530446172,0.936498761177063,0.9350740909576416,0.0,0.009452719241380692,0.0,0.0,0.0632283091545105,0.12453851103782654,,,,,,,,,,,,,,,,
5,0.9513444900512695,0.06099037081003189,0.007980447262525558,0.007726035080850124,0.0007789208902977407,0.9349785447120667,0.9347396492958069,0.0,0.007322454825043678,0.0,0.0,0.06452447175979614,0.12413838505744934,,,,,,,,,,,,,,,,
6,0.9505282044410706,0.058760300278663635,0.00815395824611187,0.007691167760640383,0.0007357016438618302,0.933648943901062,0.9342458248138428,0.0,0.0055855512619018555,0.0,0.0,0.06451087445020676,0.12383831292390823,,,,,,,,,,,,,,,,
7,0.9503554105758667,0.05595875158905983,0.008588816039264202,0.007526280824095011,0.0006888684583827853,0.9333429932594299,0.9337598085403442,0.0,0.004991956986486912,0.0,0.0,0.0645560696721077,0.12363675236701965,,,,,,,,,,,,,,,,
8,0.949360191822052,0.0503527969121933,0.00844974908977747,0.007269198540598154,0.0006875963881611824,0.9325625896453857,0.9333447217941284,0.0,0.004270536359399557,0.0,0.0,0.06388291716575623,0.12353751808404922,,,,,,,,,,,,,,,,
9,0.9476133584976196,0.043404046446084976,0.007901804521679878,0.006709180772304535,0.0006789596518501639,0.9319754242897034,0.9326713681221008,0.0,0.003690662793815136,0.0,0.0,0.06341607868671417,0.12355094403028488,,,,,,,,,,,,,,,,
10,0.9463610649108887,0.03858254477381706,0.00732991099357605,0.006222503259778023,0.0006517030415125191,0.9321005940437317,0.9322132468223572,0.0,0.003439177991822362,0.0,0.0,0.0628950297832489,0.12362536042928696,,,,,,,,,,,,,,,,
11,0.9442440271377563,0.03316565975546837,0.006235167849808931,0.005684654228389263,0.0006052669486962259,0.9316381216049194,0.9317998290061951,0.0,0.0032288923393934965,0.0,0.0,0.061900727450847626,0.12354802340269089,,,,,,,,,,,,,,,,
12,0.9429847598075867,0.030730927363038063,0.005573254078626633,0.005289364606142044,0.0006118672317825258,0.9315828084945679,0.9314377307891846,0.0,0.003327365033328533,0.0,0.0,0.061923764646053314,0.1237967237830162,,,,,,,,,,,,,,,,
13,0.9420264959335327,0.030540505424141884,0.005123010836541653,0.00498994393274188,0.0005873710615560412,0.9314714074134827,0.9311808943748474,0.0,0.0032232191879302263,0.0,0.0,0.06165235862135887,0.12380075454711914,,,,,,,,,,,,,,,,
14,0.941012978553772,0.028389139100909233,0.004705001134425402,0.004931457806378603,0.0005715331644751132,0.9311991930007935,0.9304106831550598,0.0,0.0029868159908801317,0.0,0.0,0.06105596572160721,0.1238110139966011,,,,,,,,,,,,,,,,
15,0.9406110048294067,0.028512299060821533,0.004638207610696554,0.0048847259022295475,0.0005564758903346956,0.931092381477356,0.9299708008766174,0.0,0.002989694243296981,0.0,0.0,0.06083051487803459,0.1238458901643753,,,,,,,,,,,,,,,,
16,0.9401235580444336,0.02878822572529316,0.0044890656135976315,0.004766273777931929,0.0005347534897737205,0.9309632182121277,0.9297036528587341,0.0,0.0032238399144262075,0.0,0.0,0.060815367847681046,0.12382813543081284,,,,,,,,,,,,,,,,
17,0.9398220181465149,0.027999145910143852,0.004438165575265884,0.004846272990107536,0.0005115132080391049,0.9307280778884888,0.9293239712715149,0.0,0.0029761590994894505,0.0,0.0,0.061218973249197006,0.12383241951465607,,,,,,,,,,,,,,,,
18,0.9396471381187439,0.02756558544933796,0.004485571291297674,0.004806273151189089,0.0005064646247774363,0.9304841756820679,0.9292135238647461,0.0,0.0034560689236968756,0.0,0.0,0.06120739132165909,0.12375552207231522,,,,,,,,,,,,,,,,
19,0.9394263029098511,0.02501668408513069,0.004545845091342926,0.004872278310358524,0.0004757705028168857,0.9303709864616394,0.9286938905715942,0.0,0.003365890821442008,0.0,0.0,0.06170724332332611,0.12361302226781845,,,,,,,,,,,,,,,,
20,0.9389352202415466,0.0241349246352911,0.004381955601274967,0.004762295167893171,0.00045895364019088447,0.9301672577857971,0.928496778011322,0.0,0.0032779949251562357,0.0,0.0,0.06317858397960663,0.1234307736158371,,,,,,,,,,,,,,,,
21,0.93855220079422,0.020618652924895287,0.0043129934929311275,0.004689815919846296,0.0004470619896892458,0.929682195186615,0.9285223484039307,0.0,0.0034405391197651625,0.0,0.0,0.0640428215265274,0.12332689762115479,,,,,,,,,,,,,,,,
22,0.9381709694862366,0.01831097900867462,0.004236758686602116,0.004608441144227982,0.0004181463737040758,0.9295406937599182,0.9282746315002441,0.0,0.0036813283804804087,0.0,0.0,0.06501270830631256,0.12300071120262146,,,,,,,,,,,,,,,,
23,0.9377443790435791,0.014969313517212868,0.004235083237290382,0.004477998707443476,0.00041477312333881855,0.9290614128112793,0.9281716346740723,0.0,0.004042384214699268,0.0,0.0,0.06692858785390854,0.12287792563438416,,,,,,,,,,,,,,,,
24,0.9373753070831299,0.01249079592525959,0.004143758676946163,0.004356418736279011,0.000390071450965479,0.9289022088050842,0.9280679225921631,0.0,0.003824476385489106,0.0,0.0,0.06841789186000824,0.12252741307020187,,,,,,,,,,,,,,,,
25,0.9369602799415588,0.007563721854239702,0.00403072964400053,0.004258124623447657,0.00039296862087212503,0.9285797476768494,0.9279772043228149,0.0,0.004311497323215008,0.0,0.0,0.07105349004268646,0.12231078743934631,,,,,,,,,,,,,,,,
26,0.9367005825042725,0.006585084833204746,0.00393048906698823,0.004237165674567223,0.0003727226867340505,0.9284430742263794,0.9278773665428162,0.0,0.00449705496430397,0.0,0.0,0.07358487695455551,0.12213803827762604,,,,,,,,,,,,,,,,
27,0.9364873766899109,0.003924487624317408,0.004098114557564259,0.004137874580919743,0.00036167504731565714,0.9280376434326172,0.9277417659759521,0.0,0.0042334385216236115,0.0,0.0,0.07590501010417938,0.12194787710905075,,,,,,,,,,,,,,,,
28,0.9360374808311462,0.0024158714804798365,0.004060653038322926,0.004008710850030184,0.00034358593984507024,0.9277036786079407,0.9275453686714172,0.0,0.004477737005800009,0.0,0.0,0.08028335124254227,0.12195827811956406,,,,,,,,,,,,,,,,
29,0.935637891292572,0.00116478162817657,0.003922685515135527,0.0039061179850250483,0.00034063917701132596,0.9274980425834656,0.9274387359619141,0.0,0.004147711209952831,0.0,0.0,0.0842868760228157,0.1219089925289154,,,,,,,,,,,,,,,,
30,0.9357373714447021,-0.0019142022356390953,0.0040117297321558,0.003937395755201578,0.00032957701478153467,0.9274446964263916,0.9274725317955017,0.0,0.004270584788173437,0.0,0.0,0.08858928084373474,0.1220284104347229,,,,,,,,,,,,,,,,
31,0.9355077743530273,-0.0010115160839632154,0.004127517342567444,0.00394457159563899,0.00031507722451351583,0.9270813465118408,0.9271599054336548,0.0,0.003738963045179844,0.0,0.0,0.09297987818717957,0.12214013189077377,,,,,,,,,,,,,,,,
32,0.9353165030479431,-0.0033303897362202406,0.003961447160691023,0.003793521784245968,0.0003124074428342283,0.9272482991218567,0.9272499680519104,0.0,0.004101634491235018,0.0,0.0,0.09919338673353195,0.12244671583175659,,,,,,,,,,,,,,,,
33,0.9351162314414978,-0.004453797359019518,0.003856087103486061,0.0037272502668201923,0.00029143824940547347,0.9272043108940125,0.9272785186767578,0.0,0.003931053448468447,0.0,0.0,0.10627901554107666,0.12280673533678055,,,,,,,,,,,,,,,,
34,0.9349172711372375,-0.006092284806072712,0.003938875161111355,0.003727831644937396,0.0002881093241740018,0.9268487691879272,0.9270761013031006,0.0,0.0037272581830620766,0.0,0.0,0.11333590745925903,0.12343909591436386,,,,,,,,,,,,,,,,
35,0.9345470666885376,-0.007075085304677486,0.003772140946239233,0.003604753175750375,0.00027301080990582705,0.9267132878303528,0.9270810484886169,0.0,0.0035345912910997868,0.0,0.0,0.11986978352069855,0.12427995353937149,,,,,,,,,,,,,,,,
36,0.934590220451355,-0.009623806923627853,0.003749798284843564,0.0036767555866390467,0.0002519463887438178,0.9268859028816223,0.926937460899353,0.0,0.003437938867136836,0.0,0.0,0.129322811961174,0.1250939518213272,,,,,,,,,,,,,,,,
37,0.9342044591903687,-0.010031472891569138,0.0035655368119478226,0.003523137653246522,0.00025030499091371894,0.9268274903297424,0.926903486251831,0.0,0.0032757779117673635,0.0,0.0,0.13958090543746948,0.126256063580513,,,,,,,,,,,,,,,,
38,0.9341495037078857,-0.014152389951050282,0.00349016347900033,0.003389236982911825,0.0002436902723275125,0.9270938038825989,0.9269589781761169,0.0,0.0031294343061745167,0.0,0.0,0.1523602157831192,0.12746351957321167,,,,,,,,,,,,,,,,
39,0.9338054060935974,-0.013367140665650368,0.0033853785134851933,0.0032900639344006777,0.00025485106743872166,0.926895797252655,0.9268544316291809,0.0,0.0029166769236326218,0.0,0.0,0.16465334594249725,0.12894584238529205,,,,,,,,,,,,,,,,
40,0.9339706897735596,-0.014918948523700237,0.003485740628093481,0.0033318258356302977,0.0002343937085242942,0.9268469214439392,0.9269905090332031,0.0,0.0028702609706670046,0.0,0.0,0.17779670655727386,0.1304463893175125,,,,,,,,,,,,,,,,
41,0.9336525797843933,-0.01876453123986721,0.0033572856336832047,0.0032671233639121056,0.00022945435193832964,0.9267084002494812,0.9268890619277954,0.0,0.002926853019744158,0.0,0.0,0.19615507125854492,0.13240256905555725,,,,,,,,,,,,,,,,
42,0.9334455132484436,-0.019912995398044586,0.0032860434148460627,0.0033834076020866632,0.00021543889306485653,0.9266930222511292,0.9264283180236816,0.0,0.002701360732316971,0.0,0.0,0.2138841450214386,0.13414035737514496,,,,,,,,,,,,,,,,
43,0.933250367641449,-0.021175026893615723,0.003207578556612134,0.003190387040376663,0.00020918842346873134,0.9269088506698608,0.926377534866333,0.0,0.0027645668014883995,0.0,0.0,0.23099513351917267,0.13589505851268768,,,,,,,,,,,,,,,,
44,0.9331524968147278,-0.024191580712795258,0.003216405166313052,0.003242283593863249,0.00019888467795681208,0.9266270399093628,0.9263627529144287,0.0,0.002351147122681141,0.0,0.0,0.2563236951828003,0.1381857693195343,,,,,,,,,,,,,,,,
45,0.9332815408706665,-0.024943554773926735,0.003289428073912859,0.0034314775839447975,0.00019966912805102766,0.9266169667243958,0.9261049628257751,0.0,0.002325652400031686,0.0,0.0,0.2788710594177246,0.14020061492919922,,,,,,,,,,,,,,,,
46,0.9330320954322815,-0.027827098965644836,0.0032320115715265274,0.00335949775762856,0.0001897399197332561,0.926432728767395,0.9260690212249756,0.0,0.001913130865432322,0.0,0.0,0.3030780851840973,0.14218303561210632,,,,,,,,,,,,,,,,
47,0.9328808188438416,-0.027405060827732086,0.003143025329336524,0.003289151005446911,0.00018650152196642011,0.9265010356903076,0.9260232448577881,0.0,0.002013707999140024,0.0,0.0,0.32936930656433105,0.1442769169807434,,,,,,,,,,,,,,,,
48,0.9327385425567627,-0.02973586693406105,0.0032360106706619263,0.0033117092680186033,0.00017626109183765948,0.9261802434921265,0.9258489012718201,0.0,0.002048776252195239,0.0,0.0,0.3622899353504181,0.1463392972946167,,,,,,,,,,,,,,,,
49,0.9324672818183899,-0.030466804280877113,0.00322909327223897,0.0033253130968660116,0.0001763145119184628,0.9258456826210022,0.9256274700164795,0.0,0.0023236284032464027,0.0,0.0,0.3907923102378845,0.14815878868103027,,,,,,,,,,,,,,,,
50,0.9323969483375549,-0.032426025718450546,0.00328222312964499,0.003292869310826063,0.00016684269940014929,0.9257640242576599,0.9255459308624268,0.0,0.0020540293771773577,0.0,0.0,0.41915658116340637,0.1496182531118393,,,,,,,,,,,,,,,,
51,0.9322690367698669,-0.033370401710271835,0.0032409923151135445,0.0034021460451185703,0.00015684418031014502,0.9257152676582336,0.9252228736877441,0.0,0.001957173692062497,0.0,0.0,0.45135563611984253,0.15142863988876343,,,,,,,,,,,,,,,,
52,0.9322593212127686,-0.03582663834095001,0.003328122664242983,0.003424200462177396,0.0001552409230498597,0.9255234599113464,0.9251800775527954,0.0,0.0019798660650849342,0.0,0.0,0.4825674593448639,0.15276475250720978,,,,,,,,,,,,,,,,
53,0.9321600198745728,-0.03388921543955803,0.003285419661551714,0.00329195917584002,0.0001481801300542429,0.9255357384681702,0.9253332018852234,0.0,0.0022229149471968412,0.0,0.0,0.5091508030891418,0.1543613076210022,,,,,,,,,,,,,,,,
54,0.9321157336235046,-0.03717700019478798,0.0032560175750404596,0.003242137376219034,0.00014088272291701287,0.9255372285842896,0.9254160523414612,0.0,0.002078321296721697,0.0,0.0,0.5435252785682678,0.15557868778705597,,,,,,,,,,,,,,,,
55,0.932067334651947,-0.038202330470085144,0.0033616211730986834,0.0032779197208583355,0.0001390001707477495,0.9252908825874329,0.9252866506576538,0.0,0.002380326623097062,0.0,0.0,0.572016716003418,0.15649154782295227,,,,,,,,,,,,,,,,
56,0.9320794343948364,-0.038988787680864334,0.0033349778968840837,0.003389866091310978,0.0001378978486172855,0.9253592491149902,0.92507404088974,0.0,0.0023736851289868355,0.0,0.0,0.5944887399673462,0.15734253823757172,,,,,,,,,,,,,,,,
57,0.9317952394485474,-0.041790202260017395,0.0031802174635231495,0.003181195817887783,0.00012563311611302197,0.9254852533340454,0.92513108253479,0.0,0.0025467798113822937,0.0,0.0,0.6105100512504578,0.15792842209339142,,,,,,,,,,,,,,,,
58,0.9316505193710327,-0.04210180789232254,0.003190351650118828,0.003192334668710828,0.00012385113222990185,0.925055205821991,0.9252327680587769,0.0,0.0024695550091564655,0.0,0.0,0.6321727633476257,0.15881015360355377,,,,,,,,,,,,,,,,
59,0.9316847324371338,-0.04528389126062393,0.003194248303771019,0.0031436400022357702,0.0001226558379130438,0.9252636432647705,0.9251846671104431,0.0,0.0023830931168049574,0.0,0.0,0.6484957933425903,0.1590975672006607,,,,,,,,,,,,,,,,
60,0.931520938873291,-0.045783743262290955,0.00327724264934659,0.0031802018638700247,0.0001236003590747714,0.9249846935272217,0.9248950481414795,0.0,0.0022229410242289305,0.0,0.0,0.6647542119026184,0.15937383472919464,,,,,,,,,,,,,,,,
61,0.93152916431427,-0.044344086199998856,0.003217909950762987,0.003250067587941885,0.0001163009146694094,0.9250465631484985,0.9248431921005249,0.0,0.0022420345339924097,0.0,0.0,0.672250509262085,0.15985441207885742,,,,,,,,,,,,,,,,
62,0.9315645098686218,-0.048561882227659225,0.003192368894815445,0.0031974047888070345,0.00010636072693159804,0.9251735210418701,0.9249632358551025,0.0,0.0019588975701481104,0.0,0.0,0.6827587485313416,0.1598568558692932,,,,,,,,,,,,,,,,
63,0.9314470887184143,-0.04711216688156128,0.0032228040508925915,0.0032570259645581245,0.00010512392327655107,0.9249864220619202,0.9247379302978516,0.0,0.0019899257458746433,0.0,0.0,0.6878880262374878,0.15991796553134918,,,,,,,,,,,,,,,,
64,0.931456446647644,-0.048237498849630356,0.0032337000593543053,0.003144157351925969,0.00010563268006080762,0.9250456690788269,0.924900233745575,0.0,0.002151542343199253,0.0,0.0,0.6847758889198303,0.15972942113876343,,,,,,,,,,,,,,,,
65,0.9312682747840881,-0.049711793661117554,0.003222895320504904,0.0032531225588172674,0.00010057100735139102,0.9247397184371948,0.9246436953544617,0.0,0.0020899022929370403,0.0,0.0,0.6908206939697266,0.15971101820468903,,,,,,,,,,,,,,,,
66,0.9312530755996704,-0.049806684255599976,0.0031587376724928617,0.003197023179382086,9.502450848231092e-05,0.9249702095985413,0.9246343374252319,0.0,0.0017740607727319002,0.0,0.0,0.6805703043937683,0.15929299592971802,,,,,,,,,,,,,,,,
67,0.9312520623207092,-0.05221273750066757,0.0031972795259207487,0.003230203641578555,9.794194920687005e-05,0.9247803092002869,0.9246730208396912,0.0,0.001595048001036048,0.0,0.0,0.6825342178344727,0.15915513038635254,,,,,,,,,,,,,,,,
68,0.9311187863349915,-0.053308241069316864,0.003108889563009143,0.0031781140714883804,9.27213768591173e-05,0.924899697303772,0.9245784282684326,0.0,0.0014721364714205265,0.0,0.0,0.6718007922172546,0.15855953097343445,,,,,,,,,,,,,,,,
69,0.9310546517372131,-0.0548081248998642,0.003146838629618287,0.0031928233802318573,9.443393355468288e-05,0.9247181415557861,0.9245229959487915,0.0,0.0015756604261696339,0.0,0.0,0.6615565419197083,0.15812689065933228,,,,,,,,,,,,,,,,
70,0.9310181140899658,-0.05551285296678543,0.0030758939683437347,0.003231349866837263,8.679355960339308e-05,0.9248650074005127,0.9243832230567932,0.0,0.001616445486433804,0.0,0.0,0.6507339477539062,0.15766607224941254,,,,,,,,,,,,,,,,
71,0.930942177772522,-0.057230621576309204,0.003103984287008643,0.0031442600302398205,8.317641186295077e-05,0.9247668981552124,0.9244546294212341,0.0,0.001475861412473023,0.0,0.0,0.6370925307273865,0.15692849457263947,,,,,,,,,,,,,,,,
72,0.9309698939323425,-0.05954485386610031,0.0030644452199339867,0.0032392407301813364,8.18299304228276e-05,0.9247364401817322,0.9244323372840881,0.0,0.0015194532461464405,0.0,0.0,0.6310427784919739,0.15634529292583466,,,,,,,,,,,,,,,,
73,0.9307757019996643,-0.06200949847698212,0.0031453589908778667,0.0031817834824323654,7.76751694502309e-05,0.9245156049728394,0.9242261648178101,0.0,0.001369255012832582,0.0,0.0,0.6124173402786255,0.15541589260101318,,,,,,,,,,,,,,,,
74,0.93076491355896,-0.0604211688041687,0.003116128733381629,0.0032058199867606163,7.745170296402648e-05,0.9245081543922424,0.9242229461669922,0.0,0.0012360905529931188,0.0,0.0,0.6031293869018555,0.1549079716205597,,,,,,,,,,,,,,,,
75,0.9308122396469116,-0.06181388720870018,0.0031958138570189476,0.003267414402216673,7.7655422501266e-05,0.9244132041931152,0.9241294264793396,0.0,0.0013114591129124165,0.0,0.0,0.582722544670105,0.15374933183193207,,,,,,,,,,,,,,,,
76,0.9307449460029602,-0.06362266093492508,0.00328350649215281,0.0032848436385393143,6.953199044801295e-05,0.9240949749946594,0.9241191148757935,0.0,0.001294838497415185,0.0,0.0,0.5757216811180115,0.15300054848194122,,,,,,,,,,,,,,,,
77,0.9306161403656006,-0.0617644339799881,0.0032643459271639585,0.0032012974843382835,8.159857679856941e-05,0.9241440296173096,0.9239938259124756,0.0,0.0012215861352160573,0.0,0.0,0.5663213133811951,0.15248386561870575,,,,,,,,,,,,,,,,
78,0.9305103421211243,-0.06374311447143555,0.003219770500436425,0.0032442882657051086,6.928094080649316e-05,0.9240061640739441,0.923947811126709,0.0,0.0012263243552297354,0.0,0.0,0.5505971312522888,0.15135717391967773,,,,,,,,,,,,,,,,
79,0.9306895136833191,-0.06372413784265518,0.0031103219371289015,0.003202766412869096,7.191194163169712e-05,0.9243961572647095,0.9242128133773804,0.0,0.0009509028168395162,0.0,0.0,0.5466338396072388,0.15084949135780334,,,,,,,,,,,,,,,,
80,0.9304563999176025,-0.06727539747953415,0.003182058222591877,0.0032196450047194958,6.695753108942881e-05,0.9240899085998535,0.9238855242729187,0.0,0.001313009182922542,0.0,0.0,0.5354856252670288,0.14987242221832275,,,,,,,,,,,,,,,,
81,0.9304008483886719,-0.06802201271057129,0.003251276910305023,0.0032712691463530064,6.614359153900295e-05,0.9239329695701599,0.9236912727355957,0.0,0.0013904068619012833,0.0,0.0,0.5228211879730225,0.14938399195671082,,,,,,,,,,,,,,,,
82,0.9304100871086121,-0.072212353348732,0.0033164171036332846,0.0031998560298234224,6.578525790246204e-05,0.9237938523292542,0.9238622188568115,0.0,0.0013555545592680573,0.0,0.0,0.5297511219978333,0.14865435659885406,,,,,,,,,,,,,,,,
83,0.9303774833679199,-0.07208296656608582,0.0032043091487139463,0.0031828165519982576,6.106204818934202e-05,0.9239667057991028,0.9238918423652649,0.0,0.0008962430292740464,0.0,0.0,0.5274944305419922,0.14801092445850372,,,,,,,,,,,,,,,,
84,0.9302763938903809,-0.07451537251472473,0.0033153765834867954,0.0032869509886950254,6.1030659708194435e-05,0.9236809611320496,0.9235450625419617,0.0,0.001132688019424677,0.0,0.0,0.5267034769058228,0.1476709097623825,,,,,,,,,,,,,,,,
85,0.9302140474319458,-0.07651779800653458,0.0032921715173870325,0.003406209172680974,5.784129461972043e-05,0.9235897660255432,0.9233258366584778,0.0,0.0010281777940690517,0.0,0.0,0.5289384126663208,0.1475134938955307,,,,,,,,,,,,,,,,
86,0.9302634000778198,-0.0751928836107254,0.0033198122400790453,0.00326205650344491,5.3690499044023454e-05,0.9236466884613037,0.9236090183258057,0.0,0.0010555055923759937,0.0,0.0,0.5216580033302307,0.14679165184497833,,,,,,,,,,,,,,,,
87,0.9302816987037659,-0.07743000239133835,0.0033575331326574087,0.0032767485827207565,5.614888868876733e-05,0.9235687851905823,0.9236137866973877,0.0,0.0012111227260902524,0.0,0.0,0.531896710395813,0.14628957211971283,,,,,,,,,,,,,,,,
88,0.9301794171333313,-0.07672405242919922,0.0033215598668903112,0.003336147405207157,5.1584993343567476e-05,0.92352294921875,0.923417329788208,0.0,0.0010730803478509188,0.0,0.0,0.538420557975769,0.14631357789039612,,,,,,,,,,,,,,,,
89,0.9301319122314453,-0.0770290344953537,0.0032319158781319857,0.003229677677154541,5.3920099162496626e-05,0.9236782193183899,0.923554539680481,0.0,0.0011979280970990658,0.0,0.0,0.5473235249519348,0.14546482264995575,,,,,,,,,,,,,,,,
90,0.9300441741943359,-0.07753875851631165,0.0032714789267629385,0.003276126692071557,5.179818981559947e-05,0.9234833717346191,0.9234060645103455,0.0,0.0012755441712215543,0.0,0.0,0.5558153390884399,0.14510788023471832,,,,,,,,,,,,,,,,
91,0.9302135705947876,-0.07946912944316864,0.003262660000473261,0.0032605906017124653,5.187824717722833e-05,0.9236603379249573,0.9236165285110474,0.0,0.0012445832835510373,0.0,0.0,0.5629804134368896,0.14480699598789215,,,,,,,,,,,,,,,,
92,0.9300307631492615,-0.08410204946994781,0.003282213816419244,0.003275396302342415,5.26937328686472e-05,0.9234734773635864,0.9233675003051758,0.0,0.0012304970296099782,0.0,0.0,0.5696236491203308,0.14447174966335297,,,,,,,,,,,,,,,,
93,0.9299559593200684,-0.08511238545179367,0.0031933344434946775,0.0031813280656933784,5.115003659739159e-05,0.9235633015632629,0.9234970211982727,0.0,0.0011629697401076555,0.0,0.0,0.5675392746925354,0.14401376247406006,,,,,,,,,,,,,,,,
94,0.9299202561378479,-0.08710408210754395,0.00330429058521986,0.003379542613402009,4.7149438614724204e-05,0.9232871532440186,0.9230914115905762,0.0,0.0013483616057783365,0.0,0.0,0.5806647539138794,0.14369210600852966,,,,,,,,,,,,,,,,
95,0.9299502968788147,-0.08758243918418884,0.003351768711581826,0.0033923876471817493,4.450111373444088e-05,0.9232165813446045,0.9231066703796387,0.0,0.0013450132682919502,0.0,0.0,0.5929789543151855,0.14348988234996796,,,,,,,,,,,,,,,,
96,0.9296897053718567,-0.08459632843732834,0.0032649580389261246,0.0032477041240781546,4.325288682593964e-05,0.9231494665145874,0.9231181144714355,0.0,0.0011575426906347275,0.0,0.0,0.5981290936470032,0.1429106742143631,,,,,,,,,,,,,,,,
97,0.929860532283783,-0.08749950677156448,0.0033018181566148996,0.003278084099292755,4.962417733622715e-05,0.9231724143028259,0.9232895374298096,0.0,0.001115266582928598,0.0,0.0,0.6073790788650513,0.14202861487865448,,,,,,,,,,,,,,,,
98,0.9296311140060425,-0.08861387521028519,0.003301426535472274,0.0032667561899870634,4.5093231165083125e-05,0.9230536222457886,0.9229820370674133,0.0,0.0011805722024291754,0.0,0.0,0.620578408241272,0.14182434976100922,,,,,,,,,,,,,,,,
99,0.9297162294387817,-0.09018108248710632,0.0032597442623227835,0.0032789786346256733,4.225539669278078e-05,0.9232116341590881,0.9230589270591736,0.0,0.0007948606507852674,0.0,0.0,0.628298282623291,0.1411622166633606,,,,,,,,,,,,,,,,
100,0.9297444820404053,-0.09027213603258133,0.0033340048976242542,0.0033202432096004486,3.892777385772206e-05,0.9230878949165344,0.9230147004127502,0.0,0.000880371080711484,0.0,0.0,0.6350705623626709,0.14097724854946136,,,,,,,,,,,,,,,,
101,0.9297462701797485,-0.09388358145952225,0.0033080975990742445,0.003348983358591795,4.2003870476037264e-05,0.923130989074707,0.9229633808135986,0.0,0.0009674752363935113,0.0,0.0,0.6403119564056396,0.14045940339565277,,,,,,,,,,,,,,,,
102,0.9296140074729919,-0.09651511907577515,0.003317289985716343,0.0032812654972076416,4.2039318941533566e-05,0.9230434894561768,0.922903299331665,0.0,0.0007883167127147317,0.0,0.0,0.6489506363868713,0.1397494375705719,,,,,,,,,,,,,,,,
103,0.9296130537986755,-0.09599722921848297,0.003399111097678542,0.0032474177423864603,4.1076189518207684e-05,0.9228565692901611,0.9229944348335266,0.0,0.0008664775523357093,0.0,0.0,0.6560381054878235,0.1390116810798645,,,,,,,,,,,,,,,,
104,0.9296213984489441,-0.09785200655460358,0.003315143985673785,0.0033888742327690125,4.17035844293423e-05,0.9229744672775269,0.9227769374847412,0.0,0.0007991389138624072,0.0,0.0,0.6754772663116455,0.1389385163784027,,,,,,,,,,,,,,,,
105,0.9298131465911865,-0.09929024428129196,0.0033297224435955286,0.003317757975310087,3.527994704199955e-05,0.9231827855110168,0.9230779409408569,0.0,0.0008974360534921288,0.0,0.0,0.6884779334068298,0.13865965604782104,,,,,,,,,,,,,,,,
106,0.929642379283905,-0.09852510690689087,0.003341356525197625,0.0034057931043207645,3.594722511479631e-05,0.922966718673706,0.9227519631385803,0.0,0.0009615566814318299,0.0,0.0,0.6934438943862915,0.13862738013267517,,,,,,,,,,,,,,,,
107,0.9296699166297913,-0.09906665235757828,0.003230101428925991,0.0032839388586580753,3.633630331023596e-05,0.9232242107391357,0.9230148792266846,0.0,0.0008400532533414662,0.0,0.0,0.7068478465080261,0.13799424469470978,,,,,,,,,,,,,,,,
108,0.9295574426651001,-0.10101581364870071,0.0032391275744885206,0.0032901144586503506,3.512244438752532e-05,0.9230907559394836,0.9228953719139099,0.0,0.0007641730480827391,0.0,0.0,0.7177689671516418,0.1376304179430008,,,,,,,,,,,,,,,,
109,0.9295703172683716,-0.101718969643116,0.0032713529653847218,0.0033307585399597883,3.202732841600664e-05,0.9230154752731323,0.9228569269180298,0.0,0.0008206776110455394,0.0,0.0,0.7191640734672546,0.13763350248336792,,,,,,,,,,,,,,,,
110,0.9294475317001343,-0.1030217856168747,0.0032141285482794046,0.003282130928710103,3.1577936169924214e-05,0.9229891300201416,0.9228502511978149,0.0,0.0006918195285834372,0.0,0.0,0.7275620698928833,0.13681647181510925,,,,,,,,,,,,,,,,
111,0.9295042753219604,-0.10585121810436249,0.003384634619578719,0.003454680787399411,3.2757372537162155e-05,0.92277991771698,0.9224844574928284,0.0,0.0009179979097098112,0.0,0.0,0.7362505197525024,0.13657839596271515,,,,,,,,,,,,,,,,
112,0.9294207692146301,-0.10638559609651566,0.0033992845565080643,0.003367481054738164,3.225171531084925e-05,0.92263263463974,0.922610878944397,0.0,0.0007828963571228087,0.0,0.0,0.743524432182312,0.13599196076393127,,,,,,,,,,,,,,,,
113,0.9294226169586182,-0.10752704739570618,0.0034182798117399216,0.003374688094481826,3.1921634217724204e-05,0.9225922226905823,0.922603189945221,0.0,0.0007660399423912168,0.0,0.0,0.7399942874908447,0.1355183720588684,,,,,,,,,,,,,,,,
114,0.9294652938842773,-0.10909459739923477,0.00341205857694149,0.003375202650204301,3.1023599149193615e-05,0.9227390289306641,0.9225549101829529,0.0,0.0007157069048844278,0.0,0.0,0.7488630414009094,0.13509449362754822,,,,,,,,,,,,,,,,
115,0.9293099641799927,-0.10950206965208054,0.003328274702653289,0.003364648437127471,2.8244850909686647e-05,0.9226382374763489,0.9225393533706665,0.0,0.0011144530726596713,0.0,0.0,0.7577952742576599,0.1350119560956955,,,,,,,,,,,,,,,,
116,0.9293851852416992,-0.1088646724820137,0.003444136818870902,0.0034197166096419096,2.9687107598874718e-05,0.92254638671875,0.9224368929862976,0.0,0.0007041089702397585,0.0,0.0,0.761335551738739,0.1347072273492813,,,,,,,,,,,,,,,,
117,0.9292713403701782,-0.11049288511276245,0.003359740599989891,0.0033803561236709356,2.7898069674847648e-05,0.922592043876648,0.9224146008491516,0.0,0.000813045131508261,0.0,0.0,0.7581722736358643,0.1343161016702652,,,,,,,,,,,,,,,,
118,0.9291747808456421,-0.10838530212640762,0.003386635333299637,0.0033792327158153057,3.048990765819326e-05,0.9224622845649719,0.9222946166992188,0.0,0.0007338077411986887,0.0,0.0,0.7730700969696045,0.13409291207790375,,,,,,,,,,,,,,,,
119,0.9293539524078369,-0.11068686097860336,0.003393657272681594,0.0033533337991684675,2.7574606065172702e-05,0.9225466847419739,0.922612190246582,0.0,0.0006251272279769182,0.0,0.0,0.7795408368110657,0.13373853266239166,,,,,,,,,,,,,,,,
120,0.9292197823524475,-0.11097706854343414,0.003325976897031069,0.0033923275768756866,2.5901350454660133e-05,0.9226291179656982,0.9223219752311707,0.0,0.0006485998164862394,0.0,0.0,0.7827932238578796,0.13344328105449677,,,,,,,,,,,,,,,,
121,0.929296612739563,-0.11449100077152252,0.003405750961974263,0.0033584500197321177,2.6201047148788348e-05,0.9225214719772339,0.9224909543991089,0.0,0.0006723764818161726,0.0,0.0,0.779569149017334,0.13301125168800354,,,,,,,,,,,,,,,,
122,0.929226279258728,-0.11830335855484009,0.003547788830474019,0.0034788285847753286,2.353442323510535e-05,0.9222252368927002,0.9221269488334656,0.0,0.0008230993407778442,0.0,0.0,0.784972071647644,0.1324532926082611,,,,,,,,,,,,,,,,
123,0.9291328191757202,-0.11823545396327972,0.0034678170923143625,0.0034592056181281805,2.4539238438592292e-05,0.9222108125686646,0.9221516847610474,0.0,0.0009565326618030667,0.0,0.0,0.7788298726081848,0.1321628987789154,,,,,,,,,,,,,,,,
124,0.9292891621589661,-0.1174011081457138,0.003328931052237749,0.0033301773946732283,2.5709074179758318e-05,0.922653317451477,0.9225553870201111,0.0,0.0007540307124145329,0.0,0.0,0.7874528765678406,0.13184215128421783,,,,,,,,,,,,,,,,
125,0.9292465448379517,-0.11998247355222702,0.0035042562521994114,0.003459257073700428,2.5366251065861434e-05,0.9222827553749084,0.9222325086593628,0.0,0.0008018437656573951,0.0,0.0,0.7831778526306152,0.13126882910728455,,,,,,,,,,,,,,,,
126,0.9292202591896057,-0.12220913171768188,0.0034108206164091825,0.003424597205594182,2.1894113160669804e-05,0.9224273562431335,0.9222985506057739,0.0,0.0007840021862648427,0.0,0.0,0.7881394624710083,0.13073480129241943,,,,,,,,,,,,,,,,
127,0.9289920330047607,-0.12191171199083328,0.0034932326525449753,0.003466457361355424,2.406000203336589e-05,0.9220380187034607,0.9219784736633301,0.0,0.0007055916939862072,0.0,0.0,0.7943904399871826,0.1304488331079483,,,,,,,,,,,,,,,,
128,0.929114580154419,-0.12254225462675095,0.0034100469201803207,0.0034432525280863047,2.2770702344132587e-05,0.9222464561462402,0.92223060131073,0.0,0.0009117829031310976,0.0,0.0,0.7994086146354675,0.130435511469841,,,,,,,,,,,,,,,,
129,0.9291030168533325,-0.12287352234125137,0.00342575553804636,0.0034359940327703953,2.0350917111500166e-05,0.9222850203514099,0.9221568703651428,0.0,0.0006269673467613757,0.0,0.0,0.8008522987365723,0.13035494089126587,,,,,,,,,,,,,,,,
130,0.9290539622306824,-0.12703359127044678,0.0034003788605332375,0.0034168639685958624,2.2094365704106167e-05,0.9222185015678406,0.922210693359375,0.0,0.0007529973518103361,0.0,0.0,0.7961476445198059,0.12906478345394135,,,,,,,,,,,,,,,,
131,0.929011344909668,-0.12664812803268433,0.0034251674078404903,0.0034018312580883503,1.9876068108715117e-05,0.9221976399421692,0.9221312403678894,0.0,0.00068240164546296,0.0,0.0,0.7904770374298096,0.12931400537490845,,,,,,,,,,,,,,,,
132,0.9290193319320679,-0.12712262570858002,0.0034300778061151505,0.003421913832426071,2.2465350411948748e-05,0.9222003221511841,0.9220895171165466,0.0,0.0006678244681097567,0.0,0.0,0.8087309002876282,0.1287369281053543,,,,,,,,,,,,,,,,
133,0.92896968126297,-0.12778496742248535,0.003431997261941433,0.0034182018134742975,2.3225800759973936e-05,0.9221033453941345,0.9220892190933228,0.0,0.0007016154704615474,0.0,0.0,0.7964898347854614,0.12832577526569366,,,,,,,,,,,,,,,,
134,0.9290305376052856,-0.13048870861530304,0.0035197788383811712,0.003478766418993473,1.8977894796989858e-05,0.922103762626648,0.9219222068786621,0.0,0.0008028127485886216,0.0,0.0,0.8038772940635681,0.12795387208461761,,,,,,,,,,,,,,,,
135,0.9289664626121521,-0.13054022192955017,0.0034779952839016914,0.0035881977528333664,1.928812707774341e-05,0.922069251537323,0.9216927289962769,0.0,0.0005860621458850801,0.0,0.0,0.8054981231689453,0.1278667449951172,,,,,,,,,,,,,,,,
136,0.9289230704307556,-0.13413748145103455,0.003558557480573654,0.003533461131155491,2.3549619072582573e-05,0.9218676686286926,0.9217474460601807,0.0,0.0006615123129449785,0.0,0.0,0.8143777251243591,0.1282402127981186,,,,,,,,,,,,,,,,
137,0.9289019107818604,-0.1313602775335312,0.003533746348693967,0.003592580556869507,1.9573093595681712e-05,0.921852707862854,0.9216592907905579,0.0,0.0005662580369971693,0.0,0.0,0.8087565302848816,0.12776954472064972,,,,,,,,,,,,,,,,
138,0.9289345741271973,-0.13448308408260345,0.003339871997013688,0.003371667116880417,1.8650027413968928e-05,0.9223517179489136,0.9220569729804993,0.0,0.0005782059743069112,0.0,0.0,0.8124362230300903,0.1274367719888687,,,,,,,,,,,,,,,,
139,0.9287856221199036,-0.136192187666893,0.003512205556035042,0.0034965937957167625,2.180788214900531e-05,0.9218078255653381,0.9217022061347961,0.0,0.0005281490157358348,0.0,0.0,0.8178664445877075,0.12810483574867249,,,,,,,,,,,,,,,,
140,0.9288485050201416,-0.13606500625610352,0.0034952859859913588,0.0034463810734450817,1.8488115529180504e-05,0.9219339489936829,0.9218427538871765,0.0,0.0006619699415750802,0.0,0.0,0.8187604546546936,0.12739911675453186,,,,,,,,,,,,,,,,
141,0.9288462996482849,-0.13762591779232025,0.003577186493203044,0.003542266320437193,2.158250572392717e-05,0.921735942363739,0.9216744899749756,0.0,0.0006177515024319291,0.0,0.0,0.8263063430786133,0.12725156545639038,,,,,,,,,,,,,,,,
142,0.9290900826454163,-0.13842123746871948,0.0034462595358490944,0.0034584817476570606,1.7656806448940188e-05,0.9221903681755066,0.9221450090408325,0.0,0.0006583550130017102,0.0,0.0,0.8240821361541748,0.12783589959144592,,,,,,,,,,,,,,,,
143,0.9287623763084412,-0.13778451085090637,0.0034765589516609907,0.0034504865761846304,1.6625288481009193e-05,0.9218311309814453,0.921806275844574,0.0,0.000462664058431983,0.0,0.0,0.8311617374420166,0.12762968242168427,,,,,,,,,,,,,,,,
144,0.9289065599441528,-0.142614483833313,0.003541999962180853,0.0035666553303599358,2.0072966435691342e-05,0.9218676686286926,0.9216879606246948,0.0,0.0005277502350509167,0.0,0.0,0.8259301781654358,0.12762312591075897,,,,,,,,,,,,,,,,
145,0.9287164211273193,-0.14165206253528595,0.0034728175960481167,0.0035528733860701323,1.6001662515918724e-05,0.9217876195907593,0.9215617775917053,0.0,0.0003580803459044546,0.0,0.0,0.8425761461257935,0.12699896097183228,,,,,,,,,,,,,,,,
146,0.9288496971130371,-0.14272841811180115,0.003521421691402793,0.003544383216649294,1.709870593913365e-05,0.921826183795929,0.9217074513435364,0.0,0.00047398239257745445,0.0,0.0,0.8264344334602356,0.1269325613975525,,,,,,,,,,,,,,,,
147,0.9286973476409912,-0.14179037511348724,0.0034432674292474985,0.003498740028589964,1.812570189940743e-05,0.9217919707298279,0.9216824769973755,0.0,0.0005876749055460095,0.0,0.0,0.8234037756919861,0.12611651420593262,,,,,,,,,,,,,,,,
148,0.9287264943122864,-0.14571191370487213,0.0034576670732349157,0.0035193057265132666,1.61569842020981e-05,0.9217975735664368,0.9216691255569458,0.0,0.0005345860263332725,0.0,0.0,0.8324944376945496,0.12577304244041443,,,,,,,,,,,,,,,,
149,0.9289271831512451,-0.14646084606647491,0.003414630424231291,0.0034353677183389664,1.6632675396976992e-05,0.9221526980400085,0.921968400478363,0.0,0.00041025213431566954,0.0,0.0,0.8343006372451782,0.12602971494197845,,,,,,,,,,,,,,,,
150,0.9286280870437622,-0.14736506342887878,0.003640709677711129,0.003705642418935895,1.5432284271810204e-05,0.9214121103286743,0.9211205840110779,0.0,0.0004382695769891143,0.0,0.0,0.8224391341209412,0.1259283572435379,,,,,,,,,,,,,,,,
151,0.9287257790565491,-0.1487576812505722,0.003597336122766137,0.0035724842455238104,1.616454574104864e-05,0.9215599298477173,0.9215195775032043,0.0,0.0004708878695964813,0.0,0.0,0.842775285243988,0.12624101340770721,,,,,,,,,,,,,,,,
152,0.9286206960678101,-0.1498042494058609,0.003569431835785508,0.0035641067661345005,1.531055568193551e-05,0.9215252995491028,0.9214184284210205,0.0,0.0005727836978621781,0.0,0.0,0.8310192227363586,0.12570606172084808,,,,,,,,,,,,,,,,
153,0.9286838173866272,-0.1494065523147583,0.003607523161917925,0.0036575363483279943,1.4299229405878577e-05,0.9215346574783325,0.9212743639945984,0.0,0.000432974542491138,0.0,0.0,0.8386304974555969,0.12584908306598663,,,,,,,,,,,,,,,,
154,0.9288238286972046,-0.150090292096138,0.0035985533613711596,0.0035359596367925406,1.4458831174124498e-05,0.9216660261154175,0.921683669090271,0.0,0.00047587245353497565,0.0,0.0,0.8562289476394653,0.12526202201843262,,,,,,,,,,,,,,,,
155,0.9287901520729065,-0.152592733502388,0.0035469154827296734,0.003552516456693411,1.646778946451377e-05,0.9217982292175293,0.9215503334999084,0.0,0.00047563848784193397,0.0,0.0,0.8499847054481506,0.12523730099201202,,,,,,,,,,,,,,,,
156,0.9286720156669617,-0.15283235907554626,0.003510043490678072,0.0035471655428409576,1.4461779755947646e-05,0.9216594696044922,0.9215412139892578,0.0,0.0004947974230162799,0.0,0.0,0.8556957244873047,0.1250588446855545,,,,,,,,,,,,,,,,
157,0.9286554455757141,-0.15478534996509552,0.003613393986597657,0.003591288812458515,1.5171143786574248e-05,0.9214609265327454,0.9214102029800415,0.0,0.00045232276897877455,0.0,0.0,0.8441775441169739,0.12466233968734741,,,,,,,,,,,,,,,,
158,0.9286399483680725,-0.15625649690628052,0.003573742462322116,0.003578976960852742,1.7400325305061415e-05,0.9215203523635864,0.9214192628860474,0.0,0.0003538351447787136,0.0,0.0,0.8501194715499878,0.12501126527786255,,,,,,,,,,,,,,,,
159,0.9287370443344116,-0.157725527882576,0.003456647275015712,0.0035286357160657644,1.5243448615365196e-05,0.921816349029541,0.9216567277908325,0.0,0.0004433704598341137,0.0,0.0,0.8431493639945984,0.12472612410783768,,,,,,,,,,,,,,,,
160,0.9287033677101135,-0.15852870047092438,0.0035935004707425833,0.003524085972458124,1.3518743799068034e-05,0.9215918779373169,0.9215526580810547,0.0,0.000358872814103961,0.0,0.0,0.8438126444816589,0.12510526180267334,,,,,,,,,,,,,,,,
161,0.9284924864768982,-0.15940657258033752,0.003564106533303857,0.003574928268790245,1.4764869774808176e-05,0.9213899374008179,0.921287477016449,0.0,0.0005427190917544067,0.0,0.0,0.8335637450218201,0.12467358261346817,,,,,,,,,,,,,,,,
162,0.9285866022109985,-0.15978854894638062,0.003578886156901717,0.0036109720822423697,1.3121692063577939e-05,0.9214351773262024,0.9213321208953857,0.0,0.000287892937194556,0.0,0.0,0.846342921257019,0.12458368390798569,,,,,,,,,,,,,,,,
163,0.9286216497421265,-0.161065474152565,0.003626865101978183,0.003609098494052887,1.3429407772491686e-05,0.9214436411857605,0.9213008284568787,0.0,0.0004693909431807697,0.0,0.0,0.8370441198348999,0.12458515167236328,,,,,,,,,,,,,,,,
164,0.9285613894462585,-0.1608133465051651,0.0036976824048906565,0.003659304929897189,1.4522999663313385e-05,0.9211986660957336,0.9211810827255249,0.0,0.0002741174539551139,0.0,0.0,0.8493290543556213,0.12447714060544968,,,,,,,,,,,,,,,,
165,0.9285635352134705,-0.16221123933792114,0.0036121862940490246,0.003634048392996192,1.3403572665993124e-05,0.9213412404060364,0.921266496181488,0.0,0.0004300617438275367,0.0,0.0,0.8538733124732971,0.12459492683410645,,,,,,,,,,,,,,,,
166,0.9285331964492798,-0.16440349817276,0.0036321282386779785,0.0035666709300130606,1.3120124094712082e-05,0.9213070869445801,0.9213355183601379,0.0,0.0005383136449381709,0.0,0.0,0.8430574536323547,0.12450363487005234,,,,,,,,,,,,,,,,
167,0.928554892539978,-0.16821612417697906,0.0034386448096483946,0.0035269816871732473,1.2793682799383532e-05,0.921657145023346,0.921495795249939,0.0,0.0004484329838305712,0.0,0.0,0.8415567874908447,0.12411625683307648,,,,,,,,,,,,,,,,
168,0.9285493493080139,-0.16977019608020782,0.0037072990089654922,0.00366590335033834,1.2337816770013887e-05,0.9211812615394592,0.9211463928222656,0.0,0.0003966109943576157,0.0,0.0,0.8507847785949707,0.12437468767166138,,,,,,,,,,,,,,,,
169,0.9285287261009216,-0.16960759460926056,0.0036035249941051006,0.0035726989153772593,1.1069185347878374e-05,0.9213394522666931,0.9213433861732483,0.0,0.0004058030608575791,0.0,0.0,0.8550522923469543,0.12482304871082306,,,,,,,,,,,,,,,,
170,0.9285234808921814,-0.17012132704257965,0.0036369510926306248,0.00355822267010808,1.333752788923448e-05,0.921290934085846,0.9213389754295349,0.0,0.000422117329435423,0.0,0.0,0.8405890464782715,0.12471834570169449,,,,,,,,,,,,,,,,
171,0.9286406636238098,-0.16935622692108154,0.003521587233990431,0.003556319512426853,1.511551636212971e-05,0.9216069579124451,0.9214882850646973,0.0,0.00043008034117519855,0.0,0.0,0.8595902919769287,0.12453813850879669,,,,,,,,,,,,,,,,
172,0.9284507632255554,-0.1711793690919876,0.0037086864467710257,0.003645082237198949,1.3511658835341223e-05,0.9210647940635681,0.9211022257804871,0.0,0.00039905100129544735,0.0,0.0,0.8537160754203796,0.12333782017230988,,,,,,,,,,,,,,,,
173,0.928440272808075,-0.17004550993442535,0.0035937787033617496,0.003600015304982662,1.1583708328544162e-05,0.9212411046028137,0.9212287068367004,0.0,0.0005216929712332785,0.0,0.0,0.840610921382904,0.123843714594841,,,,,,,,,,,,,,,,
174,0.9284577965736389,-0.17084117233753204,0.0036359226796776056,0.003626985475420952,1.4236277820600662e-05,0.9212543964385986,0.9211069345474243,0.0,0.00032681957236491144,0.0,0.0,0.8454558849334717,0.12387564033269882,,,,,,,,,,,,,,,,
175,0.9283671975135803,-0.17161644995212555,0.0036301694344729185,0.0035882529336959124,1.0807802937051747e-05,0.9211117625236511,0.9211642146110535,0.0,0.00027643036446534097,0.0,0.0,0.8379897475242615,0.12392785400152206,,,,,,,,,,,,,,,,
176,0.9285160303115845,-0.17388838529586792,0.003694992046803236,0.003623000578954816,1.0186236067966092e-05,0.9211681485176086,0.92120760679245,0.0,0.0005068600876256824,0.0,0.0,0.8407696485519409,0.12306065857410431,,,,,,,,,,,,,,,,
177,0.9285107254981995,-0.1756850630044937,0.003650384023785591,0.0036281996872276068,1.1628494576143567e-05,0.9211999773979187,0.9212411046028137,0.0,0.00027389812748879194,0.0,0.0,0.8221858739852905,0.12238586694002151,,,,,,,,,,,,,,,,
178,0.9284056425094604,-0.17722204327583313,0.0036375035997480154,0.00354531011544168,1.2048321877955459e-05,0.9211987853050232,0.9212227463722229,0.0,0.00039610668318346143,0.0,0.0,0.8307692408561707,0.12249558418989182,,,,,,,,,,,,,,,,
179,0.9284740686416626,-0.17761315405368805,0.0037525324150919914,0.003758729435503483,1.1484338756417856e-05,0.921035885810852,0.9208667278289795,0.0,0.0005200693267397583,0.0,0.0,0.8162941932678223,0.12196125090122223,,,,,,,,,,,,,,,,
180,0.928440511226654,-0.17839844524860382,0.0036396754439920187,0.003613207722082734,1.1119024748040829e-05,0.921238899230957,0.9211140871047974,0.0,0.00042129040230065584,0.0,0.0,0.8295450806617737,0.12202788144350052,,,,,,,,,,,,,,,,
181,0.9283657073974609,-0.18030822277069092,0.0036408696323633194,0.0036234057042747736,1.2254006833245512e-05,0.9211491346359253,0.9210291504859924,0.0,0.0002620185841806233,0.0,0.0,0.8272265791893005,0.1218198835849762,,,,,,,,,,,,,,,,
182,0.9286438226699829,-0.1831648349761963,0.003706776537001133,0.0037485461216419935,1.1240169442316983e-05,0.9212920069694519,0.9210625886917114,0.0,0.00038964080158621073,0.0,0.0,0.8299933671951294,0.12178870290517807,,,,,,,,,,,,,,,,
183,0.9283226132392883,-0.18460671603679657,0.0036819935776293278,0.003700499190017581,1.0393589036539197e-05,0.9209900498390198,0.9208694100379944,0.0,0.0005069405888207257,0.0,0.0,0.82943195104599,0.12225751578807831,,,,,,,,,,,,,,,,
184,0.9284284710884094,-0.18339630961418152,0.003744725603610277,0.0038153696805238724,1.1900163372047246e-05,0.9209445118904114,0.9207684397697449,0.0,0.0004331009986344725,0.0,0.0,0.8352289795875549,0.12227005511522293,,,,,,,,,,,,,,,,
185,0.928406298160553,-0.1838701367378235,0.0036824585404247046,0.0036732202861458063,1.0319127795810346e-05,0.9210679531097412,0.9210126996040344,0.0,0.0003865101025439799,0.0,0.0,0.8453421592712402,0.12279100716114044,,,,,,,,,,,,,,,,
186,0.9283355474472046,-0.1835823357105255,0.0035709713120013475,0.0035112828481942415,1.0081534128403291e-05,0.9212726354598999,0.9212138056755066,0.0,0.0004733988898806274,0.0,0.0,0.8486037850379944,0.12311052531003952,,,,,,,,,,,,,,,,
187,0.9282293319702148,-0.18471500277519226,0.003659234382212162,0.0036541190929710865,1.1599369827308692e-05,0.9209147691726685,0.9208939671516418,0.0,0.0003271810710430145,0.0,0.0,0.8378783464431763,0.12239659577608109,,,,,,,,,,,,,,,,
188,0.9284277558326721,-0.18940261006355286,0.003666584612801671,0.003643069649115205,1.0661102351150475e-05,0.9211608171463013,0.9210540652275085,0.0,0.00027624130598269403,0.0,0.0,0.8351355195045471,0.1233849972486496,,,,,,,,,,,,,,,,
189,0.9284468293190002,-0.19199542701244354,0.0035937416832894087,0.0036018583923578262,1.0275331987941172e-05,0.9212928414344788,0.9211889505386353,0.0,0.0005417983629740775,0.0,0.0,0.8434587717056274,0.12241362035274506,,,,,,,,,,,,,,,,
190,0.9283189177513123,-0.19244693219661713,0.0036660016048699617,0.0036384016275405884,1.0779809599625878e-05,0.9210059642791748,0.9210015535354614,0.0,0.00040034583071246743,0.0,0.0,0.8522549271583557,0.12321334332227707,,,,,,,,,,,,,,,,
191,0.9282741546630859,-0.19161978363990784,0.003764380468055606,0.00371547881513834,9.212323675455991e-06,0.9208192825317383,0.9207509160041809,0.0,0.0005789726856164634,0.0,0.0,0.8426199555397034,0.12363981455564499,,,,,,,,,,,,,,,,
192,0.928301990032196,-0.19296149909496307,0.0037536390591412783,0.003687564516440034,9.446393960388377e-06,0.9209011197090149,0.92080157995224,0.0,0.0002595103869680315,0.0,0.0,0.8416299223899841,0.12348197400569916,,,,,,,,,,,,,,,,
193,0.9282527565956116,-0.1932896077632904,0.0037212329916656017,0.0036583358887583017,8.808995517028961e-06,0.9208598732948303,0.9208689332008362,0.0,0.0004031617136206478,0.0,0.0,0.8539633750915527,0.1231895461678505,,,,,,,,,,,,,,,,
194,0.9283273220062256,-0.1946866512298584,0.0037776536773890257,0.003704311791807413,9.127486009674612e-06,0.9208002090454102,0.920872151851654,0.0,0.0003634053864516318,0.0,0.0,0.8428446054458618,0.12261176109313965,,,,,,,,,,,,,,,,
195,0.9283730983734131,-0.19488970935344696,0.003727635834366083,0.0036894537042826414,1.0147726243303623e-05,0.9209507703781128,0.9209410548210144,0.0,0.0004117882635910064,0.0,0.0,0.8424909114837646,0.12195876985788345,,,,,,,,,,,,,,,,
196,0.928347110748291,-0.19647720456123352,0.003751720068976283,0.003738304367288947,8.336058272107039e-06,0.9208633899688721,0.9208341240882874,0.0,0.0003301362448837608,0.0,0.0,0.8372999429702759,0.12183963507413864,,,,,,,,,,,,,,,,
197,0.9282668232917786,-0.19760240614414215,0.003564251586794853,0.003549721324816346,8.745872037252411e-06,0.9211352467536926,0.9211529493331909,0.0,0.000339434074703604,0.0,0.0,0.8227794766426086,0.12130909413099289,,,,,,,,,,,,,,,,
198,0.9284237623214722,-0.1967674046754837,0.0036414316855371,0.0036725415848195553,8.211615750042256e-06,0.9211671948432922,0.9210360050201416,0.0,0.00036111476947553456,0.0,0.0,0.8188368678092957,0.12066004425287247,,,,,,,,,,,,,,,,
199,0.9283081889152527,-0.19769060611724854,0.0037376261316239834,0.003731656353920698,8.906527909857687e-06,0.9208337664604187,0.9208263158798218,0.0,0.00029683217871934175,0.0,0.0,0.8246591091156006,0.12081506103277206,,,,,,,,,,,,,,,,
200,0.9283117651939392,-0.2014329731464386,0.003667928744107485,0.003692223224788904,8.996868928079493e-06,0.9210273623466492,0.920857846736908,0.0,0.00029012293089181185,0.0,0.0,0.8178761005401611,0.12041566520929337,,,,,,,,,,,,,,,,
201,0.9282166957855225,-0.20010070502758026,0.0037593396846204996,0.0036878937389701605,8.41307428345317e-06,0.9207656979560852,0.9207563996315002,0.0,0.0004546480195131153,0.0,0.0,0.8235833048820496,0.12000258266925812,,,,,,,,,,,,,,,,
202,0.9283678531646729,-0.20231010019779205,0.0037487572990357876,0.003717321902513504,8.435951713181566e-06,0.9208951592445374,0.9208914041519165,0.0,0.0002975615789182484,0.0,0.0,0.8158460259437561,0.11999277025461197,,,,,,,,,,,,,,,,
203,0.9282083511352539,-0.20255674421787262,0.003807633649557829,0.0037288616877049208,8.095017619780265e-06,0.9206023812294006,0.9207251667976379,0.0,0.0002477671660017222,0.0,0.0,0.8178287744522095,0.11935028433799744,,,,,,,,,,,,,,,,
204,0.9283736348152161,-0.2042800337076187,0.0037567184772342443,0.0036821088287979364,8.013042133825365e-06,0.9209356904029846,0.9209179878234863,0.0,0.0003259213117416948,0.0,0.0,0.8209741711616516,0.11927726864814758,,,,,,,,,,,,,,,,
205,0.9281522631645203,-0.20363213121891022,0.0036809828598052263,0.003702271729707718,8.073552635323722e-06,0.9208270311355591,0.9206948280334473,0.0,0.00032833265140652657,0.0,0.0,0.8130489587783813,0.11943832039833069,,,,,,,,,,,,,,,,
206,0.9282381534576416,-0.20651191473007202,0.0036511023063212633,0.0036509765777736902,8.804264325590339e-06,0.9210142493247986,0.9208402633666992,0.0,0.00021760335948783904,0.0,0.0,0.8189600110054016,0.11937782168388367,,,,,,,,,,,,,,,,
207,0.9283005595207214,-0.20795564353466034,0.003610893851146102,0.0035688343923538923,9.530846909910906e-06,0.9211645722389221,0.9210579991340637,0.0,0.0002475991495884955,0.0,0.0,0.8161048293113708,0.11963397264480591,,,,,,,,,,,,,,,,
208,0.9282375574111938,-0.2114594578742981,0.003746852744370699,0.00372557295486331,9.105922799790278e-06,0.9207996726036072,0.920712411403656,0.0,0.00019420670287217945,0.0,0.0,0.8321434855461121,0.12074147164821625,,,,,,,,,,,,,,,,
209,0.9282456040382385,-0.21109794080257416,0.003732953453436494,0.00373096764087677,6.952875082788523e-06,0.9208307862281799,0.9207187294960022,0.0,0.000274645775789395,0.0,0.0,0.8418858647346497,0.12021075934171677,,,,,,,,,,,,,,,,
210,0.9282468557357788,-0.21317362785339355,0.0036942341830581427,0.0036888420581817627,8.614249964011833e-06,0.92085862159729,0.9208517670631409,0.0,0.00026424764655530453,0.0,0.0,0.8506742119789124,0.12134260684251785,,,,,,,,,,,,,,,,
211,0.9282335638999939,-0.2127855122089386,0.0036811423487961292,0.0036537444684654474,9.088013030122966e-06,0.9209094643592834,0.920869767665863,0.0,0.00028878491139039397,0.0,0.0,0.8554126620292664,0.12122828513383865,,,,,,,,,,,,,,,,
212,0.9281948804855347,-0.20999814569950104,0.003789092879742384,0.003752096090465784,7.474237918358995e-06,0.9206295609474182,0.9206628799438477,0.0,0.00015159719623625278,0.0,0.0,0.8650534749031067,0.12219683080911636,,,,,,,,,,,,,,,,
213,0.9281948804855347,-0.21298953890800476,0.0036956078838557005,0.0037109525874257088,7.501980689994525e-06,0.9208077788352966,0.9207538962364197,0.0,0.00024623775971122086,0.0,0.0,0.8692258596420288,0.12195154279470444,,,,,,,,,,,,,,,,
214,0.9281843900680542,-0.2133946269750595,0.0038020797073841095,0.003753724042326212,8.575974788982421e-06,0.9205784201622009,0.9206616282463074,0.0,0.0002119967684848234,0.0,0.0,0.8622985482215881,0.12208180874586105,,,,,,,,,,,,,,,,
215,0.9281900525093079,-0.21597547829151154,0.0038102862890809774,0.003740810789167881,6.784707238693954e-06,0.9206276535987854,0.9206367135047913,0.0,0.00018779002130031586,0.0,0.0,0.8589691519737244,0.12199945002794266,,,,,,,,,,,,,,,,
216,0.9281668066978455,-0.21637846529483795,0.0038946298882365227,0.00385377649217844,7.146680218284018e-06,0.9204244613647461,0.9203979969024658,0.0,0.00021626589295919985,0.0,0.0,0.8482834696769714,0.12125059962272644,,,,,,,,,,,,,,,,
217,0.9282041192054749,-0.21714811027050018,0.0037732580676674843,0.003703456372022629,6.380126706062583e-06,0.9206992983818054,0.9207427501678467,0.0,0.0001878473995020613,0.0,0.0,0.8502798080444336,0.12164809554815292,,,,,,,,,,,,,,,,
218,0.9282075762748718,-0.2179889678955078,0.0037646773271262646,0.0037715036887675524,7.416817879857263e-06,0.9207169413566589,0.9206109642982483,0.0,0.00016934981977101415,0.0,0.0,0.8473563194274902,0.12097134441137314,,,,,,,,,,,,,,,,
219,0.9280315637588501,-0.21883845329284668,0.0037391548976302147,0.0036370062734931707,6.7054534156341106e-06,0.9205895662307739,0.9207078218460083,0.0,0.0002948811452370137,0.0,0.0,0.835051417350769,0.12044863402843475,,,,,,,,,,,,,,,,
220,0.928154706954956,-0.2195643037557602,0.0038070506416261196,0.003805160988122225,6.747339739376912e-06,0.9205777049064636,0.9204937815666199,0.0,0.00023681382299400866,0.0,0.0,0.825868546962738,0.11961345374584198,,,,,,,,,,,,,,,,
221,0.928097128868103,-0.21853798627853394,0.0037888437509536743,0.0037077043671160936,6.867071988381213e-06,0.9205842018127441,0.9206032752990723,0.0,0.0001645125448703766,0.0,0.0,0.809596061706543,0.11929576843976974,,,,,,,,,,,,,,,,
222,0.9282320141792297,-0.2230895459651947,0.003795699682086706,0.0037842935416847467,7.16830345481867e-06,0.9206526279449463,0.9206371307373047,0.0,0.0003285326238255948,0.0,0.0,0.8120103478431702,0.1190040186047554,,,,,,,,,,,,,,,,
223,0.9282426238059998,-0.22415028512477875,0.003813481889665127,0.0037511775735765696,7.698300578340422e-06,0.9206458926200867,0.9206946492195129,0.0,0.0001721619482850656,0.0,0.0,0.8165309429168701,0.11929082125425339,,,,,,,,,,,,,,,,
224,0.9280112981796265,-0.22261884808540344,0.0037669397424906492,0.0037383984308689833,5.461206455947831e-06,0.9205015301704407,0.9204994440078735,0.0,0.0001344103366136551,0.0,0.0,0.8156120777130127,0.11847569048404694,,,,,,,,,,,,,,,,
225,0.9280616044998169,-0.2226017713546753,0.003750427160412073,0.0038215862587094307,6.1276587075553834e-06,0.9205843806266785,0.9203824996948242,0.0,0.00015838829858694226,0.0,0.0,0.811433732509613,0.11955968290567398,,,,,,,,,,,,,,,,
226,0.9280664324760437,-0.22363904118537903,0.0037067080847918987,0.00371738919056952,5.4261149671219755e-06,0.9206969141960144,0.9205769300460815,0.0,0.00020687106007244438,0.0,0.0,0.8314289450645447,0.11951672285795212,,,,,,,,,,,,,,,,
227,0.9280547499656677,-0.22659212350845337,0.0037811310030519962,0.0037492739502340555,6.066964488127269e-06,0.9205082654953003,0.9205283522605896,0.0,0.00023494663764722645,0.0,0.0,0.8178501129150391,0.11883857846260071,,,,,,,,,,,,,,,,
228,0.9281713962554932,-0.23138108849525452,0.0035809699911624193,0.0035793546121567488,6.567460332007613e-06,0.9210147857666016,0.920994222164154,0.0,0.00032724335324019194,0.0,0.0,0.8190151453018188,0.11991306394338608,,,,,,,,,,,,,,,,
229,0.9280747771263123,-0.23216253519058228,0.003707624040544033,0.003685211529955268,6.621805368922651e-06,0.9206965565681458,0.9206541180610657,0.0,0.00023660065198782831,0.0,0.0,0.8232764601707458,0.11986105889081955,,,,,,,,,,,,,,,,
230,0.92808997631073,-0.2303490936756134,0.0038091351743787527,0.003800792619585991,5.384957603382645e-06,0.92049241065979,0.9204568266868591,0.0,0.0002109664783347398,0.0,0.0,0.8377367258071899,0.11975611001253128,,,,,,,,,,,,,,,,
231,0.9280632734298706,-0.23036783933639526,0.003804214997217059,0.0038107605651021004,5.5836521823948715e-06,0.9204710125923157,0.9204143285751343,0.0,0.0002056146040558815,0.0,0.0,0.8376823663711548,0.11916116625070572,,,,,,,,,,,,,,,,
232,0.9282390475273132,-0.22955350577831268,0.0037780131679028273,0.0037282002158463,6.284679784585023e-06,0.9207519888877869,0.9207011461257935,0.0,0.00022570777218788862,0.0,0.0,0.8364443182945251,0.12047968804836273,,,,,,,,,,,,,,,,
233,0.9280598163604736,-0.2311187982559204,0.003665289143100381,0.0036163898184895515,5.440114819066366e-06,0.920747697353363,0.92079758644104,0.0,0.0001816796575440094,0.0,0.0,0.8290811777114868,0.1202317327260971,,,,,,,,,,,,,,,,
234,0.9279463291168213,-0.23421892523765564,0.0037386456970125437,0.0037761139683425426,5.725168648496037e-06,0.9205027222633362,0.9203489422798157,0.0,0.0003128227253910154,0.0,0.0,0.8431777954101562,0.1202293410897255,,,,,,,,,,,,,,,,
235,0.9279934167861938,-0.23455137014389038,0.0038529597222805023,0.003818863769993186,5.354490440367954e-06,0.9203075170516968,0.9203248620033264,0.0,0.00028817050042562187,0.0,0.0,0.8440663814544678,0.12010637670755386,,,,,,,,,,,,,,,,
236,0.9280276298522949,-0.23633790016174316,0.003691400634124875,0.0036512366496026516,4.939880909660133e-06,0.9206776022911072,0.920682430267334,0.0,0.0002917340025305748,0.0,0.0,0.8235539197921753,0.11946851760149002,,,,,,,,,,,,,,,,
237,0.9281393885612488,-0.23630662262439728,0.0038579024840146303,0.0037659613881260157,4.983868166164029e-06,0.9204720258712769,0.9205489754676819,0.0,0.00022108004486653954,0.0,0.0,0.8258630037307739,0.11998441815376282,,,,,,,,,,,,,,,,
238,0.9281377792358398,-0.23805314302444458,0.003711643163114786,0.0036700167693197727,5.408650395111181e-06,0.9207373261451721,0.9207640886306763,0.0,0.0002940411795862019,0.0,0.0,0.8137201070785522,0.11916334182024002,,,,,,,,,,,,,,,,
239,0.9279780387878418,-0.24006369709968567,0.0037326442543417215,0.003761834930628538,5.074480668554315e-06,0.9205529093742371,0.9204040169715881,0.0,0.00028531067073345184,0.0,0.0,0.8235393166542053,0.11792591959238052,,,,,,,,,,,,,,,,
240,0.9280347228050232,-0.2394077479839325,0.003839213168248534,0.0037666221614927053,5.970482561679091e-06,0.920369565486908,0.9204762578010559,0.0,0.00023511159815825522,0.0,0.0,0.8121875524520874,0.11867827922105789,,,,,,,,,,,,,,,,
241,0.9281072616577148,-0.24220256507396698,0.003892983077093959,0.0038358476012945175,5.131097168487031e-06,0.9203527569770813,0.9203939437866211,0.0,0.00028721720445901155,0.0,0.0,0.8147507905960083,0.11807665228843689,,,,,,,,,,,,,,,,
242,0.9280117750167847,-0.24073505401611328,0.00390186021104455,0.0039053873624652624,4.2767969716805965e-06,0.9202015995979309,0.9201987981796265,0.0,0.00026130329933948815,0.0,0.0,0.8104588985443115,0.11804740130901337,,,,,,,,,,,,,,,,
243,0.9280198812484741,-0.24045412242412567,0.0037877033464610577,0.003772599622607231,5.198122380534187e-06,0.9204621911048889,0.920446515083313,0.0,0.00019066969980485737,0.0,0.0,0.8177778124809265,0.11875399202108383,,,,,,,,,,,,,,,,
244,0.9280433654785156,-0.24255946278572083,0.003778795711696148,0.003718863008543849,5.0331009333604015e-06,0.9205271005630493,0.9205542206764221,0.0,0.00024382495030295104,0.0,0.0,0.8290064334869385,0.11817122250795364,,,,,,,,,,,,,,,,
245,0.9280164241790771,-0.24584661424160004,0.003869461128488183,0.0038186083547770977,4.5161386879044585e-06,0.9203422665596008,0.9203054308891296,0.0,0.00028019430465064943,0.0,0.0,0.8339074850082397,0.11765792220830917,,,,,,,,,,,,,,,,
246,0.9279654622077942,-0.24708858132362366,0.003814275376498699,0.003754856064915657,4.060550963913556e-06,0.9203741550445557,0.9204103946685791,0.0,0.00019054378208238631,0.0,0.0,0.8274360299110413,0.11874721944332123,,,,,,,,,,,,,,,,
247,0.9281036257743835,-0.24795091152191162,0.0037810448557138443,0.0037341718561947346,4.4545486161950976e-06,0.9205618500709534,0.9206060171127319,0.0,0.00017166037287097424,0.0,0.0,0.8409147262573242,0.11801016330718994,,,,,,,,,,,,,,,,
248,0.9280125498771667,-0.24640591442584991,0.003728090552613139,0.0037239654920995235,5.13850409333827e-06,0.9205778241157532,0.9205328822135925,0.0,0.00022228294983506203,0.0,0.0,0.8349230885505676,0.1189311295747757,,,,,,,,,,,,,,,,
249,0.9280330538749695,-0.2455325424671173,0.003749893279746175,0.003717055544257164,4.900900421489496e-06,0.920575737953186,0.9205467104911804,0.0,0.00010980176011798903,0.0,0.0,0.8420503735542297,0.11906183511018753,,,,,,,,,,,,,,,,
250,0.9280431866645813,-0.24909289181232452,0.003668716177344322,0.003693364094942808,4.250751317158574e-06,0.9207350611686707,0.9206186532974243,0.0,0.00014505197759717703,0.0,0.0,0.8517566919326782,0.11882975697517395,,,,,,,,,,,,,,,,
251,0.9280573725700378,-0.24709124863147736,0.003742863656952977,0.0036906718742102385,5.880633580090944e-06,0.9206167459487915,0.9206191301345825,0.0,0.00027195329312235117,0.0,0.0,0.843427836894989,0.11905795335769653,,,,,,,,,,,,,,,,
252,0.9279985427856445,-0.25213170051574707,0.0038080569356679916,0.003770704148337245,3.859886874124641e-06,0.9204241037368774,0.920407772064209,0.0,0.00011313256982248276,0.0,0.0,0.8585097193717957,0.11902888864278793,,,,,,,,,,,,,,,,
253,0.9279578328132629,-0.25118663907051086,0.0036758389323949814,0.003701370907947421,4.0295485632668715e-06,0.9206339716911316,0.920519232749939,0.0,0.0002408099826425314,0.0,0.0,0.8478838205337524,0.11923933774232864,,,,,,,,,,,,,,,,
254,0.9281145930290222,-0.25259363651275635,0.003820436540991068,0.003751555224880576,4.183421424386324e-06,0.920488715171814,0.9205881953239441,0.0,0.0001990803430089727,0.0,0.0,0.8597006797790527,0.11882810294628143,,,,,,,,,,,,,,,,
255,0.9280581474304199,-0.25450608134269714,0.0037187698762863874,0.0036697553005069494,3.786889692491968e-06,0.9206811785697937,0.9206505417823792,0.0,0.00021081388695165515,0.0,0.0,0.8485046029090881,0.11803796142339706,,,,,,,,,,,,,,,,
256,0.9278789758682251,-0.25562089681625366,0.0037705989088863134,0.0037217005155980587,3.7264451293594902e-06,0.9203504323959351,0.9204155802726746,0.0,0.00028372154338285327,0.0,0.0,0.8411588668823242,0.11803887784481049,,,,,,,,,,,,,,,,
257,0.9279590249061584,-0.25562915205955505,0.0038309358060359955,0.0038327015936374664,5.186488124309108e-06,0.9202699661254883,0.920310378074646,0.0,0.00029088163864798844,0.0,0.0,0.847157895565033,0.11882176250219345,,,,,,,,,,,,,,,,
258,0.9279871582984924,-0.25693371891975403,0.003807911416515708,0.0037640680093318224,5.01859267387772e-06,0.9203892350196838,0.9204310774803162,0.0,0.00025911195552907884,0.0,0.0,0.8364980220794678,0.11830445379018784,,,,,,,,,,,,,,,,
259,0.9280486106872559,-0.25978884100914,0.0038535352796316147,0.0038555548526346684,3.5194141219108133e-06,0.9203513264656067,0.9203206300735474,0.0,0.00016862453776411712,0.0,0.0,0.840038001537323,0.11904734373092651,,,,,,,,,,,,,,,,
260,0.9280255436897278,-0.26115959882736206,0.0038900338113307953,0.003839531447738409,4.800195256393636e-06,0.9202597737312317,0.9203226566314697,0.0,0.00018503295723348856,0.0,0.0,0.8376184701919556,0.11822475492954254,,,,,,,,,,,,,,,,
261,0.9281162023544312,-0.26265448331832886,0.0038124097045511007,0.003783517051488161,5.331979991751723e-06,0.9205013513565063,0.9205284714698792,0.0,0.00025134425959549844,0.0,0.0,0.8336350321769714,0.11875217407941818,,,,,,,,,,,,,,,,
262,0.9279880523681641,-0.2636930048465729,0.003961958922445774,0.0038893085438758135,4.197788712190231e-06,0.9201062321662903,0.9201589226722717,0.0,0.00017179483256768435,0.0,0.0,0.8378078937530518,0.11808746308088303,,,,,,,,,,,,,,,,
263,0.9279882907867432,-0.2623485326766968,0.00393015518784523,0.003871131921187043,4.467098278837511e-06,0.9201467037200928,0.9202183485031128,0.0,0.0002036069199675694,0.0,0.0,0.8425709009170532,0.11848264187574387,,,,,,,,,,,,,,,,
264,0.9280171394348145,-0.2643979787826538,0.003917271737009287,0.003887550439685583,4.434769834915642e-06,0.920188307762146,0.9202273488044739,0.0,0.00021474974346347153,0.0,0.0,0.8402208685874939,0.11806387454271317,,,,,,,,,,,,,,,,
265,0.9280018210411072,-0.26294347643852234,0.003865653183311224,0.0037853922694921494,3.804667358053848e-06,0.9202989935874939,0.9203948974609375,0.0,0.0001647217432036996,0.0,0.0,0.8300131559371948,0.11800132691860199,,,,,,,,,,,,,,,,
266,0.9279791712760925,-0.26493018865585327,0.003929649479687214,0.00393148185685277,4.2171895984211005e-06,0.9201220870018005,0.9201055765151978,0.0,0.00013314548414200544,0.0,0.0,0.8407264947891235,0.11771056801080704,,,,,,,,,,,,,,,,
267,0.9279710054397583,-0.26561903953552246,0.0038789063692092896,0.0038561203982681036,3.0190847155608935e-06,0.9202524423599243,0.9202134609222412,0.0,0.00011427580466261134,0.0,0.0,0.8416004180908203,0.11813049763441086,,,,,,,,,,,,,,,,
268,0.9280715584754944,-0.2665487229824066,0.0037166511174291372,0.003715685335919261,3.394494797248626e-06,0.9206961989402771,0.9205754995346069,0.0,0.00011749494296964258,0.0,0.0,0.8184507489204407,0.11812698096036911,,,,,,,,,,,,,,,,
269,0.9280479550361633,-0.26912617683410645,0.0037857191637158394,0.003795169061049819,4.091964910912793e-06,0.9205178618431091,0.9204080104827881,0.0,0.0001564264384796843,0.0,0.0,0.8426192998886108,0.11787498742341995,,,,,,,,,,,,,,,,
270,0.9279418587684631,-0.2681947648525238,0.003708397038280964,0.0036626560613512993,3.307621909698355e-06,0.9205537438392639,0.9205812811851501,0.0,0.0002190606901422143,0.0,0.0,0.8457244038581848,0.11745013296604156,,,,,,,,,,,,,,,,
271,0.9280047416687012,-0.2688305079936981,0.003706284798681736,0.0037192299496382475,3.5157495403836947e-06,0.9206387400627136,0.9205127358436584,0.0,0.00011925441503990442,0.0,0.0,0.8290237188339233,0.11740930378437042,,,,,,,,,,,,,,,,
272,0.9279569387435913,-0.2674488425254822,0.003868022235110402,0.0038168325554579496,2.922667363236542e-06,0.9202594757080078,0.9202788472175598,0.0,0.00010822121112141758,0.0,0.0,0.8340327739715576,0.11731487512588501,,,,,,,,,,,,,,,,
273,0.9281491637229919,-0.2711319625377655,0.0038162944838404655,0.0037614256143569946,3.1784975362825207e-06,0.920547366142273,0.9205892086029053,0.0,0.00012595596490427852,0.0,0.0,0.8417929410934448,0.11752121150493622,,,,,,,,,,,,,,,,
274,0.9280052185058594,-0.272903710603714,0.003811819711700082,0.0037572591099888086,3.472113803582033e-06,0.9204236268997192,0.9204416871070862,0.0,7.339628064073622e-05,0.0,0.0,0.8377842307090759,0.11734824627637863,,,,,,,,,,,,,,,,
275,0.9279233813285828,-0.2731771171092987,0.00380407040938735,0.0036808233708143234,3.0758351385884453e-06,0.9203277826309204,0.9205431342124939,0.0,0.00012049120414303616,0.0,0.0,0.8292118310928345,0.11681438237428665,,,,,,,,,,,,,,,,
276,0.9280201196670532,-0.2723782956600189,0.0038004189264029264,0.0037291923072189093,3.360492200954468e-06,0.920486330986023,0.9204880595207214,0.0,0.00010659130202839151,0.0,0.0,0.8281686305999756,0.11737252026796341,,,,,,,,,,,,,,,,
277,0.9278841614723206,-0.2742402255535126,0.0036942705046385527,0.0036826394498348236,3.5203977404307807e-06,0.9205085039138794,0.9204989671707153,0.0,0.00018734103650785983,0.0,0.0,0.8295676708221436,0.11661656945943832,,,,,,,,,,,,,,,,
278,0.9280508756637573,-0.2749229669570923,0.003835640149191022,0.003803589614108205,3.840691533696372e-06,0.920440673828125,0.9203749895095825,0.0,0.00016348868666682392,0.0,0.0,0.8434457182884216,0.11821191012859344,,,,,,,,,,,,,,,,
279,0.9280222058296204,-0.2764863073825836,0.003908349666744471,0.0039030248299241066,2.715270056796726e-06,0.9202433228492737,0.9201728105545044,0.0,0.00011810143041657284,0.0,0.0,0.8428785800933838,0.11720011383295059,,,,,,,,,,,,,,,,
280,0.9279661774635315,-0.28045785427093506,0.003872330766171217,0.003890756983309984,3.194068995071575e-06,0.9202479720115662,0.9201518297195435,0.0,0.00015908687782939523,0.0,0.0,0.8373149633407593,0.11698631942272186,,,,,,,,,,,,,,,,
281,0.9280725121498108,-0.27975237369537354,0.003979158587753773,0.003926505334675312,2.97152610073681e-06,0.9201508164405823,0.9201769232749939,0.0,0.00011216306302230805,0.0,0.0,0.83834308385849,0.11779499053955078,,,,,,,,,,,,,,,,
282,0.9279710650444031,-0.28116750717163086,0.00394298555329442,0.003841517260298133,3.6596411518985406e-06,0.9201279878616333,0.9202377796173096,0.0,6.619966006837785e-05,0.0,0.0,0.8501927852630615,0.11769798398017883,,,,,,,,,,,,,,,,
283,0.9279240369796753,-0.27812474966049194,0.003913571126759052,0.003933390602469444,2.857062099792529e-06,0.9201076626777649,0.9200408458709717,0.0,7.468582771252841e-05,0.0,0.0,0.8391605615615845,0.1176314726471901,,,,,,,,,,,,,,,,
284,0.927977442741394,-0.27688971161842346,0.0038812640123069286,0.003768302733078599,2.9402278869383736e-06,0.9202139973640442,0.9204358458518982,0.0,7.099746289895847e-05,0.0,0.0,0.8569702506065369,0.1187606230378151,,,,,,,,,,,,,,,,
285,0.9280136227607727,-0.2817385792732239,0.0038603448774665594,0.0037663017865270376,2.2575866296392633e-06,0.9203413128852844,0.9204280972480774,0.0,0.00010727734479587525,0.0,0.0,0.8623227477073669,0.11763045191764832,,,,,,,,,,,,,,,,
286,0.9279584288597107,-0.28566819429397583,0.00383262662217021,0.003800853854045272,3.3760647966118995e-06,0.9203406572341919,0.9203025698661804,0.0,0.00012016252003377303,0.0,0.0,0.8563874959945679,0.1167539432644844,,,,,,,,,,,,,,,,
287,0.9279547929763794,-0.2858715057373047,0.0038662245497107506,0.0038283108733594418,2.2706756226398284e-06,0.9202693700790405,0.9202466011047363,0.0,0.00012554056593216956,0.0,0.0,0.858235776424408,0.11710336804389954,,,,,,,,,,,,,,,,
288,0.9279833436012268,-0.2851572632789612,0.0038536202628165483,0.0037925306241959333,2.358498932153452e-06,0.9202996492385864,0.9203700423240662,0.0,0.00010886548989219591,0.0,0.0,0.8537251353263855,0.1169796884059906,,,,,,,,,,,,,,,,
289,0.9279825091362,-0.2846768796443939,0.003867552150040865,0.003873281180858612,2.4804512577247806e-06,0.9202988147735596,0.9201796054840088,0.0,0.00017540522094350308,0.0,0.0,0.8459228873252869,0.11654169112443924,,,,,,,,,,,,,,,,
290,0.9279415011405945,-0.2858462631702423,0.003781970590353012,0.003792648436501622,2.2660578906652518e-06,0.9204230904579163,0.9203061461448669,0.0,0.00016965022950898856,0.0,0.0,0.8640305399894714,0.11689018458127975,,,,,,,,,,,,,,,,
291,0.9278130531311035,-0.286811888217926,0.0038945346605032682,0.003860068740323186,2.4859664335963316e-06,0.9200328588485718,0.9200790524482727,0.0,0.0001400731416651979,0.0,0.0,0.8539497256278992,0.11598748713731766,,,,,,,,,,,,,,,,
292,0.9280482530593872,-0.28967544436454773,0.0038219464477151632,0.0038055505137890577,2.6686902856454253e-06,0.9204346537590027,0.9204015135765076,0.0,8.91644594958052e-05,0.0,0.0,0.842389702796936,0.11588461697101593,,,,,,,,,,,,,,,,
293,0.9279330372810364,-0.2879995107650757,0.0039155008271336555,0.003899257630109787,2.112134779963526e-06,0.9201547503471375,0.9200776815414429,0.0,0.00013042426144238561,0.0,0.0,0.8515476584434509,0.11533153057098389,,,,,,,,,,,,,,,,
294,0.9279599189758301,-0.2896888554096222,0.0038407165557146072,0.003862207755446434,2.4525515982531942e-06,0.9203069806098938,0.9202020764350891,0.0,0.00015089406224433333,0.0,0.0,0.8426130414009094,0.11581140011548996,,,,,,,,,,,,,,,,
295,0.9278322458267212,-0.29220959544181824,0.003905341261997819,0.0038783238269388676,2.242368736915523e-06,0.9200608134269714,0.9200319051742554,0.0,0.00021460876450873911,0.0,0.0,0.8451306223869324,0.11643767356872559,,,,,,,,,,,,,,,,
296,0.928036630153656,-0.29202669858932495,0.003824439365416765,0.003797261044383049,2.692825773920049e-06,0.9204215407371521,0.9204029440879822,0.0,0.00010125395783688873,0.0,0.0,0.8450440168380737,0.11625117063522339,,,,,,,,,,,,,,,,
297,0.9280521273612976,-0.2922135889530182,0.003827167209237814,0.003767447778955102,2.7575454168982105e-06,0.9204292893409729,0.9204801917076111,0.0,8.223047916544601e-05,0.0,0.0,0.8564820885658264,0.1170245110988617,,,,,,,,,,,,,,,,
298,0.9279338717460632,-0.2942591905593872,0.0038740646559745073,0.0038831359706819057,2.049572003670619e-06,0.9202197790145874,0.9201294779777527,0.0,0.00011187353084096685,0.0,0.0,0.8517041802406311,0.11740368604660034,,,,,,,,,,,,,,,,
299,0.9279088973999023,-0.2962856888771057,0.003858460346236825,0.0037970084231346846,2.4435205432382645e-06,0.9202295541763306,0.9202724695205688,0.0,0.0001635863445699215,0.0,0.0,0.8598225116729736,0.1164911761879921,,,,,,,,,,,,,,,,
300,0.9280956387519836,-0.2969161570072174,0.00385130662471056,0.0037702254485338926,1.940022457347368e-06,0.9204156994819641,0.9205285906791687,0.0,0.00011995621753158048,0.0,0.0,0.8623241186141968,0.11787573248147964,,,,,,,,,,,,,,,,
301,0.9279493689537048,-0.29644137620925903,0.003912521526217461,0.003865977982059121,2.102339294651756e-06,0.9201462864875793,0.9201912879943848,0.0,0.00013643452257383615,0.0,0.0,0.8838205933570862,0.11783620715141296,,,,,,,,,,,,,,,,
302,0.927980363368988,-0.29749786853790283,0.003769385162740946,0.0037619941867887974,2.0446839243959403e-06,0.9204692244529724,0.9204246401786804,0.0,0.0001479829370509833,0.0,0.0,0.8624083399772644,0.1181744784116745,,,,,,,,,,,,,,,,
303,0.9280694127082825,-0.3003283739089966,0.0038829147815704346,0.00385187566280365,1.9016972601093585e-06,0.9203765392303467,0.9202889204025269,0.0,0.00012411229545250535,0.0,0.0,0.8659601211547852,0.11720108240842819,,,,,,,,,,,,,,,,
304,0.9279589653015137,-0.3026430010795593,0.0037955734878778458,0.0037709816824644804,3.0322489692480303e-06,0.9203662872314453,0.9204124212265015,0.0,0.00011802071094280109,0.0,0.0,0.85988849401474,0.11736171692609787,,,,,,,,,,,,,,,,
305,0.9279091954231262,-0.3015955984592438,0.003830763278529048,0.0038186677265912294,1.731641305013909e-06,0.9202501177787781,0.9202659130096436,0.0,0.00017460955132264644,0.0,0.0,0.8585665822029114,0.11708426475524902,,,,,,,,,,,,,,,,
306,0.9278691411018372,-0.3042360246181488,0.0038755869027227163,0.003804621286690235,1.8477001049177488e-06,0.9201329350471497,0.9202411770820618,0.0,0.00014892833132762462,0.0,0.0,0.8483358025550842,0.11688581854104996,,,,,,,,,,,,,,,,
307,0.9279411435127258,-0.3028554320335388,0.003980095032602549,0.0038942876271903515,2.0723798570543295e-06,0.9200204014778137,0.92010897397995,0.0,7.631268817931414e-05,0.0,0.0,0.8613325357437134,0.11604205518960953,,,,,,,,,,,,,,,,
308,0.927924633026123,-0.3021027445793152,0.0037937378510832787,0.003723998786881566,2.314333869435359e-06,0.9203639030456543,0.9204452633857727,0.0,6.239301001187414e-05,0.0,0.0,0.8369091153144836,0.11571449786424637,,,,,,,,,,,,,,,,
309,0.9279390573501587,-0.3068144917488098,0.0038966629654169083,0.003878763411194086,2.132889903805335e-06,0.9201773405075073,0.9201456308364868,0.0,6.890593067510054e-05,0.0,0.0,0.8350163102149963,0.11538286507129669,,,,,,,,,,,,,,,,
310,0.9279628992080688,-0.3046443462371826,0.0037440210580825806,0.003740892047062516,1.8813162796504912e-06,0.9204704165458679,0.92048180103302,0.0,5.502381100086495e-05,0.0,0.0,0.8497306704521179,0.11566358059644699,,,,,,,,,,,,,,,,
311,0.9278523921966553,-0.30606609582901,0.003911428153514862,0.003907767124474049,2.2652056941296905e-06,0.9200410842895508,0.9200207591056824,0.0,0.0001689677155809477,0.0,0.0,0.8491955995559692,0.11634665727615356,,,,,,,,,,,,,,,,
312,0.9278883337974548,-0.30505627393722534,0.003848880995064974,0.0038592119235545397,1.9625640561571345e-06,0.9202059507369995,0.920150637626648,0.0,0.000132385830511339,0.0,0.0,0.8512486815452576,0.11559709906578064,,,,,,,,,,,,,,,,
313,0.9279718399047852,-0.3076828122138977,0.003816876793280244,0.0038040580693632364,1.9542967493180186e-06,0.9203917384147644,0.9203061461448669,0.0,0.0001532842288725078,0.0,0.0,0.8480802178382874,0.11558084934949875,,,,,,,,,,,,,,,,
314,0.9279190301895142,-0.30933165550231934,0.003905933815985918,0.003921829164028168,2.4561600184824783e-06,0.9201470613479614,0.9200305938720703,0.0,9.229002898791805e-05,0.0,0.0,0.842517614364624,0.11587155610322952,,,,,,,,,,,,,,,,
315,0.9278877973556519,-0.3093748986721039,0.003905113786458969,0.003894633147865534,1.900264464893553e-06,0.9200846552848816,0.9200876355171204,0.0,0.00015542079927399755,0.0,0.0,0.8552525639533997,0.11560656130313873,,,,,,,,,,,,,,,,
316,0.9278962016105652,-0.30905434489250183,0.0037936291191726923,0.0037875573616474867,2.3191466880234657e-06,0.9203342795372009,0.9202911257743835,0.0,0.0001091742524295114,0.0,0.0,0.858329176902771,0.11605522781610489,,,,,,,,,,,,,,,,
317,0.9279672503471375,-0.31269997358322144,0.003963120747357607,0.00394181115552783,1.6641598676869762e-06,0.9200611114501953,0.9200600981712341,0.0,8.745767991058528e-05,0.0,0.0,0.8694002628326416,0.11651178449392319,,,,,,,,,,,,,,,,
318,0.9278851747512817,-0.31054994463920593,0.0038274999242275953,0.0038422325160354376,1.8704128024182864e-06,0.9202641844749451,0.9201629757881165,0.0,7.817673031240702e-05,0.0,0.0,0.8589240312576294,0.11652243882417679,,,,,,,,,,,,,,,,
319,0.9278614521026611,-0.3130384087562561,0.0039815823547542095,0.003964900970458984,1.8894636468758108e-06,0.9199304580688477,0.919895589351654,0.0,4.804330819752067e-05,0.0,0.0,0.887184739112854,0.11696303635835648,,,,,,,,,,,,,,,,
320,0.9278638958930969,-0.31472107768058777,0.003934758249670267,0.0038788265082985163,1.7326797205896582e-06,0.9200495481491089,0.9200476408004761,0.0,6.024661706760526e-05,0.0,0.0,0.8742363452911377,0.11629345268011093,,,,,,,,,,,,,,,,
321,0.9279543161392212,-0.3183894157409668,0.0038679258432239294,0.003797856392338872,1.5925585330478498e-06,0.9202461242675781,0.9203277826309204,0.0,0.00010372104588896036,0.0,0.0,0.8798360824584961,0.11605765670537949,,,,,,,,,,,,,,,,
322,0.9277985095977783,-0.3188890516757965,0.003953000996261835,0.0039635999128222466,1.5197821312540327e-06,0.9199084043502808,0.9198523163795471,0.0,2.68472358584404e-05,0.0,0.0,0.8745145797729492,0.11596757173538208,,,,,,,,,,,,,,,,
323,0.928092360496521,-0.31794631481170654,0.0038573076017200947,0.003827778622508049,2.822423994075507e-06,0.9204012751579285,0.9204075932502747,0.0,5.41384652024135e-05,0.0,0.0,0.8785930275917053,0.1157824918627739,,,,,,,,,,,,,,,,
324,0.9278746247291565,-0.31692740321159363,0.003980983514338732,0.003918829839676619,1.7728971215547062e-06,0.919954240322113,0.9199917316436768,0.0,8.099495607893914e-05,0.0,0.0,0.8781877756118774,0.11459764838218689,,,,,,,,,,,,,,,,
325,0.9278969168663025,-0.31569430232048035,0.004001425113528967,0.003942080773413181,1.818203031689336e-06,0.9199299216270447,0.9199733138084412,0.0,4.598496525431983e-05,0.0,0.0,0.868498682975769,0.11487250030040741,,,,,,,,,,,,,,,,
326,0.9278125762939453,-0.319995254278183,0.003829759079962969,0.003794394200667739,1.8875271052820608e-06,0.9201735854148865,0.9201993942260742,0.0,9.429131750948727e-05,0.0,0.0,0.8669959306716919,0.11479977518320084,,,,,,,,,,,,,,,,
327,0.927977442741394,-0.3213267922401428,0.003825797000899911,0.0037968356627970934,1.4029765225131996e-06,0.9203426837921143,0.9203642010688782,0.0,6.571606354555115e-05,0.0,0.0,0.8706063032150269,0.1155635192990303,,,,,,,,,,,,,,,,
328,0.9280073046684265,-0.322783887386322,0.0038752483669668436,0.0038052562158554792,1.2918050060761743e-06,0.920315146446228,0.9203359484672546,0.0,0.0001254953967873007,0.0,0.0,0.8787795305252075,0.1155344545841217,,,,,,,,,,,,,,,,
329,0.9278799891471863,-0.3203282654285431,0.00404762476682663,0.004032813478261232,1.8919987496701651e-06,0.919797420501709,0.9197978973388672,0.0,0.00010000557085731998,0.0,0.0,0.8769316077232361,0.1148180365562439,,,,,,,,,,,,,,,,
330,0.9280295968055725,-0.3210769295692444,0.003899963805451989,0.003819744335487485,1.8984619600814767e-06,0.9203090071678162,0.920306921005249,0.0,3.189805647707544e-05,0.0,0.0,0.8730344772338867,0.11557113379240036,,,,,,,,,,,,,,,,
331,0.9278654456138611,-0.32229071855545044,0.0038847888354212046,0.003878434654325247,1.6666080000504735e-06,0.9201284646987915,0.9200727343559265,0.0,0.00010601865506032482,0.0,0.0,0.8933848738670349,0.11577867716550827,,,,,,,,,,,,,,,,
332,0.9278466701507568,-0.3238239288330078,0.0037688417360186577,0.003736268263310194,1.3556651765611605e-06,0.9203468561172485,0.9203335642814636,0.0,7.447948883054778e-05,0.0,0.0,0.8779194355010986,0.1156977191567421,,,,,,,,,,,,,,,,
333,0.927853524684906,-0.32447633147239685,0.003904074663296342,0.0038781643379479647,1.5648488442820963e-06,0.920059859752655,0.9200795292854309,0.0,9.115933062275872e-05,0.0,0.0,0.8939270377159119,0.11566809564828873,,,,,,,,,,,,,,,,
334,0.9280472993850708,-0.3279241621494293,0.00386317097581923,0.0038508495781570673,1.6594028693361906e-06,0.9203944206237793,0.9202687740325928,0.0,3.7562018405878916e-05,0.0,0.0,0.8782545924186707,0.11618625372648239,,,,,,,,,,,,,,,,
335,0.927905797958374,-0.3272121250629425,0.003919871989637613,0.0038386620581150055,1.457282110095548e-06,0.9201003313064575,0.9201912879943848,0.0,3.91418143408373e-05,0.0,0.0,0.8754665851593018,0.11576838791370392,,,,,,,,,,,,,,,,
336,0.9279110431671143,-0.3271418511867523,0.003917019814252853,0.0038304701447486877,1.4632189504482085e-06,0.9201254844665527,0.9201987385749817,0.0,1.6580186638748273e-05,0.0,0.0,0.8697605133056641,0.11586815118789673,,,,,,,,,,,,,,,,
337,0.9277998208999634,-0.3306179940700531,0.003933754283934832,0.0038643646985292435,2.131362180080032e-06,0.9199629426002502,0.920036256313324,0.0,6.656323239440098e-05,0.0,0.0,0.878084123134613,0.11520810425281525,,,,,,,,,,,,,,,,
338,0.9279165267944336,-0.3313988149166107,0.0038488844875246286,0.0038243094459176064,1.4549530078511452e-06,0.9202066659927368,0.9202771186828613,0.0,6.075749115552753e-05,0.0,0.0,0.8592309355735779,0.11444144695997238,,,,,,,,,,,,,,,,
339,0.9279412627220154,-0.3313712179660797,0.0037898344453424215,0.0037841391749680042,1.1219840416742954e-06,0.9203809499740601,0.9203513860702515,0.0,8.125629392452538e-05,0.0,0.0,0.8557928204536438,0.11431155353784561,,,,,,,,,,,,,,,,
340,0.9278934597969055,-0.33136245608329773,0.003903741482645273,0.0038410043343901634,1.2039432704114006e-06,0.9201017022132874,0.9201933741569519,0.0,5.4999763960950077e-05,0.0,0.0,0.8608545064926147,0.1149226501584053,,,,,,,,,,,,,,,,
341,0.927875816822052,-0.32785969972610474,0.003803143510594964,0.003732111770659685,1.5741038623673376e-06,0.9202756285667419,0.9204023480415344,0.0,3.1516890885541216e-05,0.0,0.0,0.8461617231369019,0.1140647903084755,,,,,,,,,,,,,,,,
342,0.927839994430542,-0.3321300446987152,0.0038681072182953358,0.0038553462363779545,1.2828696753786062e-06,0.9201645255088806,0.9200659394264221,0.0,4.775456909555942e-05,0.0,0.0,0.8433725833892822,0.11434143781661987,,,,,,,,,,,,,,,,
343,0.9278990626335144,-0.3375500738620758,0.00390893267467618,0.003919582348316908,1.6482732689837576e-06,0.9201181530952454,0.9200196862220764,0.0,0.00016021505871322006,0.0,0.0,0.8505184054374695,0.11440693587064743,,,,,,,,,,,,,,,,
344,0.9278271198272705,-0.3420071303844452,0.003823481034487486,0.003808974288403988,1.4858414942864329e-06,0.9202035069465637,0.9201828837394714,0.0,0.0001249207998625934,0.0,0.0,0.851213812828064,0.11474614590406418,,,,,,,,,,,,,,,,
345,0.9279532432556152,-0.3400900065898895,0.003933371044695377,0.003908797167241573,1.2962907476321561e-06,0.9201290011405945,0.9200904369354248,0.0,7.540007209172472e-05,0.0,0.0,0.8404608964920044,0.11383020877838135,,,,,,,,,,,,,,,,
346,0.9279245138168335,-0.33374688029289246,0.00400138646364212,0.003922298084944487,1.7494035091658588e-06,0.9199596047401428,0.9200385212898254,0.0,6.682217644993216e-05,0.0,0.0,0.8592502474784851,0.11461364477872849,,,,,,,,,,,,,,,,
347,0.9279216527938843,-0.3328898251056671,0.00386970117688179,0.003796354867517948,1.0026618610936566e-06,0.9202097058296204,0.9202994704246521,0.0,3.9299084164667875e-05,0.0,0.0,0.863780677318573,0.11628597229719162,,,,,,,,,,,,,,,,
348,0.9279710650444031,-0.33767467737197876,0.003924681805074215,0.003872450441122055,1.393698767060414e-06,0.9201503992080688,0.9201946258544922,0.0,7.592267502332106e-05,0.0,0.0,0.8845197558403015,0.1153579130768776,,,,,,,,,,,,,,,,
349,0.9278636574745178,-0.3407653868198395,0.003909099847078323,0.0038327155634760857,1.1220263331779279e-06,0.9200974702835083,0.9201440215110779,0.0,7.213500794023275e-05,0.0,0.0,0.8626292943954468,0.11624128371477127,,,,,,,,,,,,,,,,
350,0.9278871417045593,-0.3391244113445282,0.0039796726778149605,0.003932514227926731,8.717523769519175e-07,0.9199431538581848,0.9200050234794617,0.0,1.3198206033848692e-05,0.0,0.0,0.860590398311615,0.11628718674182892,,,,,,,,,,,,,,,,
351,0.9278680682182312,-0.34219080209732056,0.003861356060951948,0.0037757628597319126,9.373891316499794e-07,0.9201736450195312,0.9202863574028015,0.0,5.294075526762754e-05,0.0,0.0,0.8712268471717834,0.11572610586881638,,,,,,,,,,,,,,,,
352,0.9280116558074951,-0.3416070342063904,0.0038517697248607874,0.003801440354436636,1.6028241134335985e-06,0.920336127281189,0.9203775525093079,0.0,8.801908552413806e-05,0.0,0.0,0.869137704372406,0.11519383639097214,,,,,,,,,,,,,,,,
353,0.9277924299240112,-0.34330853819847107,0.0038242109585553408,0.0037954498548060656,1.2942879266120144e-06,0.9201712012290955,0.9201717972755432,0.0,6.980351463425905e-05,0.0,0.0,0.8687911033630371,0.11469119042158127,,,,,,,,,,,,,,,,
354,0.9279739856719971,-0.34480783343315125,0.003922381903976202,0.003923356998711824,1.2033872280881042e-06,0.9201187491416931,0.9201353192329407,0.0,9.549905371386558e-05,0.0,0.0,0.8740038871765137,0.11459039151668549,,,,,,,,,,,,,,,,
355,0.9277999401092529,-0.3467872440814972,0.003979622386395931,0.003942462615668774,1.044977352648857e-06,0.9198541641235352,0.9198994040489197,0.0,4.034086668980308e-05,0.0,0.0,0.8615710735321045,0.11476533114910126,,,,,,,,,,,,,,,,
356,0.927760899066925,-0.3444726765155792,0.003970311488956213,0.003989592660218477,8.191662459466897e-07,0.9198337197303772,0.9197665452957153,0.0,6.793595821363851e-05,0.0,0.0,0.853387713432312,0.11413222551345825,,,,,,,,,,,,,,,,
357,0.9278095960617065,-0.344254732131958,0.0038996764924377203,0.003919848706573248,9.000310683404678e-07,0.9200335741043091,0.9199447631835938,0.0,8.426455315202475e-05,0.0,0.0,0.8695240020751953,0.11401014029979706,,,,,,,,,,,,,,,,
358,0.9278297424316406,-0.34540730714797974,0.0039748805575072765,0.003917375113815069,1.1858541029141634e-06,0.9198923707008362,0.9199801683425903,0.0,7.747672498226166e-05,0.0,0.0,0.8610914349555969,0.11434256285429001,,,,,,,,,,,,,,,,
359,0.927878201007843,-0.3497883677482605,0.00396750308573246,0.00400932040065527,1.6899975889828056e-06,0.919952392578125,0.9198470115661621,0.0,6.125273648649454e-05,0.0,0.0,0.879055380821228,0.11427725851535797,,,,,,,,,,,,,,,,
360,0.9278755187988281,-0.3522571921348572,0.003926955629140139,0.003951166290789843,8.790541414782638e-07,0.9200376272201538,0.9199554324150085,0.0,6.123431376181543e-05,0.0,0.0,0.8601334691047668,0.11402750015258789,,,,,,,,,,,,,,,,
361,0.9279733300209045,-0.3516663908958435,0.003992825280874968,0.0039570820517838,1.4662883813798544e-06,0.9200230240821838,0.9200208783149719,0.0,1.5414203517138958e-05,0.0,0.0,0.8616082072257996,0.11481229215860367,,,,,,,,,,,,,,,,
362,0.9279700517654419,-0.35046201944351196,0.003926851321011782,0.003922376781702042,7.1684087288304e-07,0.9201419353485107,0.9200982451438904,0.0,8.218282891903073e-05,0.0,0.0,0.8880628347396851,0.11431398242712021,,,,,,,,,,,,,,,,
363,0.9278483390808105,-0.3512616455554962,0.003863637801259756,0.003813432762399316,7.446284371326328e-07,0.9201722741127014,0.9201688766479492,0.0,9.673899330664426e-05,0.0,0.0,0.8833274245262146,0.11417970061302185,,,,,,,,,,,,,,,,
364,0.9278774261474609,-0.35197481513023376,0.003920617513358593,0.003925901371985674,1.2920598919663462e-06,0.920046329498291,0.920012891292572,0.0,0.00010826132347574458,0.0,0.0,0.8726922273635864,0.11522074043750763,,,,,,,,,,,,,,,,
365,0.9277849197387695,-0.3554841876029968,0.003923535812646151,0.003881795099005103,9.433593959329301e-07,0.9199554324150085,0.9200018048286438,0.0,3.384418596397154e-05,0.0,0.0,0.9026504158973694,0.11495653539896011,,,,,,,,,,,,,,,,
366,0.9278666973114014,-0.35304057598114014,0.0038638876285403967,0.003820494282990694,9.050796734300093e-07,0.920150876045227,0.9202118515968323,0.0,7.261248538270593e-05,0.0,0.0,0.8973926901817322,0.11569927632808685,,,,,,,,,,,,,,,,
367,0.9279593229293823,-0.35338327288627625,0.0038811531849205494,0.0038350175600498915,6.666932108601031e-07,0.9202441573143005,0.9202408194541931,0.0,9.409718768438324e-05,0.0,0.0,0.8802464604377747,0.11514603346586227,,,,,,,,,,,,,,,,
368,0.92781662940979,-0.3548269271850586,0.003888501785695553,0.0038198407273739576,7.054683806018147e-07,0.9200711250305176,0.9201440215110779,0.0,9.3095914053265e-06,0.0,0.0,0.8812487721443176,0.11451087892055511,,,,,,,,,,,,,,,,
369,0.9277684688568115,-0.35789844393730164,0.0038657705299556255,0.003876721952110529,8.897869179236295e-07,0.9200645685195923,0.9199857115745544,0.0,4.1684816096676514e-05,0.0,0.0,0.8827263712882996,0.11380825191736221,,,,,,,,,,,,,,,,
370,0.9278424382209778,-0.36004897952079773,0.003849901258945465,0.0038947295397520065,7.55645658045978e-07,0.9201205372810364,0.9200735688209534,0.0,7.130977610358968e-05,0.0,0.0,0.8672631978988647,0.11398724466562271,,,,,,,,,,,,,,,,
371,0.9278978705406189,-0.3602246940135956,0.003896466689184308,0.003895591013133526,7.76482124820177e-07,0.9201335310935974,0.9200765490531921,0.0,4.126458225073293e-05,0.0,0.0,0.8609369993209839,0.11387817561626434,,,,,,,,,,,,,,,,
372,0.9279454350471497,-0.3593008518218994,0.0038651188369840384,0.003893440356478095,8.358776426575787e-07,0.9202370643615723,0.920134961605072,0.0,1.034037813951727e-05,0.0,0.0,0.8626790642738342,0.11318939924240112,,,,,,,,,,,,,,,,
373,0.9279391765594482,-0.3584080934524536,0.0039264727383852005,0.0038861234206706285,6.22234836100688e-07,0.920102596282959,0.9201492667198181,0.0,2.597117781988345e-05,0.0,0.0,0.8594373464584351,0.11328692734241486,,,,,,,,,,,,,,,,
374,0.9278567433357239,-0.35756126046180725,0.003841433906927705,0.003791223978623748,5.356209840101656e-07,0.9202157855033875,0.920231282711029,0.0,1.6173369658645242e-05,0.0,0.0,0.8624957799911499,0.11381517350673676,,,,,,,,,,,,,,,,
375,0.9278330206871033,-0.3618699610233307,0.0038987533189356327,0.003853963688015938,5.935824560765468e-07,0.9200379252433777,0.9201215505599976,0.0,1.5113342669792473e-05,0.0,0.0,0.8625192046165466,0.1135062500834465,,,,,,,,,,,,,,,,
376,0.9278356432914734,-0.3646394908428192,0.0039762030355632305,0.003907185513526201,6.860676080577832e-07,0.9198944568634033,0.9200085997581482,0.0,4.336827987572178e-05,0.0,0.0,0.8525226712226868,0.11352858692407608,,,,,,,,,,,,,,,,
377,0.9278538823127747,-0.3654101490974426,0.004024541936814785,0.003973815124481916,8.651190341879555e-07,0.9198400974273682,0.9198691844940186,0.0,1.2648917618207633e-05,0.0,0.0,0.8511978983879089,0.11292052268981934,,,,,,,,,,,,,,,,
378,0.927847146987915,-0.3642578125,0.00390041945502162,0.0038670396897941828,5.663732167704438e-07,0.9200711250305176,0.9200870394706726,0.0,5.077117748442106e-05,0.0,0.0,0.8541638255119324,0.11270565539598465,,,,,,,,,,,,,,,,
379,0.9278002977371216,-0.36477357149124146,0.004065232817083597,0.00402608560398221,6.65364780161326e-07,0.9197186231613159,0.9196979999542236,0.0,4.99500019941479e-05,0.0,0.0,0.8615495562553406,0.11283150315284729,,,,,,,,,,,,,,,,
380,0.9277428388595581,-0.365036278963089,0.003984760493040085,0.003976150881499052,6.94943878443155e-07,0.9198071360588074,0.9197552800178528,0.0,6.011195728206076e-05,0.0,0.0,0.8616456389427185,0.11313644796609879,,,,,,,,,,,,,,,,
381,0.9278088212013245,-0.36716604232788086,0.0039991335943341255,0.003969521727412939,4.93241827825841e-07,0.9198331832885742,0.9198461771011353,0.0,3.233378447475843e-05,0.0,0.0,0.8543658256530762,0.11395908147096634,,,,,,,,,,,,,,,,
382,0.9280204176902771,-0.36852142214775085,0.0040254415944218636,0.0040406733751297,6.170444635245076e-07,0.9199992418289185,0.9199082255363464,0.0,3.881505108438432e-05,0.0,0.0,0.8649435043334961,0.11425720155239105,,,,,,,,,,,,,,,,
383,0.9279258847236633,-0.3706868588924408,0.0039172302931547165,0.003911284264177084,5.448829938359268e-07,0.9201094508171082,0.9200841784477234,0.0,3.573420690372586e-05,0.0,0.0,0.8610546588897705,0.11414068192243576,,,,,,,,,,,,,,,,
384,0.9278157949447632,-0.3706064820289612,0.003907280974090099,0.003855189075693488,8.952690677688224e-07,0.92000812292099,0.920096755027771,0.0,6.762966222595423e-05,0.0,0.0,0.8635265827178955,0.11475643515586853,,,,,,,,,,,,,,,,
385,0.9279232621192932,-0.3724454641342163,0.0037577031180262566,0.0037647350691258907,6.662365876763943e-07,0.9204232692718506,0.9203770756721497,0.0,1.7906466382555664e-05,0.0,0.0,0.8626741170883179,0.11484107375144958,,,,,,,,,,,,,,,,
386,0.9278676509857178,-0.37025919556617737,0.0038897485937923193,0.003875372465699911,4.947977458868991e-07,0.9201056361198425,0.9200984835624695,0.0,4.822675327886827e-05,0.0,0.0,0.8804494738578796,0.11513795703649521,,,,,,,,,,,,,,,,
387,0.9278473854064941,-0.3710816204547882,0.003775272984057665,0.0037718305829912424,6.546787858496828e-07,0.920330822467804,0.9202684760093689,0.0,3.567993189790286e-05,0.0,0.0,0.8714834451675415,0.11442995816469193,,,,,,,,,,,,,,,,
388,0.9278356432914734,-0.3737178444862366,0.003807999659329653,0.003746184753254056,5.304401611283538e-07,0.9202463030815125,0.9203155040740967,0.0,1.1080180229328107e-05,0.0,0.0,0.8712818026542664,0.11393816024065018,,,,,,,,,,,,,,,,
389,0.9277682900428772,-0.3739582598209381,0.0038372084964066744,0.0038414867594838142,4.7126371782724163e-07,0.92012619972229,0.9200521111488342,0.0,1.9691597117343917e-05,0.0,0.0,0.8717473149299622,0.11417840421199799,,,,,,,,,,,,,,,,
390,0.9278644919395447,-0.3756071925163269,0.003928225487470627,0.0038846672978252172,3.9104619986574107e-07,0.9200208187103271,0.920081615447998,0.0,2.285108894284349e-05,0.0,0.0,0.8514484167098999,0.11411487311124802,,,,,,,,,,,,,,,,
391,0.9278813004493713,-0.37199845910072327,0.003927236422896385,0.00391973415389657,7.593508826175821e-07,0.920025646686554,0.920041561126709,0.0,5.510867413249798e-05,0.0,0.0,0.8588588833808899,0.11344202607870102,,,,,,,,,,,,,,,,
392,0.92788165807724,-0.37252485752105713,0.0040219309739768505,0.003975880332291126,4.6517368446075125e-07,0.9198537468910217,0.9199129939079285,0.0,1.5043645362311509e-05,0.0,0.0,0.8665642738342285,0.1133216917514801,,,,,,,,,,,,,,,,
393,0.9278358221054077,-0.376578152179718,0.003972643055021763,0.003957152366638184,7.099823733369703e-07,0.9199090600013733,0.9199015498161316,0.0,1.068248639057856e-05,0.0,0.0,0.8513606786727905,0.11261770129203796,,,,,,,,,,,,,,,,
394,0.9277920722961426,-0.3803263008594513,0.00407573115080595,0.004056500270962715,6.144379085526452e-07,0.919671893119812,0.9196465015411377,0.0,3.920247036148794e-05,0.0,0.0,0.8609784841537476,0.11268787831068039,,,,,,,,,,,,,,,,
395,0.9279758930206299,-0.38290494680404663,0.003945823758840561,0.00400443933904171,4.658555781134055e-07,0.920112133026123,0.9199382066726685,0.0,4.5964821765664965e-05,0.0,0.0,0.8620330691337585,0.11274605244398117,,,,,,,,,,,,,,,,
396,0.927794873714447,-0.37855860590934753,0.004007416777312756,0.004027592018246651,8.428598903265083e-07,0.9197829961776733,0.9197351336479187,0.0,4.581954999594018e-05,0.0,0.0,0.8597820997238159,0.11267625540494919,,,,,,,,,,,,,,,,
397,0.9278555512428284,-0.38087165355682373,0.0039352490566670895,0.003910894505679607,5.299244776324485e-07,0.92003333568573,0.9199844002723694,0.0,2.0143181245657615e-05,0.0,0.0,0.8559670448303223,0.11359032243490219,,,,,,,,,,,,,,,,
398,0.9279355406761169,-0.38159364461898804,0.004044981207698584,0.003966420888900757,4.529035209088761e-07,0.9198864102363586,0.9199609756469727,0.0,3.226316039217636e-05,0.0,0.0,0.8525016903877258,0.11314064264297485,,,,,,,,,,,,,,,,
399,0.9279220104217529,-0.38384661078453064,0.0038813448045402765,0.0038291371893137693,3.1687483215137036e-07,0.9202014207839966,0.9202210307121277,0.0,1.0991632734658197e-05,0.0,0.0,0.8597049713134766,0.1137903705239296,,,,,,,,,,,,,,,,
400,0.9278367757797241,-0.3833121359348297,0.003926033619791269,0.003877160605043173,6.363914621942968e-07,0.9200085401535034,0.9200572967529297,0.0,0.00011429121514083818,0.0,0.0,0.8707147836685181,0.1137237548828125,,,,,,,,,,,,,,,,
401,0.9280049800872803,-0.38307806849479675,0.003942640032619238,0.003868760308250785,2.888680512569408e-07,0.9201290011405945,0.9202576875686646,0.0,5.1724859076784924e-05,0.0,0.0,0.8732790350914001,0.1132463589310646,,,,,,,,,,,,,,,,
402,0.9278417825698853,-0.38436588644981384,0.003828502958640456,0.0038147896993905306,3.0245877269408084e-07,0.9201863408088684,0.9202100038528442,0.0,5.7558820117264986e-05,0.0,0.0,0.8750733137130737,0.11372952908277512,,,,,,,,,,,,,,,,
403,0.9277735948562622,-0.3858167827129364,0.003818485653027892,0.003792175557464361,3.624602697982482e-07,0.9201745390892029,0.9201505780220032,0.0,6.105021748226136e-05,0.0,0.0,0.8670622706413269,0.113657645881176,,,,,,,,,,,,,,,,
404,0.9278903603553772,-0.3884323835372925,0.003921679686754942,0.0038968955632299185,4.3854296905010415e-07,0.9200705289840698,0.9200721979141235,0.0,5.7936307712225243e-05,0.0,0.0,0.8494069576263428,0.11342735588550568,,,,,,,,,,,,,,,,
405,0.9278557896614075,-0.38911500573158264,0.003975109662860632,0.003920635674148798,6.861224619569839e-07,0.9199163913726807,0.9200023412704468,0.0,2.1464275050675496e-06,0.0,0.0,0.8780114054679871,0.11349653452634811,,,,,,,,,,,,,,,,
406,0.9278156161308289,-0.38858526945114136,0.004010375589132309,0.003956564236432314,5.770784810010809e-07,0.9198155403137207,0.9198805689811707,0.0,1.822257900130353e-06,0.0,0.0,0.8800655603408813,0.11270533502101898,,,,,,,,,,,,,,,,
407,0.9278379082679749,-0.38818755745887756,0.00391082838177681,0.0038127528969198465,4.2343555151092005e-07,0.9200451374053955,0.9201827645301819,0.0,2.4989774829009548e-05,0.0,0.0,0.8498131036758423,0.11271365731954575,,,,,,,,,,,,,,,,
408,0.9279003739356995,-0.38960492610931396,0.003871508641168475,0.0038356631994247437,3.6159767091703543e-07,0.920182466506958,0.9202031493186951,0.0,4.1362520278198645e-05,0.0,0.0,0.8508448600769043,0.11248136311769485,,,,,,,,,,,,,,,,
409,0.9278032183647156,-0.39139240980148315,0.0039849067106842995,0.00397528475150466,4.2324072069277463e-07,0.9198676347732544,0.9198175072669983,0.0,1.7961989442483173e-06,0.0,0.0,0.8459296226501465,0.11219733208417892,,,,,,,,,,,,,,,,
410,0.9278165698051453,-0.3914487063884735,0.003952432423830032,0.003971361089497805,3.533064045768697e-07,0.9199243187904358,0.9198605418205261,0.0,8.725334737391677e-06,0.0,0.0,0.8487958312034607,0.11232562363147736,,,,,,,,,,,,,,,,
411,0.9278103709220886,-0.3928283452987671,0.0038943912368267775,0.003913371358066797,6.317476390904631e-07,0.9200696349143982,0.9199342727661133,0.0,5.924497372689075e-07,0.0,0.0,0.8505463004112244,0.11177876591682434,,,,,,,,,,,,,,,,
412,0.9278817772865295,-0.39306092262268066,0.004020035266876221,0.00400985311716795,4.901918373434455e-07,0.9198418855667114,0.9198608994483948,0.0,2.576428414613474e-05,0.0,0.0,0.8568699955940247,0.11202429234981537,,,,,,,,,,,,,,,,
413,0.9278685450553894,-0.39613229036331177,0.004001621622592211,0.003930701874196529,5.225610948400572e-07,0.9199007153511047,0.9199706315994263,0.0,7.740977707726415e-06,0.0,0.0,0.8477932214736938,0.11233984678983688,,,,,,,,,,,,,,,,
414,0.9278637170791626,-0.3968314528465271,0.00391903892159462,0.0038896743208169937,3.9489879100074177e-07,0.9200618863105774,0.9200473427772522,0.0,1.0054061931441538e-05,0.0,0.0,0.8607003688812256,0.11243095248937607,,,,,,,,,,,,,,,,
415,0.927767813205719,-0.39742156863212585,0.0039336783811450005,0.003964579198509455,2.6313915668652044e-07,0.9199157357215881,0.9198228120803833,0.0,9.14395695872372e-06,0.0,0.0,0.8640027642250061,0.11274483054876328,,,,,,,,,,,,,,,,
416,0.9278407692909241,-0.39504194259643555,0.003948670346289873,0.003969471901655197,2.5462750841143134e-07,0.9199487566947937,0.9198959469795227,0.0,4.05101127398666e-06,0.0,0.0,0.8685481548309326,0.113341324031353,,,,,,,,,,,,,,,,
417,0.9277159571647644,-0.3966232240200043,0.0038737673312425613,0.0038798300083726645,1.8809294033417245e-07,0.9200103282928467,0.9199140071868896,0.0,8.685190664436959e-07,0.0,0.0,0.857575535774231,0.11329906433820724,,,,,,,,,,,,,,,,
418,0.927931010723114,-0.39867234230041504,0.003815906587988138,0.003814700525254011,2.930882772034238e-07,0.920317530632019,0.9202826619148254,0.0,1.8769012967823073e-05,0.0,0.0,0.8624539971351624,0.11307169497013092,,,,,,,,,,,,,,,,
419,0.9278610944747925,-0.40100085735321045,0.0038951123133301735,0.0039233677089214325,2.2486047157599387e-07,0.9200860857963562,0.9199986457824707,0.0,1.3437706911645364e-05,0.0,0.0,0.8860636353492737,0.11388975381851196,,,,,,,,,,,,,,,,
420,0.9278619289398193,-0.4013839066028595,0.003948429599404335,0.003892869222909212,3.793931568907283e-07,0.9199805855751038,0.9200599193572998,0.0,4.7477409680141136e-05,0.0,0.0,0.8818933367729187,0.11240620911121368,,,,,,,,,,,,,,,,
421,0.9277651309967041,-0.40187832713127136,0.003929986618459225,0.0038659325800836086,2.5772078515728936e-07,0.9199076890945435,0.9200302958488464,0.0,1.8886761608882807e-05,0.0,0.0,0.8712849020957947,0.11340060085058212,,,,,,,,,,,,,,,,
422,0.9278784394264221,-0.4023788273334503,0.003911037929356098,0.003819412551820278,1.6242162814705807e-07,0.9200764894485474,0.9202191829681396,0.0,4.719006938103121e-06,0.0,0.0,0.88149493932724,0.11354872584342957,,,,,,,,,,,,,,,,
423,0.9278297424316406,-0.40305498242378235,0.003962941467761993,0.0038704376202076674,2.7770607857746654e-07,0.9199090600013733,0.9200831055641174,0.0,2.5833867766777985e-05,0.0,0.0,0.8746896982192993,0.11300629377365112,,,,,,,,,,,,,,,,
424,0.9278097152709961,-0.4017091989517212,0.0038818621542304754,0.003859303891658783,2.5797297098506533e-07,0.9200666546821594,0.9200699329376221,0.0,1.9063032596022822e-05,0.0,0.0,0.8921040296554565,0.11333215981721878,,,,,,,,,,,,,,,,
425,0.9281225204467773,-0.40734243392944336,0.004004528746008873,0.003960616886615753,2.702088579553674e-07,0.9201537370681763,0.9201605319976807,0.0,2.475936162227299e-05,0.0,0.0,0.8599172830581665,0.11213444918394089,,,,,,,,,,,,,,,,
426,0.9278967380523682,-0.4081351161003113,0.0039243390783667564,0.0039724609814584255,3.438245528286643e-07,0.9200471639633179,0.9199520945549011,0.0,3.506286157062277e-05,0.0,0.0,0.8656317591667175,0.11184585839509964,,,,,,,,,,,,,,,,
427,0.9279129505157471,-0.40288910269737244,0.003993735648691654,0.004015910904854536,2.8673346719187975e-07,0.9199413061141968,0.9198647141456604,0.0,4.342803094914416e-06,0.0,0.0,0.8523086309432983,0.11216885596513748,,,,,,,,,,,,,,,,
428,0.9279579520225525,-0.4037533104419708,0.00394599512219429,0.0039674146100878716,7.379460953416128e-07,0.9200652241706848,0.9200224280357361,0.0,5.619330841000192e-05,0.0,0.0,0.8652325868606567,0.11052174866199493,,,,,,,,,,,,,,,,
429,0.9279425144195557,-0.40697556734085083,0.0040072123520076275,0.003959273919463158,5.183641746953072e-07,0.919934868812561,0.9200161099433899,0.0,3.361830749781802e-05,0.0,0.0,0.8736251592636108,0.1123657301068306,,,,,,,,,,,,,,,,
430,0.9277938008308411,-0.41035300493240356,0.0039392150938510895,0.00388229894451797,4.3703408891815343e-07,0.919930100440979,0.9200135469436646,0.0,1.640949813008774e-05,0.0,0.0,0.8583387136459351,0.11202607303857803,,,,,,,,,,,,,,,,
431,0.9277215600013733,-0.4085927903652191,0.0039949980564415455,0.0039252727292478085,1.357849583882853e-07,0.9197507500648499,0.9198516011238098,0.0,1.3829309864377137e-05,0.0,0.0,0.8579180836677551,0.11164576560258865,,,,,,,,,,,,,,,,
432,0.9278817176818848,-0.4107650816440582,0.003994415048509836,0.003920479211956263,6.181981575537066e-07,0.9198961853981018,0.920036256313324,0.0,3.9932965592015535e-05,0.0,0.0,0.8638085722923279,0.11169441789388657,,,,,,,,,,,,,,,,
433,0.9278678297996521,-0.41223248839378357,0.00386350997723639,0.003834773087874055,3.348477548570372e-07,0.9201576113700867,0.9201807975769043,0.0,1.7470047168899328e-06,0.0,0.0,0.8562535047531128,0.11159849911928177,,,,,,,,,,,,,,,,
434,0.9278889298439026,-0.41218966245651245,0.0039976066909730434,0.0039979699067771435,3.4113872970920056e-07,0.9198945760726929,0.9198914170265198,0.0,1.74439737747889e-05,0.0,0.0,0.8676286935806274,0.1121746227145195,,,,,,,,,,,,,,,,
435,0.9278264045715332,-0.4148060381412506,0.003929606173187494,0.00395266292616725,1.7697652765491512e-07,0.9199544191360474,0.9199333786964417,0.0,2.223592673544772e-05,0.0,0.0,0.8492356538772583,0.11227985471487045,,,,,,,,,,,,,,,,
436,0.9278314113616943,-0.4117263853549957,0.003869330510497093,0.0038689111825078726,2.413250399513345e-07,0.9201206564903259,0.9200652241706848,0.0,1.4619866306020413e-05,0.0,0.0,0.857072114944458,0.11238477379083633,,,,,,,,,,,,,,,,
437,0.9277547597885132,-0.41180458664894104,0.0038602047134190798,0.0038128646556288004,1.6651482326324185e-07,0.9200466275215149,0.9201163053512573,0.0,9.418433364771772e-06,0.0,0.0,0.8755699396133423,0.11251877248287201,,,,,,,,,,,,,,,,
438,0.9279667139053345,-0.41613903641700745,0.003882018616423011,0.003859758609905839,2.470115703090414e-07,0.9202014207839966,0.9202479720115662,0.0,2.5840890884865075e-05,0.0,0.0,0.8652328252792358,0.11320728808641434,,,,,,,,,,,,,,,,
439,0.9277969598770142,-0.4167843461036682,0.003959029912948608,0.00394785962998867,2.6741244596450997e-07,0.9199058413505554,0.9198737740516663,0.0,4.698806606029393e-06,0.0,0.0,0.8539410829544067,0.11339325457811356,,,,,,,,,,,,,,,,
440,0.9278746247291565,-0.41609880328178406,0.0039361934177577496,0.003905801335349679,3.543735829225625e-07,0.920025646686554,0.9200388193130493,0.0,8.843215255183168e-06,0.0,0.0,0.8848283290863037,0.11287273466587067,,,,,,,,,,,,,,,,
441,0.9277753233909607,-0.41783085465431213,0.0038728301879018545,0.0038795999716967344,2.490771748853149e-07,0.9200469255447388,0.9199984073638916,0.0,2.3272450562217273e-05,0.0,0.0,0.8854447603225708,0.11274216324090958,,,,,,,,,,,,,,,,
442,0.9277891516685486,-0.41980481147766113,0.003963396418839693,0.003952490631490946,6.064893227630819e-07,0.9198823571205139,0.9198628664016724,0.0,6.109863534220494e-06,0.0,0.0,0.8697420954704285,0.11199013143777847,,,,,,,,,,,,,,,,
443,0.9279521107673645,-0.4194270968437195,0.003987242002040148,0.003948534838855267,1.6628308685540105e-07,0.9200186729431152,0.9200137257575989,0.0,6.5129538597830106e-06,0.0,0.0,0.8651660084724426,0.11216124147176743,,,,,,,,,,,,,,,,
444,0.9277809262275696,-0.42171040177345276,0.003978818189352751,0.003959037829190493,2.0503983932940173e-07,0.9198393225669861,0.9198462963104248,0.0,2.3123515347833745e-05,0.0,0.0,0.859554648399353,0.11256030946969986,,,,,,,,,,,,,,,,
445,0.9278287887573242,-0.4200703203678131,0.004072161391377449,0.0040337685495615005,2.1022367491241312e-07,0.9197099208831787,0.9197354912757874,0.0,4.330629508331185e-06,0.0,0.0,0.8587492108345032,0.11136359721422195,,,,,,,,,,,,,,,,
446,0.9278775453567505,-0.42059946060180664,0.0038585399743169546,0.003871027147397399,2.189144083786232e-07,0.9201894998550415,0.9201059937477112,0.0,1.4584424206987023e-05,0.0,0.0,0.8637476563453674,0.11151742935180664,,,,,,,,,,,,,,,,
447,0.9278927445411682,-0.4231339991092682,0.003841195721179247,0.003767905756831169,2.0993768146126968e-07,0.9202391505241394,0.9203277230262756,0.0,1.6714253433747217e-05,0.0,0.0,0.8497889041900635,0.11159860342741013,,,,,,,,,,,,,,,,
448,0.9278693199157715,-0.42526423931121826,0.003967272117733955,0.003936625085771084,2.4681818899807695e-07,0.9199540615081787,0.9199762344360352,0.0,3.1203180697048083e-06,0.0,0.0,0.8579651117324829,0.11124587059020996,,,,,,,,,,,,,,,,
449,0.9278866648674011,-0.4266856908798218,0.003979231230914593,0.003945571836084127,1.8196449502738687e-07,0.9199356436729431,0.9199877977371216,0.0,1.979296484933002e-06,0.0,0.0,0.8555904626846313,0.11085917055606842,,,,,,,,,,,,,,,,
450,0.9280404448509216,-0.4254525601863861,0.003924721386283636,0.0038724644109606743,6.120004059084749e-07,0.9202154874801636,0.9202699065208435,0.0,1.0834383346036702e-07,0.0,0.0,0.8814757466316223,0.11157585680484772,,,,,,,,,,,,,,,,
451,0.9278320670127869,-0.4261080324649811,0.003977074753493071,0.004011422395706177,3.276765028203954e-07,0.9199075102806091,0.9197790026664734,0.0,5.134760954206286e-07,0.0,0.0,0.8530286550521851,0.11114782840013504,,,,,,,,,,,,,,,,
452,0.9278874397277832,-0.42524218559265137,0.003905561054125428,0.003917384892702103,1.771234536818156e-07,0.9201070070266724,0.920021653175354,0.0,1.631438499316573e-05,0.0,0.0,0.8598566055297852,0.11200346052646637,,,,,,,,,,,,,,,,
453,0.9278580546379089,-0.42594537138938904,0.0038372164126485586,0.0038351051043719053,2.7909362643185887e-07,0.9202021956443787,0.9201686978340149,0.0,3.233407187508419e-05,0.0,0.0,0.8668457865715027,0.11278486996889114,,,,,,,,,,,,,,,,
454,0.9279330968856812,-0.4279683530330658,0.003904712153598666,0.003859002608805895,1.626302008617131e-07,0.9201219081878662,0.9202166199684143,0.0,3.304327037767507e-05,0.0,0.0,0.8759176135063171,0.11263353377580643,,,,,,,,,,,,,,,,
455,0.927959144115448,-0.4300045073032379,0.00398955587297678,0.0039589921943843365,2.8075427849216794e-07,0.92000412940979,0.9200164675712585,0.0,1.3500316526915412e-05,0.0,0.0,0.8852313756942749,0.11294521391391754,,,,,,,,,,,,,,,,
456,0.9278629422187805,-0.4275747239589691,0.003990049008280039,0.0039392272010445595,2.1006263750678045e-07,0.9199068546295166,0.9199600219726562,0.0,1.6240886907326058e-05,0.0,0.0,0.8894853591918945,0.11283934861421585,,,,,,,,,,,,,,,,
457,0.9278468489646912,-0.43054112792015076,0.003914085682481527,0.0038469682913273573,2.1963755614251568e-07,0.9200314879417419,0.9201395511627197,0.0,1.9626460812105506e-07,0.0,0.0,0.8772860765457153,0.11266681551933289,,,,,,,,,,,,,,,,
458,0.9279075860977173,-0.43623581528663635,0.004003274720162153,0.003942693118005991,1.726715765926201e-07,0.9199225306510925,0.9200003743171692,0.0,3.0165438147378154e-05,0.0,0.0,0.867355465888977,0.11323615163564682,,,,,,,,,,,,,,,,
459,0.9278718829154968,-0.4362884759902954,0.003991836681962013,0.003988286480307579,1.4058052499876794e-07,0.9199085235595703,0.9198747277259827,0.0,1.485025404690532e-05,0.0,0.0,0.8608382940292358,0.11239947378635406,,,,,,,,,,,,,,,,
460,0.9279311299324036,-0.4308982193470001,0.004025623202323914,0.004020041786134243,1.6743615560699254e-07,0.9199197292327881,0.919850766658783,0.0,8.639057341497391e-06,0.0,0.0,0.8556459546089172,0.1124451532959938,,,,,,,,,,,,,,,,
461,0.9279547929763794,-0.42751866579055786,0.003911322448402643,0.0039112926460802555,1.814845091985262e-07,0.9201720356941223,0.9200919270515442,0.0,1.551925699061485e-08,0.0,0.0,0.8635925650596619,0.11248420923948288,,,,,,,,,,,,,,,,
462,0.9279189109802246,-0.43337082862854004,0.003889019601047039,0.0038445538375526667,1.1199078642221139e-07,0.9201696515083313,0.920200765132904,0.0,2.5298459149780683e-06,0.0,0.0,0.8645405173301697,0.11162533611059189,,,,,,,,,,,,,,,,
463,0.9278794527053833,-0.44016891717910767,0.00405497569590807,0.00397791201248765,1.52669613839862e-07,0.9198002815246582,0.9198926091194153,0.0,2.816817641360103e-06,0.0,0.0,0.8481602072715759,0.1122283786535263,,,,,,,,,,,,,,,,
464,0.9279032945632935,-0.4431929886341095,0.003916201181709766,0.0038949931040406227,1.2898702550501184e-07,0.9201042056083679,0.9200798273086548,0.0,4.5569487383545493e-07,0.0,0.0,0.8555996417999268,0.11163687705993652,,,,,,,,,,,,,,,,
465,0.9278720021247864,-0.4377675950527191,0.0040345024317502975,0.003978314343839884,1.502530579955419e-07,0.9198355674743652,0.9198824763298035,0.0,1.3601288628706243e-07,0.0,0.0,0.8632440567016602,0.11256600171327591,,,,,,,,,,,,,,,,
466,0.9279179573059082,-0.43497490882873535,0.00388332805596292,0.003899714909493923,1.4288755778579798e-07,0.9201903939247131,0.920079231262207,0.0,1.0005340300267562e-05,0.0,0.0,0.8482921719551086,0.11108306795358658,,,,,,,,,,,,,,,,
467,0.9280227422714233,-0.4370591342449188,0.003962141927331686,0.003930266015231609,1.4019839511547616e-07,0.9201390743255615,0.9201213121414185,0.0,2.784699404401181e-07,0.0,0.0,0.8521919250488281,0.11173122376203537,,,,,,,,,,,,,,,,
468,0.928010880947113,-0.4412442743778229,0.004077583085745573,0.004114346578717232,1.2064433008163178e-07,0.9198508262634277,0.919786810874939,0.0,3.63972139894031e-06,0.0,0.0,0.8622439503669739,0.11186028271913528,,,,,,,,,,,,,,,,
469,0.9278801679611206,-0.4443184435367584,0.004035192541778088,0.0040412237867712975,1.3393400877248496e-07,0.9198200702667236,0.9197871685028076,0.0,1.8264607206219807e-05,0.0,0.0,0.8717789053916931,0.11201829463243484,,,,,,,,,,,,,,,,
470,0.9279068112373352,-0.43838196992874146,0.004033656325191259,0.004033152479678392,1.349170730691185e-07,0.9198517203330994,0.9198279976844788,0.0,5.844261067977641e-06,0.0,0.0,0.8644705414772034,0.11203694343566895,,,,,,,,,,,,,,,,
471,0.9278637170791626,-0.436735063791275,0.0038846994284540415,0.003900390351191163,1.1033917957092854e-07,0.9201169013977051,0.9200401902198792,0.0,1.8415670638205484e-05,0.0,0.0,0.8526623249053955,0.11197097599506378,,,,,,,,,,,,,,,,
472,0.9280070066452026,-0.44475218653678894,0.003902507945895195,0.003909046296030283,1.249279932835634e-07,0.9202117919921875,0.9201788902282715,0.0,6.94115769306336e-08,0.0,0.0,0.8602516055107117,0.11163642257452011,,,,,,,,,,,,,,,,
473,0.927898108959198,-0.44775786995887756,0.003969250246882439,0.00392104871571064,1.2071852495409985e-07,0.919969916343689,0.9200454354286194,0.0,9.276972377847414e-06,0.0,0.0,0.8766793012619019,0.11124055087566376,,,,,,,,,,,,,,,,
474,0.9278826713562012,-0.4466285705566406,0.003942624665796757,0.003921487368643284,1.0138852246655006e-07,0.9200233817100525,0.920013427734375,0.0,8.873030310496688e-06,0.0,0.0,0.8569530248641968,0.11105065047740936,,,,,,,,,,,,,,,,
475,0.927855372428894,-0.4425126314163208,0.003973681014031172,0.003947788849473,9.968583469799341e-08,0.9199127554893494,0.919954776763916,0.0,2.4889423002605326e-05,0.0,0.0,0.8642547130584717,0.11051695793867111,,,,,,,,,,,,,,,,
476,0.9279432892799377,-0.44491881132125854,0.0039478265680372715,0.003943546675145626,8.889912805898348e-08,0.9200433492660522,0.9200602173805237,0.0,6.694184321531793e-06,0.0,0.0,0.8754528164863586,0.1111382320523262,,,,,,,,,,,,,,,,
477,0.9279276728630066,-0.4464174807071686,0.0039038206450641155,0.00393993966281414,1.075194546729108e-07,0.9201256036758423,0.9200420379638672,0.0,3.7859620078961598e-06,0.0,0.0,0.8804890513420105,0.11073020845651627,,,,,,,,,,,,,,,,
478,0.927879810333252,-0.4490693509578705,0.004021171014755964,0.003992910031229258,1.4480865218047256e-07,0.9198805689811707,0.9198505878448486,0.0,2.0228826258517074e-07,0.0,0.0,0.8705920577049255,0.11163058876991272,,,,,,,,,,,,,,,,
479,0.9278407692909241,-0.44966620206832886,0.00398379797115922,0.003924342337995768,1.3380771690663096e-07,0.9198915958404541,0.9199733138084412,0.0,3.6277371691539884e-05,0.0,0.0,0.8771319389343262,0.11177259683609009,,,,,,,,,,,,,,,,
480,0.9278878569602966,-0.4465707540512085,0.003994429484009743,0.003976059146225452,1.3475042237587331e-07,0.9199211597442627,0.9199133515357971,0.0,2.6797833285741035e-08,0.0,0.0,0.8883581757545471,0.11198381334543228,,,,,,,,,,,,,,,,
481,0.927868664264679,-0.448285311460495,0.004031726159155369,0.004049616865813732,2.57019735272479e-07,0.9198083281517029,0.919765830039978,0.0,1.171894155049813e-07,0.0,0.0,0.8719128370285034,0.11059463769197464,,,,,,,,,,,,,,,,
482,0.9279792308807373,-0.45282986760139465,0.004068000707775354,0.004055050201714039,9.949778245754715e-08,0.9198609590530396,0.9198512434959412,0.0,2.4330397536687087e-06,0.0,0.0,0.8634315133094788,0.11106584221124649,,,,,,,,,,,,,,,,
483,0.9278275966644287,-0.4577498137950897,0.003928201273083687,0.003936231601983309,1.3641123075558426e-07,0.9199833869934082,0.9199425578117371,0.0,3.715093299661021e-08,0.0,0.0,0.8715016841888428,0.11112179607152939,,,,,,,,,,,,,,,,
484,0.9279524683952332,-0.45124050974845886,0.003967941738665104,0.003970595076680183,9.94518885022444e-08,0.920033872127533,0.9199938178062439,0.0,9.535067874821834e-06,0.0,0.0,0.8521971106529236,0.11109881103038788,,,,,,,,,,,,,,,,
485,0.9279436469078064,-0.4483012855052948,0.003953448496758938,0.00393273402005434,2.744022822298575e-07,0.9200705289840698,0.9200438261032104,0.0,6.405306294254842e-07,0.0,0.0,0.8739723563194275,0.11108272522687912,,,,,,,,,,,,,,,,
486,0.9279748201370239,-0.4543486535549164,0.003964245785027742,0.003906933590769768,1.0314582254977722e-07,0.9200828671455383,0.9201242327690125,0.0,2.327060792595148e-05,0.0,0.0,0.8745224475860596,0.11093737930059433,,,,,,,,,,,,,,,,
487,0.9280004501342773,-0.45841363072395325,0.003922316245734692,0.0038649612106382847,8.4907036068671e-08,0.9201785922050476,0.9202476739883423,0.0,1.7334043889150053e-07,0.0,0.0,0.8568795919418335,0.11088678985834122,,,,,,,,,,,,,,,,
488,0.9278517365455627,-0.45600101351737976,0.003981330897659063,0.003920115064829588,8.246008320611509e-08,0.919913649559021,0.9199867248535156,0.0,1.583219813028336e-07,0.0,0.0,0.864872395992279,0.11124169081449509,,,,,,,,,,,,,,,,
489,0.9278243780136108,-0.4542448818683624,0.003870756132528186,0.0038484609685838223,9.106189935437214e-08,0.9201185703277588,0.9200915098190308,0.0,2.604012838691716e-10,0.0,0.0,0.8555112481117249,0.11109191179275513,,,,,,,,,,,,,,,,
490,0.9279101490974426,-0.45665332674980164,0.003977665677666664,0.003941026516258717,6.747963965381132e-08,0.9199486970901489,0.9200340509414673,0.0,8.793736014922615e-06,0.0,0.0,0.8675457835197449,0.10973230004310608,,,,,,,,,,,,,,,,
491,0.9279621839523315,-0.4558086693286896,0.003989110235124826,0.003951754886657,8.984980581772106e-08,0.9199812412261963,0.9200612306594849,0.0,4.3599911805358715e-06,0.0,0.0,0.8513518571853638,0.1106659397482872,,,,,,,,,,,,,,,,
492,0.9279545545578003,-0.45649051666259766,0.0039695859886705875,0.003924074117094278,1.0137041073221553e-07,0.9200350642204285,0.9200865626335144,0.0,9.188083822664339e-06,0.0,0.0,0.8751764893531799,0.11046282202005386,,,,,,,,,,,,,,,,
493,0.927804708480835,-0.4594590961933136,0.004038696642965078,0.004026484210044146,8.599629808259124e-08,0.9197542667388916,0.9197245836257935,0.0,1.005343861493202e-07,0.0,0.0,0.8535791635513306,0.10923809558153152,,,,,,,,,,,,,,,,
494,0.9278961420059204,-0.461259663105011,0.0038883478846400976,0.0038589010946452618,7.052275918795203e-08,0.9201424717903137,0.9201552271842957,0.0,6.490077339549316e-06,0.0,0.0,0.8577001094818115,0.11065343022346497,,,,,,,,,,,,,,,,
495,0.9278643727302551,-0.4616948366165161,0.0039745960384607315,0.003925596363842487,5.501130928564635e-08,0.9199579954147339,0.9199702739715576,0.0,8.933608519612335e-09,0.0,0.0,0.866747260093689,0.11080239713191986,,,,,,,,,,,,,,,,
496,0.9278204441070557,-0.4598065912723541,0.0038907602429389954,0.003929980099201202,8.873600876313503e-08,0.9200343489646912,0.9199647903442383,0.0,0.0,0.0,0.0,0.8703101277351379,0.11075107008218765,,,,,,,,,,,,,,,,
497,0.9278963804244995,-0.46294745802879333,0.003934946842491627,0.0038913555908948183,6.022941789751712e-08,0.9200470447540283,0.9200929403305054,0.0,0.0,0.0,0.0,0.8726736307144165,0.1115245670080185,,,,,,,,,,,,,,,,
498,0.9279214143753052,-0.46526679396629333,0.00395193649455905,0.003933861386030912,4.018161448016144e-08,0.9200370907783508,0.9200340509414673,0.0,7.899590855231509e-06,0.0,0.0,0.8685495853424072,0.11095528304576874,,,,,,,,,,,,,,,,
499,0.9279038906097412,-0.4653244614601135,0.004069934599101543,0.00405058404430747,5.457458840396612e-08,0.9197998046875,0.9197667837142944,0.0,7.522604846599279e-06,0.0,0.0,0.8754338622093201,0.11117462813854218,,,,,,,,,,,,,,,,
500,0.9279794096946716,-0.46332788467407227,0.004033935256302357,0.004041315522044897,4.0505717890937376e-08,0.9199193120002747,0.919888973236084,0.0,4.1839763298412436e-07,0.0,0.0,0.8778895735740662,0.11129704862833023,,,,,,,,,,,,,,,,
501,0.9278125166893005,-0.4621325433254242,0.003976149018853903,0.003971746191382408,2.1378851045028568e-07,0.9198527932167053,0.9198760986328125,0.0,3.14871243745074e-07,0.0,0.0,0.8661031723022461,0.11149241775274277,,,,,,,,,,,,,,,,
502,0.92791348695755,-0.46649447083473206,0.003970126621425152,0.003986048977822065,4.8988489709245187e-08,0.9199821949005127,0.9199324250221252,0.0,5.355411190066661e-07,0.0,0.0,0.8709201812744141,0.11083777248859406,,,,,,,,,,,,,,,,
503,0.9278169274330139,-0.471722811460495,0.0039604599587619305,0.0039968290366232395,3.7845197198294045e-08,0.9199022650718689,0.9198169112205505,0.0,3.7050556329631945e-06,0.0,0.0,0.8567681908607483,0.11152785271406174,,,,,,,,,,,,,,,,
504,0.9279041886329651,-0.47079479694366455,0.004052815493196249,0.004029024858027697,3.877108767369464e-08,0.9198258519172668,0.9198188781738281,0.0,2.1720997267493658e-07,0.0,0.0,0.8698743581771851,0.11115508526563644,,,,,,,,,,,,,,,,
505,0.9277811050415039,-0.4674059748649597,0.003904202487319708,0.0038567171432077885,7.077913011244163e-08,0.9199986457824707,0.920041561126709,0.0,4.3985161823911767e-07,0.0,0.0,0.866083562374115,0.1099921241402626,,,,,,,,,,,,,,,,
506,0.9278982877731323,-0.4692342281341553,0.003925037570297718,0.003926998935639858,3.9128408957367355e-08,0.9200792908668518,0.9200131297111511,0.0,8.291097401524894e-06,0.0,0.0,0.8671800494194031,0.11108306795358658,,,,,,,,,,,,,,,,
507,0.9278851747512817,-0.47383198142051697,0.003976893145591021,0.00396469933912158,9.623401098224349e-08,0.9199460744857788,0.9199409484863281,0.0,0.0,0.0,0.0,0.8531139492988586,0.11014082282781601,,,,,,,,,,,,,,,,
508,0.9277874231338501,-0.47300615906715393,0.0038693894166499376,0.003882586257532239,3.496715095252512e-08,0.9200732707977295,0.9199975728988647,0.0,5.88167313253507e-06,0.0,0.0,0.8477857708930969,0.11067739874124527,,,,,,,,,,,,,,,,
509,0.9278773665428162,-0.47019797563552856,0.004018500912934542,0.00398294348269701,3.531699377390396e-08,0.9198541045188904,0.9198976159095764,0.0,1.6361356713900932e-08,0.0,0.0,0.8606357574462891,0.11100039631128311,,,,,,,,,,,,,,,,
510,0.9278684258460999,-0.4712846875190735,0.003954561427235603,0.003942711278796196,3.3258832132787575e-08,0.9199922680854797,0.9199498891830444,0.0,1.5913700224245986e-07,0.0,0.0,0.8772082924842834,0.11050236970186234,,,,,,,,,,,,,,,,
511,0.92784184217453,-0.47572290897369385,0.004029012285172939,0.0040093171410262585,3.7769318339542224e-08,0.9197893738746643,0.9198176860809326,0.0,3.918758739018813e-05,0.0,0.0,0.8572742342948914,0.11013597249984741,,,,,,,,,,,,,,,,
512,0.9279431700706482,-0.476579487323761,0.004030901473015547,0.00398271344602108,2.7898266807824257e-08,0.9198910593986511,0.9199678897857666,0.0,0.0,0.0,0.0,0.855130672454834,0.11066487431526184,,,,,,,,,,,,,,,,
513,0.9278432726860046,-0.47236865758895874,0.003962746821343899,0.003971743863075972,2.923753683603536e-08,0.9199109077453613,0.9199066758155823,0.0,6.370451956172474e-06,0.0,0.0,0.8537130355834961,0.1112871915102005,,,,,,,,,,,,,,,,
514,0.9279332160949707,-0.4717821478843689,0.003999411594122648,0.003984020557254553,3.141862237043824e-08,0.919953465461731,0.9199460744857788,0.0,1.9257953454143717e-08,0.0,0.0,0.8598003387451172,0.11081311851739883,,,,,,,,,,,,,,,,
515,0.9278296828269958,-0.47666868567466736,0.003898193361237645,0.0038698632270097733,1.729161169805593e-07,0.9200713038444519,0.9200515747070312,0.0,4.541878752206685e-06,0.0,0.0,0.8574337959289551,0.11132852733135223,,,,,,,,,,,,,,,,
516,0.927936851978302,-0.48027247190475464,0.0039638010784983635,0.003969946410506964,2.5912330059441047e-08,0.9200286865234375,0.9199773669242859,0.0,1.031569809128996e-06,0.0,0.0,0.8613049983978271,0.10973522067070007,,,,,,,,,,,,,,,,
517,0.9278730750083923,-0.4799131751060486,0.004040287341922522,0.003991078585386276,4.9305732829907356e-08,0.9198265671730042,0.9198567867279053,0.0,9.060610864253249e-06,0.0,0.0,0.8461506366729736,0.11011121422052383,,,,,,,,,,,,,,,,
518,0.9279463291168213,-0.4775487184524536,0.003973370883613825,0.003958646208047867,7.483920683171164e-08,0.9200093150138855,0.9200192093849182,0.0,3.637247800725163e-06,0.0,0.0,0.8460894227027893,0.10900203883647919,,,,,,,,,,,,,,,,
519,0.9278969168663025,-0.4786258041858673,0.004005905706435442,0.003926302306354046,3.504888113070592e-08,0.919903576374054,0.9200257658958435,0.0,1.5017493524283054e-06,0.0,0.0,0.8451065421104431,0.10971011221408844,,,,,,,,,,,,,,,,
520,0.9280025959014893,-0.48168057203292847,0.0038465706165879965,0.0038196470122784376,2.159370460219634e-08,0.920287013053894,0.9203856587409973,0.0,2.498334197298391e-07,0.0,0.0,0.8568778038024902,0.10963938385248184,,,,,,,,,,,,,,,,
521,0.9279624819755554,-0.4820805490016937,0.004015257582068443,0.003921848721802235,2.650444841378885e-08,0.9199516177177429,0.920099139213562,0.0,1.137653634941671e-05,0.0,0.0,0.8424108624458313,0.10916001349687576,,,,,,,,,,,,,,,,
522,0.9279444217681885,-0.4846080243587494,0.0039153858087956905,0.003840987803414464,1.034703203117715e-07,0.9201253056526184,0.9202505350112915,0.0,1.6934725863393396e-05,0.0,0.0,0.8570436835289001,0.10947676002979279,,,,,,,,,,,,,,,,
523,0.9278753399848938,-0.48515334725379944,0.0039706965908408165,0.003932571038603783,1.509453007031425e-08,0.919954776763916,0.9199893474578857,0.0,3.816140815615654e-05,0.0,0.0,0.8925434947013855,0.11025010049343109,,,,,,,,,,,,,,,,
524,0.9278566837310791,-0.4849526584148407,0.003885725513100624,0.0038794316351413727,1.784183822906016e-08,0.9200989603996277,0.9200840592384338,0.0,3.3712451568135293e-06,0.0,0.0,0.8640205264091492,0.11040769517421722,,,,,,,,,,,,,,,,
525,0.9278279542922974,-0.4837798774242401,0.003949168138206005,0.003876518225297332,2.1576090247776847e-08,0.9199503064155579,0.9200541377067566,0.0,1.2269783837837167e-06,0.0,0.0,0.8892929553985596,0.11039824038743973,,,,,,,,,,,,,,,,
526,0.9278000593185425,-0.48032188415527344,0.003978781867772341,0.003963376395404339,1.5721708379601296e-08,0.9198340177536011,0.9198817610740662,0.0,1.1887871551152784e-05,0.0,0.0,0.8896424174308777,0.11138369143009186,,,,,,,,,,,,,,,,
527,0.9279958605766296,-0.4850616157054901,0.003977201879024506,0.003944299649447203,3.025022010660905e-08,0.9200680255889893,0.9200806021690369,0.0,3.3636148145888e-05,0.0,0.0,0.8862392902374268,0.11076969653367996,,,,,,,,,,,,,,,,
528,0.9278462529182434,-0.48756489157676697,0.003996304236352444,0.004007697571069002,1.3328866899087188e-08,0.919863224029541,0.9198212623596191,0.0,7.205492380535361e-08,0.0,0.0,0.8726717829704285,0.10993613302707672,,,,,,,,,,,,,,,,
529,0.9279276132583618,-0.49088820815086365,0.003987980540841818,0.004036387428641319,1.216406442239304e-08,0.9199671149253845,0.9198393225669861,0.0,1.704630813037511e-05,0.0,0.0,0.8568707704544067,0.11102214455604553,,,,,,,,,,,,,,,,
530,0.9279802441596985,-0.4879002273082733,0.003977440297603607,0.0040106442756950855,9.78281100572076e-09,0.9200154542922974,0.919968843460083,0.0,6.9478874138440005e-06,0.0,0.0,0.8687635064125061,0.10985398292541504,,,,,,,,,,,,,,,,
531,0.9278896450996399,-0.4856666922569275,0.004018454346805811,0.004003661684691906,1.0069776124055352e-08,0.9198768138885498,0.9198582768440247,0.0,0.0,0.0,0.0,0.8603144288063049,0.11067444831132889,,,,,,,,,,,,,,,,
532,0.9278370141983032,-0.4907248914241791,0.003821501974016428,0.003829731373116374,9.380050514096183e-09,0.9202054738998413,0.920166015625,0.0,1.2863117717643036e-06,0.0,0.0,0.8753010630607605,0.1108444333076477,,,,,,,,,,,,,,,,
533,0.9278897047042847,-0.4942014217376709,0.0038927311543375254,0.0038688452914357185,3.782079716074804e-08,0.9201374053955078,0.9201187491416931,0.0,0.0,0.0,0.0,0.8664284348487854,0.11082451045513153,,,,,,,,,,,,,,,,
534,0.9279574751853943,-0.4915061891078949,0.003913354128599167,0.003914560656994581,4.89947012738412e-07,0.920134961605072,0.9201232194900513,0.0,1.182511653041729e-07,0.0,0.0,0.8671424388885498,0.11061511188745499,,,,,,,,,,,,,,,,
535,0.9278372526168823,-0.48997220396995544,0.003995019476860762,0.0039472016505897045,1.3145094790445455e-08,0.9198572039604187,0.9199327826499939,0.0,6.319906020735289e-08,0.0,0.0,0.870457112789154,0.11078424751758575,,,,,,,,,,,,,,,,
536,0.9279584884643555,-0.493830144405365,0.00392805365845561,0.003923764917999506,7.450705652445322e-07,0.9201189279556274,0.9200929999351501,0.0,2.1034846213296987e-05,0.0,0.0,0.8618441820144653,0.10990998893976212,,,,,,,,,,,,,,,,
537,0.9278621673583984,-0.49510371685028076,0.004107160028070211,0.004088795743882656,4.928772501244794e-09,0.9196576476097107,0.919674813747406,0.0,4.6755332050452125e-07,0.0,0.0,0.8575196266174316,0.11044399440288544,,,,,,,,,,,,,,,,
538,0.927779495716095,-0.493587464094162,0.003976885695010424,0.003939137794077396,4.6973767098279495e-09,0.919850766658783,0.9198760986328125,0.0,1.0129870133823715e-05,0.0,0.0,0.8470403552055359,0.110013946890831,,,,,,,,,,,,,,,,
539,0.9278869032859802,-0.49267634749412537,0.003938809037208557,0.003899027593433857,8.638598814059151e-08,0.9200311303138733,0.920066773891449,0.0,1.3035942103556408e-08,0.0,0.0,0.8365229964256287,0.10990763455629349,,,,,,,,,,,,,,,,
540,0.9278814196586609,-0.4952056109905243,0.003912803251296282,0.003927627112716436,4.690797972273231e-09,0.9200572371482849,0.9200246334075928,0.0,4.329793856783226e-09,0.0,0.0,0.8436500430107117,0.11004535853862762,,,,,,,,,,,,,,,,
541,0.9278456568717957,-0.4999796748161316,0.003913974389433861,0.003923685755580664,6.876207603312423e-09,0.9200364351272583,0.9199795722961426,0.0,3.4238917256956825e-10,0.0,0.0,0.853505551815033,0.1097208559513092,,,,,,,,,,,,,,,,
542,0.927864670753479,-0.5020260810852051,0.0040483963675796986,0.00400211475789547,1.906975199972294e-07,0.9197958707809448,0.919832170009613,0.0,5.66782496491669e-08,0.0,0.0,0.8536028265953064,0.10945095121860504,,,,,,,,,,,,,,,,
543,0.9279017448425293,-0.4973641335964203,0.004143659491091967,0.0041079893708229065,1.7949969288721945e-09,0.9196290969848633,0.9196711182594299,0.0,3.654837200883776e-06,0.0,0.0,0.8634961843490601,0.11063891649246216,,,,,,,,,,,,,,,,
544,0.9278637766838074,-0.496355801820755,0.003953349310904741,0.0038951472379267216,1.2530078086214758e-09,0.9199835062026978,0.9200470447540283,0.0,5.50311085589783e-07,0.0,0.0,0.868076741695404,0.10973457992076874,,,,,,,,,,,,,,,,
545,0.9279365539550781,-0.496768057346344,0.004003562498837709,0.003948189318180084,6.92304391591847e-09,0.919939398765564,0.9200302958488464,0.0,6.476430947088829e-09,0.0,0.0,0.871266782283783,0.11087630689144135,,,,,,,,,,,,,,,,
546,0.9278620481491089,-0.502213716506958,0.004011696204543114,0.003969617187976837,6.795377149870774e-09,0.9198611378669739,0.9199003577232361,0.0,0.0,0.0,0.0,0.8851622343063354,0.11119271069765091,,,,,,,,,,,,,,,,
547,0.9279603362083435,-0.5028098821640015,0.003977329935878515,0.003942736890166998,2.9798277623171998e-08,0.9200419783592224,0.9200384616851807,0.0,6.201942426287133e-08,0.0,0.0,0.8722361922264099,0.11055576056241989,,,,,,,,,,,,,,,,
548,0.9279955625534058,-0.5029187798500061,0.003965721931308508,0.003943180199712515,3.3963634682443455e-10,0.9200794696807861,0.9200938940048218,0.0,9.20753700484056e-06,0.0,0.0,0.8752680420875549,0.11076019704341888,,,,,,,,,,,,,,,,
549,0.9279807209968567,-0.5003156661987305,0.0039007782470434904,0.0038869844283908606,3.075310672784326e-08,0.9201837182044983,0.9202021956443787,0.0,1.5427954735969251e-07,0.0,0.0,0.8568309545516968,0.11001870781183243,,,,,,,,,,,,,,,,
550,0.9279067516326904,-0.5034584999084473,0.003948973026126623,0.003945419564843178,1.9289240071884706e-07,0.920027494430542,0.9199968576431274,0.0,4.8659749154467136e-05,0.0,0.0,0.8666489124298096,0.10996723175048828,,,,,,,,,,,,,,,,
551,0.9278644919395447,-0.5104021430015564,0.003978014457970858,0.003949884325265884,3.603322085155014e-09,0.9199448823928833,0.9199283123016357,0.0,1.211868738693056e-08,0.0,0.0,0.8783270120620728,0.10955940186977386,,,,,,,,,,,,,,,,
552,0.9278714060783386,-0.5109622478485107,0.004043326713144779,0.004047947004437447,1.3222024863868143e-10,0.9197842478752136,0.9197760820388794,0.0,0.0,0.0,0.0,0.8565431237220764,0.10913781076669693,,,,,,,,,,,,,,,,
553,0.9279260635375977,-0.5032153129577637,0.003966910764575005,0.004009966738522053,1.3421075362174406e-10,0.9200117588043213,0.9198865294456482,0.0,1.2144775463074353e-10,0.0,0.0,0.8585438132286072,0.10929043591022491,,,,,,,,,,,,,,,,
554,0.9279821515083313,-0.5034449696540833,0.004046639893203974,0.004031197167932987,1.0249902315795367e-10,0.9198925495147705,0.919916033744812,0.0,2.5105905478994828e-06,0.0,0.0,0.8514995574951172,0.10954258590936661,,,,,,,,,,,,,,,,
555,0.9278799891471863,-0.5080249905586243,0.003926950506865978,0.003916592337191105,2.80413275932645e-10,0.9200234413146973,0.9200493693351746,0.0,3.584069574458226e-08,0.0,0.0,0.8515377640724182,0.1088733971118927,,,,,,,,,,,,,,,,
556,0.9279178380966187,-0.5118356943130493,0.004027210641652346,0.004002296831458807,2.1149369899831072e-07,0.9198686480522156,0.9199076294898987,0.0,3.2429022667201934e-07,0.0,0.0,0.8558226823806763,0.10905318707227707,,,,,,,,,,,,,,,,
557,0.9279451966285706,-0.5093861818313599,0.004035551566630602,0.003997860476374626,6.528737273026053e-11,0.91988605260849,0.9199375510215759,0.0,5.358806021149576e-08,0.0,0.0,0.8664398789405823,0.10911667346954346,,,,,,,,,,,,,,,,
558,0.9279561042785645,-0.5076751112937927,0.003991193603724241,0.0039970423094928265,6.558200510431433e-11,0.919998288154602,0.9199375510215759,0.0,3.786372417380335e-06,0.0,0.0,0.853609025478363,0.10789497941732407,,,,,,,,,,,,,,,,
559,0.927931010723114,-0.5077176094055176,0.003965125419199467,0.003930291626602411,5.279808812375109e-10,0.9200000762939453,0.9200711846351624,0.0,4.238964379510435e-07,0.0,0.0,0.856269359588623,0.10910577327013016,,,,,,,,,,,,,,,,
560,0.9279347658157349,-0.5136178135871887,0.003944085910916328,0.0038962303660809994,3.881385837734008e-11,0.9200658202171326,0.9201230406761169,0.0,1.7927454791788477e-06,0.0,0.0,0.8662153482437134,0.10814762115478516,,,,,,,,,,,,,,,,
561,0.9278883934020996,-0.5136275291442871,0.004010054282844067,0.004000527784228325,4.890553517711282e-10,0.9198813438415527,0.9198743104934692,0.0,8.522020067402991e-08,0.0,0.0,0.855770468711853,0.10940182954072952,,,,,,,,,,,,,,,,
562,0.9279061555862427,-0.5106407999992371,0.004128057509660721,0.0041128662414848804,2.52970665248764e-11,0.919653058052063,0.9196773767471313,0.0,2.990126176882768e-06,0.0,0.0,0.854784369468689,0.10892469435930252,,,,,,,,,,,,,,,,
563,0.9279293417930603,-0.5092350840568542,0.003973960876464844,0.003977220505475998,4.6225906658037275e-08,0.9199802279472351,0.919975996017456,0.0,1.6817305095173651e-06,0.0,0.0,0.8520783185958862,0.1094575896859169,,,,,,,,,,,,,,,,
564,0.9278737902641296,-0.5164111256599426,0.0039497739635407925,0.003949758131057024,1.1298605384624238e-09,0.9199879765510559,0.9199605584144592,0.0,6.17550316439619e-11,0.0,0.0,0.8627029061317444,0.1099330484867096,,,,,,,,,,,,,,,,
565,0.9278982877731323,-0.518549382686615,0.003933335654437542,0.003944864962249994,3.352375088638837e-08,0.920040488243103,0.9199995994567871,0.0,1.584808160259854e-07,0.0,0.0,0.8781110644340515,0.11015801876783371,,,,,,,,,,,,,,,,
566,0.9280458092689514,-0.5136780738830566,0.004052600357681513,0.004036682657897472,4.569587019886967e-08,0.9199357628822327,0.9199772477149963,0.0,4.717202318715863e-05,0.0,0.0,0.8737219572067261,0.11015287786722183,,,,,,,,,,,,,,,,
567,0.9278005957603455,-0.512509286403656,0.0038962014950811863,0.003882040735334158,3.9027821772952276e-12,0.9200131297111511,0.9200316667556763,0.0,1.9325865650898777e-05,0.0,0.0,0.8828777074813843,0.11006596684455872,,,,,,,,,,,,,,,,
568,0.9279578924179077,-0.5174944400787354,0.0038261134177446365,0.0038334261626005173,2.017404021614766e-09,0.9203027486801147,0.9202938675880432,0.0,7.449246081092653e-11,0.0,0.0,0.8765731453895569,0.10942014306783676,,,,,,,,,,,,,,,,
569,0.9278640747070312,-0.5224860906600952,0.003913791384547949,0.003941121511161327,1.3668130212710072e-12,0.9200367331504822,0.9199815392494202,0.0,1.4019486116012558e-05,0.0,0.0,0.8361072540283203,0.10898824036121368,,,,,,,,,,,,,,,,
570,0.9280446171760559,-0.5183345675468445,0.004078488796949387,0.004045458976179361,2.616348915296385e-09,0.9199004769325256,0.9199409484863281,0.0,1.577767427818344e-08,0.0,0.0,0.8507697582244873,0.10857084393501282,,,,,,,,,,,,,,,,
571,0.9278891682624817,-0.5197972059249878,0.0039497786201536655,0.003937834408134222,7.217097142131479e-09,0.9200080037117004,0.919995129108429,0.0,0.0,0.0,0.0,0.8473625779151917,0.10857471823692322,,,,,,,,,,,,,,,,
572,0.9281305074691772,-0.5159830451011658,0.004045378416776657,0.0040816813707351685,3.5142402321497457e-09,0.92003333568573,0.919973611831665,0.0,0.0,0.0,0.0,0.847619891166687,0.1083747074007988,,,,,,,,,,,,,,,,
573,0.9278937578201294,-0.5201751589775085,0.0040158736519515514,0.004002669360488653,7.689083147965903e-09,0.9198648929595947,0.919885516166687,0.0,9.014046731259384e-10,0.0,0.0,0.848829984664917,0.10829435288906097,,,,,,,,,,,,,,,,
574,0.9279748797416687,-0.5225346088409424,0.004053873475641012,0.004024996887892485,1.5523561982307837e-13,0.9198745489120483,0.9199175238609314,0.0,3.224489830699895e-07,0.0,0.0,0.846166729927063,0.10876908153295517,,,,,,,,,,,,,,,,
575,0.9278644323348999,-0.5210963487625122,0.004046296235173941,0.003986453637480736,2.3764124001957043e-09,0.9197983145713806,0.919865071773529,0.0,1.3648693286683056e-09,0.0,0.0,0.8569308519363403,0.10906317085027695,,,,,,,,,,,,,,,,
576,0.9278425574302673,-0.5203151702880859,0.003993459045886993,0.003964113537222147,3.2327844845525533e-09,0.9198600649833679,0.9199098944664001,0.0,1.975679515453521e-05,0.0,0.0,0.8498806953430176,0.10804640501737595,,,,,,,,,,,,,,,,
577,0.9278981685638428,-0.5228350758552551,0.003995424602180719,0.003944855649024248,1.3744391977083166e-14,0.9199255704879761,0.9199902415275574,0.0,2.339799465289616e-08,0.0,0.0,0.8485212922096252,0.10916759818792343,,,,,,,,,,,,,,,,
578,0.9279056787490845,-0.5234785676002502,0.003961831331253052,0.0039699990302324295,2.211898397774803e-08,0.9199941158294678,0.9199535846710205,0.0,3.543861112120794e-06,0.0,0.0,0.8618946075439453,0.10922475159168243,,,,,,,,,,,,,,,,
579,0.9279140830039978,-0.5267521739006042,0.003956640604883432,0.003956153057515621,5.2307511688482085e-15,0.9200375080108643,0.9199649691581726,0.0,0.0,0.0,0.0,0.8532187938690186,0.10935761034488678,,,,,,,,,,,,,,,,
580,0.9279230833053589,-0.5256860852241516,0.003866384504362941,0.003919400740414858,1.033092431046434e-10,0.9202144145965576,0.9200600981712341,0.0,3.587741770338937e-10,0.0,0.0,0.8599445223808289,0.10976164788007736,,,,,,,,,,,,,,,,
581,0.9280011057853699,-0.528334379196167,0.003870201762765646,0.0038589925970882177,5.98784399841179e-09,0.9202776551246643,0.9202662110328674,0.0,0.0,0.0,0.0,0.8599182963371277,0.10923406481742859,,,,,,,,,,,,,,,,
582,0.9279703497886658,-0.5259848237037659,0.004034160170704126,0.004028645809739828,7.3569794700745206e-09,0.9199076890945435,0.9199073314666748,0.0,6.632879376411438e-06,0.0,0.0,0.8542984127998352,0.11009767651557922,,,,,,,,,,,,,,,,
583,0.9279814958572388,-0.5307759046554565,0.003909932915121317,0.003927017096430063,0.0,0.9201734066009521,0.9201157093048096,0.0,0.0,0.0,0.0,0.85627281665802,0.10955595225095749,,,,,,,,,,,,,,,,
584,0.9280024766921997,-0.5296971797943115,0.004049260634928942,0.004040887579321861,1.5073919001906688e-08,0.9199073314666748,0.9199174046516418,0.0,0.0,0.0,0.0,0.8480048179626465,0.10955622792243958,,,,,,,,,,,,,,,,
585,0.9279016852378845,-0.5299067497253418,0.00398366479203105,0.0039176237769424915,9.695960478950383e-09,0.9199463725090027,0.9200543761253357,0.0,2.847584710252704e-07,0.0,0.0,0.8572168946266174,0.10951151698827744,,,,,,,,,,,,,,,,
586,0.9279427528381348,-0.529417872428894,0.00398764805868268,0.0039853728376328945,2.517870079099538e-10,0.9199779629707336,0.9199615120887756,0.0,0.0,0.0,0.0,0.8806126713752747,0.108949214220047,,,,,,,,,,,,,,,,
587,0.9279012680053711,-0.5316503643989563,0.004008445888757706,0.00396093400195241,0.0,0.919914186000824,0.9199496507644653,0.0,0.0,0.0,0.0,0.8588415384292603,0.10870858281850815,,,,,,,,,,,,,,,,
588,0.9279705882072449,-0.5357675552368164,0.004050058778375387,0.004029653500765562,4.2622291807070667e-10,0.9198682904243469,0.9199134707450867,0.0,1.237525533437367e-11,0.0,0.0,0.8538416028022766,0.10822702944278717,,,,,,,,,,,,,,,,
589,0.9278540015220642,-0.5346260070800781,0.003998928237706423,0.003939380869269371,2.519179354010248e-08,0.9198729395866394,0.9199583530426025,0.0,0.0,0.0,0.0,0.8564409613609314,0.10812443494796753,,,,,,,,,,,,,,,,
590,0.9279134273529053,-0.5330072641372681,0.0038983130361884832,0.003885763930156827,2.0840786874032347e-08,0.9201253056526184,0.9201334118843079,0.0,3.906972415279597e-05,0.0,0.0,0.8434349298477173,0.1085122749209404,,,,,,,,,,,,,,,,
591,0.9279515743255615,-0.5345903038978577,0.0040058898739516735,0.00403644097968936,8.772460979855623e-09,0.9199433326721191,0.9198752045631409,0.0,0.0,0.0,0.0,0.8554226756095886,0.10834694653749466,,,,,,,,,,,,,,,,
592,0.9279319047927856,-0.5368414521217346,0.003975318744778633,0.0039674993604421616,3.501249845605514e-10,0.9199926257133484,0.9199855923652649,0.0,6.250262885032498e-08,0.0,0.0,0.8662829995155334,0.10869942605495453,,,,,,,,,,,,,,,,
593,0.9279313087463379,-0.5329114198684692,0.003977528773248196,0.0039107827469706535,0.0,0.9199978709220886,0.9200880527496338,0.0,1.5362251360784285e-05,0.0,0.0,0.86342853307724,0.10969643294811249,,,,,,,,,,,,,,,,
594,0.9280067682266235,-0.5316003561019897,0.003953105304390192,0.003945540636777878,5.276612000670866e-07,0.9201083779335022,0.9201067686080933,0.0,0.0,0.0,0.0,0.8792349100112915,0.10946943610906601,,,,,,,,,,,,,,,,
595,0.9282052516937256,-0.5355105996131897,0.003933499101549387,0.003912356216460466,4.364865446859767e-08,0.9203563332557678,0.9203624129295349,0.0,8.861144124239217e-06,0.0,0.0,0.8729599714279175,0.1092957854270935,,,,,,,,,,,,,,,,
596,0.9278854131698608,-0.5423650145530701,0.003950775135308504,0.0039313738234341145,1.5758535809595742e-08,0.9199948310852051,0.9200116395950317,0.0,1.2464515097149187e-12,0.0,0.0,0.8610959053039551,0.10926308482885361,,,,,,,,,,,,,,,,
597,0.9278543591499329,-0.5405097603797913,0.004083273466676474,0.004101584665477276,1.534337185875713e-15,0.9196869134902954,0.9196520447731018,0.0,1.2472572961996775e-05,0.0,0.0,0.8400288820266724,0.10877808928489685,,,,,,,,,,,,,,,,
598,0.9279648065567017,-0.5387948751449585,0.004019624087959528,0.004051670897752047,1.4970996176089102e-07,0.9199401140213013,0.9198466539382935,0.0,7.9139050512822e-07,0.0,0.0,0.8517200350761414,0.10951260477304459,,,,,,,,,,,,,,,,
599,0.9278660416603088,-0.5382141470909119,0.004024652298539877,0.0040591564029455185,7.946033945293823e-17,0.9198364615440369,0.9197279810905457,0.0,0.0,0.0,0.0,0.8669951558113098,0.10824780911207199,,,,,,,,,,,,,,,,
600,0.9278721213340759,-0.5417534708976746,0.0038871343713253736,0.003934667911380529,1.3548017818720837e-07,0.9201010465621948,0.919999361038208,0.0,4.932141450808558e-07,0.0,0.0,0.8486657738685608,0.10852240025997162,,,,,,,,,,,,,,,,
601,0.9279223680496216,-0.5410031676292419,0.003942127805203199,0.003968497738242149,2.260258508135493e-10,0.920045793056488,0.9199777841567993,0.0,2.697763612502513e-08,0.0,0.0,0.8537231087684631,0.10760783404111862,,,,,,,,,,,,,,,,
602,0.9279350638389587,-0.5407127141952515,0.003980354405939579,0.003983226139098406,0.0,0.9199653267860413,0.919977605342865,0.0,8.53783532761554e-09,0.0,0.0,0.8577958941459656,0.1084403544664383,,,,,,,,,,,,,,,,
603,0.9279274344444275,-0.5432685017585754,0.004057501908391714,0.004031965974718332,0.0,0.9198282361030579,0.9198476672172546,0.0,1.559907936155014e-08,0.0,0.0,0.8584154844284058,0.1080537661910057,,,,,,,,,,,,,,,,
604,0.9278719425201416,-0.5436233878135681,0.004008721560239792,0.003959011752158403,1.5513379025833274e-07,0.9198819398880005,0.9199261665344238,0.0,1.3238475204957467e-08,0.0,0.0,0.8748653531074524,0.1087743416428566,,,,,,,,,,,,,,,,
605,0.9278587698936462,-0.5446963310241699,0.003971157595515251,0.003922579810023308,4.6361933736527305e-10,0.9199245572090149,0.9200055003166199,0.0,8.701753131390433e-07,0.0,0.0,0.8493064641952515,0.10811983048915863,,,,,,,,,,,,,,,,
606,0.9279066324234009,-0.5431725382804871,0.0039105708710849285,0.0038787848316133022,1.758009915420189e-08,0.9200929999351501,0.9201415181159973,0.0,9.90713215287542e-06,0.0,0.0,0.8546549677848816,0.10856760293245316,,,,,,,,,,,,,,,,
607,0.9279155135154724,-0.5444937348365784,0.003912551794201136,0.003884008387103677,1.3272273058362316e-08,0.9201034307479858,0.920134425163269,0.0,1.8387829925359256e-07,0.0,0.0,0.8699291348457336,0.1087840348482132,,,,,,,,,,,,,,,,
608,0.9279645085334778,-0.5452547669410706,0.003900968236848712,0.003904803190380335,1.4434038686506057e-10,0.920159101486206,0.9201583862304688,0.0,5.380143647926161e-06,0.0,0.0,0.8332234621047974,0.10780078172683716,,,,,,,,,,,,,,,,
609,0.9278611540794373,-0.5474115610122681,0.0038981481920927763,0.00390901044011116,0.0,0.9200729727745056,0.9200350642204285,0.0,2.096569187415298e-05,0.0,0.0,0.8524913191795349,0.1077796220779419,,,,,,,,,,,,,,,,
610,0.927960991859436,-0.5494118928909302,0.003992064855992794,0.004013179335743189,2.5590352947801875e-07,0.91998690366745,0.9199240803718567,0.0,2.2553479084308492e-08,0.0,0.0,0.8466620445251465,0.10817008465528488,,,,,,,,,,,,,,,,
611,0.9277847409248352,-0.5494728684425354,0.0038925588596612215,0.0039040339179337025,7.057779694008559e-09,0.9199958443641663,0.9199804067611694,0.0,0.0,0.0,0.0,0.8442710041999817,0.10806545615196228,,,,,,,,,,,,,,,,
612,0.9278948307037354,-0.5484140515327454,0.004014044068753719,0.0039871735498309135,0.0,0.9198637008666992,0.9199235439300537,0.0,0.0,0.0,0.0,0.849873960018158,0.10884818434715271,,,,,,,,,,,,,,,,
613,0.9279462695121765,-0.5457133054733276,0.003948288969695568,0.0039296881295740604,0.0,0.9200382232666016,0.9200983643531799,0.0,6.586432022004374e-08,0.0,0.0,0.8541262149810791,0.10929222404956818,,,,,,,,,,,,,,,,
614,0.9279544949531555,-0.548616886138916,0.0038915914483368397,0.0038913527969270945,0.0,0.9201688766479492,0.920174241065979,0.0,1.6752777810324915e-05,0.0,0.0,0.8517828583717346,0.10913272202014923,,,,,,,,,,,,,,,,
615,0.9280229806900024,-0.555803656578064,0.004050256684422493,0.004001200664788485,0.0,0.9199259281158447,0.9200171232223511,0.0,1.4905802286913072e-11,0.0,0.0,0.8698572516441345,0.10876168310642242,,,,,,,,,,,,,,,,
616,0.9279893040657043,-0.5520585179328918,0.0040863025933504105,0.004054095596075058,0.0,0.919820249080658,0.9198775291442871,0.0,1.502707402956105e-10,0.0,0.0,0.8449016213417053,0.10842643678188324,,,,,,,,,,,,,,,,
617,0.9279063940048218,-0.54757159948349,0.0040067220106720924,0.003985941410064697,7.250761796528948e-11,0.9199021458625793,0.9199252724647522,0.0,0.0,0.0,0.0,0.8435738682746887,0.10833558440208435,,,,,,,,,,,,,,,,
618,0.9279735088348389,-0.5537281036376953,0.003955511376261711,0.003934445325285196,0.0,0.9200795292854309,0.920087456703186,0.0,4.6776836626349905e-08,0.0,0.0,0.8432393670082092,0.10831718891859055,,,,,,,,,,,,,,,,
619,0.927842915058136,-0.5580910444259644,0.004063248168677092,0.004089917987585068,0.0,0.9197231531143188,0.9196563959121704,0.0,1.3349518667382654e-05,0.0,0.0,0.8554015755653381,0.10879356414079666,,,,,,,,,,,,,,,,
620,0.9279994368553162,-0.5525698661804199,0.004090417642146349,0.004107972141355276,3.4642189117306543e-09,0.9198224544525146,0.9197796583175659,0.0,1.3882703342460445e-07,0.0,0.0,0.8581486344337463,0.1085711196064949,,,,,,,,,,,,,,,,
621,0.9278649687767029,-0.5499095916748047,0.004033147823065519,0.004056076053529978,2.5673882575460993e-08,0.9198002219200134,0.9197512865066528,0.0,0.0,0.0,0.0,0.8360962867736816,0.10853449255228043,,,,,,,,,,,,,,,,
622,0.928000271320343,-0.5574035048484802,0.0040018572472035885,0.004001303110271692,3.648963797786564e-08,0.920015275478363,0.9199789762496948,0.0,0.0,0.0,0.0,0.8561584949493408,0.10854902118444443,,,,,,,,,,,,,,,,
623,0.9278673529624939,-0.5638219118118286,0.003950720187276602,0.003961604554206133,0.0,0.919963538646698,0.919946551322937,0.0,0.0,0.0,0.0,0.836114764213562,0.10830993205308914,,,,,,,,,,,,,,,,
624,0.9279736280441284,-0.5621505975723267,0.004068365320563316,0.0040832823142409325,0.0,0.919854998588562,0.9197890162467957,0.0,1.7628225634780392e-07,0.0,0.0,0.8455705642700195,0.10789421200752258,,,,,,,,,,,,,,,,
625,0.9280062317848206,-0.5541632175445557,0.004007596056908369,0.003965598996728659,6.50478355623818e-08,0.9200053811073303,0.9200606346130371,0.0,4.3044335457098626e-11,0.0,0.0,0.8408281207084656,0.10822737962007523,,,,,,,,,,,,,,,,
626,0.9279732704162598,-0.5576496124267578,0.00396087346598506,0.00394072663038969,6.870202184927621e-08,0.9200568199157715,0.9200863838195801,0.0,1.1203506801393814e-05,0.0,0.0,0.8479576706886292,0.10882502049207687,,,,,,,,,,,,,,,,
627,0.9277799129486084,-0.5608952641487122,0.004042249638587236,0.004008402582257986,3.8437582977612905e-11,0.919705331325531,0.9197530746459961,0.0,0.0,0.0,0.0,0.8483980298042297,0.10771918296813965,,,,,,,,,,,,,,,,
628,0.9279194474220276,-0.5608950257301331,0.003952355124056339,0.003945896867662668,1.682189942897594e-10,0.9200220704078674,0.9200202822685242,0.0,4.776347850565799e-07,0.0,0.0,0.8659823536872864,0.10829435288906097,,,,,,,,,,,,,,,,
629,0.9279561042785645,-0.5586216449737549,0.003998954780399799,0.003992666024714708,5.853443507675138e-09,0.9199788570404053,0.9199501276016235,0.0,0.0,0.0,0.0,0.8479065299034119,0.10747870802879333,,,,,,,,,,,,,,,,
630,0.9278014898300171,-0.5582305788993835,0.003953354898840189,0.003974411636590958,1.704735552721104e-08,0.9199015498161316,0.9198458194732666,0.0,1.6344768594134251e-10,0.0,0.0,0.8400111198425293,0.10823793709278107,,,,,,,,,,,,,,,,
631,0.9279168248176575,-0.5640659332275391,0.003945860546082258,0.003956375177949667,0.0,0.9200348258018494,0.9199942946434021,0.0,9.043129125529958e-07,0.0,0.0,0.8323763608932495,0.10775858908891678,,,,,,,,,,,,,,,,
632,0.9278590679168701,-0.5653776526451111,0.003927207551896572,0.003935137297958136,0.0,0.9200178384780884,0.9199756979942322,0.0,1.9181004972779192e-05,0.0,0.0,0.8590869903564453,0.10796871781349182,,,,,,,,,,,,,,,,
633,0.9278714060783386,-0.5651758313179016,0.0038938666693866253,0.003892498556524515,1.8375342136778272e-08,0.920094907283783,0.9200751185417175,0.0,0.0,0.0,0.0,0.8522229790687561,0.10831913352012634,,,,,,,,,,,,,,,,
634,0.9279914498329163,-0.5645801424980164,0.0038814230356365442,0.003852254245430231,0.0,0.9202259182929993,0.9202895760536194,0.0,9.731281352287624e-06,0.0,0.0,0.8538644313812256,0.10756845027208328,,,,,,,,,,,,,,,,
635,0.9278963208198547,-0.564689040184021,0.003832457587122917,0.003808105131611228,1.6163598237639576e-10,0.9202542901039124,0.9202572107315063,0.0,3.925039848695633e-09,0.0,0.0,0.8621266484260559,0.1075906977057457,,,,,,,,,,,,,,,,
636,0.9279281497001648,-0.5673180222511292,0.0038676231633871794,0.0038598626852035522,2.58563415123092e-09,0.9201920628547668,0.9202092289924622,0.0,1.3855849090305128e-07,0.0,0.0,0.8610217571258545,0.10800892859697342,,,,,,,,,,,,,,,,
637,0.9278289079666138,-0.5673230886459351,0.003991391975432634,0.00399833545088768,0.0,0.919852614402771,0.9198257923126221,0.0,7.539036772641339e-08,0.0,0.0,0.8497094511985779,0.10742660611867905,,,,,,,,,,,,,,,,
638,0.9279512763023376,-0.5685639977455139,0.004025144036859274,0.0040019843727350235,0.0,0.9199178218841553,0.9199303984642029,0.0,0.0,0.0,0.0,0.8592400550842285,0.10741009563207626,,,,,,,,,,,,,,,,
639,0.9278523921966553,-0.5660182237625122,0.003997704479843378,0.003979256376624107,2.7813591430003726e-08,0.9198616743087769,0.9198890328407288,0.0,2.5643787537887874e-08,0.0,0.0,0.8730224967002869,0.10752002149820328,,,,,,,,,,,,,,,,
640,0.9278721213340759,-0.5680279731750488,0.004038596525788307,0.0040166922844946384,5.173594104235235e-07,0.9198090434074402,0.9198235869407654,0.0,1.5242312656482682e-07,0.0,0.0,0.858754575252533,0.10768920183181763,,,,,,,,,,,,,,,,
641,0.9279218912124634,-0.5714870691299438,0.003937681671231985,0.003958362620323896,1.246110326036387e-09,0.920051097869873,0.9200006127357483,0.0,9.544547374673584e-09,0.0,0.0,0.8589795231819153,0.10786554962396622,,,,,,,,,,,,,,,,
642,0.9279671311378479,-0.5694655179977417,0.0039049892220646143,0.0039110202342271805,1.5894272564764833e-08,0.9201753735542297,0.9201267957687378,0.0,9.167655079522774e-09,0.0,0.0,0.8616986870765686,0.10809139162302017,,,,,,,,,,,,,,,,
643,0.9279083609580994,-0.5697433352470398,0.0038973453920334578,0.0038827750831842422,8.595400835531564e-09,0.9201232194900513,0.9201332330703735,0.0,2.7886339903915314e-09,0.0,0.0,0.8475009799003601,0.10808087885379791,,,,,,,,,,,,,,,,
644,0.9278848767280579,-0.576353132724762,0.003871210617944598,0.003836799645796418,1.6642564659719028e-08,0.9201406836509705,0.9202130436897278,0.0,3.1132885158768886e-09,0.0,0.0,0.8619280457496643,0.10811229050159454,,,,,,,,,,,,,,,,
645,0.9279974102973938,-0.5726919770240784,0.004051459487527609,0.004022784531116486,1.0136901806845344e-07,0.9199008941650391,0.9199451804161072,0.0,5.4521670733720384e-08,0.0,0.0,0.8576214909553528,0.1078033447265625,,,,,,,,,,,,,,,,
646,0.9278334975242615,-0.5720584988594055,0.0039808256551623344,0.003969390876591206,1.3763853701220796e-07,0.9198943972587585,0.9198718070983887,0.0,3.127057425444946e-05,0.0,0.0,0.8566952347755432,0.10879058390855789,,,,,,,,,,,,,,,,
647,0.9279083013534546,-0.5725371241569519,0.004008063580840826,0.003986883908510208,1.1698918500613331e-09,0.9199023246765137,0.9199243783950806,0.0,1.4018721739006423e-09,0.0,0.0,0.8673668503761292,0.10788083076477051,,,,,,,,,,,,,,,,
648,0.9279515743255615,-0.5786575675010681,0.0039673252031207085,0.003980353940278292,6.028330612473098e-10,0.9200208783149719,0.9199869632720947,0.0,3.275853188711153e-08,0.0,0.0,0.8332406878471375,0.10777192562818527,,,,,,,,,,,,,,,,
649,0.9279020428657532,-0.5749589204788208,0.004032198339700699,0.004042393993586302,0.0,0.9198464155197144,0.9198084473609924,0.0,5.5340645843671155e-08,0.0,0.0,0.851030707359314,0.10773290693759918,,,,,,,,,,,,,,,,
650,0.9278750419616699,-0.5732434391975403,0.0040094852447509766,0.004003532230854034,1.2375005187248433e-10,0.9198726415634155,0.9198514223098755,0.0,6.808482311271291e-08,0.0,0.0,0.8546773195266724,0.10745804756879807,,,,,,,,,,,,,,,,
651,0.9280520677566528,-0.5736306309700012,0.003987024538218975,0.004007614217698574,5.0398800688356005e-09,0.9201058745384216,0.9200089573860168,0.0,0.0,0.0,0.0,0.8360070586204529,0.10771197080612183,,,,,,,,,,,,,,,,
652,0.9279248118400574,-0.5789631605148315,0.004020330496132374,0.0040272194892168045,6.702880004511025e-12,0.9198921918869019,0.9198623299598694,0.0,1.1977717484512596e-08,0.0,0.0,0.8388574719429016,0.10697481781244278,,,,,,,,,,,,,,,,
653,0.9279922246932983,-0.5821990370750427,0.003983623348176479,0.003996876068413258,2.8187411516000793e-08,0.9200297594070435,0.9199936389923096,0.0,1.8481685515325808e-07,0.0,0.0,0.832059383392334,0.1075553447008133,,,,,,,,,,,,,,,,
654,0.9280235171318054,-0.5794385671615601,0.0040050470270216465,0.003991830628365278,2.8303678845098545e-10,0.9200215935707092,0.9200316667556763,0.0,3.290070935690892e-07,0.0,0.0,0.8429923057556152,0.108573779463768,,,,,,,,,,,,,,,,
655,0.9279439449310303,-0.5797040462493896,0.003964393399655819,0.0039632865227758884,4.315164545132255e-12,0.9200154542922974,0.9200171232223511,0.0,6.071504117244331e-07,0.0,0.0,0.8581493496894836,0.10805116593837738,,,,,,,,,,,,,,,,
656,0.9278540015220642,-0.5793370008468628,0.004064720589667559,0.0040090447291731834,0.0,0.9197449088096619,0.9198156595230103,0.0,0.0,0.0,0.0,0.8473546504974365,0.10780409723520279,,,,,,,,,,,,,,,,
657,0.9279258251190186,-0.5804042220115662,0.003872017841786146,0.003858254523947835,3.0344304846607884e-10,0.9201834797859192,0.9202077388763428,0.0,1.6659294033161132e-07,0.0,0.0,0.8603107333183289,0.10820426046848297,,,,,,,,,,,,,,,,
658,0.9279806613922119,-0.5812644362449646,0.004130474291741848,0.0040799761191010475,6.42507856814245e-13,0.9197238087654114,0.9198165535926819,0.0,6.008982509709063e-14,0.0,0.0,0.8453159332275391,0.1073208749294281,,,,,,,,,,,,,,,,
659,0.9279802441596985,-0.5831257700920105,0.004009568132460117,0.004043062683194876,2.5534424444537236e-19,0.9199666976928711,0.919888436794281,0.0,5.173449224571414e-09,0.0,0.0,0.8387281894683838,0.1077929437160492,,,,,,,,,,,,,,,,
660,0.9279242753982544,-0.5816669464111328,0.004017682746052742,0.004014065954834223,1.4476038423527626e-10,0.9199046492576599,0.9198805093765259,0.0,9.031919034896418e-06,0.0,0.0,0.8498438000679016,0.10754521936178207,,,,,,,,,,,,,,,,
661,0.9279204607009888,-0.5854688882827759,0.00399624090641737,0.003959340509027243,0.0,0.9199201464653015,0.9200096726417542,0.0,0.0,0.0,0.0,0.8509023189544678,0.10744192451238632,,,,,,,,,,,,,,,,
662,0.9281447529792786,-0.5893782377243042,0.003940429538488388,0.003983261529356241,0.0,0.9202649593353271,0.9201772212982178,0.0,0.0,0.0,0.0,0.8544666171073914,0.10810993611812592,,,,,,,,,,,,,,,,
663,0.9279522895812988,-0.5848053693771362,0.003915007691830397,0.0039178794249892235,0.0,0.9201472401618958,0.9200915098190308,0.0,1.2444014885204524e-07,0.0,0.0,0.8497815728187561,0.10718832165002823,,,,,,,,,,,,,,,,
664,0.9279431700706482,-0.5803230404853821,0.0038472062442451715,0.003887050785124302,1.215109222130195e-07,0.9202728271484375,0.9201447367668152,0.0,8.583558752661702e-08,0.0,0.0,0.8454782366752625,0.10624106228351593,,,,,,,,,,,,,,,,
665,0.9280716180801392,-0.5833219885826111,0.0038812400307506323,0.0038952899631112814,8.811652102425072e-11,0.9203271269798279,0.9202629923820496,0.0,0.0,0.0,0.0,0.8664238452911377,0.10741417855024338,,,,,,,,,,,,,,,,
666,0.9278914332389832,-0.5907655358314514,0.003920787945389748,0.003930071834474802,2.0641399700593865e-09,0.9200637936592102,0.9200173020362854,0.0,0.0,0.0,0.0,0.8609784245491028,0.1070375069975853,,,,,,,,,,,,,,,,
667,0.9278666973114014,-0.5911238193511963,0.004021013155579567,0.003972317092120647,0.0,0.9198299646377563,0.9199168086051941,0.0,1.2597833887184606e-08,0.0,0.0,0.8474680781364441,0.10811776667833328,,,,,,,,,,,,,,,,
668,0.9279049634933472,-0.5869067907333374,0.003952287137508392,0.003947964403778315,1.792935815276859e-16,0.9200108647346497,0.9199985861778259,0.0,2.5295122441093554e-08,0.0,0.0,0.8626536726951599,0.10811149328947067,,,,,,,,,,,,,,,,
669,0.9280259609222412,-0.5837684273719788,0.004005043767392635,0.0039938949048519135,0.0,0.9200212359428406,0.9200327396392822,0.0,0.0,0.0,0.0,0.8766557574272156,0.10786771029233932,,,,,,,,,,,,,,,,
670,0.9280245304107666,-0.5918782353401184,0.003950051032006741,0.003936280030757189,3.3658466236374807e-08,0.920113205909729,0.9201631546020508,0.0,6.040353550673672e-09,0.0,0.0,0.8564937114715576,0.10848228633403778,,,,,,,,,,,,,,,,
671,0.9278640151023865,-0.5963608026504517,0.004001364577561617,0.00398904737085104,0.0,0.9198923707008362,0.9198548197746277,0.0,0.0,0.0,0.0,0.8555167317390442,0.10876336693763733,,,,,,,,,,,,,,,,
672,0.9280197620391846,-0.5927451252937317,0.004212979227304459,0.0041986373253166676,0.0,0.9196150302886963,0.9196011424064636,0.0,5.672792458000231e-09,0.0,0.0,0.8634227514266968,0.10740409791469574,,,,,,,,,,,,,,,,
673,0.9279323220252991,-0.59206622838974,0.003931489307433367,0.0038892594166100025,0.0,0.9201076626777649,0.9201155304908752,0.0,0.0,0.0,0.0,0.8436819314956665,0.10751617699861526,,,,,,,,,,,,,,,,
674,0.9279047846794128,-0.5925500988960266,0.004041288513690233,0.004030517302453518,0.0,0.919829249382019,0.9198367595672607,0.0,6.068524385227647e-07,0.0,0.0,0.8697272539138794,0.10754187405109406,,,,,,,,,,,,,,,,
675,0.9279597997665405,-0.5984591841697693,0.004001487512141466,0.003976383246481419,6.133719643308666e-10,0.9199804067611694,0.9199835062026978,0.0,0.0,0.0,0.0,0.8619914650917053,0.10826572775840759,,,,,,,,,,,,,,,,
676,0.9279491305351257,-0.5981000065803528,0.003916750196367502,0.0039152419194579124,0.0,0.9201125502586365,0.9201217293739319,0.0,7.191068185363747e-09,0.0,0.0,0.8434343934059143,0.10697361081838608,,,,,,,,,,,,,,,,
677,0.927950382232666,-0.5909844636917114,0.003961313050240278,0.0039278618060052395,0.0,0.9200461506843567,0.920076310634613,0.0,0.0,0.0,0.0,0.8426941633224487,0.10662020742893219,,,,,,,,,,,,,,,,
678,0.9278752207756042,-0.5931844711303711,0.0038643337320536375,0.003854695474728942,2.492108082396971e-11,0.9201511740684509,0.9201611876487732,0.0,5.467928190228122e-07,0.0,0.0,0.8460251688957214,0.10669829696416855,,,,,,,,,,,,,,,,
679,0.9278716444969177,-0.5976147055625916,0.003909037448465824,0.003908316604793072,0.0,0.9200616478919983,0.9200469851493835,0.0,2.149791811234536e-08,0.0,0.0,0.8495849967002869,0.10646095126867294,,,,,,,,,,,,,,,,
680,0.9278472661972046,-0.599852442741394,0.003998386207967997,0.004021437373012304,1.588379205941237e-08,0.9198323488235474,0.9198224544525146,0.0,0.0,0.0,0.0,0.8535019755363464,0.10686957091093063,,,,,,,,,,,,,,,,
681,0.927945613861084,-0.5952926278114319,0.0040190857835114,0.004042922053486109,0.0,0.9199222922325134,0.9198448657989502,0.0,0.0,0.0,0.0,0.8513712882995605,0.10708878189325333,,,,,,,,,,,,,,,,
682,0.9280022978782654,-0.5956518054008484,0.0038679526187479496,0.003907964564859867,3.274085003113214e-08,0.9202687740325928,0.9201838970184326,0.0,6.210710834508859e-10,0.0,0.0,0.8709398508071899,0.10741571336984634,,,,,,,,,,,,,,,,
683,0.9279438257217407,-0.599889874458313,0.00390042457729578,0.003907934762537479,0.0,0.9201408624649048,0.9201300144195557,0.0,0.0,0.0,0.0,0.8474838733673096,0.10741264373064041,,,,,,,,,,,,,,,,
684,0.9279536604881287,-0.5995288491249084,0.00396471144631505,0.003971558529883623,1.2754500744449615e-07,0.9200154542922974,0.9200190305709839,0.0,2.5912655132742657e-07,0.0,0.0,0.854545533657074,0.1072554960846901,,,,,,,,,,,,,,,,
685,0.9278871417045593,-0.5979198813438416,0.003922775387763977,0.003916753921657801,6.430033838711324e-09,0.920051097869873,0.9200440645217896,0.0,8.602284651715308e-06,0.0,0.0,0.8587827086448669,0.10770147293806076,,,,,,,,,,,,,,,,
686,0.9279584288597107,-0.5996666550636292,0.004036181606352329,0.00398726062849164,8.272338697495863e-16,0.9198887944221497,0.9199811816215515,0.0,0.0,0.0,0.0,0.837674081325531,0.107280433177948,,,,,,,,,,,,,,,,
687,0.9278880953788757,-0.6027566194534302,0.004016225226223469,0.003928967285901308,0.0,0.91988605260849,0.9199997782707214,0.0,0.0,0.0,0.0,0.8550815582275391,0.10737280547618866,,,,,,,,,,,,,,,,
688,0.9278602004051208,-0.6030511856079102,0.003907224163413048,0.003880390664562583,2.9369956466851477e-10,0.9200525283813477,0.9200925827026367,0.0,6.038218813841922e-09,0.0,0.0,0.8392802476882935,0.10774669796228409,,,,,,,,,,,,,,,,
689,0.927942156791687,-0.604790210723877,0.003925051540136337,0.003910352475941181,9.583264182211337e-10,0.9200931787490845,0.920120358467102,0.0,0.0,0.0,0.0,0.8616924285888672,0.10743802785873413,,,,,,,,,,,,,,,,
690,0.9280126094818115,-0.6036902666091919,0.004093728959560394,0.004063312895596027,1.0750347279042671e-08,0.9198396801948547,0.9198713898658752,0.0,5.954261439455877e-08,0.0,0.0,0.8697481155395508,0.1070079430937767,,,,,,,,,,,,,,,,
691,0.9279570579528809,-0.6034060716629028,0.003978390246629715,0.003980994690209627,1.0487728019370479e-08,0.9200109243392944,0.9199844002723694,0.0,0.0,0.0,0.0,0.8426346182823181,0.10664360225200653,,,,,,,,,,,,,,,,
692,0.9279904365539551,-0.6053582429885864,0.004017136991024017,0.004048677161335945,0.0,0.9199548363685608,0.9198943972587585,0.0,4.987225565855624e-06,0.0,0.0,0.862213134765625,0.10719731450080872,,,,,,,,,,,,,,,,
693,0.9279561638832092,-0.6095058917999268,0.004086627624928951,0.00412388751283288,0.0,0.9197852611541748,0.9197059869766235,0.0,0.0,0.0,0.0,0.836273193359375,0.10727813094854355,,,,,,,,,,,,,,,,
694,0.9279499650001526,-0.6062573194503784,0.0040652453899383545,0.004068098496645689,0.0,0.9198383092880249,0.9197949767112732,0.0,1.1138099864638207e-07,0.0,0.0,0.8427437543869019,0.10580889135599136,,,,,,,,,,,,,,,,
695,0.9278954863548279,-0.6016286611557007,0.004043812397867441,0.0040381490252912045,4.867613256909209e-12,0.919796347618103,0.9198307394981384,0.0,0.0,0.0,0.0,0.8418722748756409,0.10585761070251465,,,,,,,,,,,,,,,,
696,0.9280223250389099,-0.605755090713501,0.004083068575710058,0.004068417474627495,0.0,0.9198644757270813,0.919877290725708,0.0,4.788763590113376e-07,0.0,0.0,0.843690812587738,0.10540277510881424,,,,,,,,,,,,,,,,
697,0.9279647469520569,-0.6141502261161804,0.004044818226248026,0.004014273639768362,0.0,0.9198898077011108,0.9199215173721313,0.0,1.786807857229178e-08,0.0,0.0,0.8545013666152954,0.10621745139360428,,,,,,,,,,,,,,,,
698,0.928068995475769,-0.6098838448524475,0.004135332070291042,0.004114170093089342,6.961157106134624e-16,0.9198244214057922,0.9198145866394043,0.0,0.0,0.0,0.0,0.838528573513031,0.10638946294784546,,,,,,,,,,,,,,,,
699,0.9279626607894897,-0.6028578877449036,0.004049505572766066,0.004014590289443731,2.0405577227933236e-10,0.919890820980072,0.9199063181877136,0.0,9.793324551310434e-08,0.0,0.0,0.8529635667800903,0.1065683588385582,,,,,,,,,,,,,,,,
700,0.9280118942260742,-0.6082028150558472,0.003954215906560421,0.003956993110477924,1.3608070226212021e-09,0.9201036691665649,0.9200977683067322,0.0,9.481867891736329e-06,0.0,0.0,0.8533504605293274,0.10677134990692139,,,,,,,,,,,,,,,,
701,0.9279196262359619,-0.6124029159545898,0.0038504141848534346,0.003850168315693736,1.5885891002653807e-07,0.9202179312705994,0.9202198386192322,0.0,1.0958498023683205e-05,0.0,0.0,0.8589504361152649,0.10685177892446518,,,,,,,,,,,,,,,,
702,0.92796790599823,-0.6157104969024658,0.0039228955283761024,0.003934516571462154,0.0,0.9201292395591736,0.9200918078422546,0.0,0.0,0.0,0.0,0.840901255607605,0.10752062499523163,,,,,,,,,,,,,,,,
703,0.9280005693435669,-0.6114127039909363,0.004019489046186209,0.003988390322774649,1.0241998360527305e-08,0.9199761748313904,0.9200091361999512,0.0,0.0,0.0,0.0,0.8361220955848694,0.10564545542001724,,,,,,,,,,,,,,,,
704,0.9278402328491211,-0.6074022054672241,0.003915660548955202,0.00390436127781868,1.1163159285842994e-09,0.9200192093849182,0.9200212359428406,0.0,0.0,0.0,0.0,0.8553037047386169,0.10714825987815857,,,,,,,,,,,,,,,,
705,0.927983283996582,-0.6147180795669556,0.003951462917029858,0.003959899768233299,0.0,0.9201012253761292,0.9200425744056702,0.0,1.6076381825769204e-06,0.0,0.0,0.8546463847160339,0.10682152956724167,,,,,,,,,,,,,,,,
706,0.9278700947761536,-0.6154236197471619,0.004006860312074423,0.003973366692662239,2.3051093478443363e-08,0.9198706746101379,0.9199090600013733,0.0,0.0,0.0,0.0,0.8501448631286621,0.10806304216384888,,,,,,,,,,,,,,,,
707,0.9281609058380127,-0.6102724075317383,0.004085833672434092,0.004062121268361807,2.3085651168486265e-09,0.9199877977371216,0.9200380444526672,0.0,1.1807978239630756e-07,0.0,0.0,0.8556859493255615,0.10745847225189209,,,,,,,,,,,,,,,,
708,0.9281613826751709,-0.6138476729393005,0.003983594477176666,0.003936409018933773,2.7166697710856447e-12,0.9202180504798889,0.920264720916748,0.0,1.580732167383303e-08,0.0,0.0,0.8553346991539001,0.10668721050024033,,,,,,,,,,,,,,,,
709,0.9279416799545288,-0.6187918782234192,0.003976793028414249,0.0039627994410693645,6.369619276469507e-10,0.9200000762939453,0.9200041890144348,0.0,0.0,0.0,0.0,0.8375847339630127,0.10670530796051025,,,,,,,,,,,,,,,,
710,0.9279608726501465,-0.6202418804168701,0.004017782397568226,0.0040208762511610985,8.006308505059678e-09,0.9199378490447998,0.9199066758155823,0.0,1.0528906219109402e-10,0.0,0.0,0.8396908640861511,0.10611549764871597,,,,,,,,,,,,,,,,
711,0.9278821349143982,-0.6143585443496704,0.003882544580847025,0.003894949331879616,4.274791891994978e-12,0.9201081991195679,0.9201011061668396,0.0,3.1422489055188407e-09,0.0,0.0,0.8431297540664673,0.10706616938114166,,,,,,,,,,,,,,,,
712,0.9280267357826233,-0.6196533441543579,0.003906669560819864,0.0038903788663446903,2.173545565753443e-09,0.9202176332473755,0.9202417731285095,0.0,1.170713179177163e-11,0.0,0.0,0.8465614318847656,0.10668735951185226,,,,,,,,,,,,,,,,
713,0.9281506538391113,-0.6218217015266418,0.003995771519839764,0.004036949016153812,6.602693947144189e-09,0.9201488494873047,0.9200869798660278,0.0,6.654677697781608e-09,0.0,0.0,0.8398967385292053,0.10623471438884735,,,,,,,,,,,,,,,,
714,0.9279448986053467,-0.6201984882354736,0.003978274762630463,0.003944640513509512,1.4650250457215463e-10,0.9200045466423035,0.9200394749641418,0.0,0.0,0.0,0.0,0.8423769474029541,0.10650516301393509,,,,,,,,,,,,,,,,
715,0.9279060959815979,-0.6172961592674255,0.0039786044508218765,0.003984133712947369,0.0,0.9199565649032593,0.919930100440979,0.0,6.757686077385472e-10,0.0,0.0,0.828567385673523,0.1058451309800148,,,,,,,,,,,,,,,,
716,0.9280698895454407,-0.6190458536148071,0.004011215176433325,0.004017719067633152,0.0,0.9200507402420044,0.9200311303138733,0.0,2.7856754680755103e-09,0.0,0.0,0.8372280597686768,0.10625425726175308,,,,,,,,,,,,,,,,
717,0.9279369115829468,-0.6242767572402954,0.003995163831859827,0.003987825009971857,3.2454898768463636e-09,0.9199618101119995,0.9199460744857788,0.0,0.0,0.0,0.0,0.8273944854736328,0.10592348128557205,,,,,,,,,,,,,,,,
718,0.9279859662055969,-0.6204997301101685,0.004019375424832106,0.004000607877969742,0.0,0.9199568033218384,0.919975221157074,0.0,1.8931829970370018e-07,0.0,0.0,0.8528908491134644,0.10639499127864838,,,,,,,,,,,,,,,,
719,0.927885115146637,-0.6206061840057373,0.004009201657027006,0.004031531047075987,7.385977940366217e-10,0.9198827147483826,0.9198060631752014,0.0,0.0,0.0,0.0,0.8464831113815308,0.10709622502326965,,,,,,,,,,,,,,,,
720,0.9279731512069702,-0.624394953250885,0.00401274161413312,0.004042946733534336,4.0392597036240097e-13,0.9199367761611938,0.9198982119560242,0.0,0.0,0.0,0.0,0.8549970388412476,0.10732918977737427,,,,,,,,,,,,,,,,
721,0.9279914498329163,-0.6287468671798706,0.0039046003948897123,0.003921406343579292,5.873168062997536e-10,0.920193612575531,0.9201371669769287,0.0,0.0,0.0,0.0,0.8538238406181335,0.10730203986167908,,,,,,,,,,,,,,,,
722,0.9280239939689636,-0.6239330172538757,0.004066461697220802,0.004067382775247097,0.0,0.9199116826057434,0.9198686480522156,0.0,8.429010094068712e-12,0.0,0.0,0.8674390912055969,0.10696403682231903,,,,,,,,,,,,,,,,
723,0.9280057549476624,-0.6199558973312378,0.003987451083958149,0.004011187236756086,5.995998808572267e-09,0.9200388193130493,0.9199754595756531,0.0,2.176097843586966e-11,0.0,0.0,0.8484103083610535,0.10674865543842316,,,,,,,,,,,,,,,,
724,0.927981436252594,-0.6250983476638794,0.0039474256336688995,0.003940681926906109,1.034497154174989e-16,0.9200901389122009,0.9200965762138367,0.0,0.0,0.0,0.0,0.831777811050415,0.1067584678530693,,,,,,,,,,,,,,,,
725,0.9279261827468872,-0.629892885684967,0.003967265132814646,0.003938468638807535,0.0,0.9199967980384827,0.9200440645217896,0.0,0.0,0.0,0.0,0.8599945306777954,0.10650002211332321,,,,,,,,,,,,,,,,
726,0.9279190897941589,-0.628483235836029,0.004016559571027756,0.003984757233411074,1.3918669772294834e-08,0.919893741607666,0.919941782951355,0.0,4.083698058821028e-06,0.0,0.0,0.8233240246772766,0.10667883604764938,,,,,,,,,,,,,,,,
727,0.9280047416687012,-0.6261879801750183,0.004024232272058725,0.004012421239167452,2.6923137330658875e-11,0.9199628233909607,0.9199733138084412,0.0,4.503467607719358e-06,0.0,0.0,0.8420981764793396,0.10542220622301102,,,,,,,,,,,,,,,,
728,0.9280192852020264,-0.6275627017021179,0.004013780504465103,0.003977579064667225,1.351621148337756e-09,0.9200018644332886,0.9200539588928223,0.0,0.0,0.0,0.0,0.8321323990821838,0.10497764497995377,,,,,,,,,,,,,,,,
729,0.9280535578727722,-0.631079375743866,0.004134500399231911,0.004110794980078936,6.144041525546484e-11,0.9198030233383179,0.9198135733604431,0.0,0.0,0.0,0.0,0.8681942224502563,0.10465335100889206,,,,,,,,,,,,,,,,
730,0.9280006885528564,-0.632070779800415,0.004059547558426857,0.004037517122924328,5.309084727400659e-09,0.9199056625366211,0.9199015498161316,0.0,0.0,0.0,0.0,0.8256585001945496,0.10548853129148483,,,,,,,,,,,,,,,,
731,0.9279511570930481,-0.6293413043022156,0.003895667614415288,0.003894361900165677,0.0,0.9201690554618835,0.9201532602310181,0.0,2.0971302494045274e-13,0.0,0.0,0.8423890471458435,0.10567259788513184,,,,,,,,,,,,,,,,
732,0.9279000759124756,-0.6290427446365356,0.004008812829852104,0.004012781195342541,7.30537436099965e-11,0.9198858737945557,0.9198710322380066,0.0,1.7585036403033882e-05,0.0,0.0,0.8460623025894165,0.10595131665468216,,,,,,,,,,,,,,,,
733,0.9279882907867432,-0.631040096282959,0.003879463765770197,0.0038510134909301996,0.0,0.9202519059181213,0.9202637076377869,0.0,4.9317820938199475e-09,0.0,0.0,0.8522048592567444,0.1059277132153511,,,,,,,,,,,,,,,,
734,0.928035318851471,-0.6327905058860779,0.0038348527159541845,0.0038508502766489983,0.0,0.9203832149505615,0.9203160405158997,0.0,1.0307272813037116e-09,0.0,0.0,0.8690171837806702,0.10694056004285812,,,,,,,,,,,,,,,,
735,0.9280032515525818,-0.6329891085624695,0.0038979938253760338,0.003915662877261639,0.0,0.9202191829681396,0.9201601147651672,0.0,1.3050700431449513e-07,0.0,0.0,0.8794162273406982,0.10668591409921646,,,,,,,,,,,,,,,,
736,0.9281461238861084,-0.6343719959259033,0.0040243142284452915,0.004008530639111996,6.374017633148377e-12,0.9201214909553528,0.9201050400733948,0.0,1.5610830814694054e-05,0.0,0.0,0.858260989189148,0.10777756571769714,,,,,,,,,,,,,,,,
737,0.927891731262207,-0.6380512118339539,0.0039057445246726274,0.0039054476656019688,2.5764926216836903e-12,0.9200928211212158,0.9200682044029236,0.0,8.9170066885913e-09,0.0,0.0,0.861785888671875,0.10732544213533401,,,,,,,,,,,,,,,,
738,0.9280004501342773,-0.63304203748703,0.004022538661956787,0.004002178553491831,0.0,0.9199548959732056,0.9199966788291931,0.0,0.0,0.0,0.0,0.8322352766990662,0.10703963786363602,,,,,,,,,,,,,,,,
739,0.9279627799987793,-0.630885899066925,0.004090256057679653,0.004090253263711929,3.342685850338256e-10,0.9197931289672852,0.9197713732719421,0.0,2.765475348720514e-11,0.0,0.0,0.8525272607803345,0.10671936720609665,,,,,,,,,,,,,,,,
740,0.9280346632003784,-0.6376097798347473,0.004034305922687054,0.004021260887384415,2.0898327333312813e-18,0.9199738502502441,0.9199844002723694,0.0,5.254941697785398e-06,0.0,0.0,0.8507066369056702,0.1059529259800911,,,,,,,,,,,,,,,,
741,0.927971601486206,-0.6388871073722839,0.00403438089415431,0.004047767259180546,6.512257400004273e-10,0.9199029207229614,0.919875979423523,0.0,1.3983165320086144e-11,0.0,0.0,0.8447593450546265,0.10678822547197342,,,,,,,,,,,,,,,,
742,0.9279814958572388,-0.6368402242660522,0.004034104291349649,0.004017781000584364,4.662341451021975e-16,0.9199203252792358,0.9199389219284058,0.0,3.1197654948300624e-07,0.0,0.0,0.8454909920692444,0.10688048601150513,,,,,,,,,,,,,,,,
743,0.9279992580413818,-0.6365135312080383,0.0039515383541584015,0.003938700072467327,5.867605290532651e-10,0.9200953841209412,0.9201226830482483,0.0,1.0742036593569537e-08,0.0,0.0,0.8479918241500854,0.10596979409456253,,,,,,,,,,,,,,,,
744,0.9280380010604858,-0.6407957077026367,0.003963533788919449,0.003991148434579372,3.35746577206919e-08,0.920125424861908,0.9200410842895508,0.0,1.1824389730463736e-05,0.0,0.0,0.8418589234352112,0.10633546859025955,,,,,,,,,,,,,,,,
745,0.9280055165290833,-0.6434526443481445,0.004031490534543991,0.00403392780572176,0.0,0.9199433922767639,0.9199368357658386,0.0,7.935239132450533e-09,0.0,0.0,0.8356393575668335,0.10559704154729843,,,,,,,,,,,,,,,,
746,0.9280000329017639,-0.6375211477279663,0.00403648940846324,0.004017517436295748,5.0926182382227125e-08,0.9199326038360596,0.9199593663215637,0.0,3.2018426798785526e-10,0.0,0.0,0.8330038785934448,0.10520748049020767,,,,,,,,,,,,,,,,
747,0.9279574155807495,-0.6381245851516724,0.00398210808634758,0.003977957647293806,1.0090865920631131e-08,0.9200009703636169,0.9199936389923096,0.0,8.193984157855994e-09,0.0,0.0,0.8411688804626465,0.10539984703063965,,,,,,,,,,,,,,,,
748,0.9279873967170715,-0.6446848511695862,0.003937532193958759,0.00397143978625536,9.529579347855588e-10,0.9201366901397705,0.9200201630592346,0.0,1.464664212136313e-08,0.0,0.0,0.8334071636199951,0.10579374432563782,,,,,,,,,,,,,,,,
749,0.9279612898826599,-0.6473598480224609,0.003954891115427017,0.003988926764577627,3.0132922823611352e-09,0.9200478196144104,0.919987142086029,0.0,4.264037567480727e-09,0.0,0.0,0.8382765650749207,0.10571187734603882,,,,,,,,,,,,,,,,
750,0.9278556108474731,-0.6429868340492249,0.004020802676677704,0.004017227329313755,6.940740343575058e-11,0.9198253750801086,0.9198098182678223,0.0,0.0,0.0,0.0,0.83901447057724,0.10552869737148285,,,,,,,,,,,,,,,,
751,0.92798912525177,-0.6395961046218872,0.003916297107934952,0.003901471383869648,4.429251132531675e-10,0.920161783695221,0.9201809763908386,0.0,4.448559138836572e-06,0.0,0.0,0.8376675248146057,0.10598567128181458,,,,,,,,,,,,,,,,
752,0.92799311876297,-0.6444323658943176,0.004066695924848318,0.004040081985294819,1.832836993287401e-08,0.919866681098938,0.9199060797691345,0.0,0.0,0.0,0.0,0.8541420698165894,0.10573197901248932,,,,,,,,,,,,,,,,
753,0.9279791116714478,-0.6476356387138367,0.004056241363286972,0.004057799465954304,1.7958740050616484e-10,0.9198710322380066,0.9198591113090515,0.0,8.490997349674956e-10,0.0,0.0,0.8366749286651611,0.10644673556089401,,,,,,,,,,,,,,,,
754,0.9278994798660278,-0.6441564559936523,0.003918052650988102,0.003910749685019255,2.9597127526592715e-10,0.9200764894485474,0.9200648069381714,0.0,1.8572131921246182e-07,0.0,0.0,0.8641871809959412,0.10664073377847672,,,,,,,,,,,,,,,,
755,0.9280556440353394,-0.6436061859130859,0.003977429121732712,0.0039791204035282135,0.0,0.9201123118400574,0.9200858473777771,0.0,3.6831834804296193e-10,0.0,0.0,0.853262186050415,0.10643494874238968,,,,,,,,,,,,,,,,
756,0.927954912185669,-0.6486672759056091,0.003883617464452982,0.0038723947945982218,0.0,0.9201905131340027,0.9202072620391846,0.0,0.0,0.0,0.0,0.8569695353507996,0.10697361081838608,,,,,,,,,,,,,,,,
757,0.9278984069824219,-0.6494646072387695,0.0038430453278124332,0.003835183335468173,0.0,0.9202211499214172,0.9202192425727844,0.0,0.0,0.0,0.0,0.86735999584198,0.10693813115358353,,,,,,,,,,,,,,,,
758,0.9280725121498108,-0.6499255895614624,0.004019601736217737,0.004023883491754532,8.95962948277429e-09,0.9200400114059448,0.9200180172920227,0.0,6.761212700823194e-10,0.0,0.0,0.8680251836776733,0.10715976357460022,,,,,,,,,,,,,,,,
759,0.9280620217323303,-0.6487512588500977,0.003987288102507591,0.003963987808674574,4.658343710772783e-10,0.9201194643974304,0.920102059841156,0.0,0.0,0.0,0.0,0.8466613292694092,0.10660848021507263,,,,,,,,,,,,,,,,
760,0.9279959201812744,-0.6505605578422546,0.004038629122078419,0.004043994937092066,0.0,0.919922947883606,0.919903576374054,0.0,6.019688498781761e-06,0.0,0.0,0.8432233333587646,0.10615339130163193,,,,,,,,,,,,,,,,
761,0.9279130101203918,-0.6523353457450867,0.004006900824606419,0.004024837631732225,3.53857636525845e-08,0.9199076890945435,0.9198547005653381,0.0,2.7482409237222782e-08,0.0,0.0,0.833952784538269,0.10533742606639862,,,,,,,,,,,,,,,,
762,0.9279521703720093,-0.6507619023323059,0.004050533752888441,0.004034963436424732,0.0,0.9198623299598694,0.9198710322380066,0.0,0.0,0.0,0.0,0.8661404252052307,0.1060737892985344,,,,,,,,,,,,,,,,
763,0.9279555082321167,-0.6479670405387878,0.003962675575166941,0.0039312648586928844,0.0,0.9200398325920105,0.9200832843780518,0.0,0.0,0.0,0.0,0.8520914316177368,0.10601305216550827,,,,,,,,,,,,,,,,
764,0.9279876947402954,-0.6518545150756836,0.0040220096707344055,0.003988923970609903,0.0,0.9199414253234863,0.9200121164321899,0.0,0.0,0.0,0.0,0.8474054932594299,0.10595568269491196,,,,,,,,,,,,,,,,
765,0.9279833436012268,-0.6531781554222107,0.003966660238802433,0.0039291176944971085,0.0,0.9200568199157715,0.9201182723045349,0.0,0.0,0.0,0.0,0.845357358455658,0.10619605332612991,,,,,,,,,,,,,,,,
766,0.9279219508171082,-0.6516022086143494,0.004025266971439123,0.003992222715169191,0.0,0.919873833656311,0.9199351668357849,0.0,0.0,0.0,0.0,0.8452438116073608,0.10642074793577194,,,,,,,,,,,,,,,,
767,0.9280328154563904,-0.6542251110076904,0.003915512003004551,0.003887379774823785,3.049263896937049e-10,0.9202213883399963,0.9202384352684021,0.0,3.883247501335063e-09,0.0,0.0,0.8578470349311829,0.10579018294811249,,,,,,,,,,,,,,,,
768,0.9281033277511597,-0.6538315415382385,0.003963705617934465,0.003978152759373188,0.0,0.9201791286468506,0.9201439023017883,0.0,0.0,0.0,0.0,0.8300228714942932,0.10497435182332993,,,,,,,,,,,,,,,,
769,0.927955687046051,-0.6537500023841858,0.003915692679584026,0.003975916653871536,0.0,0.920135498046875,0.9199926257133484,0.0,0.0,0.0,0.0,0.8271497488021851,0.10469082742929459,,,,,,,,,,,,,,,,
770,0.9279486536979675,-0.6520942449569702,0.003969437908381224,0.0039880648255348206,1.1234734031972948e-08,0.9200037717819214,0.9199784398078918,0.0,0.0,0.0,0.0,0.8344223499298096,0.1054258719086647,,,,,,,,,,,,,,,,
771,0.9280509352684021,-0.6558914184570312,0.00389962294138968,0.0038997791707515717,3.5445597845740195e-11,0.920262336730957,0.9202407598495483,0.0,1.2271996752133418e-08,0.0,0.0,0.8442429304122925,0.10576561838388443,,,,,,,,,,,,,,,,
772,0.9279116988182068,-0.6581770777702332,0.003889293409883976,0.0038816945161670446,1.879993556663795e-12,0.9201436638832092,0.9201377034187317,0.0,0.0,0.0,0.0,0.8378167748451233,0.10578890144824982,,,,,,,,,,,,,,,,
773,0.9279388785362244,-0.6587198376655579,0.00397508405148983,0.003990743309259415,5.51862049981422e-13,0.9199869632720947,0.9199591875076294,0.0,0.0,0.0,0.0,0.8276115655899048,0.10628146678209305,,,,,,,,,,,,,,,,
774,0.9279718399047852,-0.6568822264671326,0.00401378283277154,0.003955320920795202,1.2031851209792777e-12,0.9199597239494324,0.920045793056488,0.0,3.3680185307360944e-09,0.0,0.0,0.8474803566932678,0.10569771379232407,,,,,,,,,,,,,,,,
775,0.9279394149780273,-0.6594892144203186,0.004019367974251509,0.003968259319663048,2.6056687189857097e-12,0.9199042320251465,0.919999361038208,0.0,0.0,0.0,0.0,0.8449667692184448,0.10602223873138428,,,,,,,,,,,,,,,,
776,0.9279516935348511,-0.660198986530304,0.0040292819030582905,0.003994870465248823,3.5985966206908415e-08,0.9199066162109375,0.9199483394622803,0.0,2.5634488309833614e-08,0.0,0.0,0.847474992275238,0.10563752055168152,,,,,,,,,,,,,,,,
777,0.9279395937919617,-0.6607611775398254,0.0040491120889782906,0.004036344587802887,0.0,0.9198517799377441,0.919856607913971,0.0,1.5139509201844703e-08,0.0,0.0,0.8492723703384399,0.10616014152765274,,,,,,,,,,,,,,,,
778,0.928022563457489,-0.6590384244918823,0.003983902279287577,0.003992835991084576,2.93435692411137e-11,0.9200448393821716,0.9200469255447388,0.0,4.8633552296450944e-08,0.0,0.0,0.8488842844963074,0.10589183866977692,,,,,,,,,,,,,,,,
779,0.9279420375823975,-0.6626688838005066,0.003964418079704046,0.003952598664909601,8.527288203081119e-15,0.9200083613395691,0.920041561126709,0.0,4.646004136965587e-10,0.0,0.0,0.8397059440612793,0.1057574599981308,,,,,,,,,,,,,,,,
780,0.9279522895812988,-0.6676345467567444,0.003861499484628439,0.003851893125101924,2.1856136456221975e-08,0.9202309250831604,0.9202467799186707,0.0,1.5865634139800022e-08,0.0,0.0,0.8508539795875549,0.10647927969694138,,,,,,,,,,,,,,,,
781,0.9280903935432434,-0.6608152985572815,0.004009515047073364,0.004007096402347088,0.0,0.9200790524482727,0.9200685620307922,0.0,0.0,0.0,0.0,0.8533399701118469,0.10576944798231125,,,,,,,,,,,,,,,,
782,0.9280309081077576,-0.6618495583534241,0.0038869637064635754,0.0038763009943068027,1.7074350830773022e-12,0.9202679991722107,0.9202672839164734,0.0,1.648783687357991e-08,0.0,0.0,0.8587700724601746,0.10605473816394806,,,,,,,,,,,,,,,,
783,0.927945077419281,-0.6666345000267029,0.0040150051936507225,0.004014592617750168,4.007226550584164e-08,0.9199157357215881,0.9199151992797852,0.0,2.89761903360386e-08,0.0,0.0,0.8433302044868469,0.10518505424261093,,,,,,,,,,,,,,,,
784,0.9280182719230652,-0.6617733836174011,0.003992301877588034,0.0040169451385736465,0.0,0.9200289249420166,0.9199890494346619,0.0,3.630165323897927e-08,0.0,0.0,0.8438827991485596,0.10605376213788986,,,,,,,,,,,,,,,,
785,0.9280687570571899,-0.6622714400291443,0.00389676820486784,0.00391656719148159,2.668704368602448e-09,0.9202873110771179,0.920223593711853,0.0,1.4226187339261287e-08,0.0,0.0,0.8471973538398743,0.10539326071739197,,,,,,,,,,,,,,,,
786,0.9279720783233643,-0.6666365265846252,0.00390838086605072,0.003917087335139513,0.0,0.9201651215553284,0.9201279878616333,0.0,1.638458257957609e-07,0.0,0.0,0.8502784371376038,0.1054825708270073,,,,,,,,,,,,,,,,
787,0.9280911684036255,-0.6700748801231384,0.004004135262221098,0.00401377584785223,5.178420803275685e-09,0.9200986623764038,0.9200479388237,0.0,4.0593758967588656e-06,0.0,0.0,0.8344367146492004,0.10551845282316208,,,,,,,,,,,,,,,,
788,0.9279621839523315,-0.6650974750518799,0.004028391093015671,0.0040267957374453545,1.3077786631399135e-09,0.9199223518371582,0.9198916554450989,0.0,1.263450428723445e-07,0.0,0.0,0.8581472635269165,0.105415478348732,,,,,,,,,,,,,,,,
789,0.9280636310577393,-0.6698467135429382,0.003960471134632826,0.003952456638216972,0.0,0.9201405048370361,0.9201608896255493,0.0,4.5352933852882416e-08,0.0,0.0,0.8378427028656006,0.10533849149942398,,,,,,,,,,,,,,,,
790,0.9279744029045105,-0.668574333190918,0.0038843690417706966,0.0039038362447172403,3.692345984518397e-08,0.9202045202255249,0.920167863368988,0.0,5.271138903140127e-08,0.0,0.0,0.8552884459495544,0.10557392984628677,,,,,,,,,,,,,,,,
791,0.9280028939247131,-0.6684117317199707,0.0039527444168925285,0.003943371586501598,8.251073158049849e-10,0.9201135039329529,0.9201000332832336,0.0,1.012952708379089e-07,0.0,0.0,0.8433903455734253,0.1058385819196701,,,,,,,,,,,,,,,,
792,0.9280362129211426,-0.6722167730331421,0.004009022377431393,0.004030927550047636,3.354676181288596e-08,0.9200131297111511,0.9199792742729187,0.0,1.0698838792677634e-07,0.0,0.0,0.8384972214698792,0.10528887808322906,,,,,,,,,,,,,,,,
793,0.928000271320343,-0.6719048023223877,0.00403106864541769,0.0040262192487716675,7.430230042348995e-11,0.9199572801589966,0.9199287295341492,0.0,8.474044989270624e-06,0.0,0.0,0.8479228615760803,0.10512246191501617,,,,,,,,,,,,,,,,
794,0.9279718995094299,-0.6721237301826477,0.003986317198723555,0.003991684876382351,1.0960443663776687e-10,0.920012354850769,0.9199754595756531,0.0,0.0,0.0,0.0,0.8480036854743958,0.10567077994346619,,,,,,,,,,,,,,,,
795,0.9280312061309814,-0.6731835603713989,0.0039413184858858585,0.003961773123592138,8.119443450915753e-10,0.9201541543006897,0.920102059841156,0.0,0.0,0.0,0.0,0.8299928307533264,0.10553085803985596,,,,,,,,,,,,,,,,
796,0.9279807209968567,-0.6718127727508545,0.004000729415565729,0.003982394468039274,0.0,0.9199857711791992,0.9200093150138855,0.0,0.0,0.0,0.0,0.8533094525337219,0.10521049797534943,,,,,,,,,,,,,,,,
797,0.9280266165733337,-0.6699694395065308,0.003909289836883545,0.0038884703535586596,0.0,0.9202159643173218,0.9202417135238647,0.0,0.0,0.0,0.0,0.8473113179206848,0.10515177249908447,,,,,,,,,,,,,,,,
798,0.9282234907150269,-0.6728415489196777,0.0040862481109797955,0.004046107176691294,4.8045196293644565e-11,0.9200558662414551,0.9201264977455139,0.0,0.0,0.0,0.0,0.8521225452423096,0.10507157444953918,,,,,,,,,,,,,,,,
799,0.9280151128768921,-0.6789084672927856,0.003999304957687855,0.004001639783382416,0.0,0.92000812292099,0.9200202226638794,0.0,2.2517399056454224e-09,0.0,0.0,0.8355565071105957,0.10538116097450256,,,,,,,,,,,,,,,,
800,0.9279268383979797,-0.676035463809967,0.004022285807877779,0.004030225332826376,7.66326202494838e-09,0.9198901653289795,0.919858455657959,0.0,0.0,0.0,0.0,0.834326446056366,0.10552607476711273,,,,,,,,,,,,,,,,
801,0.9280572533607483,-0.6749464273452759,0.003939682152122259,0.003972045611590147,6.186615802983297e-11,0.9201862812042236,0.9201046824455261,0.0,1.5489186599992877e-09,0.0,0.0,0.8356176614761353,0.10478458553552628,,,,,,,,,,,,,,,,
802,0.9280768036842346,-0.6760536432266235,0.004087910521775484,0.004137782379984856,0.0,0.9199005365371704,0.9198017120361328,0.0,1.4306317908108213e-08,0.0,0.0,0.829793393611908,0.10479950904846191,,,,,,,,,,,,,,,,
803,0.9280068278312683,-0.6793659329414368,0.003987267147749662,0.00399267952889204,1.5379268225677173e-13,0.9200483560562134,0.9200053811073303,0.0,1.680735728371019e-08,0.0,0.0,0.837416410446167,0.10429558157920837,,,,,,,,,,,,,,,,
804,0.9280954003334045,-0.6776531338691711,0.004090008791536093,0.004095324780791998,0.0,0.9199072122573853,0.9199129939079285,0.0,8.393664430172976e-09,0.0,0.0,0.8312510848045349,0.10482589900493622,,,,,,,,,,,,,,,,
805,0.9279543161392212,-0.6762020587921143,0.0040925899520516396,0.004104130435734987,4.992074028459248e-12,0.9197757244110107,0.9197394847869873,0.0,0.0,0.0,0.0,0.8381362557411194,0.10386160761117935,,,,,,,,,,,,,,,,
806,0.9279424548149109,-0.6782969236373901,0.004032839089632034,0.004027996212244034,0.0,0.9198756217956543,0.9198876619338989,0.0,0.0,0.0,0.0,0.8583983182907104,0.10496663302183151,,,,,,,,,,,,,,,,
807,0.928101658821106,-0.6806653738021851,0.0039315675385296345,0.003927051555365324,4.599752111318633e-13,0.920242190361023,0.9202437996864319,0.0,4.010633247730766e-08,0.0,0.0,0.8667274713516235,0.10477041453123093,,,,,,,,,,,,,,,,
808,0.9280539155006409,-0.6794633269309998,0.0039580524899065495,0.003963360097259283,2.1603810296255688e-08,0.9201400876045227,0.9201248288154602,0.0,0.0,0.0,0.0,0.8524705171585083,0.10540007054805756,,,,,,,,,,,,,,,,
809,0.9281073212623596,-0.6781712174415588,0.004038324113935232,0.004023316316306591,2.0931920641231727e-09,0.9200292825698853,0.9200620651245117,0.0,6.658810889348388e-07,0.0,0.0,0.8454424142837524,0.10620652884244919,,,,,,,,,,,,,,,,
810,0.9280206561088562,-0.6824572086334229,0.003924081102013588,0.003918417263776064,4.2977310599212615e-09,0.9201755523681641,0.9201807975769043,0.0,0.0,0.0,0.0,0.855401873588562,0.10615488141775131,,,,,,,,,,,,,,,,
811,0.927968442440033,-0.6809758543968201,0.003865729784592986,0.0038573413621634245,0.0,0.9202503561973572,0.9202403426170349,0.0,0.0,0.0,0.0,0.8511303067207336,0.10665787011384964,,,,,,,,,,,,,,,,
812,0.9280476570129395,-0.6811397075653076,0.0039779990911483765,0.003999384585767984,0.0,0.9200977683067322,0.9200428128242493,0.0,5.1197719841411526e-08,0.0,0.0,0.8561698794364929,0.10653620213270187,,,,,,,,,,,,,,,,
813,0.9279463291168213,-0.6811913847923279,0.003951000515371561,0.003976463805884123,0.0,0.920043408870697,0.9199942946434021,0.0,5.627105228150824e-17,0.0,0.0,0.8573163151741028,0.10569458454847336,,,,,,,,,,,,,,,,
814,0.9279636144638062,-0.6841515302658081,0.003915647976100445,0.003931621089577675,9.342073282544468e-17,0.9201417565345764,0.9200909733772278,0.0,8.19494016468525e-06,0.0,0.0,0.8375536203384399,0.10603455454111099,,,,,,,,,,,,,,,,
815,0.9279964566230774,-0.6872661709785461,0.003877439768984914,0.0039038618560880423,1.6309641637235472e-08,0.9202515482902527,0.9201787710189819,0.0,0.0,0.0,0.0,0.8541039824485779,0.10566172003746033,,,,,,,,,,,,,,,,
816,0.9279546141624451,-0.6853795647621155,0.003998675383627415,0.003973959945142269,0.0,0.9199579358100891,0.9200059175491333,0.0,1.0210188605697113e-07,0.0,0.0,0.8387130498886108,0.106272391974926,,,,,,,,,,,,,,,,
817,0.9280078411102295,-0.6812997460365295,0.003998915199190378,0.003956107422709465,1.4274311732620504e-09,0.9200109243392944,0.9200947284698486,0.0,1.2991802122996887e-07,0.0,0.0,0.8429686427116394,0.1054917722940445,,,,,,,,,,,,,,,,
818,0.9279613494873047,-0.6855713725090027,0.004037358332425356,0.004006255883723497,1.291656226420912e-10,0.9198868870735168,0.9199486374855042,0.0,2.0569550507332224e-09,0.0,0.0,0.8430303335189819,0.1049562469124794,,,,,,,,,,,,,,,,
819,0.9280194640159607,-0.6904529929161072,0.003901362419128418,0.0038901022635400295,0.0,0.920214831829071,0.9202411770820618,0.0,0.0,0.0,0.0,0.8411399722099304,0.1045076847076416,,,,,,,,,,,,,,,,
820,0.9279970526695251,-0.6847357153892517,0.004052760545164347,0.004034597426652908,0.0,0.9199015498161316,0.9199179410934448,0.0,0.0,0.0,0.0,0.8415039777755737,0.10419335216283798,,,,,,,,,,,,,,,,
821,0.9279717206954956,-0.6827401518821716,0.003897937713190913,0.0039125047624111176,1.0997574378945885e-10,0.9201865196228027,0.9201360940933228,0.0,1.3705232504435116e-07,0.0,0.0,0.8191028833389282,0.10381325334310532,,,,,,,,,,,,,,,,
822,0.9280221462249756,-0.6908287405967712,0.003975002560764551,0.0039777918718755245,0.0,0.9200897216796875,0.9200490117073059,0.0,2.768561273569503e-07,0.0,0.0,0.8318095803260803,0.10452298074960709,,,,,,,,,,,,,,,,
823,0.9279631972312927,-0.6927759647369385,0.0039206906221807,0.003962001763284206,0.0,0.9201107621192932,0.9200502038002014,0.0,1.7528694797874778e-06,0.0,0.0,0.8427499532699585,0.10390026867389679,,,,,,,,,,,,,,,,
824,0.9280162453651428,-0.6838263869285583,0.003991256467998028,0.004036779049783945,3.4055940290045328e-09,0.9200323224067688,0.9199441075325012,0.0,0.0,0.0,0.0,0.8293085098266602,0.10481362044811249,,,,,,,,,,,,,,,,
825,0.9280927181243896,-0.6872581243515015,0.003982221707701683,0.003982418682426214,4.996888319785953e-12,0.9201412796974182,0.9201149940490723,0.0,4.842655698666931e-08,0.0,0.0,0.8586889505386353,0.10528208315372467,,,,,,,,,,,,,,,,
826,0.927952229976654,-0.6952536106109619,0.00397984404116869,0.0039408947341144085,0.0,0.9199956059455872,0.9200673699378967,0.0,1.8747523427009583e-06,0.0,0.0,0.8413041234016418,0.10581688582897186,,,,,,,,,,,,,,,,
827,0.928264856338501,-0.6884022355079651,0.004077109973877668,0.004049275070428848,7.87283224723545e-11,0.9201244115829468,0.9201525449752808,0.0,0.0,0.0,0.0,0.844136655330658,0.10512768477201462,,,,,,,,,,,,,,,,
828,0.9279389977455139,-0.6871799230575562,0.003894353983923793,0.003867825958877802,5.4057313292332765e-08,0.9201522469520569,0.920201301574707,0.0,0.0,0.0,0.0,0.8428177237510681,0.10514676570892334,,,,,,,,,,,,,,,,
829,0.9280787706375122,-0.6944223642349243,0.003962536808103323,0.003944519907236099,0.0,0.9201568961143494,0.9201866388320923,0.0,1.953140982280388e-09,0.0,0.0,0.8423317670822144,0.10512979328632355,,,,,,,,,,,,,,,,
830,0.9279261827468872,-0.6967740058898926,0.003967834170907736,0.003959706053137779,2.677481975466821e-28,0.9200021624565125,0.9199950695037842,0.0,1.842208607882867e-09,0.0,0.0,0.8631597757339478,0.10531210899353027,,,,,,,,,,,,,,,,
831,0.9280175566673279,-0.6912539005279541,0.0040289792232215405,0.004060288425534964,1.7015671094355866e-09,0.9199724793434143,0.9198841452598572,0.0,0.0,0.0,0.0,0.8557398319244385,0.10568716377019882,,,,,,,,,,,,,,,,
832,0.9280070066452026,-0.6924552321434021,0.00393650121986866,0.003949395380914211,1.2003905425217454e-08,0.9201353192329407,0.9201067686080933,0.0,2.6412527276420406e-08,0.0,0.0,0.8545276522636414,0.105413518846035,,,,,,,,,,,,,,,,
833,0.9280081391334534,-0.6990699768066406,0.004016021732240915,0.004012655932456255,1.3623146664573649e-12,0.9199879169464111,0.9199710488319397,0.0,3.608620225011537e-14,0.0,0.0,0.8386765718460083,0.10582558065652847,,,,,,,,,,,,,,,,
834,0.9279815554618835,-0.6970749497413635,0.0039875805377960205,0.0039889696054160595,3.269721974851551e-21,0.9200026392936707,0.9200074076652527,0.0,0.0,0.0,0.0,0.8377832770347595,0.10492152720689774,,,,,,,,,,,,,,,,
835,0.9280208945274353,-0.6920050382614136,0.003998791333287954,0.004013927187770605,3.035562912145906e-09,0.9200287461280823,0.9199875593185425,0.0,0.0,0.0,0.0,0.8403297662734985,0.10440024733543396,,,,,,,,,,,,,,,,
836,0.9279916286468506,-0.6969249844551086,0.004002577159553766,0.003997650928795338,0.0,0.919989287853241,0.9199934601783752,0.0,2.6182666701402013e-08,0.0,0.0,0.8332995176315308,0.10450804233551025,,,,,,,,,,,,,,,,
837,0.9279800057411194,-0.7011929154396057,0.003931775223463774,0.003921435214579105,4.814806539576999e-11,0.9201242327690125,0.9201294183731079,0.0,5.028078398083835e-09,0.0,0.0,0.8372960090637207,0.10423187166452408,,,,,,,,,,,,,,,,
838,0.927963137626648,-0.6955579519271851,0.004057942423969507,0.004035552032291889,1.2402000260092194e-10,0.9198585748672485,0.919880747795105,0.0,5.535539138179502e-09,0.0,0.0,0.8200719952583313,0.10440461337566376,,,,,,,,,,,,,,,,
839,0.9280191659927368,-0.6982338428497314,0.003919148817658424,0.0038870605640113354,0.0,0.9201927781105042,0.9202332496643066,0.0,0.0,0.0,0.0,0.8272426128387451,0.10442888736724854,,,,,,,,,,,,,,,,
840,0.9280295968055725,-0.6970022916793823,0.004067634232342243,0.004078674130141735,7.606293000617063e-18,0.9198942184448242,0.9198724031448364,0.0,0.0,0.0,0.0,0.8392706513404846,0.10494261980056763,,,,,,,,,,,,,,,,
841,0.9280522465705872,-0.7031732201576233,0.003967122174799442,0.00395454466342926,8.728906486510368e-11,0.9201120138168335,0.9201490879058838,0.0,0.0,0.0,0.0,0.8454485535621643,0.10415330529212952,,,,,,,,,,,,,,,,
842,0.9280436038970947,-0.7003926634788513,0.003987705335021019,0.003990545868873596,0.0,0.9200658202171326,0.9200648665428162,0.0,5.2476556433589394e-09,0.0,0.0,0.8603092432022095,0.10481052845716476,,,,,,,,,,,,,,,,
843,0.9280250072479248,-0.696857213973999,0.0040670824237167835,0.004067028872668743,2.1567065910943484e-09,0.9198938608169556,0.919887900352478,0.0,1.1033394642367966e-08,0.0,0.0,0.8432039022445679,0.10493120551109314,,,,,,,,,,,,,,,,
844,0.9279220104217529,-0.7030892968177795,0.003954456653445959,0.00395807484164834,0.0,0.9200237989425659,0.919995129108429,0.0,2.9845881321932666e-09,0.0,0.0,0.8491709232330322,0.10552243888378143,,,,,,,,,,,,,,,,
845,0.928005576133728,-0.7060321569442749,0.003977276850491762,0.004009443800896406,2.320265561715079e-13,0.920063853263855,0.9199738502502441,0.0,2.1183996068430133e-05,0.0,0.0,0.8505669832229614,0.1049509048461914,,,,,,,,,,,,,,,,
846,0.9279696941375732,-0.6986448764801025,0.004037193953990936,0.00406010402366519,0.0,0.919905424118042,0.9198393225669861,0.0,1.779563302273246e-10,0.0,0.0,0.8553991913795471,0.10515981912612915,,,,,,,,,,,,,,,,
847,0.928051769733429,-0.7010040283203125,0.003979436121881008,0.0039961873553693295,7.861976857297809e-14,0.9201058149337769,0.9200464487075806,0.0,1.9120612648748647e-07,0.0,0.0,0.8685086965560913,0.10530826449394226,,,,,,,,,,,,,,,,
848,0.9282059669494629,-0.7051522135734558,0.003997136373072863,0.00401481194421649,2.262977305544922e-10,0.9202195405960083,0.9201685190200806,0.0,6.870867208519371e-10,0.0,0.0,0.871813178062439,0.1055230051279068,,,,,,,,,,,,,,,,
849,0.9279250502586365,-0.702304482460022,0.003854864975437522,0.003847410436719656,1.7037883257020603e-11,0.9202239513397217,0.9202216267585754,0.0,2.4075821336566605e-09,0.0,0.0,0.8599936962127686,0.10500578582286835,,,,,,,,,,,,,,,,
850,0.9280146956443787,-0.7032338976860046,0.0039054646622389555,0.003881849115714431,3.463799524983102e-10,0.9202070832252502,0.9202476739883423,0.0,0.0,0.0,0.0,0.8551279306411743,0.10481042414903641,,,,,,,,,,,,,,,,
851,0.928034782409668,-0.7069419622421265,0.004017975647002459,0.004019713960587978,2.726310843748081e-10,0.9199968576431274,0.9199973940849304,0.0,0.0,0.0,0.0,0.8372401595115662,0.1038549393415451,,,,,,,,,,,,,,,,
852,0.9281033277511597,-0.7076047658920288,0.004079779144376516,0.004087275825440884,0.0,0.919951856136322,0.9199206829071045,0.0,8.64923563881348e-08,0.0,0.0,0.8493679165840149,0.10449311137199402,,,,,,,,,,,,,,,,
853,0.9280401468276978,-0.7053547501564026,0.004008473362773657,0.004027289804071188,0.0,0.9200273752212524,0.9199814200401306,0.0,0.0,0.0,0.0,0.8242443203926086,0.10353901982307434,,,,,,,,,,,,,,,,
854,0.9280948638916016,-0.7063131928443909,0.004019481595605612,0.004009666386991739,7.36425005306609e-24,0.9200731515884399,0.9200582504272461,0.0,2.1590460530518385e-09,0.0,0.0,0.8352610468864441,0.10405478626489639,,,,,,,,,,,,,,,,
855,0.9279925227165222,-0.7066084146499634,0.003888239385560155,0.0038938040379434824,3.773987721971547e-17,0.9202221035957336,0.920198917388916,0.0,6.633639259234769e-06,0.0,0.0,0.836236834526062,0.10432209819555283,,,,,,,,,,,,,,,,
856,0.9280694723129272,-0.7092159986495972,0.00392181659117341,0.0039128949865698814,0.0,0.9202183485031128,0.9202511310577393,0.0,2.203409366074993e-08,0.0,0.0,0.8332070708274841,0.10440866649150848,,,,,,,,,,,,,,,,
857,0.9279763102531433,-0.7091987133026123,0.003992575686424971,0.0039916192181408405,1.20682436266506e-10,0.9200106859207153,0.9199734330177307,0.0,1.1837566489703022e-05,0.0,0.0,0.8525795340538025,0.10431351512670517,,,,,,,,,,,,,,,,
858,0.9280487298965454,-0.7071974873542786,0.003991242963820696,0.003982762806117535,0.0,0.9200727939605713,0.9200766682624817,0.0,1.6062884355960705e-08,0.0,0.0,0.8432835340499878,0.10503251105546951,,,,,,,,,,,,,,,,
859,0.9281333684921265,-0.709071695804596,0.003878456074744463,0.003927986137568951,9.024702096738224e-10,0.9203797578811646,0.9202740788459778,0.0,7.361835983317022e-17,0.0,0.0,0.8548325300216675,0.10454507917165756,,,,,,,,,,,,,,,,
860,0.9280125498771667,-0.7082586884498596,0.003923031967133284,0.0039311181753873825,4.009110377012348e-09,0.920181930065155,0.9201347827911377,0.0,1.3038453289482277e-05,0.0,0.0,0.834876537322998,0.1047600656747818,,,,,,,,,,,,,,,,
861,0.9281452894210815,-0.7123657464981079,0.003934268839657307,0.003966310527175665,0.0,0.920282781124115,0.9202066659927368,0.0,1.5952072995872868e-09,0.0,0.0,0.8573906421661377,0.10526477545499802,,,,,,,,,,,,,,,,
862,0.9279615879058838,-0.7134628295898438,0.003992767073214054,0.004009624477475882,7.549376124238449e-10,0.9199821352958679,0.9199361801147461,0.0,0.0,0.0,0.0,0.8368382453918457,0.10521344095468521,,,,,,,,,,,,,,,,
863,0.9281103610992432,-0.7129698395729065,0.004169628955423832,0.004182898905128241,0.0,0.919766366481781,0.9197493195533752,0.0,0.0,0.0,0.0,0.8230658769607544,0.10430639237165451,,,,,,,,,,,,,,,,
864,0.9281209111213684,-0.714514434337616,0.004060684237629175,0.0040575354360044,0.0,0.919995129108429,0.9200102686882019,0.0,1.406772209833207e-08,0.0,0.0,0.8178544640541077,0.10413901507854462,,,,,,,,,,,,,,,,
865,0.9281129240989685,-0.7149345874786377,0.00410397769883275,0.004080668091773987,0.0,0.9199121594429016,0.9199443459510803,0.0,0.0,0.0,0.0,0.8466155529022217,0.1048964262008667,,,,,,,,,,,,,,,,
866,0.9280591607093811,-0.7151279449462891,0.004009362310171127,0.003962438087910414,0.0,0.9200529456138611,0.9201217293739319,0.0,0.0,0.0,0.0,0.8266685605049133,0.1050194650888443,,,,,,,,,,,,,,,,
867,0.9281172752380371,-0.7128000855445862,0.004101095721125603,0.004066145047545433,0.0,0.9199268817901611,0.9199731945991516,0.0,1.6600920105247496e-07,0.0,0.0,0.8404629230499268,0.10506434738636017,,,,,,,,,,,,,,,,
868,0.9280480742454529,-0.7129992246627808,0.004077957011759281,0.004055485129356384,3.029159501011236e-08,0.9198949933052063,0.9199342131614685,0.0,0.0,0.0,0.0,0.8459208011627197,0.10429501533508301,,,,,,,,,,,,,,,,
869,0.9280260801315308,-0.7197276949882507,0.003979986067861319,0.003983654081821442,1.6105784483855246e-09,0.9200783371925354,0.9200464487075806,0.0,3.514810664739798e-09,0.0,0.0,0.8428175449371338,0.10509008914232254,,,,,,,,,,,,,,,,
870,0.9279448986053467,-0.7192298173904419,0.004049387760460377,0.004025001544505358,0.0,0.9198498725891113,0.9198910593986511,0.0,0.0,0.0,0.0,0.8358624577522278,0.10459243506193161,,,,,,,,,,,,,,,,
871,0.9280710220336914,-0.7118600606918335,0.0040363832376897335,0.004070352762937546,0.0,0.9199960231781006,0.9199326038360596,0.0,0.0,0.0,0.0,0.8418899178504944,0.10521654784679413,,,,,,,,,,,,,,,,
872,0.9280810952186584,-0.7194061875343323,0.003945039585232735,0.003939375746995211,1.0635113623091996e-10,0.9201961755752563,0.9201971888542175,0.0,1.0162310900341254e-05,0.0,0.0,0.8263996243476868,0.10360988974571228,,,,,,,,,,,,,,,,
873,0.9280656576156616,-0.7199510931968689,0.0039442661218345165,0.003942669369280338,8.07880873310296e-09,0.9201815724372864,0.9201758503913879,0.0,2.6997190261113246e-08,0.0,0.0,0.8226075768470764,0.10418637096881866,,,,,,,,,,,,,,,,
874,0.9280281662940979,-0.714924693107605,0.004022582434117794,0.004033632576465607,2.77036249843321e-12,0.9199910759925842,0.9199528098106384,0.0,3.833835748867642e-10,0.0,0.0,0.8319340348243713,0.10393021255731583,,,,,,,,,,,,,,,,
875,0.9280074238777161,-0.7163305282592773,0.003958606161177158,0.003943464253097773,0.0,0.9201018214225769,0.9201087951660156,0.0,0.0,0.0,0.0,0.8225727081298828,0.10341260582208633,,,,,,,,,,,,,,,,
876,0.9280466437339783,-0.7250213623046875,0.003999228589236736,0.003998928237706423,2.67334909764827e-09,0.9200447797775269,0.9200521111488342,0.0,2.584366498581403e-09,0.0,0.0,0.8452690243721008,0.10427667200565338,,,,,,,,,,,,,,,,
877,0.9281235337257385,-0.7179486751556396,0.004060189705342054,0.004030069336295128,0.0,0.920011043548584,0.9200555086135864,0.0,0.0,0.0,0.0,0.8499677181243896,0.10440180450677872,,,,,,,,,,,,,,,,
878,0.928082287311554,-0.7193767428398132,0.003870056476444006,0.003866838989779353,2.673412047293766e-10,0.9203425049781799,0.9203482270240784,0.0,0.0,0.0,0.0,0.8486445546150208,0.10439950972795486,,,,,,,,,,,,,,,,
879,0.9280045628547668,-0.7264905571937561,0.003929941449314356,0.003942322917282581,2.890000912192381e-11,0.9201446175575256,0.9201198816299438,0.0,9.407958440066366e-11,0.0,0.0,0.8444021940231323,0.1041640117764473,,,,,,,,,,,,,,,,
880,0.9280430674552917,-0.7254822850227356,0.004044762346893549,0.004070381633937359,1.9280319563108606e-09,0.919963002204895,0.9198927879333496,0.0,7.627300180335084e-11,0.0,0.0,0.8302838802337646,0.10399165749549866,,,,,,,,,,,,,,,,
881,0.9280120134353638,-0.7182794809341431,0.003991258796304464,0.004003971815109253,2.4077748683737354e-09,0.9200343489646912,0.9199992418289185,0.0,1.8510627058931917e-11,0.0,0.0,0.8332656621932983,0.10429925471544266,,,,,,,,,,,,,,,,
882,0.9280712604522705,-0.7222315669059753,0.004044059664011002,0.004045455250889063,3.454949867864876e-11,0.9199904799461365,0.9199730157852173,0.0,1.0289450541600687e-10,0.0,0.0,0.8430267572402954,0.10473370552062988,,,,,,,,,,,,,,,,
883,0.9279917478561401,-0.7272704839706421,0.0040236832574009895,0.004021649248898029,3.71509462082642e-10,0.9199443459510803,0.9199484586715698,0.0,0.0,0.0,0.0,0.8539341688156128,0.10384039580821991,,,,,,,,,,,,,,,,
884,0.9280228018760681,-0.7256729006767273,0.0039941840805113316,0.003977053798735142,0.0,0.9200388193130493,0.920064389705658,0.0,0.0,0.0,0.0,0.8353416323661804,0.10419529676437378,,,,,,,,,,,,,,,,
885,0.9280219674110413,-0.7210448980331421,0.003980743698775768,0.003977845888584852,3.465592396389994e-11,0.9200612902641296,0.9200654029846191,0.0,7.448292649314681e-09,0.0,0.0,0.841391921043396,0.1037006676197052,,,,,,,,,,,,,,,,
886,0.9281339049339294,-0.7247967720031738,0.003944246098399162,0.003921902738511562,3.6554603788374607e-10,0.9202629923820496,0.9202725291252136,0.0,0.0,0.0,0.0,0.8306367993354797,0.10390105843544006,,,,,,,,,,,,,,,,
887,0.9280784726142883,-0.7288398146629333,0.004002929199486971,0.003955908585339785,2.6541873143770545e-09,0.9200981259346008,0.9201411008834839,0.0,2.8029218810843304e-05,0.0,0.0,0.8464990854263306,0.10443296283483505,,,,,,,,,,,,,,,,
888,0.9281057119369507,-0.7265527844429016,0.003990234807133675,0.0039706239476799965,0.0,0.920137882232666,0.9201518297195435,0.0,6.607265845559596e-10,0.0,0.0,0.8364996910095215,0.10448302328586578,,,,,,,,,,,,,,,,
889,0.9280493855476379,-0.7255830764770508,0.003975978586822748,0.00395436305552721,4.413059639940542e-10,0.9200977683067322,0.920140266418457,0.0,3.253967406635638e-08,0.0,0.0,0.8501625657081604,0.10401946306228638,,,,,,,,,,,,,,,,
890,0.9280871152877808,-0.7305759191513062,0.00396905979141593,0.003964858129620552,0.0,0.9201589822769165,0.9201474189758301,0.0,0.0,0.0,0.0,0.842962920665741,0.10350202769041061,,,,,,,,,,,,,,,,
891,0.9280397891998291,-0.7305967211723328,0.00397951016202569,0.003982141613960266,2.0770228592592588e-10,0.9200945496559143,0.9200618267059326,0.0,0.0,0.0,0.0,0.8343849778175354,0.104244165122509,,,,,,,,,,,,,,,,
892,0.9280733466148376,-0.7265380024909973,0.0040762522257864475,0.004084495827555656,0.0,0.9199366569519043,0.919888436794281,0.0,5.152498872007527e-09,0.0,0.0,0.8507665395736694,0.10438574850559235,,,,,,,,,,,,,,,,
893,0.9280360341072083,-0.727878987789154,0.003981633111834526,0.004023941699415445,1.4213309695865206e-10,0.9200757741928101,0.9199851751327515,0.0,4.1612260304191295e-09,0.0,0.0,0.8509244322776794,0.10393285006284714,,,,,,,,,,,,,,,,
894,0.9280523061752319,-0.7326812744140625,0.0040596560575068,0.004083584528416395,1.1844980551956041e-09,0.9199469089508057,0.9198712110519409,0.0,0.0,0.0,0.0,0.8444827198982239,0.10378807783126831,,,,,,,,,,,,,,,,
895,0.928059458732605,-0.7344441413879395,0.004017707426100969,0.004015989135950804,0.0,0.9200279116630554,0.9200236201286316,0.0,0.0,0.0,0.0,0.8437793254852295,0.10366111248731613,,,,,,,,,,,,,,,,
896,0.9280582070350647,-0.728926420211792,0.0038847140967845917,0.0038849946577101946,0.0,0.9202877283096313,0.9202892780303955,0.0,3.3998728277140344e-09,0.0,0.0,0.8285995125770569,0.10396251827478409,,,,,,,,,,,,,,,,
897,0.9280614256858826,-0.7312313318252563,0.003949649631977081,0.003939918242394924,1.214077449684936e-10,0.9201706647872925,0.9201729893684387,0.0,1.6621556353513256e-09,0.0,0.0,0.8369234204292297,0.10491084307432175,,,,,,,,,,,,,,,,
898,0.9281044006347656,-0.735909640789032,0.0039757671765983105,0.0039794789627194405,1.402389593341269e-10,0.9201545715332031,0.920143723487854,0.0,1.2053318649977215e-14,0.0,0.0,0.8520569205284119,0.10347158461809158,,,,,,,,,,,,,,,,
899,0.9280315041542053,-0.73344486951828,0.004089814145117998,0.004085845779627562,0.0,0.9198708534240723,0.9198407530784607,0.0,0.0,0.0,0.0,0.837087094783783,0.10403111577033997,,,,,,,,,,,,,,,,
900,0.9280068278312683,-0.7308787703514099,0.003911272156983614,0.003931702114641666,3.6364999900229122e-09,0.920193076133728,0.9201346039772034,0.0,2.078098191304889e-07,0.0,0.0,0.8205233812332153,0.1041494831442833,,,,,,,,,,,,,,,,
901,0.9281098246574402,-0.7347363829612732,0.00401261355727911,0.004006960894912481,4.049618198708507e-18,0.9200929403305054,0.9200875759124756,0.0,0.0,0.0,0.0,0.8398870229721069,0.10380483418703079,,,,,,,,,,,,,,,,
902,0.9280953407287598,-0.7389271855354309,0.003977634012699127,0.003992205020040274,3.804919490590919e-09,0.9201335906982422,0.9201173186302185,0.0,6.553754587912408e-07,0.0,0.0,0.846041202545166,0.10418517887592316,,,,,,,,,,,,,,,,
903,0.9280890822410583,-0.7347233891487122,0.003962505608797073,0.0039248233661055565,8.927699725325144e-12,0.9201774001121521,0.9202260971069336,0.0,7.32806392989005e-06,0.0,0.0,0.8481025695800781,0.10348768532276154,,,,,,,,,,,,,,,,
904,0.9279826283454895,-0.7321773767471313,0.003936427179723978,0.00391882611438632,3.4958840267051983e-09,0.9201040267944336,0.9201507568359375,0.0,0.0,0.0,0.0,0.8318214416503906,0.10414295643568039,,,,,,,,,,,,,,,,
905,0.9280251264572144,-0.7353646755218506,0.003921873867511749,0.003916826099157333,0.0,0.9201660752296448,0.9202067255973816,0.0,4.688236021621606e-09,0.0,0.0,0.8464508056640625,0.10329443216323853,,,,,,,,,,,,,,,,
906,0.9280523061752319,-0.741391122341156,0.003943873569369316,0.003919164650142193,0.0,0.9201646447181702,0.9202138781547546,0.0,0.0,0.0,0.0,0.8285982608795166,0.1034773662686348,,,,,,,,,,,,,,,,
907,0.9281101226806641,-0.7362040281295776,0.0041059525683522224,0.004102724604308605,1.8208922217266554e-11,0.9199015498161316,0.9199013113975525,0.0,7.371378174525489e-09,0.0,0.0,0.8355699777603149,0.10340935736894608,,,,,,,,,,,,,,,,
908,0.9280668497085571,-0.7333551645278931,0.00392712838947773,0.003929726779460907,1.705743879476529e-10,0.9202269315719604,0.9201930165290833,0.0,0.0,0.0,0.0,0.8467889428138733,0.10348058491945267,,,,,,,,,,,,,,,,
909,0.9280909299850464,-0.7415028810501099,0.003969730343669653,0.003965370357036591,5.586750617680991e-08,0.9201569557189941,0.9201546311378479,0.0,0.0,0.0,0.0,0.8367269039154053,0.10338519513607025,,,,,,,,,,,,,,,,
910,0.9280391931533813,-0.7412460446357727,0.003991149365901947,0.003982044290751219,0.0,0.9200660586357117,0.9200659990310669,0.0,0.0,0.0,0.0,0.8421810269355774,0.10367809981107712,,,,,,,,,,,,,,,,
911,0.9281120300292969,-0.7375168800354004,0.003919648937880993,0.003907578531652689,6.844946276451935e-10,0.9202849864959717,0.920284628868103,0.0,0.0,0.0,0.0,0.8190562129020691,0.10393114387989044,,,,,,,,,,,,,,,,
912,0.9281089305877686,-0.7409728765487671,0.0039919340051710606,0.003978289198130369,0.0,0.920127809047699,0.920149564743042,0.0,0.0,0.0,0.0,0.8354541659355164,0.10382109880447388,,,,,,,,,,,,,,,,
913,0.9280856847763062,-0.745140552520752,0.00392052112147212,0.003908833023160696,4.7655346335773174e-09,0.9202480912208557,0.9202645421028137,0.0,0.0,0.0,0.0,0.8554521799087524,0.10460877418518066,,,,,,,,,,,,,,,,
914,0.9281042218208313,-0.7400072813034058,0.004021211061626673,0.00402907794341445,1.2653007530616378e-09,0.9200713634490967,0.9200366139411926,0.0,1.1927706045078423e-10,0.0,0.0,0.8436344861984253,0.10409272462129593,,,,,,,,,,,,,,,,
915,0.9280226826667786,-0.7383455634117126,0.003954372368752956,0.003962020389735699,1.3949626176401608e-10,0.9201151728630066,0.9200973510742188,0.0,5.465050634256841e-10,0.0,0.0,0.8334246277809143,0.1043030172586441,,,,,,,,,,,,,,,,
916,0.9280775189399719,-0.7429831624031067,0.004010803997516632,0.004010618664324284,8.313250643432468e-10,0.9200620055198669,0.9200502038002014,0.0,0.0,0.0,0.0,0.8311163187026978,0.10449020564556122,,,,,,,,,,,,,,,,
917,0.9280756115913391,-0.7466084957122803,0.004059883300215006,0.004061657004058361,0.0,0.919965386390686,0.9199427962303162,0.0,3.223053113288188e-08,0.0,0.0,0.8292272686958313,0.1046115830540657,,,,,,,,,,,,,,,,
918,0.9281122088432312,-0.7417539954185486,0.003989058546721935,0.004021026659756899,0.0,0.9201390743255615,0.9200652241706848,0.0,4.137181222607644e-11,0.0,0.0,0.8391437530517578,0.1043199673295021,,,,,,,,,,,,,,,,
919,0.9282106161117554,-0.7426598072052002,0.004005610942840576,0.004039209336042404,3.2187725307978744e-28,0.9202024936676025,0.9201290011405945,0.0,7.372439991826241e-09,0.0,0.0,0.8413823843002319,0.10319145768880844,,,,,,,,,,,,,,,,
920,0.9280517101287842,-0.7458720803260803,0.004073039162904024,0.004088271874934435,0.0,0.9199134111404419,0.9198673963546753,0.0,2.905429230537493e-09,0.0,0.0,0.817791223526001,0.103990837931633,,,,,,,,,,,,,,,,
921,0.9280359148979187,-0.745346188545227,0.0040587689727544785,0.004069450777024031,3.218870656129802e-11,0.9199171662330627,0.9198981523513794,0.0,3.433885176207241e-09,0.0,0.0,0.8554745316505432,0.10321176797151566,,,,,,,,,,,,,,,,
922,0.9280597567558289,-0.7442066073417664,0.004052863921970129,0.004047275986522436,2.2233352936495976e-09,0.9199607968330383,0.9199584126472473,0.0,6.65492123630429e-08,0.0,0.0,0.8098517656326294,0.10352588444948196,,,,,,,,,,,,,,,,
923,0.9280003309249878,-0.7452871799468994,0.003926284145563841,0.00396584440022707,4.2662314653219013e-11,0.9201527833938599,0.9200636744499207,0.0,2.3629984298167983e-06,0.0,0.0,0.8443384766578674,0.10310710966587067,,,,,,,,,,,,,,,,
924,0.9280446171760559,-0.7469869256019592,0.004028554540127516,0.004038186743855476,1.2721577125063277e-09,0.9199899435043335,0.9199658632278442,0.0,0.0,0.0,0.0,0.8504495024681091,0.10363844782114029,,,,,,,,,,,,,,,,
925,0.9280391335487366,-0.7474724054336548,0.0039517865516245365,0.0039614904671907425,1.122794568431118e-08,0.9201416373252869,0.9201099872589111,0.0,0.0,0.0,0.0,0.8402435183525085,0.10419338196516037,,,,,,,,,,,,,,,,
926,0.9280501008033752,-0.7500990033149719,0.003923350479453802,0.00391865661367774,3.622719457752055e-09,0.920216977596283,0.9201992154121399,0.0,8.761949175095651e-06,0.0,0.0,0.8369706273078918,0.10366327315568924,,,,,,,,,,,,,,,,
927,0.9282322525978088,-0.7468570470809937,0.004143958445638418,0.004134366754442453,3.980779872403417e-10,0.919957160949707,0.9199506640434265,0.0,1.8513096833316922e-08,0.0,0.0,0.8269689083099365,0.10366396605968475,,,,,,,,,,,,,,,,
928,0.9281072020530701,-0.751860499382019,0.0038767626974731684,0.00387379783205688,1.5529331987007566e-10,0.9203540086746216,0.9203593134880066,0.0,0.0,0.0,0.0,0.831958532333374,0.10366809368133545,,,,,,,,,,,,,,,,
929,0.9280731678009033,-0.7515192031860352,0.0039327265694737434,0.003944425843656063,0.0,0.920205295085907,0.9201866984367371,0.0,1.2286137662798069e-09,0.0,0.0,0.8461621999740601,0.10408083349466324,,,,,,,,,,,,,,,,
930,0.9281151294708252,-0.7491928935050964,0.003935516811907291,0.003925330936908722,0.0,0.9202553033828735,0.9202532768249512,0.0,0.0,0.0,0.0,0.8415300250053406,0.10324068367481232,,,,,,,,,,,,,,,,
931,0.9280910491943359,-0.7482787370681763,0.004078627564013004,0.004077230580151081,0.0,0.9199426770210266,0.9199276566505432,0.0,4.5783326640957966e-07,0.0,0.0,0.8342761993408203,0.10345352441072464,,,,,,,,,,,,,,,,
932,0.9281477928161621,-0.7497261166572571,0.004014268983155489,0.004000507760792971,0.0,0.9201217293739319,0.920144259929657,0.0,2.6223561988558686e-08,0.0,0.0,0.8360425233840942,0.10307061672210693,,,,,,,,,,,,,,,,
933,0.928056001663208,-0.7572038769721985,0.003970453981310129,0.003947518765926361,1.1818693064686615e-14,0.9201209545135498,0.9201550483703613,0.0,3.790752998611424e-06,0.0,0.0,0.8306284546852112,0.10275311022996902,,,,,,,,,,,,,,,,
934,0.9280714392662048,-0.7538185119628906,0.004117990378290415,0.004097317345440388,0.0,0.9198428988456726,0.9198693633079529,0.0,1.3972659563665085e-13,0.0,0.0,0.8041752576828003,0.10261724144220352,,,,,,,,,,,,,,,,
935,0.9280362129211426,-0.7517951130867004,0.0039312331937253475,0.0039283218793570995,1.3637042680795186e-17,0.9201763868331909,0.9201769828796387,0.0,5.08801178966678e-07,0.0,0.0,0.8139835596084595,0.10341852903366089,,,,,,,,,,,,,,,,
936,0.928027331829071,-0.7547096610069275,0.003949203062802553,0.003957918379455805,0.0,0.9201329350471497,0.9201074838638306,0.0,0.0,0.0,0.0,0.8229174613952637,0.1025567278265953,,,,,,,,,,,,,,,,
937,0.9280970692634583,-0.7598612308502197,0.003924538381397724,0.003948886413127184,0.0,0.9202460050582886,0.920201301574707,0.0,0.0,0.0,0.0,0.8102290034294128,0.10291308164596558,,,,,,,,,,,,,,,,
938,0.9280952215194702,-0.7534946203231812,0.003959765657782555,0.003971126861870289,9.117233606536351e-14,0.920178234577179,0.9201504588127136,0.0,0.0,0.0,0.0,0.8301301002502441,0.1028599813580513,,,,,,,,,,,,,,,,
939,0.9280240535736084,-0.7523927092552185,0.003929258789867163,0.003947961609810591,8.281687513544966e-08,0.9201712012290955,0.9201223254203796,0.0,8.659994676918359e-08,0.0,0.0,0.8325720429420471,0.10345989465713501,,,,,,,,,,,,,,,,
940,0.9281187057495117,-0.7596631050109863,0.003960907459259033,0.003988270647823811,0.0,0.9202098250389099,0.9201292395591736,0.0,8.096797898815566e-08,0.0,0.0,0.8245559334754944,0.10365461558103561,,,,,,,,,,,,,,,,
941,0.9282546043395996,-0.7589733004570007,0.004078978206962347,0.0041284579783678055,1.4822376215306576e-08,0.920099139213562,0.919995129108429,0.0,2.8225967341199976e-08,0.0,0.0,0.8372266888618469,0.10383690893650055,,,,,,,,,,,,,,,,
942,0.9280304908752441,-0.7525498867034912,0.003994430880993605,0.004007365088909864,2.6965033938369798e-12,0.920048713684082,0.9200085997581482,0.0,0.0,0.0,0.0,0.8379800915718079,0.10374245792627335,,,,,,,,,,,,,,,,
943,0.9281497001647949,-0.7598332166671753,0.004024874418973923,0.00401295954361558,0.0,0.9201017022132874,0.9201221466064453,0.0,7.876407082108017e-09,0.0,0.0,0.8288650512695312,0.10361158847808838,,,,,,,,,,,,,,,,
944,0.9280968904495239,-0.7599360942840576,0.0040542203933000565,0.004009708762168884,1.187729060068976e-12,0.9200053811073303,0.9200606346130371,0.0,7.726259099172239e-08,0.0,0.0,0.8509253859519958,0.10406391322612762,,,,,,,,,,,,,,,,
945,0.9281028509140015,-0.7522215843200684,0.0041317869909107685,0.004113378934562206,0.0,0.9198536276817322,0.9198617339134216,0.0,0.0,0.0,0.0,0.8417743444442749,0.103554368019104,,,,,,,,,,,,,,,,
946,0.9281429648399353,-0.7588749527931213,0.0039254748262465,0.003924136515706778,0.0,0.9202952980995178,0.9202913045883179,0.0,1.1368217201379593e-05,0.0,0.0,0.8359131217002869,0.10351870954036713,,,,,,,,,,,,,,,,
947,0.9280121922492981,-0.7690001130104065,0.0038926140405237675,0.003909148741513491,1.7480376868217462e-10,0.9202303290367126,0.9201905131340027,0.0,0.0,0.0,0.0,0.8420668244361877,0.10271550714969635,,,,,,,,,,,,,,,,
948,0.9282040596008301,-0.758114755153656,0.00413241283968091,0.004169725347310305,2.1791972740214938e-11,0.919942319393158,0.9198614954948425,0.0,7.619812691928018e-08,0.0,0.0,0.8290039300918579,0.10324399918317795,,,,,,,,,,,,,,,,
949,0.9280535578727722,-0.7544806003570557,0.003925484139472246,0.003947135526686907,8.227663602241522e-29,0.9202098250389099,0.9201520681381226,0.0,0.0,0.0,0.0,0.8482314348220825,0.10339297354221344,,,,,,,,,,,,,,,,
950,0.9281225800514221,-0.7645996809005737,0.003905964782461524,0.003903780598193407,0.0,0.9203172922134399,0.9203083515167236,0.0,0.0,0.0,0.0,0.8400089144706726,0.10364798456430435,,,,,,,,,,,,,,,,
951,0.9280818700790405,-0.7626505494117737,0.0040697576478123665,0.00405533704906702,0.0,0.9199458956718445,0.9199676513671875,0.0,0.0,0.0,0.0,0.8349302411079407,0.10282841324806213,,,,,,,,,,,,,,,,
952,0.928091824054718,-0.7591366767883301,0.0040716747753322124,0.004059955943375826,0.0,0.9199501276016235,0.9199702739715576,0.0,1.3076504501441377e-07,0.0,0.0,0.8309047222137451,0.10332980006933212,,,,,,,,,,,,,,,,
953,0.9281380772590637,-0.7642240524291992,0.003978744149208069,0.00397864356637001,0.0,0.9201938509941101,0.9201675057411194,0.0,4.682960508262113e-08,0.0,0.0,0.8344150185585022,0.10199008136987686,,,,,,,,,,,,,,,,
954,0.9280920624732971,-0.7708552479743958,0.003989507909864187,0.003991486504673958,0.0,0.9201192855834961,0.9201028347015381,0.0,4.2302322755816135e-10,0.0,0.0,0.8362501263618469,0.1027543693780899,,,,,,,,,,,,,,,,
955,0.9281246066093445,-0.7634944319725037,0.004127368796616793,0.0040875207632780075,0.0,0.9198890924453735,0.9199303984642029,0.0,0.0,0.0,0.0,0.8186416625976562,0.10228756815195084,,,,,,,,,,,,,,,,
956,0.9281597137451172,-0.7570584416389465,0.004034953657537699,0.004031208343803883,4.942291909060259e-09,0.9200979471206665,0.9200891852378845,0.0,0.0,0.0,0.0,0.841943621635437,0.10324174910783768,,,,,,,,,,,,,,,,
957,0.9281371831893921,-0.7664281129837036,0.0038777270819991827,0.0038804225623607635,8.123213213195868e-09,0.9203670620918274,0.9203909635543823,0.0,0.0,0.0,0.0,0.8368841409683228,0.10355637222528458,,,,,,,,,,,,,,,,
958,0.9281125068664551,-0.7699559926986694,0.0040308753959834576,0.004001657012850046,2.033788415456428e-11,0.9200561046600342,0.9201038479804993,0.0,0.0,0.0,0.0,0.8388676047325134,0.10389184951782227,,,,,,,,,,,,,,,,
959,0.9281395077705383,-0.7650095224380493,0.004051638767123222,0.004014362581074238,9.748537088682951e-09,0.9200527667999268,0.9200941920280457,0.0,7.673114851058926e-06,0.0,0.0,0.822546660900116,0.10447604954242706,,,,,,,,,,,,,,,,
960,0.9280721545219421,-0.7628445029258728,0.0039850566536188126,0.003982898313552141,6.694391885275763e-08,0.9201095700263977,0.9200986623764038,0.0,0.0,0.0,0.0,0.8384489417076111,0.10409707576036453,,,,,,,,,,,,,,,,
961,0.9281008839607239,-0.7732850909233093,0.003795736003667116,0.003812452545389533,0.0,0.9205190539360046,0.9204663634300232,0.0,0.0,0.0,0.0,0.8344893455505371,0.10298279672861099,,,,,,,,,,,,,,,,
962,0.9281243681907654,-0.7718545794487,0.0039068241603672504,0.003931270446628332,7.117709199810918e-12,0.9203140735626221,0.9202585816383362,0.0,4.571261342789512e-07,0.0,0.0,0.8378696441650391,0.10376784950494766,,,,,,,,,,,,,,,,
963,0.9281250238418579,-0.7664615511894226,0.004009421449154615,0.00403710687533021,0.0,0.9201065897941589,0.9200505018234253,0.0,2.8852789046851512e-09,0.0,0.0,0.8500624895095825,0.10332553833723068,,,,,,,,,,,,,,,,
964,0.9280579686164856,-0.7667129039764404,0.003893043613061309,0.00393382553011179,2.462845194711044e-13,0.9202769994735718,0.9201852679252625,0.0,1.9341808155104445e-08,0.0,0.0,0.8309134840965271,0.10316380858421326,,,,,,,,,,,,,,,,
965,0.9281376600265503,-0.773953378200531,0.0040397047996521,0.004042209126055241,3.4025731121545277e-09,0.9200631976127625,0.9200483560562134,0.0,0.0,0.0,0.0,0.8381807804107666,0.10388043522834778,,,,,,,,,,,,,,,,
966,0.9281921982765198,-0.7707001566886902,0.004065004177391529,0.0040438915602862835,6.749142134054864e-09,0.920067548751831,0.9200990796089172,0.0,3.4044422392298657e-08,0.0,0.0,0.8178001642227173,0.10387410968542099,,,,,,,,,,,,,,,,
967,0.9289716482162476,-0.7681025862693787,0.004412366542965174,0.004413032904267311,7.421099845750234e-11,0.9201305508613586,0.9201619029045105,0.0,1.7625014336886125e-08,0.0,0.0,0.8479888439178467,0.10384011268615723,,,,,,,,,,,,,,,,
968,0.9281572103500366,-0.774951696395874,0.004046794958412647,0.004031859803944826,9.486524987778466e-08,0.9200693368911743,0.9200875759124756,0.0,5.974980155087906e-08,0.0,0.0,0.839445948600769,0.10320819914340973,,,,,,,,,,,,,,,,
969,0.9281451106071472,-0.7787029147148132,0.004040931351482868,0.004045750014483929,2.869798620963593e-09,0.9200690388679504,0.9200478196144104,0.0,0.0,0.0,0.0,0.8260456323623657,0.10310808569192886,,,,,,,,,,,,,,,,
970,0.9282270073890686,-0.7702487111091614,0.004171179141849279,0.004164581652730703,0.0,0.9198846817016602,0.919897735118866,0.0,4.723445634624568e-09,0.0,0.0,0.819934070110321,0.10335218906402588,,,,,,,,,,,,,,,,
971,0.9280904531478882,-0.7671348452568054,0.004123232327401638,0.004115797113627195,5.749999143489504e-09,0.919853150844574,0.9198497533798218,0.0,0.0,0.0,0.0,0.8223183751106262,0.10323680937290192,,,,,,,,,,,,,,,,
972,0.9282042980194092,-0.7752351760864258,0.004095396958291531,0.004103355575352907,0.0,0.9200238585472107,0.9199873208999634,0.0,0.0,0.0,0.0,0.8126136660575867,0.10312848538160324,,,,,,,,,,,,,,,,
973,0.9281114935874939,-0.7794862985610962,0.004019320476800203,0.004027263261377811,0.0,0.9200816750526428,0.9200481176376343,0.0,0.0,0.0,0.0,0.8437005281448364,0.10238905251026154,,,,,,,,,,,,,,,,
974,0.928085207939148,-0.7720937132835388,0.004008488263934851,0.004009994678199291,4.5813515356316645e-21,0.9200707077980042,0.9200626611709595,0.0,5.679433590088934e-10,0.0,0.0,0.8272523283958435,0.1033349260687828,,,,,,,,,,,,,,,,
975,0.9280497431755066,-0.7734894156455994,0.003970271907746792,0.0039720661006867886,1.6799266636536845e-19,0.9201114177703857,0.9201034307479858,0.0,1.273225969100622e-08,0.0,0.0,0.8439977169036865,0.10300108790397644,,,,,,,,,,,,,,,,
976,0.9280229806900024,-0.7774035334587097,0.0037845722399652004,0.0037940123584121466,0.0,0.9204530119895935,0.9204357862472534,0.0,5.800156941404566e-06,0.0,0.0,0.8287811875343323,0.10290409624576569,,,,,,,,,,,,,,,,
977,0.9280998110771179,-0.7777045369148254,0.004021947737783194,0.004019401967525482,0.0,0.9200596213340759,0.9200574159622192,0.0,2.5010600257502347e-09,0.0,0.0,0.8363826274871826,0.10314934700727463,,,,,,,,,,,,,,,,
978,0.9281545877456665,-0.7704935669898987,0.004011989571154118,0.004008395131677389,1.9491297464924173e-10,0.9201405048370361,0.9201278686523438,0.0,1.4110722190707747e-07,0.0,0.0,0.8303391337394714,0.10277026146650314,,,,,,,,,,,,,,,,
979,0.9282351732254028,-0.7749025225639343,0.0038714956026524305,0.0038741498719900846,5.84134973429824e-29,0.9204846620559692,0.9204944372177124,0.0,0.0,0.0,0.0,0.8376778960227966,0.10208648443222046,,,,,,,,,,,,,,,,
980,0.9282505512237549,-0.7839689254760742,0.004023319110274315,0.004023267887532711,5.848123374452285e-11,0.9202221035957336,0.9201858639717102,0.0,4.610047760200686e-11,0.0,0.0,0.8396282196044922,0.1024068221449852,,,,,,,,,,,,,,,,
981,0.9281409382820129,-0.7806536555290222,0.004034293815493584,0.004060422070324421,1.897114843690817e-12,0.9200841784477234,0.9200083017349243,0.0,0.0,0.0,0.0,0.8382017612457275,0.10198259353637695,,,,,,,,,,,,,,,,
982,0.9280852675437927,-0.7746749520301819,0.004101173486560583,0.0041190581396222115,0.0,0.9198920130729675,0.9198380708694458,0.0,0.0,0.0,0.0,0.8416956067085266,0.10233044624328613,,,,,,,,,,,,,,,,
983,0.9280251860618591,-0.7795103192329407,0.003889811225235462,0.003913316410034895,1.5421122157022182e-09,0.920246958732605,0.9201971888542175,0.0,0.0,0.0,0.0,0.8333142399787903,0.10258138179779053,,,,,,,,,,,,,,,,
984,0.9281885623931885,-0.7850311994552612,0.004040158353745937,0.004057627171278,0.0,0.92010498046875,0.9200765490531921,0.0,0.0,0.0,0.0,0.8496125936508179,0.10232732445001602,,,,,,,,,,,,,,,,
985,0.928095281124115,-0.7770504951477051,0.004105123691260815,0.004133712500333786,0.0,0.919885516166687,0.9198272824287415,0.0,0.0,0.0,0.0,0.836357057094574,0.10283488780260086,,,,,,,,,,,,,,,,
986,0.9281180500984192,-0.7768118381500244,0.00405908515676856,0.004059008788317442,0.0,0.9199934601783752,0.9200063943862915,0.0,3.055427910680919e-09,0.0,0.0,0.8341028690338135,0.10196253657341003,,,,,,,,,,,,,,,,
987,0.9282025694847107,-0.7841765880584717,0.004051152151077986,0.004034067969769239,4.1799327887837023e-10,0.9201107621192932,0.9201240539550781,0.0,0.0,0.0,0.0,0.8266475200653076,0.10390399396419525,,,,,,,,,,,,,,,,
988,0.928101122379303,-0.786979079246521,0.004065237008035183,0.0040550329722464085,0.0,0.9199768900871277,0.919984757900238,0.0,3.719374035426881e-07,0.0,0.0,0.8634294867515564,0.10388600826263428,,,,,,,,,,,,,,,,
989,0.9281003475189209,-0.7801019549369812,0.004045515786856413,0.004014786332845688,0.0,0.9200173020362854,0.9200628399848938,0.0,0.0,0.0,0.0,0.8320780992507935,0.10398557782173157,,,,,,,,,,,,,,,,
990,0.9282128810882568,-0.7812461256980896,0.004093647003173828,0.004092117305845022,1.151293504975115e-09,0.9200319647789001,0.9200222492218018,0.0,2.4343128401937975e-08,0.0,0.0,0.8413796424865723,0.10375270992517471,,,,,,,,,,,,,,,,
991,0.9280217885971069,-0.7879735231399536,0.004005526192486286,0.004016529768705368,2.171066171285929e-08,0.9200147390365601,0.919984757900238,0.0,3.999922337794004e-10,0.0,0.0,0.8466189503669739,0.10320790112018585,,,,,,,,,,,,,,,,
992,0.9280439019203186,-0.7866597771644592,0.0040525714866817,0.00407086918130517,0.0,0.9199398159980774,0.9199010729789734,0.0,0.0,0.0,0.0,0.8450496196746826,0.10335831344127655,,,,,,,,,,,,,,,,
993,0.9281600117683411,-0.7817646265029907,0.004021989647299051,0.004035992547869682,9.699951952768515e-10,0.9201242327690125,0.9200797080993652,0.0,0.0,0.0,0.0,0.8220470547676086,0.10245850682258606,,,,,,,,,,,,,,,,
994,0.9280811548233032,-0.7836467623710632,0.00388162350282073,0.0039019715040922165,0.0,0.9203271865844727,0.9202679395675659,0.0,0.0,0.0,0.0,0.8257489800453186,0.1028156578540802,,,,,,,,,,,,,,,,
995,0.9279881119728088,-0.7882178425788879,0.0038986692670732737,0.003901471383869648,0.0,0.9201959371566772,0.9201799035072327,0.0,2.4478293880747515e-07,0.0,0.0,0.8331395983695984,0.10333732515573502,,,,,,,,,,,,,,,,
996,0.9281900525093079,-0.788366436958313,0.003940274007618427,0.003949283622205257,0.0,0.920312762260437,0.9202882051467896,0.0,4.9784900646443475e-09,0.0,0.0,0.8334094882011414,0.10264211893081665,,,,,,,,,,,,,,,,
997,0.9281472563743591,-0.7832044959068298,0.003890020539984107,0.0038983728736639023,9.0658680562683e-08,0.9203640818595886,0.9203534126281738,0.0,2.691371864954606e-12,0.0,0.0,0.833645224571228,0.10272467881441116,,,,,,,,,,,,,,,,
998,0.9281744360923767,-0.7886865735054016,0.00400047842413187,0.00400207657366991,2.9904244770555255e-13,0.9201767444610596,0.9201670289039612,0.0,0.0,0.0,0.0,0.8321767449378967,0.10310233384370804,,,,,,,,,,,,,,,,
999,0.9280812740325928,-0.788302481174469,0.003964493982493877,0.003973000682890415,9.547381774055452e-10,0.9201579689979553,0.9201295971870422,0.0,0.0,0.0,0.0,0.8259934186935425,0.1036849394440651,,,,,,,,,,,,,,,,
1000,0.9281064867973328,-0.786344587802887,0.004014063626527786,0.004006998147815466,5.65979988570442e-13,0.9200721979141235,0.9200987219810486,0.0,8.801154649518139e-08,0.0,0.0,0.828690767288208,0.10288392007350922,0.7922276854515076,0.7922276854515076,0.20777231454849243,8.651307106018066,0.0,0.9557466506958008,3.949899196624756,-0.0,1.4137018918991089,0.7915112376213074,0.0,0.7915112376213074,0.13902966678142548,0.4797216057777405,3.1328864353312302,0.13053693480546794
