epoch,critic_loss,actor_loss,q1_loss,q2_loss,cost_loss,expected_cost,lagrange,expert_kl,smoothness,avg_return,survival_rate,mortality_rate,avg_length,inadmissibility_rate,expert_argmax_match,mean_kl_to_expert,policy_entropy,mean_action_deviation_from_expert,soft_survival_rate,soft_inadmissibility_rate,soft_avg_return,soft_policy_entropy,soft_mean_kl_to_expert
1,0.9800427556037903,0.05793210119009018,0.019658822566270828,0.018302565440535545,0.001631421153433621,0.026080207899212837,5.216041579842568e-06,0.06349098682403564,0.1287136822938919,,,,,,,,,,,,,,
2,0.9650876522064209,0.0374719463288784,0.013247146271169186,0.012784751132130623,0.001149132614955306,0.020971745252609253,9.41039063036442e-06,0.061863429844379425,0.12845155596733093,,,,,,,,,,,,,,
3,0.9557791948318481,0.025024620816111565,0.009338071569800377,0.009253096766769886,0.0007689496851526201,0.01590658724308014,1.2591708078980447e-05,0.06124293431639671,0.12851065397262573,,,,,,,,,,,,,,
4,0.9509835839271545,0.021130824461579323,0.007594743277877569,0.007510131224989891,0.0007234489894472063,0.012973256409168243,1.5186359360814096e-05,0.06030689924955368,0.12860320508480072,,,,,,,,,,,,,,
5,0.9490271806716919,0.019901935011148453,0.00689509604126215,0.006680014077574015,0.000649070309009403,0.009163737297058105,1.7019106820225717e-05,0.05946208909153938,0.12877404689788818,,,,,,,,,,,,,,
6,0.9486429691314697,0.018587293103337288,0.007026005070656538,0.006783117074519396,0.0006002066656947136,0.007238204590976238,1.8466747738420964e-05,0.05899935960769653,0.12896470725536346,,,,,,,,,,,,,,
7,0.9475758075714111,0.013702349737286568,0.006658393889665604,0.006838323548436165,0.0005471998592838645,0.005820081103593111,1.9630763959139588e-05,0.05841180309653282,0.12920986115932465,,,,,,,,,,,,,,
8,0.9467126131057739,0.005820460617542267,0.006190670654177666,0.006859783083200455,0.00048085604794323444,0.004922371823340654,2.061523832380772e-05,0.05857456475496292,0.12957021594047546,,,,,,,,,,,,,,
9,0.9455586671829224,0.0001094932304113172,0.005795144475996494,0.006721179932355881,0.0004539004876278341,0.0037302684504538774,2.1361292013898496e-05,0.05873236060142517,0.12992540001869202,,,,,,,,,,,,,,
10,0.9437199234962463,-0.00670701963827014,0.005153431091457605,0.006329893600195646,0.0004195687361061573,0.003588739549741149,2.2079039923846726e-05,0.05953016132116318,0.1303124576807022,0.7868008017539978,0.7868008017539978,0.2131991982460022,7.1831865310668945,0.0,0.7525946497917175,4.679013252258301,-0.0,2.5289485454559326,0.7762522101402283,0.0,0.7762522101402283,0.5443896055221558,0.03694015368819237
11,0.9424490928649902,-0.01214776560664177,0.004687322303652763,0.005903881508857012,0.00039855571230873466,0.002689551329240203,2.2616950189694767e-05,0.05996556952595711,0.1308281123638153,,,,,,,,,,,,,,
12,0.9410053491592407,-0.014802439138293266,0.00445285951718688,0.005301916040480137,0.0003853249363601208,0.002640318591147661,2.3145013907924298e-05,0.06085367500782013,0.13122574985027313,,,,,,,,,,,,,,
13,0.9399251341819763,-0.017813509330153465,0.0042128185741603374,0.004812061320990324,0.0003712699399329722,0.0020683996845036745,2.3558693844825033e-05,0.0619899220764637,0.1316290944814682,,,,,,,,,,,,,,
14,0.939497172832489,-0.019819002598524094,0.004166997037827969,0.004577819257974625,0.0003505648346617818,0.0021370111498981714,2.3986096074804667e-05,0.06390830129384995,0.13210143148899078,,,,,,,,,,,,,,
15,0.9388548135757446,-0.019914964213967323,0.004102605395019054,0.004394938703626394,0.00033731432631611824,0.001976531930267811,2.4381402460858228e-05,0.06596393138170242,0.13252827525138855,,,,,,,,,,,,,,
16,0.9383465647697449,-0.02167324349284172,0.0040271286852657795,0.004258456639945507,0.0003241387312300503,0.0021821116097271442,2.4817824782803656e-05,0.06813301891088486,0.13305529952049255,,,,,,,,,,,,,,
17,0.9380740523338318,-0.02157444693148136,0.004130567889660597,0.004154851660132408,0.0003183414810337126,0.002445923862978816,2.530700955539942e-05,0.0710449367761612,0.13345807790756226,,,,,,,,,,,,,,
18,0.9376623034477234,-0.021423466503620148,0.004099802579730749,0.004153378773480654,0.0003074239066336304,0.002038313075900078,2.5714672170579435e-05,0.07420998811721802,0.1338895857334137,,,,,,,,,,,,,,
19,0.9376101493835449,-0.022696681320667267,0.0041334242559969425,0.0041069877333939075,0.0002827618445735425,0.0028384451288729906,2.6282361196354032e-05,0.07900013774633408,0.13462316989898682,,,,,,,,,,,,,,
20,0.9371089339256287,-0.023333091288805008,0.004066088702529669,0.004090798553079367,0.00027620806940831244,0.002865101909264922,2.6855381578207016e-05,0.08297651261091232,0.13504981994628906,0.7830036282539368,0.7830036282539368,0.21699637174606323,7.096301078796387,0.0,0.7571113109588623,4.661308288574219,-0.0,2.6154332160949707,0.7775161862373352,0.0,0.77751624584198,0.5181427597999573,0.05236120522022247
21,0.9369019865989685,-0.025485195219516754,0.003967414144426584,0.004054179415106773,0.000262562301941216,0.0029103183187544346,2.74374452419579e-05,0.08800123631954193,0.1355404108762741,,,,,,,,,,,,,,
22,0.9363957047462463,-0.02852124162018299,0.003960113041102886,0.004033840261399746,0.00024093697720672935,0.003618410788476467,2.8161127399653195e-05,0.09428901970386505,0.13620859384536743,,,,,,,,,,,,,,
23,0.9362456798553467,-0.03136739134788513,0.003957686945796013,0.003994762431830168,0.00023883217363618314,0.004178863484412432,2.899690009653568e-05,0.10153568536043167,0.1369541585445404,,,,,,,,,,,,,,
24,0.9359474778175354,-0.034087155014276505,0.003848298452794552,0.004061879590153694,0.00022317971161101013,0.004253370687365532,2.9847574234008787e-05,0.10910852253437042,0.13760678470134735,,,,,,,,,,,,,,
25,0.9356206655502319,-0.03624330461025238,0.003890072926878929,0.003879523603245616,0.0002152620436390862,0.004622185602784157,3.077201135456562e-05,0.11675889790058136,0.13815365731716156,,,,,,,,,,,,,,
26,0.9352756142616272,-0.03786279633641243,0.003752687480300665,0.0038851851131767035,0.00020972333732061088,0.004562453366816044,3.168450202792883e-05,0.12766532599925995,0.13901156187057495,,,,,,,,,,,,,,
27,0.9347419142723083,-0.03805173560976982,0.003677310422062874,0.0037707400042563677,0.00020397003390826285,0.005588163621723652,3.280213475227356e-05,0.13986580073833466,0.13994118571281433,,,,,,,,,,,,,,
28,0.9348716139793396,-0.04164157435297966,0.0036804811097681522,0.0037038950249552727,0.0001952681050170213,0.004526965785771608,3.370752790942788e-05,0.15201644599437714,0.1409154236316681,,,,,,,,,,,,,,
29,0.9348080158233643,-0.04335714504122734,0.0037009811494499445,0.003741868305951357,0.0001939149951795116,0.00512476172298193,3.4732480254024265e-05,0.16645695269107819,0.1419694870710373,,,,,,,,,,,,,,
30,0.93423992395401,-0.045624151825904846,0.0036524778697639704,0.003607606515288353,0.000182939664227888,0.004992671310901642,3.573101451620459e-05,0.1828937530517578,0.1431686282157898,0.782218337059021,0.782218337059021,0.217781662940979,7.100651741027832,0.0,0.755285382270813,4.680952548980713,-0.0,2.6202259063720703,0.7790493369102478,0.0,0.7790493369102478,0.44109779596328735,0.11736689507961273
31,0.934336245059967,-0.04826238006353378,0.0036275528836995363,0.0036892204079777002,0.0001792585535440594,0.005434113088995218,3.6817837134003634e-05,0.2013712078332901,0.14448930323123932,,,,,,,,,,,,,,
32,0.9340248107910156,-0.05121690034866333,0.0034144085366278887,0.0035086111165583134,0.00016526867693755776,0.005111288279294968,3.784009478986263e-05,0.22128410637378693,0.14597783982753754,,,,,,,,,,,,,,
33,0.9339311122894287,-0.05146772786974907,0.0035394940059632063,0.0036201952025294304,0.00015783784328959882,0.004357166588306427,3.8711528107523914e-05,0.243109792470932,0.1474645733833313,,,,,,,,,,,,,,
34,0.9335947036743164,-0.05473557487130165,0.0033301750663667917,0.0033987476490437984,0.00015681931108701974,0.004610441625118256,3.963361643254756e-05,0.26780790090560913,0.14905409514904022,,,,,,,,,,,,,,
35,0.9335296154022217,-0.05627914518117905,0.003245923202484846,0.0033002214040607214,0.000146916470839642,0.004681861959397793,4.056998882442712e-05,0.29873421788215637,0.15098732709884644,,,,,,,,,,,,,,
36,0.9334448575973511,-0.05784282833337784,0.0033264330122619867,0.003357773879542947,0.00014297131565399468,0.004237418062984943,4.141747243702411e-05,0.3279159665107727,0.15256133675575256,,,,,,,,,,,,,,
37,0.9333749413490295,-0.05926904082298279,0.0032367969397455454,0.0033112068194895983,0.00013696023961529136,0.00443439744412899,4.230435192584991e-05,0.3609246015548706,0.15437299013137817,,,,,,,,,,,,,,
38,0.9330869317054749,-0.061421316117048264,0.00317220576107502,0.0032489383593201637,0.0001333031104877591,0.004170427098870277,4.313843734562397e-05,0.394045352935791,0.1559503823518753,,,,,,,,,,,,,,
39,0.932918906211853,-0.06084715947508812,0.003097747452557087,0.003037423361092806,0.00012708210851997137,0.004615533631294966,4.406154407188296e-05,0.42608821392059326,0.15733610093593597,,,,,,,,,,,,,,
40,0.9327850341796875,-0.06348025053739548,0.003071838989853859,0.0029863419476896524,0.00011995441309409216,0.003964229021221399,4.485438987612724e-05,0.4679129123687744,0.1590050309896469,0.7822049260139465,0.7822049260139465,0.21779507398605347,7.12504768371582,0.0,0.7555256485939026,4.677677154541016,-0.0,2.622844696044922,0.7810289263725281,0.0,0.7810289263725281,0.2943868637084961,0.2930552661418915
41,0.9327252507209778,-0.06350329518318176,0.003145689144730568,0.0029926560819149017,0.00011900759272975847,0.004075709730386734,4.566953182220459e-05,0.504654586315155,0.16034866869449615,,,,,,,,,,,,,,
42,0.9327377080917358,-0.06595473736524582,0.0032490650191903114,0.0030717893969267607,0.00012152039562352002,0.003809248097240925,4.643138144165277e-05,0.5400257110595703,0.1616581678390503,,,,,,,,,,,,,,
43,0.9326068162918091,-0.06700766086578369,0.00320307444781065,0.0031061898916959763,0.00011601584265008569,0.00391888152807951,4.721515774726867e-05,0.5741167068481445,0.16258031129837036,,,,,,,,,,,,,,
44,0.9325387477874756,-0.07014850527048111,0.003171356162056327,0.0030742587987333536,0.00011074945359723642,0.003757728496566415,4.796670344658196e-05,0.6094977259635925,0.16356797516345978,,,,,,,,,,,,,,
45,0.9323462247848511,-0.07083786278963089,0.003153169294819236,0.0030499068088829517,0.00010489657142898068,0.0037803722079843283,4.8722777888178824e-05,0.6457549929618835,0.16451610624790192,,,,,,,,,,,,,,
46,0.9323809742927551,-0.07161286473274231,0.003216755110770464,0.003039032220840454,0.00011216253915335983,0.0036582660395652056,4.9454431096091866e-05,0.6699888706207275,0.16529442369937897,,,,,,,,,,,,,,
47,0.9321736097335815,-0.07190115749835968,0.003280139761045575,0.0030362745746970177,0.00010185622522840276,0.0037834043614566326,5.021111196838319e-05,0.7037040591239929,0.16594374179840088,,,,,,,,,,,,,,
48,0.9320544600486755,-0.07060011476278305,0.003285975195467472,0.0031147750560194254,9.583445353200659e-05,0.0036378419026732445,5.093868034891784e-05,0.7362072467803955,0.16663981974124908,,,,,,,,,,,,,,
49,0.9319288730621338,-0.07146826386451721,0.003202511230483651,0.0031386788468807936,9.886574844131246e-05,0.0034193971659988165,5.1622559782117607e-05,0.7543565034866333,0.16712254285812378,,,,,,,,,,,,,,
50,0.9318178296089172,-0.07273945212364197,0.003237429540604353,0.0031394956167787313,8.90586816240102e-05,0.0033400184474885464,5.229056347161532e-05,0.7739706039428711,0.16750074923038483,0.7822672724723816,0.7822672724723816,0.2177327275276184,7.118154525756836,0.0,0.7557659149169922,4.6724653244018555,-0.0,2.6274876594543457,0.7821168899536133,0.0,0.7821168899536133,0.206324964761734,0.46150821447372437
51,0.9318307042121887,-0.07518915832042694,0.003252298105508089,0.0031124006491154432,8.815762703306973e-05,0.0032047536224126816,5.2931514196097856e-05,0.7998006343841553,0.16793902218341827,,,,,,,,,,,,,,
52,0.9317840337753296,-0.07634594291448593,0.003350720042362809,0.003237662138417363,8.948583126766607e-05,0.0035010329447686672,5.363172078505159e-05,0.8038749098777771,0.1679290384054184,,,,,,,,,,,,,,
53,0.9316518902778625,-0.0772092416882515,0.0033212408889085054,0.003242297563701868,8.939741383073851e-05,0.0036517074331641197,5.436206227168441e-05,0.817705512046814,0.16813069581985474,,,,,,,,,,,,,,
54,0.9315947890281677,-0.07996297627687454,0.003210832830518484,0.0031473564449697733,8.853452163748443e-05,0.0031545141246169806,5.4992965096607805e-05,0.8275611400604248,0.16833272576332092,,,,,,,,,,,,,,
55,0.9315868020057678,-0.08169928193092346,0.0032806266099214554,0.0032299428712576628,8.265683572972193e-05,0.003248700173571706,5.564270513132215e-05,0.8324480652809143,0.16834910213947296,,,,,,,,,,,,,,
56,0.9313903450965881,-0.08425039798021317,0.0031687035225331783,0.0031564822420477867,8.095581870293245e-05,0.0033130727242678404,5.630531967617571e-05,0.8321152925491333,0.16817322373390198,,,,,,,,,,,,,,
57,0.931376576423645,-0.08420377969741821,0.0031921325717121363,0.00320809381082654,7.700840069446713e-05,0.003284093225374818,5.6962138321250674e-05,0.8381709456443787,0.1683679074048996,,,,,,,,,,,,,,
58,0.9313334226608276,-0.08584442734718323,0.0032476535998284817,0.0031561630312353373,7.308946806006134e-05,0.0026013883762061596,5.748241599649191e-05,0.8298534154891968,0.16798710823059082,,,,,,,,,,,,,,
59,0.9311720728874207,-0.08527307957410812,0.0031704124994575977,0.0032491658348590136,7.394376007141545e-05,0.002558993175625801,5.799421463161707e-05,0.8321410417556763,0.16799841821193695,,,,,,,,,,,,,,
60,0.9312686324119568,-0.08632569760084152,0.003234567353501916,0.003177219768986106,7.036597526166588e-05,0.003025299170985818,5.859927446581424e-05,0.8208602666854858,0.1677320897579193,0.7839237451553345,0.7839237451553345,0.21607625484466553,7.073572158813477,0.0,0.7637420892715454,4.577124118804932,-0.0,2.6032638549804688,0.7828419208526611,0.0,0.7828419208526611,0.2041281759738922,0.470095157623291
61,0.9311867952346802,-0.08738947659730911,0.0030944228637963533,0.003081915434449911,6.361652776831761e-05,0.003071824787184596,5.9213639423251154e-05,0.8128021955490112,0.16753660142421722,,,,,,,,,,,,,,
62,0.931138813495636,-0.08713460713624954,0.0031695207580924034,0.003177049569785595,7.589651067974046e-05,0.002633786993101239,5.9740396821871404e-05,0.8041724562644958,0.1672845035791397,,,,,,,,,,,,,,
63,0.930836021900177,-0.08777975291013718,0.0030865466687828302,0.003029723186045885,6.694206967949867e-05,0.0026707982178777456,6.0274556465446956e-05,0.7946394085884094,0.16700240969657898,,,,,,,,,,,,,,
64,0.9309900403022766,-0.09065026789903641,0.003218134632334113,0.0032526713330298662,6.98002113495022e-05,0.002729968633502722,6.08205501921475e-05,0.7780528664588928,0.1664925068616867,,,,,,,,,,,,,,
65,0.9307574033737183,-0.0911761224269867,0.0031985132955014706,0.0031993219163268805,6.447330815717578e-05,0.002682379214093089,6.135702603496612e-05,0.7668560147285461,0.1662082076072693,,,,,,,,,,,,,,
66,0.9308640956878662,-0.09346570819616318,0.00324087031185627,0.003297953400760889,6.099580059526488e-05,0.002321039093658328,6.182123385369779e-05,0.7553080916404724,0.16581831872463226,,,,,,,,,,,,,,
67,0.9309418797492981,-0.09685633331537247,0.0032440107315778732,0.003243192797526717,6.318516534520313e-05,0.002714354544878006,6.236410476267339e-05,0.7424398064613342,0.165462926030159,,,,,,,,,,,,,,
68,0.9306638836860657,-0.09542778134346008,0.0033716533798724413,0.003275813302025199,5.8395737141836435e-05,0.0022097998298704624,6.280606472864749e-05,0.7303043603897095,0.1650962382555008,,,,,,,,,,,,,,
69,0.9307413101196289,-0.09662667661905289,0.003284299047663808,0.0032739650923758745,6.130556721473113e-05,0.0023712993133813143,6.328032459132375e-05,0.7179834842681885,0.16487008333206177,,,,,,,,,,,,,,
70,0.930604100227356,-0.09833750128746033,0.003217928810045123,0.003219074569642544,5.365327524486929e-05,0.002154013840481639,6.371112735942008e-05,0.699225902557373,0.16413536667823792,0.7865029573440552,0.7865029573440552,0.21349704265594482,6.949350357055664,0.0,0.7639822959899902,4.5567731857299805,-0.0,2.603208541870117,0.7835233807563782,0.0,0.7835233807563782,0.23722659051418304,0.3916078209877014
71,0.9307023286819458,-0.09891562163829803,0.0033184222411364317,0.0032814349979162216,5.480800973600708e-05,0.0024103750474750996,6.41932023689151e-05,0.6850167512893677,0.16377012431621552,,,,,,,,,,,,,,
72,0.9304535984992981,-0.09783666580915451,0.0033003673888742924,0.003233863739296794,5.3262716392055154e-05,0.0025330944918096066,6.469982126727702e-05,0.6755406856536865,0.1633840799331665,,,,,,,,,,,,,,
73,0.9305011630058289,-0.10022186487913132,0.0032006558030843735,0.0032826228998601437,5.0687223847489804e-05,0.0024351307656615973,6.518684742040934e-05,0.6620305180549622,0.16298983991146088,,,,,,,,,,,,,,
74,0.9304873943328857,-0.10328283160924911,0.003199226688593626,0.0032062430400401354,5.246584987617098e-05,0.0022253182251006365,6.563191106542946e-05,0.6457224488258362,0.16233111917972565,,,,,,,,,,,,,,
75,0.9303522109985352,-0.10304095596075058,0.0032559633255004883,0.0032437939662486315,4.616473233909346e-05,0.0021578974556177855,6.606349055655301e-05,0.6356617212295532,0.16210784018039703,,,,,,,,,,,,,,
76,0.9302079081535339,-0.10472871363162994,0.003258707234635949,0.003179981140419841,4.962304592481814e-05,0.0025346376933157444,6.657041809521616e-05,0.6270873546600342,0.16180263459682465,,,,,,,,,,,,,,
77,0.930289089679718,-0.10664363205432892,0.003291595494374633,0.0031553811859339476,5.214184784563258e-05,0.002513658720999956,6.707314983941614e-05,0.6168738603591919,0.16116349399089813,,,,,,,,,,,,,,
78,0.9302393198013306,-0.10894506424665451,0.003308695275336504,0.0032036106567829847,4.7809040552238e-05,0.0025648907758295536,6.758612799458206e-05,0.6094458103179932,0.16086743772029877,,,,,,,,,,,,,,
79,0.9302502870559692,-0.10812096297740936,0.0032971787732094526,0.0032232580706477165,4.5155124098528177e-05,0.002457530703395605,6.807763413526118e-05,0.6019865870475769,0.16048337519168854,,,,,,,,,,,,,,
80,0.9302019476890564,-0.10750959068536758,0.003321634838357568,0.0032160829287022352,4.041705687996e-05,0.002322839805856347,6.854220209643245e-05,0.5878604054450989,0.15993477404117584,0.7866840958595276,0.7866840958595276,0.2133159041404724,6.951814651489258,0.0,0.7657120823860168,4.541829586029053,-0.0,2.5761184692382812,0.7841085195541382,0.0,0.7841085195541382,0.2646068036556244,0.3321813941001892
81,0.9300711750984192,-0.10853791236877441,0.003399134846404195,0.003279409371316433,4.272608566679992e-05,0.002593309385702014,6.906086397357285e-05,0.5881171822547913,0.15984882414340973,,,,,,,,,,,,,,
82,0.9300746917724609,-0.10830175876617432,0.003358768066391349,0.003199945203959942,3.843741797027178e-05,0.0018419191474094987,6.942924780305476e-05,0.5811560750007629,0.15942473709583282,,,,,,,,,,,,,,
83,0.9300132989883423,-0.10905511677265167,0.003343998920172453,0.003254510695114732,3.8830607081763446e-05,0.00233812490478158,6.989687278401108e-05,0.5850352644920349,0.1592862606048584,,,,,,,,,,,,,,
84,0.9300108551979065,-0.11013627052307129,0.003422003937885165,0.003324669785797596,3.8085010601207614e-05,0.0022589568980038166,7.034866416361184e-05,0.5779730677604675,0.1588408499956131,,,,,,,,,,,,,,
85,0.9300301671028137,-0.11302158236503601,0.0032759355381131172,0.0033109779469668865,3.714332342497073e-05,0.002017493359744549,7.075216283556075e-05,0.5750706791877747,0.15866778790950775,,,,,,,,,,,,,,
86,0.9301261901855469,-0.11590183526277542,0.003330385312438011,0.0032941310200840235,4.1911865992005914e-05,0.0015837852843105793,7.106891989242287e-05,0.5635205507278442,0.15822012722492218,,,,,,,,,,,,,,
87,0.9300177693367004,-0.11599395424127579,0.0033689422998577356,0.003271490568295121,3.8774956919951364e-05,0.0015809332253411412,7.13851065374911e-05,0.5668741464614868,0.15797267854213715,,,,,,,,,,,,,,
88,0.9298784136772156,-0.1184501200914383,0.0034363619051873684,0.0033217656891793013,3.32742856699042e-05,0.001855210866779089,7.175614871084692e-05,0.5701243281364441,0.1577540934085846,,,,,,,,,,,,,,
89,0.930014967918396,-0.11956507712602615,0.0033456836827099323,0.003400792134925723,3.281793397036381e-05,0.001813119975849986,7.211877270601692e-05,0.5698440670967102,0.1575135588645935,,,,,,,,,,,,,,
90,0.9298166632652283,-0.11741477251052856,0.003249123692512512,0.0031115307938307524,4.07765073759947e-05,0.0016748948255553842,7.245375167112799e-05,0.5707687735557556,0.15729118883609772,0.7869577407836914,0.7869577407836914,0.2130422592163086,6.962929725646973,0.0,0.771526038646698,4.511703968048096,-0.0,2.537992000579834,0.784595787525177,0.0,0.784595787525177,0.26866891980171204,0.3236541152000427
91,0.9298989772796631,-0.1184847354888916,0.003374305786564946,0.003218489931896329,3.202218431397341e-05,0.0013851223047822714,7.273077613208444e-05,0.5744246244430542,0.1573295295238495,,,,,,,,,,,,,,
92,0.9298409223556519,-0.11740356683731079,0.0033014898654073477,0.0032188924960792065,2.995830072904937e-05,0.0017276783473789692,7.307631180156023e-05,0.572696328163147,0.15705253183841705,,,,,,,,,,,,,,
93,0.9297665357589722,-0.11894598603248596,0.003302590688690543,0.003204692155122757,3.2623749575577676e-05,0.0014351343270391226,7.336333866696805e-05,0.574859619140625,0.15656736493110657,,,,,,,,,,,,,,
94,0.9296114444732666,-0.12243997305631638,0.0033754075411707163,0.003237773198634386,2.9135764634702355e-05,0.0015690525760874152,7.367714918218553e-05,0.5831053853034973,0.15670114755630493,,,,,,,,,,,,,,
95,0.9296653270721436,-0.1228383406996727,0.0033649865072220564,0.0031855518463999033,3.010224645549897e-05,0.001398345921188593,7.395681836642325e-05,0.5818806886672974,0.15614503622055054,,,,,,,,,,,,,,
96,0.9297358989715576,-0.12595771253108978,0.0033353439066559076,0.0032962311524897814,2.7846537705045193e-05,0.0014601052971556783,7.424883942585439e-05,0.584123969078064,0.15609483420848846,,,,,,,,,,,,,,
97,0.9295947551727295,-0.12675818800926208,0.003380787093192339,0.003353965701535344,2.9545079087256454e-05,0.0011291387490928173,7.447466717567295e-05,0.5920513868331909,0.15567274391651154,,,,,,,,,,,,,,
98,0.929703414440155,-0.1274910569190979,0.0033841573167592287,0.0034135477617383003,3.0408933525905013e-05,0.0013988042483106256,7.475442802533507e-05,0.5900678634643555,0.15530158579349518,,,,,,,,,,,,,,
99,0.9294803142547607,-0.12768062949180603,0.0033106706105172634,0.003325178287923336,2.6916948627331294e-05,0.0013690723571926355,7.50282424967736e-05,0.5962458252906799,0.15503033995628357,,,,,,,,,,,,,,
100,0.929590106010437,-0.12958547472953796,0.003435747465118766,0.0033413527999073267,2.3636814148630947e-05,0.0013074248563498259,7.528972746804356e-05,0.5976107120513916,0.1548098772764206,0.7861471176147461,0.7861471176147461,0.2138528823852539,7.020508289337158,0.0,0.7857966423034668,4.45915412902832,-0.0,2.455256462097168,0.7849768996238708,0.0,0.7849768996238708,0.2613277733325958,0.34050750732421875
101,0.9294307827949524,-0.1304062306880951,0.0032924881670624018,0.0033426915761083364,2.5963758162106387e-05,0.001587746199220419,7.560727670788764e-05,0.5987099409103394,0.15423347055912018,,,,,,,,,,,,,,
102,0.9295271039009094,-0.12972021102905273,0.0034238467924296856,0.0033203146886080503,2.8084823497920297e-05,0.0016448538517579436,7.593624747823922e-05,0.6014544367790222,0.15378424525260925,,,,,,,,,,,,,,
103,0.9294016361236572,-0.1317840814590454,0.003394120605662465,0.0034345381427556276,2.2752106815460138e-05,0.0014514824142679572,7.622654396109282e-05,0.6025204658508301,0.1530808061361313,,,,,,,,,,,,,,
104,0.9294828176498413,-0.13227564096450806,0.0033842797856777906,0.003388797165825963,2.3963117200764827e-05,0.0012665141839534044,7.647984679788349e-05,0.5954368710517883,0.15281081199645996,,,,,,,,,,,,,,
105,0.9295482635498047,-0.13342784345149994,0.0034540509805083275,0.003440030151978135,2.4714261599001475e-05,0.0011041408870369196,7.670067497529088e-05,0.6057403087615967,0.15245001018047333,,,,,,,,,,,,,,
106,0.9293919801712036,-0.13728497922420502,0.0033945718314498663,0.003366355551406741,2.264750401081983e-05,0.0013534082099795341,7.697135661728679e-05,0.6027709245681763,0.15127435326576233,,,,,,,,,,,,,,
107,0.9293392300605774,-0.14060373604297638,0.003452157601714134,0.0033107157796621323,1.946176416822709e-05,0.0015304317930713296,7.727744297590105e-05,0.6020994186401367,0.15059658885002136,,,,,,,,,,,,,,
108,0.9292530417442322,-0.14094161987304688,0.0034722518175840378,0.0034462776966392994,2.0970659534214064e-05,0.0013722650473937392,7.755189598537979e-05,0.607689380645752,0.15018334984779358,,,,,,,,,,,,,,
109,0.9293392300605774,-0.14208672940731049,0.003487290581688285,0.0034486891236156225,2.0582720026141033e-05,0.0011411473387852311,7.778012545313684e-05,0.612407386302948,0.14956305921077728,,,,,,,,,,,,,,
110,0.9292024374008179,-0.1417277306318283,0.003496738150715828,0.003409522818401456,2.13516759686172e-05,0.0015218878397718072,7.80845030210912e-05,0.6114070415496826,0.1487371027469635,0.7837777733802795,0.7837777733802795,0.21622222661972046,7.216985702514648,0.0,0.8072265982627869,4.377974510192871,-0.0,2.261143207550049,0.7850976586341858,0.0,0.7850976586341858,0.25866544246673584,0.3477785289287567
111,0.9294008612632751,-0.14204080402851105,0.0034301173873245716,0.003413317957893014,1.8432665456202812e-05,0.0012791481567546725,7.834033265244214e-05,0.6148549914360046,0.14831194281578064,,,,,,,,,,,,,,
112,0.929304838180542,-0.14283263683319092,0.003501818748190999,0.0035259933210909367,1.9471382984193042e-05,0.0013416267465800047,7.860865800175815e-05,0.6216002702713013,0.14752116799354553,,,,,,,,,,,,,,
113,0.9291962385177612,-0.14457887411117554,0.003439739579334855,0.0033352691680192947,1.742661879688967e-05,0.001165916444733739,7.884184129070489e-05,0.6204836368560791,0.14725957810878754,,,,,,,,,,,,,,
114,0.9290829300880432,-0.14754103124141693,0.0035600040573626757,0.003396357409656048,2.160153781005647e-05,0.001155227073468268,7.907288670539855e-05,0.6274162530899048,0.14627480506896973,,,,,,,,,,,,,,
115,0.9291532039642334,-0.14811109006404877,0.003422736655920744,0.003296435344964266,1.865634840214625e-05,0.001459755701944232,7.93648378457874e-05,0.6295015215873718,0.1456552892923355,,,,,,,,,,,,,,
116,0.9292570352554321,-0.14887934923171997,0.0033912905491888523,0.0033550604712218046,1.7094089344027452e-05,0.0014752402203157544,7.965988588985055e-05,0.6331065893173218,0.14548757672309875,,,,,,,,,,,,,,
117,0.929168701171875,-0.14780403673648834,0.0034777645487338305,0.0033749921713024378,1.8377118976786733e-05,0.0010114136384800076,7.986216861754655e-05,0.6341002583503723,0.1447547823190689,,,,,,,,,,,,,,
118,0.9291571378707886,-0.14970099925994873,0.0033542211167514324,0.0032574960496276617,1.5299732694984414e-05,0.000857356411870569,8.003363989992066e-05,0.6390226483345032,0.1440487951040268,,,,,,,,,,,,,,
119,0.9291413426399231,-0.15009181201457977,0.003429688513278961,0.0032737867441028357,1.6639356545056216e-05,0.001115175080485642,8.025667491601779e-05,0.6554332375526428,0.1434432715177536,,,,,,,,,,,,,,
120,0.9290396571159363,-0.1514468938112259,0.003362280083820224,0.00331617402844131,1.629496728128288e-05,0.0010048968251794577,8.045765428105369e-05,0.6456882357597351,0.14252576231956482,0.7865778207778931,0.7865778207778931,0.21342217922210693,7.4825310707092285,0.0,0.8224581480026245,4.311400890350342,-0.0,2.116508960723877,0.785635769367218,0.0,0.785635769367218,0.24814116954803467,0.3671020269393921
121,0.9290937185287476,-0.15364325046539307,0.0034837883431464434,0.003290006425231695,1.4700175597681664e-05,0.0010610084282234311,8.066985596669837e-05,0.6588499546051025,0.14212864637374878,,,,,,,,,,,,,,
122,0.9290740489959717,-0.15580075979232788,0.0035314287524670362,0.003414474194869399,1.6617543224128895e-05,0.0012168028624728322,8.091321653919294e-05,0.6566188931465149,0.14196668565273285,,,,,,,,,,,,,,
123,0.9290465712547302,-0.1572331339120865,0.0035099766682833433,0.0034389484208077192,1.6715759556973353e-05,0.001113122678361833,8.11358410748653e-05,0.6693263053894043,0.1411406546831131,,,,,,,,,,,,,,
124,0.9291272759437561,-0.15939711034297943,0.003585857106372714,0.003469716291874647,1.3301099897944368e-05,0.0010586284333840013,8.13475667615421e-05,0.6713550090789795,0.14062625169754028,,,,,,,,,,,,,,
125,0.9291571378707886,-0.15897983312606812,0.003494354197755456,0.0035422572400420904,1.4883639778418e-05,0.0012177712051197886,8.159112100256605e-05,0.6750295758247375,0.1400206834077835,,,,,,,,,,,,,,
126,0.9290543794631958,-0.1583101451396942,0.0035287688951939344,0.0035209828056395054,1.2544849596451968e-05,0.0014280752511695027,8.187673605279995e-05,0.6833317875862122,0.13936926424503326,,,,,,,,,,,,,,
127,0.9290301203727722,-0.15738172829151154,0.0035358525346964598,0.003472003387287259,1.4205767001840286e-05,0.0012660044012591243,8.212993693305179e-05,0.6743690967559814,0.13889412581920624,,,,,,,,,,,,,,
128,0.9290408492088318,-0.16069220006465912,0.0035062262322753668,0.003539070952683687,1.3915748240833636e-05,0.0011192207457497716,8.235378108220174e-05,0.6898455023765564,0.1381647288799286,,,,,,,,,,,,,,
129,0.9289243817329407,-0.16246017813682556,0.0034714960493147373,0.003520140191540122,1.4138828191789798e-05,0.001035243389196694,8.256082976004108e-05,0.690476655960083,0.1377253234386444,,,,,,,,,,,,,,
130,0.9289401769638062,-0.16343599557876587,0.003540977369993925,0.003463857341557741,1.1936942428292241e-05,0.0007591272587887943,8.271265521179884e-05,0.694932222366333,0.13765329122543335,0.7880076766014099,0.7880076766014099,0.2119923233985901,7.718043327331543,0.0,0.8467710614204407,4.219951629638672,-0.0,1.9826709032058716,0.7860457301139832,0.0,0.7860457301139832,0.2331380397081375,0.39543163776397705
131,0.9289113283157349,-0.16683880984783173,0.0035247819032520056,0.0035277786664664745,1.0528593520575669e-05,0.0007866172818467021,8.286997866816819e-05,0.7088841199874878,0.1368633210659027,,,,,,,,,,,,,,
132,0.9287822842597961,-0.16647163033485413,0.0034682017285376787,0.0034879171289503574,1.0942013432213571e-05,0.0007509953575208783,8.302017773967236e-05,0.7137482762336731,0.13641327619552612,,,,,,,,,,,,,,
133,0.9288687109947205,-0.16643543541431427,0.0035417943727225065,0.003474955912679434,1.2338960004854016e-05,0.0008820742950774729,8.319659259868786e-05,0.7220979332923889,0.13626596331596375,,,,,,,,,,,,,,
134,0.9287585020065308,-0.166046142578125,0.003484037471935153,0.0034796115942299366,1.0229402505501639e-05,0.0009028886561281979,8.33771703299135e-05,0.7255668044090271,0.1357579380273819,,,,,,,,,,,,,,
135,0.9287967085838318,-0.16796410083770752,0.0035600389819592237,0.0035012669395655394,1.0841794392035808e-05,0.0007494547753594816,8.35270612849854e-05,0.7289593815803528,0.13511674106121063,,,,,,,,,,,,,,
136,0.9290767908096313,-0.16876594722270966,0.0035835946910083294,0.003536151722073555,1.0618178748700302e-05,0.0006912313983775675,8.366530756466092e-05,0.7345414757728577,0.13530252873897552,,,,,,,,,,,,,,
137,0.9288471341133118,-0.17299610376358032,0.0034433461260050535,0.003452652832493186,1.0442010534461588e-05,0.0005066592711955309,8.376663941890003e-05,0.7394728064537048,0.13443529605865479,,,,,,,,,,,,,,
138,0.9289564490318298,-0.17293062806129456,0.0035902841482311487,0.003492019372060895,1.0119714715983719e-05,0.0007612734334543347,8.39188941055909e-05,0.7379576563835144,0.1338750422000885,,,,,,,,,,,,,,
139,0.9288429021835327,-0.1757926046848297,0.003497304627671838,0.003498850157484412,9.439706445846241e-06,0.0008342962828464806,8.408575336216019e-05,0.7523825764656067,0.13364332914352417,,,,,,,,,,,,,,
140,0.9286805987358093,-0.17454475164413452,0.003518451238051057,0.003491701791062951,1.1197433195775375e-05,0.0007437120075337589,8.423449576366694e-05,0.7520021796226501,0.13336819410324097,0.7875604033470154,0.7875604033470154,0.21243959665298462,7.811870098114014,0.0,0.8548914194107056,4.187573432922363,-0.0,1.9138320684432983,0.7860461473464966,0.0,0.7860461473464966,0.2190665602684021,0.4257250428199768
141,0.9287994503974915,-0.17291884124279022,0.003547689178958535,0.0035234459210187197,9.842497092904523e-06,0.0006502389442175627,8.436454355251045e-05,0.7587562799453735,0.1331680417060852,,,,,,,,,,,,,,
142,0.9287534356117249,-0.17144128680229187,0.003592938417568803,0.0034655947238206863,1.0432168892293703e-05,0.0008482798002660275,8.453419951256366e-05,0.7637916803359985,0.13324427604675293,,,,,,,,,,,,,,
143,0.9288526773452759,-0.17267324030399323,0.0034569697454571724,0.0034228472504764795,1.073470866685966e-05,0.0007716311956755817,8.468852575169877e-05,0.7741894125938416,0.13261225819587708,,,,,,,,,,,,,,
144,0.928631067276001,-0.17764884233474731,0.003569515887647867,0.003517571371048689,8.747727406444028e-06,0.0008215531124733388,8.485283637419343e-05,0.7748042941093445,0.13271017372608185,,,,,,,,,,,,,,
145,0.9286770224571228,-0.17985078692436218,0.003443058580160141,0.0034876724239438772,8.258352863776963e-06,0.0007046308601275086,8.499376254621894e-05,0.7710187435150146,0.13222435116767883,,,,,,,,,,,,,,
146,0.9286304712295532,-0.18123693764209747,0.003512359457090497,0.003459787694737315,8.299641194753349e-06,0.0005313666770234704,8.510003588162364e-05,0.7722607851028442,0.13161765038967133,,,,,,,,,,,,,,
147,0.9287534952163696,-0.18258243799209595,0.0034445736091583967,0.0033306062687188387,8.276380867755506e-06,0.0006984244100749493,8.523972076363862e-05,0.7678161263465881,0.1313590556383133,,,,,,,,,,,,,,
148,0.9287003874778748,-0.18352682888507843,0.003577600233256817,0.0035283260513097048,7.498497325286735e-06,0.00046211262815631926,8.533214328926988e-05,0.7722805142402649,0.13052889704704285,,,,,,,,,,,,,,
149,0.9287126064300537,-0.1832887977361679,0.003701896406710148,0.003627842990681529,1.0069974450743757e-05,0.0006741010001860559,8.54669634893071e-05,0.7828803658485413,0.13056401908397675,,,,,,,,,,,,,,
150,0.9287405014038086,-0.18401288986206055,0.0036218867171555758,0.003501779865473509,7.331246706598904e-06,0.0005241208709776402,8.557178766350262e-05,0.7735146880149841,0.13027887046337128,0.786987841129303,0.786987841129303,0.21301215887069702,7.858119964599609,0.0,0.8607534170150757,4.159635543823242,-0.0,1.8460371494293213,0.7861205339431763,0.0,0.7861205339431763,0.2099798172712326,0.4412829577922821
151,0.9286671280860901,-0.18615764379501343,0.00355532462708652,0.0035128998570144176,7.827611625543796e-06,0.0005604183534160256,8.568387133418582e-05,0.7758285999298096,0.12963666021823883,,,,,,,,,,,,,,
152,0.928652286529541,-0.18575724959373474,0.0036936337128281593,0.003528513014316559,8.815503861114848e-06,0.0006610181299038231,8.581607496016658e-05,0.7848372459411621,0.12920817732810974,,,,,,,,,,,,,,
153,0.9285573959350586,-0.18946462869644165,0.0036679115146398544,0.003576987888664007,8.06096250016708e-06,0.0005815204349346459,8.59323790471535e-05,0.7841900587081909,0.1287006139755249,,,,,,,,,,,,,,
154,0.9285614490509033,-0.18960009515285492,0.003654315834864974,0.003547239350154996,6.5515255300852004e-06,0.00047832244308665395,8.602804353577084e-05,0.7923374176025391,0.12872178852558136,,,,,,,,,,,,,,
155,0.9286038279533386,-0.18986010551452637,0.0036832925397902727,0.0036247498355805874,6.9046259341121186e-06,0.0004442005301825702,8.611688364180735e-05,0.790203332901001,0.12807367742061615,,,,,,,,,,,,,,
156,0.928633451461792,-0.191668301820755,0.0035875365138053894,0.00354600022546947,8.029099262785167e-06,0.000433294044341892,8.620354245067573e-05,0.7908516526222229,0.1284358650445938,,,,,,,,,,,,,,
157,0.9286062121391296,-0.1900082677602768,0.0036545484326779842,0.0035851928405463696,7.642087439307943e-06,0.0006541429902426898,8.633437104872426e-05,0.8018522262573242,0.12762351334095,,,,,,,,,,,,,,
158,0.9286450147628784,-0.19271402060985565,0.003717653686180711,0.0036626795772463083,8.207482096622698e-06,0.00041352459811605513,8.641707596834747e-05,0.8026374578475952,0.127111554145813,,,,,,,,,,,,,,
159,0.9285120368003845,-0.1926690638065338,0.0035436730831861496,0.0034495647996664047,6.412806214939337e-06,0.000527087424416095,8.652249345323069e-05,0.824660062789917,0.12783615291118622,,,,,,,,,,,,,,
160,0.9285264015197754,-0.19370801746845245,0.003716745413839817,0.003635904984548688,6.491283784271218e-06,0.00040362324216403067,8.66032181016635e-05,0.8205370903015137,0.1277652531862259,0.7872906923294067,0.7872906923294067,0.21270930767059326,7.872377395629883,0.0,0.8672400712966919,4.139911651611328,-0.0,1.813169002532959,0.7861644625663757,0.0,0.7861644625663757,0.19531264901161194,0.4729989469051361
161,0.9285634160041809,-0.19656117260456085,0.0035679859574884176,0.0035114565398544073,7.864250619604718e-06,0.00047891345457173884,8.669900079257785e-05,0.8259884715080261,0.1277535855770111,,,,,,,,,,,,,,
162,0.9285423159599304,-0.19733019173145294,0.0035891395527869463,0.0035641880240291357,5.824630079587223e-06,0.0004484096425585449,8.678868272108957e-05,0.8295538425445557,0.12803728878498077,,,,,,,,,,,,,,
163,0.9285051226615906,-0.19703446328639984,0.003605579026043415,0.0035327684599906206,5.780153514933772e-06,0.0004679634585045278,8.688227541279047e-05,0.8465296030044556,0.1283680647611618,,,,,,,,,,,,,,
164,0.9285522103309631,-0.1983192414045334,0.0036945855244994164,0.00362928444519639,6.232321084098658e-06,0.0005963915609754622,8.700155372498557e-05,0.8478565216064453,0.1284748613834381,,,,,,,,,,,,,,
165,0.9286152720451355,-0.19898568093776703,0.003546637250110507,0.0035272648092359304,4.5479046093532816e-06,0.0006247914279811084,8.712651201058179e-05,0.853330135345459,0.12737077474594116,,,,,,,,,,,,,,
166,0.9285039901733398,-0.2013210505247116,0.0035845080856233835,0.0035549153108149767,5.972471626591869e-06,0.0005651814863085747,8.72395483078435e-05,0.8498427271842957,0.12731342017650604,,,,,,,,,,,,,,
167,0.9284974336624146,-0.1997075378894806,0.003641511080786586,0.0036192703992128372,6.439731805585325e-06,0.0005188626819290221,8.734332084422931e-05,0.851392388343811,0.12706711888313293,,,,,,,,,,,,,,
168,0.9284972548484802,-0.20012076199054718,0.0037043283227831125,0.0036560017615556717,6.243395091587445e-06,0.0004627267480827868,8.743586619384586e-05,0.854890763759613,0.12772086262702942,,,,,,,,,,,,,,
169,0.9284554123878479,-0.20189790427684784,0.00359853683039546,0.0035606487654149532,5.4694164646207355e-06,0.0006575556471943855,8.756737732328474e-05,0.8530287742614746,0.12726838886737823,,,,,,,,,,,,,,
170,0.9283815622329712,-0.20144124329090118,0.003509395755827427,0.003510992508381605,5.197136033530114e-06,0.0007776740822009742,8.772291213972494e-05,0.8513162136077881,0.12666890025138855,0.7874341607093811,0.7874341607093811,0.2125658392906189,7.8829264640808105,0.0,0.8695464134216309,4.136963844299316,-0.0,1.78890860080719,0.7860723733901978,0.0,0.7860723733901978,0.18946023285388947,0.4809108078479767
171,0.9285075068473816,-0.2076125293970108,0.0036269789561629295,0.0036230809055268764,6.048198883945588e-06,0.000558629457373172,8.783463803119958e-05,0.8470385670661926,0.12601029872894287,,,,,,,,,,,,,,
172,0.9284157752990723,-0.207535058259964,0.003613606793805957,0.0035999868996441364,5.7534894040145446e-06,0.0005247669178061187,8.79395914147608e-05,0.8406091332435608,0.12602227926254272,,,,,,,,,,,,,,
173,0.9284630417823792,-0.20854435861110687,0.0037121870554983616,0.003643097821623087,5.486933787324233e-06,0.0004746604827232659,8.803452351130546e-05,0.842254102230072,0.125687837600708,,,,,,,,,,,,,,
174,0.92838454246521,-0.20832368731498718,0.0036736351903527975,0.003635113826021552,5.952187621005578e-06,0.00045756870531477034,8.812603725236842e-05,0.8317495584487915,0.12483667582273483,,,,,,,,,,,,,,
175,0.9283832311630249,-0.20637889206409454,0.0035984416026622057,0.003606821410357952,5.012056590203429e-06,0.0006835135282017291,8.826273995800876e-05,0.8406370282173157,0.12589719891548157,,,,,,,,,,,,,,
176,0.9282588362693787,-0.20982970297336578,0.0036263265646994114,0.003598210634663701,4.830891612073174e-06,0.00044805562356486917,8.835235108272173e-05,0.8359358310699463,0.12459862232208252,,,,,,,,,,,,,,
177,0.928373396396637,-0.2100236713886261,0.0036035142838954926,0.0035956029314547777,4.377200184535468e-06,0.0005395677872002125,8.846026464016177e-05,0.8312060832977295,0.12440313398838043,,,,,,,,,,,,,,
178,0.9283527135848999,-0.2117425799369812,0.0037262376863509417,0.0036771949380636215,6.373742962750839e-06,0.0005523316212929785,8.857073096442037e-05,0.8378067016601562,0.12396825850009918,,,,,,,,,,,,,,
179,0.9283345937728882,-0.21319538354873657,0.0036171271931380033,0.003625079756602645,5.050061190559063e-06,0.0003579420445021242,8.86423193733208e-05,0.8329476118087769,0.12418827414512634,,,,,,,,,,,,,,
180,0.9283682703971863,-0.2158646285533905,0.003574144560843706,0.003557652235031128,4.801402610610239e-06,0.00044574562343768775,8.873146849800833e-05,0.823448896408081,0.12387092411518097,0.7867145538330078,0.7867145538330078,0.2132854461669922,7.915742874145508,0.0,0.8730059862136841,4.126516342163086,-0.0,1.7552790641784668,0.7860136032104492,0.0,0.7860136032104492,0.18891623616218567,0.4754939675331116
181,0.9283202290534973,-0.21501466631889343,0.0037044952623546124,0.0036684523802250624,4.306807568354998e-06,0.00037133161094971,8.880573482019827e-05,0.8381272554397583,0.12419924139976501,,,,,,,,,,,,,,
182,0.9283477663993835,-0.21389901638031006,0.0036775991320610046,0.0036411804612725973,3.9717360778013244e-06,0.0005050220061093569,8.890673922142015e-05,0.8467145562171936,0.12445124238729477,,,,,,,,,,,,,,
183,0.928399920463562,-0.21531184017658234,0.003735156264156103,0.003681846661493182,5.065425284556113e-06,0.00034598365891724825,8.89759359532036e-05,0.8393494486808777,0.12418051064014435,,,,,,,,,,,,,,
184,0.9283953309059143,-0.22038541734218597,0.0037714154459536076,0.003743937239050865,3.952994575229241e-06,0.0003753679047804326,8.905100953415969e-05,0.8373373746871948,0.12438979744911194,,,,,,,,,,,,,,
185,0.9284133315086365,-0.2207876592874527,0.0037066368386149406,0.003653482533991337,4.430525677889818e-06,0.00032219666172750294,8.911544886650519e-05,0.8494241237640381,0.124559186398983,,,,,,,,,,,,,,
186,0.9283767938613892,-0.21726594865322113,0.0038194325752556324,0.003756139660254121,4.711032033810625e-06,0.0004572833131533116,8.920690552913586e-05,0.8522120118141174,0.12472783029079437,,,,,,,,,,,,,,
187,0.9284083247184753,-0.2198123186826706,0.0038125209975987673,0.0038129177410155535,3.965845280617941e-06,0.0006038926658220589,8.932768406230027e-05,0.8497860431671143,0.12551207840442657,,,,,,,,,,,,,,
188,0.92828768491745,-0.22047074139118195,0.003681396832689643,0.00360817089676857,4.885597718384815e-06,0.00031308954930864275,8.939030197216201e-05,0.8703559041023254,0.12614385783672333,,,,,,,,,,,,,,
189,0.9282869100570679,-0.21832866966724396,0.0037372822407633066,0.0037566644605249166,3.7381030324468156e-06,0.0004861220659222454,8.948752638534646e-05,0.8599778413772583,0.1256474256515503,,,,,,,,,,,,,,
190,0.9283811450004578,-0.2231214940547943,0.003643860574811697,0.003604976227506995,4.977510343451286e-06,0.00033873459324240685,8.955527330399495e-05,0.8630409240722656,0.12513522803783417,0.7861225008964539,0.7861225008964539,0.21387749910354614,7.914976119995117,0.0,0.8733903169631958,4.123908042907715,-0.0,1.7685275077819824,0.7860304713249207,0.0,0.7860304713249207,0.1812058985233307,0.49435561895370483
191,0.9283591508865356,-0.22557157278060913,0.0036864192225039005,0.003629970597103238,4.1869698179652914e-06,0.00041084233089350164,8.963744177017365e-05,0.8598424792289734,0.12522844970226288,,,,,,,,,,,,,,
192,0.9283033013343811,-0.2275427281856537,0.003733956953510642,0.0036244341172277927,3.824970008281525e-06,0.00036824954440817237,8.971109167905528e-05,0.8592460751533508,0.12425734847784042,,,,,,,,,,,,,,
193,0.9283002614974976,-0.2275928407907486,0.003599627874791622,0.0035651694051921368,2.5456693037995137e-06,0.00034676044015213847,8.978044376708571e-05,0.8534960150718689,0.12464595586061478,,,,,,,,,,,,,,
194,0.9281589388847351,-0.22674241662025452,0.0037043069023638964,0.0036422512494027615,3.798990064751706e-06,0.00035849548294208944,8.985214286367413e-05,0.8444266319274902,0.1243114322423935,,,,,,,,,,,,,,
195,0.9283026456832886,-0.22797928750514984,0.0036077890545129776,0.0035621635615825653,4.308801635488635e-06,0.00037170949508436024,8.9926484762691e-05,0.8455543518066406,0.1238989308476448,,,,,,,,,,,,,,
196,0.9282266497612,-0.22618341445922852,0.003637811169028282,0.0035665312316268682,3.980244855483761e-06,0.0004662634455598891,9.001973745180297e-05,0.8649700880050659,0.12398098409175873,,,,,,,,,,,,,,
197,0.9283714294433594,-0.2287915050983429,0.00362422619946301,0.003582974663004279,3.474111736068153e-06,0.0003450724179856479,9.00887519354001e-05,0.8555914163589478,0.12347126007080078,,,,,,,,,,,,,,
198,0.928162157535553,-0.23169708251953125,0.003719530999660492,0.003678689943626523,3.3446046927565476e-06,0.000531200144905597,9.019499196438123e-05,0.8374457359313965,0.12399332970380783,,,,,,,,,,,,,,
199,0.9283047914505005,-0.2319086492061615,0.0037360514979809523,0.0036905650049448013,5.135402716405224e-06,0.00024284100800286978,9.024356016598179e-05,0.8339551091194153,0.12321581691503525,,,,,,,,,,,,,,
200,0.9282861351966858,-0.23502345383167267,0.0037938414607197046,0.00378554523922503,4.281922883819789e-06,0.0002503328723832965,9.029362674045845e-05,0.8314772844314575,0.12170200794935226,0.784760057926178,0.784760057926178,0.21523994207382202,8.03547191619873,0.0,0.8837689757347107,4.0939435958862305,-0.0,1.7036826610565186,0.7857418656349182,0.0,0.7857418656349182,0.18560369312763214,0.47264909744262695
201,0.9282535910606384,-0.23458099365234375,0.0038315781857818365,0.0038190013729035854,3.0244752906583017e-06,0.0002863073314074427,9.035088820673994e-05,0.826923131942749,0.12175244092941284,,,,,,,,,,,,,,
202,0.928351104259491,-0.23390784859657288,0.003877826500684023,0.003881025593727827,2.2767858354200143e-06,0.000332680472638458,9.041742430126764e-05,0.8321178555488586,0.12192539125680923,,,,,,,,,,,,,,
203,0.9282534122467041,-0.23245181143283844,0.003780268831178546,0.00378653802908957,2.763806605798891e-06,0.0003291927860118449,9.048326285847001e-05,0.825586199760437,0.12242268770933151,,,,,,,,,,,,,,
204,0.9281960129737854,-0.23488159477710724,0.003719150088727474,0.0037217256613075733,3.478544613244594e-06,0.0003188683476764709,9.054703652800531e-05,0.8495358824729919,0.12219256162643433,,,,,,,,,,,,,,
205,0.9282219409942627,-0.23862433433532715,0.003687781048938632,0.0036651769187301397,2.2693657228956e-06,0.00021627164096571505,9.059029085619846e-05,0.8380059599876404,0.12244856357574463,,,,,,,,,,,,,,
206,0.9282297492027283,-0.24254511296749115,0.003743998007848859,0.0037098026368767023,3.4058264191116905e-06,0.0002436648210277781,9.063902382040402e-05,0.8558402061462402,0.12241721153259277,,,,,,,,,,,,,,
207,0.928276538848877,-0.24063903093338013,0.003825112944468856,0.0037407332565635443,4.308778898121091e-06,0.00028103095246478915,9.069523001089698e-05,0.8502962589263916,0.12223393470048904,,,,,,,,,,,,,,
208,0.9282289743423462,-0.23800824582576752,0.0038201843854039907,0.003759226994588971,3.1555898658552906e-06,8.895159407984465e-05,9.071302032971295e-05,0.8494507670402527,0.12215622514486313,,,,,,,,,,,,,,
209,0.928196370601654,-0.23902873694896698,0.0036380246747285128,0.0036832490004599094,3.5489558740664506e-06,0.00022143407841213048,9.075730714539538e-05,0.860061526298523,0.12313848733901978,,,,,,,,,,,,,,
210,0.9280725121498108,-0.2413942664861679,0.0036447641905397177,0.0035804181825369596,2.674005145308911e-06,8.467086445307359e-05,9.077424131828599e-05,0.8492114543914795,0.12219171971082687,0.7857712507247925,0.7857712507247925,0.21422874927520752,8.055034637451172,0.0,0.8857390284538269,4.086312294006348,-0.0,1.7021102905273438,0.7859983444213867,0.0,0.7859983444213867,0.17967760562896729,0.4907197952270508
211,0.9281003475189209,-0.2449248731136322,0.003731371834874153,0.0037150015123188496,3.26742133438529e-06,0.0001458138576708734,9.080340408982016e-05,0.8615767359733582,0.1224990040063858,,,,,,,,,,,,,,
212,0.928134024143219,-0.24684862792491913,0.0038158546667546034,0.003794221905991435,1.8348383719057892e-06,0.00012165351654402912,9.082773479312897e-05,0.8723180294036865,0.12301327288150787,,,,,,,,,,,,,,
213,0.9281604886054993,-0.24556460976600647,0.003735767910256982,0.0037467447109520435,2.3855254767113365e-06,0.00016373662219848484,9.086048211756867e-05,0.871814489364624,0.1233653873205185,,,,,,,,,,,,,,
214,0.928218424320221,-0.2436118870973587,0.003751330077648163,0.0037309920880943537,2.665841066118446e-06,0.00023225169570650905,9.090693245670996e-05,0.8605941534042358,0.12321386486291885,,,,,,,,,,,,,,
215,0.9281444549560547,-0.24110150337219238,0.003795921802520752,0.0038483075331896544,3.117834012300591e-06,0.00015907073975540698,9.093874660466105e-05,0.8715611100196838,0.12342574447393417,,,,,,,,,,,,,,
216,0.9281440377235413,-0.2433188110589981,0.0036434184294193983,0.003718032268807292,1.8212840586784296e-06,0.00017593690427020192,9.097393398551509e-05,0.8586537837982178,0.1219978928565979,,,,,,,,,,,,,,
217,0.9281290173530579,-0.24628478288650513,0.0036396384239196777,0.003680383088067174,4.698273187386803e-06,0.00018156174337491393,9.101024633419008e-05,0.8469123840332031,0.12219088524580002,,,,,,,,,,,,,,
218,0.9281909465789795,-0.25016361474990845,0.003759186714887619,0.0037339937407523394,3.974775154347299e-06,0.00023795889865141362,9.105783811392037e-05,0.8412705659866333,0.12138097733259201,,,,,,,,,,,,,,
219,0.9282103180885315,-0.2541625499725342,0.003782665589824319,0.0037353828083723783,4.824130883207545e-06,0.00021248676057439297,9.110033546603525e-05,0.8568274974822998,0.12112999707460403,,,,,,,,,,,,,,
220,0.9281030297279358,-0.25322049856185913,0.003789404174312949,0.003735796781256795,1.7491611288278364e-06,6.777362432330847e-05,9.111389019089991e-05,0.8318943381309509,0.12210438400506973,0.7850774526596069,0.7850774526596069,0.21492254734039307,8.117615699768066,0.0,0.8908321857452393,4.072822570800781,-0.0,1.670878291130066,0.7857797741889954,0.0,0.7857797741889954,0.18001364171504974,0.48237061500549316
221,0.9281029105186462,-0.2538864016532898,0.0038514328189194202,0.00382422748953104,2.2079625523474533e-06,0.00014404376270249486,9.114269894344041e-05,0.8498789072036743,0.12146888673305511,,,,,,,,,,,,,,
222,0.9282164573669434,-0.25290533900260925,0.0036464340519160032,0.0036630870308727026,3.080640681218938e-06,0.00023776237503625453,9.119025141844767e-05,0.8503790497779846,0.12188011407852173,,,,,,,,,,,,,,
223,0.92801833152771,-0.2537844777107239,0.0037883783224970102,0.0037478667218238115,1.814193979043921e-06,8.582376904087141e-05,9.120741617225583e-05,0.8453116416931152,0.12180311232805252,,,,,,,,,,,,,,
224,0.9280189871788025,-0.25220632553100586,0.00384905026294291,0.0038113242480903864,2.37199196817528e-06,9.451637743040919e-05,9.122631944774191e-05,0.8509145379066467,0.12145224213600159,,,,,,,,,,,,,,
225,0.928154468536377,-0.25546491146087646,0.003709125565364957,0.0036651839036494493,2.6381715088064084e-06,0.00016867420345079154,9.126005428843207e-05,0.8466209173202515,0.12180906534194946,,,,,,,,,,,,,,
226,0.9281424283981323,-0.2585581839084625,0.0036415441427379847,0.0036712652072310448,2.083625986415427e-06,0.00024350685998797417,9.130875566042967e-05,0.8438708782196045,0.12205000221729279,,,,,,,,,,,,,,
227,0.9281028509140015,-0.26063665747642517,0.0037849543150514364,0.0037420501466840506,2.264760723846848e-06,0.00015094153059180826,9.133894396654803e-05,0.8427271842956543,0.12171269953250885,,,,,,,,,,,,,,
228,0.9281529784202576,-0.2590726315975189,0.003745647147297859,0.003697694279253483,1.8366566791883088e-06,0.00019432145927567035,9.137780825840316e-05,0.8611159920692444,0.12123723328113556,,,,,,,,,,,,,,
229,0.9281027913093567,-0.2588917315006256,0.003837690921500325,0.0038189985789358616,2.3515215161751257e-06,0.0001801542821340263,9.141383911482996e-05,0.8479617238044739,0.1219000294804573,,,,,,,,,,,,,,
230,0.9280654788017273,-0.2564944326877594,0.0038411326240748167,0.0038311409298330545,1.3088446166875656e-06,0.0002723646175581962,9.14683120383416e-05,0.8534255623817444,0.12116409093141556,0.7843441963195801,0.7843441963195801,0.21565580368041992,8.086538314819336,0.0,0.8880453109741211,4.073751926422119,-0.0,1.6939549446105957,0.7857955098152161,0.0,0.7857955098152161,0.17615339159965515,0.4911467432975769
231,0.9281337857246399,-0.2620299458503723,0.003818093566223979,0.0037402326706796885,1.94538438336167e-06,0.00021392785129137337,9.151109760859987e-05,0.8666768670082092,0.121198371052742,,,,,,,,,,,,,,
232,0.9280790686607361,-0.2664470970630646,0.003804414765909314,0.003859643591567874,2.2105393782112515e-06,0.0002883346169255674,9.156876453198499e-05,0.8695020079612732,0.12131331861019135,,,,,,,,,,,,,,
233,0.9280953407287598,-0.2642444670200348,0.003799706930294633,0.0037603555247187614,2.1134692360647023e-06,0.00013457209570333362,9.159567895112566e-05,0.8589704036712646,0.12133762985467911,,,,,,,,,,,,,,
234,0.9281069040298462,-0.2667374014854431,0.0037488872185349464,0.0036929300986230373,2.1881833163206466e-06,0.00019007011724170297,9.1633692974574e-05,0.8674634099006653,0.12134534865617752,,,,,,,,,,,,,,
235,0.9281193614006042,-0.267694890499115,0.003807738656178117,0.003732657292857766,1.4823733636148972e-06,0.00020311056869104505,9.16743150883122e-05,0.8685804009437561,0.12018769234418869,,,,,,,,,,,,,,
236,0.9279901385307312,-0.26639264822006226,0.0036828750744462013,0.0036517675034701824,2.634696329550934e-06,0.00011823685781564564,9.169796245987533e-05,0.8622322082519531,0.12062729150056839,,,,,,,,,,,,,,
237,0.9280115365982056,-0.2661476135253906,0.00362768885679543,0.0037047341465950012,1.3459061847242992e-06,0.00038481532828882337,9.17749255255331e-05,0.8545472025871277,0.12014827877283096,,,,,,,,,,,,,,
238,0.9282353520393372,-0.26780959963798523,0.003654216881841421,0.0036988824140280485,2.4180678792617982e-06,0.00022854820417705923,9.182063516636851e-05,0.858639657497406,0.1197885200381279,,,,,,,,,,,,,,
239,0.9281153082847595,-0.26858124136924744,0.003866966348141432,0.0038212270010262728,2.4263088107545627e-06,0.00017091172048822045,9.185481751046616e-05,0.8656331896781921,0.12026113271713257,,,,,,,,,,,,,,
240,0.9280250668525696,-0.27013257145881653,0.003740027081221342,0.003705473616719246,1.8285622900293674e-06,0.00017570095951668918,9.18899577023695e-05,0.8579264879226685,0.1197609230875969,0.7844653129577637,0.7844653129577637,0.21553468704223633,8.124321937561035,0.0,0.8927060961723328,4.0642571449279785,-0.0,1.6598610877990723,0.7856954336166382,0.0,0.7856954336166382,0.17429107427597046,0.4920344948768616
241,0.9280197024345398,-0.27188605070114136,0.003833233145996928,0.003845854429528117,2.3439624783350155e-06,9.89955005934462e-05,9.19097568024882e-05,0.8652775883674622,0.1202777549624443,,,,,,,,,,,,,,
242,0.9281038045883179,-0.271511971950531,0.0038278894498944283,0.0037426163908094168,1.6727748288758448e-06,0.00027361814863979816,9.196448043221615e-05,0.8798304200172424,0.11948754638433456,,,,,,,,,,,,,,
243,0.9280756711959839,-0.270855188369751,0.00394966546446085,0.003889302723109722,2.7472490273794392e-06,0.00018442886357661337,9.200136620493147e-05,0.8738883137702942,0.11950857937335968,,,,,,,,,,,,,,
244,0.9279564023017883,-0.2753855586051941,0.003855915507301688,0.003912259824573994,1.2469301964301849e-06,0.00015404880105052143,9.203217596514158e-05,0.8823958039283752,0.12001001089811325,,,,,,,,,,,,,,
245,0.9280287623405457,-0.2740224301815033,0.0039509995840489864,0.003912752028554678,1.2390734127620817e-06,0.00019229350436944515,9.207063466601547e-05,0.8710139989852905,0.12056158483028412,,,,,,,,,,,,,,
246,0.9281191825866699,-0.2756876051425934,0.003854048205539584,0.0038020426873117685,1.2676561027546995e-06,0.00014821795048192143,9.210027825611185e-05,0.8666456341743469,0.12006785720586777,,,,,,,,,,,,,,
247,0.9280406832695007,-0.2780425548553467,0.0037417637649923563,0.0037391723599284887,1.904686769194086e-06,0.0002439581585349515,9.214906988781884e-05,0.8766626715660095,0.12013030052185059,,,,,,,,,,,,,,
248,0.9280198812484741,-0.274819940328598,0.0038185729645192623,0.003764072200283408,1.925350943565718e-06,0.0001229200279340148,9.217365389340565e-05,0.8795188069343567,0.11953649669885635,,,,,,,,,,,,,,
249,0.9280202388763428,-0.27690377831459045,0.0037756136152893305,0.0037073069252073765,1.948252474903711e-06,0.0001410681870765984,9.220186753082096e-05,0.8701391816139221,0.12006217986345291,,,,,,,,,,,,,,
250,0.9280156493186951,-0.2763623595237732,0.0037818567361682653,0.0037510558031499386,2.254665105283493e-06,0.00023857557971496135,9.224958264676396e-05,0.8715646862983704,0.12049682438373566,0.7848607301712036,0.7848607301712036,0.2151392698287964,8.088953971862793,0.0,0.8925619125366211,4.065029621124268,-0.0,1.665757656097412,0.7857109308242798,0.0,0.7857109308242798,0.17196956276893616,0.49620291590690613
251,0.9280481338500977,-0.278432697057724,0.003828406101092696,0.0037735523656010628,2.6655386591301067e-06,0.00011262884072493762,9.227210841490894e-05,0.8885102868080139,0.12010624259710312,,,,,,,,,,,,,,
252,0.9279876351356506,-0.2822839319705963,0.0037908682134002447,0.0037279550451785326,1.128764210989175e-06,6.610240961890668e-05,9.228532889683272e-05,0.8693447709083557,0.11975546926259995,,,,,,,,,,,,,,
253,0.9279782176017761,-0.2831869125366211,0.003746236441656947,0.00371211557649076,1.2573412959682173e-06,0.00012601999333128333,9.231053289549897e-05,0.880642294883728,0.119777150452137,,,,,,,,,,,,,,
254,0.9280344843864441,-0.2844781279563904,0.003926551900804043,0.003917866386473179,1.5472159020646359e-06,0.00014104967704042792,9.233874283090705e-05,0.8633659482002258,0.12028821557760239,,,,,,,,,,,,,,
255,0.9280160665512085,-0.28382429480552673,0.003764617256820202,0.003718677209690213,1.916595692819101e-06,0.00018837842799257487,9.237641851650556e-05,0.864963948726654,0.11959978938102722,,,,,,,,,,,,,,
256,0.9280977845191956,-0.28128209710121155,0.0037968663964420557,0.003736866172403097,1.3534150866689743e-06,0.00016883471107576042,9.241018545872072e-05,0.8667019009590149,0.11951644718647003,,,,,,,,,,,,,,
257,0.9279958009719849,-0.2832126319408417,0.0038185392040759325,0.0038007439579814672,1.6509334272996057e-06,6.326770380837843e-05,9.24228389994824e-05,0.8751316070556641,0.12003112584352493,,,,,,,,,,,,,,
258,0.9279635548591614,-0.28479063510894775,0.003841334953904152,0.003801165148615837,1.3438436781143537e-06,4.218739195493981e-05,9.243127647787339e-05,0.8759991526603699,0.12089915573596954,,,,,,,,,,,,,,
259,0.9279926419258118,-0.28706806898117065,0.003824530867859721,0.0037797114346176386,8.876870083440735e-07,0.00018535357958171517,9.246834719378973e-05,0.865683913230896,0.12006740272045135,,,,,,,,,,,,,,
260,0.9281067252159119,-0.28947123885154724,0.003912234213203192,0.0038954473566263914,1.4126979976936127e-06,7.864402141422033e-05,9.248407599807257e-05,0.8680211901664734,0.12001644819974899,0.7843838334083557,0.7843838334083557,0.2156161665916443,8.076044082641602,0.0,0.8922736644744873,4.064730167388916,-0.0,1.6767899990081787,0.7857919931411743,0.0,0.7857919931411743,0.17201361060142517,0.49046751856803894
261,0.9279754161834717,-0.28740042448043823,0.003963785246014595,0.003926459699869156,1.170524456028943e-06,1.9239219909650274e-05,9.24879238420545e-05,0.8518697619438171,0.1191287487745285,,,,,,,,,,,,,,
262,0.9278945922851562,-0.2896644175052643,0.0037987034302204847,0.003886257065460086,1.2846553545386996e-06,9.765396680450067e-05,9.25074546354154e-05,0.8575941920280457,0.11860719323158264,,,,,,,,,,,,,,
263,0.9280443787574768,-0.2912474274635315,0.0037622060626745224,0.003763367887586355,8.628550745015673e-07,4.7153327614068985e-05,9.251688530093821e-05,0.8451980948448181,0.11861557513475418,,,,,,,,,,,,,,
264,0.9280639886856079,-0.29347851872444153,0.0038137531373649836,0.0038350580725818872,1.1877995120812557e-06,0.00020908047736156732,9.255870139641052e-05,0.849939227104187,0.11874484270811081,,,,,,,,,,,,,,
265,0.9279921054840088,-0.2941770553588867,0.0038695363327860832,0.0038485878612846136,1.7679244592727628e-06,5.200450323172845e-05,9.256910229705687e-05,0.8458657264709473,0.1188478097319603,,,,,,,,,,,,,,
266,0.9280287027359009,-0.29412949085235596,0.0039683314971625805,0.003884217469021678,1.6473255755045102e-06,5.1162365707568824e-05,9.257933477019837e-05,0.8432323932647705,0.11870528757572174,,,,,,,,,,,,,,
267,0.9280996918678284,-0.29385143518447876,0.0038865143433213234,0.003926016390323639,1.3374849459069083e-06,9.332172339782119e-05,9.259799911487794e-05,0.841062068939209,0.11801645904779434,,,,,,,,,,,,,,
268,0.9279504418373108,-0.2932303845882416,0.0038166383747011423,0.0038299569860100746,1.2031462119921343e-06,0.00014643263421021402,9.262728564171999e-05,0.8494492769241333,0.11861356347799301,,,,,,,,,,,,,,
269,0.9279153347015381,-0.29538851976394653,0.0038055398035794497,0.003794673830270767,5.086835130896361e-07,0.00012227840488776565,9.265174132269754e-05,0.8471193313598633,0.11855325102806091,,,,,,,,,,,,,,
270,0.9279374480247498,-0.2963225543498993,0.0038669670466333628,0.0038569446187466383,8.842579859447142e-07,0.00016376479470636696,9.268449428163882e-05,0.855626106262207,0.11869610100984573,0.7850307822227478,0.7850307822227478,0.2149692177772522,8.07133674621582,0.0,0.8941475749015808,4.063501358032227,-0.0,1.666131615638733,0.7858265042304993,0.0,0.7858265042304993,0.17182248830795288,0.48768770694732666
271,0.9279944896697998,-0.3007870316505432,0.0037224015686661005,0.0037665930576622486,9.821488902161946e-07,1.973589496628847e-05,9.268844146063208e-05,0.849385678768158,0.11854465305805206,,,,,,,,,,,,,,
272,0.9279190301895142,-0.30262917280197144,0.0038595045916736126,0.0038416385650634766,3.2408636343461694e-06,0.00010669387120287865,9.270978023487265e-05,0.8602610230445862,0.11916150897741318,,,,,,,,,,,,,,
273,0.9278467893600464,-0.29943686723709106,0.0038613947108387947,0.0038820086047053337,1.076183025361388e-06,0.00012966860958840698,9.273571395679033e-05,0.8684167265892029,0.11887320131063461,,,,,,,,,,,,,,
274,0.9279967546463013,-0.29986393451690674,0.003795251017436385,0.0038543706759810448,6.590037173737073e-07,2.370412585150916e-05,9.274045478196064e-05,0.8657187223434448,0.11992553621530533,,,,,,,,,,,,,,
275,0.9279952645301819,-0.29863858222961426,0.003907855600118637,0.003867121646180749,1.4608319816034054e-06,5.9455036534927785e-05,9.275234578926762e-05,0.8631151914596558,0.11944040656089783,,,,,,,,,,,,,,
276,0.9279752969741821,-0.30144181847572327,0.003728847950696945,0.0037220383528620005,8.682335987941769e-07,0.00011179526336491108,9.27747048419406e-05,0.8657245635986328,0.11942797899246216,,,,,,,,,,,,,,
277,0.9278482794761658,-0.3028936982154846,0.0037653972394764423,0.00379364425316453,2.1158618892513914e-06,0.00012788143067155033,9.28002811280749e-05,0.8662387728691101,0.11966077238321304,,,,,,,,,,,,,,
278,0.9278730154037476,-0.30387184023857117,0.0038395666051656008,0.003821199294179678,7.227600349324348e-07,4.6109726099530235e-05,9.280950307329481e-05,0.8574906587600708,0.12011628597974777,,,,,,,,,,,,,,
279,0.927998960018158,-0.30413052439689636,0.003800344653427601,0.003778435755521059,1.2076779967173934e-06,1.7200838442477107e-07,9.28095374749717e-05,0.8746919631958008,0.11975862085819244,,,,,,,,,,,,,,
280,0.9279630184173584,-0.3024699091911316,0.0036824210546910763,0.0037031788378953934,5.707594823434192e-07,8.260868526122067e-06,9.281118964867692e-05,0.8608012199401855,0.11960290372371674,0.7851818203926086,0.7851818203926086,0.21481817960739136,8.067744255065918,0.0,0.8938112854957581,4.063304901123047,-0.0,1.6712901592254639,0.7860170006752014,0.0,0.7860170006752014,0.169227734208107,0.4934306740760803
281,0.9278758764266968,-0.30550616979599,0.003774769138544798,0.003794628893956542,9.63089973993192e-07,1.5321340470109135e-05,9.281425391677095e-05,0.8640660047531128,0.11908154934644699,,,,,,,,,,,,,,
282,0.9279245734214783,-0.30731597542762756,0.0038683521561324596,0.0038279443979263306,7.40992959435971e-07,9.250712173525244e-05,9.2832755341118e-05,0.8734447956085205,0.11949677020311356,,,,,,,,,,,,,,
283,0.9278926253318787,-0.3104376494884491,0.0038135915528982878,0.003816518932580948,7.229340894809866e-07,7.762240420561284e-05,9.284827982195913e-05,0.8689941763877869,0.11866847425699234,,,,,,,,,,,,,,
284,0.9280791878700256,-0.309475839138031,0.004010364878922701,0.003920774906873703,9.510044378657767e-07,4.863657068199245e-07,9.28483770951005e-05,0.8632079362869263,0.11835359781980515,,,,,,,,,,,,,,
285,0.9278601408004761,-0.3106177747249603,0.0039975899271667,0.003964994568377733,7.63764717248705e-07,3.338983515277505e-05,9.285505506213105e-05,0.8475778698921204,0.1178041324019432,,,,,,,,,,,,,,
286,0.9279708862304688,-0.30802997946739197,0.003975695464760065,0.003937994595617056,9.86382815426623e-07,1.2652985788008664e-05,9.285758565928865e-05,0.8495902419090271,0.1181378960609436,,,,,,,,,,,,,,
287,0.927939772605896,-0.3071155548095703,0.003911430481821299,0.0038139105308800936,2.5008903321577236e-06,7.704597373958677e-05,9.287299485403657e-05,0.8618081212043762,0.11784335970878601,,,,,,,,,,,,,,
288,0.9279483556747437,-0.3124828040599823,0.0038442874792963266,0.0038036045152693987,9.578002391208429e-07,3.724525231518783e-05,9.28804439044996e-05,0.8563624024391174,0.1182323470711708,,,,,,,,,,,,,,
289,0.9280765652656555,-0.31814029812812805,0.0038605201989412308,0.0037915196735411882,5.17892146945087e-07,8.179871656466275e-06,9.28820798788309e-05,0.8638777732849121,0.11841598153114319,,,,,,,,,,,,,,
290,0.9279807209968567,-0.3195651173591614,0.003924742341041565,0.0039271763525903225,9.84281314231339e-07,1.6352358215954155e-05,9.288535035047408e-05,0.8485615253448486,0.11814059317111969,0.7858506441116333,0.7858506441116333,0.2141493558883667,8.095458030700684,0.0,0.8983759880065918,4.055206298828125,-0.0,1.6481776237487793,0.7860269546508789,0.0,0.7860269546508789,0.16988646984100342,0.4880940020084381
291,0.9279014468193054,-0.31367260217666626,0.0038512691389769316,0.003917120862752199,3.7466301705535443e-07,7.241323328344151e-05,9.289983299713078e-05,0.8617459535598755,0.1190703809261322,,,,,,,,,,,,,,
292,0.9280164837837219,-0.3121449947357178,0.003817819757387042,0.003831984708085656,3.842265812181722e-07,5.7416007621213794e-05,9.291131619865502e-05,0.8605963587760925,0.11825612187385559,,,,,,,,,,,,,,
293,0.927932858467102,-0.314883828163147,0.003811625065281987,0.0038148444145917892,6.603655151593557e-07,3.40049373335205e-05,9.291811718612172e-05,0.8673481345176697,0.11843934655189514,,,,,,,,,,,,,,
294,0.9279842376708984,-0.32254865765571594,0.0038181606214493513,0.0038315525744110346,6.020068212819751e-07,8.05375530035235e-05,9.293422469672243e-05,0.8675770163536072,0.11866879463195801,,,,,,,,,,,,,,
295,0.9280591607093811,-0.32088908553123474,0.0039359829388558865,0.003925552126020193,6.33998240573419e-07,0.00011469041783129796,9.295716278028869e-05,0.8615843653678894,0.11892683804035187,,,,,,,,,,,,,,
296,0.9279565811157227,-0.3190445303916931,0.003978821914643049,0.003914578817784786,3.4398863135720603e-07,5.986815085634589e-05,9.296913641045996e-05,0.8552592992782593,0.11879964172840118,,,,,,,,,,,,,,
297,0.9278350472450256,-0.31602486968040466,0.003873370820656419,0.0038401582278311253,4.427740236678801e-07,7.92415885371156e-05,9.298498472816739e-05,0.861235499382019,0.1188896968960762,,,,,,,,,,,,,,
298,0.9278737306594849,-0.3171640932559967,0.003895706497132778,0.0039015726651996374,4.4774731122743106e-07,8.0207442806568e-05,9.300102621672871e-05,0.8580160737037659,0.11896011233329773,,,,,,,,,,,,,,
299,0.9278921484947205,-0.3217676877975464,0.003949839621782303,0.00392315024510026,7.654762725906039e-07,0.0001100460285670124,9.302303542244211e-05,0.8509884476661682,0.1195797473192215,,,,,,,,,,,,,,
300,0.9278097152709961,-0.3265203535556793,0.003958431072533131,0.0039040078409016132,2.630242192935839e-07,7.895628368714824e-05,9.303882667917954e-05,0.8518133759498596,0.11887679249048233,0.785895586013794,0.785895586013794,0.21410441398620605,8.094934463500977,0.0,0.8978954553604126,4.055567264556885,-0.0,1.652137041091919,0.7861645221710205,0.0,0.7861645221710205,0.16986167430877686,0.48309287428855896
301,0.9280408620834351,-0.3269166350364685,0.003937497269362211,0.003946206998080015,6.835285830675275e-07,2.1632442440022714e-05,9.304315316766754e-05,0.8492552638053894,0.11796241253614426,,,,,,,,,,,,,,
302,0.9279011487960815,-0.3238472044467926,0.0041034771129488945,0.00407999474555254,3.577638381102588e-07,7.904115045676008e-05,9.305896139775889e-05,0.8409388065338135,0.11882606893777847,,,,,,,,,,,,,,
303,0.9278361201286316,-0.32003849744796753,0.0038448453415185213,0.003849893342703581,6.06260982749518e-07,8.537955000065267e-05,9.307603730775902e-05,0.8395166993141174,0.11787062883377075,,,,,,,,,,,,,,
304,0.927879810333252,-0.326198548078537,0.0038146742153912783,0.0038080818485468626,3.304266158465907e-07,9.279527148464695e-05,9.309459636205594e-05,0.8412349224090576,0.11740089952945709,,,,,,,,,,,,,,
305,0.9278281331062317,-0.3291325867176056,0.003823671955615282,0.003816832322627306,7.459692596967216e-07,1.584779965924099e-05,9.309776592198779e-05,0.8470227718353271,0.11798540502786636,,,,,,,,,,,,,,
306,0.9278262853622437,-0.3310970366001129,0.0038360278122127056,0.0038870535790920258,2.2142008049286233e-07,1.3878130630473606e-05,9.310054154811387e-05,0.833831787109375,0.1179904192686081,,,,,,,,,,,,,,
307,0.927992582321167,-0.3295322060585022,0.003977351356297731,0.003985834773629904,7.997242050805653e-07,9.056895578396507e-06,9.310235292722956e-05,0.8297238349914551,0.11765187978744507,,,,,,,,,,,,,,
308,0.9280815124511719,-0.32863086462020874,0.0038759978488087654,0.003890705993399024,7.472119136764377e-07,4.385190914035775e-05,9.311112330905764e-05,0.8407188653945923,0.11766786873340607,,,,,,,,,,,,,,
309,0.9279469847679138,-0.32744601368904114,0.003834410570561886,0.0038207119796425104,4.375413880097767e-07,5.732776116929017e-05,9.31225888612915e-05,0.8578122854232788,0.11811722069978714,,,,,,,,,,,,,,
310,0.9278557896614075,-0.3304083049297333,0.003827645443379879,0.0038960494566708803,6.001097290209145e-07,5.6552085879957303e-05,9.313389927846749e-05,0.847854495048523,0.11796627193689346,0.7867664694786072,0.7867664694786072,0.21323353052139282,8.095539093017578,0.0,0.8996251821517944,4.049849033355713,-0.0,1.6392894983291626,0.7863490581512451,0.0,0.7863490581512451,0.16972163319587708,0.4827229976654053
311,0.9279013276100159,-0.3335844576358795,0.003755425103008747,0.003790593706071377,6.929192295501707e-07,1.4460195416177157e-05,9.313679131755072e-05,0.851045548915863,0.11780781298875809,,,,,,,,,,,,,,
312,0.9278677701950073,-0.3365115821361542,0.003900307696312666,0.003917515277862549,1.285010057472391e-06,7.742107845842838e-05,9.315227553324241e-05,0.8544458150863647,0.11798074096441269,,,,,,,,,,,,,,
313,0.9280123710632324,-0.33950820565223694,0.003826756961643696,0.003840642748400569,8.393728876399109e-07,6.428302731364965e-05,9.316513213870515e-05,0.841406524181366,0.11795318871736526,,,,,,,,,,,,,,
314,0.9279467463493347,-0.33349040150642395,0.003964829258620739,0.003947583958506584,2.253683817343699e-07,9.654041787143797e-05,9.318444022227944e-05,0.8398244380950928,0.11840768903493881,,,,,,,,,,,,,,
315,0.9279393553733826,-0.33062103390693665,0.003877779934555292,0.0038991516921669245,1.4226519624571665e-06,0.00012266075646039099,9.320897237357152e-05,0.8498401641845703,0.11806736886501312,,,,,,,,,,,,,,
316,0.9279404282569885,-0.33536502718925476,0.003928616177290678,0.003914309199899435,2.706995019252645e-07,0.00012986344518139958,9.32349450626078e-05,0.8659030795097351,0.11830630898475647,,,,,,,,,,,,,,
317,0.9279545545578003,-0.33911529183387756,0.0038552917540073395,0.0038587325252592564,7.606048484376515e-07,6.828345794929191e-05,9.324860175419766e-05,0.8559972643852234,0.11734680831432343,,,,,,,,,,,,,,
318,0.9279060959815979,-0.34316644072532654,0.003967121709138155,0.003971975762397051,2.1350413703657978e-07,1.9972292648162693e-05,9.32525962127273e-05,0.8503016233444214,0.11796307563781738,,,,,,,,,,,,,,
319,0.9278974533081055,-0.33853596448898315,0.003975753206759691,0.0039063566364347935,1.012372990771837e-06,6.340398249449208e-05,9.32652770092262e-05,0.8443577885627747,0.11705615371465683,,,,,,,,,,,,,,
320,0.9279813766479492,-0.34099137783050537,0.0038581935223191977,0.003898562863469124,7.611583896505181e-07,3.266611869889857e-08,9.326528354244993e-05,0.8490161895751953,0.11693020910024643,0.7869603633880615,0.7869603633880615,0.21303963661193848,8.08143424987793,0.0,0.9020277261734009,4.0438737869262695,-0.0,1.636894702911377,0.7861708998680115,0.0,0.7861708998680115,0.16963273286819458,0.48122575879096985
321,0.927919328212738,-0.33926549553871155,0.0037709944881498814,0.0037956065498292446,7.449642112078436e-07,3.5126689908793196e-05,9.327230888043169e-05,0.836799144744873,0.11666172742843628,,,,,,,,,,,,,,
322,0.9277924299240112,-0.3414802551269531,0.0038598922546952963,0.0038601758424192667,3.9090781456252444e-07,3.994793223682791e-05,9.328029846687905e-05,0.8381386399269104,0.11658754199743271,,,,,,,,,,,,,,
323,0.9279365539550781,-0.34367868304252625,0.003926713019609451,0.003918048460036516,4.578546111133619e-07,2.292614044563379e-05,9.328488369496818e-05,0.848028302192688,0.11716784536838531,,,,,,,,,,,,,,
324,0.927930474281311,-0.3422905206680298,0.0039286199025809765,0.003943121526390314,2.1381266890330153e-07,1.3659180694958195e-05,9.328761553110717e-05,0.8450064063072205,0.11683935672044754,,,,,,,,,,,,,,
325,0.9278470873832703,-0.34155094623565674,0.003917954862117767,0.003922594711184502,5.363219202081382e-07,7.037899649731116e-06,9.328902311103711e-05,0.8457774519920349,0.11707346141338348,,,,,,,,,,,,,,
326,0.927882730960846,-0.3446526825428009,0.0038023749366402626,0.0038088832516223192,4.312936141559476e-07,7.044354424579069e-05,9.330311181988627e-05,0.8473287224769592,0.11755165457725525,,,,,,,,,,,,,,
327,0.9278518557548523,-0.34417590498924255,0.0038494430482387543,0.0038824959192425013,7.391673193524184e-07,0.00011405744589865208,9.332592330906601e-05,0.8444052338600159,0.11774663627147675,,,,,,,,,,,,,,
328,0.9279094934463501,-0.3474248945713043,0.0039035039953887463,0.003898361697793007,4.475614900911751e-07,1.055339726008242e-05,9.332803398851803e-05,0.8491613268852234,0.11755020916461945,,,,,,,,,,,,,,
329,0.927950382232666,-0.34732386469841003,0.003995547536760569,0.003998641390353441,7.046166956570232e-07,5.6485347158741206e-05,9.333933105794978e-05,0.8676568269729614,0.11785272508859634,,,,,,,,,,,,,,
330,0.9279236197471619,-0.3481431007385254,0.003915309906005859,0.003872341476380825,3.201366780558601e-07,5.47861673112493e-05,9.335028829141203e-05,0.8634106516838074,0.1179356649518013,0.7869506478309631,0.7869506478309631,0.21304935216903687,8.09080696105957,0.0,0.9030367136001587,4.040018081665039,-0.0,1.6393200159072876,0.7865605354309082,0.0,0.7865605354309082,0.16696612536907196,0.48695918917655945
331,0.927918016910553,-0.3498576283454895,0.003835453884676099,0.003802519990131259,2.727360595145001e-07,6.18458361714147e-05,9.336265745864631e-05,0.8430202007293701,0.11818762868642807,,,,,,,,,,,,,,
332,0.9279206991195679,-0.35064101219177246,0.003884847043082118,0.0038607849273830652,1.8688201919303538e-07,0.00013171779573895037,9.338900101779411e-05,0.8484969139099121,0.11793660372495651,,,,,,,,,,,,,,
333,0.927836537361145,-0.3498993217945099,0.0038919164799153805,0.0038654024247080088,1.7638400606756477e-07,4.0300317778019235e-05,9.339706108134971e-05,0.8665515780448914,0.11722537875175476,,,,,,,,,,,,,,
334,0.9279299378395081,-0.35016587376594543,0.003951841499656439,0.003919851500540972,1.905815167901892e-07,4.509911377681419e-05,9.340608090410508e-05,0.8450433015823364,0.11709276586771011,,,,,,,,,,,,,,
335,0.9279080629348755,-0.35071608424186707,0.0038601041305810213,0.0038338627200573683,9.667261338108801e-07,0.0001373394188703969,9.343354878787915e-05,0.8413052558898926,0.11735926568508148,,,,,,,,,,,,,,
336,0.927864670753479,-0.35578861832618713,0.00394001929089427,0.003939996939152479,3.9818635855226603e-07,2.9734810595982708e-05,9.343949574999834e-05,0.8542683124542236,0.11726345866918564,,,,,,,,,,,,,,
337,0.928021252155304,-0.35645753145217896,0.003996929619461298,0.003978010267019272,3.1291185109694197e-07,7.377614383585751e-05,9.345425097876551e-05,0.8554319143295288,0.11737137287855148,,,,,,,,,,,,,,
338,0.9277787804603577,-0.3578404188156128,0.003973664715886116,0.0039727045223116875,1.8120935862953047e-07,2.5809920316532953e-06,9.345476717717184e-05,0.8501066565513611,0.11658426374197006,,,,,,,,,,,,,,
339,0.9280006885528564,-0.35492607951164246,0.0038752793334424496,0.003907737322151661,9.698181884232326e-07,3.733543417183682e-05,9.34622342640062e-05,0.8495436310768127,0.11717844009399414,,,,,,,,,,,,,,
340,0.9279401898384094,-0.35459256172180176,0.0038283835165202618,0.003792597446590662,4.568393023873796e-07,5.4816609917907044e-06,9.346333059620457e-05,0.8480700850486755,0.11625785380601883,0.7863149642944336,0.7863149642944336,0.2136850357055664,8.1181001663208,0.0,0.9051989316940308,4.036802768707275,-0.0,1.6219947338104248,0.7863696217536926,0.0,0.7863696217536926,0.1674138903617859,0.48045194149017334
341,0.9280137419700623,-0.3561556339263916,0.003910934552550316,0.0038706767372787,4.160302751188283e-07,8.951541531132534e-05,9.348123367926684e-05,0.8458538055419922,0.11629652231931686,,,,,,,,,,,,,,
342,0.9279791116714478,-0.3597372770309448,0.004006709437817335,0.004033118020743132,3.700201887113508e-07,4.469228952075355e-05,9.349017213717099e-05,0.8379918932914734,0.11615897715091705,,,,,,,,,,,,,,
343,0.9278886318206787,-0.36106884479522705,0.003900406649336219,0.0038817846216261387,2.1001180527946417e-07,7.956124318297952e-05,9.350608438580758e-05,0.8487932085990906,0.11626537144184113,,,,,,,,,,,,,,
344,0.9279053807258606,-0.3612801134586334,0.003968442790210247,0.0039272974245250225,7.010787044237077e-07,6.613073492189869e-05,9.351931053279196e-05,0.8395941257476807,0.11645656824111938,,,,,,,,,,,,,,
345,0.9279742240905762,-0.36163419485092163,0.004041935782879591,0.003995364997535944,7.569331046397565e-07,0.0001075353502528742,9.354081760284253e-05,0.852114200592041,0.11623556911945343,,,,,,,,,,,,,,
346,0.9279139041900635,-0.36076831817626953,0.0038428762927651405,0.0038586498703807592,4.6704442979716987e-07,6.344971188809723e-05,9.355350754522014e-05,0.8564090728759766,0.11675763130187988,,,,,,,,,,,,,,
347,0.9278795123100281,-0.3630155324935913,0.0038390664849430323,0.003842331236228347,7.614714832016034e-07,1.9465926015982404e-05,9.355740073042334e-05,0.853268027305603,0.1170840710401535,,,,,,,,,,,,,,
348,0.9278765916824341,-0.364351361989975,0.003951495513319969,0.003913664259016514,1.5202276415493543e-07,2.44029924942879e-05,9.35622813289222e-05,0.8621230721473694,0.11685129255056381,,,,,,,,,,,,,,
349,0.9279360771179199,-0.3637854754924774,0.003834250383079052,0.00388296484015882,6.818942210884416e-07,7.748445932520553e-05,9.357777822078724e-05,0.8538049459457397,0.11688409000635147,,,,,,,,,,,,,,
350,0.9278379678726196,-0.363067090511322,0.003937603905797005,0.003914217464625835,6.260614782149787e-07,2.8727712560794316e-05,9.35835237632994e-05,0.8704329133033752,0.11639248579740524,0.786792516708374,0.786792516708374,0.21320748329162598,8.08819580078125,0.0,0.9046703577041626,4.0357985496521,-0.0,1.6374657154083252,0.7865071296691895,0.0,0.7865071296691895,0.16285881400108337,0.49293774366378784
351,0.9279472827911377,-0.3633795380592346,0.0038506709970533848,0.003906649071723223,7.078043608998996e-07,6.80072673731047e-08,9.358353736475288e-05,0.8756000399589539,0.11696381121873856,,,,,,,,,,,,,,
352,0.9279247522354126,-0.3681159019470215,0.003880549920722842,0.0038110928144305944,8.016081665118691e-07,2.8571710572578013e-05,9.358925170686739e-05,0.8471341133117676,0.11668378859758377,,,,,,,,,,,,,,
353,0.9279841184616089,-0.369241327047348,0.003923200070858002,0.0039661419577896595,1.888966352225907e-07,1.2253185559529811e-05,9.359170234397929e-05,0.8597809076309204,0.11580152809619904,,,,,,,,,,,,,,
354,0.9278557300567627,-0.3701789677143097,0.0039971512742340565,0.003981038928031921,1.6781383749275847e-07,1.4303790521807969e-05,9.359456310208365e-05,0.8513050079345703,0.11623294651508331,,,,,,,,,,,,,,
355,0.9279469847679138,-0.3685133755207062,0.00380083080381155,0.0037955434527248144,2.8983691890971386e-07,2.4890576241887175e-05,9.359954121733203e-05,0.8525115251541138,0.11574187874794006,,,,,,,,,,,,,,
356,0.927915096282959,-0.36676540970802307,0.003947063814848661,0.003921512980014086,4.2363586771898554e-07,3.968744621829501e-08,9.359954915482128e-05,0.8561203479766846,0.11585471034049988,,,,,,,,,,,,,,
357,0.9278975129127502,-0.3708548843860626,0.003922122530639172,0.0038923039101064205,1.4045723162325885e-07,1.152620097855106e-05,9.360185439501699e-05,0.8558982014656067,0.11633091419935226,,,,,,,,,,,,,,
358,0.9278550148010254,-0.3734208345413208,0.003907693084329367,0.003931703511625528,1.4714376561641984e-07,1.2416066397236136e-07,9.360187922714979e-05,0.8657262325286865,0.11608236283063889,,,,,,,,,,,,,,
359,0.9279636144638062,-0.37677520513534546,0.00390752824023366,0.003949958831071854,5.795319566459511e-07,6.46770786261186e-05,9.361481464287501e-05,0.8672876954078674,0.11658184230327606,,,,,,,,,,,,,,
360,0.927823543548584,-0.3767184317111969,0.003847455373033881,0.0038770358078181744,1.6655013723720913e-07,7.1313752414425835e-06,9.36162409179233e-05,0.8731010556221008,0.11633726954460144,0.7872033715248108,0.7872033715248108,0.2127966284751892,8.110370635986328,0.0,0.9066884517669678,4.0329203605651855,-0.0,1.6360466480255127,0.7866870760917664,0.0,0.7866870760917664,0.16239681839942932,0.49022310972213745
361,0.9279149174690247,-0.37602633237838745,0.003918216098099947,0.00391691317781806,1.35620908281453e-07,5.413498627149238e-08,9.361625174492056e-05,0.8659838438034058,0.11540878564119339,,,,,,,,,,,,,,
362,0.9279093742370605,-0.3724190294742584,0.003916995599865913,0.003943649120628834,2.441335880121187e-07,8.602836714999285e-06,9.361797231226356e-05,0.8642066121101379,0.11618978530168533,,,,,,,,,,,,,,
363,0.9278941750526428,-0.3740762770175934,0.003947760444134474,0.003949785605072975,1.9008020046840102e-07,1.0917000508925412e-05,9.362015571236535e-05,0.8613672256469727,0.11673668026924133,,,,,,,,,,,,,,
364,0.9278988838195801,-0.3782545030117035,0.0038746444042772055,0.0039010383188724518,2.3715348618225107e-07,0.00014630284567829221,9.364941628150101e-05,0.8623206615447998,0.1164839118719101,,,,,,,,,,,,,,
365,0.9279263615608215,-0.3824254274368286,0.003891166765242815,0.0038524731062352657,6.248263275665522e-07,4.5275788579601794e-05,9.365847143921693e-05,0.8626125454902649,0.11646143347024918,,,,,,,,,,,,,,
366,0.9278731942176819,-0.37971052527427673,0.004034288693219423,0.003999140579253435,9.976727142202435e-07,7.490998541470617e-05,9.367345343629987e-05,0.8556141257286072,0.11637986451387405,,,,,,,,,,,,,,
367,0.9278813600540161,-0.37798815965652466,0.003951013088226318,0.0038812404964119196,5.625438461720478e-07,4.469043778954074e-05,9.368239152385778e-05,0.8455240726470947,0.11509242653846741,,,,,,,,,,,,,,
368,0.9277896881103516,-0.376707524061203,0.004047539550811052,0.004024472087621689,2.6829638954950497e-07,3.3556617040630954e-07,9.368245863709186e-05,0.8572072982788086,0.11542385071516037,,,,,,,,,,,,,,
369,0.9279119968414307,-0.38298559188842773,0.003928933758288622,0.0039179762825369835,6.053546144357824e-07,9.311065696238074e-07,9.368264485840578e-05,0.860625147819519,0.1153956949710846,,,,,,,,,,,,,,
370,0.9278357625007629,-0.38503992557525635,0.003958432469516993,0.003998052794486284,5.615031568595441e-07,7.432677375618368e-05,9.369751021315702e-05,0.854195237159729,0.11555838584899902,0.7874857187271118,0.7874857187271118,0.21251428127288818,8.132951736450195,0.0,0.9103401899337769,4.02587890625,-0.0,1.6224253177642822,0.7870587706565857,0.0,0.7870587706565857,0.16251447796821594,0.486624151468277
371,0.9278720617294312,-0.3837131857872009,0.004030154552310705,0.004086682572960854,5.586380780187028e-07,3.207856207154691e-05,9.370392592557133e-05,0.8717381954193115,0.11590185761451721,,,,,,,,,,,,,,
372,0.9279605150222778,-0.37905558943748474,0.003959374967962503,0.0039723762311041355,5.819281341246096e-07,6.799259426770732e-05,9.371752444442487e-05,0.8788434863090515,0.11553539335727692,,,,,,,,,,,,,,
373,0.9278278350830078,-0.37854719161987305,0.003859194228425622,0.003839016892015934,2.2546507238985214e-07,4.382215479381557e-08,9.371753320885582e-05,0.8500095009803772,0.11562187224626541,,,,,,,,,,,,,,
374,0.9279996156692505,-0.38548630475997925,0.003810945199802518,0.0038211457431316376,1.6071403763362468e-07,5.3388794185593724e-05,9.372821096769294e-05,0.8629429936408997,0.11554205417633057,,,,,,,,,,,,,,
375,0.9278103709220886,-0.39063307642936707,0.003961761016398668,0.0039467597380280495,4.5343350052462483e-07,2.989512540807482e-05,9.373418999277455e-05,0.8641904592514038,0.11526365578174591,,,,,,,,,,,,,,
376,0.9279298186302185,-0.3891719877719879,0.003937638830393553,0.003914013970643282,1.3643766294535453e-07,2.1813020794070326e-05,9.373855259693336e-05,0.8662218451499939,0.11576522886753082,,,,,,,,,,,,,,
377,0.9279496073722839,-0.38520705699920654,0.003983957692980766,0.003915362060070038,5.838656988998991e-07,3.261545498389751e-05,9.374507568793013e-05,0.8585859537124634,0.1151304766535759,,,,,,,,,,,,,,
378,0.9278531074523926,-0.383447527885437,0.003946051001548767,0.003930920269340277,1.622856444782883e-07,4.2083789594471455e-05,9.375349244584903e-05,0.8632445931434631,0.11538011580705643,,,,,,,,,,,,,,
379,0.9279505610466003,-0.3876630365848541,0.003920445684343576,0.0038984057027846575,3.9563266795994423e-07,3.7327012250898406e-05,9.376095784829921e-05,0.8694363832473755,0.11546856164932251,,,,,,,,,,,,,,
380,0.9279102683067322,-0.39339587092399597,0.003925466910004616,0.0039542363956570625,9.706567283274126e-08,2.216739085270092e-05,9.376539132646974e-05,0.8788648247718811,0.11544618010520935,0.7874699234962463,0.7874699234962463,0.21253007650375366,8.132994651794434,0.0,0.9100038409233093,4.025419235229492,-0.0,1.6152448654174805,0.7870736122131348,0.0,0.7870736122131348,0.15943142771720886,0.49326199293136597
381,0.9278092384338379,-0.3936414420604706,0.0039645833894610405,0.003957928158342838,5.398563871494844e-07,5.180295556783676e-05,9.377575191758331e-05,0.8807054758071899,0.11622476577758789,,,,,,,,,,,,,,
382,0.9279486536979675,-0.3884587585926056,0.0039056120440363884,0.003951782360672951,5.672325187333627e-07,9.326519716523762e-07,9.377593844797764e-05,0.8747872114181519,0.11552107334136963,,,,,,,,,,,,,,
383,0.9278742074966431,-0.38799989223480225,0.003813906107097864,0.0038261141162365675,5.582101607615186e-07,2.0973784558009356e-05,9.378013320488924e-05,0.8518800735473633,0.11480961740016937,,,,,,,,,,,,,,
384,0.9279399514198303,-0.39491400122642517,0.003924797289073467,0.003949163015931845,5.690175726158486e-07,6.544492862303741e-06,9.378144210346171e-05,0.8653388619422913,0.11500363796949387,,,,,,,,,,,,,,
385,0.9278930425643921,-0.3997027277946472,0.003956093918532133,0.003937311004847288,1.7484798320310802e-07,4.2145937186433e-05,9.3789871290899e-05,0.8655194044113159,0.11493738740682602,,,,,,,,,,,,,,
386,0.9278569221496582,-0.39642614126205444,0.003938582725822926,0.0039060760755091906,5.426832103694323e-07,5.889280146220699e-05,9.380164985119145e-05,0.83767169713974,0.11485633254051208,,,,,,,,,,,,,,
387,0.9278722405433655,-0.39179131388664246,0.003904881188645959,0.0038660538848489523,4.845196031055821e-07,7.088905113050714e-05,9.381582766141755e-05,0.858727216720581,0.11481522023677826,,,,,,,,,,,,,,
388,0.927926778793335,-0.39333584904670715,0.003884755540639162,0.003893262939527631,1.4526364111588919e-07,3.4388249332550913e-06,9.381651542640419e-05,0.8571260571479797,0.11415974795818329,,,,,,,,,,,,,,
389,0.9279582500457764,-0.39862698316574097,0.0039028236642479897,0.00392628600820899,1.3523255404379597e-07,5.059982504462823e-05,9.382663539141311e-05,0.8640274405479431,0.11506465077400208,,,,,,,,,,,,,,
390,0.9277924299240112,-0.40014851093292236,0.003934049513190985,0.0039490992203354836,6.471902338489599e-07,2.6162492616776944e-08,9.382664062391164e-05,0.8469252586364746,0.11381775140762329,0.7877441048622131,0.7877441048622131,0.21225589513778687,8.171430587768555,0.0,0.9149048328399658,4.017463207244873,-0.0,1.59319269657135,0.7871249914169312,0.0,0.7871249318122864,0.15978264808654785,0.4869823455810547
391,0.9278767108917236,-0.3981103301048279,0.0040587810799479485,0.004042808897793293,2.6015780463239935e-07,7.733254392405797e-08,9.382665609042043e-05,0.8560155034065247,0.11424992233514786,,,,,,,,,,,,,,
392,0.927898108959198,-0.3980754017829895,0.004003230948001146,0.004038198851048946,1.137681579166383e-06,7.626871956745163e-05,9.384190983433392e-05,0.8783338665962219,0.11467942595481873,,,,,,,,,,,,,,
393,0.927845299243927,-0.4007435142993927,0.003922401927411556,0.003936119377613068,2.0039153980633273e-07,2.9055010600131936e-05,9.384772083645395e-05,0.855937659740448,0.114826500415802,,,,,,,,,,,,,,
394,0.9279133677482605,-0.40609288215637207,0.0039566559717059135,0.0040224227122962475,4.869925760431215e-07,5.3375035349745303e-05,9.38583958435239e-05,0.8736847639083862,0.1154373362660408,,,,,,,,,,,,,,
395,0.927829384803772,-0.4040696918964386,0.003989468328654766,0.003993199672549963,3.544008961853251e-07,5.531367719413538e-08,9.385840690625935e-05,0.8692578673362732,0.11583447456359863,,,,,,,,,,,,,,
396,0.9278252124786377,-0.40075570344924927,0.0039038981776684523,0.0039011621847748756,7.62144125587838e-08,1.1061986526783585e-07,9.38584290302324e-05,0.8808231353759766,0.11561880260705948,,,,,,,,,,,,,,
397,0.927812933921814,-0.4004574120044708,0.0038555534556508064,0.0038664883468300104,5.574872830038657e-07,1.5993646229617298e-05,9.386162775947833e-05,0.8659322261810303,0.11534681171178818,,,,,,,,,,,,,,
398,0.9278466105461121,-0.402320921421051,0.003948809579014778,0.003949037753045559,1.6491020460307482e-07,5.2609069825848565e-05,9.38721495734435e-05,0.8862615823745728,0.11545218527317047,,,,,,,,,,,,,,
399,0.9278425574302673,-0.4046863317489624,0.0038535459898412228,0.0038886896800249815,5.167722179066914e-07,2.2314015524216302e-08,9.38721540362466e-05,0.8616952300071716,0.11552823334932327,,,,,,,,,,,,,,
400,0.9279297590255737,-0.40526652336120605,0.004047185182571411,0.004005088470876217,3.7279951925484056e-07,4.558251384878531e-05,9.388127053901636e-05,0.8585523366928101,0.11518218368291855,0.7886869311332703,0.7886869311332703,0.21131306886672974,8.166921615600586,0.0,0.9135113954544067,4.019190788269043,-0.0,1.6184382438659668,0.7873660326004028,0.0,0.7873660326004028,0.16013167798519135,0.48581141233444214
401,0.9278536438941956,-0.4070208668708801,0.003965967334806919,0.003976903390139341,5.14508712967654e-07,4.4522294047055766e-05,9.389017499782577e-05,0.8576791286468506,0.11520125716924667,,,,,,,,,,,,,,
402,0.9279476404190063,-0.40753546357154846,0.0038690909277647734,0.0038913069292902946,9.194420869107489e-08,6.91122404532507e-05,9.390399744591642e-05,0.860258936882019,0.11471972614526749,,,,,,,,,,,,,,
403,0.9278736710548401,-0.4102631211280823,0.0039020138792693615,0.0038620783016085625,2.8098210691496206e-07,1.8883323718910106e-05,9.39077741106602e-05,0.8484851717948914,0.11398538947105408,,,,,,,,,,,,,,
404,0.9278547763824463,-0.4108114242553711,0.003894322318956256,0.003918836358934641,5.120563173477422e-07,3.1868945370661095e-05,9.391414789973433e-05,0.8446225523948669,0.11424805223941803,,,,,,,,,,,,,,
405,0.9278128743171692,-0.4113766849040985,0.0038560626562684774,0.0038433053996413946,4.315397745813243e-07,7.146632560761645e-05,9.392844116485585e-05,0.8449940085411072,0.11331801116466522,,,,,,,,,,,,,,
406,0.9278442859649658,-0.4104102551937103,0.003872988512739539,0.0038686052430421114,1.3959235900529166e-07,6.986124208196998e-05,9.394241341327225e-05,0.8238480091094971,0.11342131346464157,,,,,,,,,,,,,,
407,0.927763044834137,-0.410087525844574,0.003981319256126881,0.003973277751356363,1.7445664468596078e-07,3.335084693389945e-05,9.394908358265903e-05,0.8400492668151855,0.1139519214630127,,,,,,,,,,,,,,
408,0.9278534054756165,-0.4141779839992523,0.003916590940207243,0.0039015167858451605,5.069995836493035e-07,2.9643562811543234e-05,9.395501229522134e-05,0.8398227691650391,0.11354226619005203,,,,,,,,,,,,,,
409,0.9278312921524048,-0.41570770740509033,0.0039922627620399,0.0039191534742712975,8.156900577205306e-08,8.526151340504384e-09,9.39550140004516e-05,0.8464467525482178,0.11380260437726974,,,,,,,,,,,,,,
410,0.9278727769851685,-0.41317734122276306,0.004006197210401297,0.0040082805790007114,6.149208786609961e-08,9.279913501814008e-05,9.397357382745523e-05,0.8366618752479553,0.11391875147819519,0.7884566187858582,0.7884566187858582,0.21154338121414185,8.18429183959961,0.0,0.9170670509338379,4.00962495803833,-0.0,1.588193416595459,0.7875584959983826,0.0,0.7875584959983826,0.16048875451087952,0.48201364278793335
411,0.9279428124427795,-0.41518595814704895,0.0040445271879434586,0.004062617663294077,4.957627197654801e-07,6.827426801692127e-08,9.397358748230883e-05,0.8558118939399719,0.11393072456121445,,,,,,,,,,,,,,
412,0.927860677242279,-0.4137004613876343,0.0038863206282258034,0.0038891234435141087,1.7674143748536153e-07,1.2981837471670588e-06,9.397384711905827e-05,0.8586323261260986,0.11418989300727844,,,,,,,,,,,,,,
413,0.9279034733772278,-0.41647958755493164,0.003887732746079564,0.00392723735421896,3.3742205118869606e-07,2.601299092930276e-05,9.397904971724413e-05,0.8469476699829102,0.11404979228973389,,,,,,,,,,,,,,
414,0.9277277588844299,-0.41752585768699646,0.0039727650582790375,0.003975559026002884,3.551532188339479e-07,6.481484433606965e-07,9.39791793469328e-05,0.8592699766159058,0.11444666981697083,,,,,,,,,,,,,,
415,0.9279298782348633,-0.41724130511283875,0.003985528368502855,0.003987308591604233,5.065294317319058e-07,1.3103054641305789e-08,9.397918196754372e-05,0.8642218112945557,0.11345546692609787,,,,,,,,,,,,,,
416,0.9278507828712463,-0.4167749285697937,0.0037706485018134117,0.0038213045336306095,3.3134966770376195e-07,2.1116296920808963e-05,9.398340522692788e-05,0.8627197742462158,0.11402598768472672,,,,,,,,,,,,,,
417,0.9278614521026611,-0.41780203580856323,0.0037862875033169985,0.0038084343541413546,4.4094036866226816e-07,7.692337433695684e-09,9.398340676539537e-05,0.8580219745635986,0.113216333091259,,,,,,,,,,,,,,
418,0.9278758764266968,-0.42008084058761597,0.00394394900649786,0.0039410400204360485,1.8349419406149536e-07,2.9515122150769457e-05,9.398930978982553e-05,0.8612200021743774,0.1131509318947792,,,,,,,,,,,,,,
419,0.9280126690864563,-0.4247189164161682,0.003912272863090038,0.0039015922229737043,1.5149132082115102e-07,6.297139771049842e-05,9.400190406936762e-05,0.8669487833976746,0.11321422457695007,,,,,,,,,,,,,,
420,0.9279224276542664,-0.42610666155815125,0.003961367532610893,0.003995310515165329,4.595230223003455e-07,5.2501793106785044e-05,9.401240442798898e-05,0.8537017703056335,0.11263798922300339,0.7896639704704285,0.7896639704704285,0.21033602952957153,8.206485748291016,0.0,0.92148756980896,4.001909255981445,-0.0,1.5776420831680298,0.7879415154457092,0.0,0.7879415154457092,0.1564427763223648,0.4898349344730377
421,0.9278587698936462,-0.42104896903038025,0.004025582689791918,0.004004285670816898,4.888433977612294e-07,3.5583445423981175e-05,9.401952111707378e-05,0.8561052680015564,0.11363957077264786,,,,,,,,,,,,,,
422,0.9278513193130493,-0.4202837646007538,0.00407360540702939,0.004075832664966583,1.2188668563339888e-07,8.731393386085529e-09,9.401952286335245e-05,0.8776551485061646,0.1135595291852951,,,,,,,,,,,,,,
423,0.9277710914611816,-0.42188966274261475,0.003970979247242212,0.003975268919020891,1.4383422808350588e-07,1.2375964615785051e-05,9.40219980562756e-05,0.8522837162017822,0.11389824002981186,,,,,,,,,,,,,,
424,0.9278982281684875,-0.42633235454559326,0.004091714508831501,0.0040839374996721745,4.793184302798181e-07,4.827803422813304e-05,9.403165366312124e-05,0.8542609214782715,0.11426854133605957,,,,,,,,,,,,,,
425,0.9278260469436646,-0.42940226197242737,0.003937446046620607,0.0038881355430930853,5.285159545564966e-07,2.207240686402656e-05,9.403606814449404e-05,0.8737823963165283,0.11350242793560028,,,,,,,,,,,,,,
426,0.9278411269187927,-0.4277147650718689,0.003995745442807674,0.00401131110265851,4.1413912299503863e-08,1.9693618469318608e-07,9.403610753173098e-05,0.8600878715515137,0.11426079273223877,,,,,,,,,,,,,,
427,0.9278188347816467,-0.4271479547023773,0.0038659432902932167,0.0038648820482194424,1.0025477337194388e-07,0.00012057783897034824,9.406022309952505e-05,0.8585799932479858,0.1130819246172905,,,,,,,,,,,,,,
428,0.9279108047485352,-0.4271325469017029,0.0038875937461853027,0.0038806842640042305,8.983355570535423e-08,0.00010112078598467633,9.408044725672198e-05,0.8656086325645447,0.11384179443120956,,,,,,,,,,,,,,
429,0.9278289079666138,-0.42965322732925415,0.003904942888766527,0.003956750500947237,4.173019263475908e-08,7.383403135463595e-05,9.40952140629929e-05,0.8503428101539612,0.11357331275939941,,,,,,,,,,,,,,
430,0.9278102517127991,-0.43170514702796936,0.003979625646024942,0.003951823338866234,3.369506487160834e-07,4.7049103159224615e-05,9.410462388362475e-05,0.856590986251831,0.11376262456178665,0.7898269891738892,0.7898269891738892,0.21017301082611084,8.22590446472168,0.0,0.9223044514656067,4.000527381896973,-0.0,1.578676462173462,0.7880059480667114,0.0,0.7880059480667114,0.15687839686870575,0.4864618182182312
431,0.9278378486633301,-0.431110143661499,0.004037241451442242,0.0040475777350366116,1.1870638161326497e-07,1.0435969670652412e-06,9.410483260301817e-05,0.8579405546188354,0.11250349879264832,,,,,,,,,,,,,,
432,0.927921712398529,-0.42937013506889343,0.0040013473480939865,0.003944128751754761,4.890603690910211e-07,2.0156481696176343e-05,9.41088638993574e-05,0.8802051544189453,0.11322839558124542,,,,,,,,,,,,,,
433,0.9277103543281555,-0.42777228355407715,0.0038784414064139128,0.0038745086640119553,4.999713496545155e-07,3.7650767126251594e-07,9.410893920089166e-05,0.8574694991111755,0.11246749013662338,,,,,,,,,,,,,,
434,0.9280122518539429,-0.4315088987350464,0.003913710359483957,0.003922379110008478,2.4271534471154155e-07,1.6781334011284343e-07,9.410897276355969e-05,0.8460168838500977,0.11290987581014633,,,,,,,,,,,,,,
435,0.9278824925422668,-0.43389958143234253,0.0038829012773931026,0.0038668124470859766,5.013428676647891e-07,3.077680594287813e-05,9.411512812474827e-05,0.8572235703468323,0.11285926401615143,,,,,,,,,,,,,,
436,0.9278204441070557,-0.4351712763309479,0.003890479449182749,0.003867269027978182,4.101587691707209e-08,9.533263073535636e-05,9.413419465089534e-05,0.8573038578033447,0.11284130066633224,,,,,,,,,,,,,,
437,0.9278635382652283,-0.43464672565460205,0.003990358207374811,0.003997309599071741,2.5873623243910515e-08,2.3531394617748447e-05,9.413890092981889e-05,0.8449459671974182,0.11182678490877151,,,,,,,,,,,,,,
438,0.9278796911239624,-0.43490660190582275,0.00392473628744483,0.003940630704164505,3.907563552729698e-07,6.901587039465085e-05,9.415270410389783e-05,0.8377791047096252,0.11223533004522324,,,,,,,,,,,,,,
439,0.9278974533081055,-0.4372749328613281,0.003908026032149792,0.003909016028046608,1.1232958740947652e-07,6.561799818882719e-05,9.41658277035356e-05,0.8520268797874451,0.11218461394309998,,,,,,,,,,,,,,
440,0.9279579520225525,-0.4396376609802246,0.003907777834683657,0.003951409365981817,2.0155881941263942e-07,1.2171719845355256e-06,9.41660711379325e-05,0.8570166826248169,0.11316724121570587,0.7894860506057739,0.7894860506057739,0.21051394939422607,8.239274978637695,0.0,0.9245147109031677,3.9979195594787598,-0.0,1.5715910196304321,0.7879062294960022,0.0,0.7879062294960022,0.15555442869663239,0.4891151785850525
441,0.9279382824897766,-0.4407275319099426,0.0040748100727796555,0.004049730487167835,3.4931824188788596e-07,1.4682970686408225e-05,9.416900773206978e-05,0.8568682670593262,0.11317573487758636,,,,,,,,,,,,,,
442,0.9277817010879517,-0.4385349750518799,0.003936965949833393,0.003939453512430191,2.205040345870657e-07,4.881807399215177e-05,9.417877134686822e-05,0.8746459484100342,0.1134939193725586,,,,,,,,,,,,,,
443,0.9279453754425049,-0.43868783116340637,0.004044026602059603,0.004014863166958094,7.478777774849732e-08,6.779746036045253e-05,9.41923308389403e-05,0.8743553757667542,0.11336156725883484,,,,,,,,,,,,,,
444,0.9278155565261841,-0.4369317889213562,0.003911041654646397,0.0039034937508404255,4.843732881454343e-07,4.681277641793713e-05,9.420169339422389e-05,0.8608664274215698,0.11301293224096298,,,,,,,,,,,,,,
445,0.9277781248092651,-0.4399278461933136,0.003892163746058941,0.0038477133493870497,3.6372842515675075e-08,2.219025554950349e-05,9.42061314453338e-05,0.8732896447181702,0.1139850988984108,,,,,,,,,,,,,,
446,0.9278607964515686,-0.44373273849487305,0.003988222684711218,0.003978324588388205,6.666149943157507e-08,2.0494964701356366e-05,9.421023043827407e-05,0.8589859008789062,0.11377560347318649,,,,,,,,,,,,,,
447,0.9278987646102905,-0.4462212026119232,0.003995977807790041,0.003985936753451824,5.944792178524949e-07,0.00011380467185517773,9.423299137264511e-05,0.8673539757728577,0.11331621557474136,,,,,,,,,,,,,,
448,0.927875816822052,-0.4410454034805298,0.0038505042903125286,0.0038813180290162563,4.819040668735397e-07,2.3498728296544868e-07,9.423303837010171e-05,0.8558366298675537,0.11280858516693115,,,,,,,,,,,,,,
449,0.9279693961143494,-0.4407652020454407,0.0039695329032838345,0.004007498733699322,5.403541081250296e-07,6.200585630722344e-05,9.424543954136315e-05,0.8655713796615601,0.11301729828119278,,,,,,,,,,,,,,
450,0.927922785282135,-0.44389820098876953,0.003877907060086727,0.0038869348354637623,4.752314453071449e-07,1.355296603833267e-06,9.424571060068392e-05,0.8527893424034119,0.11286342889070511,0.7893199920654297,0.7893199920654297,0.2106800079345703,8.224152565002441,0.0,0.9264847040176392,3.998029947280884,-0.0,1.5771760940551758,0.7879738807678223,0.0,0.7879738807678223,0.15468397736549377,0.4875926971435547
451,0.927949070930481,-0.45114436745643616,0.003851374378427863,0.003875643014907837,1.1992403869953705e-07,2.637576289998833e-05,9.425098575326391e-05,0.8698140382766724,0.11221376806497574,,,,,,,,,,,,,,
452,0.9279919266700745,-0.44998449087142944,0.0039979214780032635,0.004010377451777458,1.7530657814290862e-08,4.0873117541195825e-05,9.425916037677216e-05,0.869691014289856,0.11202356964349747,,,,,,,,,,,,,,
453,0.9279202222824097,-0.44603997468948364,0.003935912624001503,0.003972382750362158,2.0627408048312645e-07,9.909885557135567e-05,9.427898014788643e-05,0.8397922515869141,0.11198122054338455,,,,,,,,,,,,,,
454,0.9278128147125244,-0.44507741928100586,0.003975144121795893,0.003968553617596626,4.6756068172726373e-07,6.841514910149726e-09,9.427898151618942e-05,0.8552566170692444,0.11245132982730865,,,,,,,,,,,,,,
455,0.9278554320335388,-0.4513506293296814,0.0038234053645282984,0.0038211243227124214,5.867159913464093e-08,1.3845441571902484e-05,9.42817506045038e-05,0.8654738068580627,0.11284449696540833,,,,,,,,,,,,,,
456,0.9278385639190674,-0.4563359022140503,0.003951920196413994,0.003920885734260082,1.7734329560425977e-08,8.21828143671155e-05,9.429818716737723e-05,0.8519812226295471,0.1128699854016304,,,,,,,,,,,,,,
457,0.927902102470398,-0.4520145058631897,0.004075612872838974,0.004050279036164284,2.9108033317015725e-08,3.228461719118059e-05,9.430464409081547e-05,0.857421338558197,0.11311348527669907,,,,,,,,,,,,,,
458,0.9279443621635437,-0.4472784698009491,0.004041228909045458,0.004045075736939907,3.006007318617776e-07,9.117068111663684e-05,9.43228782270388e-05,0.8676401376724243,0.11356852948665619,,,,,,,,,,,,,,
459,0.9279486536979675,-0.45150235295295715,0.004092750605195761,0.004117056727409363,6.481610625996836e-08,3.53379909938667e-05,9.432994582523757e-05,0.8594053387641907,0.11336775124073029,,,,,,,,,,,,,,
460,0.9278842806816101,-0.45780977606773376,0.004011576995253563,0.004026217386126518,3.3750463757087346e-08,4.6191193092681715e-08,9.432995506347619e-05,0.8615376353263855,0.11343815922737122,0.7898677587509155,0.7898677587509155,0.21013224124908447,8.227331161499023,0.0,0.924370527267456,3.9977364540100098,-0.0,1.5768141746520996,0.7884262800216675,0.0,0.7884262800216675,0.1522216796875,0.4917230010032654
461,0.9278274178504944,-0.4581891894340515,0.004123071674257517,0.0040887161158025265,4.5332740228332113e-07,8.898964232173512e-09,9.432995684326904e-05,0.8647561073303223,0.11282441765069962,,,,,,,,,,,,,,
462,0.9279133081436157,-0.4542185962200165,0.0041313921101391315,0.004161773715168238,1.3391982633947919e-07,9.477409912506118e-05,9.434891166309405e-05,0.8715888857841492,0.11322279274463654,,,,,,,,,,,,,,
463,0.9279565811157227,-0.4534488022327423,0.003903862787410617,0.003882025834172964,8.803225171050144e-08,2.3323867935687304e-05,9.43535764366812e-05,0.8737815618515015,0.11250266432762146,,,,,,,,,,,,,,
464,0.9278268814086914,-0.46031591296195984,0.003907195758074522,0.003913575783371925,9.416064017386816e-08,4.615156285581179e-05,9.436280674925235e-05,0.8657726645469666,0.11199590563774109,,,,,,,,,,,,,,
465,0.9279917478561401,-0.45918238162994385,0.004074476193636656,0.004057132638990879,5.013271788811835e-07,3.033732900803443e-05,9.436887421505396e-05,0.8495926260948181,0.11189644038677216,,,,,,,,,,,,,,
466,0.9279364347457886,-0.4607744514942169,0.003925258293747902,0.003937927074730396,3.639289616330643e-07,5.5070016969693825e-05,9.43798882184479e-05,0.8670472502708435,0.1117163896560669,,,,,,,,,,,,,,
467,0.9279254078865051,-0.4599667489528656,0.003984719514846802,0.003974883817136288,7.7044930435477e-08,8.859705849317834e-05,9.439760763014654e-05,0.8549668192863464,0.11206561326980591,,,,,,,,,,,,,,
468,0.9278344511985779,-0.4589022397994995,0.003906655590981245,0.003956777509301901,2.952935744815477e-07,2.64524896920193e-05,9.440289812808495e-05,0.864186704158783,0.1109316498041153,,,,,,,,,,,,,,
469,0.92788165807724,-0.46009519696235657,0.003897662740200758,0.0039052669890224934,1.073123030437273e-07,3.8776608590751493e-08,9.440290588340667e-05,0.8473883867263794,0.11175674200057983,,,,,,,,,,,,,,
470,0.9279543161392212,-0.4603440463542938,0.004012781195342541,0.004006091970950365,1.2694572149030137e-07,4.048036498716101e-05,9.44110019564041e-05,0.8602723479270935,0.11155354976654053,0.7894734740257263,0.7894734740257263,0.21052652597427368,8.254241943359375,0.0,0.9255717992782593,3.993166923522949,-0.0,1.5603229999542236,0.788401186466217,0.0,0.788401186466217,0.1525730937719345,0.48956042528152466
471,0.9278906583786011,-0.4602837860584259,0.004080599173903465,0.004102188162505627,9.884199414500472e-08,4.559014087135438e-06,9.441191375922153e-05,0.8704438805580139,0.1124696135520935,,,,,,,,,,,,,,
472,0.9280014038085938,-0.46062037348747253,0.004061801824718714,0.00407914025709033,3.3649135389168805e-07,7.11012544343248e-05,9.44261340101084e-05,0.858146607875824,0.11239674687385559,,,,,,,,,,,,,,
473,0.9279767274856567,-0.46458902955055237,0.003960330039262772,0.004016568884253502,1.6978287931124214e-07,5.064330466097999e-08,9.442614413876933e-05,0.8573637008666992,0.11171842366456985,,,,,,,,,,,,,,
474,0.9279246926307678,-0.46472322940826416,0.0039669000543653965,0.003977104090154171,2.0514670850957373e-08,3.121515328530222e-05,9.443238716942638e-05,0.8690512776374817,0.11282701045274734,,,,,,,,,,,,,,
475,0.9278846383094788,-0.46496376395225525,0.003863836405798793,0.0039127543568611145,4.366859513993404e-07,6.55496260151267e-05,9.444549709462941e-05,0.8559483289718628,0.11296045035123825,,,,,,,,,,,,,,
476,0.9278136491775513,-0.4662284851074219,0.003951136954128742,0.003973469138145447,4.4862039771942364e-07,5.148540367372334e-05,9.445579417536416e-05,0.8690939545631409,0.11178336292505264,,,,,,,,,,,,,,
477,0.9278846979141235,-0.4671320915222168,0.004007550422102213,0.003978644497692585,1.3649965069362224e-07,4.997466385248117e-05,9.446578910813465e-05,0.8677162528038025,0.11192864924669266,,,,,,,,,,,,,,
478,0.9278753995895386,-0.4685214161872864,0.003880127565935254,0.00387443951331079,5.240661948846537e-07,1.0314920473319944e-05,9.446785209222932e-05,0.8618784546852112,0.11270885914564133,,,,,,,,,,,,,,
479,0.9279055595397949,-0.46815308928489685,0.003964839968830347,0.003930953796952963,4.762890881693238e-08,5.476126534631476e-05,9.447880434529859e-05,0.8679254651069641,0.11287015676498413,,,,,,,,,,,,,,
480,0.9277734160423279,-0.4651341140270233,0.003962576389312744,0.003984329290688038,4.67331311426733e-08,3.4757511457428336e-05,9.448575584759007e-05,0.8593384623527527,0.11328349262475967,0.7895667552947998,0.7895667552947998,0.2104332447052002,8.235204696655273,0.0,0.9271574020385742,3.995084285736084,-0.0,1.5588557720184326,0.7885605692863464,0.0,0.7885605692863464,0.15129363536834717,0.4910205006599426
481,0.927925705909729,-0.4678477942943573,0.00393250584602356,0.0039316993206739426,2.5645712753430416e-07,3.523676468830672e-06,9.448646058288383e-05,0.8677870035171509,0.11239636689424515,,,,,,,,,,,,,,
482,0.9278762340545654,-0.47142863273620605,0.003994335420429707,0.0040074498392641544,1.5656678442610428e-07,4.80090020573698e-05,9.44960623832953e-05,0.8542457222938538,0.11226585507392883,,,,,,,,,,,,,,
483,0.9278278946876526,-0.4719191789627075,0.0040321252308785915,0.0040542567148804665,4.2611637240952405e-07,1.1634263501036912e-05,9.449838923599552e-05,0.8530325889587402,0.11118320375680923,,,,,,,,,,,,,,
484,0.9278397560119629,-0.4717428386211395,0.0039290995337069035,0.0038952380418777466,4.325587781295326e-07,3.5284465411677957e-05,9.450544612907786e-05,0.8587393164634705,0.11049309372901917,,,,,,,,,,,,,,
485,0.9280465245246887,-0.4714130163192749,0.004057569429278374,0.00405945535749197,2.2053141890410188e-07,5.670112659572624e-05,9.4516786354397e-05,0.860824704170227,0.11161957681179047,,,,,,,,,,,,,,
486,0.9279050827026367,-0.47254517674446106,0.004063227213919163,0.004017230588942766,4.037531908807068e-08,6.578817135505233e-08,9.451679951203127e-05,0.8531790375709534,0.11100179702043533,,,,,,,,,,,,,,
487,0.9280440807342529,-0.47323060035705566,0.003980712499469519,0.003958023153245449,4.208120572002372e-07,4.879367770627141e-05,9.452655824757253e-05,0.8551660776138306,0.11050180345773697,,,,,,,,,,,,,,
488,0.9279019236564636,-0.47672274708747864,0.003976557869464159,0.003971074242144823,8.730192035955042e-08,1.241219615621958e-05,9.452904068680377e-05,0.835664689540863,0.11029450595378876,,,,,,,,,,,,,,
489,0.927843451499939,-0.4783523678779602,0.004030823707580566,0.003996803425252438,6.470522180279659e-07,5.4984546693503944e-08,9.452905168371311e-05,0.8454126119613647,0.11039841920137405,,,,,,,,,,,,,,
490,0.9278545379638672,-0.4785732328891754,0.0039415620267391205,0.00391519395634532,6.378568855325284e-07,3.7830684362916145e-08,9.452905924984998e-05,0.8525109887123108,0.11081192642450333,0.7893887162208557,0.7893887162208557,0.2106112837791443,8.251230239868164,0.0,0.9290313720703125,3.9901726245880127,-0.0,1.5422050952911377,0.7887970209121704,0.0,0.7887970209121704,0.15127882361412048,0.4888868033885956
491,0.9278069138526917,-0.47640690207481384,0.004001619294285774,0.004010864067822695,2.323974257478767e-07,6.1727716271775535e-09,9.452906048440431e-05,0.8478155732154846,0.11080250144004822,,,,,,,,,,,,,,
492,0.9278257489204407,-0.4746209979057312,0.003935816697776318,0.003938537091016769,4.110388260869513e-07,1.4014984117238782e-05,9.453186348122776e-05,0.8730632066726685,0.11142934113740921,,,,,,,,,,,,,,
493,0.9278371334075928,-0.4793359637260437,0.003917840775102377,0.003918514121323824,8.632084558257702e-08,3.004109657922527e-06,9.453246430315934e-05,0.869604766368866,0.1116257756948471,,,,,,,,,,,,,,
494,0.927804172039032,-0.48237040638923645,0.00402335450053215,0.003989691846072674,1.447808006815876e-08,0.0,9.453246430315934e-05,0.870593786239624,0.1117955818772316,,,,,,,,,,,,,,
495,0.9279924035072327,-0.4798811078071594,0.003946321085095406,0.003930431790649891,4.0577003801445244e-07,1.3117551489472135e-08,9.453246692666963e-05,0.8803519606590271,0.11218312382698059,,,,,,,,,,,,,,
496,0.927898645401001,-0.47859999537467957,0.004061038605868816,0.004073092248290777,4.0306147752744437e-07,0.0,9.453246692666963e-05,0.854059100151062,0.11223224550485611,,,,,,,,,,,,,,
497,0.9279690980911255,-0.4827212393283844,0.00400684867054224,0.003972730133682489,3.950979419187206e-07,3.9974122501007514e-07,9.453254687491464e-05,0.8691154718399048,0.11273035407066345,,,,,,,,,,,,,,
498,0.9278873801231384,-0.48491910099983215,0.0040283408015966415,0.003983212634921074,3.902822953705254e-08,0.0,9.453254687491464e-05,0.8574344515800476,0.11249540001153946,,,,,,,,,,,,,,
499,0.9278099536895752,-0.48503246903419495,0.003898242488503456,0.003894586581736803,2.2802427679380344e-07,3.269303761044284e-08,9.453255341352216e-05,0.8571129441261292,0.11128570884466171,,,,,,,,,,,,,,
500,0.9277939796447754,-0.4828283190727234,0.004036253318190575,0.004064576234668493,2.824517366661894e-07,2.4081447946855405e-08,9.453255822981175e-05,0.8678966164588928,0.11096470057964325,0.7896547317504883,0.7896547317504883,0.21034526824951172,8.244484901428223,0.0,0.928935170173645,3.990354299545288,-0.0,1.5426855087280273,0.7886139154434204,0.0,0.7886139154434204,0.15008412301540375,0.4897709786891937
501,0.9278768301010132,-0.4825083911418915,0.00391771225258708,0.003969438839703798,1.5798264030308928e-07,1.752816569933202e-05,9.453606386295162e-05,0.8503228425979614,0.11135077476501465,,,,,,,,,,,,,,
502,0.9278935790061951,-0.4840864837169647,0.0038960082456469536,0.00389129389077425,3.2821921536196896e-07,4.8733152652857825e-05,9.45458104934822e-05,0.8601581454277039,0.110626220703125,,,,,,,,,,,,,,
503,0.928019642829895,-0.4868243932723999,0.003852123860269785,0.003884628415107727,1.6982093598016945e-07,6.575637962669134e-05,9.455896176940753e-05,0.8620221614837646,0.1104605421423912,,,,,,,,,,,,,,
504,0.9279915690422058,-0.4878484904766083,0.003997045569121838,0.003985334653407335,3.8204237284844567e-07,0.0,9.455896176940753e-05,0.8454115390777588,0.11051285266876221,,,,,,,,,,,,,,
505,0.9278529286384583,-0.4892260730266571,0.003997027408331633,0.004028376191854477,4.371339556996645e-08,6.288441363722086e-05,9.457153865213498e-05,0.8362122178077698,0.11070172488689423,,,,,,,,,,,,,,
506,0.928019642829895,-0.48721930384635925,0.003997051622718573,0.003990482538938522,4.2679371858866944e-07,3.3275708119617775e-05,9.45781937937589e-05,0.8403171896934509,0.11043793708086014,,,,,,,,,,,,,,
507,0.9279188513755798,-0.48560830950737,0.00394706055521965,0.003951811231672764,5.735097374781617e-07,1.4175532214721898e-07,9.457822214482333e-05,0.8652068376541138,0.11104681342840195,,,,,,,,,,,,,,
508,0.9279032945632935,-0.4914694130420685,0.003993690479546785,0.0039888713508844376,1.99520755472804e-07,3.436813858570531e-05,9.458509577254047e-05,0.8568785190582275,0.11034373939037323,,,,,,,,,,,,,,
509,0.9278077483177185,-0.4953140318393707,0.004061661195009947,0.004023331217467785,3.355205251409643e-07,3.671212471090257e-05,9.459243819748264e-05,0.8583426475524902,0.11134985834360123,,,,,,,,,,,,,,
510,0.9279208183288574,-0.49318134784698486,0.003987656440585852,0.003965632524341345,8.544221685724551e-08,1.9406115825404413e-05,9.459631942064773e-05,0.8708011507987976,0.1113501563668251,0.7893510460853577,0.7893510460853577,0.21064895391464233,8.254589080810547,0.0,0.9299923181533813,3.9894604682922363,-0.0,1.5479252338409424,0.7888298034667969,0.0,0.7888298034667969,0.14890578389167786,0.49156463146209717
511,0.9278411865234375,-0.48812898993492126,0.004084128886461258,0.0040239631198346615,4.609353609907885e-08,0.0,9.459631942064773e-05,0.8630090951919556,0.11120321601629257,,,,,,,,,,,,,,
512,0.9279482364654541,-0.49356767535209656,0.003943311516195536,0.003910048399120569,1.556854840600863e-07,8.20759087218903e-05,9.461273460239211e-05,0.8681331872940063,0.11053413152694702,,,,,,,,,,,,,,
513,0.927895724773407,-0.4945875406265259,0.003939651884138584,0.003915622364729643,5.280838522025988e-08,2.8032309273839928e-05,9.461834106424688e-05,0.8677903413772583,0.11000274121761322,,,,,,,,,,,,,,
514,0.9278914332389832,-0.49417486786842346,0.0039960602298378944,0.004014406818896532,8.04042343816036e-08,5.9172783949179575e-05,9.463017562103672e-05,0.8625728487968445,0.11075378954410553,,,,,,,,,,,,,,
515,0.9278767704963684,-0.4955192804336548,0.0039011863991618156,0.0038970743771642447,3.7714625022999826e-07,5.3605286666424945e-05,9.464089667837001e-05,0.8548505306243896,0.11055982112884521,,,,,,,,,,,,,,
516,0.9279274344444275,-0.49788907170295715,0.0038710946682840586,0.003890681080520153,1.9388214411719673e-07,5.981850335956551e-05,9.465286037904192e-05,0.8519426584243774,0.11077551543712616,,,,,,,,,,,,,,
517,0.927882969379425,-0.49851417541503906,0.0039206501096487045,0.003955341409891844,3.8054312767599185e-07,4.8743284423835576e-05,9.46626090359267e-05,0.8637294173240662,0.11114569753408432,,,,,,,,,,,,,,
518,0.9279148578643799,-0.49666452407836914,0.003967071417719126,0.003976183477789164,1.292446114575796e-07,8.319103653775528e-05,9.467924724323425e-05,0.8557486534118652,0.11141586303710938,,,,,,,,,,,,,,
519,0.9278778433799744,-0.4937489926815033,0.00411920715123415,0.0041278875432908535,2.002303460812982e-07,4.7189718316076323e-05,9.468868518689747e-05,0.8413524031639099,0.11159992218017578,,,,,,,,,,,,,,
520,0.9280218482017517,-0.49793219566345215,0.0039573488757014275,0.003959456458687782,1.696482314628156e-07,7.333335815928876e-05,9.470335185852932e-05,0.8567772507667542,0.111226886510849,0.7892342209815979,0.7892342209815979,0.2107657790184021,8.273324966430664,0.0,0.9315298795700073,3.986485004425049,-0.0,1.5398622751235962,0.7888864874839783,0.0,0.7888864874839783,0.1503591388463974,0.4849400222301483
521,0.9279357194900513,-0.5000568628311157,0.003964404109865427,0.003932297229766846,2.1905850644543534e-07,2.937427234428469e-05,9.470922671299818e-05,0.8502330780029297,0.11055409908294678,,,,,,,,,,,,,,
522,0.9279053807258606,-0.5019373297691345,0.004019843880087137,0.004048850387334824,3.8864308748998155e-07,7.57654634071514e-05,9.47243798056796e-05,0.8526488542556763,0.11061526089906693,,,,,,,,,,,,,,
523,0.9279854893684387,-0.49906280636787415,0.003972525708377361,0.0040239496156573296,5.34247419636813e-08,3.0470348065136932e-05,9.473047387529264e-05,0.8404702544212341,0.1108313798904419,,,,,,,,,,,,,,
524,0.9278969764709473,-0.4992449879646301,0.003954714629799128,0.003958073444664478,1.9563801245681134e-08,2.7928919735131785e-05,9.473605965923966e-05,0.8275521397590637,0.11017689108848572,,,,,,,,,,,,,,
525,0.9279268383979797,-0.5037233829498291,0.003893831977620721,0.003872508881613612,9.096176256662147e-08,5.035312278778292e-05,9.474613028379722e-05,0.8380731344223022,0.110675148665905,,,,,,,,,,,,,,
526,0.9278264045715332,-0.5014940500259399,0.004021043423563242,0.004034712444990873,6.55740905131097e-07,1.3238805877335835e-05,9.47487780449727e-05,0.8371891975402832,0.10997733473777771,,,,,,,,,,,,,,
527,0.9279147982597351,-0.5029776692390442,0.0039683557115495205,0.0040206387639045715,2.8548146246976103e-07,9.301472891820595e-05,9.476738099075634e-05,0.8421193957328796,0.10933858901262283,,,,,,,,,,,,,,
528,0.9278028607368469,-0.5023457407951355,0.003976800944656134,0.00399541761726141,9.258358772967767e-07,4.4133001210866496e-05,9.477620759099851e-05,0.8358210325241089,0.1090211495757103,,,,,,,,,,,,,,
529,0.9278103709220886,-0.5055477619171143,0.003932717721909285,0.003945357631891966,7.642275789976338e-08,6.825758464401588e-05,9.478985910792731e-05,0.8440080881118774,0.10992783308029175,,,,,,,,,,,,,,
530,0.9278514981269836,-0.504011869430542,0.004059276077896357,0.0040416414849460125,2.576260271780484e-07,3.398980697966181e-05,9.479665706932325e-05,0.8474236726760864,0.11052439361810684,0.7893333435058594,0.7893333435058594,0.21066665649414062,8.254615783691406,0.0,0.9314818382263184,3.985255241394043,-0.0,1.5377793312072754,0.7889847755432129,0.0,0.7889848351478577,0.1496802270412445,0.4867570400238037
531,0.9278492331504822,-0.5024923086166382,0.004016127437353134,0.0040134466253221035,3.4298290074730176e-07,3.605666643125005e-05,9.48038684026095e-05,0.8488417863845825,0.11088103801012039,,,,,,,,,,,,,,
532,0.9278556704521179,-0.5090770125389099,0.004078528378158808,0.004074001219123602,2.5985499974012782e-08,2.6755004878253885e-09,9.48038689377096e-05,0.8492816686630249,0.111601822078228,,,,,,,,,,,,,,
533,0.9279390573501587,-0.5098028779029846,0.004010252188891172,0.004008316434919834,3.9526801742795215e-07,5.9114205214427784e-05,9.481569177875248e-05,0.8639575839042664,0.11047413945198059,,,,,,,,,,,,,,
534,0.9279014468193054,-0.5062355399131775,0.003963069524616003,0.00402069604024291,3.946237256968743e-07,6.538792513310909e-05,9.48287693637791e-05,0.8510068655014038,0.11110890656709671,,,,,,,,,,,,,,
535,0.9278091788291931,-0.5090373754501343,0.00391536857932806,0.00394480163231492,1.1721078863047296e-07,1.4122412721917499e-05,9.483159384632349e-05,0.8458513617515564,0.11073311418294907,,,,,,,,,,,,,,
536,0.928000271320343,-0.5134771466255188,0.00387913198210299,0.00389225035905838,3.9156276443463867e-07,7.833211566321552e-05,9.484726026945613e-05,0.8570041656494141,0.11056462675333023,,,,,,,,,,,,,,
537,0.9278214573860168,-0.5095360279083252,0.003985201474279165,0.0040169102139770985,3.518474045449693e-07,2.506686723791063e-05,9.485227364290371e-05,0.8471639156341553,0.11011498421430588,,,,,,,,,,,,,,
538,0.9278932213783264,-0.5071834921836853,0.00398028502240777,0.003984765615314245,8.395311823505835e-08,3.724174530361779e-05,9.485972199196443e-05,0.8488583564758301,0.11006806045770645,,,,,,,,,,,,,,
539,0.9279681444168091,-0.50991290807724,0.003976784180849791,0.004012580960988998,3.8321206830005394e-07,9.681164374342188e-05,9.487908432071312e-05,0.8587474226951599,0.1102788895368576,,,,,,,,,,,,,,
540,0.9279224872589111,-0.5213587880134583,0.0039194365963339806,0.003915369976311922,1.2486195544170187e-07,8.632887329440564e-05,9.4896350095372e-05,0.849494457244873,0.11036597937345505,0.7888951897621155,0.7888951897621155,0.21110481023788452,8.288952827453613,0.0,0.9342206120491028,3.9813318252563477,-0.0,1.5240854024887085,0.7891945242881775,0.0,0.7891945242881775,0.14848385751247406,0.48625773191452026
541,0.9278788566589355,-0.5162768959999084,0.004143077880144119,0.004137238021939993,8.704857279440148e-09,1.5906580301816575e-05,9.489953141143236e-05,0.8379265666007996,0.10945343971252441,,,,,,,,,,,,,,
542,0.9278115630149841,-0.5068647265434265,0.003920326009392738,0.003935677465051413,3.726437398654525e-07,1.5700141375418752e-05,9.490267143970744e-05,0.872299075126648,0.11086259037256241,,,,,,,,,,,,,,
543,0.9280065298080444,-0.5127817392349243,0.0039395359344780445,0.003954756539314985,1.2672174420913507e-08,0.0,9.490267143970744e-05,0.8443301320075989,0.10966215282678604,,,,,,,,,,,,,,
544,0.9278722405433655,-0.522530198097229,0.003878597170114517,0.003918505273759365,5.645264877784939e-08,6.999021024967078e-06,9.490407124391243e-05,0.8491559624671936,0.10954005271196365,,,,,,,,,,,,,,
545,0.9280063509941101,-0.5192477107048035,0.00412136921659112,0.004096210468560457,7.196295825906418e-08,1.3861253137292806e-05,9.49068434945399e-05,0.8395905494689941,0.11028193682432175,,,,,,,,,,,,,,
546,0.9278684854507446,-0.5100243091583252,0.003993011079728603,0.003994213417172432,8.347175395329032e-09,8.907890673981456e-07,9.490702165235338e-05,0.8652496337890625,0.1090361699461937,,,,,,,,,,,,,,
547,0.9279257655143738,-0.5164474844932556,0.0039300923235714436,0.00392127875238657,1.1340080163790844e-07,5.48240241187159e-05,9.491798645717712e-05,0.8402684330940247,0.10997650772333145,,,,,,,,,,,,,,
548,0.927931010723114,-0.5241261124610901,0.0038760462775826454,0.003865361912176013,4.211156863220822e-07,9.735162898039107e-09,9.49179884042097e-05,0.8520625233650208,0.10899771749973297,,,,,,,,,,,,,,
549,0.9278438687324524,-0.5256005525588989,0.004169177729636431,0.004171114414930344,1.045046804648564e-08,5.319659612723626e-05,9.492862772343514e-05,0.8350027799606323,0.10919571667909622,,,,,,,,,,,,,,
550,0.9280641674995422,-0.5167995691299438,0.004126948304474354,0.004143304657191038,2.1714238584991108e-07,2.6674451873986982e-05,9.493396261380995e-05,0.8483508229255676,0.10940998047590256,0.7888951897621155,0.7888951897621155,0.21110481023788452,8.288952827453613,0.0,0.9342206120491028,3.9813318252563477,-0.0,1.5240854024887085,0.7892556190490723,0.0,0.7892556190490723,0.1478869616985321,0.48647910356521606
551,0.9280366897583008,-0.5178894400596619,0.004024558700621128,0.004026568029075861,2.1061811850131562e-08,3.946015203837305e-05,9.494185464421762e-05,0.8559889793395996,0.10907910019159317,,,,,,,,,,,,,,
552,0.9279004335403442,-0.5232937335968018,0.004110332112759352,0.0040628667920827866,2.94225941388504e-07,0.0,9.494185464421762e-05,0.8517955541610718,0.10996678471565247,,,,,,,,,,,,,,
553,0.9279335737228394,-0.5249208807945251,0.004026311915367842,0.004047255497425795,3.178141412263358e-07,2.571675031504128e-05,9.494699799428062e-05,0.8487030267715454,0.10985247045755386,,,,,,,,,,,,,,
554,0.9278054237365723,-0.5220282077789307,0.003965678624808788,0.003950092010200024,3.026625279289874e-07,9.704531112220138e-05,9.496640705650506e-05,0.8548170328140259,0.11084932088851929,,,,,,,,,,,,,,
555,0.9279171824455261,-0.5223518013954163,0.003933529369533062,0.0039275819435715675,3.093244060892175e-07,4.468105998967076e-06,9.496730067770486e-05,0.8748579621315002,0.11145798861980438,,,,,,,,,,,,,,
556,0.9278799295425415,-0.5247452259063721,0.00397220766171813,0.003985271323472261,3.520544566981698e-07,2.5119106794591062e-05,9.497232449906378e-05,0.8792224526405334,0.11042575538158417,,,,,,,,,,,,,,
557,0.9279604554176331,-0.5257789492607117,0.004015172366052866,0.003981211222708225,3.5108996598864906e-07,0.0,9.497232449906378e-05,0.866730809211731,0.11005746573209763,,,,,,,,,,,,,,
558,0.9278678297996521,-0.5258529186248779,0.003997707273811102,0.0039734370075166225,3.5001988862859434e-07,1.7236123312613927e-05,9.497577172372631e-05,0.8561484813690186,0.10965150594711304,,,,,,,,,,,,,,
559,0.9278750419616699,-0.5243168473243713,0.004001448396593332,0.003968071658164263,3.205594794053468e-07,0.0,9.497577172372631e-05,0.835257887840271,0.10885059088468552,,,,,,,,,,,,,,
560,0.9279794096946716,-0.5218362212181091,0.0038813555147498846,0.0039043619763106108,3.966522044152043e-08,1.1139118782921287e-07,9.497579400196387e-05,0.8408083319664001,0.10889103263616562,0.7891791462898254,0.7891791462898254,0.21082085371017456,8.292524337768555,0.0,0.9350855350494385,3.9784140586853027,-0.0,1.5224871635437012,0.789175271987915,0.0,0.789175271987915,0.14965544641017914,0.4827328324317932
561,0.9279288649559021,-0.5303817391395569,0.0037796422839164734,0.0037720922846347094,3.3577379099369864e-07,6.289361044764519e-05,9.49883727240534e-05,0.8361708521842957,0.10962942987680435,,,,,,,,,,,,,,
562,0.9278442859649658,-0.5327672362327576,0.003920188173651695,0.003969427663832903,3.3083532002819993e-07,8.092159987427294e-06,9.498999115605088e-05,0.850827693939209,0.10945818573236465,,,,,,,,,,,,,,
563,0.9278847575187683,-0.5306329727172852,0.004150846507400274,0.004120666533708572,8.614480861979246e-08,2.159500667175962e-07,9.499003434606422e-05,0.8554465770721436,0.10966608673334122,,,,,,,,,,,,,,
564,0.9279008507728577,-0.5286130309104919,0.003966095857322216,0.003988913260400295,2.4686784172445186e-08,3.10991563310381e-05,9.499625417733044e-05,0.8572537302970886,0.10933595150709152,,,,,,,,,,,,,,
565,0.9279478192329407,-0.5296366810798645,0.0039916206151247025,0.004030329640954733,1.6294998772536928e-07,5.757149210694479e-07,9.499636932031466e-05,0.8407353758811951,0.10954175889492035,,,,,,,,,,,,,,
566,0.9280726313591003,-0.5343107581138611,0.004060191102325916,0.004039451014250517,7.699642878833401e-08,2.239091190858744e-05,9.500084750269638e-05,0.8524485230445862,0.10954825580120087,,,,,,,,,,,,,,
567,0.9279161095619202,-0.5340801477432251,0.0040159267373383045,0.0040150596760213375,1.2458504272672144e-07,6.027642274197831e-10,9.500084762324922e-05,0.8342810869216919,0.11002419888973236,,,,,,,,,,,,,,
568,0.9279718399047852,-0.5288970470428467,0.004092166665941477,0.004078355617821217,3.084942079567554e-07,4.441244527697563e-05,9.500973011230462e-05,0.8658726811408997,0.10954181849956512,,,,,,,,,,,,,,
569,0.9278380274772644,-0.5318658947944641,0.003985457122325897,0.003970889374613762,2.0853254056873993e-07,9.685946906756726e-07,9.500992383124276e-05,0.8394057154655457,0.11012555658817291,,,,,,,,,,,,,,
570,0.9279124140739441,-0.536594808101654,0.003963602241128683,0.0039880890399217606,9.145957591272236e-08,6.64835686503551e-10,9.50099239642099e-05,0.8594754934310913,0.10967946797609329,0.7894022464752197,0.7894022464752197,0.21059775352478027,8.306172370910645,0.0,0.936911404132843,3.975764274597168,-0.0,1.513619065284729,0.789613664150238,0.0,0.789613664150238,0.1468992978334427,0.4902293086051941
571,0.9278969764709473,-0.5398604869842529,0.003965854644775391,0.003995503764599562,2.875019902148779e-07,2.5409452064195648e-05,9.501500585462273e-05,0.8663350343704224,0.1098828837275505,,,,,,,,,,,,,,
572,0.9278437495231628,-0.5330334901809692,0.00391759118065238,0.0039516896940767765,1.445684318923668e-07,5.337151378626004e-07,9.50151125976503e-05,0.8448655605316162,0.10970163345336914,,,,,,,,,,,,,,
573,0.9278602600097656,-0.5323257446289062,0.0038608319591730833,0.003838770091533661,2.8478123681452416e-07,6.79193835821934e-05,9.502869647436674e-05,0.8472115993499756,0.10976264625787735,,,,,,,,,,,,,,
574,0.9279160499572754,-0.5393399596214294,0.003859033342450857,0.003906129626557231,1.2280312944312755e-07,3.176692553097382e-05,9.503504985947294e-05,0.8636861443519592,0.10937768965959549,,,,,,,,,,,,,,
575,0.927897572517395,-0.5449746251106262,0.003925332333892584,0.0039306338876485825,3.2631096047452957e-08,6.125149229774252e-05,9.504730015793249e-05,0.8335207104682922,0.10811293125152588,,,,,,,,,,,,,,
576,0.9279384613037109,-0.5398746132850647,0.003949454985558987,0.003956957720220089,3.321687813695462e-08,3.3236367016797885e-05,9.505394743133584e-05,0.8595449328422546,0.10830701142549515,,,,,,,,,,,,,,
577,0.9278879165649414,-0.5345372557640076,0.004079309292137623,0.004060594365000725,1.6780070666300162e-07,4.481359792407602e-05,9.506291015092066e-05,0.8633840084075928,0.1086229458451271,,,,,,,,,,,,,,
578,0.9278689622879028,-0.5367111563682556,0.0039765480905771255,0.004021299537271261,2.754013053163362e-07,1.6821617464302108e-05,9.506627447441352e-05,0.8483487367630005,0.10796548426151276,,,,,,,,,,,,,,
579,0.9280628561973572,-0.5455657839775085,0.00401825038716197,0.003988239448517561,4.1163332298310706e-08,2.1616724552586675e-05,9.507059781932404e-05,0.8494656085968018,0.10890883952379227,,,,,,,,,,,,,,
580,0.9279676079750061,-0.5436690449714661,0.004084720276296139,0.004053965210914612,1.488402148197565e-07,2.034593308053445e-05,9.507466700594015e-05,0.8506401181221008,0.10906876623630524,0.7894314527511597,0.7894314527511597,0.21056854724884033,8.307275772094727,0.0,0.9340764880180359,3.980433225631714,-0.0,1.5265519618988037,0.7896265387535095,0.0,0.7896265387535095,0.14339852333068848,0.4980964958667755
581,0.9279658794403076,-0.5385748744010925,0.004084080457687378,0.004041495267301798,2.703693553485209e-07,7.534145396448366e-08,9.507468207423095e-05,0.8875325322151184,0.10901279002428055,,,,,,,,,,,,,,
582,0.9279020428657532,-0.5374810099601746,0.003942116629332304,0.003914902918040752,1.4971389816764713e-07,8.442077159998007e-06,9.507637048966295e-05,0.8642269372940063,0.1083139032125473,,,,,,,,,,,,,,
583,0.9278281331062317,-0.5472273230552673,0.003919004462659359,0.003908054903149605,2.6664719143809634e-07,4.977063781552715e-06,9.507736590241926e-05,0.875508725643158,0.10906879603862762,,,,,,,,,,,,,,
584,0.9278696775436401,-0.5489454865455627,0.004024949390441179,0.003998781554400921,2.9726823669307123e-08,5.158648619385531e-08,9.50773762197165e-05,0.880644679069519,0.10967482626438141,,,,,,,,,,,,,,
585,0.9278993010520935,-0.5424793362617493,0.004006712697446346,0.003987099044024944,6.717675660183886e-08,4.6813005610601977e-05,9.508673882083862e-05,0.8625822067260742,0.11022103577852249,,,,,,,,,,,,,,
586,0.9279459118843079,-0.5434634685516357,0.004058824386447668,0.004040129482746124,1.143700529837588e-07,3.670817750389688e-05,9.50940804563394e-05,0.8796377778053284,0.1094149798154831,,,,,,,,,,,,,,
587,0.9278299808502197,-0.547886312007904,0.00393398804590106,0.003957167733460665,2.56341422755213e-07,4.294242535252124e-05,9.51026689414099e-05,0.858422040939331,0.10888449847698212,,,,,,,,,,,,,,
588,0.9279669523239136,-0.5507953763008118,0.003930405713617802,0.003956715110689402,2.545149015986681e-07,6.0479123931145296e-06,9.510387852388853e-05,0.8515734076499939,0.10917443782091141,,,,,,,,,,,,,,
589,0.9279636740684509,-0.548417329788208,0.004044678527861834,0.004041561856865883,1.2539844362891017e-07,5.24935130670201e-05,9.511437722650193e-05,0.8569669723510742,0.10914994031190872,,,,,,,,,,,,,,
590,0.927847683429718,-0.5443892478942871,0.004009157884865999,0.004007024224847555,2.5262974645556824e-07,6.391593342414126e-05,9.512716041318676e-05,0.8516219854354858,0.10898451507091522,0.7899577617645264,0.7899577617645264,0.21004223823547363,8.293070793151855,0.0,0.9347972273826599,3.9784328937530518,-0.0,1.5229482650756836,0.7897239923477173,0.0,0.7897239923477173,0.14546293020248413,0.49171996116638184
591,0.9279391169548035,-0.5488424897193909,0.004002767615020275,0.003950910642743111,2.4831030032146373e-07,2.9896471460233442e-05,9.51331397074788e-05,0.8656837344169617,0.10890518873929977,,,,,,,,,,,,,,
592,0.927998423576355,-0.5535768866539001,0.004006842151284218,0.003999431151896715,3.461686333139369e-07,1.8486673525330843e-08,9.513314340481351e-05,0.8520885109901428,0.10856658220291138,,,,,,,,,,,,,,
593,0.927881121635437,-0.5542525053024292,0.004061245825141668,0.004009881988167763,7.582421091001379e-08,2.1658604964613914e-05,9.513747512580644e-05,0.8558098673820496,0.10915699601173401,,,,,,,,,,,,,,
594,0.9278045296669006,-0.5498902797698975,0.003997775260359049,0.004031348507851362,1.9612881985153763e-08,1.7612024748814292e-05,9.51409975307562e-05,0.8629515767097473,0.10891804099082947,,,,,,,,,,,,,,
595,0.9278950691223145,-0.5504111647605896,0.003955904394388199,0.0039676157757639885,2.4234350348706357e-07,1.5462687485978677e-07,9.514102845613117e-05,0.865440309047699,0.10909905284643173,,,,,,,,,,,,,,
596,0.9279823899269104,-0.5547501444816589,0.004045160487294197,0.004027211107313633,2.461561052768957e-07,1.8206094409833895e-09,9.514102882025306e-05,0.8735132813453674,0.10933663696050644,,,,,,,,,,,,,,
597,0.9279086589813232,-0.5524106621742249,0.003978597931563854,0.003982021007686853,5.937801361710626e-09,5.955501910648309e-05,9.515293982407436e-05,0.853181004524231,0.1082792803645134,,,,,,,,,,,,,,
598,0.927819013595581,-0.5493234992027283,0.004069230984896421,0.004087898414582014,2.399503671313141e-07,9.165834313762389e-08,9.515295815574298e-05,0.845395565032959,0.10855033248662949,,,,,,,,,,,,,,
599,0.9279715418815613,-0.5535840392112732,0.00396499689668417,0.0039498163387179375,1.4288045235844038e-07,5.250873073237017e-05,9.516345990188945e-05,0.8498361110687256,0.10808752477169037,,,,,,,,,,,,,,
600,0.9278709292411804,-0.5578808784484863,0.003958920016884804,0.003990006633102894,3.914128399173933e-07,2.5389925212948583e-05,9.516853788693204e-05,0.8405624032020569,0.10755862295627594,0.7897129058837891,0.7897129058837891,0.21028709411621094,8.321418762207031,0.0,0.9362867474555969,3.9774043560028076,-0.0,1.5133174657821655,0.7897545695304871,0.0,0.7897545695304871,0.14708752930164337,0.4854707419872284
601,0.9280375838279724,-0.558999240398407,0.003999034874141216,0.004014105070382357,4.8547537545573505e-08,5.7236538850702345e-05,9.517998519470218e-05,0.8541262745857239,0.10798957943916321,,,,,,,,,,,,,,
602,0.9279667139053345,-0.5565629601478577,0.003912501502782106,0.003946248441934586,1.6623726395437188e-08,6.751908222213387e-05,9.519348901114661e-05,0.8385396599769592,0.1085953563451767,,,,,,,,,,,,,,
603,0.9279470443725586,-0.5575342178344727,0.003954966086894274,0.003966854885220528,2.6767614258460526e-07,4.894472658634186e-05,9.520327795646388e-05,0.8437951803207397,0.10852590948343277,,,,,,,,,,,,,,
604,0.927944004535675,-0.5594924092292786,0.0039199949242174625,0.003955780062824488,1.018788680084981e-07,3.380957059562206e-05,9.521003987058301e-05,0.8533212542533875,0.1090056449174881,,,,,,,,,,,,,,
605,0.9278371930122375,-0.5606939196586609,0.0040184990502893925,0.004042534157633781,2.4303020040861156e-07,3.5947862742080616e-11,9.521003987777258e-05,0.846413254737854,0.10893552005290985,,,,,,,,,,,,,,
606,0.9279601573944092,-0.5597694516181946,0.004017184022814035,0.004044216591864824,7.621191144835393e-08,1.310798296572102e-07,9.521006609373852e-05,0.8705167770385742,0.10981176048517227,,,,,,,,,,,,,,
607,0.9278934597969055,-0.5553195476531982,0.004022934939712286,0.004043046850711107,2.0850984938647343e-08,0.0,9.521006609373852e-05,0.8556025624275208,0.10935543477535248,,,,,,,,,,,,,,
608,0.9278630018234253,-0.5585783123970032,0.0037629196885973215,0.003784442786127329,2.378159962290738e-07,0.0,9.521006609373852e-05,0.8694121837615967,0.10940723866224289,,,,,,,,,,,,,,
609,0.9279528856277466,-0.5672529935836792,0.004010964650660753,0.00400999840348959,1.8221378184080095e-07,4.5707500248681754e-05,9.521920759378825e-05,0.8613898158073425,0.10821720212697983,,,,,,,,,,,,,,
610,0.9279313087463379,-0.5664326548576355,0.00401936424896121,0.003997444175183773,2.3797086612376006e-07,2.256488187413197e-05,9.522372057016307e-05,0.8350207805633545,0.10835608094930649,0.7896413207054138,0.7896413207054138,0.21035867929458618,8.31157398223877,0.0,0.9355179667472839,3.9777474403381348,-0.0,1.5193445682525635,0.7897654175758362,0.0,0.7897654175758362,0.14525865018367767,0.48932966589927673
611,0.9278956651687622,-0.5597003102302551,0.004033710341900587,0.004039227031171322,1.3005215748762566e-07,2.946890344901476e-05,9.522961435085287e-05,0.8670663237571716,0.10796500742435455,,,,,,,,,,,,,,
612,0.9279794692993164,-0.5619214177131653,0.004042534623295069,0.004030543379485607,1.6591933160725603e-08,5.204729313845746e-05,9.524002380948057e-05,0.8751716613769531,0.10750992596149445,,,,,,,,,,,,,,
613,0.9278931617736816,-0.5646680593490601,0.004080641083419323,0.004104788415133953,2.2986890257925552e-07,1.332509071971799e-07,9.5240050459662e-05,0.8511454463005066,0.10784805566072464,,,,,,,,,,,,,,
614,0.9279543161392212,-0.5678853392601013,0.004086832050234079,0.004108649678528309,6.041901201569999e-09,4.792546678800136e-05,9.52496355530196e-05,0.8380241990089417,0.10692504793405533,,,,,,,,,,,,,,
615,0.9279036521911621,-0.5644975900650024,0.004062964115291834,0.0040599992498755455,7.137425939163222e-08,0.0,9.52496355530196e-05,0.8431389331817627,0.10773322731256485,,,,,,,,,,,,,,
616,0.9278966784477234,-0.5654222369194031,0.003995628096163273,0.004021856002509594,2.265260405920344e-07,3.098571323789656e-05,9.525583269566719e-05,0.8473336696624756,0.10765448212623596,,,,,,,,,,,,,,
617,0.9279640316963196,-0.568710207939148,0.004015476442873478,0.004018416628241539,3.258855940657668e-08,4.251825521350838e-05,9.526433634670988e-05,0.8411568403244019,0.10781408101320267,,,,,,,,,,,,,,
618,0.9279434680938721,-0.569840669631958,0.003976975101977587,0.003991682548075914,1.7492047277301026e-07,1.9252423953730613e-05,9.526818683150063e-05,0.8470628261566162,0.10769809782505035,,,,,,,,,,,,,,
619,0.9279698133468628,-0.5670509338378906,0.003968495875597,0.00397111801430583,2.235632763358808e-07,3.726762543010409e-06,9.526893218400923e-05,0.8522369861602783,0.10843794792890549,,,,,,,,,,,,,,
620,0.9278785586357117,-0.5671307444572449,0.004019145388156176,0.004020865075290203,6.367178784216776e-09,4.183840246696491e-06,9.526976895205857e-05,0.8566635847091675,0.10915164649486542,0.7905420064926147,0.7905420064926147,0.20945799350738525,8.317516326904297,0.0,0.9375360608100891,3.973520517349243,-0.0,1.5036122798919678,0.7900578379631042,0.0,0.7900578379631042,0.14301316440105438,0.49469462037086487
621,0.9279792308807373,-0.5741491317749023,0.0040003894828259945,0.0039983405731618404,2.204367461899892e-07,1.302943104519727e-07,9.526979501092066e-05,0.8586567640304565,0.10925181955099106,,,,,,,,,,,,,,
622,0.9279573559761047,-0.5729513764381409,0.003946997690945864,0.003955097869038582,8.08730771240107e-09,4.039986015413888e-05,9.527787498295149e-05,0.8664640188217163,0.10893946141004562,,,,,,,,,,,,,,
623,0.9279163479804993,-0.5671747922897339,0.003920347895473242,0.0038945800624787807,1.085723724258969e-07,1.1446552150573552e-08,9.527787727226192e-05,0.8688444495201111,0.10896842181682587,,,,,,,,,,,,,,
624,0.9278876781463623,-0.5689330697059631,0.004016016144305468,0.00397754181176424,4.609565706914509e-08,1.6939928173087537e-05,9.528126525789654e-05,0.8424829244613647,0.1077418178319931,,,,,,,,,,,,,,
625,0.9278565645217896,-0.5754108428955078,0.003933580592274666,0.003968191798776388,1.584422903988525e-07,7.563254911246986e-08,9.528128038440636e-05,0.8560446500778198,0.1084137037396431,,,,,,,,,,,,,,
626,0.9280158281326294,-0.5803098678588867,0.003953238483518362,0.004005198832601309,2.1270730599098897e-07,4.734708625164785e-09,9.52812813313481e-05,0.8591464161872864,0.10879047214984894,,,,,,,,,,,,,,
627,0.9280761480331421,-0.5740393996238708,0.004085416439920664,0.004075839649885893,2.1612828859929323e-08,1.42320814688901e-07,9.528130979551103e-05,0.8851569294929504,0.10852443426847458,,,,,,,,,,,,,,
628,0.9278032183647156,-0.5676172375679016,0.0039041442796587944,0.0039186375215649605,2.1525437432501349e-07,3.483325053821318e-05,9.528827644561867e-05,0.8754857778549194,0.10851629823446274,,,,,,,,,,,,,,
629,0.9280052781105042,-0.5719318389892578,0.003953153267502785,0.0039587016217410564,1.4420383820379357e-07,4.3439402361400425e-05,9.529696432609096e-05,0.8559083938598633,0.107982337474823,,,,,,,,,,,,,,
630,0.927906334400177,-0.582343339920044,0.003911674488335848,0.0039479658007621765,1.7885247061144582e-08,3.938609006581828e-05,9.530484154410413e-05,0.8535212278366089,0.1079072579741478,0.7911694645881653,0.7911694645881653,0.20883053541183472,8.379683494567871,0.0,0.9404190182685852,3.968989372253418,-0.0,1.4925265312194824,0.7900575995445251,0.0,0.7900575995445251,0.14398817718029022,0.4915747344493866
631,0.9279509782791138,-0.5799497961997986,0.004019369371235371,0.0040260981768369675,1.9692753028266452e-07,2.2154032194521278e-05,9.530927235054303e-05,0.8474292755126953,0.10776267945766449,,,,,,,,,,,,,,
632,0.9278735518455505,-0.5752038359642029,0.004031698685139418,0.004050311166793108,6.111503125794115e-08,3.734828351298347e-05,9.531674200724562e-05,0.8585352301597595,0.1085883378982544,,,,,,,,,,,,,,
633,0.9278744459152222,-0.5758784413337708,0.0038876852486282587,0.0038669074419885874,1.351732095145053e-07,3.373276558704674e-05,9.532348856036303e-05,0.8686961531639099,0.10725047439336777,,,,,,,,,,,,,,
634,0.9278978109359741,-0.5765055418014526,0.004060438368469477,0.004069450311362743,5.8706262962004985e-08,5.828790381201543e-05,9.533514614112544e-05,0.8568537831306458,0.1079869344830513,,,,,,,,,,,,,,
635,0.9279404878616333,-0.5806379914283752,0.0038533934857696295,0.00386031367816031,2.2172173430590192e-07,4.446533421287313e-05,9.534403920796801e-05,0.855054497718811,0.10841473937034607,,,,,,,,,,,,,,
636,0.9278590679168701,-0.5820679664611816,0.0040110996924340725,0.0039688656106591225,1.9498055792155355e-07,5.2489431254798546e-05,9.535453709421896e-05,0.8529207706451416,0.10806316882371902,,,,,,,,,,,,,,
637,0.9279610514640808,-0.5810020565986633,0.00402418989688158,0.003996667917817831,1.9162415298978885e-07,2.4413639039266855e-05,9.535941982202681e-05,0.8603102564811707,0.10892004519701004,,,,,,,,,,,,,,
638,0.9279329776763916,-0.5795189142227173,0.00390757666900754,0.003870679996907711,2.9656496280949796e-07,5.565818719333038e-05,9.537055145946548e-05,0.8624143004417419,0.1079748198390007,,,,,,,,,,,,,,
639,0.9279119372367859,-0.5815353393554688,0.0039043447468429804,0.0038822058122605085,1.8988519911999902e-07,5.814261385239661e-05,9.538217998223596e-05,0.8414382338523865,0.10858187824487686,,,,,,,,,,,,,,
640,0.9281388521194458,-0.582722544670105,0.004180022049695253,0.004165111109614372,2.1384883552855172e-07,0.0,9.538217998223596e-05,0.8552649617195129,0.10747060179710388,0.7911691665649414,0.7911691665649414,0.2088308334350586,8.352640151977539,0.0,0.9371516108512878,3.9722776412963867,-0.0,1.505433201789856,0.7900922298431396,0.0,0.7900922298431396,0.14374025166034698,0.49073344469070435
641,0.9279606938362122,-0.5830020308494568,0.004059429280459881,0.004057492129504681,1.9024716380044993e-07,4.931388684781268e-05,9.539204275960552e-05,0.8526996374130249,0.10837773978710175,,,,,,,,,,,,,,
642,0.9279127717018127,-0.5850562453269958,0.0039637116715312,0.0039619277231395245,5.666294544681705e-09,5.21090769325383e-05,9.540246457499202e-05,0.8688864707946777,0.10762771964073181,,,,,,,,,,,,,,
643,0.9280624389648438,-0.5886760354042053,0.0039419191889464855,0.003971627447754145,1.8938098378384893e-07,3.620910501922481e-05,9.540970639599586e-05,0.8478626608848572,0.10740996152162552,,,,,,,,,,,,,,
644,0.9279581904411316,-0.586601197719574,0.003907391335815191,0.003915866836905479,1.6803017643951534e-08,6.016504812578205e-06,9.541090969695838e-05,0.8657950758934021,0.10671871155500412,,,,,,,,,,,,,,
645,0.9279387593269348,-0.5836633443832397,0.0040178196504712105,0.004070967435836792,2.369193481399634e-07,2.884061905206181e-05,9.54166778207688e-05,0.8568416833877563,0.10717900842428207,,,,,,,,,,,,,,
646,0.9279307723045349,-0.5875266790390015,0.0039791991002857685,0.004005399998277426,3.168617723758871e-08,5.7839384680846706e-05,9.542824569770497e-05,0.8503409028053284,0.10759127140045166,,,,,,,,,,,,,,
647,0.9279059767723083,-0.5873671770095825,0.004059680737555027,0.004081842955201864,1.9583573873660498e-07,3.869193824357353e-05,9.543598408535369e-05,0.8670074343681335,0.1075839102268219,,,,,,,,,,,,,,
648,0.9279000163078308,-0.5858670473098755,0.00393532682210207,0.003969273529946804,6.479059777575458e-08,2.785089936452323e-10,9.543598414105548e-05,0.8563491106033325,0.10802919417619705,,,,,,,,,,,,,,
649,0.9278934597969055,-0.586753249168396,0.004028008785098791,0.004049974959343672,8.0614285025149e-08,2.9696389901801012e-05,9.544192341903584e-05,0.8491882681846619,0.10736473649740219,,,,,,,,,,,,,,
650,0.9279062747955322,-0.5909392237663269,0.004020880442112684,0.004035140387713909,1.9116882299385907e-07,2.2299022020888515e-05,9.544638322344002e-05,0.8551713228225708,0.10744740068912506,0.7913269400596619,0.7913269400596619,0.20867305994033813,8.37685775756836,0.0,0.939121663570404,3.9701342582702637,-0.0,1.4990131855010986,0.7901839017868042,0.0,0.7901839017868042,0.14423295855522156,0.4872417747974396
651,0.9278745055198669,-0.5929553508758545,0.003976327832788229,0.003955752123147249,8.709604770729129e-08,5.5908248697278395e-08,9.544639440508976e-05,0.8562852144241333,0.10781357437372208,,,,,,,,,,,,,,
652,0.928001880645752,-0.590250551700592,0.004016741178929806,0.004021204076707363,1.8815052271747845e-07,3.854430906358175e-05,9.545410326690247e-05,0.8539548516273499,0.10667512565851212,,,,,,,,,,,,,,
653,0.9280078411102295,-0.5891256928443909,0.004030008800327778,0.00403499323874712,2.2092363849424146e-07,3.626324178185314e-05,9.546135591525884e-05,0.8380268216133118,0.10808667540550232,,,,,,,,,,,,,,
654,0.927981436252594,-0.5926304459571838,0.004080825485289097,0.004089795984327793,1.6911441491629375e-07,1.9719143892871216e-05,9.546529974403742e-05,0.8469254374504089,0.10779178887605667,,,,,,,,,,,,,,
655,0.9278570413589478,-0.5929526686668396,0.004117707721889019,0.004106608219444752,1.9817521490494983e-07,0.0,9.546529974403742e-05,0.8524021506309509,0.10765501856803894,,,,,,,,,,,,,,
656,0.9278950691223145,-0.5894893407821655,0.003964562900364399,0.003919448237866163,1.1320101833689478e-07,4.326485577621497e-05,9.547395271519267e-05,0.8582886457443237,0.10830072313547134,,,,,,,,,,,,,,
657,0.9278865456581116,-0.5919198989868164,0.003980404697358608,0.003971893340349197,1.1119726472941238e-08,3.300775642856024e-05,9.548055426647838e-05,0.8565388917922974,0.10759148746728897,,,,,,,,,,,,,,
658,0.9280571937561035,-0.59832364320755,0.003979974426329136,0.003964791540056467,3.997675719347171e-07,0.0,9.548055426647838e-05,0.8484489917755127,0.10863228887319565,,,,,,,,,,,,,,
659,0.9279924631118774,-0.6004764437675476,0.003937728237360716,0.003925975877791643,1.8254192468702968e-07,2.2140455257613212e-05,9.54849823575299e-05,0.870503306388855,0.10759832710027695,,,,,,,,,,,,,,
660,0.9280006289482117,-0.5971852540969849,0.0041275923140347,0.004104977007955313,7.911544486205457e-08,3.235409167245962e-05,9.549145317586439e-05,0.8529570698738098,0.10733107477426529,0.7918403148651123,0.7918403148651123,0.2081596851348877,8.353864669799805,0.0,0.9374879598617554,3.971889019012451,-0.0,1.4991867542266846,0.7902586460113525,0.0,0.7902586460113525,0.14235226809978485,0.4912134110927582
661,0.9279199838638306,-0.5928335189819336,0.004024985712021589,0.003981316462159157,1.781360481345473e-07,0.0,9.549145317586439e-05,0.8500834703445435,0.10809877514839172,,,,,,,,,,,,,,
662,0.9280020594596863,-0.5983672738075256,0.003922558855265379,0.003919989801943302,1.756317118406514e-07,1.864997400957691e-08,9.549145690585919e-05,0.8581268191337585,0.10787072777748108,,,,,,,,,,,,,,
663,0.9278823733329773,-0.5972749590873718,0.004003580659627914,0.0040205055847764015,1.729849969933639e-07,9.585628504282795e-06,9.549337403156004e-05,0.843828558921814,0.10775631666183472,,,,,,,,,,,,,,
664,0.9278483986854553,-0.5964841246604919,0.003894287161529064,0.0038992695044726133,6.01302119207503e-08,9.56236181082204e-06,9.549528650392221e-05,0.8496662974357605,0.10729875415563583,,,,,,,,,,,,,,
665,0.9281080961227417,-0.6006641983985901,0.00406076991930604,0.0040744817815721035,1.6756300169618044e-07,0.0,9.549528650392221e-05,0.8451979160308838,0.10743284970521927,,,,,,,,,,,,,,
666,0.9278765916824341,-0.599923312664032,0.0039845858700573444,0.003989069256931543,4.183862145623607e-08,2.2611703798247618e-07,9.54953317273298e-05,0.8513227105140686,0.10728249698877335,,,,,,,,,,,,,,
667,0.9279910922050476,-0.5941236019134521,0.00401419959962368,0.0040237815119326115,1.0884390633236762e-07,3.15079562440701e-09,9.549533235748892e-05,0.833626389503479,0.10687293857336044,,,,,,,,,,,,,,
668,0.927944004535675,-0.5993019938468933,0.0038205983582884073,0.003806075546890497,1.7318464884397144e-08,0.0,9.549533235748892e-05,0.8417880535125732,0.10703429579734802,,,,,,,,,,,,,,
669,0.9279295802116394,-0.6039401292800903,0.004034796264022589,0.004058826249092817,1.6418056247857749e-07,0.0,9.549533235748892e-05,0.8513667583465576,0.10764112323522568,,,,,,,,,,,,,,
670,0.9279061555862427,-0.6062768697738647,0.0039110551588237286,0.003938516601920128,1.0829946717194616e-07,0.0,9.549533235748892e-05,0.8502867817878723,0.10806092619895935,0.7918403148651123,0.7918403148651123,0.2081596851348877,8.353864669799805,0.0,0.9374879598617554,3.971889019012451,-0.0,1.4991867542266846,0.7904821038246155,0.0,0.7904821038246155,0.1414133757352829,0.49332165718078613
671,0.9278725385665894,-0.6032446026802063,0.003942898008972406,0.00395247433334589,4.921859364515058e-09,1.643681389396079e-05,9.549861972026771e-05,0.8675347566604614,0.10814695060253143,,,,,,,,,,,,,,
672,0.9279662370681763,-0.60170978307724,0.004059514496475458,0.004044140223413706,1.4658877489637234e-07,2.5542150979163125e-05,9.550372815046355e-05,0.8712376356124878,0.10766793042421341,,,,,,,,,,,,,,
673,0.9279110431671143,-0.604237973690033,0.00396526837721467,0.0039756763726472855,1.425769369234331e-07,1.716111697191991e-10,9.550372818478578e-05,0.8589240312576294,0.10791236907243729,,,,,,,,,,,,,,
674,0.9279787540435791,-0.6099579930305481,0.003986954689025879,0.003974175080657005,1.3929633269071928e-07,1.2239981970196823e-06,9.550397298442519e-05,0.8634706139564514,0.10738534480333328,,,,,,,,,,,,,,
675,0.9279659986495972,-0.6073281168937683,0.004028331954032183,0.004013197962194681,1.4176674767441e-07,7.527529533035704e-08,9.550398803948425e-05,0.8517080545425415,0.10728739947080612,,,,,,,,,,,,,,
676,0.9280333518981934,-0.604029655456543,0.004000501241534948,0.003982814494520426,1.3431939294150652e-07,1.6232610505539924e-05,9.550723456158536e-05,0.8607129454612732,0.10735046118497849,,,,,,,,,,,,,,
677,0.9279384613037109,-0.6065284013748169,0.0040587931871414185,0.004072574432939291,1.3669455256604124e-07,2.3332124328589998e-05,9.551190098645107e-05,0.8444340825080872,0.107998788356781,,,,,,,,,,,,,,
678,0.9278387427330017,-0.608636200428009,0.004056333098560572,0.004040295723825693,1.272160972121128e-07,2.0299193437267604e-08,9.551190504628976e-05,0.8441835045814514,0.10747058689594269,,,,,,,,,,,,,,
679,0.9278838634490967,-0.6107500791549683,0.00402620155364275,0.004033666104078293,1.242826925818008e-07,2.306419055742026e-08,9.551190965912786e-05,0.858059287071228,0.10692384839057922,,,,,,,,,,,,,,
680,0.9278849959373474,-0.6083314418792725,0.004081122111529112,0.0040772780776023865,1.215046410152354e-07,1.1356651619109925e-08,9.551191193045819e-05,0.8712376356124878,0.10761390626430511,0.7916486859321594,0.7916486859321594,0.20835131406784058,8.358036041259766,0.0,0.93840092420578,3.9708194732666016,-0.0,1.5026168823242188,0.7905681133270264,0.0,0.7905681133270264,0.14097552001476288,0.49274593591690063
681,0.9279553294181824,-0.6097184419631958,0.0040753991343081,0.004078701138496399,1.1873790128902328e-07,5.626495294563938e-06,9.551303722951711e-05,0.8600318431854248,0.10765208303928375,,,,,,,,,,,,,,
682,0.9279239177703857,-0.6137039065361023,0.004011856392025948,0.003989038988947868,1.1625777318613473e-07,1.0407623651786935e-09,9.551303743766959e-05,0.8514553904533386,0.10777080059051514,,,,,,,,,,,,,,
683,0.9280072450637817,-0.613351047039032,0.004023369401693344,0.004027673043310642,1.1401078836570377e-07,2.391601628914941e-05,9.551782064092742e-05,0.8594816327095032,0.1074477881193161,,,,,,,,,,,,,,
684,0.928080141544342,-0.6067439913749695,0.004007638897746801,0.003991757519543171,1.1173501235361982e-07,1.1130638995382469e-05,9.55200467687265e-05,0.8607116937637329,0.10761666297912598,,,,,,,,,,,,,,
685,0.927897572517395,-0.609379231929779,0.003944323863834143,0.003933594562113285,1.0326423449669164e-07,1.5043188795971218e-05,9.552305540648569e-05,0.8535529375076294,0.10871172696352005,,,,,,,,,,,,,,
686,0.9279384016990662,-0.6177006363868713,0.004023981746286154,0.0040331026539206505,9.163312597593176e-08,6.448870408348739e-05,9.553595314730239e-05,0.8698176741600037,0.10797135531902313,,,,,,,,,,,,,,
687,0.9279891848564148,-0.6153368353843689,0.004016463179141283,0.004015625920146704,7.872073126691248e-08,4.041262582177296e-05,9.554403567246675e-05,0.8607082962989807,0.10739186406135559,,,,,,,,,,,,,,
688,0.9279598593711853,-0.6112920641899109,0.004014894366264343,0.004015930462628603,5.500707089822754e-08,0.0,9.554403567246675e-05,0.8533833026885986,0.10692914575338364,,,,,,,,,,,,,,
689,0.9279840588569641,-0.6126120686531067,0.004017596133053303,0.004030402284115553,1.0495717361891366e-07,3.776528683374636e-05,9.55515887298335e-05,0.8465648293495178,0.106421560049057,,,,,,,,,,,,,,
690,0.9279552102088928,-0.6200470924377441,0.003951299004256725,0.00399109348654747,1.292809503894432e-08,9.393816981173586e-06,9.555346749322974e-05,0.8403216004371643,0.10629110038280487,0.7911945581436157,0.7911945581436157,0.20880544185638428,8.381489753723145,0.0,0.9417642951011658,3.9676783084869385,-0.0,1.4825316667556763,0.7904150485992432,0.0,0.7904150485992432,0.1443677544593811,0.4826698899269104
691,0.9279382824897766,-0.6167470812797546,0.003931926563382149,0.003924249205738306,1.0181681631138417e-07,1.573420195200015e-05,9.555661433362014e-05,0.8356400728225708,0.1066780835390091,,,,,,,,,,,,,,
692,0.9279802441596985,-0.6123033165931702,0.00400931341573596,0.003997477237135172,5.2834341346397196e-09,2.3930711904540658e-05,9.556140047600105e-05,0.8366576433181763,0.10703671723604202,,,,,,,,,,,,,,
693,0.92805415391922,-0.6147956252098083,0.004000543151050806,0.003973821643739939,9.143547430312537e-08,1.0904201985795225e-08,9.556140265684145e-05,0.8435261249542236,0.10610978305339813,,,,,,,,,,,,,,
694,0.9278834462165833,-0.6200913190841675,0.003977571148425341,0.0039849719032645226,4.893530558547354e-08,5.918310286290307e-10,9.556140277520765e-05,0.8517898917198181,0.10684256255626678,,,,,,,,,,,,,,
695,0.9278725385665894,-0.6191911697387695,0.0039045459125190973,0.003899713745340705,2.316495795184892e-07,1.0374138582847081e-05,9.556347760292422e-05,0.8430368304252625,0.10680269449949265,,,,,,,,,,,,,,
696,0.9278932213783264,-0.6159065961837769,0.0039619384333491325,0.003969405312091112,2.2398516819066572e-07,1.3326153748494107e-05,9.556614283367391e-05,0.8578799366950989,0.10714314132928848,,,,,,,,,,,,,,
697,0.9278925061225891,-0.6207152605056763,0.003996163606643677,0.004003901034593582,2.725364822708798e-09,1.3668604026406683e-08,9.556614556739471e-05,0.8533852696418762,0.10699332505464554,,,,,,,,,,,,,,
698,0.9280882477760315,-0.6255690455436707,0.004062395077198744,0.004028102848678827,3.0218185287367305e-08,2.1793532141600735e-05,9.557050427382304e-05,0.8507253527641296,0.10758889466524124,,,,,,,,,,,,,,
699,0.9280027151107788,-0.6209544539451599,0.004049262497574091,0.004039567429572344,1.0651980630882463e-07,1.5123751209711322e-11,9.557050427684779e-05,0.8393293619155884,0.10734105110168457,,,,,,,,,,,,,,
700,0.9279924035072327,-0.6184296011924744,0.004161368124186993,0.004144617356359959,1.4228255906800769e-08,9.609853190983841e-11,9.557050429606749e-05,0.8587177991867065,0.10744143277406693,0.7911574840545654,0.7911574840545654,0.20884251594543457,8.388384819030762,0.0,0.9402267336845398,3.968752861022949,-0.0,1.4984753131866455,0.7904232144355774,0.0,0.7904232144355774,0.1410788595676422,0.49139130115509033
701,0.9279680252075195,-0.6208692789077759,0.003873978042975068,0.0038846961688250303,1.7724612177971721e-07,4.645944954972947e-06,9.557143348505849e-05,0.856903076171875,0.10842277109622955,,,,,,,,,,,,,,
702,0.9280131459236145,-0.6275851130485535,0.003973977640271187,0.0039963265880942345,1.0503466540967565e-07,2.3604707077851117e-09,9.557143395715263e-05,0.8584569096565247,0.1082090437412262,,,,,,,,,,,,,,
703,0.927946150302887,-0.6246475577354431,0.00399931101128459,0.003976559732109308,1.0893719704085925e-08,0.0,9.557143395715263e-05,0.8668344020843506,0.10788819938898087,,,,,,,,,,,,,,
704,0.927934467792511,-0.6218594908714294,0.003896228736266494,0.003888570237904787,7.962579928744162e-08,1.36787793962867e-05,9.557416971303188e-05,0.8467170596122742,0.10693344473838806,,,,,,,,,,,,,,
705,0.9279727935791016,-0.6230146288871765,0.0038900075014680624,0.003896017326042056,7.267815504974351e-08,2.0521388250926975e-06,9.55745801407969e-05,0.839512825012207,0.10764389485120773,,,,,,,,,,,,,,
706,0.9280520677566528,-0.6279445290565491,0.003877972951158881,0.003891897154971957,7.598985973800154e-08,3.271585455877357e-06,9.557523445788807e-05,0.8395273089408875,0.1070174053311348,,,,,,,,,,,,,,
707,0.9279745221138,-0.6282779574394226,0.003947397228330374,0.003940819762647152,7.18219652640073e-08,0.0,9.557523445788807e-05,0.8540621995925903,0.10632023215293884,,,,,,,,,,,,,,
708,0.9279446005821228,-0.6248753666877747,0.0038951761089265347,0.0039061105344444513,7.831044257500253e-08,1.0072505167175311e-13,9.557523445790821e-05,0.8599112629890442,0.10607010871171951,,,,,,,,,,,,,,
709,0.9279047846794128,-0.6261633038520813,0.0039649358950555325,0.003984337672591209,6.742556735161997e-08,8.178855637197557e-07,9.557539803502095e-05,0.8433597087860107,0.10586006939411163,,,,,,,,,,,,,,
710,0.9279464483261108,-0.6327790021896362,0.004036545287817717,0.00400965753942728,6.557754517189096e-08,1.7733898403093917e-06,9.557575271298902e-05,0.8410977721214294,0.106037437915802,0.7910210490226746,0.7910210490226746,0.20897895097732544,8.379714965820312,0.0,0.9423409104347229,3.966318368911743,-0.0,1.4904453754425049,0.7901164889335632,0.0,0.7901164889335632,0.14286242425441742,0.48501473665237427
711,0.9279287457466125,-0.6318703293800354,0.0040211440064013,0.004010717384517193,5.4950838546119485e-08,4.0876129148159634e-09,9.55757535305116e-05,0.8376715779304504,0.10643564164638519,,,,,,,,,,,,,,
712,0.9279199242591858,-0.6271552443504333,0.004124683793634176,0.004096087533980608,6.04633711986935e-08,3.251481757615693e-05,9.558225649402683e-05,0.8469219207763672,0.10600076615810394,,,,,,,,,,,,,,
713,0.9280564188957214,-0.6274251341819763,0.004038457293063402,0.004017479717731476,6.099193683439808e-08,3.332261985633522e-05,9.55889210179981e-05,0.850449800491333,0.10645555704832077,,,,,,,,,,,,,,
714,0.9279131889343262,-0.6312856078147888,0.004029222298413515,0.003984714392572641,1.507542712886334e-08,0.0,9.55889210179981e-05,0.8493118286132812,0.10695728659629822,,,,,,,,,,,,,,
715,0.9280927181243896,-0.6343576312065125,0.004016549792140722,0.003986400086432695,6.439362465471277e-08,2.467904103298224e-08,9.55889259538063e-05,0.8481471538543701,0.10706450790166855,,,,,,,,,,,,,,
716,0.9279223084449768,-0.6322105526924133,0.004041935782879591,0.004010129254311323,5.8225975152481624e-08,1.8208853362011723e-05,9.55925677244787e-05,0.844133734703064,0.10692287981510162,,,,,,,,,,,,,,
717,0.927936315536499,-0.6337546706199646,0.004029706586152315,0.004042700864374638,1.751541134353829e-08,5.399847964326909e-07,9.5592675721438e-05,0.8610977530479431,0.10684517025947571,,,,,,,,,,,,,,
718,0.9279772639274597,-0.6343628168106079,0.004036697559058666,0.004021205008029938,5.805734915043104e-08,2.3545071599073708e-05,9.55973847357578e-05,0.8488959670066833,0.10741142183542252,,,,,,,,,,,,,,
719,0.9279550909996033,-0.6307199001312256,0.0040173702873289585,0.00402862811461091,2.0921180521327187e-07,2.5834970074356534e-05,9.560255172977268e-05,0.8583939075469971,0.10678592324256897,,,,,,,,,,,,,,
720,0.927943766117096,-0.6321778297424316,0.0040129246190190315,0.003993447870016098,8.351460856204085e-09,1.6672956917318515e-06,9.560288518891102e-05,0.8560335636138916,0.10761640220880508,0.7915709614753723,0.7915709614753723,0.20842903852462769,8.430362701416016,0.0,0.943734347820282,3.964813470840454,-0.0,1.4884028434753418,0.7907561659812927,0.0,0.7907561659812927,0.14135271310806274,0.48896655440330505
721,0.9279682636260986,-0.636175274848938,0.003933953121304512,0.00391550175845623,5.998862206979538e-08,1.5754607375129126e-05,9.560603611038605e-05,0.8573422431945801,0.10764265805482864,,,,,,,,,,,,,,
722,0.9279018044471741,-0.6370994448661804,0.0039865244179964066,0.003972731065005064,1.7373402272369276e-07,2.543599475757219e-05,9.561112330933757e-05,0.8369162678718567,0.10792995244264603,,,,,,,,,,,,,,
723,0.9279283881187439,-0.6374642252922058,0.003986102994531393,0.0039718179032206535,5.226833010851806e-08,2.139295611414127e-05,9.56154019005604e-05,0.8297412395477295,0.10727996379137039,,,,,,,,,,,,,,
724,0.9278794527053833,-0.6360980868339539,0.004006432369351387,0.003990798257291317,6.002343866384763e-08,1.583420498718624e-06,9.561571858466014e-05,0.8298711180686951,0.10613367706537247,,,,,,,,,,,,,,
725,0.9280489087104797,-0.6382696032524109,0.004026663955301046,0.003975189756602049,2.1164996422129434e-09,8.494201210851315e-06,9.561741742490232e-05,0.8329133987426758,0.10652386397123337,,,,,,,,,,,,,,
726,0.9279949069023132,-0.6396712064743042,0.004021455533802509,0.0040225619450211525,6.414382625052895e-08,4.795803576485014e-08,9.561742701650948e-05,0.8239566683769226,0.1062551736831665,,,,,,,,,,,,,,
727,0.9279434680938721,-0.6396413445472717,0.003895136993378401,0.003867503022775054,4.799016295464753e-09,1.1698428892259471e-07,9.561745041336726e-05,0.8367283940315247,0.10676152259111404,,,,,,,,,,,,,,
728,0.9279435873031616,-0.6379290819168091,0.003968695178627968,0.003931655548512936,2.959348677222806e-08,9.261054287890147e-07,9.561763563445302e-05,0.8375518321990967,0.10633154213428497,,,,,,,,,,,,,,
729,0.9279651045799255,-0.6405473947525024,0.003962096758186817,0.00395733118057251,5.5902237505733865e-08,1.7288810340687633e-05,9.562109339652116e-05,0.8427189588546753,0.10683414340019226,,,,,,,,,,,,,,
730,0.9279788732528687,-0.6419702768325806,0.0039654928259551525,0.003935148473829031,5.500221433862862e-08,1.0412471965537407e-05,9.562317589091426e-05,0.8498066067695618,0.10784066468477249,0.7917928695678711,0.7917928695678711,0.2082071304321289,8.435791969299316,0.0,0.9439265727996826,3.96470308303833,-0.0,1.4882869720458984,0.7906405925750732,0.0,0.7906405925750732,0.14023298025131226,0.4905241131782532
731,0.9279730916023254,-0.6417073607444763,0.004083198495209217,0.004067087545990944,6.75438442954146e-08,2.8822947570006363e-05,9.562894048042826e-05,0.8482165336608887,0.10711762309074402,,,,,,,,,,,,,,
732,0.9279690980911255,-0.6428824067115784,0.004048957955092192,0.004044347908347845,5.277977876971818e-08,1.2831880667363293e-05,9.563150685656173e-05,0.8543616533279419,0.10718350857496262,,,,,,,,,,,,,,
733,0.928032636642456,-0.644506573677063,0.004093971569091082,0.004083607345819473,5.2841091502386917e-08,1.45812478535845e-07,9.563153601905743e-05,0.8560666441917419,0.10629203915596008,,,,,,,,,,,,,,
734,0.9278953671455383,-0.643082857131958,0.004017210565507412,0.003990552853792906,5.1662613742564645e-08,8.917869308788795e-06,9.56333195929192e-05,0.8537583947181702,0.1060786098241806,,,,,,,,,,,,,,
735,0.9280350208282471,-0.6421550512313843,0.004069906659424305,0.004054627381265163,6.294509802273751e-08,4.395147698232904e-06,9.563419862245884e-05,0.8536451458930969,0.10636613517999649,,,,,,,,,,,,,,
736,0.9279455542564392,-0.6418648958206177,0.003957434557378292,0.003961047623306513,4.949103882267991e-08,0.0,9.563419862245884e-05,0.8446580171585083,0.10671718418598175,,,,,,,,,,,,,,
737,0.9280074834823608,-0.6465805172920227,0.0038608822505921125,0.0038586966693401337,4.858224045278803e-08,9.000343197840266e-06,9.563599869109841e-05,0.858270525932312,0.10616365820169449,,,,,,,,,,,,,,
738,0.9279481768608093,-0.6483049988746643,0.003932643681764603,0.003954499028623104,4.7599485242244555e-08,0.0,9.563599869109841e-05,0.8558716773986816,0.10693604499101639,,,,,,,,,,,,,,
739,0.9279016256332397,-0.6475182175636292,0.004016529303044081,0.003998568281531334,4.654956242688968e-08,1.2054018043272663e-05,9.563840949470706e-05,0.8822186589241028,0.10628924518823624,,,,,,,,,,,,,,
740,0.9280009269714355,-0.6472962498664856,0.003984123934060335,0.0039992909878492355,4.299630518289632e-08,5.816414159198757e-06,9.56395727775389e-05,0.8531439304351807,0.10623763501644135,0.79179447889328,0.79179447889328,0.20820552110671997,8.437241554260254,0.0,0.9447433948516846,3.9637300968170166,-0.0,1.4897382259368896,0.7907441258430481,0.0,0.7907441258430481,0.13891316950321198,0.4949468672275543
741,0.927949845790863,-0.6471613049507141,0.003942581359297037,0.0039430768229067326,2.3167793017364602e-08,2.6963691723835836e-08,9.563957817027724e-05,0.8602216243743896,0.10607371479272842,,,,,,,,,,,,,,
742,0.9279510974884033,-0.6472287774085999,0.0039378684014081955,0.0039383540861308575,4.3399783322684016e-08,0.0,9.563957817027724e-05,0.8568912744522095,0.1062392070889473,,,,,,,,,,,,,,
743,0.927941083908081,-0.647116482257843,0.004015390295535326,0.004024222027510405,3.6341272213746834e-09,1.4516221199301071e-05,9.56424814145171e-05,0.8571847677230835,0.10706047713756561,,,,,,,,,,,,,,
744,0.927862286567688,-0.6530084013938904,0.003995555453002453,0.003997051622718573,4.1703515307744965e-08,2.390899700444038e-10,9.564248146233509e-05,0.8677727580070496,0.10721108317375183,,,,,,,,,,,,,,
745,0.9279528856277466,-0.6547451615333557,0.004031036514788866,0.004027615301311016,4.108839490868377e-08,2.1137037009566484e-08,9.56424856897425e-05,0.8590258359909058,0.10623045265674591,,,,,,,,,,,,,,
746,0.9279003143310547,-0.652032196521759,0.003985711373388767,0.003969436511397362,4.011145549043249e-08,0.0,9.56424856897425e-05,0.8444951772689819,0.1063324585556984,,,,,,,,,,,,,,
747,0.9280336499214172,-0.6519687175750732,0.003983275033533573,0.004013804718852043,4.1939784978239913e-08,0.0,9.56424856897425e-05,0.8323033452033997,0.10637140274047852,,,,,,,,,,,,,,
748,0.9279332756996155,-0.6534923315048218,0.0039720721542835236,0.003975481726229191,3.8502960819641885e-08,0.0,9.56424856897425e-05,0.8558881282806396,0.10679369419813156,,,,,,,,,,,,,,
749,0.9280968904495239,-0.6521652340888977,0.004019774962216616,0.004005574155598879,3.7247115614036375e-08,0.0,9.56424856897425e-05,0.8484750986099243,0.10643384605646133,,,,,,,,,,,,,,
750,0.9279611706733704,-0.6498046517372131,0.004121572710573673,0.0040934826247394085,3.622875510700396e-08,1.0555033930215174e-10,9.564248571085256e-05,0.8479945659637451,0.10599526762962341,0.7917275428771973,0.7917275428771973,0.20827245712280273,8.481538772583008,0.0,0.9461368322372437,3.9631004333496094,-0.0,1.4830358028411865,0.7909365296363831,0.0,0.7909365296363831,0.14045488834381104,0.48950013518333435
751,0.9280281066894531,-0.6541734337806702,0.0040456331335008144,0.004046513233333826,3.529505221422369e-08,2.4745697047023896e-08,9.564249065999197e-05,0.8471053838729858,0.10584741085767746,,,,,,,,,,,,,,
752,0.9280660152435303,-0.6639797687530518,0.003908548969775438,0.0038818898610770702,3.5547699894777907e-08,1.0564959893599735e-06,9.564270195918983e-05,0.8404789566993713,0.10618095844984055,,,,,,,,,,,,,,
753,0.9281266331672668,-0.6569704413414001,0.004083012696355581,0.004076635465025902,2.815768596065027e-08,1.022788455884438e-05,9.56447475361016e-05,0.8333042860031128,0.10662009567022324,,,,,,,,,,,,,,
754,0.9280275106430054,-0.6461676955223083,0.00407369202002883,0.004075418692082167,5.571141770133181e-08,8.886096719562531e-11,9.564474755387379e-05,0.8556927442550659,0.1070922315120697,,,,,,,,,,,,,,
755,0.9280648231506348,-0.6553959846496582,0.003853112692013383,0.003844918916001916,3.301194695382037e-08,1.1528722097864375e-05,9.564705329829336e-05,0.8714895844459534,0.10638371855020523,,,,,,,,,,,,,,
756,0.9279862642288208,-0.663899302482605,0.0038890030700713396,0.0038771904073655605,2.8027518084172698e-08,3.728258146651342e-09,9.564705404394499e-05,0.851406455039978,0.107083760201931,,,,,,,,,,,,,,
757,0.9280969500541687,-0.6596297025680542,0.004000356420874596,0.003950592130422592,6.729474755218234e-10,0.0,9.564705404394499e-05,0.8756987452507019,0.10708393901586533,,,,,,,,,,,,,,
758,0.9279500842094421,-0.6533870697021484,0.004018042702227831,0.003999650478363037,2.8577010979802253e-08,0.0,9.564705404394499e-05,0.8632447123527527,0.10631126165390015,,,,,,,,,,,,,,
759,0.9279865026473999,-0.6581826210021973,0.004039510618895292,0.004008536227047443,2.7481430464604273e-08,5.339275048754644e-06,9.564812189895475e-05,0.8683924078941345,0.1066405177116394,,,,,,,,,,,,,,
760,0.9279059767723083,-0.6640843749046326,0.003970216494053602,0.0039655910804867744,2.6399115782282934e-08,4.962434463351428e-09,9.564812289144164e-05,0.8594807386398315,0.10676070302724838,0.7924177050590515,0.7924177050590515,0.2075822949409485,8.478227615356445,0.0,0.9447433948516846,3.9639453887939453,-0.0,1.4852120876312256,0.790917694568634,0.0,0.790917694568634,0.13846935331821442,0.49539273977279663
761,0.9280670881271362,-0.6602345108985901,0.004039846360683441,0.004070650786161423,6.9973391525479656e-09,0.0,9.564812289144164e-05,0.8627398610115051,0.10676669329404831,,,,,,,,,,,,,,
762,0.9279794692993164,-0.6565932035446167,0.0039590876549482346,0.003976575098931789,2.4383350449852514e-08,0.0,9.564812289144164e-05,0.8748871088027954,0.1069289892911911,,,,,,,,,,,,,,
763,0.9280865788459778,-0.6665582656860352,0.003972670529037714,0.004007657058537006,2.7609314834364795e-09,0.0,9.564812289144164e-05,0.8534194231033325,0.1063448041677475,,,,,,,,,,,,,,
764,0.9281256794929504,-0.668298602104187,0.004021884873509407,0.004043342545628548,4.554849297733199e-08,2.090985799441114e-05,9.565230486304052e-05,0.8503331542015076,0.10715390741825104,,,,,,,,,,,,,,
765,0.9280375838279724,-0.6608933210372925,0.004067038651555777,0.00408578896895051,2.1735214517093482e-08,2.337866817470058e-06,9.565277243640401e-05,0.8417741060256958,0.10591138899326324,,,,,,,,,,,,,,
766,0.9279342889785767,-0.6577210426330566,0.003970503341406584,0.003963226452469826,2.0865883243459393e-08,0.0,9.565277243640401e-05,0.8419233560562134,0.10583668202161789,,,,,,,,,,,,,,
767,0.9279789328575134,-0.6659483909606934,0.004128006286919117,0.004117388278245926,1.9975969323127174e-08,1.195965353417705e-07,9.565279635571108e-05,0.8406299948692322,0.10502743721008301,,,,,,,,,,,,,,
768,0.9279434680938721,-0.672233521938324,0.003927610814571381,0.003940788563340902,2.0717900284239477e-08,5.227475341484933e-09,9.565279740120615e-05,0.8272916078567505,0.10594423860311508,,,,,,,,,,,,,,
769,0.9280233979225159,-0.6632274389266968,0.0041544875130057335,0.00412891386076808,1.8073620822178782e-08,1.8214988628528772e-08,9.565280104420388e-05,0.8407607078552246,0.10558883845806122,,,,,,,,,,,,,,
770,0.9280312657356262,-0.6607286334037781,0.004004498478025198,0.0040063029155135155,1.9448284760414936e-08,4.913485554425279e-06,9.565378374131477e-05,0.8423880338668823,0.10609736293554306,0.7924177050590515,0.7924177050590515,0.2075822949409485,8.478227615356445,0.0,0.9447433948516846,3.9639453887939453,-0.0,1.4852120876312256,0.7910067439079285,0.0,0.7910067439079285,0.14056187868118286,0.48678913712501526
771,0.9279828071594238,-0.664965033531189,0.003972165752202272,0.00399317080155015,1.6292283078200853e-08,1.7855805936051183e-06,9.56541408574335e-05,0.8480648994445801,0.1060795858502388,,,,,,,,,,,,,,
772,0.9280285835266113,-0.6698067784309387,0.003904468845576048,0.003920028451830149,1.537750371483071e-08,1.6397017361668986e-06,9.565446879778072e-05,0.8414642214775085,0.10581017285585403,,,,,,,,,,,,,,
773,0.9279873967170715,-0.6664981245994568,0.003970346879214048,0.0040049003437161446,2.2628382723155482e-08,6.587034135918657e-07,9.565460053846344e-05,0.8463614583015442,0.10590023547410965,,,,,,,,,,,,,,
774,0.928020179271698,-0.6661624312400818,0.003935322631150484,0.003945413511246443,1.8535782686512903e-08,1.1753638062828031e-08,9.565460288919106e-05,0.8428366780281067,0.10626538842916489,,,,,,,,,,,,,,
775,0.9280295968055725,-0.671763002872467,0.003914612345397472,0.003949066624045372,1.179882747059935e-09,1.4691133856103988e-06,9.565489671186819e-05,0.8590353727340698,0.10610432177782059,,,,,,,,,,,,,,
776,0.9279407858848572,-0.6722317337989807,0.003915224224328995,0.003918588161468506,1.192270371319637e-08,9.77478862296266e-07,9.565509220764064e-05,0.8502002954483032,0.10605911165475845,,,,,,,,,,,,,,
777,0.92802894115448,-0.669009804725647,0.004001089837402105,0.003991983365267515,1.115754333369523e-08,2.1808764516517698e-10,9.565509225125818e-05,0.8484452366828918,0.10632050782442093,,,,,,,,,,,,,,
778,0.9279877543449402,-0.6716737747192383,0.00389975612051785,0.003924007993191481,1.0429329400096776e-08,6.473160896192098e-10,9.565509238072139e-05,0.846532940864563,0.10572794079780579,,,,,,,,,,,,,,
779,0.9279359579086304,-0.6697853803634644,0.0038596794474869967,0.003866218263283372,5.948403547506587e-09,5.4669966630171984e-05,9.566602637404742e-05,0.8449398279190063,0.10593782365322113,,,,,,,,,,,,,,
780,0.9279513955116272,-0.6700183749198914,0.003931565675884485,0.003927499521523714,9.060165950813825e-09,0.0,9.566602637404742e-05,0.842063844203949,0.10605218261480331,0.7917832732200623,0.7917832732200623,0.20821672677993774,8.481918334960938,0.0,0.9463770389556885,3.962181568145752,-0.0,1.4850044250488281,0.790917694568634,0.0,0.790917694568634,0.14015474915504456,0.4878470301628113
781,0.9281443953514099,-0.675888180732727,0.004096449818462133,0.004100554622709751,8.571203302665253e-09,3.7612277736798205e-08,9.566603389650297e-05,0.8619031310081482,0.10673362761735916,,,,,,,,,,,,,,
782,0.9279991984367371,-0.6765918731689453,0.004013765137642622,0.004011886660009623,8.147440944128448e-09,6.778481065339292e-08,9.56660474534651e-05,0.8466472625732422,0.1065458133816719,,,,,,,,,,,,,,
783,0.9280645847320557,-0.6723019480705261,0.004232863895595074,0.004240060690790415,7.389631573317956e-09,1.2793236470187708e-09,9.566604770932983e-05,0.8523332476615906,0.10672466456890106,,,,,,,,,,,,,,
784,0.9281587600708008,-0.671111524105072,0.004043288063257933,0.004041716456413269,6.86904799707122e-09,2.0509702153503895e-05,9.567014964976053e-05,0.8621793389320374,0.10673706978559494,,,,,,,,,,,,,,
785,0.9279918074607849,-0.6762653589248657,0.004039932508021593,0.004019482526928186,2.313595537373203e-08,1.9304040961287683e-06,9.567053573057975e-05,0.846281886100769,0.10592643916606903,,,,,,,,,,,,,,
786,0.927931010723114,-0.6795936226844788,0.004048998933285475,0.004050584975630045,1.4356582589414302e-08,2.724029002365569e-08,9.567054117863776e-05,0.8519650101661682,0.1064039021730423,,,,,,,,,,,,,,
787,0.9279778599739075,-0.6757910251617432,0.0040146540850400925,0.004042170010507107,7.2077450674612464e-09,0.0,9.567054117863776e-05,0.8352616429328918,0.10632679611444473,,,,,,,,,,,,,,
788,0.9279586672782898,-0.675137996673584,0.003924903925508261,0.003939999733120203,1.2556456852053088e-07,0.0,9.567054117863776e-05,0.8444833159446716,0.10594294220209122,,,,,,,,,,,,,,
789,0.9278789162635803,-0.6791349053382874,0.0038935644552111626,0.003926414065063,4.494333349924773e-09,6.647953298966058e-09,9.567054250822841e-05,0.8419985175132751,0.10587557405233383,,,,,,,,,,,,,,
790,0.9279615879058838,-0.6810281872749329,0.004047068767249584,0.004039518069475889,4.137846065788153e-09,9.360775488076456e-10,9.567054269544392e-05,0.8415721654891968,0.10602349787950516,0.7915831208229065,0.7915831208229065,0.2084168791770935,8.478745460510254,0.0,0.9465692639350891,3.9626760482788086,-0.0,1.4834145307540894,0.790865421295166,0.0,0.790865421295166,0.1408456563949585,0.4845760464668274
791,0.9280303716659546,-0.6755250692367554,0.003990893717855215,0.004016154445707798,5.9529385865175755e-09,1.0928410887345308e-07,9.567056455226569e-05,0.8383904695510864,0.10518396645784378,,,,,,,,,,,,,,
792,0.92801433801651,-0.6782446503639221,0.003867340972647071,0.0038637930992990732,4.666814490406068e-09,3.407564508339789e-11,9.567056455908082e-05,0.8353220224380493,0.10553139448165894,,,,,,,,,,,,,,
793,0.9280203580856323,-0.6808534860610962,0.003990015015006065,0.004005943890661001,3.4199683085489596e-09,2.7740927066588483e-07,9.567062004093496e-05,0.85604327917099,0.10518857091665268,,,,,,,,,,,,,,
794,0.9279260039329529,-0.6771211624145508,0.004096973221749067,0.00406798068434,2.6586357559921225e-09,1.5611441028795525e-07,9.567065126381702e-05,0.83057701587677,0.10525087267160416,,,,,,,,,,,,,,
795,0.9280946254730225,-0.681011438369751,0.0040101842023432255,0.004000653978437185,2.3676325344723637e-09,0.0,9.567065126381702e-05,0.8537758588790894,0.10543978214263916,,,,,,,,,,,,,,
796,0.9280117750167847,-0.685982346534729,0.0040751793421804905,0.004081737715750933,3.5355778305046215e-09,0.0,9.567065126381702e-05,0.8339383006095886,0.10483691096305847,,,,,,,,,,,,,,
797,0.9279460310935974,-0.6843088269233704,0.004071568604558706,0.0040829177014529705,8.126153083765075e-09,0.0,9.567065126381702e-05,0.823165774345398,0.10575767606496811,,,,,,,,,,,,,,
798,0.9279532432556152,-0.6810201406478882,0.004073507152497768,0.004046011716127396,8.44752712225727e-09,7.439038968160006e-11,9.567065127869509e-05,0.8377503156661987,0.10496500134468079,,,,,,,,,,,,,,
799,0.9280218482017517,-0.6834215521812439,0.00395545968785882,0.003953675739467144,1.4976244688824636e-09,9.50661949161713e-09,9.567065318001898e-05,0.8455511927604675,0.10602445900440216,,,,,,,,,,,,,,
800,0.9280593395233154,-0.6860861778259277,0.003939964808523655,0.003936925902962685,1.313921860202072e-09,2.3462111187200207e-07,9.567070010424136e-05,0.8658203482627869,0.10643520951271057,0.7921125888824463,0.7921125888824463,0.2078874111175537,8.484789848327637,0.0,0.9487314820289612,3.9617884159088135,-0.0,1.4763431549072266,0.7910898923873901,0.0,0.7910898923873901,0.1394718885421753,0.489409863948822
801,0.9280275106430054,-0.6862050294876099,0.003920290619134903,0.003889609593898058,1.1302934144197252e-09,0.0,9.567070010424136e-05,0.8426825404167175,0.10633724927902222,,,,,,,,,,,,,,
802,0.9280050992965698,-0.6855501532554626,0.003977917600423098,0.003940117545425892,1.0597974720027992e-09,0.0,9.567070010424136e-05,0.8484830260276794,0.10682648420333862,,,,,,,,,,,,,,
803,0.9279549717903137,-0.6846150755882263,0.004010975826531649,0.003974784631282091,5.9112683636897145e-09,1.6084939602478698e-07,9.567073227412056e-05,0.8451758027076721,0.10677223652601242,,,,,,,,,,,,,,
804,0.9279546141624451,-0.6889301538467407,0.003970855847001076,0.003956784028559923,6.230830851272628e-10,6.579072930890106e-08,9.567074543226642e-05,0.8460016846656799,0.10697327554225922,,,,,,,,,,,,,,
805,0.9279488325119019,-0.6883224844932556,0.004095043521374464,0.0040857018902897835,4.075343673637377e-10,0.0,9.567074543226642e-05,0.8507925271987915,0.10705560445785522,,,,,,,,,,,,,,
806,0.9280725717544556,-0.6859776973724365,0.0039574746042490005,0.003953773528337479,2.704305668288498e-10,5.482727942762722e-07,9.567085508682528e-05,0.8501322269439697,0.1064724400639534,,,,,,,,,,,,,,
807,0.9279759526252747,-0.6871240139007568,0.003959391266107559,0.003996218554675579,2.1490893786779708e-10,8.748440194494833e-08,9.567087258370566e-05,0.8536736369132996,0.10632289946079254,,,,,,,,,,,,,,
808,0.928083598613739,-0.6916696429252625,0.0040570590645074844,0.004056398756802082,1.2811901539677706e-09,2.8096817459299928e-06,9.567143452005485e-05,0.8433533906936646,0.10640901327133179,,,,,,,,,,,,,,
809,0.9282258749008179,-0.6922699213027954,0.004100043326616287,0.004100250545889139,4.829388000615609e-10,0.0,9.567143452005485e-05,0.837821900844574,0.10607462376356125,,,,,,,,,,,,,,
810,0.9279848337173462,-0.6894481778144836,0.004103714134544134,0.00412744702771306,9.507017569021503e-12,8.512048843556386e-09,9.567143622246462e-05,0.8488742113113403,0.10501725226640701,0.7916487455368042,0.7916487455368042,0.2083512544631958,8.478084564208984,0.0,0.9488756060600281,3.960893154144287,-0.0,1.4750170707702637,0.7911059856414795,0.0,0.7911059856414795,0.14012251794338226,0.48584115505218506
811,0.9280055165290833,-0.6895359754562378,0.004053983837366104,0.004082662984728813,2.4077396326704914e-11,5.9335247897251975e-06,9.567262292742256e-05,0.843277096748352,0.10540229827165604,,,,,,,,,,,,,,
812,0.9280768036842346,-0.6941344738006592,0.004016245249658823,0.004018145613372326,2.0363493113961795e-09,4.0003053647375e-10,9.567262300742867e-05,0.8397536873817444,0.10577895492315292,,,,,,,,,,,,,,
813,0.9279381036758423,-0.6931856274604797,0.004070118069648743,0.0040703448466956615,0.0,0.0,9.567262300742867e-05,0.8509212732315063,0.10581160336732864,,,,,,,,,,,,,,
814,0.9281159043312073,-0.6896690130233765,0.003960106521844864,0.0039694104343652725,6.507858835158586e-11,5.539075118576875e-06,9.567373082245239e-05,0.8562389016151428,0.10539696365594864,,,,,,,,,,,,,,
815,0.9279632568359375,-0.6943904161453247,0.003970534540712833,0.003984067589044571,2.0580559478844407e-08,1.5875164649514772e-07,9.567376257278168e-05,0.8614969849586487,0.10518838465213776,,,,,,,,,,,,,,
816,0.9279624819755554,-0.6963849663734436,0.003998962230980396,0.004013373516499996,8.687978721860778e-13,3.790114888602147e-09,9.567376333080466e-05,0.8348082304000854,0.1049359068274498,,,,,,,,,,,,,,
817,0.9280061721801758,-0.6935967803001404,0.003975897561758757,0.003989280201494694,1.2042283836777301e-09,2.6922585050215275e-08,9.567376871532167e-05,0.8513170480728149,0.10527460277080536,,,,,,,,,,,,,,
818,0.9280055165290833,-0.6924394965171814,0.003981645684689283,0.003978706896305084,2.5521760260716064e-09,2.1142747552715946e-09,9.567376913817661e-05,0.8696553707122803,0.10605411976575851,,,,,,,,,,,,,,
819,0.9280334115028381,-0.6947368383407593,0.00402957946062088,0.004003775306046009,4.269573306014962e-10,1.7397509566308145e-07,9.567380393319575e-05,0.868769109249115,0.10555862635374069,,,,,,,,,,,,,,
820,0.9280433058738708,-0.6993581652641296,0.0038986816070973873,0.0038864612579345703,1.2452557041076062e-10,3.5875140724783705e-07,9.567387568347719e-05,0.852540910243988,0.10605356842279434,0.7913727760314941,0.7913727760314941,0.20862722396850586,8.46847152709961,0.0,0.9508936405181885,3.960589647293091,-0.0,1.4762842655181885,0.7911961674690247,0.0,0.7911961674690247,0.13740144670009613,0.49435755610466003
821,0.9279607534408569,-0.6973543167114258,0.003986022900789976,0.003972400911152363,0.0,2.6224842741839893e-08,9.567388092844574e-05,0.8527061939239502,0.1062021255493164,,,,,,,,,,,,,,
822,0.9280297756195068,-0.6941260695457458,0.003998767584562302,0.003989191725850105,4.3045914055461765e-11,0.0,9.567388092844574e-05,0.875654399394989,0.10629154741764069,,,,,,,,,,,,,,
823,0.9279816150665283,-0.6980513334274292,0.0039031493943184614,0.0038894573226571083,6.652419171082613e-10,3.047970551506296e-07,9.567394188785678e-05,0.8531163930892944,0.10648643970489502,,,,,,,,,,,,,,
824,0.9279632568359375,-0.6979127526283264,0.003996321931481361,0.003973682411015034,9.627482357610784e-16,2.2876120056025684e-06,9.56743994102579e-05,0.8608427047729492,0.1061745285987854,,,,,,,,,,,,,,
825,0.9279956221580505,-0.7016932368278503,0.003934711217880249,0.003898120950907469,0.0,2.6171471745328745e-06,9.56749228396928e-05,0.8547478318214417,0.1063636839389801,,,,,,,,,,,,,,
826,0.9279260635375977,-0.6987189650535583,0.003966647200286388,0.003949905280023813,0.0,3.725265855791804e-07,9.567499734500992e-05,0.857684314250946,0.1061350405216217,,,,,,,,,,,,,,
827,0.9280042052268982,-0.6981539130210876,0.003915894776582718,0.003909023012965918,3.190128827768035e-09,3.5256586539134105e-09,9.567499805014164e-05,0.8566550016403198,0.1057954877614975,,,,,,,,,,,,,,
828,0.9279924035072327,-0.7044084072113037,0.003970358520746231,0.003944902680814266,1.9723388200443281e-10,2.0988143205613596e-06,9.567541781300576e-05,0.838614821434021,0.10593262314796448,,,,,,,,,,,,,,
829,0.9279944896697998,-0.7042792439460754,0.003982959780842066,0.003962934482842684,7.873729608847552e-14,1.978834873739288e-08,9.567542177067551e-05,0.8400344848632812,0.10492696613073349,,,,,,,,,,,,,,
830,0.9280120134353638,-0.6942213773727417,0.004075993318110704,0.004062777850776911,1.392267134914249e-10,1.9692279806804436e-07,9.567546115523513e-05,0.8390548825263977,0.10522431880235672,0.7917418479919434,0.7917418479919434,0.20825815200805664,8.510458946228027,0.0,0.9498846530914307,3.959428310394287,-0.0,1.4718163013458252,0.7912693619728088,0.0,0.7912693619728088,0.14045725762844086,0.4821988344192505
831,0.9280393719673157,-0.7035343050956726,0.004024811554700136,0.004008258227258921,0.0,7.202805250017263e-07,9.567560521134013e-05,0.8453589081764221,0.10470946133136749,,,,,,,,,,,,,,
832,0.9279974699020386,-0.7093663215637207,0.004116888623684645,0.004116539843380451,1.0529110916479567e-09,0.0,9.567560521134013e-05,0.8287006616592407,0.10618051886558533,,,,,,,,,,,,,,
833,0.9280396699905396,-0.7057991623878479,0.004108954221010208,0.004094866570085287,3.486252763253497e-14,2.1384855131145741e-07,9.567564798105039e-05,0.8313864469528198,0.10549365729093552,,,,,,,,,,,,,,
834,0.9279752373695374,-0.6981126070022583,0.004042836371809244,0.004032526630908251,5.775057765333713e-09,3.7614938719343627e-07,9.567572321092783e-05,0.8467867374420166,0.10562129318714142,,,,,,,,,,,,,,
835,0.9280324578285217,-0.7040780186653137,0.004021092317998409,0.004016514867544174,8.768176940066041e-08,0.0,9.567572321092783e-05,0.8254789710044861,0.10589411854743958,,,,,,,,,,,,,,
836,0.9279749393463135,-0.711910605430603,0.004126543179154396,0.0041059693321585655,3.6076389875461246e-08,0.0,9.567572321092783e-05,0.8353714346885681,0.10629472136497498,,,,,,,,,,,,,,
837,0.927984356880188,-0.705004870891571,0.004055817145854235,0.0040753064677119255,1.3468110182657256e-08,0.0,9.567572321092783e-05,0.8373271226882935,0.10575216263532639,,,,,,,,,,,,,,
838,0.9280509948730469,-0.704278290271759,0.004045966546982527,0.004075256176292896,0.0,2.7106398903242734e-08,9.567572863220761e-05,0.8418492078781128,0.10581527650356293,,,,,,,,,,,,,,
839,0.9279031157493591,-0.7116608619689941,0.0039251320995390415,0.00396492425352335,0.0,3.7619190607074415e-07,9.567580387058882e-05,0.8483789563179016,0.1059565395116806,,,,,,,,,,,,,,
840,0.9280434846878052,-0.708970308303833,0.0039387778379023075,0.00397244980558753,3.3329614623767156e-09,0.0,9.567580387058882e-05,0.8456929326057434,0.1054997518658638,0.7924807071685791,0.7924807071685791,0.2075192928314209,8.546272277832031,0.0,0.9527196288108826,3.956057548522949,-0.0,1.4656243324279785,0.7912344336509705,0.0,0.7912344336509705,0.1393769532442093,0.48565563559532166
841,0.9280351400375366,-0.706173300743103,0.003912319429218769,0.003912349231541157,4.242934892317862e-09,3.173637651343597e-06,9.56764385981191e-05,0.8441590070724487,0.10488840937614441,,,,,,,,,,,,,,
842,0.9279543161392212,-0.7102336883544922,0.003920395392924547,0.003939168993383646,3.942361104236625e-09,6.688245548502891e-07,9.567657236303007e-05,0.8456633687019348,0.10472481697797775,,,,,,,,,,,,,,
843,0.9280393719673157,-0.7114085555076599,0.003965677227824926,0.003957279957830906,0.0,4.2680124323624113e-08,9.567658089905493e-05,0.8388125896453857,0.10555688291788101,,,,,,,,,,,,,,
844,0.9280343055725098,-0.7085442543029785,0.004018767736852169,0.00402578292414546,1.4683461113662588e-09,0.0,9.567658089905493e-05,0.842699408531189,0.10459652543067932,,,,,,,,,,,,,,
845,0.9280430674552917,-0.7095162868499756,0.003930013161152601,0.0039030767511576414,3.4366640089267264e-10,3.015830998265301e-07,9.56766412156749e-05,0.847275972366333,0.10469715297222137,,,,,,,,,,,,,,
846,0.9280649423599243,-0.7133026123046875,0.0038866447284817696,0.0038684839382767677,2.2607638427984966e-08,1.6643290079443318e-09,9.56766415485407e-05,0.8312413692474365,0.10551276803016663,,,,,,,,,,,,,,
847,0.9280216097831726,-0.7125340700149536,0.0040595452301204205,0.00400153873488307,1.3709853252663606e-09,2.1096552060839713e-08,9.567664576785111e-05,0.8358689546585083,0.10540519654750824,,,,,,,,,,,,,,
848,0.9279613494873047,-0.7085181474685669,0.004093511030077934,0.004094835836440325,5.1177200255381194e-09,2.399494469784713e-08,9.567665056684005e-05,0.8346132040023804,0.10501723736524582,,,,,,,,,,,,,,
849,0.9279425740242004,-0.711894154548645,0.004078962840139866,0.004084957763552666,0.0,0.0,9.567665056684005e-05,0.8404269814491272,0.10492801666259766,,,,,,,,,,,,,,
850,0.9280139803886414,-0.7180697321891785,0.0038911965675652027,0.0039061971474438906,0.0,0.0,9.567665056684005e-05,0.8351214528083801,0.10549555718898773,0.7924251556396484,0.7924251556396484,0.20757484436035156,8.531370162963867,0.0,0.9517585635185242,3.956603527069092,-0.0,1.4692904949188232,0.7912885546684265,0.0,0.7912885546684265,0.13968612253665924,0.4838189482688904
851,0.928077220916748,-0.7134222984313965,0.004024924710392952,0.0040720198303461075,0.0,3.6003022785280336e-09,9.56766512869005e-05,0.831089973449707,0.10453672707080841,,,,,,,,,,,,,,
852,0.9281504154205322,-0.7091645002365112,0.004000165965408087,0.0039782230742275715,3.682071036958945e-10,0.0,9.56766512869005e-05,0.8386160135269165,0.10496727377176285,,,,,,,,,,,,,,
853,0.9280898571014404,-0.7204089164733887,0.003874382469803095,0.0038679223507642746,1.3515273344921752e-08,1.560937050726352e-07,9.567668250564152e-05,0.8468683362007141,0.1046876534819603,,,,,,,,,,,,,,
854,0.927977979183197,-0.7215644121170044,0.004044877830892801,0.004064394161105156,1.2403607030364583e-09,0.0,9.567668250564152e-05,0.8546066284179688,0.10471560060977936,,,,,,,,,,,,,,
855,0.9280440807342529,-0.7123906016349792,0.004116375930607319,0.004075218457728624,1.6382145536699018e-15,0.0,9.567668250564152e-05,0.8422091603279114,0.1055266410112381,,,,,,,,,,,,,,
856,0.9280003309249878,-0.713442325592041,0.0040071564726531506,0.003994765691459179,0.0,0.0,9.567668250564152e-05,0.8434360027313232,0.10513640940189362,,,,,,,,,,,,,,
857,0.9279671311378479,-0.7219038605690002,0.003934693057090044,0.003944674972444773,9.531049560695948e-11,0.0,9.567668250564152e-05,0.8410221338272095,0.10488330572843552,,,,,,,,,,,,,,
858,0.9279929399490356,-0.7223080992698669,0.004071603063493967,0.004071635659784079,1.2147040318044589e-10,0.0,9.567668250564152e-05,0.8460984826087952,0.1053541973233223,,,,,,,,,,,,,,
859,0.9280192255973816,-0.7120539546012878,0.004032503813505173,0.004047363996505737,1.0354031410031439e-08,0.0,9.567668250564152e-05,0.8419209718704224,0.10558442026376724,,,,,,,,,,,,,,
860,0.9280117750167847,-0.7187724709510803,0.003988364711403847,0.003981627058237791,0.0,3.2855215943705662e-12,9.567668250629863e-05,0.8525282740592957,0.10509880632162094,0.7918177247047424,0.7918177247047424,0.20818227529525757,8.504220962524414,0.0,0.9495963454246521,3.9582016468048096,-0.0,1.4798226356506348,0.7911247611045837,0.0,0.7911247611045837,0.1383732408285141,0.4884440004825592
861,0.9279812574386597,-0.726510226726532,0.003908771090209484,0.00389679241925478,4.842681160591167e-14,0.0,9.567668250629863e-05,0.8335016965866089,0.1050623431801796,,,,,,,,,,,,,,
862,0.9280681610107422,-0.7202122807502747,0.004136186558753252,0.004137476906180382,1.874287183789569e-11,0.0,9.567668250629863e-05,0.8553601503372192,0.10537965595722198,,,,,,,,,,,,,,
863,0.928179144859314,-0.715029239654541,0.004043536260724068,0.004011552315205336,9.33007782144557e-10,2.8349425917895132e-08,9.567668817618381e-05,0.8347651958465576,0.10612300038337708,,,,,,,,,,,,,,
864,0.9280123114585876,-0.7242984771728516,0.003908681683242321,0.003899484872817993,0.0,1.4142338689016043e-10,9.56766882044685e-05,0.8513208627700806,0.10481547564268112,,,,,,,,,,,,,,
865,0.9280605316162109,-0.7261388301849365,0.003994090482592583,0.003954639658331871,2.6293225409423915e-12,0.0,9.56766882044685e-05,0.8478497266769409,0.10501927137374878,,,,,,,,,,,,,,
866,0.9280721545219421,-0.7202174067497253,0.004042779095470905,0.004034158308058977,0.0,4.27406277037079e-10,9.567668828994974e-05,0.8475298881530762,0.10467970371246338,,,,,,,,,,,,,,
867,0.9280457496643066,-0.7187815308570862,0.004030974116176367,0.004051747731864452,1.4094495258138839e-14,0.0,9.567668828994974e-05,0.8411825895309448,0.10426900535821915,,,,,,,,,,,,,,
868,0.9282785654067993,-0.7241423726081848,0.004090546164661646,0.004082194063812494,6.62583876653855e-11,0.0,9.567668828994974e-05,0.8542354702949524,0.1053549125790596,,,,,,,,,,,,,,
869,0.9280117750167847,-0.726627767086029,0.004051561933010817,0.004027857910841703,0.0,0.0,9.567668828994974e-05,0.8461838960647583,0.10437242686748505,,,,,,,,,,,,,,
870,0.9280495643615723,-0.7230506539344788,0.00404762476682663,0.004015889950096607,2.122939671278523e-11,4.813876941511808e-08,9.567669791770363e-05,0.8193631768226624,0.10474827885627747,0.7933725714683533,0.7933725714683533,0.20662742853164673,8.57639217376709,0.0,0.9521429538726807,3.9559335708618164,-0.0,1.4631799459457397,0.7912681698799133,0.0,0.7912681698799133,0.13990193605422974,0.4828854203224182
871,0.927935004234314,-0.7205254435539246,0.003989206161350012,0.003969593904912472,1.0626841203884019e-12,9.718225529864455e-11,9.567669793714009e-05,0.8323286175727844,0.10486197471618652,,,,,,,,,,,,,,
872,0.9280187487602234,-0.7290992140769958,0.0040351771749556065,0.004014342091977596,0.0,0.0,9.567669793714009e-05,0.8471121788024902,0.10524430125951767,,,,,,,,,,,,,,
873,0.9280475378036499,-0.7317034006118774,0.004129761829972267,0.004115585703402758,1.6612972109086854e-10,2.1471210587264977e-08,9.56767022313822e-05,0.8495298027992249,0.10439442843198776,,,,,,,,,,,,,,
874,0.9279782772064209,-0.7254409790039062,0.0039906855672597885,0.0039808666333556175,6.224414959910409e-21,5.436173751149909e-07,9.567681095485722e-05,0.8360469937324524,0.10477866232395172,,,,,,,,,,,,,,
875,0.9281421899795532,-0.7252938747406006,0.004086485598236322,0.0041197664104402065,0.0,2.051301795091831e-09,9.567681136511757e-05,0.8309516906738281,0.10442347824573517,,,,,,,,,,,,,,
876,0.9280710220336914,-0.7276318073272705,0.003971407655626535,0.00398330157622695,0.0,0.0,9.567681136511757e-05,0.8398205637931824,0.10498147457838058,,,,,,,,,,,,,,
877,0.9281740784645081,-0.730738639831543,0.003997620195150375,0.003998045343905687,0.0,1.3240628211896865e-11,9.56768113677657e-05,0.8433350324630737,0.10494078695774078,,,,,,,,,,,,,,
878,0.9283361434936523,-0.7285575270652771,0.004199693910777569,0.004207414109259844,3.8150385628377137e-10,1.2038291197224993e-10,9.567681139184227e-05,0.8258515000343323,0.10504718124866486,,,,,,,,,,,,,,
879,0.9281343817710876,-0.7308693528175354,0.0040240660309791565,0.004020473454147577,0.0,4.8472233171725776e-11,9.567681140153672e-05,0.828356146812439,0.10462777316570282,,,,,,,,,,,,,,
880,0.928046464920044,-0.7297182083129883,0.004057134035974741,0.004057772923260927,1.0375792556071412e-15,0.0,9.567681140153672e-05,0.8330779671669006,0.10405504703521729,0.7927757501602173,0.7927757501602173,0.20722424983978271,8.538759231567383,0.0,0.9514223337173462,3.9575352668762207,-0.0,1.4623937606811523,0.7911539077758789,0.0,0.7911539077758789,0.1388804167509079,0.4852767288684845
881,0.9280082583427429,-0.7309766411781311,0.004060243256390095,0.004012397490441799,0.0,0.0,9.567681140153672e-05,0.8426124453544617,0.1042352169752121,,,,,,,,,,,,,,
882,0.928053617477417,-0.7286691069602966,0.004018627572804689,0.003997824154794216,1.8463330420104285e-08,4.8213379955086566e-08,9.567682104421272e-05,0.8476014137268066,0.10376638919115067,,,,,,,,,,,,,,
883,0.9280664324760437,-0.7313261032104492,0.004041749984025955,0.004024730063974857,1.6080332594994862e-12,0.0,9.567682104421272e-05,0.8429993391036987,0.10536347329616547,,,,,,,,,,,,,,
884,0.9280058741569519,-0.7357709407806396,0.004004685208201408,0.004013701342046261,2.0219557365225294e-12,7.286871550604701e-09,9.567682250158703e-05,0.8411518931388855,0.10461681336164474,,,,,,,,,,,,,,
885,0.9279203414916992,-0.7337827086448669,0.004035241436213255,0.004038416780531406,0.0,1.6863879181983066e-07,9.56768562293454e-05,0.8449947237968445,0.10462497174739838,,,,,,,,,,,,,,
886,0.9279289245605469,-0.7317593097686768,0.003918828442692757,0.003944237716495991,1.0146805617949894e-09,2.1851876397249725e-07,9.567689993309819e-05,0.8583586812019348,0.10390621423721313,,,,,,,,,,,,,,
887,0.9280284643173218,-0.732975423336029,0.0038499003276228905,0.003890130203217268,1.5785409646085213e-09,2.201910831445275e-07,9.567694397131481e-05,0.8541980981826782,0.10425924509763718,,,,,,,,,,,,,,
888,0.928062915802002,-0.7374739646911621,0.004018608946353197,0.004066276829689741,1.4627564715041785e-09,0.0,9.567694397131481e-05,0.8262349367141724,0.10443735122680664,,,,,,,,,,,,,,
889,0.9280732870101929,-0.733847975730896,0.003964958246797323,0.003980451729148626,6.375751315790268e-11,2.3469182153235124e-08,9.567694866515123e-05,0.8225064873695374,0.10405732691287994,,,,,,,,,,,,,,
890,0.9280407428741455,-0.7365018129348755,0.0038999351672828197,0.0039007163140922785,0.0,0.0,9.567694866515123e-05,0.8387722969055176,0.10391193628311157,0.79330974817276,0.79330974817276,0.20669025182724,8.55722713470459,0.0,0.9508456587791443,3.957145929336548,-0.0,1.4562547206878662,0.7912623882293701,0.0,0.7912623882293701,0.1394803524017334,0.48359543085098267
891,0.9280152916908264,-0.7379336953163147,0.003897823626175523,0.0038667251355946064,0.0,3.5832037781347026e-08,9.567695583155878e-05,0.8299683928489685,0.1050017848610878,,,,,,,,,,,,,,
892,0.927992582321167,-0.7382336854934692,0.004060962237417698,0.004030502866953611,4.2055775528737627e-10,2.2782060682402516e-07,9.567700139568015e-05,0.8331291079521179,0.10487480461597443,,,,,,,,,,,,,,
893,0.9280188083648682,-0.7363880276679993,0.003924893215298653,0.0039018518291413784,3.276628746107235e-08,8.463419298720964e-09,9.567700308836401e-05,0.8600277900695801,0.10479285567998886,,,,,,,,,,,,,,
894,0.9279632568359375,-0.7371285557746887,0.00400565704330802,0.003976489417254925,1.5384185036992903e-09,6.7515930624040266e-09,9.567700443868262e-05,0.8314043283462524,0.10434632748365402,,,,,,,,,,,,,,
895,0.9280655980110168,-0.73964923620224,0.003966880030930042,0.003968925215303898,5.029067717821079e-10,2.1087604995528864e-09,9.567700486043471e-05,0.8516291975975037,0.10469219833612442,,,,,,,,,,,,,,
896,0.9280799627304077,-0.7391247153282166,0.00404138071462512,0.0040524741634726524,0.0,0.0,9.567700486043471e-05,0.8568196892738342,0.10485023260116577,,,,,,,,,,,,,,
897,0.9280211925506592,-0.7370381951332092,0.004007520154118538,0.004014176316559315,1.2788036246035457e-16,3.2740143751652795e-07,9.567707034072222e-05,0.8360199332237244,0.10490843653678894,,,,,,,,,,,,,,
898,0.927989661693573,-0.7386013269424438,0.004082466475665569,0.004052597563713789,1.2971144916897135e-16,8.56369197776985e-08,9.567708746810618e-05,0.8389132022857666,0.10534309595823288,,,,,,,,,,,,,,
899,0.9279646277427673,-0.744689404964447,0.0038625788874924183,0.0038524987176060677,1.1942257183150673e-09,7.187243022954704e-10,9.567708761185104e-05,0.8216609358787537,0.1047637015581131,,,,,,,,,,,,,,
900,0.9281700253486633,-0.7474830746650696,0.0040965331718325615,0.004085003398358822,1.4037543349942894e-10,1.7917132222322607e-09,9.567708797019368e-05,0.8370836973190308,0.1048598438501358,0.7929930686950684,0.7929930686950684,0.20700693130493164,8.567858695983887,0.0,0.9523352384567261,3.9558827877044678,-0.0,1.4770599603652954,0.7911356091499329,0.0,0.7911356091499329,0.13927696645259857,0.48312732577323914
901,0.9280154705047607,-0.737226128578186,0.004030600190162659,0.004033180419355631,1.773093849521956e-08,0.0,9.567708797019368e-05,0.8297961354255676,0.10438037663698196,,,,,,,,,,,,,,
902,0.9280856251716614,-0.7403624057769775,0.003899620845913887,0.003920913208276033,0.0,5.660371824034449e-11,9.567708798151442e-05,0.8433224558830261,0.10505900532007217,,,,,,,,,,,,,,
903,0.9279963374137878,-0.7484622597694397,0.003979850094765425,0.003954129293560982,3.29822305331442e-15,3.1355771312746583e-09,9.567708860862985e-05,0.8440241813659668,0.10467420518398285,,,,,,,,,,,,,,
904,0.9280567765235901,-0.74378502368927,0.004012532066553831,0.0040029180236160755,5.9439493327317905e-09,0.0,9.567708860862985e-05,0.8272361159324646,0.10469357669353485,,,,,,,,,,,,,,
905,0.9281173944473267,-0.7384116649627686,0.00414541270583868,0.004124446306377649,3.6552535220835125e-08,3.761667954904624e-08,9.567709613196575e-05,0.8427683711051941,0.10404788702726364,,,,,,,,,,,,,,
906,0.9280790686607361,-0.7444143891334534,0.003917590249329805,0.003927173092961311,0.0,0.0,9.567709613196575e-05,0.8446534276008606,0.10400871932506561,,,,,,,,,,,,,,
907,0.9280124306678772,-0.7495067715644836,0.003980820998549461,0.003961279522627592,6.526255980077167e-09,4.287458352791873e-07,9.567718188113281e-05,0.8257339596748352,0.1043967455625534,,,,,,,,,,,,,,
908,0.928036630153656,-0.7404460906982422,0.0040151942521333694,0.004021123982965946,0.0,0.0,9.567718188113281e-05,0.8372700810432434,0.10394397377967834,,,,,,,,,,,,,,
909,0.928045928478241,-0.7446303963661194,0.003952313214540482,0.003930453676730394,0.0,5.7829502964068524e-08,9.56771934470334e-05,0.8435090184211731,0.1037609651684761,,,,,,,,,,,,,,
910,0.9280838966369629,-0.7510409951210022,0.003979056607931852,0.003960289992392063,0.0,7.580091221370822e-08,9.567720860721585e-05,0.8376368284225464,0.10289805382490158,0.7935283184051514,0.7935283184051514,0.20647168159484863,8.637795448303223,0.0,0.9543052315711975,3.9524693489074707,-0.0,1.4459812641143799,0.7911660671234131,0.0,0.7911660671234131,0.1384769231081009,0.4847678542137146
911,0.928035318851471,-0.7492997646331787,0.004001081921160221,0.0039810179732739925,0.0,4.02056654635885e-09,9.567720941132916e-05,0.8411808609962463,0.10413479804992676,,,,,,,,,,,,,,
912,0.9281230568885803,-0.7484633326530457,0.004143678117543459,0.0041585806757211685,0.0,0.0,9.567720941132916e-05,0.8287896513938904,0.10468758642673492,,,,,,,,,,,,,,
913,0.9280402064323425,-0.7503039836883545,0.003998163156211376,0.003990871831774712,2.4325916281320303e-10,3.227041744935377e-08,9.567721586541265e-05,0.8354942798614502,0.10462058335542679,,,,,,,,,,,,,,
914,0.9281039237976074,-0.748193621635437,0.004070863593369722,0.004070937167853117,0.0,0.0,9.567721586541265e-05,0.852012574672699,0.10444150865077972,,,,,,,,,,,,,,
915,0.9280134439468384,-0.7510875463485718,0.003942799288779497,0.003947169985622168,1.6259169519021392e-23,1.331180174771185e-13,9.567721586543926e-05,0.8408722877502441,0.10422027856111526,,,,,,,,,,,,,,
916,0.9280617237091064,-0.7516850829124451,0.0039764028042554855,0.003978104796260595,1.141490262174355e-21,0.0,9.567721586543926e-05,0.856554388999939,0.10422345250844955,,,,,,,,,,,,,,
917,0.9282892942428589,-0.7519764304161072,0.004176608286798,0.004199599847197533,4.033671618941526e-09,1.5644067152820185e-09,9.56772161783206e-05,0.8310333490371704,0.10443589091300964,,,,,,,,,,,,,,
918,0.9283289313316345,-0.7503440976142883,0.004137091804295778,0.0041509573347866535,3.8960107362484564e-10,0.0,9.56772161783206e-05,0.8442274928092957,0.10548502951860428,,,,,,,,,,,,,,
919,0.9280644655227661,-0.7513380646705627,0.0040646870620548725,0.004046540707349777,3.6956615545591376e-09,0.0,9.56772161783206e-05,0.8380522131919861,0.1052187979221344,,,,,,,,,,,,,,
920,0.9280584454536438,-0.7543428540229797,0.004066686611622572,0.004049865063279867,2.0635943409623339e-16,3.868919407068461e-09,9.567721695210449e-05,0.8326184153556824,0.10501223802566528,0.7927736043930054,0.7927736043930054,0.20722639560699463,8.568577766418457,0.0,0.9541611075401306,3.953962802886963,-0.0,1.4580597877502441,0.7912269234657288,0.0,0.7912269830703735,0.13781823217868805,0.48582005500793457
921,0.9280291795730591,-0.7507600784301758,0.004135057795792818,0.004118638578802347,0.0,0.0,9.567721695210449e-05,0.8445473313331604,0.10489801317453384,,,,,,,,,,,,,,
922,0.9281214475631714,-0.7562869191169739,0.004011893644928932,0.003988644573837519,0.0,0.0,9.567721695210449e-05,0.8290116786956787,0.10473251342773438,,,,,,,,,,,,,,
923,0.9280328750610352,-0.7578678727149963,0.004036752972751856,0.004041469190269709,0.0,0.0,9.567721695210449e-05,0.8359747529029846,0.10415338724851608,,,,,,,,,,,,,,
924,0.9280344843864441,-0.7499398589134216,0.0039774347096681595,0.003957127686589956,0.0,0.0,9.567721695210449e-05,0.853239893913269,0.10359172523021698,,,,,,,,,,,,,,
925,0.9280419945716858,-0.7537918090820312,0.0039053354412317276,0.0038939611986279488,0.0,1.606070476611876e-08,9.567722016424544e-05,0.8237989544868469,0.10350596904754639,,,,,,,,,,,,,,
926,0.928057074546814,-0.7577990889549255,0.003964156378060579,0.0039708856493234634,2.8839717280959576e-09,3.989053709574364e-08,9.567722814235285e-05,0.8499532341957092,0.10382338613271713,,,,,,,,,,,,,,
927,0.9281570315361023,-0.7563387751579285,0.004072590731084347,0.004086229018867016,2.2198607396717307e-08,2.0449924420518073e-07,9.56772690422017e-05,0.8339965343475342,0.10363341122865677,,,,,,,,,,,,,,
928,0.9279928803443909,-0.756123423576355,0.003994161728769541,0.004014026373624802,1.4522686386797545e-09,1.186852927048676e-08,9.567727141590756e-05,0.8409512042999268,0.10345878452062607,,,,,,,,,,,,,,
929,0.9281903505325317,-0.756354808807373,0.004005563911050558,0.004029409494251013,1.0706667774584844e-09,7.138157426256342e-11,9.567727143018387e-05,0.8279228806495667,0.10379091650247574,,,,,,,,,,,,,,
930,0.9280370473861694,-0.7604635953903198,0.003910479601472616,0.003925465513020754,1.4577331008958083e-10,5.290758053888567e-09,9.567727248833548e-05,0.8571272492408752,0.10407613962888718,0.7932456731796265,0.7932456731796265,0.20675432682037354,8.643913269042969,0.0,0.9544974565505981,3.952023506164551,-0.0,1.4445878267288208,0.7915077209472656,0.0,0.7915077209472656,0.13843828439712524,0.48428264260292053
931,0.928246021270752,-0.7598803639411926,0.00413889717310667,0.004169533494859934,4.934849417992382e-09,1.905266167057107e-08,9.567727629886782e-05,0.8397681713104248,0.10468383878469467,,,,,,,,,,,,,,
932,0.9281798601150513,-0.7568580508232117,0.004164085723459721,0.004182690288871527,5.636582867118989e-11,0.0,9.567727629886782e-05,0.8300908803939819,0.10422997176647186,,,,,,,,,,,,,,
933,0.928102433681488,-0.7616674304008484,0.004054244142025709,0.004039162304252386,3.2226152302250455e-10,6.7454482177709e-07,9.567741120783217e-05,0.8325341939926147,0.10465583205223083,,,,,,,,,,,,,,
934,0.9280039668083191,-0.7636099457740784,0.003956616390496492,0.003954512532800436,0.0,0.0,9.567741120783217e-05,0.842715859413147,0.10487926751375198,,,,,,,,,,,,,,
935,0.9280380606651306,-0.7563344836235046,0.004064218606799841,0.004009938333183527,1.5355541838069087e-10,6.31050722788018e-09,9.567741246993361e-05,0.8515403270721436,0.1045457050204277,,,,,,,,,,,,,,
936,0.9281165599822998,-0.7589485049247742,0.004005641210824251,0.003983420319855213,6.981035910615498e-16,1.808506453926384e-06,9.56777741712244e-05,0.8234748840332031,0.10459563136100769,,,,,,,,,,,,,,
937,0.9280930161476135,-0.7660227417945862,0.0038506384007632732,0.003836994990706444,1.9801766823981825e-22,0.0,9.56777741712244e-05,0.8367322683334351,0.10447676479816437,,,,,,,,,,,,,,
938,0.9280441999435425,-0.7650291323661804,0.004029502626508474,0.003994526341557503,9.729392846935525e-10,0.0,9.56777741712244e-05,0.8474738597869873,0.1042603850364685,,,,,,,,,,,,,,
939,0.9280614852905273,-0.7595425844192505,0.003966533113270998,0.003971031866967678,0.0,1.224421231071915e-09,9.567777441610864e-05,0.8367242813110352,0.10488332808017731,,,,,,,,,,,,,,
940,0.928070604801178,-0.7627922892570496,0.0039738998748362064,0.00398888299241662,0.0,1.7169342614309357e-09,9.56777747594955e-05,0.8421992063522339,0.10425019264221191,0.7934004068374634,0.7934004068374634,0.20659959316253662,8.62338924407959,0.0,0.9528637528419495,3.953697681427002,-0.0,1.4527561664581299,0.791595995426178,0.0,0.7915959358215332,0.13708451390266418,0.4868648946285248
941,0.9280716180801392,-0.7662944793701172,0.004030461888760328,0.0040175775066018105,1.0147438826238757e-15,3.57827723007631e-09,9.567777547515094e-05,0.8424146771430969,0.10426899045705795,,,,,,,,,,,,,,
942,0.9281818866729736,-0.7636275291442871,0.004065153654664755,0.0040688118897378445,4.410573989366284e-11,6.4916683140126e-10,9.567777560498432e-05,0.8337085843086243,0.10440574586391449,,,,,,,,,,,,,,
943,0.9281445145606995,-0.7622613310813904,0.004042315762490034,0.004042659420520067,1.4932437508718976e-08,8.229483761112988e-09,9.567777725088107e-05,0.8348270058631897,0.10377054661512375,,,,,,,,,,,,,,
944,0.9280838966369629,-0.76970374584198,0.003956278320401907,0.003946220967918634,6.646892758421785e-11,0.0,9.567777725088107e-05,0.8609327077865601,0.10394793748855591,,,,,,,,,,,,,,
945,0.9280797243118286,-0.7672852873802185,0.004105560481548309,0.004084590822458267,4.039136960079623e-16,3.887097577148779e-08,9.567778502507623e-05,0.8490877151489258,0.10346980392932892,,,,,,,,,,,,,,
946,0.9281231164932251,-0.76186603307724,0.003965649288147688,0.003967151511460543,2.7998747417767866e-11,1.5417689347430041e-09,9.567778533343003e-05,0.8392124176025391,0.10341423749923706,,,,,,,,,,,,,,
947,0.9280682802200317,-0.7694100141525269,0.004025203641504049,0.004048120696097612,0.0,0.0,9.567778533343003e-05,0.8473121523857117,0.10348974913358688,,,,,,,,,,,,,,
948,0.9280446767807007,-0.7738170027732849,0.003999199252575636,0.003996189683675766,0.0,5.312301265547603e-09,9.567778639589029e-05,0.8342291712760925,0.10356167703866959,,,,,,,,,,,,,,
949,0.9281079769134521,-0.7704519629478455,0.0041563017293810844,0.004134226590394974,1.4210643946299673e-11,8.24937487209354e-08,9.567780289464003e-05,0.8333798050880432,0.10346956551074982,,,,,,,,,,,,,,
950,0.9280713796615601,-0.7632940411567688,0.0039949542842805386,0.004006253555417061,3.9864139766976336e-11,1.7144838881932856e-09,9.56778032375368e-05,0.8290520906448364,0.10326536744832993,0.7931220531463623,0.7931220531463623,0.2068779468536377,8.643696784973145,0.0,0.953872799873352,3.952338457107544,-0.0,1.4420323371887207,0.7914085388183594,0.0,0.7914085388183594,0.1383189857006073,0.48287978768348694
951,0.9280512928962708,-0.7716013193130493,0.004010827746242285,0.004002864006906748,4.2195552607537934e-11,5.735723007660454e-09,9.567780438468141e-05,0.8414166569709778,0.1039079800248146,,,,,,,,,,,,,,
952,0.9280032515525818,-0.7713915109634399,0.004015762358903885,0.004004352726042271,3.209341473131566e-11,1.535454652312751e-09,9.567780469177233e-05,0.8288596272468567,0.10358405113220215,,,,,,,,,,,,,,
953,0.9285162687301636,-0.7656967639923096,0.004168648272752762,0.004152355715632439,2.1065527988639587e-08,0.0,9.567780469177233e-05,0.8246187567710876,0.10432261228561401,,,,,,,,,,,,,,
954,0.9281212091445923,-0.7720246315002441,0.003977845422923565,0.003968509379774332,6.1205480787751565e-12,6.354825554666377e-09,9.567780596273745e-05,0.8435264825820923,0.10417158156633377,,,,,,,,,,,,,,
955,0.9279807806015015,-0.7743748426437378,0.0039288136176764965,0.003914930392056704,1.7922083955790313e-11,5.015552062559436e-08,9.567781599384157e-05,0.8463321328163147,0.10460624098777771,,,,,,,,,,,,,,
956,0.9280545711517334,-0.7702322602272034,0.003952112980186939,0.003928921651095152,7.787583078400218e-11,0.0,9.567781599384157e-05,0.8357852101325989,0.10428273677825928,,,,,,,,,,,,,,
957,0.9281243085861206,-0.7688214778900146,0.003943063784390688,0.00394929526373744,0.0,4.0441715754013785e-08,9.567782408218472e-05,0.827934205532074,0.10418298840522766,,,,,,,,,,,,,,
958,0.9281088709831238,-0.775409460067749,0.003917854279279709,0.0038979307282716036,3.449737761503579e-21,0.0,9.567782408218472e-05,0.8203571438789368,0.10364631563425064,,,,,,,,,,,,,,
959,0.9280434846878052,-0.778773307800293,0.004055788274854422,0.004021174274384975,0.0,0.0,9.567782408218472e-05,0.8364997506141663,0.10420548915863037,,,,,,,,,,,,,,
960,0.9280788898468018,-0.7728359699249268,0.0040358323603868484,0.004024055320769548,3.1974989322947067e-09,0.0,9.567782408218472e-05,0.8293329477310181,0.10443297028541565,0.7932655215263367,0.7932655215263367,0.20673447847366333,8.649689674377441,0.0,0.9552662372589111,3.951141834259033,-0.0,1.4407439231872559,0.7914486527442932,0.0,0.7914486527442932,0.13709768652915955,0.4871760606765747
961,0.9281115531921387,-0.7693208456039429,0.004151460248976946,0.004146579187363386,9.203771425547735e-12,5.027708457894242e-11,9.567782409224014e-05,0.8528777956962585,0.10413315892219543,,,,,,,,,,,,,,
962,0.9280573129653931,-0.777899444103241,0.004026883747428656,0.004010233096778393,0.0,6.898251285747392e-07,9.567796205726586e-05,0.8356987833976746,0.10437535494565964,,,,,,,,,,,,,,
963,0.9281230568885803,-0.7790015935897827,0.004075146280229092,0.004065950866788626,3.288209149410193e-10,1.4893877242627696e-08,9.56779650360413e-05,0.8367648720741272,0.10450450330972672,,,,,,,,,,,,,,
964,0.9280728101730347,-0.7724255323410034,0.004026053473353386,0.0040145860984921455,9.592654226292172e-14,8.381122285072706e-08,9.567798179828587e-05,0.8282800912857056,0.10414185374975204,,,,,,,,,,,,,,
965,0.9280639886856079,-0.7745780348777771,0.004005783703178167,0.0039901998825371265,0.0,1.844329133859901e-08,9.567798548694414e-05,0.8239901065826416,0.10354426503181458,,,,,,,,,,,,,,
966,0.9280597567558289,-0.7845395803451538,0.004081082995980978,0.004051887895911932,1.3019478734449834e-16,7.280976169199427e-12,9.567798548840033e-05,0.8453472256660461,0.10331574827432632,,,,,,,,,,,,,,
967,0.9280819892883301,-0.7789526581764221,0.004019813612103462,0.004027449991554022,6.530514835489799e-17,2.134938625886207e-08,9.567798975827759e-05,0.8423678874969482,0.10349833965301514,,,,,,,,,,,,,,
968,0.928051769733429,-0.7732693552970886,0.004026931244879961,0.004036346450448036,0.0,1.3523428037121032e-11,9.567798976098228e-05,0.8156482577323914,0.10383663326501846,,,,,,,,,,,,,,
969,0.9281027317047119,-0.7774161696434021,0.003969228360801935,0.003973102662712336,0.0,1.1095971075292255e-07,9.567801195292442e-05,0.8357469439506531,0.10416742414236069,,,,,,,,,,,,,,
970,0.9280487895011902,-0.7830178737640381,0.003969673067331314,0.003971262369304895,1.1575264358132387e-10,7.24780093719346e-08,9.56780264485263e-05,0.834907054901123,0.1036653146147728,0.793307363986969,0.793307363986969,0.206692636013031,8.655734062194824,0.0,0.9542571306228638,3.951653480529785,-0.0,1.4365242719650269,0.7914092540740967,0.0,0.7914092540740967,0.13868166506290436,0.48038697242736816
971,0.9281594157218933,-0.780485987663269,0.0041019851341843605,0.004115057643502951,5.956920005476947e-17,2.997858672415532e-08,9.567803244424365e-05,0.8270817399024963,0.10407993942499161,,,,,,,,,,,,,,
972,0.9280484914779663,-0.7780538201332092,0.003924699034541845,0.003942353650927544,2.367822301077571e-12,8.223150160802106e-09,9.567803408887368e-05,0.8321976065635681,0.10397207736968994,,,,,,,,,,,,,,
973,0.9280605912208557,-0.7839358448982239,0.003978966735303402,0.0039868829771876335,2.7374833067028703e-08,6.570452515397562e-10,9.567803422028272e-05,0.8201054930686951,0.10385879874229431,,,,,,,,,,,,,,
974,0.9280811548233032,-0.782313346862793,0.003985579591244459,0.003979477100074291,5.5839069479368675e-11,3.7718432821520764e-09,9.567803497465138e-05,0.8217135667800903,0.10379983484745026,,,,,,,,,,,,,,
975,0.9280613660812378,-0.7759678959846497,0.003988043870776892,0.0039777373895049095,1.0298860431134926e-08,3.1287196833318376e-08,9.567804123209074e-05,0.8200981616973877,0.10368457436561584,,,,,,,,,,,,,,
976,0.9281104803085327,-0.783629298210144,0.0039771366864442825,0.0039607444778084755,8.22719600779287e-11,9.29099641666653e-09,9.567804309029002e-05,0.83525550365448,0.10328318178653717,,,,,,,,,,,,,,
977,0.928053617477417,-0.7878659963607788,0.00401190435513854,0.004014207515865564,1.5803752349743266e-13,0.0,9.567804309029002e-05,0.8348086476325989,0.10330826789140701,,,,,,,,,,,,,,
978,0.9281010031700134,-0.782338559627533,0.004092507995665073,0.004093269817531109,1.0763046270206855e-12,4.845363665850755e-09,9.567804405936275e-05,0.8451215028762817,0.10307697206735611,,,,,,,,,,,,,,
979,0.9281209111213684,-0.7821080684661865,0.003976474516093731,0.003940077498555183,3.905419390659581e-12,1.1356406481866088e-08,9.567804633064405e-05,0.8404915928840637,0.10348650813102722,,,,,,,,,,,,,,
980,0.9280776381492615,-0.7849617004394531,0.0039718677289783955,0.003981781657785177,2.481299055112629e-10,4.098551542597306e-08,9.567805452774713e-05,0.8299991488456726,0.10362622886896133,0.7929344177246094,0.7929344177246094,0.20706558227539062,8.680543899536133,0.0,0.9543532133102417,3.9508731365203857,-0.0,1.4265464544296265,0.7913939952850342,0.0,0.7913939952850342,0.13564056158065796,0.4906180799007416
981,0.928043007850647,-0.7854591012001038,0.004010254517197609,0.004002383444458246,6.647994932329482e-10,1.053965235087162e-07,9.567807560705183e-05,0.8467695713043213,0.10350371152162552,,,,,,,,,,,,,,
982,0.9280731081962585,-0.7856677770614624,0.003943492192775011,0.00394716951996088,1.1256553467120511e-09,2.0758275098842205e-09,9.567807602221733e-05,0.838798463344574,0.10372180491685867,,,,,,,,,,,,,,
983,0.9280404448509216,-0.7843677997589111,0.003926042001694441,0.003904856275767088,1.2647166647283825e-10,0.0,9.567807602221733e-05,0.859043538570404,0.10381380468606949,,,,,,,,,,,,,,
984,0.9280312061309814,-0.7884944081306458,0.00404370529577136,0.004043806344270706,8.584132515920828e-09,3.9590966594005295e-07,9.567815520415052e-05,0.8528090715408325,0.10354591906070709,,,,,,,,,,,,,,
985,0.9281666278839111,-0.7917623519897461,0.004038278944790363,0.004031929653137922,0.0,0.0,9.567815520415052e-05,0.8368280529975891,0.10352082550525665,,,,,,,,,,,,,,
986,0.9281359910964966,-0.785189151763916,0.0040282211266458035,0.004004450980573893,0.0,2.1015043039085413e-09,9.567815562445138e-05,0.8428863883018494,0.10428466647863388,,,,,,,,,,,,,,
987,0.9280904531478882,-0.7842235565185547,0.003976826556026936,0.003954071085900068,1.644068561845735e-11,1.1237599295554901e-08,9.567815787197125e-05,0.8485192656517029,0.10421723127365112,,,,,,,,,,,,,,
988,0.928114652633667,-0.7899109721183777,0.0039494032971560955,0.003933564759790897,0.0,5.638021320919506e-07,9.567827063239766e-05,0.8392009735107422,0.1034073606133461,,,,,,,,,,,,,,
989,0.9281127452850342,-0.7929660677909851,0.003998591098934412,0.003998341038823128,0.0,3.725305575130733e-08,9.567827808300881e-05,0.8469976186752319,0.10370273143053055,,,,,,,,,,,,,,
990,0.9281898736953735,-0.7851788997650146,0.004105370491743088,0.004076271317899227,9.912709542092557e-10,3.973814610702675e-09,9.567827887777173e-05,0.8277484774589539,0.10378840565681458,0.7924209833145142,0.7924209833145142,0.20757901668548584,8.683368682861328,0.0,0.954737663269043,3.9507334232330322,-0.0,1.4279228448867798,0.7913385033607483,0.0,0.7913385033607483,0.13892316818237305,0.4784961938858032
991,0.9280823469161987,-0.7894580364227295,0.004023821093142033,0.003995250444859266,0.0,1.90842243341649e-07,9.56783170462204e-05,0.8423841595649719,0.1038355678319931,,,,,,,,,,,,,,
992,0.9280684590339661,-0.7971312403678894,0.004072486888617277,0.004046191461384296,5.345776599163798e-10,3.190532424923731e-07,9.56783808568689e-05,0.8128343224525452,0.10316552221775055,,,,,,,,,,,,,,
993,0.9281425476074219,-0.791430652141571,0.004079941660165787,0.004078354686498642,1.8870025542128133e-08,0.0,9.56783808568689e-05,0.8169881701469421,0.1031418889760971,,,,,,,,,,,,,,
994,0.9280744194984436,-0.7881626486778259,0.003926935605704784,0.003916400484740734,1.420115500888608e-11,0.0,9.56783808568689e-05,0.820317268371582,0.1026645079255104,,,,,,,,,,,,,,
995,0.9280385375022888,-0.7934077382087708,0.0040016076527535915,0.0040105185471475124,9.552994680028792e-12,0.0,9.56783808568689e-05,0.8265240788459778,0.10251650214195251,,,,,,,,,,,,,,
996,0.9281162023544312,-0.7915687561035156,0.004025608766824007,0.004054202698171139,8.896623715504148e-11,1.0082191437277288e-07,9.567840102125177e-05,0.8257163166999817,0.10334760695695877,,,,,,,,,,,,,,
997,0.92807537317276,-0.7933351993560791,0.003956291358917952,0.003945205360651016,0.0,2.397984033564171e-08,9.567840581721984e-05,0.8280143141746521,0.1029348373413086,,,,,,,,,,,,,,
998,0.9281098246574402,-0.7935354113578796,0.004052945412695408,0.004052119795233011,0.0,0.0,9.567840581721984e-05,0.8318408727645874,0.10275440663099289,,,,,,,,,,,,,,
999,0.9283280372619629,-0.7947912812232971,0.004102673381567001,0.0040937201119959354,2.962299155973014e-11,7.056239273439679e-13,9.567840581736096e-05,0.811922550201416,0.10281261801719666,,,,,,,,,,,,,,
1000,0.9280590415000916,-0.7955843806266785,0.003996575251221657,0.003999057225883007,5.57444868043433e-10,0.0,9.567840581736096e-05,0.8268869519233704,0.10369859635829926,0.7940747141838074,0.7940747141838074,0.20592528581619263,8.701140403747559,0.0,0.9547857046127319,3.951958656311035,-0.0,1.4233516454696655,0.7914621233940125,0.0,0.7914621233940125,0.13989639282226562,0.47442322969436646
